post_id,author_id,created_at_utc,y_true,pred_prob,train_n,model
1965127523920121893,605700792,2025-09-08 18:58:06+00:00,0,0.01773046535261183,112,logistic_regression
1965134557914824966,605700792,2025-09-08 19:26:03+00:00,0,0.017666735211145396,112,logistic_regression
1967656323392405622,605700792,2025-09-15 18:26:39+00:00,0,0.015263167155551404,123,logistic_regression
1968466119234072707,605700792,2025-09-18 00:04:29+00:00,0,0.014178008050531295,130,logistic_regression
1968466396649574680,605700792,2025-09-18 00:05:35+00:00,0,0.01415067536762017,130,logistic_regression
1968719993740169305,605700792,2025-09-18 16:53:18+00:00,0,0.014554057117039746,131,logistic_regression
1968720089202454691,605700792,2025-09-18 16:53:40+00:00,0,0.014111592844704791,131,logistic_regression
1968720181363896782,605700792,2025-09-18 16:54:02+00:00,0,0.01449858930148736,131,logistic_regression
1968756357848240204,605700792,2025-09-18 19:17:48+00:00,0,0.014531245019821936,133,logistic_regression
1968756461023977880,605700792,2025-09-18 19:18:12+00:00,0,0.013162264936545192,133,logistic_regression
1970845165129757011,605700792,2025-09-24 13:37:58+00:00,0,0.0130095193361102,142,logistic_regression
1970898727453016520,605700792,2025-09-24 17:10:48+00:00,0,0.013970717373889245,142,logistic_regression
1970914244330913976,605700792,2025-09-24 18:12:28+00:00,0,0.013116727329218963,142,logistic_regression
1971644188371636393,605700792,2025-09-26 18:33:00+00:00,0,0.013113677799533987,150,logistic_regression
1971656850316861892,605700792,2025-09-26 19:23:19+00:00,0,0.011517516746351271,150,logistic_regression
1971999438622413017,605700792,2025-09-27 18:04:38+00:00,0,0.012394525454136237,153,logistic_regression
1972651434144674024,605700792,2025-09-29 13:15:26+00:00,0,0.013136257456614812,154,logistic_regression
1972796561890607591,605700792,2025-09-29 22:52:07+00:00,0,0.012482228421013994,155,logistic_regression
1972796566248530329,605700792,2025-09-29 22:52:08+00:00,0,0.010397258698840195,155,logistic_regression
1973086952522952931,605700792,2025-09-30 18:06:02+00:00,0,0.012372835349478363,158,logistic_regression
1973087649603743851,605700792,2025-09-30 18:08:48+00:00,0,0.0126438967670362,158,logistic_regression
1973087653810626908,605700792,2025-09-30 18:08:49+00:00,0,0.01010612458608254,158,logistic_regression
1973549300694298754,605700792,2025-10-02 00:43:14+00:00,0,0.011966841275948676,162,logistic_regression
1973609608892784950,605700792,2025-10-02 04:42:53+00:00,0,0.01183778141154028,162,logistic_regression
1973646691569115458,605700792,2025-10-02 07:10:14+00:00,0,0.010615462167907984,162,logistic_regression
1973650654527901759,605700792,2025-10-02 07:25:59+00:00,0,0.010780938747890774,162,logistic_regression
1973651755562094734,605700792,2025-10-02 07:30:21+00:00,0,0.01005680578616013,162,logistic_regression
1974174821388071306,605700792,2025-10-03 18:08:50+00:00,0,0.010631959670962358,165,logistic_regression
1974191753021251830,605700792,2025-10-03 19:16:07+00:00,0,0.011136876330553899,166,logistic_regression
1974305906688225711,605700792,2025-10-04 02:49:43+00:00,0,0.011010238287353896,167,logistic_regression
1976071089974304833,605700792,2025-10-08 23:43:56+00:00,0,0.010776613456558625,178,logistic_regression
1976726462456537300,605700792,2025-10-10 19:08:09+00:00,0,0.016466173685944534,183,logistic_regression
1976730288492265624,605700792,2025-10-10 19:23:21+00:00,0,0.016477039378485728,183,logistic_regression
1978900057761157370,605700792,2025-10-16 19:05:14+00:00,0,0.17719078129595392,221,logistic_regression
1979347061863780699,605700792,2025-10-18 00:41:28+00:00,0,0.04325235979892847,229,logistic_regression
1981385174949769533,605700792,2025-10-23 15:40:12+00:00,0,0.0668499489094447,246,logistic_regression
1981405533501608229,605700792,2025-10-23 17:01:06+00:00,0,0.05867824765889973,246,logistic_regression
1982863923604033904,605700792,2025-10-27 17:36:13+00:00,0,0.09873885968297111,251,logistic_regression
1982868323735089546,605700792,2025-10-27 17:53:42+00:00,0,0.06109564438046332,251,logistic_regression
1982868325140230506,605700792,2025-10-27 17:53:43+00:00,0,0.21069556310812396,251,logistic_regression
1983328781524935096,605700792,2025-10-29 00:23:24+00:00,0,0.1584463975516486,252,logistic_regression
1983964742919319976,605700792,2025-10-30 18:30:29+00:00,0,0.04706961850862626,254,logistic_regression
1984385007042089328,605700792,2025-10-31 22:20:28+00:00,0,0.11699054735313605,254,logistic_regression
1985431247095808489,605700792,2025-11-03 19:37:51+00:00,0,0.12043739765347607,258,logistic_regression
1985771116691087613,605700792,2025-11-04 18:08:22+00:00,0,0.20042008672905617,260,logistic_regression
1985794602859970649,605700792,2025-11-04 19:41:42+00:00,0,0.12632501705949356,260,logistic_regression
1986112854668550308,605700792,2025-11-05 16:46:19+00:00,0,0.16399830453971767,261,logistic_regression
1986889205415616817,605700792,2025-11-07 20:11:15+00:00,1,0.129805509289813,266,logistic_regression
1987635521838047459,605700792,2025-11-09 21:36:51+00:00,1,0.03813710161419602,268,logistic_regression
1987636012739420357,605700792,2025-11-09 21:38:48+00:00,1,0.06393722146450243,268,logistic_regression
1988039525097173249,605700792,2025-11-11 00:22:13+00:00,0,0.13548566459376424,270,logistic_regression
1988055934946759023,605700792,2025-11-11 01:27:25+00:00,0,0.15779610140374412,270,logistic_regression
1988277941277782381,605700792,2025-11-11 16:09:36+00:00,0,0.08210452822117176,272,logistic_regression
1988312387146133915,605700792,2025-11-11 18:26:28+00:00,0,0.05127527691083198,273,logistic_regression
1988429787975860655,605700792,2025-11-12 02:12:59+00:00,0,0.1304384456689142,274,logistic_regression
1988662096503111807,605700792,2025-11-12 17:36:06+00:00,0,0.04279310392639148,275,logistic_regression
1989014619495755840,605700792,2025-11-13 16:56:54+00:00,0,0.07843144622016314,276,logistic_regression
1989060437326090735,605700792,2025-11-13 19:58:57+00:00,0,0.05654324980773267,277,logistic_regression
1989195587296862319,605700792,2025-11-14 04:56:00+00:00,1,0.06228543565269504,278,logistic_regression
1989195734193951031,605700792,2025-11-14 04:56:35+00:00,1,0.06337508865322503,278,logistic_regression
1990502364269429223,605700792,2025-11-17 19:28:40+00:00,0,0.21161643469282357,282,logistic_regression
1990520407238324427,605700792,2025-11-17 20:40:21+00:00,1,0.027510998350189855,282,logistic_regression
1990658075066577342,605700792,2025-11-18 05:47:24+00:00,1,0.14421591820996452,286,logistic_regression
1990822181304193403,605700792,2025-11-18 16:39:30+00:00,0,0.23881906515307208,290,logistic_regression
1990903812497027495,605700792,2025-11-18 22:03:52+00:00,0,0.08215886553681424,291,logistic_regression
1991995565950050466,605700792,2025-11-21 22:22:07+00:00,0,0.09454725167481745,304,logistic_regression
1992401666906509404,605700792,2025-11-23 01:15:49+00:00,0,0.13155741553537273,307,logistic_regression
1992401670345732602,605700792,2025-11-23 01:15:49+00:00,0,0.10487171676797716,307,logistic_regression
1992968981947572531,605700792,2025-11-24 14:50:07+00:00,0,0.05789556301463163,310,logistic_regression
1993032173956559022,605700792,2025-11-24 19:01:13+00:00,0,0.032800663117149256,311,logistic_regression
1993408593752998351,605700792,2025-11-25 19:56:59+00:00,0,0.07200334013739677,311,logistic_regression
1993465691421478944,605700792,2025-11-25 23:43:52+00:00,0,0.06500043689637731,311,logistic_regression
1993466831252926864,605700792,2025-11-25 23:48:24+00:00,0,0.029847492069492023,311,logistic_regression
1993536039651361023,605700792,2025-11-26 04:23:24+00:00,0,0.07713858269457502,311,logistic_regression
1993765804903682479,605700792,2025-11-26 19:36:24+00:00,0,0.12891437463130026,314,logistic_regression
1994922827208663383,605700792,2025-11-30 00:14:00+00:00,0,0.14517025026436747,325,logistic_regression
1994922834477351317,605700792,2025-11-30 00:14:02+00:00,0,0.10437364911213269,325,logistic_regression
1994963677666333024,605700792,2025-11-30 02:56:20+00:00,0,0.13207386534193602,325,logistic_regression
1995265513669472492,605700792,2025-11-30 22:55:43+00:00,0,0.0895395886861127,327,logistic_regression
1995629080897810492,605700792,2025-12-01 23:00:24+00:00,0,0.11565626389592285,329,logistic_regression
1995629083766702163,605700792,2025-12-01 23:00:25+00:00,0,0.12918458080717757,329,logistic_regression
1995870549348659609,605700792,2025-12-02 14:59:55+00:00,0,0.07573767766584483,332,logistic_regression
1995885002249338883,605700792,2025-12-02 15:57:20+00:00,0,0.04291761281273101,332,logistic_regression
1996270789385969821,605700792,2025-12-03 17:30:19+00:00,0,0.03453549898548829,333,logistic_regression
1996279106678497380,605700792,2025-12-03 18:03:22+00:00,0,0.07635395345001082,333,logistic_regression
1996358156453310773,605700792,2025-12-03 23:17:29+00:00,1,0.12085166101515019,334,logistic_regression
1996635903943758100,605700792,2025-12-04 17:41:09+00:00,0,0.03884871451626438,334,logistic_regression
1996640861103555013,605700792,2025-12-04 18:00:51+00:00,0,0.08260926579576097,334,logistic_regression
1997096186981785964,605700792,2025-12-06 00:10:09+00:00,0,0.1297076559019676,337,logistic_regression
1997503730674196589,605700792,2025-12-07 03:09:35+00:00,0,0.03653454136678983,339,logistic_regression
1997881396447297603,605700792,2025-12-08 04:10:18+00:00,0,0.04647069483864498,340,logistic_regression
1998123852615045400,605700792,2025-12-08 20:13:44+00:00,0,0.1208307319502635,341,logistic_regression
1998167470356775347,605700792,2025-12-08 23:07:03+00:00,0,0.12346982849089132,341,logistic_regression
1998442329636745505,605700792,2025-12-09 17:19:15+00:00,0,0.14365788196773632,342,logistic_regression
1998470844457402627,605700792,2025-12-09 19:12:33+00:00,0,0.10761146696899451,342,logistic_regression
1998612691603304922,605700792,2025-12-10 04:36:12+00:00,0,0.08356661664328942,343,logistic_regression
1998943350377034124,605700792,2025-12-11 02:30:07+00:00,1,0.1552136427821357,343,logistic_regression
1998948292240224313,605700792,2025-12-11 02:49:46+00:00,1,0.07088247263619969,343,logistic_regression
1998949881680113992,605700792,2025-12-11 02:56:05+00:00,1,0.12958746441018645,343,logistic_regression
1999015482482110774,605700792,2025-12-11 07:16:45+00:00,1,0.10653910215363478,343,logistic_regression
1999277930938290615,605700792,2025-12-12 00:39:38+00:00,0,0.07874107797839397,345,logistic_regression
2000654136061370651,605700792,2025-12-15 19:48:11+00:00,0,0.0913278283586744,354,logistic_regression
2001079324460638565,605700792,2025-12-16 23:57:43+00:00,1,0.0973543273209066,354,logistic_regression
2001108837214876066,605700792,2025-12-17 01:55:00+00:00,1,0.13916127017131044,354,logistic_regression
2002114423843107255,605700792,2025-12-19 20:30:50+00:00,0,0.06073747178084651,354,logistic_regression
2002156180559573460,605700792,2025-12-19 23:16:46+00:00,0,0.08018439819226178,354,logistic_regression
2002165900158644347,605700792,2025-12-19 23:55:23+00:00,0,0.049873193880405516,354,logistic_regression
2002233659957592280,605700792,2025-12-20 04:24:38+00:00,0,0.10665198412574926,354,logistic_regression
2002469986930217207,605700792,2025-12-20 20:03:43+00:00,0,0.08271075523282592,354,logistic_regression
2003150133375172900,605700792,2025-12-22 17:06:23+00:00,0,0.05668516886650862,356,logistic_regression
2003274479678722528,605700792,2025-12-23 01:20:29+00:00,0,0.04484842360504778,357,logistic_regression
2003533729080463698,605700792,2025-12-23 18:30:39+00:00,0,0.14794072981589582,357,logistic_regression
2003594067750584680,605700792,2025-12-23 22:30:25+00:00,0,0.10057464119766042,358,logistic_regression
2003644305072881910,605700792,2025-12-24 01:50:02+00:00,0,0.09535880059130657,358,logistic_regression
2004280393839821311,605700792,2025-12-25 19:57:38+00:00,0,0.0849407861502955,360,logistic_regression
2004405295775469665,605700792,2025-12-26 04:13:57+00:00,0,0.08090384196578373,360,logistic_regression
2004406389360460070,605700792,2025-12-26 04:18:17+00:00,0,0.1126859892041486,360,logistic_regression
2004406869939683671,605700792,2025-12-26 04:20:12+00:00,0,0.16487922366277397,360,logistic_regression
2004631668884472086,605700792,2025-12-26 19:13:28+00:00,0,0.05385452106348491,360,logistic_regression
2004756962890993834,605700792,2025-12-27 03:31:21+00:00,0,0.11680602985970163,362,logistic_regression
2004993499289264254,605700792,2025-12-27 19:11:15+00:00,0,0.0876575663433594,362,logistic_regression
2005085844722647075,605700792,2025-12-28 01:18:12+00:00,0,0.09202601843247345,362,logistic_regression
2005736558578856430,605700792,2025-12-29 20:23:55+00:00,0,0.09530569843401196,363,logistic_regression
2005742822847369513,605700792,2025-12-29 20:48:48+00:00,0,0.06660283436987612,363,logistic_regression
2006160908205146195,605700792,2025-12-31 00:30:07+00:00,0,0.12651320193463028,363,logistic_regression
2006161471382688067,605700792,2025-12-31 00:32:22+00:00,0,0.08584513647015425,363,logistic_regression
2008698877986349383,605700792,2026-01-07 00:35:06+00:00,0,0.0983413394569283,365,logistic_regression
2008703788627206288,605700792,2026-01-07 00:54:37+00:00,0,0.0621362009550228,365,logistic_regression
2008943581193801844,605700792,2026-01-07 16:47:28+00:00,0,0.0728002908557898,366,logistic_regression
2009012760194240891,605700792,2026-01-07 21:22:22+00:00,0,0.07186081253871106,366,logistic_regression
2011530170851869028,605700792,2026-01-14 20:05:39+00:00,0,0.06269555915989608,372,logistic_regression
2011622052457783432,605700792,2026-01-15 02:10:46+00:00,0,0.0634768834817701,374,logistic_regression
2011834003444404424,605700792,2026-01-15 16:12:59+00:00,0,0.06961792388520614,375,logistic_regression
2011853930968596973,605700792,2026-01-15 17:32:10+00:00,0,0.0889185970453601,375,logistic_regression
2012297126211109141,605700792,2026-01-16 22:53:16+00:00,1,0.07025153739073048,381,logistic_regression
2012695273550589977,605700792,2026-01-18 01:15:21+00:00,1,0.09465958752118074,383,logistic_regression
2014451475024625935,605700792,2026-01-22 21:33:53+00:00,0,0.048515731903267204,397,logistic_regression
2014491376604549135,605700792,2026-01-23 00:12:26+00:00,0,0.05958064250923424,397,logistic_regression
2014776723917963326,605700792,2026-01-23 19:06:18+00:00,0,0.040318337646164715,400,logistic_regression
2014828363450614255,605700792,2026-01-23 22:31:30+00:00,0,0.03813159387590021,400,logistic_regression
2015543492643369300,605700792,2026-01-25 21:53:10+00:00,0,0.08145912796890076,403,logistic_regression
2015848539994325075,605700792,2026-01-26 18:05:19+00:00,0,0.07621327311620585,403,logistic_regression
2015908355446079783,605700792,2026-01-26 22:03:00+00:00,0,0.05798334533508413,407,logistic_regression
2015910475364728968,605700792,2026-01-26 22:11:25+00:00,0,0.07006045506037842,407,logistic_regression
2016165797907853662,605700792,2026-01-27 15:05:59+00:00,0,0.0676343421634981,408,logistic_regression
2016196503644033521,605700792,2026-01-27 17:08:00+00:00,0,0.14326578973257956,408,logistic_regression
2016332563879502219,605700792,2026-01-28 02:08:39+00:00,0,0.1241074556764427,408,logistic_regression
2016500601798992083,605700792,2026-01-28 13:16:22+00:00,0,0.10401478584017779,408,logistic_regression
2016640349561639234,605700792,2026-01-28 22:31:41+00:00,0,0.08411921521724319,409,logistic_regression
2016643357502513467,605700792,2026-01-28 22:43:38+00:00,0,0.05468910067819395,409,logistic_regression
2016958191871885377,605700792,2026-01-29 19:34:40+00:00,0,0.045042541691515725,412,logistic_regression
2016963751719600320,605700792,2026-01-29 19:56:46+00:00,0,0.06010399794206891,412,logistic_regression
2017006454679507009,605700792,2026-01-29 22:46:27+00:00,0,0.08382069221501628,412,logistic_regression
2017073570036535450,605700792,2026-01-30 03:13:09+00:00,0,0.08137060519566168,412,logistic_regression
2017326503185522912,605700792,2026-01-30 19:58:13+00:00,0,0.08853803225017837,413,logistic_regression
2017326986092478730,605700792,2026-01-30 20:00:08+00:00,0,0.0735148210362456,413,logistic_regression
2017400526032576883,605700792,2026-01-31 00:52:21+00:00,0,0.11200396375333603,413,logistic_regression
2017408525966970907,605700792,2026-01-31 01:24:08+00:00,0,0.06553042733385885,413,logistic_regression
2017408757526106212,605700792,2026-01-31 01:25:04+00:00,0,0.09846563084191429,413,logistic_regression
2018448321120174340,605700792,2026-02-02 22:15:55+00:00,0,0.1315537688564572,417,logistic_regression
2018452550689980471,605700792,2026-02-02 22:32:43+00:00,0,0.07797742034146965,417,logistic_regression
2018484270533427312,605700792,2026-02-03 00:38:46+00:00,0,0.06655308122095807,417,logistic_regression
2018744402668372436,605700792,2026-02-03 17:52:26+00:00,0,0.09053631241263006,419,logistic_regression
2018744803081740528,605700792,2026-02-03 17:54:02+00:00,0,0.0744062140011669,419,logistic_regression
2018782718096810200,605700792,2026-02-03 20:24:41+00:00,0,0.14639473358211103,419,logistic_regression
2019524439873142888,605700792,2026-02-05 21:32:02+00:00,1,0.08457158496632275,423,logistic_regression
2019532485626065317,605700792,2026-02-05 22:04:00+00:00,1,0.10201415629170689,423,logistic_regression
2019544061510873238,605700792,2026-02-05 22:50:00+00:00,1,0.09551727538723359,423,logistic_regression
2019574512124326012,605700792,2026-02-06 00:51:00+00:00,1,0.1779407324166254,423,logistic_regression
2019832751168659883,605700792,2026-02-06 17:57:09+00:00,0,0.10970232143597508,425,logistic_regression
2019832811017101801,605700792,2026-02-06 17:57:23+00:00,0,0.17060860673404332,425,logistic_regression
2019871947094651215,605700792,2026-02-06 20:32:54+00:00,0,0.07843652004656065,425,logistic_regression
2020983043297771958,605700792,2026-02-09 22:08:00+00:00,0,0.18279624840617606,431,logistic_regression
2021280624716239320,605700792,2026-02-10 17:50:29+00:00,0,0.12115843359389333,432,logistic_regression
2022040725937102909,605700792,2026-02-12 20:10:51+00:00,0,0.13244796444897466,434,logistic_regression
2022459120050409852,605700792,2026-02-13 23:53:24+00:00,1,0.21305921226461763,434,logistic_regression
2023815960323649856,605700792,2026-02-17 17:45:00+00:00,0,0.11940325635033967,440,logistic_regression
2024284301068816570,605700792,2026-02-19 00:46:01+00:00,0,0.07048744921917839,443,logistic_regression
2024627759805505961,605700792,2026-02-19 23:30:48+00:00,1,0.056422921945245987,443,logistic_regression
2024888735951982766,605700792,2026-02-20 16:47:49+00:00,0,0.062370055421339166,443,logistic_regression
2025066880566952094,605700792,2026-02-21 04:35:42+00:00,0,0.16419963830751885,446,logistic_regression
2025067088495390886,605700792,2026-02-21 04:36:32+00:00,0,0.13097522081996296,446,logistic_regression
2025254192940757164,605700792,2026-02-21 17:00:01+00:00,0,0.09686936622078901,446,logistic_regression
2026028297822588941,605700792,2026-02-23 20:16:02+00:00,0,0.06133129235767938,448,logistic_regression
2026028329783189595,605700792,2026-02-23 20:16:10+00:00,0,0.15059850574101094,448,logistic_regression
2026436165440778404,605700792,2026-02-24 23:16:45+00:00,0,0.07727475745702128,451,logistic_regression
2026452080311824868,605700792,2026-02-25 00:20:00+00:00,0,0.1339696031671763,451,logistic_regression
2026793469768073459,605700792,2026-02-25 22:56:33+00:00,1,0.06597118098478488,452,logistic_regression
2027802815046029745,605700792,2026-02-28 17:47:20+00:00,1,0.11080720913794634,457,logistic_regression
2027802817013158000,605700792,2026-02-28 17:47:20+00:00,1,0.15082756218247562,457,logistic_regression
2027893294211186945,605700792,2026-02-28 23:46:52+00:00,1,0.15457877519035215,458,logistic_regression
2028980936683946018,605700792,2026-03-03 23:48:46+00:00,0,0.12162886428020928,465,logistic_regression
2028980939380998628,605700792,2026-03-03 23:48:47+00:00,0,0.1457842677711947,465,logistic_regression
2028981421902066103,605700792,2026-03-03 23:50:42+00:00,0,0.1270665473041482,465,logistic_regression
2029300753496416329,605700792,2026-03-04 20:59:36+00:00,0,0.14917888605461999,466,logistic_regression
2029301551089570222,605700792,2026-03-04 21:02:47+00:00,0,0.13009412504383333,466,logistic_regression
2029353701425774882,605700792,2026-03-05 00:30:00+00:00,0,0.16921415451534358,466,logistic_regression
2029412625746968714,605700792,2026-03-05 04:24:09+00:00,0,0.1238863417376339,467,logistic_regression
2029412774808568237,605700792,2026-03-05 04:24:44+00:00,0,0.0904099937423916,467,logistic_regression
2030824452767003070,605700792,2026-03-09 01:54:15+00:00,0,0.15297296320317078,473,logistic_regression
2030835715089514970,605700792,2026-03-09 02:39:00+00:00,0,0.07073421580011155,473,logistic_regression
2031106624094613938,605700792,2026-03-09 20:35:29+00:00,0,0.14241717204632012,473,logistic_regression
2031874122947707207,605700792,2026-03-11 23:25:15+00:00,0,0.07837627200167772,474,logistic_regression
2032143283951190098,605700792,2026-03-12 17:14:48+00:00,0,0.110201208584037,474,logistic_regression
2032521471634071802,605700792,2026-03-13 18:17:35+00:00,0,0.16884526716094728,477,logistic_regression
2033736673197232267,605700792,2026-03-17 02:46:22+00:00,0,0.13345006152029584,480,logistic_regression
2033784669079277621,605700792,2026-03-17 05:57:05+00:00,0,0.08142969210316209,481,logistic_regression
2033947181389144469,605700792,2026-03-17 16:42:51+00:00,0,0.10155474568643211,481,logistic_regression
2034032880188592131,605700792,2026-03-17 22:23:23+00:00,0,0.1053252598234106,482,logistic_regression
2034101337198367068,605700792,2026-03-18 02:55:25+00:00,0,0.16110427935387767,482,logistic_regression
2035098172700467279,605700792,2026-03-20 20:56:29+00:00,0,0.1382844356241757,485,logistic_regression
2035098174294303207,605700792,2026-03-20 20:56:29+00:00,0,0.1580161937424237,485,logistic_regression
2035098175661645961,605700792,2026-03-20 20:56:30+00:00,0,0.17841340135358888,485,logistic_regression
2035098177079304309,605700792,2026-03-20 20:56:30+00:00,0,0.22302579488472887,485,logistic_regression
2035098178484412802,605700792,2026-03-20 20:56:30+00:00,0,0.19338973939254256,485,logistic_regression
2035098181378482478,605700792,2026-03-20 20:56:31+00:00,0,0.2407178355019383,485,logistic_regression
2035098183270068713,605700792,2026-03-20 20:56:31+00:00,0,0.21912336083335476,485,logistic_regression
2035098179876921595,605700792,2026-03-20 20:56:31+00:00,0,0.1771182492969828,485,logistic_regression
2035098184801034642,605700792,2026-03-20 20:56:32+00:00,0,0.13138901342574036,485,logistic_regression
2035478403995087152,605700792,2026-03-21 22:07:23+00:00,0,0.10963169323032915,486,logistic_regression
2035871150841221156,605700792,2026-03-23 00:08:01+00:00,0,0.13857008122094946,487,logistic_regression
2035873089045909973,605700792,2026-03-23 00:15:43+00:00,0,0.17035791349717508,487,logistic_regression
2036915091120284091,605700792,2026-03-25 21:16:16+00:00,0,0.09835215310831734,491,logistic_regression
2037321515528835517,605700792,2026-03-27 00:11:15+00:00,0,0.13513407859324983,492,logistic_regression
2037321516904509538,605700792,2026-03-27 00:11:15+00:00,0,0.11667658542503932,492,logistic_regression
2037564090978361407,605700792,2026-03-27 16:15:10+00:00,0,0.07763631956945617,493,logistic_regression
2039060932895113299,605700792,2026-03-31 19:23:04+00:00,0,0.11674201831965969,500,logistic_regression
2039084177317126236,605700792,2026-03-31 20:55:26+00:00,0,0.125367109766125,501,logistic_regression
2039801627838738926,605700792,2026-04-02 20:26:20+00:00,0,0.1623343590572008,504,logistic_regression
2040059243462537227,605700792,2026-04-03 13:30:00+00:00,0,0.1529297331860295,505,logistic_regression
2040910116707537261,605700792,2026-04-05 21:51:04+00:00,0,0.15665194580722347,509,logistic_regression
2041163324440903877,605700792,2026-04-06 14:37:14+00:00,0,0.06435892518520217,510,logistic_regression
2041221757705789598,605700792,2026-04-06 18:29:25+00:00,0,0.13421513926657277,510,logistic_regression
2041573811590721647,605700792,2026-04-07 17:48:21+00:00,0,0.12671257400289393,512,logistic_regression
2041623199344136421,605700792,2026-04-07 21:04:36+00:00,0,0.11625865709925376,512,logistic_regression
2041940987912871982,605700792,2026-04-08 18:07:23+00:00,0,0.11968382578028487,513,logistic_regression
2042704969443549595,605700792,2026-04-10 20:43:10+00:00,0,0.1141770362753863,515,logistic_regression
2046301753273151996,605700792,2026-04-20 18:55:31+00:00,0,0.15626947695989407,540,logistic_regression
2046327072898052197,605700792,2026-04-20 20:36:07+00:00,0,0.14705284696940968,540,logistic_regression
2046327074953244727,605700792,2026-04-20 20:36:08+00:00,0,0.17487285866710525,540,logistic_regression
2046703249223495820,605700792,2026-04-21 21:30:55+00:00,0,0.23353762664175956,543,logistic_regression
2046730273862390231,605700792,2026-04-21 23:18:18+00:00,0,0.23074974670456772,543,logistic_regression
2046951776780439823,605700792,2026-04-22 13:58:28+00:00,0,0.08687094302797804,544,logistic_regression
2047353327730754011,605700792,2026-04-23 16:34:05+00:00,0,0.1363543344554168,546,logistic_regression
2047353329383309382,605700792,2026-04-23 16:34:06+00:00,0,0.1653247611239973,546,logistic_regression
2047353331404964341,605700792,2026-04-23 16:34:06+00:00,0,0.17298130983396834,546,logistic_regression
2047353333468610723,605700792,2026-04-23 16:34:07+00:00,0,0.16076902153880074,546,logistic_regression
2047353335536357724,605700792,2026-04-23 16:34:07+00:00,0,0.12118094193976713,546,logistic_regression
2047740014126325970,605700792,2026-04-24 18:10:39+00:00,0,0.22162114400927238,549,logistic_regression
2048582660684124263,605700792,2026-04-27 01:59:01+00:00,0,0.10646670523171105,553,logistic_regression
2048584630178332674,605700792,2026-04-27 02:06:51+00:00,0,0.20617116388470097,553,logistic_regression
2051354922969698316,605700792,2026-05-04 17:35:00+00:00,0,0.1525242518820576,567,logistic_regression
2051354924278264116,605700792,2026-05-04 17:35:00+00:00,0,0.1431588931864427,567,logistic_regression
2052067593578549739,605700792,2026-05-06 16:46:54+00:00,0,0.1202855709196199,568,logistic_regression
2052887141894799538,605700792,2026-05-08 23:03:30+00:00,0,0.14038673507172592,569,logistic_regression
2054334791823360303,605700792,2026-05-12 22:55:56+00:00,0,0.16994285745239435,573,logistic_regression
2054797602219262039,605700792,2026-05-14 05:34:59+00:00,0,0.15824587294662987,574,logistic_regression
2054985595030847868,605700792,2026-05-14 18:02:00+00:00,0,0.09941402799787262,574,logistic_regression
2055012020790112480,605700792,2026-05-14 19:47:00+00:00,0,0.13680359815838425,574,logistic_regression
2055322366839001470,605700792,2026-05-15 16:20:12+00:00,0,0.1510298772943076,575,logistic_regression
2056494739155984524,605700792,2026-05-18 21:58:48+00:00,0,0.16737834529563236,581,logistic_regression
2056909794972516732,605700792,2026-05-20 01:28:05+00:00,0,0.13767107003360243,583,logistic_regression
2057980041951363152,605700792,2026-05-23 00:20:52+00:00,0,0.15650489974225154,595,logistic_regression
2059340250720469045,605700792,2026-05-26 18:25:51+00:00,0,0.16724410607296697,600,logistic_regression
2059659590745424213,605700792,2026-05-27 15:34:47+00:00,0,0.13166610398203943,600,logistic_regression
2059721027647905890,605700792,2026-05-27 19:38:55+00:00,0,0.156856939005273,600,logistic_regression
2059734714806857867,605700792,2026-05-27 20:33:18+00:00,0,0.19114251185641873,600,logistic_regression
2060011381072773619,605700792,2026-05-28 14:52:41+00:00,0,0.2003144317496155,601,logistic_regression
2060011382716977412,605700792,2026-05-28 14:52:41+00:00,0,0.17297280350221522,601,logistic_regression
2060229087113904144,605700792,2026-05-29 05:17:46+00:00,1,0.11997130622832759,602,logistic_regression
2061554505674793217,605700792,2026-06-01 21:04:30+00:00,0,0.16706291505890658,608,logistic_regression
2061822671084798120,605700792,2026-06-02 14:50:06+00:00,0,0.11203146643047358,610,logistic_regression
2061905160088240305,605700792,2026-06-02 20:17:53+00:00,0,0.17948682614658518,611,logistic_regression
2062198005948923925,605700792,2026-06-03 15:41:33+00:00,0,0.1354099525211269,612,logistic_regression
2062530235266957749,605700792,2026-06-04 13:41:42+00:00,0,0.17991787812693907,616,logistic_regression
2063368679866208664,605700792,2026-06-06 21:13:23+00:00,0,0.14528219873664128,622,logistic_regression
2064405257749242032,605700792,2026-06-09 17:52:22+00:00,0,0.11454223008963238,630,logistic_regression
2064405466126434309,605700792,2026-06-09 17:53:12+00:00,0,0.21472893954053165,630,logistic_regression
2064409512455393388,605700792,2026-06-09 18:09:17+00:00,0,0.20254847674578227,630,logistic_regression
2065442952806027320,605700792,2026-06-12 14:35:48+00:00,0,0.1456160822564015,632,logistic_regression
2066498557150998570,605700792,2026-06-15 12:30:24+00:00,0,0.14587984251432168,639,logistic_regression
2066505950039527712,605700792,2026-06-15 12:59:46+00:00,0,0.14852696271545696,639,logistic_regression
2066531788550295920,605700792,2026-06-15 14:42:27+00:00,0,0.12475029056045422,641,logistic_regression
2067634505914155336,605700792,2026-06-18 15:44:15+00:00,0,0.20130290518252245,647,logistic_regression
2067704868643738008,605700792,2026-06-18 20:23:51+00:00,1,0.1509922875143276,647,logistic_regression
2067754874813710593,605700792,2026-06-18 23:42:33+00:00,1,0.16674329018175243,647,logistic_regression
2067754876109774854,605700792,2026-06-18 23:42:34+00:00,1,0.17718378980034952,647,logistic_regression
2068041675264688273,605700792,2026-06-19 18:42:12+00:00,1,0.1626597097692119,647,logistic_regression
2068887258149871697,605700792,2026-06-22 02:42:15+00:00,1,0.2056918325651636,650,logistic_regression
2069083242704273719,605700792,2026-06-22 15:41:01+00:00,0,0.2650340602068694,650,logistic_regression
2070160108424663202,605700792,2026-06-25 15:00:06+00:00,0,0.11855740374276537,659,logistic_regression
2070186626928529892,605700792,2026-06-25 16:45:28+00:00,0,0.14991105989507744,659,logistic_regression
2070186628589449475,605700792,2026-06-25 16:45:29+00:00,0,0.22433413755102774,659,logistic_regression
2070563776420782115,605700792,2026-06-26 17:44:08+00:00,0,0.1814485002663569,664,logistic_regression
2070587111884120130,605700792,2026-06-26 19:16:51+00:00,0,0.220996165093875,664,logistic_regression
2071630137414619508,605700792,2026-06-29 16:21:28+00:00,0,0.2532070258834252,667,logistic_regression
2071692785460072819,605700792,2026-06-29 20:30:24+00:00,0,0.1554504025306982,667,logistic_regression
2072357156012081527,605700792,2026-07-01 16:30:23+00:00,0,0.22887385451698522,669,logistic_regression
2072375574035583273,605700792,2026-07-01 17:43:34+00:00,0,0.19069396428877458,670,logistic_regression
2072375933915525312,605700792,2026-07-01 17:45:00+00:00,0,0.20835544937971445,670,logistic_regression
2072378897912455230,605700792,2026-07-01 17:56:46+00:00,1,0.20738121963235548,670,logistic_regression
2073453889068695799,605700792,2026-07-04 17:08:24+00:00,0,0.152447748326775,671,logistic_regression
2074205699123327371,605700792,2026-07-06 18:55:50+00:00,0,0.17962625427951773,674,logistic_regression
2074587444595560870,605700792,2026-07-07 20:12:45+00:00,0,0.2222617252519754,676,logistic_regression
2074588628270137489,605700792,2026-07-07 20:17:27+00:00,0,0.1617165511937329,676,logistic_regression
2074588631457841308,605700792,2026-07-07 20:17:28+00:00,0,0.21385967631078354,676,logistic_regression
2074646246476890610,605700792,2026-07-08 00:06:24+00:00,0,0.18152188141965675,676,logistic_regression
2074695821896065360,605700792,2026-07-08 03:23:24+00:00,0,0.1886557987202499,676,logistic_regression
2074922515328348610,605700792,2026-07-08 18:24:12+00:00,0,0.2157263297143005,680,logistic_regression
2074952799121776709,605700792,2026-07-08 20:24:32+00:00,0,0.18698034806281819,680,logistic_regression
2074952874346578107,605700792,2026-07-08 20:24:50+00:00,0,0.15271732119772988,680,logistic_regression
2074953820690587714,605700792,2026-07-08 20:28:36+00:00,0,0.1921041022044077,680,logistic_regression
2075005637852020928,605700792,2026-07-08 23:54:30+00:00,0,0.18696251021753182,680,logistic_regression
2075310357493796969,605700792,2026-07-09 20:05:21+00:00,1,0.15085049407668477,683,logistic_regression
2075424700059333035,605700792,2026-07-10 03:39:42+00:00,1,0.2175794401913436,684,logistic_regression
2075424842959175952,605700792,2026-07-10 03:40:16+00:00,1,0.19754967117123545,684,logistic_regression
2075425035062509812,605700792,2026-07-10 03:41:02+00:00,1,0.2243504855380815,684,logistic_regression
2075425266030293407,605700792,2026-07-10 03:41:57+00:00,1,0.28811916377866664,684,logistic_regression
2075425431793377704,605700792,2026-07-10 03:42:37+00:00,1,0.21178045709078086,684,logistic_regression
2076666114801877310,605700792,2026-07-13 13:52:39+00:00,0,0.16568260740626092,688,logistic_regression
2077814433762451646,605700792,2026-07-16 17:55:39+00:00,0,0.17643520051376815,696,logistic_regression
1947465388843061641,914061,2025-07-22 01:15:05+00:00,0,0.08586630527252738,36,logistic_regression
1948046549260648589,914061,2025-07-23 15:44:24+00:00,0,0.09493891985147497,36,logistic_regression
1950943213889712149,914061,2025-07-31 15:34:43+00:00,0,0.025256880440438344,48,logistic_regression
1951477125980287293,914061,2025-08-02 02:56:18+00:00,0,0.12019612232073158,51,logistic_regression
1951666669010751594,914061,2025-08-02 15:29:28+00:00,0,0.1137050960412663,51,logistic_regression
1951798756468564359,914061,2025-08-03 00:14:20+00:00,0,0.11270815368289738,51,logistic_regression
1952053109666250874,914061,2025-08-03 17:05:03+00:00,0,0.13106640027105887,51,logistic_regression
1952110754276200929,914061,2025-08-03 20:54:06+00:00,0,0.11735494322046348,51,logistic_regression
1952780903086018699,914061,2025-08-05 17:17:02+00:00,0,0.1094669060586921,52,logistic_regression
1953505866122236089,914061,2025-08-07 17:17:47+00:00,0,0.0901598912738211,52,logistic_regression
1956189037435478277,914061,2025-08-15 02:59:45+00:00,0,0.10340797277642905,58,logistic_regression
1957854649496867056,914061,2025-08-19 17:18:18+00:00,0,0.08559710756176651,61,logistic_regression
1958312148935008369,914061,2025-08-20 23:36:14+00:00,0,0.08028538142164922,66,logistic_regression
1959098026213220801,914061,2025-08-23 03:39:02+00:00,0,0.07775423881632548,70,logistic_regression
1959660079722246546,914061,2025-08-24 16:52:26+00:00,0,0.07439629154324667,70,logistic_regression
1959787184950788224,914061,2025-08-25 01:17:30+00:00,0,0.07875693930446594,71,logistic_regression
1960070316111372735,914061,2025-08-25 20:02:34+00:00,0,0.07499915301889244,71,logistic_regression
1960196953788305568,914061,2025-08-26 04:25:47+00:00,0,0.07692268260366326,72,logistic_regression
1960807122666709242,914061,2025-08-27 20:50:22+00:00,0,0.06647053181826765,76,logistic_regression
1960852529287455070,914061,2025-08-27 23:50:48+00:00,0,0.07100416446630614,76,logistic_regression
1961112921150546063,914061,2025-08-28 17:05:30+00:00,0,0.06273008824906806,79,logistic_regression
1961592190892982565,914061,2025-08-30 00:49:57+00:00,0,0.06208186455470115,84,logistic_regression
1961844488445567067,914061,2025-08-30 17:32:30+00:00,0,0.05941662480623605,85,logistic_regression
1961884479427080255,914061,2025-08-30 20:11:24+00:00,0,0.0603192379038509,85,logistic_regression
1962295909892653208,914061,2025-08-31 23:26:17+00:00,0,0.060614514058009016,86,logistic_regression
1962319895070458241,914061,2025-09-01 01:01:35+00:00,0,0.06055982598755766,86,logistic_regression
1962319969783546322,914061,2025-09-01 01:01:53+00:00,0,0.05309544818833164,86,logistic_regression
1962582305526206625,914061,2025-09-01 18:24:19+00:00,0,0.07322178029907181,87,logistic_regression
1962748473138401646,914061,2025-09-02 05:24:36+00:00,0,0.08655287391738734,87,logistic_regression
1964189550693273685,914061,2025-09-06 04:50:56+00:00,0,0.07711319734103614,90,logistic_regression
1964372070890123489,914061,2025-09-06 16:56:12+00:00,0,0.05430841359208075,90,logistic_regression
1964515570986209584,914061,2025-09-07 02:26:25+00:00,0,0.07842141003738863,91,logistic_regression
1964912351196717301,914061,2025-09-08 04:43:05+00:00,0,0.08866555420190919,92,logistic_regression
1964917120346861626,914061,2025-09-08 05:02:02+00:00,0,0.09754044448096919,92,logistic_regression
1965253791718191383,914061,2025-09-09 03:19:51+00:00,0,0.09686289292688374,94,logistic_regression
1965484622797840797,914061,2025-09-09 18:37:05+00:00,0,0.04721658035954776,94,logistic_regression
1965577317935448113,914061,2025-09-10 00:45:25+00:00,0,0.05431715432732072,94,logistic_regression
1965635682271187329,914061,2025-09-10 04:37:21+00:00,0,0.07884334347764625,94,logistic_regression
1969229371912356273,914061,2025-09-20 02:37:23+00:00,0,0.07655703536266974,121,logistic_regression
1969839611682984194,914061,2025-09-21 19:02:15+00:00,0,0.04772614796775369,122,logistic_regression
1969866932557062471,914061,2025-09-21 20:50:49+00:00,0,0.07523330127595405,122,logistic_regression
1970989665445687464,914061,2025-09-24 23:12:10+00:00,0,0.0551702545768532,128,logistic_regression
1971069915991007724,914061,2025-09-25 04:31:03+00:00,0,0.06578721576810033,129,logistic_regression
1971226298786906490,914061,2025-09-25 14:52:27+00:00,0,0.06441277084965326,131,logistic_regression
1973229517213933956,914061,2025-10-01 03:32:32+00:00,0,0.06563214374395072,150,logistic_regression
1973471766938001745,914061,2025-10-01 19:35:09+00:00,0,0.05928933123123987,151,logistic_regression
1973971040947855474,914061,2025-10-03 04:39:05+00:00,0,0.06248948107400335,159,logistic_regression
1974344042273267766,914061,2025-10-04 05:21:15+00:00,0,0.06003856403428494,164,logistic_regression
1974510318933201021,914061,2025-10-04 16:21:59+00:00,0,0.051655218647932793,164,logistic_regression
1974637047257370641,914061,2025-10-05 00:45:33+00:00,0,0.06077349745138134,164,logistic_regression
1975010765913682214,914061,2025-10-06 01:30:35+00:00,0,0.05426600889353725,164,logistic_regression
1975267269690441862,914061,2025-10-06 18:29:50+00:00,0,0.05804614752202049,164,logistic_regression
1975274282398962099,914061,2025-10-06 18:57:42+00:00,0,0.05402241869315298,164,logistic_regression
1975401848594116920,914061,2025-10-07 03:24:36+00:00,0,0.05185227444635088,164,logistic_regression
1975771522758549617,914061,2025-10-08 03:53:33+00:00,0,0.05977674242451167,165,logistic_regression
1976462057840181320,914061,2025-10-10 01:37:30+00:00,0,0.04948906570805636,169,logistic_regression
1979312435694834048,914061,2025-10-17 22:23:53+00:00,0,0.042165563419552785,219,logistic_regression
1979597667031511064,914061,2025-10-18 17:17:17+00:00,0,0.054088319664586285,225,logistic_regression
1979648582224658538,914061,2025-10-18 20:39:36+00:00,0,0.040311758711371014,225,logistic_regression
1979941267753824738,914061,2025-10-19 16:02:38+00:00,0,0.04414297659134958,225,logistic_regression
1980085588549362123,914061,2025-10-20 01:36:07+00:00,0,0.043369343939374035,228,logistic_regression
1980710354016669751,914061,2025-10-21 18:58:42+00:00,0,0.068204941432596,230,logistic_regression
1981043419062694123,914061,2025-10-22 17:02:11+00:00,0,0.04791248529062437,232,logistic_regression
1983368863673921758,914061,2025-10-29 03:02:40+00:00,0,0.06159028725122947,245,logistic_regression
1984648216730878262,914061,2025-11-01 15:46:22+00:00,0,0.07459064713578328,247,logistic_regression
1984662238914093489,914061,2025-11-01 16:42:05+00:00,0,0.05502222407121736,247,logistic_regression
1984788764963848463,914061,2025-11-02 01:04:51+00:00,0,0.05319941446059787,247,logistic_regression
1985180770785481004,914061,2025-11-03 03:02:33+00:00,0,0.04784631718890833,247,logistic_regression
1985507252120535429,914061,2025-11-04 00:39:52+00:00,0,0.1041692708006345,248,logistic_regression
1985566097152885126,914061,2025-11-04 04:33:42+00:00,0,0.07160728697098842,248,logistic_regression
1985868555980820605,914061,2025-11-05 00:35:34+00:00,0,0.040030407634696806,250,logistic_regression
1986620885592113218,914061,2025-11-07 02:25:03+00:00,0,0.052865460357032185,251,logistic_regression
1987269365725901293,914061,2025-11-08 21:21:53+00:00,0,0.049988526773688986,256,logistic_regression
1987595537122791875,914061,2025-11-09 18:57:58+00:00,0,0.05206253205997115,256,logistic_regression
1987945033971171705,914061,2025-11-10 18:06:44+00:00,0,0.05734060861256406,258,logistic_regression
1989051715207983511,914061,2025-11-13 19:24:18+00:00,0,0.09761587049019108,272,logistic_regression
1989813515650281968,914061,2025-11-15 21:51:25+00:00,0,0.06218554222222149,277,logistic_regression
1990158009952297028,914061,2025-11-16 20:40:19+00:00,0,0.06339654635995927,277,logistic_regression
1990594635614597230,914061,2025-11-18 01:35:19+00:00,0,0.06592103118385706,281,logistic_regression
1990820579981840746,914061,2025-11-18 16:33:08+00:00,0,0.0976869417202835,287,logistic_regression
1991745725726879875,914061,2025-11-21 05:49:20+00:00,1,0.05843686356046119,301,logistic_regression
1991991192066933045,914061,2025-11-21 22:04:44+00:00,0,0.1567158553879761,301,logistic_regression
1992097401671504075,914061,2025-11-22 05:06:46+00:00,0,0.09910063831344838,302,logistic_regression
1992752275669049462,914061,2025-11-24 00:29:00+00:00,0,0.07047063184206463,308,logistic_regression
1993548974805168280,914061,2025-11-26 05:14:48+00:00,0,0.06610907188258394,315,logistic_regression
1993906667877195970,914061,2025-11-27 04:56:09+00:00,0,0.06352381060227982,318,logistic_regression
1994083411137577126,914061,2025-11-27 16:38:28+00:00,0,0.06296327543423519,318,logistic_regression
1994536868395061469,914061,2025-11-28 22:40:20+00:00,0,0.07955983135547617,320,logistic_regression
1994563889657516439,914061,2025-11-29 00:27:43+00:00,0,0.06258546049378842,320,logistic_regression
1994876287157244070,914061,2025-11-29 21:09:04+00:00,0,0.08069231621074661,323,logistic_regression
1994900315292979426,914061,2025-11-29 22:44:33+00:00,0,0.053533125539464696,323,logistic_regression
1995208111259599257,914061,2025-11-30 19:07:37+00:00,0,0.10933582203052192,327,logistic_regression
1995676190913560798,914061,2025-12-02 02:07:36+00:00,0,0.06688602968026182,332,logistic_regression
1995886909781147962,914061,2025-12-02 16:04:55+00:00,0,0.0724789439028264,336,logistic_regression
1997014930273587423,914061,2025-12-05 18:47:16+00:00,0,0.06440360969998933,344,logistic_regression
1997152030507556962,914061,2025-12-06 03:52:04+00:00,0,0.061427715353571805,345,logistic_regression
1997465631650955504,914061,2025-12-07 00:38:12+00:00,0,0.0600295056487747,345,logistic_regression
1997768912042369366,914061,2025-12-07 20:43:20+00:00,0,0.07617638671576518,346,logistic_regression
1998247121271824796,914061,2025-12-09 04:23:34+00:00,0,0.056318119212031954,350,logistic_regression
1998597578678829449,914061,2025-12-10 03:36:09+00:00,0,0.0495915897436457,352,logistic_regression
1999191612321391058,914061,2025-12-11 18:56:38+00:00,0,0.08272522928788392,357,logistic_regression
1999359216310714844,914061,2025-12-12 06:02:38+00:00,0,0.07060885423360728,360,logistic_regression
1999531307823780343,914061,2025-12-12 17:26:27+00:00,0,0.07058984622824764,360,logistic_regression
1999725887626125445,914061,2025-12-13 06:19:39+00:00,0,0.05088743406021493,362,logistic_regression
2000439482957619580,914061,2025-12-15 05:35:13+00:00,0,0.0461288499368588,364,logistic_regression
2002476175965466736,914061,2025-12-20 20:28:19+00:00,0,0.04410604279990246,372,logistic_regression
2002805101510197370,914061,2025-12-21 18:15:21+00:00,0,0.07293546428715975,372,logistic_regression
2003272570364198954,914061,2025-12-23 01:12:54+00:00,0,0.038405873292480415,373,logistic_regression
2004654686629163154,914061,2025-12-26 20:44:56+00:00,0,0.21326691671893447,385,logistic_regression
2005095077518201221,914061,2025-12-28 01:54:54+00:00,0,0.05092814496981518,389,logistic_regression
2007958155137876183,914061,2026-01-04 23:31:44+00:00,0,0.19713079269323586,394,logistic_regression
2008746912569283060,914061,2026-01-07 03:45:59+00:00,0,0.055520208117760574,396,logistic_regression
2009125381622857783,914061,2026-01-08 04:49:53+00:00,0,0.059913355447243764,398,logistic_regression
2009323784009089366,914061,2026-01-08 17:58:16+00:00,0,0.04741534295965411,398,logistic_regression
2010055953157357622,914061,2026-01-10 18:27:38+00:00,0,0.18883408815385574,400,logistic_regression
2011641513969660229,914061,2026-01-15 03:28:06+00:00,0,0.04033241507294441,405,logistic_regression
2011870566144463220,914061,2026-01-15 18:38:16+00:00,0,0.11267804653466953,407,logistic_regression
2012289037235577313,914061,2026-01-16 22:21:07+00:00,0,0.06937001013914647,411,logistic_regression
2012353041782263965,914061,2026-01-17 02:35:27+00:00,0,0.05601831375124186,413,logistic_regression
2013018817610518642,914061,2026-01-18 22:41:00+00:00,0,0.2203556178383998,415,logistic_regression
2014047544020705548,914061,2026-01-21 18:48:48+00:00,0,0.052926772362182586,421,logistic_regression
2014379893212250546,914061,2026-01-22 16:49:26+00:00,0,0.0520028962699703,425,logistic_regression
2015860958149967887,914061,2026-01-26 18:54:39+00:00,0,0.18954553404632746,437,logistic_regression
2016670711415525770,914061,2026-01-29 00:32:20+00:00,0,0.06737507008953679,451,logistic_regression
2016727602619453888,914061,2026-01-29 04:18:24+00:00,0,0.0431256647463682,451,logistic_regression
2017127995950203114,914061,2026-01-30 06:49:25+00:00,0,0.08701353844307456,455,logistic_regression
2017432134198473041,914061,2026-01-31 02:57:57+00:00,0,0.23715073015291455,460,logistic_regression
2017673895856545891,914061,2026-01-31 18:58:37+00:00,0,0.07469185582108012,460,logistic_regression
2018125395930091819,914061,2026-02-02 00:52:44+00:00,0,0.09505204873686221,460,logistic_regression
2018510268414976002,914061,2026-02-03 02:22:04+00:00,1,0.08915269643449053,464,logistic_regression
2018919899436093948,914061,2026-02-04 05:29:48+00:00,0,0.04904412751672724,468,logistic_regression
2019102184651256315,914061,2026-02-04 17:34:08+00:00,0,0.058615361076039395,469,logistic_regression
2019479689170153599,914061,2026-02-05 18:34:12+00:00,0,0.08306627604869626,469,logistic_regression
2019634114874470819,914061,2026-02-06 04:47:50+00:00,0,0.07972123474834308,473,logistic_regression
2021090905126539398,914061,2026-02-10 05:16:36+00:00,0,0.056635217246874967,484,logistic_regression
2022528168511320525,914061,2026-02-14 04:27:46+00:00,0,0.05136008155636593,489,logistic_regression
2022737438838325687,914061,2026-02-14 18:19:20+00:00,0,0.05941677427040138,489,logistic_regression
2022859327124463881,914061,2026-02-15 02:23:41+00:00,0,0.06354118516111064,489,logistic_regression
2023152367366222151,914061,2026-02-15 21:48:07+00:00,0,0.06844759390100842,489,logistic_regression
2023635013963559352,914061,2026-02-17 05:45:59+00:00,0,0.08116851521450881,490,logistic_regression
2023822262097637478,914061,2026-02-17 18:10:02+00:00,0,0.12677954007256906,491,logistic_regression
2026173183083331701,914061,2026-02-24 05:51:45+00:00,1,0.06617175356986713,506,logistic_regression
2026426391533895962,914061,2026-02-24 22:37:55+00:00,0,0.06770904003704867,507,logistic_regression
2026707314380882347,914061,2026-02-25 17:14:12+00:00,0,0.10346200005772671,509,logistic_regression
2026855402990629132,914061,2026-02-26 03:02:39+00:00,1,0.12456208420370722,510,logistic_regression
2026885050411745491,914061,2026-02-26 05:00:28+00:00,1,0.1719862676255173,510,logistic_regression
2027474021910995106,914061,2026-02-27 20:00:50+00:00,0,0.048482498476267795,511,logistic_regression
2027544515100254411,914061,2026-02-28 00:40:57+00:00,1,0.07537985278601426,511,logistic_regression
2027884295268991104,914061,2026-02-28 23:11:06+00:00,1,0.06870029410674552,513,logistic_regression
2028268614848303451,914061,2026-03-02 00:38:15+00:00,1,0.05240888227193879,514,logistic_regression
2028711992320835686,914061,2026-03-03 06:00:05+00:00,0,0.08582994019494376,515,logistic_regression
2029358591275335912,914061,2026-03-05 00:49:26+00:00,0,0.05430756035752044,526,logistic_regression
2029658336065716498,914061,2026-03-05 20:40:31+00:00,1,0.07479471708706976,529,logistic_regression
2030049511398330663,914061,2026-03-06 22:34:54+00:00,0,0.04281052944921897,529,logistic_regression
2030344039757934833,914061,2026-03-07 18:05:15+00:00,0,0.1032775137704874,529,logistic_regression
2030714592238956960,914061,2026-03-08 18:37:42+00:00,0,0.28172481136967903,529,logistic_regression
2032329562390970811,914061,2026-03-13 05:35:01+00:00,0,0.07542033434773829,538,logistic_regression
2032652452395434196,914061,2026-03-14 02:58:04+00:00,0,0.04757606799989524,539,logistic_regression
2032889536066498595,914061,2026-03-14 18:40:09+00:00,0,0.04899208256621144,539,logistic_regression
2033332698404851860,914061,2026-03-16 00:01:07+00:00,0,0.06636655551721,539,logistic_regression
2033749314997280850,914061,2026-03-17 03:36:36+00:00,0,0.20371361669571303,540,logistic_regression
2034283304401113453,914061,2026-03-18 14:58:29+00:00,0,0.06433942322092706,545,logistic_regression
2034484203522261293,914061,2026-03-19 04:16:47+00:00,0,0.07182528301698828,545,logistic_regression
2034833274506281061,914061,2026-03-20 03:23:52+00:00,1,0.0584133526247135,545,logistic_regression
2035171720945115469,914061,2026-03-21 01:48:44+00:00,0,0.06174496371533133,554,logistic_regression
2035762343502836020,914061,2026-03-22 16:55:39+00:00,0,0.05044968590385467,555,logistic_regression
2036290915950797314,914061,2026-03-24 03:56:01+00:00,0,0.06716498544593699,558,logistic_regression
2036478998667207012,914061,2026-03-24 16:23:23+00:00,0,0.06681478558698561,559,logistic_regression
2037200776389681499,914061,2026-03-26 16:11:29+00:00,0,0.08500784147063029,560,logistic_regression
2037383187245273477,914061,2026-03-27 04:16:19+00:00,1,0.1455221874224474,562,logistic_regression
2037744753073385518,914061,2026-03-28 04:13:03+00:00,0,0.0761920058362464,564,logistic_regression
2037928306977509601,914061,2026-03-28 16:22:25+00:00,0,0.2680847617050514,564,logistic_regression
2038263457125142742,914061,2026-03-29 14:34:11+00:00,0,0.04962140623151001,564,logistic_regression
2038468564500537416,914061,2026-03-30 04:09:13+00:00,0,0.07292608740351494,564,logistic_regression
2038816649927913834,914061,2026-03-31 03:12:23+00:00,0,0.0738043040227921,564,logistic_regression
2039065077870157987,914061,2026-03-31 19:39:33+00:00,0,0.07282320912717428,566,logistic_regression
2039216522028257549,914061,2026-04-01 05:41:20+00:00,0,0.07690214239518048,567,logistic_regression
2039414479084278239,914061,2026-04-01 18:47:56+00:00,0,0.2272899094674262,567,logistic_regression
2039722279014432932,914061,2026-04-02 15:11:02+00:00,0,0.11881176750891806,567,logistic_regression
2039931799414194621,914061,2026-04-03 05:03:35+00:00,0,0.06116816712175498,568,logistic_regression
2040264454982480138,914061,2026-04-04 03:05:27+00:00,0,0.1328291551177673,569,logistic_regression
2040528801386361128,914061,2026-04-04 20:35:52+00:00,0,0.06967710663532067,569,logistic_regression
2040650799550722243,914061,2026-04-05 04:40:38+00:00,0,0.06444142973248121,569,logistic_regression
2040967947275948357,914061,2026-04-06 01:40:52+00:00,0,0.058799107409575516,571,logistic_regression
2041347596342460439,914061,2026-04-07 02:49:28+00:00,0,0.06321597798088933,573,logistic_regression
2041512156693201176,914061,2026-04-07 13:43:22+00:00,0,0.05656610712023049,573,logistic_regression
2041732610179703100,914061,2026-04-08 04:19:22+00:00,0,0.09964481655022413,575,logistic_regression
2041975669928702370,914061,2026-04-08 20:25:12+00:00,1,0.0930290609803657,576,logistic_regression
2042285272985931972,914061,2026-04-09 16:55:27+00:00,0,0.09138761892794409,576,logistic_regression
2042759653281456218,914061,2026-04-11 00:20:28+00:00,0,0.10968795763133092,577,logistic_regression
2043051227387433144,914061,2026-04-11 19:39:05+00:00,0,0.09210798610371365,577,logistic_regression
2043192337111924930,914061,2026-04-12 04:59:48+00:00,0,0.07298674379565005,577,logistic_regression
2043318118169354302,914061,2026-04-12 13:19:37+00:00,0,0.0892716666732431,577,logistic_regression
2043426157367095397,914061,2026-04-12 20:28:55+00:00,0,0.0565104284377786,577,logistic_regression
2043883641366032638,914061,2026-04-14 02:46:48+00:00,0,0.06646700038327254,577,logistic_regression
2044225408972009842,914061,2026-04-15 01:24:52+00:00,0,0.051883663906739784,585,logistic_regression
2044621545348481285,914061,2026-04-16 03:38:58+00:00,0,0.06837656880884918,585,logistic_regression
2044855448722100720,914061,2026-04-16 19:08:25+00:00,0,0.06022386534706893,586,logistic_regression
2045137708620906573,914061,2026-04-17 13:50:01+00:00,0,0.061175206449466855,587,logistic_regression
2045355693050655048,914061,2026-04-18 04:16:12+00:00,1,0.10262760045469421,587,logistic_regression
2045616837787070695,914061,2026-04-18 21:33:54+00:00,1,0.055814741122836825,587,logistic_regression
2045680043607941548,914061,2026-04-19 01:45:03+00:00,1,0.06033880639514708,587,logistic_regression
2046067263326028108,914061,2026-04-20 03:23:44+00:00,1,0.05769330634043015,587,logistic_regression
2046397816755634340,914061,2026-04-21 01:17:14+00:00,0,0.06568004514151185,592,logistic_regression
2046805326784319663,914061,2026-04-22 04:16:32+00:00,0,0.06774263994591506,595,logistic_regression
2047028112626749645,914061,2026-04-22 19:01:48+00:00,0,0.08210118181013051,597,logistic_regression
2047387742951313910,914061,2026-04-23 18:50:51+00:00,0,0.13115086207584917,602,logistic_regression
2047428766390157688,914061,2026-04-23 21:33:51+00:00,0,0.18480646627391575,602,logistic_regression
2047540230694350958,914061,2026-04-24 04:56:47+00:00,0,0.057055023599116794,602,logistic_regression
2048223146063609965,914061,2026-04-26 02:10:26+00:00,1,0.06982704926990513,604,logistic_regression
2048537503972684252,914061,2026-04-26 22:59:35+00:00,1,0.0721374640736114,604,logistic_regression
2048576989930619185,914061,2026-04-27 01:36:29+00:00,1,0.07751176272490369,604,logistic_regression
2048950940661932319,914061,2026-04-28 02:22:26+00:00,0,0.24016601657220255,606,logistic_regression
2049163935182733396,914061,2026-04-28 16:28:48+00:00,0,0.07737262700019183,606,logistic_regression
2049333853777764495,914061,2026-04-29 03:44:00+00:00,0,0.07925106242466912,606,logistic_regression
2050051426446152159,914061,2026-05-01 03:15:22+00:00,0,0.08945156648535832,606,logistic_regression
2050240083325030404,914061,2026-05-01 15:45:02+00:00,0,0.05985584015608113,606,logistic_regression
2050295657836277764,914061,2026-05-01 19:25:52+00:00,0,0.07208389044652465,606,logistic_regression
2051344780328858040,914061,2026-05-04 16:54:42+00:00,0,0.06929921340021966,613,logistic_regression
2052071639337337288,914061,2026-05-06 17:02:59+00:00,0,0.09403954515234755,617,logistic_regression
2052903105256382679,914061,2026-05-09 00:06:56+00:00,0,0.11267251967210067,618,logistic_regression
2053267097493573921,914061,2026-05-10 00:13:18+00:00,0,0.0774168784531007,618,logistic_regression
2053672965125140915,914061,2026-05-11 03:06:04+00:00,0,0.07341236529905694,618,logistic_regression
2053888702427115811,914061,2026-05-11 17:23:20+00:00,0,0.090630736517326,618,logistic_regression
2054398342852194386,914061,2026-05-13 03:08:28+00:00,0,0.08754229014340324,619,logistic_regression
2055501840419328286,914061,2026-05-16 04:13:22+00:00,0,0.09938732109769806,626,logistic_regression
2056051851439857933,914061,2026-05-17 16:38:55+00:00,0,0.09727049017869403,626,logistic_regression
2056219645796090197,914061,2026-05-18 03:45:40+00:00,0,0.14525375766991303,626,logistic_regression
2056574979236409521,914061,2026-05-19 03:17:39+00:00,1,0.09380074990202249,628,logistic_regression
2056804573449474527,914061,2026-05-19 18:29:58+00:00,0,0.10966270426871798,628,logistic_regression
2057315272156135501,914061,2026-05-21 04:19:18+00:00,0,0.08958229425668084,633,logistic_regression
2058006473620463985,914061,2026-05-23 02:05:53+00:00,0,0.1486985196645102,641,logistic_regression
2058223867815227756,914061,2026-05-23 16:29:44+00:00,0,0.11818828621697533,641,logistic_regression
2058582370253701432,914061,2026-05-24 16:14:18+00:00,0,0.11263660663486509,641,logistic_regression
2059025559896883489,914061,2026-05-25 21:35:22+00:00,0,0.10127766252802736,642,logistic_regression
2059839815273824423,914061,2026-05-28 03:30:56+00:00,0,0.10875693788906299,646,logistic_regression
2060091844361683063,914061,2026-05-28 20:12:25+00:00,0,0.10835744656032952,648,logistic_regression
2060525104384418271,914061,2026-05-30 00:54:02+00:00,1,0.13243084231976657,649,logistic_regression
2060923684295221390,914061,2026-05-31 03:17:51+00:00,1,0.11132558195666611,649,logistic_regression
2061247380897579500,914061,2026-06-01 00:44:06+00:00,1,0.12067309949512162,650,logistic_regression
2061612625574944804,914061,2026-06-02 00:55:27+00:00,0,0.1373468646986898,653,logistic_regression
2061662386680127688,914061,2026-06-02 04:13:11+00:00,0,0.11354878854781682,653,logistic_regression
2062280745889222937,914061,2026-06-03 21:10:19+00:00,1,0.12624285823362108,658,logistic_regression
2062335852379066698,914061,2026-06-04 00:49:18+00:00,1,0.1130971275093151,660,logistic_regression
2063055332545540096,914061,2026-06-06 00:28:15+00:00,0,0.10821684282576058,662,logistic_regression
2063320673217609936,914061,2026-06-06 18:02:37+00:00,0,0.1275809754359881,665,logistic_regression
2063649508681224367,914061,2026-06-07 15:49:18+00:00,0,0.1810185571861847,666,logistic_regression
2063756386572681606,914061,2026-06-07 22:53:59+00:00,0,0.11781147432902023,666,logistic_regression
2063835799096090749,914061,2026-06-08 04:09:33+00:00,0,0.1325140395669427,666,logistic_regression
2064186766907887941,914061,2026-06-09 03:24:10+00:00,0,0.13271782265031443,668,logistic_regression
2064379199629181139,914061,2026-06-09 16:08:50+00:00,0,0.1822855336907774,668,logistic_regression
2064396746953023647,914061,2026-06-09 17:18:33+00:00,0,0.10554627418840838,668,logistic_regression
2064922814688481678,914061,2026-06-11 04:08:58+00:00,0,0.13621310718358245,671,logistic_regression
2065594956186865815,914061,2026-06-13 00:39:49+00:00,0,0.1953399322168782,673,logistic_regression
2065616509666472329,914061,2026-06-13 02:05:27+00:00,0,0.12352998369358516,673,logistic_regression
2065842361834651996,914061,2026-06-13 17:02:55+00:00,0,0.13731191320903166,673,logistic_regression
2065964446489710939,914061,2026-06-14 01:08:02+00:00,0,0.1350014318659137,673,logistic_regression
2065989559905812973,914061,2026-06-14 02:47:49+00:00,0,0.12054513502247079,673,logistic_regression
2066167615618466060,914061,2026-06-14 14:35:21+00:00,0,0.1620966745070094,673,logistic_regression
2066237607244427761,914061,2026-06-14 19:13:29+00:00,0,0.11283243897665746,673,logistic_regression
2066526720480690221,914061,2026-06-15 14:22:19+00:00,0,0.1564026543663274,676,logistic_regression
2066554018953146689,914061,2026-06-15 16:10:47+00:00,0,0.13769770060102896,677,logistic_regression
2066908002809221496,914061,2026-06-16 15:37:23+00:00,0,0.13018157990185816,677,logistic_regression
2069140445205348432,914061,2026-06-22 19:28:19+00:00,0,0.15841775977232828,692,logistic_regression
2069228335255949775,914061,2026-06-23 01:17:34+00:00,0,0.12960961196781845,692,logistic_regression
2069596515560267891,914061,2026-06-24 01:40:35+00:00,1,0.14272498940651987,693,logistic_regression
2069639600310767616,914061,2026-06-24 04:31:47+00:00,1,0.15153563413881183,694,logistic_regression
2069975251476422664,914061,2026-06-25 02:45:32+00:00,0,0.15358200071515382,695,logistic_regression
2070310706369712272,914061,2026-06-26 00:58:31+00:00,0,0.14218094823894298,701,logistic_regression
2070370225271251161,914061,2026-06-26 04:55:01+00:00,0,0.14836995914411955,701,logistic_regression
2070682290464919874,914061,2026-06-27 01:35:04+00:00,0,0.20307772782641337,703,logistic_regression
2070937863806751154,914061,2026-06-27 18:30:37+00:00,0,0.14733784944181763,703,logistic_regression
2071253118252356001,914061,2026-06-28 15:23:20+00:00,0,0.16088910038226328,703,logistic_regression
2072172275017879829,914061,2026-07-01 04:15:44+00:00,0,0.16458940743266157,706,logistic_regression
2074163686990913576,914061,2026-07-06 16:08:53+00:00,0,0.1369616222083803,715,logistic_regression
2074528241990394178,914061,2026-07-07 16:17:30+00:00,0,0.15335348595106923,717,logistic_regression
2074719479377109312,914061,2026-07-08 04:57:24+00:00,0,0.13881748767044325,722,logistic_regression
2075073587015516228,914061,2026-07-09 04:24:30+00:00,0,0.1348859220318519,730,logistic_regression
2075287443411222628,914061,2026-07-09 18:34:18+00:00,0,0.1474163838645949,731,logistic_regression
2075416313481290077,914061,2026-07-10 03:06:23+00:00,0,0.13663104013297922,732,logistic_regression
2075655202724815315,914061,2026-07-10 18:55:38+00:00,0,0.13068375813902955,737,logistic_regression
2075963779599466894,914061,2026-07-11 15:21:49+00:00,0,0.13655933905903123,737,logistic_regression
2076116544980214164,914061,2026-07-12 01:28:51+00:00,0,0.13225241554648917,737,logistic_regression
2076338364635287637,914061,2026-07-12 16:10:17+00:00,0,0.12877397212887767,737,logistic_regression
2076764958579446006,914061,2026-07-13 20:25:25+00:00,1,0.15533879563782763,738,logistic_regression
2076839463410671637,914061,2026-07-14 01:21:28+00:00,1,0.16322762806838878,738,logistic_regression
2076882332821373381,914061,2026-07-14 04:11:49+00:00,1,0.14101147169698747,738,logistic_regression
2077043523703243070,914061,2026-07-14 14:52:20+00:00,0,0.13901384320810836,738,logistic_regression
2077201458546745553,914061,2026-07-15 01:19:54+00:00,0,0.15038981133871226,738,logistic_regression
2077471148699439152,914061,2026-07-15 19:11:34+00:00,0,0.14002943173571233,738,logistic_regression
2077526010753581156,914061,2026-07-15 22:49:34+00:00,0,0.14195750007661967,738,logistic_regression
2077782120232350205,914061,2026-07-16 15:47:15+00:00,0,0.14318532583267446,738,logistic_regression
2077857617859535112,914061,2026-07-16 20:47:15+00:00,0,0.13589705726135892,739,logistic_regression
1948155014440165500,234930762,2025-07-23 22:55:25+00:00,0,0.02985504357718476,60,logistic_regression
1953829804899217765,234930762,2025-08-08 14:45:00+00:00,0,0.06101869076819173,83,logistic_regression
1956034935988609253,234930762,2025-08-14 16:47:24+00:00,0,0.04936447774383759,84,logistic_regression
1956133244480713057,234930762,2025-08-14 23:18:03+00:00,0,0.04603156259321785,85,logistic_regression
1956353250044915839,234930762,2025-08-15 13:52:16+00:00,0,0.044748552763113646,86,logistic_regression
1957955147491078402,234930762,2025-08-19 23:57:38+00:00,0,0.044248104080867295,90,logistic_regression
1958004814819762675,234930762,2025-08-20 03:15:00+00:00,0,0.03846953793798003,90,logistic_regression
1958651099889770597,234930762,2025-08-21 22:03:06+00:00,0,0.039102308402733287,95,logistic_regression
1959018525785563219,234930762,2025-08-22 22:23:08+00:00,0,0.05272748650996416,95,logistic_regression
1960491295354638519,234930762,2025-08-26 23:55:23+00:00,0,0.0587923298339291,102,logistic_regression
1960927979753889887,234930762,2025-08-28 04:50:37+00:00,0,0.035014317702747405,108,logistic_regression
1961046699407032321,234930762,2025-08-28 12:42:22+00:00,0,0.03417685628235595,108,logistic_regression
1962534722355241285,234930762,2025-09-01 15:15:14+00:00,1,0.037937177530983635,122,logistic_regression
1964150875557130270,234930762,2025-09-06 02:17:15+00:00,0,0.03074209171581725,126,logistic_regression
1964416419258658967,234930762,2025-09-06 19:52:26+00:00,0,0.048308341088054325,128,logistic_regression
1965820822976868522,234930762,2025-09-10 16:53:02+00:00,0,0.03712074325465496,138,logistic_regression
1966534842822340741,234930762,2025-09-12 16:10:17+00:00,0,0.045980967350542315,138,logistic_regression
1966540183857139984,234930762,2025-09-12 16:31:31+00:00,0,0.04088135405604435,138,logistic_regression
1966625789660852720,234930762,2025-09-12 22:11:41+00:00,0,0.04460789533378293,140,logistic_regression
1968027029686849929,234930762,2025-09-16 18:59:42+00:00,0,0.047546898187741236,143,logistic_regression
1968730445320741064,234930762,2025-09-18 17:34:50+00:00,0,0.038104719639629095,155,logistic_regression
1969102878947024946,234930762,2025-09-19 18:14:45+00:00,0,0.03508608495329866,158,logistic_regression
1970617421141811378,234930762,2025-09-23 22:33:00+00:00,0,0.034184855672025116,164,logistic_regression
1971066415919907096,234930762,2025-09-25 04:17:08+00:00,0,0.0374365743244173,168,logistic_regression
1971643760418386259,234930762,2025-09-26 18:31:18+00:00,0,0.03258703639978373,173,logistic_regression
1972765940048879698,234930762,2025-09-29 20:50:26+00:00,0,0.03430575587519165,181,logistic_regression
1973052624208286097,234930762,2025-09-30 15:49:37+00:00,0,0.03064257731739116,185,logistic_regression
1973495442056089733,234930762,2025-10-01 21:09:13+00:00,0,0.028540695992316012,191,logistic_regression
1973772758476902904,234930762,2025-10-02 15:31:11+00:00,0,0.02938235692400085,196,logistic_regression
1973825561148440738,234930762,2025-10-02 19:01:00+00:00,0,0.03002918788769107,196,logistic_regression
1975637104337297839,234930762,2025-10-07 18:59:25+00:00,0,0.02578224534132894,209,logistic_regression
1976620269545603178,234930762,2025-10-10 12:06:10+00:00,0,0.025908920292254903,215,logistic_regression
1976669390549704916,234930762,2025-10-10 15:21:22+00:00,1,0.02731278514066873,215,logistic_regression
1977888354298720580,234930762,2025-10-14 00:05:05+00:00,0,0.024417429490907264,227,logistic_regression
1980298516963684402,234930762,2025-10-20 15:42:13+00:00,0,0.12997397127362728,276,logistic_regression
1980708424192282692,234930762,2025-10-21 18:51:02+00:00,0,0.023520290622421378,276,logistic_regression
1981028639048454568,234930762,2025-10-22 16:03:27+00:00,0,0.035446574295926896,278,logistic_regression
1981824663627215012,234930762,2025-10-24 20:46:34+00:00,0,0.047270440417603476,281,logistic_regression
1982815909661286838,234930762,2025-10-27 14:25:26+00:00,1,0.061998413741818574,282,logistic_regression
1982816909792772100,234930762,2025-10-27 14:29:24+00:00,1,0.036504496350512845,282,logistic_regression
1988003557229105372,234930762,2025-11-10 21:59:18+00:00,0,0.052077467918757114,314,logistic_regression
1988345057460826558,234930762,2025-11-11 20:36:18+00:00,0,0.09515135506175107,321,logistic_regression
1989115297010483685,234930762,2025-11-13 23:36:57+00:00,0,0.07698590855795692,328,logistic_regression
1989388907155525675,234930762,2025-11-14 17:44:11+00:00,0,0.0323893349293215,330,logistic_regression
1991234095993467215,234930762,2025-11-19 19:56:18+00:00,0,0.09675493713759155,356,logistic_regression
1991237285522657661,234930762,2025-11-19 20:08:58+00:00,0,0.05392988883299663,356,logistic_regression
1992432939746066501,234930762,2025-11-23 03:20:05+00:00,0,0.07426343682282488,364,logistic_regression
1993755895608533022,234930762,2025-11-26 18:57:02+00:00,0,0.05801711387915482,375,logistic_regression
1994108974199648351,234930762,2025-11-27 18:20:02+00:00,0,0.05068890734301762,378,logistic_regression
1994452989067633088,234930762,2025-11-28 17:07:02+00:00,0,0.04325305022460459,378,logistic_regression
1999246017506738190,234930762,2025-12-11 22:32:49+00:00,0,0.04353573563900083,429,logistic_regression
1999335048311636437,234930762,2025-12-12 04:26:36+00:00,0,0.03163076885686302,430,logistic_regression
2004034924093841794,234930762,2025-12-25 03:42:13+00:00,0,0.16679946948507654,456,logistic_regression
2009363709639143799,234930762,2026-01-08 20:36:55+00:00,0,0.04263096440068737,480,logistic_regression
2009732158533873832,234930762,2026-01-09 21:01:00+00:00,0,0.05263217400165768,480,logistic_regression
2011544223888355359,234930762,2026-01-14 21:01:30+00:00,0,0.048974322776144,483,logistic_regression
2011932198384123975,234930762,2026-01-15 22:43:10+00:00,0,0.04860160796930629,489,logistic_regression
2013298662441447662,234930762,2026-01-19 17:13:01+00:00,0,0.03994811473829974,499,logistic_regression
2013565255062790594,234930762,2026-01-20 10:52:21+00:00,0,0.038025163043270624,500,logistic_regression
2013963243291648146,234930762,2026-01-21 13:13:49+00:00,0,0.03855150613393173,502,logistic_regression
2014092626048299406,234930762,2026-01-21 21:47:56+00:00,0,0.041153682182982335,503,logistic_regression
2014285028465725840,234930762,2026-01-22 10:32:29+00:00,0,0.04410423613721998,505,logistic_regression
2015169527714111668,234930762,2026-01-24 21:07:10+00:00,0,0.05259299392178813,515,logistic_regression
2016554821831229685,234930762,2026-01-28 16:51:49+00:00,0,0.04546305291741145,528,logistic_regression
2019083838035579015,234930762,2026-02-04 16:21:14+00:00,0,0.08442564160407864,556,logistic_regression
2021996917224522025,234930762,2026-02-12 17:16:46+00:00,0,0.03853333016546966,577,logistic_regression
2023629431256789487,234930762,2026-02-17 05:23:48+00:00,0,0.13922165269447137,583,logistic_regression
2023829504163279172,234930762,2026-02-17 18:38:49+00:00,0,0.2154401956237467,586,logistic_regression
2023866218936185307,234930762,2026-02-17 21:04:42+00:00,0,0.05523126594097978,586,logistic_regression
2024896700658422030,234930762,2026-02-20 17:19:28+00:00,0,0.057343893328409036,589,logistic_regression
2024904942968795511,234930762,2026-02-20 17:52:13+00:00,0,0.04896943160173734,589,logistic_regression
2024912138905813077,234930762,2026-02-20 18:20:49+00:00,0,0.061596245528525946,589,logistic_regression
2025927884402008127,234930762,2026-02-23 13:37:02+00:00,0,0.04779687267653533,593,logistic_regression
2028372759554769028,234930762,2026-03-02 07:32:05+00:00,0,0.08281014613690973,612,logistic_regression
2028724190526779433,234930762,2026-03-03 06:48:33+00:00,0,0.13626159614783886,613,logistic_regression
2028727071665684576,234930762,2026-03-03 07:00:00+00:00,0,0.07695924122457348,613,logistic_regression
2028790035038801927,234930762,2026-03-03 11:10:12+00:00,0,0.08678541173129858,613,logistic_regression
2028795945761005667,234930762,2026-03-03 11:33:41+00:00,0,0.06547554679641478,613,logistic_regression
2029166475148161359,234930762,2026-03-04 12:06:02+00:00,0,0.06657842247668426,616,logistic_regression
2029602337698820337,234930762,2026-03-05 16:58:00+00:00,0,0.06091531019010476,622,logistic_regression
2032151165237149718,234930762,2026-03-12 17:46:07+00:00,0,0.08390315658255589,633,logistic_regression
2040791818640777610,234930762,2026-04-05 14:01:00+00:00,1,0.18088508264546824,692,logistic_regression
2044199889006145875,234930762,2026-04-14 23:43:27+00:00,0,0.07699507031843512,711,logistic_regression
2044199891787030970,234930762,2026-04-14 23:43:28+00:00,0,0.11405855414853373,711,logistic_regression
2044199893817000037,234930762,2026-04-14 23:43:28+00:00,0,0.10944920085557634,711,logistic_regression
2044199895838666911,234930762,2026-04-14 23:43:29+00:00,0,0.09049866142437978,711,logistic_regression
2044199898183283189,234930762,2026-04-14 23:43:29+00:00,0,0.08632816544451938,711,logistic_regression
2044199902117539946,234930762,2026-04-14 23:43:30+00:00,0,0.15171055793914934,711,logistic_regression
2044199900121067796,234930762,2026-04-14 23:43:30+00:00,0,0.12216317535855885,711,logistic_regression
2044199903879147601,234930762,2026-04-14 23:43:31+00:00,0,0.12339722496325442,711,logistic_regression
2044814755072987637,234930762,2026-04-16 16:26:43+00:00,0,0.09229181182947475,713,logistic_regression
2046376034099171359,234930762,2026-04-20 23:50:41+00:00,0,0.10738086304462291,724,logistic_regression
2046595385943281813,234930762,2026-04-21 14:22:18+00:00,0,0.11425533260243668,725,logistic_regression
2050299817256186348,234930762,2026-05-01 19:42:23+00:00,0,0.09138932354478699,752,logistic_regression
2050300588026695793,234930762,2026-05-01 19:45:27+00:00,0,0.08495646352033212,752,logistic_regression
2050352176929857700,234930762,2026-05-01 23:10:27+00:00,1,0.09069825560075426,753,logistic_regression
2051372902747181454,234930762,2026-05-04 18:46:27+00:00,0,0.14094048076339477,759,logistic_regression
2055290775772987547,234930762,2026-05-15 14:14:41+00:00,0,0.08870907241253999,771,logistic_regression
2056409938260619586,234930762,2026-05-18 16:21:50+00:00,1,0.07929692406429369,777,logistic_regression
2058972842700767608,234930762,2026-05-25 18:05:54+00:00,1,0.14496454506015408,797,logistic_regression
2061085542478192968,234930762,2026-05-31 14:01:01+00:00,1,0.10895647971908176,809,logistic_regression
2061327347777998985,234930762,2026-06-01 06:01:51+00:00,1,0.11263025294942777,810,logistic_regression
2061860614755213809,234930762,2026-06-02 17:20:52+00:00,1,0.13221807797791268,815,logistic_regression
2062097720219992176,234930762,2026-06-03 09:03:03+00:00,1,0.10718287790064376,816,logistic_regression
2062536245969096917,234930762,2026-06-04 14:05:35+00:00,0,0.1009922398330232,822,logistic_regression
2063224212806914340,234930762,2026-06-06 11:39:19+00:00,1,0.16330820454826736,823,logistic_regression
2063266602922213430,234930762,2026-06-06 14:27:46+00:00,1,0.11446915017285451,824,logistic_regression
2068792523753996518,234930762,2026-06-21 20:25:48+00:00,1,0.1398064492593991,863,logistic_regression
2068795171823608227,234930762,2026-06-21 20:36:19+00:00,1,0.12823555255521213,863,logistic_regression
2068806527004348577,234930762,2026-06-21 21:21:27+00:00,1,0.13993950445766787,863,logistic_regression
2069088587619193173,234930762,2026-06-22 16:02:15+00:00,0,0.13846000457524713,865,logistic_regression
2069598972579029422,234930762,2026-06-24 01:50:21+00:00,1,0.11598634471361421,869,logistic_regression
2069822102660640873,234930762,2026-06-24 16:36:59+00:00,0,0.14703813828607834,870,logistic_regression
2070303126280605811,234930762,2026-06-26 00:28:24+00:00,1,0.10791978220980154,875,logistic_regression
2070304246935765210,234930762,2026-06-26 00:32:51+00:00,1,0.13724110047006866,875,logistic_regression
2071730234622418994,234930762,2026-06-29 22:59:13+00:00,1,0.11883551606988324,884,logistic_regression
2072372393038028973,234930762,2026-07-01 17:30:55+00:00,0,0.11690759533181055,886,logistic_regression
2073465899575820371,234930762,2026-07-04 17:56:08+00:00,1,0.1557773238341875,891,logistic_regression
2074493890124816461,234930762,2026-07-07 14:01:00+00:00,0,0.13532075747879205,894,logistic_regression
2075218665826636038,234930762,2026-07-09 14:01:00+00:00,0,0.12759831200496216,910,logistic_regression
1943300171883757658,22330739,2025-07-10 13:24:00+00:00,0,0.04007414541028922,38,logistic_regression
1943300268302450854,22330739,2025-07-10 13:24:23+00:00,0,0.03917813349606648,38,logistic_regression
1943308190554145021,22330739,2025-07-10 13:55:52+00:00,0,0.04411844976037627,38,logistic_regression
1945802355150393440,22330739,2025-07-17 11:06:47+00:00,0,0.04488846226824957,51,logistic_regression
1945860985908080797,22330739,2025-07-17 14:59:46+00:00,0,0.042204449685189514,51,logistic_regression
1945944660632813641,22330739,2025-07-17 20:32:15+00:00,0,0.038348409087700305,51,logistic_regression
1945945957050257850,22330739,2025-07-17 20:37:24+00:00,0,0.03838787278700424,51,logistic_regression
1945946105323147452,22330739,2025-07-17 20:38:00+00:00,0,0.04444174233344126,51,logistic_regression
1945959318064341461,22330739,2025-07-17 21:30:30+00:00,0,0.041627234417656755,51,logistic_regression
1948141609167810902,22330739,2025-07-23 22:02:09+00:00,0,0.040565905904837246,55,logistic_regression
1949575404198494526,22330739,2025-07-27 20:59:32+00:00,0,0.04308078364114373,57,logistic_regression
1949585461275660422,22330739,2025-07-27 21:39:30+00:00,0,0.030766407148271613,57,logistic_regression
1949585855192133892,22330739,2025-07-27 21:41:04+00:00,0,0.03733924608033568,57,logistic_regression
1950197188358807831,22330739,2025-07-29 14:10:17+00:00,0,0.03222524375125891,58,logistic_regression
1950216480387203290,22330739,2025-07-29 15:26:56+00:00,0,0.031737335879317145,59,logistic_regression
1950258279344423332,22330739,2025-07-29 18:13:02+00:00,0,0.03368465899138015,60,logistic_regression
1952509357523964091,22330739,2025-08-04 23:18:01+00:00,0,0.11163654495879696,69,logistic_regression
1953652673770602999,22330739,2025-08-08 03:01:09+00:00,0,0.09406312830876776,71,logistic_regression
1957930074315059245,22330739,2025-08-19 22:18:00+00:00,0,0.06600693750282359,81,logistic_regression
1958330597895758181,22330739,2025-08-21 00:49:33+00:00,0,0.12128547618908557,86,logistic_regression
1958358881694056560,22330739,2025-08-21 02:41:56+00:00,0,0.05644404417136791,86,logistic_regression
1959688404943421751,22330739,2025-08-24 18:44:59+00:00,0,0.09444407230926144,90,logistic_regression
1960517443094503609,22330739,2025-08-27 01:39:17+00:00,0,0.0401329353932142,96,logistic_regression
1960917609949618412,22330739,2025-08-28 04:09:24+00:00,0,0.03953128980546874,99,logistic_regression
1961172848652997063,22330739,2025-08-28 21:03:38+00:00,0,0.05361682131208618,102,logistic_regression
1961177427520131297,22330739,2025-08-28 21:21:50+00:00,0,0.04040274858865104,102,logistic_regression
1961221243417629085,22330739,2025-08-29 00:15:56+00:00,0,0.030754252812369626,102,logistic_regression
1961226167027208268,22330739,2025-08-29 00:35:30+00:00,0,0.1325662616377667,102,logistic_regression
1961504387697893462,22330739,2025-08-29 19:01:03+00:00,0,0.05341970836377078,102,logistic_regression
1963103138485084465,22330739,2025-09-03 04:53:55+00:00,0,0.06272488391350262,113,logistic_regression
1963264973452546482,22330739,2025-09-03 15:37:00+00:00,0,0.04233130612527148,113,logistic_regression
1964840098207596818,22330739,2025-09-07 23:55:59+00:00,1,0.04490167404849287,118,logistic_regression
1966589471203246224,22330739,2025-09-12 19:47:22+00:00,0,0.039592458325170526,129,logistic_regression
1966604536593670604,22330739,2025-09-12 20:47:13+00:00,0,0.05470060225285511,129,logistic_regression
1967423200327021038,22330739,2025-09-15 03:00:18+00:00,0,0.03863098395415,130,logistic_regression
1967980944809406501,22330739,2025-09-16 15:56:35+00:00,0,0.03320352627722531,131,logistic_regression
1968058879515971714,22330739,2025-09-16 21:06:16+00:00,0,0.0358272358202668,132,logistic_regression
1968135798089543869,22330739,2025-09-17 02:11:55+00:00,0,0.03149949137781544,132,logistic_regression
1968155331865047432,22330739,2025-09-17 03:29:32+00:00,0,0.07563156498110565,132,logistic_regression
1968166893799477654,22330739,2025-09-17 04:15:28+00:00,0,0.03552670969431698,132,logistic_regression
1968171260686504274,22330739,2025-09-17 04:32:50+00:00,0,0.060957136660336274,132,logistic_regression
1968706806244327891,22330739,2025-09-18 16:00:54+00:00,0,0.03219953731254711,134,logistic_regression
1968730082635301321,22330739,2025-09-18 17:33:23+00:00,0,0.037276939352271186,137,logistic_regression
1968846217363796412,22330739,2025-09-19 01:14:52+00:00,0,0.03522300532945318,140,logistic_regression
1969627033706905984,22330739,2025-09-21 04:57:33+00:00,0,0.0718598827924027,142,logistic_regression
1970199044288057550,22330739,2025-09-22 18:50:31+00:00,0,0.06548718492335871,144,logistic_regression
1970234088574591261,22330739,2025-09-22 21:09:46+00:00,0,0.043804662835105854,144,logistic_regression
1971144583838048337,22330739,2025-09-25 09:27:45+00:00,0,0.04429729364099979,151,logistic_regression
1971144771646390712,22330739,2025-09-25 09:28:30+00:00,0,0.046464302992721786,151,logistic_regression
1971273293736051176,22330739,2025-09-25 17:59:12+00:00,0,0.03501412791936408,152,logistic_regression
1971679922151453006,22330739,2025-09-26 20:55:00+00:00,0,0.032740818065930974,155,logistic_regression
1971682743399731498,22330739,2025-09-26 21:06:12+00:00,0,0.031094368331235696,155,logistic_regression
1971794606154305576,22330739,2025-09-27 04:30:42+00:00,0,0.057143585746582896,155,logistic_regression
1972465816437490105,22330739,2025-09-29 00:57:51+00:00,0,0.029567057741178716,156,logistic_regression
1972821473132990918,22330739,2025-09-30 00:31:07+00:00,0,0.05542568111386185,160,logistic_regression
1972829369187086727,22330739,2025-09-30 01:02:29+00:00,0,0.034319448156136065,160,logistic_regression
1973470117662204372,22330739,2025-10-01 19:28:36+00:00,0,0.050242191723175504,165,logistic_regression
1974177682100473974,22330739,2025-10-03 18:20:12+00:00,0,0.028101804190760575,176,logistic_regression
1974255523768799433,22330739,2025-10-03 23:29:31+00:00,0,0.03185173407973388,177,logistic_regression
1976018236257751502,22330739,2025-10-08 20:13:54+00:00,0,0.03123845281122943,187,logistic_regression
1976067092161106038,22330739,2025-10-08 23:28:02+00:00,0,0.03685790112879261,187,logistic_regression
1976073431969108078,22330739,2025-10-08 23:53:14+00:00,0,0.039084285415884976,188,logistic_regression
1976697025623474529,22330739,2025-10-10 17:11:10+00:00,0,0.03283917592834684,191,logistic_regression
1976797887679156634,22330739,2025-10-10 23:51:58+00:00,0,0.0390558916156716,193,logistic_regression
1977088765014442080,22330739,2025-10-11 19:07:48+00:00,0,0.03078148941930998,193,logistic_regression
1977152030801318259,22330739,2025-10-11 23:19:12+00:00,0,0.03736442562702316,193,logistic_regression
1977506464685285781,22330739,2025-10-12 22:47:36+00:00,0,0.03970627168606876,193,logistic_regression
1977640531460251947,22330739,2025-10-13 07:40:20+00:00,0,0.039201972697637325,193,logistic_regression
1977785545515516274,22330739,2025-10-13 17:16:34+00:00,0,0.038125786956826675,193,logistic_regression
1977826790824689987,22330739,2025-10-13 20:00:27+00:00,0,0.04154594219338673,193,logistic_regression
1977828746087600536,22330739,2025-10-13 20:08:14+00:00,0,0.042262908537334366,193,logistic_regression
1977840015465202147,22330739,2025-10-13 20:53:00+00:00,0,0.041364297055836455,193,logistic_regression
1978109452210626821,22330739,2025-10-14 14:43:39+00:00,0,0.03153713686744967,194,logistic_regression
1978111272865460401,22330739,2025-10-14 14:50:53+00:00,0,0.03064067885418457,194,logistic_regression
1978132200643260503,22330739,2025-10-14 16:14:03+00:00,0,0.040058491109844954,194,logistic_regression
1978165496760434953,22330739,2025-10-14 18:26:21+00:00,0,0.03695804856689653,194,logistic_regression
1978166670406438942,22330739,2025-10-14 18:31:01+00:00,0,0.036308518615758505,194,logistic_regression
1978167190684676214,22330739,2025-10-14 18:33:05+00:00,0,0.03606738262849982,194,logistic_regression
1978176807162548656,22330739,2025-10-14 19:11:18+00:00,0,0.03269663011285202,194,logistic_regression
1978181412659597562,22330739,2025-10-14 19:29:36+00:00,1,0.036855285081806924,194,logistic_regression
1978181780931793020,22330739,2025-10-14 19:31:04+00:00,1,0.05105707549934132,194,logistic_regression
1978218864925114709,22330739,2025-10-14 21:58:25+00:00,0,0.03998742494786113,194,logistic_regression
1978222543531049351,22330739,2025-10-14 22:13:02+00:00,0,0.03846593080271598,194,logistic_regression
1978242512675385538,22330739,2025-10-14 23:32:23+00:00,0,0.03624763112732852,194,logistic_regression
1978324567627043210,22330739,2025-10-15 04:58:27+00:00,0,0.0430827152008156,194,logistic_regression
1978369525231010260,22330739,2025-10-15 07:57:05+00:00,0,0.031589109625084065,194,logistic_regression
1978503669541961752,22330739,2025-10-15 16:50:08+00:00,0,0.03425422926934514,194,logistic_regression
1978504636370948450,22330739,2025-10-15 16:53:58+00:00,0,0.033854501604442366,194,logistic_regression
1978511327535759408,22330739,2025-10-15 17:20:34+00:00,0,0.03692043964351722,194,logistic_regression
1978637049705238780,22330739,2025-10-16 01:40:08+00:00,1,0.04433672050849453,194,logistic_regression
1978646661875343729,22330739,2025-10-16 02:18:20+00:00,1,0.05262198818196388,194,logistic_regression
1978668875307762003,22330739,2025-10-16 03:46:36+00:00,1,0.04983900758803419,194,logistic_regression
1978671331156677010,22330739,2025-10-16 03:56:21+00:00,1,0.05125692245880565,194,logistic_regression
1978672398028120078,22330739,2025-10-16 04:00:36+00:00,1,0.04981454618314144,194,logistic_regression
1978672697740554254,22330739,2025-10-16 04:01:47+00:00,1,0.044615523149361715,194,logistic_regression
1978688092761387149,22330739,2025-10-16 05:02:58+00:00,1,0.04424975246102941,194,logistic_regression
1978689274674294956,22330739,2025-10-16 05:07:40+00:00,1,0.034598543430947495,194,logistic_regression
1978735637348876310,22330739,2025-10-16 08:11:53+00:00,1,0.03121439326672768,194,logistic_regression
1978857927701340175,22330739,2025-10-16 16:17:50+00:00,0,0.03181262142877037,194,logistic_regression
1978884550278463725,22330739,2025-10-16 18:03:37+00:00,1,0.04172355120007841,194,logistic_regression
1978926937520378354,22330739,2025-10-16 20:52:03+00:00,0,0.035706827494432714,195,logistic_regression
1978946283214700724,22330739,2025-10-16 22:08:55+00:00,0,0.04892593961405744,195,logistic_regression
1978966673223807275,22330739,2025-10-16 23:29:56+00:00,0,0.033871495001575616,195,logistic_regression
1978968562846044611,22330739,2025-10-16 23:37:27+00:00,0,0.034034784445870866,195,logistic_regression
1978985290959118396,22330739,2025-10-17 00:43:55+00:00,0,0.04632467022930042,195,logistic_regression
1979276817396830411,22330739,2025-10-17 20:02:21+00:00,0,0.05287633357385419,195,logistic_regression
1979326518271848873,22330739,2025-10-17 23:19:50+00:00,0,0.02938163003543266,196,logistic_regression
1979381575826706929,22330739,2025-10-18 02:58:37+00:00,0,0.03487607708048252,197,logistic_regression
1979387296387600829,22330739,2025-10-18 03:21:21+00:00,0,0.03460727491991909,197,logistic_regression
1979402261077033236,22330739,2025-10-18 04:20:49+00:00,0,0.02918601463944158,197,logistic_regression
1979406842645352534,22330739,2025-10-18 04:39:01+00:00,0,0.04295231474056408,197,logistic_regression
1980028936995447178,22330739,2025-10-19 21:51:00+00:00,0,0.03356993897037563,200,logistic_regression
1980029896866103523,22330739,2025-10-19 21:54:49+00:00,0,0.0295671678100023,200,logistic_regression
1980032245311422578,22330739,2025-10-19 22:04:09+00:00,0,0.03086911951931125,200,logistic_regression
1980730009280213487,22330739,2025-10-21 20:16:49+00:00,0,0.027982050871707857,204,logistic_regression
1982641501491634468,22330739,2025-10-27 02:52:24+00:00,0,0.03625783645157454,209,logistic_regression
1982860556433535426,22330739,2025-10-27 17:22:51+00:00,0,0.04562009577917519,211,logistic_regression
1983311070254239808,22330739,2025-10-28 23:13:01+00:00,0,0.03865979202422815,214,logistic_regression
1983358878843838869,22330739,2025-10-29 02:23:00+00:00,0,0.045274517479991845,215,logistic_regression
1986713271286817254,22330739,2025-11-07 08:32:09+00:00,0,0.045295261635533074,230,logistic_regression
1986848329918259596,22330739,2025-11-07 17:28:50+00:00,0,0.0359953057633063,230,logistic_regression
1986849897870729556,22330739,2025-11-07 17:35:04+00:00,0,0.03877134308412578,230,logistic_regression
1986850669811408940,22330739,2025-11-07 17:38:08+00:00,0,0.04278443738073738,230,logistic_regression
1988056205751898311,22330739,2025-11-11 01:28:30+00:00,0,0.052999663232380735,239,logistic_regression
1988057613670772882,22330739,2025-11-11 01:34:06+00:00,0,0.047970740206698996,239,logistic_regression
1988302701952987180,22330739,2025-11-11 17:47:59+00:00,0,0.04956000367121998,240,logistic_regression
1988660606149496961,22330739,2025-11-12 17:30:10+00:00,0,0.058288340100615905,243,logistic_regression
1988726858872156165,22330739,2025-11-12 21:53:26+00:00,0,0.04400373244934024,244,logistic_regression
1990194141339484552,22330739,2025-11-16 23:03:53+00:00,0,0.06430387173654709,253,logistic_regression
1990571595841351924,22330739,2025-11-18 00:03:46+00:00,0,0.05778723583131798,255,logistic_regression
1990607939011555382,22330739,2025-11-18 02:28:11+00:00,0,0.06978796691635783,256,logistic_regression
1990612809563189305,22330739,2025-11-18 02:47:32+00:00,0,0.0620482552829026,256,logistic_regression
1990815573471539261,22330739,2025-11-18 16:13:14+00:00,0,0.06199397184599659,257,logistic_regression
1990816753052426569,22330739,2025-11-18 16:17:56+00:00,0,0.06016205543264161,257,logistic_regression
1990818684735258784,22330739,2025-11-18 16:25:36+00:00,0,0.0630457383723838,257,logistic_regression
1990898584892444817,22330739,2025-11-18 21:43:06+00:00,0,0.05005153413217163,259,logistic_regression
1991117069392245062,22330739,2025-11-19 12:11:17+00:00,0,0.07325145351452758,260,logistic_regression
1991119357519241302,22330739,2025-11-19 12:20:22+00:00,0,0.06733469214528641,260,logistic_regression
1991122548885483888,22330739,2025-11-19 12:33:03+00:00,0,0.07585798674834084,260,logistic_regression
1991124641859973573,22330739,2025-11-19 12:41:22+00:00,0,0.061864539617940875,260,logistic_regression
1991125950008816107,22330739,2025-11-19 12:46:34+00:00,0,0.07611130375977818,260,logistic_regression
1991175476635906246,22330739,2025-11-19 16:03:22+00:00,0,0.05327120666394989,260,logistic_regression
1991176047660794302,22330739,2025-11-19 16:05:38+00:00,0,0.055879548531550194,260,logistic_regression
1991177800108093784,22330739,2025-11-19 16:12:36+00:00,0,0.055442157505403496,260,logistic_regression
1991179419285651927,22330739,2025-11-19 16:19:02+00:00,0,0.09227531087691108,260,logistic_regression
1992126539887255796,22330739,2025-11-22 07:02:33+00:00,0,0.07413249568803001,266,logistic_regression
1992140602897768820,22330739,2025-11-22 07:58:26+00:00,0,0.07526949594895246,266,logistic_regression
1992726929204760661,22330739,2025-11-23 22:48:17+00:00,0,0.0670188105412393,269,logistic_regression
1993021759101297087,22330739,2025-11-24 18:19:50+00:00,0,0.06340783381015998,271,logistic_regression
1993749333695668729,22330739,2025-11-26 18:30:57+00:00,0,0.06490981911925876,277,logistic_regression
1994592263230664939,22330739,2025-11-29 02:20:27+00:00,0,0.06675503833370589,285,logistic_regression
1994595873901494465,22330739,2025-11-29 02:34:48+00:00,0,0.06123850500755128,285,logistic_regression
1994600555260645629,22330739,2025-11-29 02:53:24+00:00,0,0.05779180393587719,285,logistic_regression
1994973635912597602,22330739,2025-11-30 03:35:54+00:00,0,0.059397405391383946,290,logistic_regression
1995289421244244415,22330739,2025-12-01 00:30:43+00:00,0,0.064495553389289,292,logistic_regression
1995616112609010075,22330739,2025-12-01 22:08:52+00:00,0,0.05804648898496837,292,logistic_regression
1995702688374554996,22330739,2025-12-02 03:52:53+00:00,0,0.056374698463036096,295,logistic_regression
1995762727004889133,22330739,2025-12-02 07:51:28+00:00,0,0.060214135493405506,295,logistic_regression
1996290400601198921,22330739,2025-12-03 18:48:15+00:00,0,0.05802739600934728,300,logistic_regression
1996733865638117827,22330739,2025-12-05 00:10:25+00:00,0,0.07520807473954848,303,logistic_regression
1996830500053532707,22330739,2025-12-05 06:34:25+00:00,0,0.05112306529783181,303,logistic_regression
1997947021924422135,22330739,2025-12-08 08:31:04+00:00,1,0.07038508401941353,310,logistic_regression
1999630132210991306,22330739,2025-12-12 23:59:09+00:00,0,0.08159341125449625,327,logistic_regression
1999672264967745792,22330739,2025-12-13 02:46:34+00:00,0,0.07262590766244086,327,logistic_regression
2000299000973660249,22330739,2025-12-14 20:17:00+00:00,0,0.10596196670134288,328,logistic_regression
2000340341132816555,22330739,2025-12-14 23:01:16+00:00,0,0.10041077937338666,328,logistic_regression
2003547651028189685,22330739,2025-12-23 19:25:58+00:00,0,0.05762754939028963,343,logistic_regression
2004030074073526757,22330739,2025-12-25 03:22:57+00:00,0,0.10721830130314668,345,logistic_regression
2004734227464814896,22330739,2025-12-27 02:01:00+00:00,0,0.07696372073837728,352,logistic_regression
2007699154743759087,22330739,2026-01-04 06:22:34+00:00,0,0.08825915053297435,360,logistic_regression
2011254615489274088,22330739,2026-01-14 01:50:42+00:00,0,0.08044674487061401,371,logistic_regression
2011577496064704801,22330739,2026-01-14 23:13:43+00:00,0,0.0741729572230819,373,logistic_regression
2012276791935910151,22330739,2026-01-16 21:32:28+00:00,0,0.05375064092301032,379,logistic_regression
2012277421580632080,22330739,2026-01-16 21:34:58+00:00,0,0.056525946698072725,379,logistic_regression
2012280730043273547,22330739,2026-01-16 21:48:07+00:00,0,0.07183046523526147,379,logistic_regression
2012319341233213774,22330739,2026-01-17 00:21:32+00:00,0,0.06716217796007182,381,logistic_regression
2013004109818057026,22330739,2026-01-18 21:42:34+00:00,0,0.06237088600490661,383,logistic_regression
2013538309075620062,22330739,2026-01-20 09:05:17+00:00,0,0.05439118778255867,385,logistic_regression
2013862263522742517,22330739,2026-01-21 06:32:34+00:00,1,0.0850833694279479,386,logistic_regression
2013932751208996894,22330739,2026-01-21 11:12:39+00:00,1,0.06815906578147772,386,logistic_regression
2014231190270570557,22330739,2026-01-22 06:58:33+00:00,0,0.05473434401814917,389,logistic_regression
2014249361308360788,22330739,2026-01-22 08:10:45+00:00,0,0.06759104486097894,389,logistic_regression
2014717452282638834,22330739,2026-01-23 15:10:46+00:00,0,0.0672807204539143,393,logistic_regression
2014719731115475416,22330739,2026-01-23 15:19:50+00:00,0,0.07033117983140331,393,logistic_regression
2014724541764010192,22330739,2026-01-23 15:38:57+00:00,0,0.06240636358485764,393,logistic_regression
2014905156664799636,22330739,2026-01-24 03:36:39+00:00,0,0.06672301971483291,395,logistic_regression
2014915467258036259,22330739,2026-01-24 04:17:37+00:00,0,0.057696612714487755,395,logistic_regression
2015861664734941365,22330739,2026-01-26 18:57:28+00:00,0,0.07619568634935676,399,logistic_regression
2015873970114043942,22330739,2026-01-26 19:46:22+00:00,0,0.09467030614813861,399,logistic_regression
2015907779056431249,22330739,2026-01-26 22:00:42+00:00,1,0.06612190280142236,399,logistic_regression
2015940617843704006,22330739,2026-01-27 00:11:12+00:00,1,0.06790986879443935,401,logistic_regression
2016661138919047286,22330739,2026-01-28 23:54:17+00:00,1,0.09501831805857136,408,logistic_regression
2018132372747948543,22330739,2026-02-02 01:20:27+00:00,1,0.04670925153896568,423,logistic_regression
2018539238237798595,22330739,2026-02-03 04:17:11+00:00,1,0.06045149126949254,427,logistic_regression
2019712015913353513,22330739,2026-02-06 09:57:23+00:00,1,0.09333357937198772,439,logistic_regression
2020277273899991313,22330739,2026-02-07 23:23:31+00:00,1,0.10537909549992526,442,logistic_regression
2020599759464194554,22330739,2026-02-08 20:44:58+00:00,1,0.10095982870835452,442,logistic_regression
2020630810022629880,22330739,2026-02-08 22:48:21+00:00,1,0.10830187886633051,442,logistic_regression
2020637655520985358,22330739,2026-02-08 23:15:33+00:00,1,0.10071688007923553,442,logistic_regression
2020685677198028887,22330739,2026-02-09 02:26:22+00:00,1,0.11068128044363056,442,logistic_regression
2020688785659535730,22330739,2026-02-09 02:38:43+00:00,1,0.13134765817363275,442,logistic_regression
2021866814637330630,22330739,2026-02-12 08:39:47+00:00,1,0.05945989931868284,445,logistic_regression
2025698591290052741,22330739,2026-02-22 22:25:54+00:00,1,0.042102501767731164,467,logistic_regression
2026407065602896040,22330739,2026-02-24 21:21:07+00:00,0,0.045654132640902526,471,logistic_regression
2027140612965687692,22330739,2026-02-26 21:55:59+00:00,0,0.07833572784484488,478,logistic_regression
2030820345062752546,22330739,2026-03-09 01:37:55+00:00,1,0.07219765209115687,506,logistic_regression
2031447767802065216,22330739,2026-03-10 19:11:04+00:00,0,0.057674296448911005,509,logistic_regression
2032161195533242422,22330739,2026-03-12 18:25:59+00:00,0,0.07579391839757343,512,logistic_regression
2034018646188822664,22330739,2026-03-17 21:26:50+00:00,0,0.07582669609116405,521,logistic_regression
2036252519308075219,22330739,2026-03-24 01:23:27+00:00,1,0.10132808601300942,540,logistic_regression
2036475068117819522,22330739,2026-03-24 16:07:46+00:00,0,0.11083550384228974,541,logistic_regression
2037674629108736429,22330739,2026-03-27 23:34:24+00:00,1,0.07246522980185341,548,logistic_regression
2039039355747221519,22330739,2026-03-31 17:57:20+00:00,0,0.06880784697854724,553,logistic_regression
2044981547267395620,22330739,2026-04-17 03:29:29+00:00,0,0.08293732191059183,597,logistic_regression
2046077126944948428,22330739,2026-04-20 04:02:55+00:00,1,0.09178715657458572,602,logistic_regression
2046999495393874233,22330739,2026-04-22 17:08:05+00:00,0,0.10147991055165761,612,logistic_regression
2047852518651359260,22330739,2026-04-25 01:37:42+00:00,1,0.0702477996963915,622,logistic_regression
2050320060703793175,22330739,2026-05-01 21:02:50+00:00,1,0.08662937931646245,635,logistic_regression
2050362890633592936,22330739,2026-05-01 23:53:01+00:00,1,0.08487741230307011,636,logistic_regression
2050386663155905002,22330739,2026-05-02 01:27:29+00:00,1,0.08411070952156664,636,logistic_regression
2050696874332758446,22330739,2026-05-02 22:00:09+00:00,1,0.08386490233336458,636,logistic_regression
2055394139026632757,22330739,2026-05-15 21:05:24+00:00,1,0.0997023219265884,654,logistic_regression
2055428789669343455,22330739,2026-05-15 23:23:06+00:00,1,0.087573224779769,654,logistic_regression
2057173169614815598,22330739,2026-05-20 18:54:38+00:00,0,0.09375370750463426,662,logistic_regression
2057176156433154454,22330739,2026-05-20 19:06:30+00:00,0,0.08482650138243904,662,logistic_regression
2057176633048809978,22330739,2026-05-20 19:08:24+00:00,0,0.09293013998275837,662,logistic_regression
2057176703907320031,22330739,2026-05-20 19:08:41+00:00,0,0.09222220248767965,662,logistic_regression
2057522254431633867,22330739,2026-05-21 18:01:47+00:00,0,0.0827995076897271,663,logistic_regression
2057617107500900469,22330739,2026-05-22 00:18:41+00:00,1,0.08481013042026554,663,logistic_regression
2057618489825960180,22330739,2026-05-22 00:24:11+00:00,1,0.09366210006178219,663,logistic_regression
2057659936033878155,22330739,2026-05-22 03:08:52+00:00,1,0.08342425348407628,663,logistic_regression
2057698598977180129,22330739,2026-05-22 05:42:30+00:00,1,0.08555633595456702,663,logistic_regression
2057725709250928641,22330739,2026-05-22 07:30:14+00:00,1,0.08486837491792501,663,logistic_regression
2057859046976401897,22330739,2026-05-22 16:20:04+00:00,0,0.08020092526455198,663,logistic_regression
2061506033420283936,22330739,2026-06-01 17:51:53+00:00,0,0.09992481970231491,683,logistic_regression
2062289097784173047,22330739,2026-06-03 21:43:31+00:00,1,0.10030709270388907,692,logistic_regression
2062291326662553763,22330739,2026-06-03 21:52:22+00:00,1,0.10002625178961584,692,logistic_regression
2063263077701697632,22330739,2026-06-06 14:13:45+00:00,1,0.09856904740663296,697,logistic_regression
2063971896316637593,22330739,2026-06-08 13:10:21+00:00,1,0.10687728387203628,703,logistic_regression
2064054943435092125,22330739,2026-06-08 18:40:21+00:00,0,0.09959275464125787,703,logistic_regression
2065433020283113524,22330739,2026-06-12 13:56:20+00:00,0,0.09939517601448847,710,logistic_regression
2066522147153916069,22330739,2026-06-15 14:04:08+00:00,0,0.0928307327323029,720,logistic_regression
2067133050765361432,22330739,2026-06-17 06:31:39+00:00,1,0.10259497011077393,724,logistic_regression
2067204120121885032,22330739,2026-06-17 11:14:03+00:00,1,0.09317174748794037,724,logistic_regression
2067248713991352352,22330739,2026-06-17 14:11:15+00:00,0,0.09766963064047242,724,logistic_regression
2067258671025770787,22330739,2026-06-17 14:50:49+00:00,0,0.10572774648120264,724,logistic_regression
2069480886211346895,22330739,2026-06-23 18:01:07+00:00,0,0.11353799626356505,737,logistic_regression
2070300449756840419,22330739,2026-06-26 00:17:46+00:00,1,0.11292571290016824,745,logistic_regression
2073423003514225056,22330739,2026-07-04 15:05:41+00:00,1,0.11612758721687136,763,logistic_regression
2073483292054032599,22330739,2026-07-04 19:05:14+00:00,1,0.11754822508525152,765,logistic_regression
2074791252931858578,22330739,2026-07-08 09:42:37+00:00,0,0.11172949455075365,775,logistic_regression
2074813788864328162,22330739,2026-07-08 11:12:10+00:00,0,0.10793835152912476,775,logistic_regression
2074904379572764929,22330739,2026-07-08 17:12:08+00:00,0,0.11615711254301533,775,logistic_regression
1965127523920121893,605700792,2025-09-08 18:58:06+00:00,0,0.00014043220024578812,112,shallow_gbt
1965134557914824966,605700792,2025-09-08 19:26:03+00:00,0,0.00038069494829973724,112,shallow_gbt
1967656323392405622,605700792,2025-09-15 18:26:39+00:00,0,0.0003771302817592097,123,shallow_gbt
1968466119234072707,605700792,2025-09-18 00:04:29+00:00,0,0.0001737244709537187,130,shallow_gbt
1968466396649574680,605700792,2025-09-18 00:05:35+00:00,0,0.0006692244131564688,130,shallow_gbt
1968719993740169305,605700792,2025-09-18 16:53:18+00:00,0,0.00015456354918743837,131,shallow_gbt
1968720089202454691,605700792,2025-09-18 16:53:40+00:00,0,0.00018103519554945777,131,shallow_gbt
1968720181363896782,605700792,2025-09-18 16:54:02+00:00,0,0.00032990613400378635,131,shallow_gbt
1968756357848240204,605700792,2025-09-18 19:17:48+00:00,0,0.0003124422593930748,133,shallow_gbt
1968756461023977880,605700792,2025-09-18 19:18:12+00:00,0,0.000709900095764408,133,shallow_gbt
1970845165129757011,605700792,2025-09-24 13:37:58+00:00,0,0.00028558014705471683,142,shallow_gbt
1970898727453016520,605700792,2025-09-24 17:10:48+00:00,0,0.0001106444603543498,142,shallow_gbt
1970914244330913976,605700792,2025-09-24 18:12:28+00:00,0,0.0003202181714821487,142,shallow_gbt
1971644188371636393,605700792,2025-09-26 18:33:00+00:00,0,0.00020308788576615318,150,shallow_gbt
1971656850316861892,605700792,2025-09-26 19:23:19+00:00,0,0.00025322171372707525,150,shallow_gbt
1971999438622413017,605700792,2025-09-27 18:04:38+00:00,0,0.00027334452790955745,153,shallow_gbt
1972651434144674024,605700792,2025-09-29 13:15:26+00:00,0,4.2213869628156596e-06,154,shallow_gbt
1972796561890607591,605700792,2025-09-29 22:52:07+00:00,0,9.956665081361527e-05,155,shallow_gbt
1972796566248530329,605700792,2025-09-29 22:52:08+00:00,0,0.0001583311712363388,155,shallow_gbt
1973086952522952931,605700792,2025-09-30 18:06:02+00:00,0,0.0004632556883842164,158,shallow_gbt
1973087649603743851,605700792,2025-09-30 18:08:48+00:00,0,0.9855651754710976,158,shallow_gbt
1973087653810626908,605700792,2025-09-30 18:08:49+00:00,0,0.00017976144601420928,158,shallow_gbt
1973549300694298754,605700792,2025-10-02 00:43:14+00:00,0,0.0001928253899797439,162,shallow_gbt
1973609608892784950,605700792,2025-10-02 04:42:53+00:00,0,0.00027438226354454024,162,shallow_gbt
1973646691569115458,605700792,2025-10-02 07:10:14+00:00,0,0.0001122561343195241,162,shallow_gbt
1973650654527901759,605700792,2025-10-02 07:25:59+00:00,0,0.0002296515021893939,162,shallow_gbt
1973651755562094734,605700792,2025-10-02 07:30:21+00:00,0,0.0001390986624372908,162,shallow_gbt
1974174821388071306,605700792,2025-10-03 18:08:50+00:00,0,0.0001149821080646571,165,shallow_gbt
1974191753021251830,605700792,2025-10-03 19:16:07+00:00,0,0.00017074889166371817,166,shallow_gbt
1974305906688225711,605700792,2025-10-04 02:49:43+00:00,0,0.00017421212322740235,167,shallow_gbt
1976071089974304833,605700792,2025-10-08 23:43:56+00:00,0,0.00014621954018241668,178,shallow_gbt
1976726462456537300,605700792,2025-10-10 19:08:09+00:00,0,0.0007540897244425053,183,shallow_gbt
1976730288492265624,605700792,2025-10-10 19:23:21+00:00,0,0.00035300229611461654,183,shallow_gbt
1978900057761157370,605700792,2025-10-16 19:05:14+00:00,0,0.0702376581647,221,shallow_gbt
1979347061863780699,605700792,2025-10-18 00:41:28+00:00,0,0.04171473559575349,229,shallow_gbt
1981385174949769533,605700792,2025-10-23 15:40:12+00:00,0,0.028756795505955123,246,shallow_gbt
1981405533501608229,605700792,2025-10-23 17:01:06+00:00,0,0.029459863919230764,246,shallow_gbt
1982863923604033904,605700792,2025-10-27 17:36:13+00:00,0,0.04417774340089459,251,shallow_gbt
1982868323735089546,605700792,2025-10-27 17:53:42+00:00,0,0.055286506384855785,251,shallow_gbt
1982868325140230506,605700792,2025-10-27 17:53:43+00:00,0,0.4007740673879531,251,shallow_gbt
1983328781524935096,605700792,2025-10-29 00:23:24+00:00,0,0.062384692567777164,252,shallow_gbt
1983964742919319976,605700792,2025-10-30 18:30:29+00:00,0,0.06429037699129626,254,shallow_gbt
1984385007042089328,605700792,2025-10-31 22:20:28+00:00,0,0.050780191853400415,254,shallow_gbt
1985431247095808489,605700792,2025-11-03 19:37:51+00:00,0,0.04943740796823832,258,shallow_gbt
1985771116691087613,605700792,2025-11-04 18:08:22+00:00,0,0.7436173737370774,260,shallow_gbt
1985794602859970649,605700792,2025-11-04 19:41:42+00:00,0,0.7680190825084504,260,shallow_gbt
1986112854668550308,605700792,2025-11-05 16:46:19+00:00,0,0.055854849489442616,261,shallow_gbt
1986889205415616817,605700792,2025-11-07 20:11:15+00:00,1,0.15006654770662664,266,shallow_gbt
1987635521838047459,605700792,2025-11-09 21:36:51+00:00,1,0.04409145558311554,268,shallow_gbt
1987636012739420357,605700792,2025-11-09 21:38:48+00:00,1,0.042471242876915866,268,shallow_gbt
1988039525097173249,605700792,2025-11-11 00:22:13+00:00,0,0.0703341359899452,270,shallow_gbt
1988055934946759023,605700792,2025-11-11 01:27:25+00:00,0,0.05865041013847085,270,shallow_gbt
1988277941277782381,605700792,2025-11-11 16:09:36+00:00,0,0.0357176711825578,272,shallow_gbt
1988312387146133915,605700792,2025-11-11 18:26:28+00:00,0,0.04427741550170515,273,shallow_gbt
1988429787975860655,605700792,2025-11-12 02:12:59+00:00,0,0.06314610450489092,274,shallow_gbt
1988662096503111807,605700792,2025-11-12 17:36:06+00:00,0,0.04919165927843558,275,shallow_gbt
1989014619495755840,605700792,2025-11-13 16:56:54+00:00,0,0.033513053940702794,276,shallow_gbt
1989060437326090735,605700792,2025-11-13 19:58:57+00:00,0,0.052514278726468834,277,shallow_gbt
1989195587296862319,605700792,2025-11-14 04:56:00+00:00,1,0.03440183453521476,278,shallow_gbt
1989195734193951031,605700792,2025-11-14 04:56:35+00:00,1,0.047384357096501774,278,shallow_gbt
1990502364269429223,605700792,2025-11-17 19:28:40+00:00,0,0.410217943899394,282,shallow_gbt
1990520407238324427,605700792,2025-11-17 20:40:21+00:00,1,0.010291904132897,282,shallow_gbt
1990658075066577342,605700792,2025-11-18 05:47:24+00:00,1,0.05380747706783642,286,shallow_gbt
1990822181304193403,605700792,2025-11-18 16:39:30+00:00,0,0.036519709094188384,290,shallow_gbt
1990903812497027495,605700792,2025-11-18 22:03:52+00:00,0,0.03295365551945921,291,shallow_gbt
1991995565950050466,605700792,2025-11-21 22:22:07+00:00,0,0.02949640410304323,304,shallow_gbt
1992401666906509404,605700792,2025-11-23 01:15:49+00:00,0,0.03662149289722701,307,shallow_gbt
1992401670345732602,605700792,2025-11-23 01:15:49+00:00,0,0.05200449872752565,307,shallow_gbt
1992968981947572531,605700792,2025-11-24 14:50:07+00:00,0,0.04297057085710099,310,shallow_gbt
1993032173956559022,605700792,2025-11-24 19:01:13+00:00,0,0.008900688022158326,311,shallow_gbt
1993408593752998351,605700792,2025-11-25 19:56:59+00:00,0,0.03535264738465295,311,shallow_gbt
1993465691421478944,605700792,2025-11-25 23:43:52+00:00,0,0.027728817303995058,311,shallow_gbt
1993466831252926864,605700792,2025-11-25 23:48:24+00:00,0,0.010842483373968627,311,shallow_gbt
1993536039651361023,605700792,2025-11-26 04:23:24+00:00,0,0.028060244781072188,311,shallow_gbt
1993765804903682479,605700792,2025-11-26 19:36:24+00:00,0,0.06144032032004963,314,shallow_gbt
1994922827208663383,605700792,2025-11-30 00:14:00+00:00,0,0.7492561698139952,325,shallow_gbt
1994922834477351317,605700792,2025-11-30 00:14:02+00:00,0,0.060885175724223556,325,shallow_gbt
1994963677666333024,605700792,2025-11-30 02:56:20+00:00,0,0.05687278526202465,325,shallow_gbt
1995265513669472492,605700792,2025-11-30 22:55:43+00:00,0,0.04205606710525098,327,shallow_gbt
1995629080897810492,605700792,2025-12-01 23:00:24+00:00,0,0.056022051697424836,329,shallow_gbt
1995629083766702163,605700792,2025-12-01 23:00:25+00:00,0,0.07649533845517462,329,shallow_gbt
1995870549348659609,605700792,2025-12-02 14:59:55+00:00,0,0.033953134607953274,332,shallow_gbt
1995885002249338883,605700792,2025-12-02 15:57:20+00:00,0,0.2830070880684642,332,shallow_gbt
1996270789385969821,605700792,2025-12-03 17:30:19+00:00,0,0.02071953302450061,333,shallow_gbt
1996279106678497380,605700792,2025-12-03 18:03:22+00:00,0,0.021134764812469384,333,shallow_gbt
1996358156453310773,605700792,2025-12-03 23:17:29+00:00,1,0.05236172208461605,334,shallow_gbt
1996635903943758100,605700792,2025-12-04 17:41:09+00:00,0,0.03925135151744372,334,shallow_gbt
1996640861103555013,605700792,2025-12-04 18:00:51+00:00,0,0.037045613151494836,334,shallow_gbt
1997096186981785964,605700792,2025-12-06 00:10:09+00:00,0,0.15420383580480204,337,shallow_gbt
1997503730674196589,605700792,2025-12-07 03:09:35+00:00,0,0.02838540675569211,339,shallow_gbt
1997881396447297603,605700792,2025-12-08 04:10:18+00:00,0,0.03683469988562485,340,shallow_gbt
1998123852615045400,605700792,2025-12-08 20:13:44+00:00,0,0.34898076426237457,341,shallow_gbt
1998167470356775347,605700792,2025-12-08 23:07:03+00:00,0,0.10104745206756151,341,shallow_gbt
1998442329636745505,605700792,2025-12-09 17:19:15+00:00,0,0.15731767190642595,342,shallow_gbt
1998470844457402627,605700792,2025-12-09 19:12:33+00:00,0,0.051276538033378734,342,shallow_gbt
1998612691603304922,605700792,2025-12-10 04:36:12+00:00,0,0.03531395743949977,343,shallow_gbt
1998943350377034124,605700792,2025-12-11 02:30:07+00:00,1,0.17156753927083504,343,shallow_gbt
1998948292240224313,605700792,2025-12-11 02:49:46+00:00,1,0.029824029954261866,343,shallow_gbt
1998949881680113992,605700792,2025-12-11 02:56:05+00:00,1,0.08211241422006757,343,shallow_gbt
1999015482482110774,605700792,2025-12-11 07:16:45+00:00,1,0.06879326946805553,343,shallow_gbt
1999277930938290615,605700792,2025-12-12 00:39:38+00:00,0,0.03121671393579937,345,shallow_gbt
2000654136061370651,605700792,2025-12-15 19:48:11+00:00,0,0.033535570819195906,354,shallow_gbt
2001079324460638565,605700792,2025-12-16 23:57:43+00:00,1,0.06617221230031584,354,shallow_gbt
2001108837214876066,605700792,2025-12-17 01:55:00+00:00,1,0.1503190391184271,354,shallow_gbt
2002114423843107255,605700792,2025-12-19 20:30:50+00:00,0,0.03184335389348134,354,shallow_gbt
2002156180559573460,605700792,2025-12-19 23:16:46+00:00,0,0.03340024690728436,354,shallow_gbt
2002165900158644347,605700792,2025-12-19 23:55:23+00:00,0,0.03730212205705549,354,shallow_gbt
2002233659957592280,605700792,2025-12-20 04:24:38+00:00,0,0.06446544988343626,354,shallow_gbt
2002469986930217207,605700792,2025-12-20 20:03:43+00:00,0,0.039606104064463986,354,shallow_gbt
2003150133375172900,605700792,2025-12-22 17:06:23+00:00,0,0.03882197065884923,356,shallow_gbt
2003274479678722528,605700792,2025-12-23 01:20:29+00:00,0,0.041427505936332834,357,shallow_gbt
2003533729080463698,605700792,2025-12-23 18:30:39+00:00,0,0.3369614355298312,357,shallow_gbt
2003594067750584680,605700792,2025-12-23 22:30:25+00:00,0,0.045602606363283456,358,shallow_gbt
2003644305072881910,605700792,2025-12-24 01:50:02+00:00,0,0.7874312376326249,358,shallow_gbt
2004280393839821311,605700792,2025-12-25 19:57:38+00:00,0,0.03804098252758246,360,shallow_gbt
2004405295775469665,605700792,2025-12-26 04:13:57+00:00,0,0.030747989645279552,360,shallow_gbt
2004406389360460070,605700792,2025-12-26 04:18:17+00:00,0,0.05474753982424463,360,shallow_gbt
2004406869939683671,605700792,2025-12-26 04:20:12+00:00,0,0.03486101759498862,360,shallow_gbt
2004631668884472086,605700792,2025-12-26 19:13:28+00:00,0,0.042638195684572874,360,shallow_gbt
2004756962890993834,605700792,2025-12-27 03:31:21+00:00,0,0.06562514191606651,362,shallow_gbt
2004993499289264254,605700792,2025-12-27 19:11:15+00:00,0,0.03307836885083984,362,shallow_gbt
2005085844722647075,605700792,2025-12-28 01:18:12+00:00,0,0.05480832425057819,362,shallow_gbt
2005736558578856430,605700792,2025-12-29 20:23:55+00:00,0,0.05851064224226998,363,shallow_gbt
2005742822847369513,605700792,2025-12-29 20:48:48+00:00,0,0.029267633385133097,363,shallow_gbt
2006160908205146195,605700792,2025-12-31 00:30:07+00:00,0,0.5983639731702318,363,shallow_gbt
2006161471382688067,605700792,2025-12-31 00:32:22+00:00,0,0.022099852516082107,363,shallow_gbt
2008698877986349383,605700792,2026-01-07 00:35:06+00:00,0,0.0496767759808288,365,shallow_gbt
2008703788627206288,605700792,2026-01-07 00:54:37+00:00,0,0.03174723628608483,365,shallow_gbt
2008943581193801844,605700792,2026-01-07 16:47:28+00:00,0,0.03386437590312347,366,shallow_gbt
2009012760194240891,605700792,2026-01-07 21:22:22+00:00,0,0.028069306527178917,366,shallow_gbt
2011530170851869028,605700792,2026-01-14 20:05:39+00:00,0,0.021945835995503888,372,shallow_gbt
2011622052457783432,605700792,2026-01-15 02:10:46+00:00,0,0.03399077317380185,374,shallow_gbt
2011834003444404424,605700792,2026-01-15 16:12:59+00:00,0,0.031512759631653946,375,shallow_gbt
2011853930968596973,605700792,2026-01-15 17:32:10+00:00,0,0.054611078736976154,375,shallow_gbt
2012297126211109141,605700792,2026-01-16 22:53:16+00:00,1,0.030846066479034203,381,shallow_gbt
2012695273550589977,605700792,2026-01-18 01:15:21+00:00,1,0.043173706287339485,383,shallow_gbt
2014451475024625935,605700792,2026-01-22 21:33:53+00:00,0,0.03822691343344505,397,shallow_gbt
2014491376604549135,605700792,2026-01-23 00:12:26+00:00,0,0.02603973431440998,397,shallow_gbt
2014776723917963326,605700792,2026-01-23 19:06:18+00:00,0,0.03629083839592008,400,shallow_gbt
2014828363450614255,605700792,2026-01-23 22:31:30+00:00,0,0.03416156373699433,400,shallow_gbt
2015543492643369300,605700792,2026-01-25 21:53:10+00:00,0,0.48952444006775625,403,shallow_gbt
2015848539994325075,605700792,2026-01-26 18:05:19+00:00,0,0.03660540426549336,403,shallow_gbt
2015908355446079783,605700792,2026-01-26 22:03:00+00:00,0,0.20716554094252954,407,shallow_gbt
2015910475364728968,605700792,2026-01-26 22:11:25+00:00,0,0.03129570450587365,407,shallow_gbt
2016165797907853662,605700792,2026-01-27 15:05:59+00:00,0,0.04826913353092016,408,shallow_gbt
2016196503644033521,605700792,2026-01-27 17:08:00+00:00,0,0.37606147396498874,408,shallow_gbt
2016332563879502219,605700792,2026-01-28 02:08:39+00:00,0,0.06662789947460401,408,shallow_gbt
2016500601798992083,605700792,2026-01-28 13:16:22+00:00,0,0.06227915138664311,408,shallow_gbt
2016640349561639234,605700792,2026-01-28 22:31:41+00:00,0,0.04875728198559461,409,shallow_gbt
2016643357502513467,605700792,2026-01-28 22:43:38+00:00,0,0.04187341248424115,409,shallow_gbt
2016958191871885377,605700792,2026-01-29 19:34:40+00:00,0,0.38918754259227545,412,shallow_gbt
2016963751719600320,605700792,2026-01-29 19:56:46+00:00,0,0.03833517556864745,412,shallow_gbt
2017006454679507009,605700792,2026-01-29 22:46:27+00:00,0,0.04958348807692653,412,shallow_gbt
2017073570036535450,605700792,2026-01-30 03:13:09+00:00,0,0.04493567165717917,412,shallow_gbt
2017326503185522912,605700792,2026-01-30 19:58:13+00:00,0,0.04635356389850546,413,shallow_gbt
2017326986092478730,605700792,2026-01-30 20:00:08+00:00,0,0.039464235540683325,413,shallow_gbt
2017400526032576883,605700792,2026-01-31 00:52:21+00:00,0,0.05729389278093354,413,shallow_gbt
2017408525966970907,605700792,2026-01-31 01:24:08+00:00,0,0.04343574358601187,413,shallow_gbt
2017408757526106212,605700792,2026-01-31 01:25:04+00:00,0,0.06089939219010322,413,shallow_gbt
2018448321120174340,605700792,2026-02-02 22:15:55+00:00,0,0.15556877266892452,417,shallow_gbt
2018452550689980471,605700792,2026-02-02 22:32:43+00:00,0,0.04391911159445859,417,shallow_gbt
2018484270533427312,605700792,2026-02-03 00:38:46+00:00,0,0.03957874256171802,417,shallow_gbt
2018744402668372436,605700792,2026-02-03 17:52:26+00:00,0,0.05782353010747407,419,shallow_gbt
2018744803081740528,605700792,2026-02-03 17:54:02+00:00,0,0.04630572520194777,419,shallow_gbt
2018782718096810200,605700792,2026-02-03 20:24:41+00:00,0,0.2806504372673562,419,shallow_gbt
2019524439873142888,605700792,2026-02-05 21:32:02+00:00,1,0.03678116228040833,423,shallow_gbt
2019532485626065317,605700792,2026-02-05 22:04:00+00:00,1,0.5563976051362041,423,shallow_gbt
2019544061510873238,605700792,2026-02-05 22:50:00+00:00,1,0.1046876057156609,423,shallow_gbt
2019574512124326012,605700792,2026-02-06 00:51:00+00:00,1,0.03966355420180782,423,shallow_gbt
2019832751168659883,605700792,2026-02-06 17:57:09+00:00,0,0.07927423643251329,425,shallow_gbt
2019832811017101801,605700792,2026-02-06 17:57:23+00:00,0,0.04803323630173897,425,shallow_gbt
2019871947094651215,605700792,2026-02-06 20:32:54+00:00,0,0.05328890640712155,425,shallow_gbt
2020983043297771958,605700792,2026-02-09 22:08:00+00:00,0,0.2520606103929347,431,shallow_gbt
2021280624716239320,605700792,2026-02-10 17:50:29+00:00,0,0.05887347828421257,432,shallow_gbt
2022040725937102909,605700792,2026-02-12 20:10:51+00:00,0,0.18644477715002425,434,shallow_gbt
2022459120050409852,605700792,2026-02-13 23:53:24+00:00,1,0.301399963569179,434,shallow_gbt
2023815960323649856,605700792,2026-02-17 17:45:00+00:00,0,0.0549831809231386,440,shallow_gbt
2024284301068816570,605700792,2026-02-19 00:46:01+00:00,0,0.061909529164333885,443,shallow_gbt
2024627759805505961,605700792,2026-02-19 23:30:48+00:00,1,0.04546432807243884,443,shallow_gbt
2024888735951982766,605700792,2026-02-20 16:47:49+00:00,0,0.06051574599538149,443,shallow_gbt
2025066880566952094,605700792,2026-02-21 04:35:42+00:00,0,0.3903231699768214,446,shallow_gbt
2025067088495390886,605700792,2026-02-21 04:36:32+00:00,0,0.6752278777369731,446,shallow_gbt
2025254192940757164,605700792,2026-02-21 17:00:01+00:00,0,0.050900192700027914,446,shallow_gbt
2026028297822588941,605700792,2026-02-23 20:16:02+00:00,0,0.08539718792409466,448,shallow_gbt
2026028329783189595,605700792,2026-02-23 20:16:10+00:00,0,0.33763724244429055,448,shallow_gbt
2026436165440778404,605700792,2026-02-24 23:16:45+00:00,0,0.06891941742165011,451,shallow_gbt
2026452080311824868,605700792,2026-02-25 00:20:00+00:00,0,0.6420942419209638,451,shallow_gbt
2026793469768073459,605700792,2026-02-25 22:56:33+00:00,1,0.055934050591296434,452,shallow_gbt
2027802815046029745,605700792,2026-02-28 17:47:20+00:00,1,0.07442860337443334,457,shallow_gbt
2027802817013158000,605700792,2026-02-28 17:47:20+00:00,1,0.19632659963300603,457,shallow_gbt
2027893294211186945,605700792,2026-02-28 23:46:52+00:00,1,0.15665438897437434,458,shallow_gbt
2028980936683946018,605700792,2026-03-03 23:48:46+00:00,0,0.07078506664130528,465,shallow_gbt
2028980939380998628,605700792,2026-03-03 23:48:47+00:00,0,0.1826890873190654,465,shallow_gbt
2028981421902066103,605700792,2026-03-03 23:50:42+00:00,0,0.06865422129490537,465,shallow_gbt
2029300753496416329,605700792,2026-03-04 20:59:36+00:00,0,0.1296143566284925,466,shallow_gbt
2029301551089570222,605700792,2026-03-04 21:02:47+00:00,0,0.07602796999715446,466,shallow_gbt
2029353701425774882,605700792,2026-03-05 00:30:00+00:00,0,0.5849377676615777,466,shallow_gbt
2029412625746968714,605700792,2026-03-05 04:24:09+00:00,0,0.07474474941419743,467,shallow_gbt
2029412774808568237,605700792,2026-03-05 04:24:44+00:00,0,0.06568108217804935,467,shallow_gbt
2030824452767003070,605700792,2026-03-09 01:54:15+00:00,0,0.10810182363892104,473,shallow_gbt
2030835715089514970,605700792,2026-03-09 02:39:00+00:00,0,0.07499225899003478,473,shallow_gbt
2031106624094613938,605700792,2026-03-09 20:35:29+00:00,0,0.47989278705782384,473,shallow_gbt
2031874122947707207,605700792,2026-03-11 23:25:15+00:00,0,0.0761568895132374,474,shallow_gbt
2032143283951190098,605700792,2026-03-12 17:14:48+00:00,0,0.06020602147304577,474,shallow_gbt
2032521471634071802,605700792,2026-03-13 18:17:35+00:00,0,0.5543863885505009,477,shallow_gbt
2033736673197232267,605700792,2026-03-17 02:46:22+00:00,0,0.0677398400608396,480,shallow_gbt
2033784669079277621,605700792,2026-03-17 05:57:05+00:00,0,0.06489049042786564,481,shallow_gbt
2033947181389144469,605700792,2026-03-17 16:42:51+00:00,0,0.08697627733361947,481,shallow_gbt
2034032880188592131,605700792,2026-03-17 22:23:23+00:00,0,0.08194173090691681,482,shallow_gbt
2034101337198367068,605700792,2026-03-18 02:55:25+00:00,0,0.19051092415616547,482,shallow_gbt
2035098172700467279,605700792,2026-03-20 20:56:29+00:00,0,0.088851654864559,485,shallow_gbt
2035098174294303207,605700792,2026-03-20 20:56:29+00:00,0,0.3493044545401636,485,shallow_gbt
2035098175661645961,605700792,2026-03-20 20:56:30+00:00,0,0.2502546278286908,485,shallow_gbt
2035098177079304309,605700792,2026-03-20 20:56:30+00:00,0,0.04667036349554684,485,shallow_gbt
2035098178484412802,605700792,2026-03-20 20:56:30+00:00,0,0.32206700172923775,485,shallow_gbt
2035098181378482478,605700792,2026-03-20 20:56:31+00:00,0,0.04710538575793892,485,shallow_gbt
2035098183270068713,605700792,2026-03-20 20:56:31+00:00,0,0.04689908680768114,485,shallow_gbt
2035098179876921595,605700792,2026-03-20 20:56:31+00:00,0,0.29040256588143626,485,shallow_gbt
2035098184801034642,605700792,2026-03-20 20:56:32+00:00,0,0.06415379707443404,485,shallow_gbt
2035478403995087152,605700792,2026-03-21 22:07:23+00:00,0,0.06954275198137415,486,shallow_gbt
2035871150841221156,605700792,2026-03-23 00:08:01+00:00,0,0.12485840592120848,487,shallow_gbt
2035873089045909973,605700792,2026-03-23 00:15:43+00:00,0,0.30657533813974475,487,shallow_gbt
2036915091120284091,605700792,2026-03-25 21:16:16+00:00,0,0.06633670704532642,491,shallow_gbt
2037321515528835517,605700792,2026-03-27 00:11:15+00:00,0,0.06553728760893544,492,shallow_gbt
2037321516904509538,605700792,2026-03-27 00:11:15+00:00,0,0.06776302862449583,492,shallow_gbt
2037564090978361407,605700792,2026-03-27 16:15:10+00:00,0,0.06116863074001273,493,shallow_gbt
2039060932895113299,605700792,2026-03-31 19:23:04+00:00,0,0.0566758390294966,500,shallow_gbt
2039084177317126236,605700792,2026-03-31 20:55:26+00:00,0,0.06687740726354548,501,shallow_gbt
2039801627838738926,605700792,2026-04-02 20:26:20+00:00,0,0.2635742389046018,504,shallow_gbt
2040059243462537227,605700792,2026-04-03 13:30:00+00:00,0,0.1760738995812724,505,shallow_gbt
2040910116707537261,605700792,2026-04-05 21:51:04+00:00,0,0.2044932625442086,509,shallow_gbt
2041163324440903877,605700792,2026-04-06 14:37:14+00:00,0,0.03821068382202563,510,shallow_gbt
2041221757705789598,605700792,2026-04-06 18:29:25+00:00,0,0.06084594340120654,510,shallow_gbt
2041573811590721647,605700792,2026-04-07 17:48:21+00:00,0,0.06882413739063586,512,shallow_gbt
2041623199344136421,605700792,2026-04-07 21:04:36+00:00,0,0.057920851136979444,512,shallow_gbt
2041940987912871982,605700792,2026-04-08 18:07:23+00:00,0,0.07340511392950752,513,shallow_gbt
2042704969443549595,605700792,2026-04-10 20:43:10+00:00,0,0.058336598385824515,515,shallow_gbt
2046301753273151996,605700792,2026-04-20 18:55:31+00:00,0,0.39237128974060914,540,shallow_gbt
2046327072898052197,605700792,2026-04-20 20:36:07+00:00,0,0.09604202323970909,540,shallow_gbt
2046327074953244727,605700792,2026-04-20 20:36:08+00:00,0,0.15573302719557153,540,shallow_gbt
2046703249223495820,605700792,2026-04-21 21:30:55+00:00,0,0.04108117535214415,543,shallow_gbt
2046730273862390231,605700792,2026-04-21 23:18:18+00:00,0,0.04901430407270027,543,shallow_gbt
2046951776780439823,605700792,2026-04-22 13:58:28+00:00,0,0.08427107276461061,544,shallow_gbt
2047353327730754011,605700792,2026-04-23 16:34:05+00:00,0,0.07478301464703914,546,shallow_gbt
2047353329383309382,605700792,2026-04-23 16:34:06+00:00,0,0.2094272025322972,546,shallow_gbt
2047353331404964341,605700792,2026-04-23 16:34:06+00:00,0,0.16307662714487775,546,shallow_gbt
2047353333468610723,605700792,2026-04-23 16:34:07+00:00,0,0.16270094871112745,546,shallow_gbt
2047353335536357724,605700792,2026-04-23 16:34:07+00:00,0,0.07865323581199365,546,shallow_gbt
2047740014126325970,605700792,2026-04-24 18:10:39+00:00,0,0.042545421310572526,549,shallow_gbt
2048582660684124263,605700792,2026-04-27 01:59:01+00:00,0,0.0851685833749187,553,shallow_gbt
2048584630178332674,605700792,2026-04-27 02:06:51+00:00,0,0.4249948558079006,553,shallow_gbt
2051354922969698316,605700792,2026-05-04 17:35:00+00:00,0,0.07345806912471015,567,shallow_gbt
2051354924278264116,605700792,2026-05-04 17:35:00+00:00,0,0.09224348698146455,567,shallow_gbt
2052067593578549739,605700792,2026-05-06 16:46:54+00:00,0,0.12397531519615336,568,shallow_gbt
2052887141894799538,605700792,2026-05-08 23:03:30+00:00,0,0.08126072228951026,569,shallow_gbt
2054334791823360303,605700792,2026-05-12 22:55:56+00:00,0,0.22578458819750655,573,shallow_gbt
2054797602219262039,605700792,2026-05-14 05:34:59+00:00,0,0.6531349395129538,574,shallow_gbt
2054985595030847868,605700792,2026-05-14 18:02:00+00:00,0,0.09926669579185651,574,shallow_gbt
2055012020790112480,605700792,2026-05-14 19:47:00+00:00,0,0.0827709750036432,574,shallow_gbt
2055322366839001470,605700792,2026-05-15 16:20:12+00:00,0,0.08590869145085882,575,shallow_gbt
2056494739155984524,605700792,2026-05-18 21:58:48+00:00,0,0.18033137920990341,581,shallow_gbt
2056909794972516732,605700792,2026-05-20 01:28:05+00:00,0,0.0917442722421721,583,shallow_gbt
2057980041951363152,605700792,2026-05-23 00:20:52+00:00,0,0.08288753394713388,595,shallow_gbt
2059340250720469045,605700792,2026-05-26 18:25:51+00:00,0,0.12073256104477163,600,shallow_gbt
2059659590745424213,605700792,2026-05-27 15:34:47+00:00,0,0.13290613784231584,600,shallow_gbt
2059721027647905890,605700792,2026-05-27 19:38:55+00:00,0,0.08138269620441017,600,shallow_gbt
2059734714806857867,605700792,2026-05-27 20:33:18+00:00,0,0.5648428576669164,600,shallow_gbt
2060011381072773619,605700792,2026-05-28 14:52:41+00:00,0,0.3433036938237819,601,shallow_gbt
2060011382716977412,605700792,2026-05-28 14:52:41+00:00,0,0.5362349225525236,601,shallow_gbt
2060229087113904144,605700792,2026-05-29 05:17:46+00:00,1,0.11223982180164054,602,shallow_gbt
2061554505674793217,605700792,2026-06-01 21:04:30+00:00,0,0.07499682105145514,608,shallow_gbt
2061822671084798120,605700792,2026-06-02 14:50:06+00:00,0,0.10948940999609752,610,shallow_gbt
2061905160088240305,605700792,2026-06-02 20:17:53+00:00,0,0.46745029174360925,611,shallow_gbt
2062198005948923925,605700792,2026-06-03 15:41:33+00:00,0,0.11177610208637169,612,shallow_gbt
2062530235266957749,605700792,2026-06-04 13:41:42+00:00,0,0.1037171147104818,616,shallow_gbt
2063368679866208664,605700792,2026-06-06 21:13:23+00:00,0,0.15388400188601384,622,shallow_gbt
2064405257749242032,605700792,2026-06-09 17:52:22+00:00,0,0.09668361399234068,630,shallow_gbt
2064405466126434309,605700792,2026-06-09 17:53:12+00:00,0,0.4846495025304775,630,shallow_gbt
2064409512455393388,605700792,2026-06-09 18:09:17+00:00,0,0.2680031926763552,630,shallow_gbt
2065442952806027320,605700792,2026-06-12 14:35:48+00:00,0,0.14362624928846626,632,shallow_gbt
2066498557150998570,605700792,2026-06-15 12:30:24+00:00,0,0.12747649184104262,639,shallow_gbt
2066505950039527712,605700792,2026-06-15 12:59:46+00:00,0,0.14247473802384242,639,shallow_gbt
2066531788550295920,605700792,2026-06-15 14:42:27+00:00,0,0.13839664125849405,641,shallow_gbt
2067634505914155336,605700792,2026-06-18 15:44:15+00:00,0,0.22368152915101322,647,shallow_gbt
2067704868643738008,605700792,2026-06-18 20:23:51+00:00,1,0.13833203836288863,647,shallow_gbt
2067754874813710593,605700792,2026-06-18 23:42:33+00:00,1,0.12972603902139196,647,shallow_gbt
2067754876109774854,605700792,2026-06-18 23:42:34+00:00,1,0.10286491138965577,647,shallow_gbt
2068041675264688273,605700792,2026-06-19 18:42:12+00:00,1,0.14792309128667702,647,shallow_gbt
2068887258149871697,605700792,2026-06-22 02:42:15+00:00,1,0.21346645357729913,650,shallow_gbt
2069083242704273719,605700792,2026-06-22 15:41:01+00:00,0,0.04949121133274704,650,shallow_gbt
2070160108424663202,605700792,2026-06-25 15:00:06+00:00,0,0.10982471488717863,659,shallow_gbt
2070186626928529892,605700792,2026-06-25 16:45:28+00:00,0,0.1449719339339283,659,shallow_gbt
2070186628589449475,605700792,2026-06-25 16:45:29+00:00,0,0.3357765457251323,659,shallow_gbt
2070563776420782115,605700792,2026-06-26 17:44:08+00:00,0,0.14230883930125993,664,shallow_gbt
2070587111884120130,605700792,2026-06-26 19:16:51+00:00,0,0.21640689294592796,664,shallow_gbt
2071630137414619508,605700792,2026-06-29 16:21:28+00:00,0,0.2815785352310363,667,shallow_gbt
2071692785460072819,605700792,2026-06-29 20:30:24+00:00,0,0.14165738079706322,667,shallow_gbt
2072357156012081527,605700792,2026-07-01 16:30:23+00:00,0,0.2628610147790266,669,shallow_gbt
2072375574035583273,605700792,2026-07-01 17:43:34+00:00,0,0.08346970398924047,670,shallow_gbt
2072375933915525312,605700792,2026-07-01 17:45:00+00:00,0,0.2562375541431451,670,shallow_gbt
2072378897912455230,605700792,2026-07-01 17:56:46+00:00,1,0.2850504631402742,670,shallow_gbt
2073453889068695799,605700792,2026-07-04 17:08:24+00:00,0,0.1482627173433669,671,shallow_gbt
2074205699123327371,605700792,2026-07-06 18:55:50+00:00,0,0.1996491972012282,674,shallow_gbt
2074587444595560870,605700792,2026-07-07 20:12:45+00:00,0,0.24094659510617575,676,shallow_gbt
2074588628270137489,605700792,2026-07-07 20:17:27+00:00,0,0.18051736337843113,676,shallow_gbt
2074588631457841308,605700792,2026-07-07 20:17:28+00:00,0,0.2525477915114051,676,shallow_gbt
2074646246476890610,605700792,2026-07-08 00:06:24+00:00,0,0.20205946628871946,676,shallow_gbt
2074695821896065360,605700792,2026-07-08 03:23:24+00:00,0,0.19002548113965786,676,shallow_gbt
2074922515328348610,605700792,2026-07-08 18:24:12+00:00,0,0.26317997615597216,680,shallow_gbt
2074952799121776709,605700792,2026-07-08 20:24:32+00:00,0,0.21101745050617873,680,shallow_gbt
2074952874346578107,605700792,2026-07-08 20:24:50+00:00,0,0.16577083482274618,680,shallow_gbt
2074953820690587714,605700792,2026-07-08 20:28:36+00:00,0,0.09553200411160351,680,shallow_gbt
2075005637852020928,605700792,2026-07-08 23:54:30+00:00,0,0.18648485689587968,680,shallow_gbt
2075310357493796969,605700792,2026-07-09 20:05:21+00:00,1,0.1373823464033236,683,shallow_gbt
2075424700059333035,605700792,2026-07-10 03:39:42+00:00,1,0.34837602712315013,684,shallow_gbt
2075424842959175952,605700792,2026-07-10 03:40:16+00:00,1,0.10777873084898323,684,shallow_gbt
2075425035062509812,605700792,2026-07-10 03:41:02+00:00,1,0.20589675784208447,684,shallow_gbt
2075425266030293407,605700792,2026-07-10 03:41:57+00:00,1,0.051233821310413735,684,shallow_gbt
2075425431793377704,605700792,2026-07-10 03:42:37+00:00,1,0.2489543979612368,684,shallow_gbt
2076666114801877310,605700792,2026-07-13 13:52:39+00:00,0,0.184602659715694,688,shallow_gbt
2077814433762451646,605700792,2026-07-16 17:55:39+00:00,0,0.20625041110952005,696,shallow_gbt
1947465388843061641,914061,2025-07-22 01:15:05+00:00,0,0.0032386434044639934,36,shallow_gbt
1948046549260648589,914061,2025-07-23 15:44:24+00:00,0,0.0007845443778615656,36,shallow_gbt
1950943213889712149,914061,2025-07-31 15:34:43+00:00,0,0.001769612010896126,48,shallow_gbt
1951477125980287293,914061,2025-08-02 02:56:18+00:00,0,0.016260369517473464,51,shallow_gbt
1951666669010751594,914061,2025-08-02 15:29:28+00:00,0,0.014741109171166163,51,shallow_gbt
1951798756468564359,914061,2025-08-03 00:14:20+00:00,0,0.02352985906018371,51,shallow_gbt
1952053109666250874,914061,2025-08-03 17:05:03+00:00,0,0.015357358491238116,51,shallow_gbt
1952110754276200929,914061,2025-08-03 20:54:06+00:00,0,0.01926729429743143,51,shallow_gbt
1952780903086018699,914061,2025-08-05 17:17:02+00:00,0,0.8391999163504369,52,shallow_gbt
1953505866122236089,914061,2025-08-07 17:17:47+00:00,0,0.02379094715243985,52,shallow_gbt
1956189037435478277,914061,2025-08-15 02:59:45+00:00,0,0.021159839477076097,58,shallow_gbt
1957854649496867056,914061,2025-08-19 17:18:18+00:00,0,0.012527911936669302,61,shallow_gbt
1958312148935008369,914061,2025-08-20 23:36:14+00:00,0,0.011462495328844063,66,shallow_gbt
1959098026213220801,914061,2025-08-23 03:39:02+00:00,0,0.013102825519606598,70,shallow_gbt
1959660079722246546,914061,2025-08-24 16:52:26+00:00,0,0.010462246510117843,70,shallow_gbt
1959787184950788224,914061,2025-08-25 01:17:30+00:00,0,0.010463246749807496,71,shallow_gbt
1960070316111372735,914061,2025-08-25 20:02:34+00:00,0,0.8534188364698585,71,shallow_gbt
1960196953788305568,914061,2025-08-26 04:25:47+00:00,0,0.010375446714582619,72,shallow_gbt
1960807122666709242,914061,2025-08-27 20:50:22+00:00,0,0.01072676390387389,76,shallow_gbt
1960852529287455070,914061,2025-08-27 23:50:48+00:00,0,0.008777854662102992,76,shallow_gbt
1961112921150546063,914061,2025-08-28 17:05:30+00:00,0,0.016000345395928452,79,shallow_gbt
1961592190892982565,914061,2025-08-30 00:49:57+00:00,0,0.0054265926426725,84,shallow_gbt
1961844488445567067,914061,2025-08-30 17:32:30+00:00,0,0.007581560060713021,85,shallow_gbt
1961884479427080255,914061,2025-08-30 20:11:24+00:00,0,0.010070198918639854,85,shallow_gbt
1962295909892653208,914061,2025-08-31 23:26:17+00:00,0,0.012395162144842946,86,shallow_gbt
1962319895070458241,914061,2025-09-01 01:01:35+00:00,0,0.01081406406722439,86,shallow_gbt
1962319969783546322,914061,2025-09-01 01:01:53+00:00,0,0.005497523882574008,86,shallow_gbt
1962582305526206625,914061,2025-09-01 18:24:19+00:00,0,0.6255769252528597,87,shallow_gbt
1962748473138401646,914061,2025-09-02 05:24:36+00:00,0,0.014145761877906763,87,shallow_gbt
1964189550693273685,914061,2025-09-06 04:50:56+00:00,0,0.012640568387566012,90,shallow_gbt
1964372070890123489,914061,2025-09-06 16:56:12+00:00,0,0.016459201642582896,90,shallow_gbt
1964515570986209584,914061,2025-09-07 02:26:25+00:00,0,0.013816873567591108,91,shallow_gbt
1964912351196717301,914061,2025-09-08 04:43:05+00:00,0,0.8628038907037863,92,shallow_gbt
1964917120346861626,914061,2025-09-08 05:02:02+00:00,0,0.014394078233975498,92,shallow_gbt
1965253791718191383,914061,2025-09-09 03:19:51+00:00,0,0.017280308610657696,94,shallow_gbt
1965484622797840797,914061,2025-09-09 18:37:05+00:00,0,0.019883627274831152,94,shallow_gbt
1965577317935448113,914061,2025-09-10 00:45:25+00:00,0,0.020816272626364585,94,shallow_gbt
1965635682271187329,914061,2025-09-10 04:37:21+00:00,0,0.015992757931965966,94,shallow_gbt
1969229371912356273,914061,2025-09-20 02:37:23+00:00,0,0.012252520098628499,121,shallow_gbt
1969839611682984194,914061,2025-09-21 19:02:15+00:00,0,0.5296392388266645,122,shallow_gbt
1969866932557062471,914061,2025-09-21 20:50:49+00:00,0,0.011041347290456086,122,shallow_gbt
1970989665445687464,914061,2025-09-24 23:12:10+00:00,0,0.01774987012200553,128,shallow_gbt
1971069915991007724,914061,2025-09-25 04:31:03+00:00,0,0.00820350425396218,129,shallow_gbt
1971226298786906490,914061,2025-09-25 14:52:27+00:00,0,0.013373769508225586,131,shallow_gbt
1973229517213933956,914061,2025-10-01 03:32:32+00:00,0,0.009149358590200734,150,shallow_gbt
1973471766938001745,914061,2025-10-01 19:35:09+00:00,0,0.007458462606866234,151,shallow_gbt
1973971040947855474,914061,2025-10-03 04:39:05+00:00,0,0.01008469190710679,159,shallow_gbt
1974344042273267766,914061,2025-10-04 05:21:15+00:00,0,0.010229116736831955,164,shallow_gbt
1974510318933201021,914061,2025-10-04 16:21:59+00:00,0,0.00961823490844437,164,shallow_gbt
1974637047257370641,914061,2025-10-05 00:45:33+00:00,0,0.007952834964915296,164,shallow_gbt
1975010765913682214,914061,2025-10-06 01:30:35+00:00,0,0.010058489597973811,164,shallow_gbt
1975267269690441862,914061,2025-10-06 18:29:50+00:00,0,0.010214792702513574,164,shallow_gbt
1975274282398962099,914061,2025-10-06 18:57:42+00:00,0,0.00876873094643524,164,shallow_gbt
1975401848594116920,914061,2025-10-07 03:24:36+00:00,0,0.00786578773181974,164,shallow_gbt
1975771522758549617,914061,2025-10-08 03:53:33+00:00,0,0.00830613507922714,165,shallow_gbt
1976462057840181320,914061,2025-10-10 01:37:30+00:00,0,0.008595852992739033,169,shallow_gbt
1979312435694834048,914061,2025-10-17 22:23:53+00:00,0,0.02457798235616941,219,shallow_gbt
1979597667031511064,914061,2025-10-18 17:17:17+00:00,0,0.33551019130536164,225,shallow_gbt
1979648582224658538,914061,2025-10-18 20:39:36+00:00,0,0.0285215764476724,225,shallow_gbt
1979941267753824738,914061,2025-10-19 16:02:38+00:00,0,0.020995925866980892,225,shallow_gbt
1980085588549362123,914061,2025-10-20 01:36:07+00:00,0,0.02431622420545208,228,shallow_gbt
1980710354016669751,914061,2025-10-21 18:58:42+00:00,0,0.06667494152166907,230,shallow_gbt
1981043419062694123,914061,2025-10-22 17:02:11+00:00,0,0.01928821360215973,232,shallow_gbt
1983368863673921758,914061,2025-10-29 03:02:40+00:00,0,0.04087308067334807,245,shallow_gbt
1984648216730878262,914061,2025-11-01 15:46:22+00:00,0,0.0624455875432716,247,shallow_gbt
1984662238914093489,914061,2025-11-01 16:42:05+00:00,0,0.02733767168283962,247,shallow_gbt
1984788764963848463,914061,2025-11-02 01:04:51+00:00,0,0.020767084553912733,247,shallow_gbt
1985180770785481004,914061,2025-11-03 03:02:33+00:00,0,0.017886566312251228,247,shallow_gbt
1985507252120535429,914061,2025-11-04 00:39:52+00:00,0,0.050722980863042263,248,shallow_gbt
1985566097152885126,914061,2025-11-04 04:33:42+00:00,0,0.20610420541050492,248,shallow_gbt
1985868555980820605,914061,2025-11-05 00:35:34+00:00,0,0.022325522087327007,250,shallow_gbt
1986620885592113218,914061,2025-11-07 02:25:03+00:00,0,0.02125529366631391,251,shallow_gbt
1987269365725901293,914061,2025-11-08 21:21:53+00:00,0,0.02848152242483694,256,shallow_gbt
1987595537122791875,914061,2025-11-09 18:57:58+00:00,0,0.023556350283739376,256,shallow_gbt
1987945033971171705,914061,2025-11-10 18:06:44+00:00,0,0.020350025023961438,258,shallow_gbt
1989051715207983511,914061,2025-11-13 19:24:18+00:00,0,0.07044974395155507,272,shallow_gbt
1989813515650281968,914061,2025-11-15 21:51:25+00:00,0,0.024185486052995912,277,shallow_gbt
1990158009952297028,914061,2025-11-16 20:40:19+00:00,0,0.02891246675258624,277,shallow_gbt
1990594635614597230,914061,2025-11-18 01:35:19+00:00,0,0.02743097776532066,281,shallow_gbt
1990820579981840746,914061,2025-11-18 16:33:08+00:00,0,0.06882477904165782,287,shallow_gbt
1991745725726879875,914061,2025-11-21 05:49:20+00:00,1,0.03727931468929881,301,shallow_gbt
1991991192066933045,914061,2025-11-21 22:04:44+00:00,0,0.05094161952792877,301,shallow_gbt
1992097401671504075,914061,2025-11-22 05:06:46+00:00,0,0.06423091742920015,302,shallow_gbt
1992752275669049462,914061,2025-11-24 00:29:00+00:00,0,0.030522721283226455,308,shallow_gbt
1993548974805168280,914061,2025-11-26 05:14:48+00:00,0,0.026565665990697377,315,shallow_gbt
1993906667877195970,914061,2025-11-27 04:56:09+00:00,0,0.02987826793521817,318,shallow_gbt
1994083411137577126,914061,2025-11-27 16:38:28+00:00,0,0.02606767277541001,318,shallow_gbt
1994536868395061469,914061,2025-11-28 22:40:20+00:00,0,0.34782799411637705,320,shallow_gbt
1994563889657516439,914061,2025-11-29 00:27:43+00:00,0,0.0317399866835884,320,shallow_gbt
1994876287157244070,914061,2025-11-29 21:09:04+00:00,0,0.06014376576160327,323,shallow_gbt
1994900315292979426,914061,2025-11-29 22:44:33+00:00,0,0.02572294396960566,323,shallow_gbt
1995208111259599257,914061,2025-11-30 19:07:37+00:00,0,0.11123131158765402,327,shallow_gbt
1995676190913560798,914061,2025-12-02 02:07:36+00:00,0,0.03627228233679847,332,shallow_gbt
1995886909781147962,914061,2025-12-02 16:04:55+00:00,0,0.08889313486453161,336,shallow_gbt
1997014930273587423,914061,2025-12-05 18:47:16+00:00,0,0.33866343806856025,344,shallow_gbt
1997152030507556962,914061,2025-12-06 03:52:04+00:00,0,0.03030407686448451,345,shallow_gbt
1997465631650955504,914061,2025-12-07 00:38:12+00:00,0,0.02783204858803714,345,shallow_gbt
1997768912042369366,914061,2025-12-07 20:43:20+00:00,0,0.06164801247480927,346,shallow_gbt
1998247121271824796,914061,2025-12-09 04:23:34+00:00,0,0.035330793921603064,350,shallow_gbt
1998597578678829449,914061,2025-12-10 03:36:09+00:00,0,0.03122894504758808,352,shallow_gbt
1999191612321391058,914061,2025-12-11 18:56:38+00:00,0,0.06280097934684946,357,shallow_gbt
1999359216310714844,914061,2025-12-12 06:02:38+00:00,0,0.09394430983714103,360,shallow_gbt
1999531307823780343,914061,2025-12-12 17:26:27+00:00,0,0.1006295541760691,360,shallow_gbt
1999725887626125445,914061,2025-12-13 06:19:39+00:00,0,0.03475189332177517,362,shallow_gbt
2000439482957619580,914061,2025-12-15 05:35:13+00:00,0,0.032884994803298116,364,shallow_gbt
2002476175965466736,914061,2025-12-20 20:28:19+00:00,0,0.03724640518914784,372,shallow_gbt
2002805101510197370,914061,2025-12-21 18:15:21+00:00,0,0.08307910886008606,372,shallow_gbt
2003272570364198954,914061,2025-12-23 01:12:54+00:00,0,0.035150794916287774,373,shallow_gbt
2004654686629163154,914061,2025-12-26 20:44:56+00:00,0,0.05972246725998482,385,shallow_gbt
2005095077518201221,914061,2025-12-28 01:54:54+00:00,0,0.031362818334554975,389,shallow_gbt
2007958155137876183,914061,2026-01-04 23:31:44+00:00,0,0.05400554302527752,394,shallow_gbt
2008746912569283060,914061,2026-01-07 03:45:59+00:00,0,0.026441594480316077,396,shallow_gbt
2009125381622857783,914061,2026-01-08 04:49:53+00:00,0,0.04122026067972134,398,shallow_gbt
2009323784009089366,914061,2026-01-08 17:58:16+00:00,0,0.03804981269688255,398,shallow_gbt
2010055953157357622,914061,2026-01-10 18:27:38+00:00,0,0.054345813943933334,400,shallow_gbt
2011641513969660229,914061,2026-01-15 03:28:06+00:00,0,0.02677500735358715,405,shallow_gbt
2011870566144463220,914061,2026-01-15 18:38:16+00:00,0,0.08849149075551918,407,shallow_gbt
2012289037235577313,914061,2026-01-16 22:21:07+00:00,0,0.08327357600361886,411,shallow_gbt
2012353041782263965,914061,2026-01-17 02:35:27+00:00,0,0.10237307985738299,413,shallow_gbt
2013018817610518642,914061,2026-01-18 22:41:00+00:00,0,0.056085572294133496,415,shallow_gbt
2014047544020705548,914061,2026-01-21 18:48:48+00:00,0,0.029423288014068075,421,shallow_gbt
2014379893212250546,914061,2026-01-22 16:49:26+00:00,0,0.033072292182658405,425,shallow_gbt
2015860958149967887,914061,2026-01-26 18:54:39+00:00,0,0.05697518573354121,437,shallow_gbt
2016670711415525770,914061,2026-01-29 00:32:20+00:00,0,0.05590623740788628,451,shallow_gbt
2016727602619453888,914061,2026-01-29 04:18:24+00:00,0,0.031344144256190726,451,shallow_gbt
2017127995950203114,914061,2026-01-30 06:49:25+00:00,0,0.08911363553727744,455,shallow_gbt
2017432134198473041,914061,2026-01-31 02:57:57+00:00,0,0.04916768820274796,460,shallow_gbt
2017673895856545891,914061,2026-01-31 18:58:37+00:00,0,0.056184347999636675,460,shallow_gbt
2018125395930091819,914061,2026-02-02 00:52:44+00:00,0,0.07290876867848685,460,shallow_gbt
2018510268414976002,914061,2026-02-03 02:22:04+00:00,1,0.08136833416626406,464,shallow_gbt
2018919899436093948,914061,2026-02-04 05:29:48+00:00,0,0.03966279153918654,468,shallow_gbt
2019102184651256315,914061,2026-02-04 17:34:08+00:00,0,0.033265603044702254,469,shallow_gbt
2019479689170153599,914061,2026-02-05 18:34:12+00:00,0,0.06772620741141443,469,shallow_gbt
2019634114874470819,914061,2026-02-06 04:47:50+00:00,0,0.06986441780863935,473,shallow_gbt
2021090905126539398,914061,2026-02-10 05:16:36+00:00,0,0.04459642006048182,484,shallow_gbt
2022528168511320525,914061,2026-02-14 04:27:46+00:00,0,0.03893175786827804,489,shallow_gbt
2022737438838325687,914061,2026-02-14 18:19:20+00:00,0,0.05444867734379832,489,shallow_gbt
2022859327124463881,914061,2026-02-15 02:23:41+00:00,0,0.06838026470705481,489,shallow_gbt
2023152367366222151,914061,2026-02-15 21:48:07+00:00,0,0.12659377630509158,489,shallow_gbt
2023635013963559352,914061,2026-02-17 05:45:59+00:00,0,0.0850047654334511,490,shallow_gbt
2023822262097637478,914061,2026-02-17 18:10:02+00:00,0,0.07524776039847977,491,shallow_gbt
2026173183083331701,914061,2026-02-24 05:51:45+00:00,1,0.06299933764814568,506,shallow_gbt
2026426391533895962,914061,2026-02-24 22:37:55+00:00,0,0.061437154608367996,507,shallow_gbt
2026707314380882347,914061,2026-02-25 17:14:12+00:00,0,0.10596423037889148,509,shallow_gbt
2026855402990629132,914061,2026-02-26 03:02:39+00:00,1,0.07495468424326776,510,shallow_gbt
2026885050411745491,914061,2026-02-26 05:00:28+00:00,1,0.1972820843980653,510,shallow_gbt
2027474021910995106,914061,2026-02-27 20:00:50+00:00,0,0.04039981749923966,511,shallow_gbt
2027544515100254411,914061,2026-02-28 00:40:57+00:00,1,0.15734488097107022,511,shallow_gbt
2027884295268991104,914061,2026-02-28 23:11:06+00:00,1,0.06936264216016688,513,shallow_gbt
2028268614848303451,914061,2026-03-02 00:38:15+00:00,1,0.04587667426464996,514,shallow_gbt
2028711992320835686,914061,2026-03-03 06:00:05+00:00,0,0.0974949119439061,515,shallow_gbt
2029358591275335912,914061,2026-03-05 00:49:26+00:00,0,0.039760563661380886,526,shallow_gbt
2029658336065716498,914061,2026-03-05 20:40:31+00:00,1,0.10438728985764074,529,shallow_gbt
2030049511398330663,914061,2026-03-06 22:34:54+00:00,0,0.04164589900823584,529,shallow_gbt
2030344039757934833,914061,2026-03-07 18:05:15+00:00,0,0.09324573055691779,529,shallow_gbt
2030714592238956960,914061,2026-03-08 18:37:42+00:00,0,0.15172945711214708,529,shallow_gbt
2032329562390970811,914061,2026-03-13 05:35:01+00:00,0,0.16449569716605678,538,shallow_gbt
2032652452395434196,914061,2026-03-14 02:58:04+00:00,0,0.03433549881514725,539,shallow_gbt
2032889536066498595,914061,2026-03-14 18:40:09+00:00,0,0.04487262496862162,539,shallow_gbt
2033332698404851860,914061,2026-03-16 00:01:07+00:00,0,0.049619306834145734,539,shallow_gbt
2033749314997280850,914061,2026-03-17 03:36:36+00:00,0,0.35615319236065335,540,shallow_gbt
2034283304401113453,914061,2026-03-18 14:58:29+00:00,0,0.05261447709041626,545,shallow_gbt
2034484203522261293,914061,2026-03-19 04:16:47+00:00,0,0.069161652027186,545,shallow_gbt
2034833274506281061,914061,2026-03-20 03:23:52+00:00,1,0.04347315904776756,545,shallow_gbt
2035171720945115469,914061,2026-03-21 01:48:44+00:00,0,0.033249247062219156,554,shallow_gbt
2035762343502836020,914061,2026-03-22 16:55:39+00:00,0,0.03802573446740558,555,shallow_gbt
2036290915950797314,914061,2026-03-24 03:56:01+00:00,0,0.05670705995115923,558,shallow_gbt
2036478998667207012,914061,2026-03-24 16:23:23+00:00,0,0.05112285370624956,559,shallow_gbt
2037200776389681499,914061,2026-03-26 16:11:29+00:00,0,0.10562071850819867,560,shallow_gbt
2037383187245273477,914061,2026-03-27 04:16:19+00:00,1,0.329637266123866,562,shallow_gbt
2037744753073385518,914061,2026-03-28 04:13:03+00:00,0,0.06106966186771054,564,shallow_gbt
2037928306977509601,914061,2026-03-28 16:22:25+00:00,0,0.08336408188200013,564,shallow_gbt
2038263457125142742,914061,2026-03-29 14:34:11+00:00,0,0.045098606561552845,564,shallow_gbt
2038468564500537416,914061,2026-03-30 04:09:13+00:00,0,0.07227400099553717,564,shallow_gbt
2038816649927913834,914061,2026-03-31 03:12:23+00:00,0,0.05707912542512141,564,shallow_gbt
2039065077870157987,914061,2026-03-31 19:39:33+00:00,0,0.19751589939051772,566,shallow_gbt
2039216522028257549,914061,2026-04-01 05:41:20+00:00,0,0.11543268156851426,567,shallow_gbt
2039414479084278239,914061,2026-04-01 18:47:56+00:00,0,0.08835936206366377,567,shallow_gbt
2039722279014432932,914061,2026-04-02 15:11:02+00:00,0,0.07844456102786819,567,shallow_gbt
2039931799414194621,914061,2026-04-03 05:03:35+00:00,0,0.03308087401756661,568,shallow_gbt
2040264454982480138,914061,2026-04-04 03:05:27+00:00,0,0.06720567003543754,569,shallow_gbt
2040528801386361128,914061,2026-04-04 20:35:52+00:00,0,0.049918044451096745,569,shallow_gbt
2040650799550722243,914061,2026-04-05 04:40:38+00:00,0,0.05001496507807276,569,shallow_gbt
2040967947275948357,914061,2026-04-06 01:40:52+00:00,0,0.04180999616900426,571,shallow_gbt
2041347596342460439,914061,2026-04-07 02:49:28+00:00,0,0.05194624966116535,573,shallow_gbt
2041512156693201176,914061,2026-04-07 13:43:22+00:00,0,0.043724359254324975,573,shallow_gbt
2041732610179703100,914061,2026-04-08 04:19:22+00:00,0,0.0883962858476375,575,shallow_gbt
2041975669928702370,914061,2026-04-08 20:25:12+00:00,1,0.0949441431407572,576,shallow_gbt
2042285272985931972,914061,2026-04-09 16:55:27+00:00,0,0.09322578437832033,576,shallow_gbt
2042759653281456218,914061,2026-04-11 00:20:28+00:00,0,0.08657714775156071,577,shallow_gbt
2043051227387433144,914061,2026-04-11 19:39:05+00:00,0,0.07671839571348774,577,shallow_gbt
2043192337111924930,914061,2026-04-12 04:59:48+00:00,0,0.06311749284874181,577,shallow_gbt
2043318118169354302,914061,2026-04-12 13:19:37+00:00,0,0.08897785736092402,577,shallow_gbt
2043426157367095397,914061,2026-04-12 20:28:55+00:00,0,0.04183286657571309,577,shallow_gbt
2043883641366032638,914061,2026-04-14 02:46:48+00:00,0,0.053779627111827585,577,shallow_gbt
2044225408972009842,914061,2026-04-15 01:24:52+00:00,0,0.040868621628748596,585,shallow_gbt
2044621545348481285,914061,2026-04-16 03:38:58+00:00,0,0.057312189910998804,585,shallow_gbt
2044855448722100720,914061,2026-04-16 19:08:25+00:00,0,0.05067829825670154,586,shallow_gbt
2045137708620906573,914061,2026-04-17 13:50:01+00:00,0,0.04548843497264783,587,shallow_gbt
2045355693050655048,914061,2026-04-18 04:16:12+00:00,1,0.10270825087781811,587,shallow_gbt
2045616837787070695,914061,2026-04-18 21:33:54+00:00,1,0.03792096783147964,587,shallow_gbt
2045680043607941548,914061,2026-04-19 01:45:03+00:00,1,0.052738480353405025,587,shallow_gbt
2046067263326028108,914061,2026-04-20 03:23:44+00:00,1,0.03969780095059469,587,shallow_gbt
2046397816755634340,914061,2026-04-21 01:17:14+00:00,0,0.057538655366626015,592,shallow_gbt
2046805326784319663,914061,2026-04-22 04:16:32+00:00,0,0.09527085454093188,595,shallow_gbt
2047028112626749645,914061,2026-04-22 19:01:48+00:00,0,0.10104553576275094,597,shallow_gbt
2047387742951313910,914061,2026-04-23 18:50:51+00:00,0,0.06022418919066862,602,shallow_gbt
2047428766390157688,914061,2026-04-23 21:33:51+00:00,0,0.1864727062160437,602,shallow_gbt
2047540230694350958,914061,2026-04-24 04:56:47+00:00,0,0.044809882747174956,602,shallow_gbt
2048223146063609965,914061,2026-04-26 02:10:26+00:00,1,0.053839503029043966,604,shallow_gbt
2048537503972684252,914061,2026-04-26 22:59:35+00:00,1,0.06845233705774136,604,shallow_gbt
2048576989930619185,914061,2026-04-27 01:36:29+00:00,1,0.07998636834069313,604,shallow_gbt
2048950940661932319,914061,2026-04-28 02:22:26+00:00,0,0.09622219725453056,606,shallow_gbt
2049163935182733396,914061,2026-04-28 16:28:48+00:00,0,0.08019986502730243,606,shallow_gbt
2049333853777764495,914061,2026-04-29 03:44:00+00:00,0,0.10628771013835576,606,shallow_gbt
2050051426446152159,914061,2026-05-01 03:15:22+00:00,0,0.11403146469553917,606,shallow_gbt
2050240083325030404,914061,2026-05-01 15:45:02+00:00,0,0.04078279682564834,606,shallow_gbt
2050295657836277764,914061,2026-05-01 19:25:52+00:00,0,0.06751724877381557,606,shallow_gbt
2051344780328858040,914061,2026-05-04 16:54:42+00:00,0,0.04534763931915289,613,shallow_gbt
2052071639337337288,914061,2026-05-06 17:02:59+00:00,0,0.1333528348093793,617,shallow_gbt
2052903105256382679,914061,2026-05-09 00:06:56+00:00,0,0.16365265144387875,618,shallow_gbt
2053267097493573921,914061,2026-05-10 00:13:18+00:00,0,0.04337493343571886,618,shallow_gbt
2053672965125140915,914061,2026-05-11 03:06:04+00:00,0,0.045496341447862534,618,shallow_gbt
2053888702427115811,914061,2026-05-11 17:23:20+00:00,0,0.10063996567355676,618,shallow_gbt
2054398342852194386,914061,2026-05-13 03:08:28+00:00,0,0.3044927355237942,619,shallow_gbt
2055501840419328286,914061,2026-05-16 04:13:22+00:00,0,0.11769659226142141,626,shallow_gbt
2056051851439857933,914061,2026-05-17 16:38:55+00:00,0,0.11408742649413903,626,shallow_gbt
2056219645796090197,914061,2026-05-18 03:45:40+00:00,0,0.17369768226331056,626,shallow_gbt
2056574979236409521,914061,2026-05-19 03:17:39+00:00,1,0.08951178257010017,628,shallow_gbt
2056804573449474527,914061,2026-05-19 18:29:58+00:00,0,0.10963968179981509,628,shallow_gbt
2057315272156135501,914061,2026-05-21 04:19:18+00:00,0,0.09419885230797612,633,shallow_gbt
2058006473620463985,914061,2026-05-23 02:05:53+00:00,0,0.16966655790301383,641,shallow_gbt
2058223867815227756,914061,2026-05-23 16:29:44+00:00,0,0.09832522759259205,641,shallow_gbt
2058582370253701432,914061,2026-05-24 16:14:18+00:00,0,0.1338492107043453,641,shallow_gbt
2059025559896883489,914061,2026-05-25 21:35:22+00:00,0,0.07970235721688124,642,shallow_gbt
2059839815273824423,914061,2026-05-28 03:30:56+00:00,0,0.13298766533690595,646,shallow_gbt
2060091844361683063,914061,2026-05-28 20:12:25+00:00,0,0.14701335058368728,648,shallow_gbt
2060525104384418271,914061,2026-05-30 00:54:02+00:00,1,0.08670921257874062,649,shallow_gbt
2060923684295221390,914061,2026-05-31 03:17:51+00:00,1,0.14129786218103108,649,shallow_gbt
2061247380897579500,914061,2026-06-01 00:44:06+00:00,1,0.13193770163877905,650,shallow_gbt
2061612625574944804,914061,2026-06-02 00:55:27+00:00,0,0.07851702014267081,653,shallow_gbt
2061662386680127688,914061,2026-06-02 04:13:11+00:00,0,0.14773971942903366,653,shallow_gbt
2062280745889222937,914061,2026-06-03 21:10:19+00:00,1,0.0931656811624833,658,shallow_gbt
2062335852379066698,914061,2026-06-04 00:49:18+00:00,1,0.07510011853570384,660,shallow_gbt
2063055332545540096,914061,2026-06-06 00:28:15+00:00,0,0.05353569845705359,662,shallow_gbt
2063320673217609936,914061,2026-06-06 18:02:37+00:00,0,0.15872488594892528,665,shallow_gbt
2063649508681224367,914061,2026-06-07 15:49:18+00:00,0,0.07624048231128615,666,shallow_gbt
2063756386572681606,914061,2026-06-07 22:53:59+00:00,0,0.08889659520072543,666,shallow_gbt
2063835799096090749,914061,2026-06-08 04:09:33+00:00,0,0.1254360431947699,666,shallow_gbt
2064186766907887941,914061,2026-06-09 03:24:10+00:00,0,0.117338897802709,668,shallow_gbt
2064379199629181139,914061,2026-06-09 16:08:50+00:00,0,0.08112591975509624,668,shallow_gbt
2064396746953023647,914061,2026-06-09 17:18:33+00:00,0,0.47127179103845823,668,shallow_gbt
2064922814688481678,914061,2026-06-11 04:08:58+00:00,0,0.12138411161894452,671,shallow_gbt
2065594956186865815,914061,2026-06-13 00:39:49+00:00,0,0.11897503373433439,673,shallow_gbt
2065616509666472329,914061,2026-06-13 02:05:27+00:00,0,0.18692276301166988,673,shallow_gbt
2065842361834651996,914061,2026-06-13 17:02:55+00:00,0,0.11019410063791193,673,shallow_gbt
2065964446489710939,914061,2026-06-14 01:08:02+00:00,0,0.12557780183043163,673,shallow_gbt
2065989559905812973,914061,2026-06-14 02:47:49+00:00,0,0.2445550229501945,673,shallow_gbt
2066167615618466060,914061,2026-06-14 14:35:21+00:00,0,0.24860658676701902,673,shallow_gbt
2066237607244427761,914061,2026-06-14 19:13:29+00:00,0,0.051635112095924605,673,shallow_gbt
2066526720480690221,914061,2026-06-15 14:22:19+00:00,0,0.1895860800485599,676,shallow_gbt
2066554018953146689,914061,2026-06-15 16:10:47+00:00,0,0.10732474869784896,677,shallow_gbt
2066908002809221496,914061,2026-06-16 15:37:23+00:00,0,0.09837613022104753,677,shallow_gbt
2069140445205348432,914061,2026-06-22 19:28:19+00:00,0,0.12632065741511184,692,shallow_gbt
2069228335255949775,914061,2026-06-23 01:17:34+00:00,0,0.2568337280783139,692,shallow_gbt
2069596515560267891,914061,2026-06-24 01:40:35+00:00,1,0.12326057789367988,693,shallow_gbt
2069639600310767616,914061,2026-06-24 04:31:47+00:00,1,0.13712005050085016,694,shallow_gbt
2069975251476422664,914061,2026-06-25 02:45:32+00:00,0,0.13534970113756448,695,shallow_gbt
2070310706369712272,914061,2026-06-26 00:58:31+00:00,0,0.16969751362419508,701,shallow_gbt
2070370225271251161,914061,2026-06-26 04:55:01+00:00,0,0.12026559531768945,701,shallow_gbt
2070682290464919874,914061,2026-06-27 01:35:04+00:00,0,0.18166478952552356,703,shallow_gbt
2070937863806751154,914061,2026-06-27 18:30:37+00:00,0,0.10899991345230606,703,shallow_gbt
2071253118252356001,914061,2026-06-28 15:23:20+00:00,0,0.14247873872358613,703,shallow_gbt
2072172275017879829,914061,2026-07-01 04:15:44+00:00,0,0.09159618701146477,706,shallow_gbt
2074163686990913576,914061,2026-07-06 16:08:53+00:00,0,0.11797144520547458,715,shallow_gbt
2074528241990394178,914061,2026-07-07 16:17:30+00:00,0,0.12833311547681997,717,shallow_gbt
2074719479377109312,914061,2026-07-08 04:57:24+00:00,0,0.10161980196736121,722,shallow_gbt
2075073587015516228,914061,2026-07-09 04:24:30+00:00,0,0.13119013187869974,730,shallow_gbt
2075287443411222628,914061,2026-07-09 18:34:18+00:00,0,0.2302376941305961,731,shallow_gbt
2075416313481290077,914061,2026-07-10 03:06:23+00:00,0,0.09597440189073941,732,shallow_gbt
2075655202724815315,914061,2026-07-10 18:55:38+00:00,0,0.07020579834474254,737,shallow_gbt
2075963779599466894,914061,2026-07-11 15:21:49+00:00,0,0.09592822716613869,737,shallow_gbt
2076116544980214164,914061,2026-07-12 01:28:51+00:00,0,0.07448149280694509,737,shallow_gbt
2076338364635287637,914061,2026-07-12 16:10:17+00:00,0,0.09188656044561945,737,shallow_gbt
2076764958579446006,914061,2026-07-13 20:25:25+00:00,1,0.13957386609280623,738,shallow_gbt
2076839463410671637,914061,2026-07-14 01:21:28+00:00,1,0.14917505044657842,738,shallow_gbt
2076882332821373381,914061,2026-07-14 04:11:49+00:00,1,0.19622750628519028,738,shallow_gbt
2077043523703243070,914061,2026-07-14 14:52:20+00:00,0,0.29263855377869025,738,shallow_gbt
2077201458546745553,914061,2026-07-15 01:19:54+00:00,0,0.14846811272529553,738,shallow_gbt
2077471148699439152,914061,2026-07-15 19:11:34+00:00,0,0.18838806874564037,738,shallow_gbt
2077526010753581156,914061,2026-07-15 22:49:34+00:00,0,0.1726867079453339,738,shallow_gbt
2077782120232350205,914061,2026-07-16 15:47:15+00:00,0,0.1779870753934362,738,shallow_gbt
2077857617859535112,914061,2026-07-16 20:47:15+00:00,0,0.11446328334383624,739,shallow_gbt
1948155014440165500,234930762,2025-07-23 22:55:25+00:00,0,0.0019182801110698019,60,shallow_gbt
1953829804899217765,234930762,2025-08-08 14:45:00+00:00,0,0.01548380176876771,83,shallow_gbt
1956034935988609253,234930762,2025-08-14 16:47:24+00:00,0,0.008940016625647725,84,shallow_gbt
1956133244480713057,234930762,2025-08-14 23:18:03+00:00,0,0.009045930500057867,85,shallow_gbt
1956353250044915839,234930762,2025-08-15 13:52:16+00:00,0,0.007121693114219784,86,shallow_gbt
1957955147491078402,234930762,2025-08-19 23:57:38+00:00,0,0.007435470250922244,90,shallow_gbt
1958004814819762675,234930762,2025-08-20 03:15:00+00:00,0,0.006373920564390631,90,shallow_gbt
1958651099889770597,234930762,2025-08-21 22:03:06+00:00,0,0.007297984446808476,95,shallow_gbt
1959018525785563219,234930762,2025-08-22 22:23:08+00:00,0,0.008540976494567828,95,shallow_gbt
1960491295354638519,234930762,2025-08-26 23:55:23+00:00,0,0.019618644586221364,102,shallow_gbt
1960927979753889887,234930762,2025-08-28 04:50:37+00:00,0,0.007120414998920536,108,shallow_gbt
1961046699407032321,234930762,2025-08-28 12:42:22+00:00,0,0.005033439102769701,108,shallow_gbt
1962534722355241285,234930762,2025-09-01 15:15:14+00:00,1,0.0064370550565115035,122,shallow_gbt
1964150875557130270,234930762,2025-09-06 02:17:15+00:00,0,0.004820626671509334,126,shallow_gbt
1964416419258658967,234930762,2025-09-06 19:52:26+00:00,0,0.01267416531200832,128,shallow_gbt
1965820822976868522,234930762,2025-09-10 16:53:02+00:00,0,0.00626718253662905,138,shallow_gbt
1966534842822340741,234930762,2025-09-12 16:10:17+00:00,0,0.03078344593685709,138,shallow_gbt
1966540183857139984,234930762,2025-09-12 16:31:31+00:00,0,0.013559746691493476,138,shallow_gbt
1966625789660852720,234930762,2025-09-12 22:11:41+00:00,0,0.0041067022281687975,140,shallow_gbt
1968027029686849929,234930762,2025-09-16 18:59:42+00:00,0,0.017490937880649725,143,shallow_gbt
1968730445320741064,234930762,2025-09-18 17:34:50+00:00,0,0.010021344058352161,155,shallow_gbt
1969102878947024946,234930762,2025-09-19 18:14:45+00:00,0,0.004551082949445713,158,shallow_gbt
1970617421141811378,234930762,2025-09-23 22:33:00+00:00,0,0.005041966834982232,164,shallow_gbt
1971066415919907096,234930762,2025-09-25 04:17:08+00:00,0,0.5647903999410917,168,shallow_gbt
1971643760418386259,234930762,2025-09-26 18:31:18+00:00,0,0.08067286624531832,173,shallow_gbt
1972765940048879698,234930762,2025-09-29 20:50:26+00:00,0,0.008317359117751272,181,shallow_gbt
1973052624208286097,234930762,2025-09-30 15:49:37+00:00,0,0.004653663521105127,185,shallow_gbt
1973495442056089733,234930762,2025-10-01 21:09:13+00:00,0,0.00435374928179214,191,shallow_gbt
1973772758476902904,234930762,2025-10-02 15:31:11+00:00,0,0.003444317821597556,196,shallow_gbt
1973825561148440738,234930762,2025-10-02 19:01:00+00:00,0,0.007598324113474329,196,shallow_gbt
1975637104337297839,234930762,2025-10-07 18:59:25+00:00,0,0.003152508069725548,209,shallow_gbt
1976620269545603178,234930762,2025-10-10 12:06:10+00:00,0,0.0030020721903562383,215,shallow_gbt
1976669390549704916,234930762,2025-10-10 15:21:22+00:00,1,0.006077550050110615,215,shallow_gbt
1977888354298720580,234930762,2025-10-14 00:05:05+00:00,0,0.0025823100962761416,227,shallow_gbt
1980298516963684402,234930762,2025-10-20 15:42:13+00:00,0,0.04929678062020772,276,shallow_gbt
1980708424192282692,234930762,2025-10-21 18:51:02+00:00,0,0.014247245697682346,276,shallow_gbt
1981028639048454568,234930762,2025-10-22 16:03:27+00:00,0,0.023563919096059427,278,shallow_gbt
1981824663627215012,234930762,2025-10-24 20:46:34+00:00,0,0.022889148438191332,281,shallow_gbt
1982815909661286838,234930762,2025-10-27 14:25:26+00:00,1,0.03028368335893768,282,shallow_gbt
1982816909792772100,234930762,2025-10-27 14:29:24+00:00,1,0.13168638943593577,282,shallow_gbt
1988003557229105372,234930762,2025-11-10 21:59:18+00:00,0,0.040872762231341064,314,shallow_gbt
1988345057460826558,234930762,2025-11-11 20:36:18+00:00,0,0.04165053491431771,321,shallow_gbt
1989115297010483685,234930762,2025-11-13 23:36:57+00:00,0,0.04239115945837632,328,shallow_gbt
1989388907155525675,234930762,2025-11-14 17:44:11+00:00,0,0.014551644842605516,330,shallow_gbt
1991234095993467215,234930762,2025-11-19 19:56:18+00:00,0,0.03861337464637893,356,shallow_gbt
1991237285522657661,234930762,2025-11-19 20:08:58+00:00,0,0.055725208712432396,356,shallow_gbt
1992432939746066501,234930762,2025-11-23 03:20:05+00:00,0,0.06283149890822941,364,shallow_gbt
1993755895608533022,234930762,2025-11-26 18:57:02+00:00,0,0.03683070460132505,375,shallow_gbt
1994108974199648351,234930762,2025-11-27 18:20:02+00:00,0,0.04974414268177971,378,shallow_gbt
1994452989067633088,234930762,2025-11-28 17:07:02+00:00,0,0.017253888087024886,378,shallow_gbt
1999246017506738190,234930762,2025-12-11 22:32:49+00:00,0,0.042034263929765496,429,shallow_gbt
1999335048311636437,234930762,2025-12-12 04:26:36+00:00,0,0.020630868502705665,430,shallow_gbt
2004034924093841794,234930762,2025-12-25 03:42:13+00:00,0,0.04117127691914493,456,shallow_gbt
2009363709639143799,234930762,2026-01-08 20:36:55+00:00,0,0.48796085505050135,480,shallow_gbt
2009732158533873832,234930762,2026-01-09 21:01:00+00:00,0,0.0428245983339037,480,shallow_gbt
2011544223888355359,234930762,2026-01-14 21:01:30+00:00,0,0.04414777711024751,483,shallow_gbt
2011932198384123975,234930762,2026-01-15 22:43:10+00:00,0,0.04477515933529609,489,shallow_gbt
2013298662441447662,234930762,2026-01-19 17:13:01+00:00,0,0.035969512352611914,499,shallow_gbt
2013565255062790594,234930762,2026-01-20 10:52:21+00:00,0,0.028377892638585464,500,shallow_gbt
2013963243291648146,234930762,2026-01-21 13:13:49+00:00,0,0.016882610869516177,502,shallow_gbt
2014092626048299406,234930762,2026-01-21 21:47:56+00:00,0,0.03266660343277708,503,shallow_gbt
2014285028465725840,234930762,2026-01-22 10:32:29+00:00,0,0.047121204455303205,505,shallow_gbt
2015169527714111668,234930762,2026-01-24 21:07:10+00:00,0,0.03817573537841227,515,shallow_gbt
2016554821831229685,234930762,2026-01-28 16:51:49+00:00,0,0.04547492702148566,528,shallow_gbt
2019083838035579015,234930762,2026-02-04 16:21:14+00:00,0,0.07771257069117915,556,shallow_gbt
2021996917224522025,234930762,2026-02-12 17:16:46+00:00,0,0.0219340580295727,577,shallow_gbt
2023629431256789487,234930762,2026-02-17 05:23:48+00:00,0,0.15506181580008743,583,shallow_gbt
2023829504163279172,234930762,2026-02-17 18:38:49+00:00,0,0.07116420927761302,586,shallow_gbt
2023866218936185307,234930762,2026-02-17 21:04:42+00:00,0,0.08923862614286929,586,shallow_gbt
2024896700658422030,234930762,2026-02-20 17:19:28+00:00,0,0.06222925966345099,589,shallow_gbt
2024904942968795511,234930762,2026-02-20 17:52:13+00:00,0,0.04157107931879347,589,shallow_gbt
2024912138905813077,234930762,2026-02-20 18:20:49+00:00,0,0.06201248522477489,589,shallow_gbt
2025927884402008127,234930762,2026-02-23 13:37:02+00:00,0,0.03216625693816081,593,shallow_gbt
2028372759554769028,234930762,2026-03-02 07:32:05+00:00,0,0.07255008499630634,612,shallow_gbt
2028724190526779433,234930762,2026-03-03 06:48:33+00:00,0,0.07130079090561979,613,shallow_gbt
2028727071665684576,234930762,2026-03-03 07:00:00+00:00,0,0.08571217703946754,613,shallow_gbt
2028790035038801927,234930762,2026-03-03 11:10:12+00:00,0,0.0849971499441837,613,shallow_gbt
2028795945761005667,234930762,2026-03-03 11:33:41+00:00,0,0.06893255661997666,613,shallow_gbt
2029166475148161359,234930762,2026-03-04 12:06:02+00:00,0,0.07185508089449055,616,shallow_gbt
2029602337698820337,234930762,2026-03-05 16:58:00+00:00,0,0.034935560125678625,622,shallow_gbt
2032151165237149718,234930762,2026-03-12 17:46:07+00:00,0,0.08508349352171582,633,shallow_gbt
2040791818640777610,234930762,2026-04-05 14:01:00+00:00,1,0.13018691647868322,692,shallow_gbt
2044199889006145875,234930762,2026-04-14 23:43:27+00:00,0,0.13282959682705633,711,shallow_gbt
2044199891787030970,234930762,2026-04-14 23:43:28+00:00,0,0.08181490660565187,711,shallow_gbt
2044199893817000037,234930762,2026-04-14 23:43:28+00:00,0,0.09563142124438574,711,shallow_gbt
2044199895838666911,234930762,2026-04-14 23:43:29+00:00,0,0.07972749410506261,711,shallow_gbt
2044199898183283189,234930762,2026-04-14 23:43:29+00:00,0,0.09570076106001332,711,shallow_gbt
2044199902117539946,234930762,2026-04-14 23:43:30+00:00,0,0.1689144587960803,711,shallow_gbt
2044199900121067796,234930762,2026-04-14 23:43:30+00:00,0,0.06125917370964237,711,shallow_gbt
2044199903879147601,234930762,2026-04-14 23:43:31+00:00,0,0.05948521881150191,711,shallow_gbt
2044814755072987637,234930762,2026-04-16 16:26:43+00:00,0,0.07476003037715398,713,shallow_gbt
2046376034099171359,234930762,2026-04-20 23:50:41+00:00,0,0.14177819888881696,724,shallow_gbt
2046595385943281813,234930762,2026-04-21 14:22:18+00:00,0,0.09275776700336191,725,shallow_gbt
2050299817256186348,234930762,2026-05-01 19:42:23+00:00,0,0.10836086863305494,752,shallow_gbt
2050300588026695793,234930762,2026-05-01 19:45:27+00:00,0,0.07439679765225929,752,shallow_gbt
2050352176929857700,234930762,2026-05-01 23:10:27+00:00,1,0.09851390433863222,753,shallow_gbt
2051372902747181454,234930762,2026-05-04 18:46:27+00:00,0,0.17304376715812778,759,shallow_gbt
2055290775772987547,234930762,2026-05-15 14:14:41+00:00,0,0.06057623703243451,771,shallow_gbt
2056409938260619586,234930762,2026-05-18 16:21:50+00:00,1,0.050156287133611324,777,shallow_gbt
2058972842700767608,234930762,2026-05-25 18:05:54+00:00,1,0.1659864070808493,797,shallow_gbt
2061085542478192968,234930762,2026-05-31 14:01:01+00:00,1,0.13163207337320884,809,shallow_gbt
2061327347777998985,234930762,2026-06-01 06:01:51+00:00,1,0.13077644787030399,810,shallow_gbt
2061860614755213809,234930762,2026-06-02 17:20:52+00:00,1,0.07817229518276671,815,shallow_gbt
2062097720219992176,234930762,2026-06-03 09:03:03+00:00,1,0.14349944332618564,816,shallow_gbt
2062536245969096917,234930762,2026-06-04 14:05:35+00:00,0,0.06534758606806704,822,shallow_gbt
2063224212806914340,234930762,2026-06-06 11:39:19+00:00,1,0.1348221545333762,823,shallow_gbt
2063266602922213430,234930762,2026-06-06 14:27:46+00:00,1,0.12016515517306371,824,shallow_gbt
2068792523753996518,234930762,2026-06-21 20:25:48+00:00,1,0.08421943733209936,863,shallow_gbt
2068795171823608227,234930762,2026-06-21 20:36:19+00:00,1,0.10992957284062713,863,shallow_gbt
2068806527004348577,234930762,2026-06-21 21:21:27+00:00,1,0.10759483486009769,863,shallow_gbt
2069088587619193173,234930762,2026-06-22 16:02:15+00:00,0,0.1036622912703705,865,shallow_gbt
2069598972579029422,234930762,2026-06-24 01:50:21+00:00,1,0.13824503504065339,869,shallow_gbt
2069822102660640873,234930762,2026-06-24 16:36:59+00:00,0,0.07398450415337275,870,shallow_gbt
2070303126280605811,234930762,2026-06-26 00:28:24+00:00,1,0.060251926331086766,875,shallow_gbt
2070304246935765210,234930762,2026-06-26 00:32:51+00:00,1,0.1424550429612406,875,shallow_gbt
2071730234622418994,234930762,2026-06-29 22:59:13+00:00,1,0.14565849589501736,884,shallow_gbt
2072372393038028973,234930762,2026-07-01 17:30:55+00:00,0,0.14102298132118624,886,shallow_gbt
2073465899575820371,234930762,2026-07-04 17:56:08+00:00,1,0.16307676189250464,891,shallow_gbt
2074493890124816461,234930762,2026-07-07 14:01:00+00:00,0,0.15166749386492878,894,shallow_gbt
2075218665826636038,234930762,2026-07-09 14:01:00+00:00,0,0.10907828349428406,910,shallow_gbt
1943300171883757658,22330739,2025-07-10 13:24:00+00:00,0,0.003960010202231387,38,shallow_gbt
1943300268302450854,22330739,2025-07-10 13:24:23+00:00,0,0.0038931709946727106,38,shallow_gbt
1943308190554145021,22330739,2025-07-10 13:55:52+00:00,0,0.003802603965094725,38,shallow_gbt
1945802355150393440,22330739,2025-07-17 11:06:47+00:00,0,0.0036284645236851175,51,shallow_gbt
1945860985908080797,22330739,2025-07-17 14:59:46+00:00,0,0.0015710111604183015,51,shallow_gbt
1945944660632813641,22330739,2025-07-17 20:32:15+00:00,0,0.0017787047998726376,51,shallow_gbt
1945945957050257850,22330739,2025-07-17 20:37:24+00:00,0,0.0021872570501164394,51,shallow_gbt
1945946105323147452,22330739,2025-07-17 20:38:00+00:00,0,0.003347122910752853,51,shallow_gbt
1945959318064341461,22330739,2025-07-17 21:30:30+00:00,0,0.00229773543429429,51,shallow_gbt
1948141609167810902,22330739,2025-07-23 22:02:09+00:00,0,0.0013119159356145768,55,shallow_gbt
1949575404198494526,22330739,2025-07-27 20:59:32+00:00,0,0.0012909399376533261,57,shallow_gbt
1949585461275660422,22330739,2025-07-27 21:39:30+00:00,0,0.0010690780748065095,57,shallow_gbt
1949585855192133892,22330739,2025-07-27 21:41:04+00:00,0,0.0021898168985695628,57,shallow_gbt
1950197188358807831,22330739,2025-07-29 14:10:17+00:00,0,0.0008217093640155923,58,shallow_gbt
1950216480387203290,22330739,2025-07-29 15:26:56+00:00,0,0.0018375223032928677,59,shallow_gbt
1950258279344423332,22330739,2025-07-29 18:13:02+00:00,0,0.001054933005290906,60,shallow_gbt
1952509357523964091,22330739,2025-08-04 23:18:01+00:00,0,0.026174834016033273,69,shallow_gbt
1953652673770602999,22330739,2025-08-08 03:01:09+00:00,0,0.019501575359287884,71,shallow_gbt
1957930074315059245,22330739,2025-08-19 22:18:00+00:00,0,0.008534196850773822,81,shallow_gbt
1958330597895758181,22330739,2025-08-21 00:49:33+00:00,0,0.014039975334309217,86,shallow_gbt
1958358881694056560,22330739,2025-08-21 02:41:56+00:00,0,0.009526802296145182,86,shallow_gbt
1959688404943421751,22330739,2025-08-24 18:44:59+00:00,0,0.014558188819071094,90,shallow_gbt
1960517443094503609,22330739,2025-08-27 01:39:17+00:00,0,0.7230474823938624,96,shallow_gbt
1960917609949618412,22330739,2025-08-28 04:09:24+00:00,0,0.04004912233518002,99,shallow_gbt
1961172848652997063,22330739,2025-08-28 21:03:38+00:00,0,0.007969892324411226,102,shallow_gbt
1961177427520131297,22330739,2025-08-28 21:21:50+00:00,0,0.008612468797403294,102,shallow_gbt
1961221243417629085,22330739,2025-08-29 00:15:56+00:00,0,0.005064829820638526,102,shallow_gbt
1961226167027208268,22330739,2025-08-29 00:35:30+00:00,0,0.006720031300618323,102,shallow_gbt
1961504387697893462,22330739,2025-08-29 19:01:03+00:00,0,0.009592901161222913,102,shallow_gbt
1963103138485084465,22330739,2025-09-03 04:53:55+00:00,0,0.09103219867208023,113,shallow_gbt
1963264973452546482,22330739,2025-09-03 15:37:00+00:00,0,0.005535441314658749,113,shallow_gbt
1964840098207596818,22330739,2025-09-07 23:55:59+00:00,1,0.030725248259720114,118,shallow_gbt
1966589471203246224,22330739,2025-09-12 19:47:22+00:00,0,0.12665857824943388,129,shallow_gbt
1966604536593670604,22330739,2025-09-12 20:47:13+00:00,0,0.7719086704073238,129,shallow_gbt
1967423200327021038,22330739,2025-09-15 03:00:18+00:00,0,0.00620449293689498,130,shallow_gbt
1967980944809406501,22330739,2025-09-16 15:56:35+00:00,0,0.00681933730745219,131,shallow_gbt
1968058879515971714,22330739,2025-09-16 21:06:16+00:00,0,0.005595396274775207,132,shallow_gbt
1968135798089543869,22330739,2025-09-17 02:11:55+00:00,0,0.00627167665171336,132,shallow_gbt
1968155331865047432,22330739,2025-09-17 03:29:32+00:00,0,0.01633575014416494,132,shallow_gbt
1968166893799477654,22330739,2025-09-17 04:15:28+00:00,0,0.00576810874238001,132,shallow_gbt
1968171260686504274,22330739,2025-09-17 04:32:50+00:00,0,0.02167883739292671,132,shallow_gbt
1968706806244327891,22330739,2025-09-18 16:00:54+00:00,0,0.006339653067853368,134,shallow_gbt
1968730082635301321,22330739,2025-09-18 17:33:23+00:00,0,0.006419350550451841,137,shallow_gbt
1968846217363796412,22330739,2025-09-19 01:14:52+00:00,0,0.006273867311290949,140,shallow_gbt
1969627033706905984,22330739,2025-09-21 04:57:33+00:00,0,0.014507468161871729,142,shallow_gbt
1970199044288057550,22330739,2025-09-22 18:50:31+00:00,0,0.013642507856867887,144,shallow_gbt
1970234088574591261,22330739,2025-09-22 21:09:46+00:00,0,0.013335526105577263,144,shallow_gbt
1971144583838048337,22330739,2025-09-25 09:27:45+00:00,0,0.024316999648750743,151,shallow_gbt
1971144771646390712,22330739,2025-09-25 09:28:30+00:00,0,0.015376048481140507,151,shallow_gbt
1971273293736051176,22330739,2025-09-25 17:59:12+00:00,0,0.014002873351749755,152,shallow_gbt
1971679922151453006,22330739,2025-09-26 20:55:00+00:00,0,0.0043497473850843335,155,shallow_gbt
1971682743399731498,22330739,2025-09-26 21:06:12+00:00,0,0.005757726263711396,155,shallow_gbt
1971794606154305576,22330739,2025-09-27 04:30:42+00:00,0,0.0070752832055220125,155,shallow_gbt
1972465816437490105,22330739,2025-09-29 00:57:51+00:00,0,0.005463999686079114,156,shallow_gbt
1972821473132990918,22330739,2025-09-30 00:31:07+00:00,0,0.008932691971246319,160,shallow_gbt
1972829369187086727,22330739,2025-09-30 01:02:29+00:00,0,0.022547387331438153,160,shallow_gbt
1973470117662204372,22330739,2025-10-01 19:28:36+00:00,0,0.010796747750790535,165,shallow_gbt
1974177682100473974,22330739,2025-10-03 18:20:12+00:00,0,0.0058171651052370274,176,shallow_gbt
1974255523768799433,22330739,2025-10-03 23:29:31+00:00,0,0.018590785652573313,177,shallow_gbt
1976018236257751502,22330739,2025-10-08 20:13:54+00:00,0,0.007671907813411729,187,shallow_gbt
1976067092161106038,22330739,2025-10-08 23:28:02+00:00,0,0.2833269318606946,187,shallow_gbt
1976073431969108078,22330739,2025-10-08 23:53:14+00:00,0,0.0074625480384405566,188,shallow_gbt
1976697025623474529,22330739,2025-10-10 17:11:10+00:00,0,0.03130926494475116,191,shallow_gbt
1976797887679156634,22330739,2025-10-10 23:51:58+00:00,0,0.009424611644304191,193,shallow_gbt
1977088765014442080,22330739,2025-10-11 19:07:48+00:00,0,0.0051603484890931795,193,shallow_gbt
1977152030801318259,22330739,2025-10-11 23:19:12+00:00,0,0.010268030857042672,193,shallow_gbt
1977506464685285781,22330739,2025-10-12 22:47:36+00:00,0,0.014748660081678194,193,shallow_gbt
1977640531460251947,22330739,2025-10-13 07:40:20+00:00,0,0.016702589252010448,193,shallow_gbt
1977785545515516274,22330739,2025-10-13 17:16:34+00:00,0,0.01466032420086256,193,shallow_gbt
1977826790824689987,22330739,2025-10-13 20:00:27+00:00,0,0.011061186102025793,193,shallow_gbt
1977828746087600536,22330739,2025-10-13 20:08:14+00:00,0,0.014560447490771464,193,shallow_gbt
1977840015465202147,22330739,2025-10-13 20:53:00+00:00,0,0.012524257232633774,193,shallow_gbt
1978109452210626821,22330739,2025-10-14 14:43:39+00:00,0,0.005586010871908168,194,shallow_gbt
1978111272865460401,22330739,2025-10-14 14:50:53+00:00,0,0.005486388457967506,194,shallow_gbt
1978132200643260503,22330739,2025-10-14 16:14:03+00:00,0,0.016056970461950284,194,shallow_gbt
1978165496760434953,22330739,2025-10-14 18:26:21+00:00,0,0.013356179495742504,194,shallow_gbt
1978166670406438942,22330739,2025-10-14 18:31:01+00:00,0,0.011950167928096979,194,shallow_gbt
1978167190684676214,22330739,2025-10-14 18:33:05+00:00,0,0.011623358022102556,194,shallow_gbt
1978176807162548656,22330739,2025-10-14 19:11:18+00:00,0,0.018749916513079248,194,shallow_gbt
1978181412659597562,22330739,2025-10-14 19:29:36+00:00,1,0.009921604920195224,194,shallow_gbt
1978181780931793020,22330739,2025-10-14 19:31:04+00:00,1,0.01743793305642889,194,shallow_gbt
1978218864925114709,22330739,2025-10-14 21:58:25+00:00,0,0.025774438808610783,194,shallow_gbt
1978222543531049351,22330739,2025-10-14 22:13:02+00:00,0,0.01280811574986136,194,shallow_gbt
1978242512675385538,22330739,2025-10-14 23:32:23+00:00,0,0.010675744751877594,194,shallow_gbt
1978324567627043210,22330739,2025-10-15 04:58:27+00:00,0,0.012897518335000724,194,shallow_gbt
1978369525231010260,22330739,2025-10-15 07:57:05+00:00,0,0.004363224036440203,194,shallow_gbt
1978503669541961752,22330739,2025-10-15 16:50:08+00:00,0,0.021141185898873396,194,shallow_gbt
1978504636370948450,22330739,2025-10-15 16:53:58+00:00,0,0.02463860203574839,194,shallow_gbt
1978511327535759408,22330739,2025-10-15 17:20:34+00:00,0,0.014873758001484992,194,shallow_gbt
1978637049705238780,22330739,2025-10-16 01:40:08+00:00,1,0.011006191468524367,194,shallow_gbt
1978646661875343729,22330739,2025-10-16 02:18:20+00:00,1,0.012653297366684925,194,shallow_gbt
1978668875307762003,22330739,2025-10-16 03:46:36+00:00,1,0.008401409466099777,194,shallow_gbt
1978671331156677010,22330739,2025-10-16 03:56:21+00:00,1,0.01314234451500152,194,shallow_gbt
1978672398028120078,22330739,2025-10-16 04:00:36+00:00,1,0.010899278241503612,194,shallow_gbt
1978672697740554254,22330739,2025-10-16 04:01:47+00:00,1,0.01355164033470702,194,shallow_gbt
1978688092761387149,22330739,2025-10-16 05:02:58+00:00,1,0.013144556049567971,194,shallow_gbt
1978689274674294956,22330739,2025-10-16 05:07:40+00:00,1,0.018459420013653093,194,shallow_gbt
1978735637348876310,22330739,2025-10-16 08:11:53+00:00,1,0.003955592029757223,194,shallow_gbt
1978857927701340175,22330739,2025-10-16 16:17:50+00:00,0,0.004206466068242542,194,shallow_gbt
1978884550278463725,22330739,2025-10-16 18:03:37+00:00,1,0.010736105896320253,194,shallow_gbt
1978926937520378354,22330739,2025-10-16 20:52:03+00:00,0,0.010763306242769973,195,shallow_gbt
1978946283214700724,22330739,2025-10-16 22:08:55+00:00,0,0.013800867352522783,195,shallow_gbt
1978966673223807275,22330739,2025-10-16 23:29:56+00:00,0,0.03256324095918216,195,shallow_gbt
1978968562846044611,22330739,2025-10-16 23:37:27+00:00,0,0.03111775154530955,195,shallow_gbt
1978985290959118396,22330739,2025-10-17 00:43:55+00:00,0,0.012882735010988031,195,shallow_gbt
1979276817396830411,22330739,2025-10-17 20:02:21+00:00,0,0.010786603200481625,195,shallow_gbt
1979326518271848873,22330739,2025-10-17 23:19:50+00:00,0,0.004865805640600616,196,shallow_gbt
1979381575826706929,22330739,2025-10-18 02:58:37+00:00,0,0.013475489913565498,197,shallow_gbt
1979387296387600829,22330739,2025-10-18 03:21:21+00:00,0,0.01599462439573567,197,shallow_gbt
1979402261077033236,22330739,2025-10-18 04:20:49+00:00,0,0.004754526219741386,197,shallow_gbt
1979406842645352534,22330739,2025-10-18 04:39:01+00:00,0,0.012194269011029593,197,shallow_gbt
1980028936995447178,22330739,2025-10-19 21:51:00+00:00,0,0.03704127087518488,200,shallow_gbt
1980029896866103523,22330739,2025-10-19 21:54:49+00:00,0,0.003732958522367094,200,shallow_gbt
1980032245311422578,22330739,2025-10-19 22:04:09+00:00,0,0.003945066886680979,200,shallow_gbt
1980730009280213487,22330739,2025-10-21 20:16:49+00:00,0,0.00450293215272283,204,shallow_gbt
1982641501491634468,22330739,2025-10-27 02:52:24+00:00,0,0.011256611336303858,209,shallow_gbt
1982860556433535426,22330739,2025-10-27 17:22:51+00:00,0,0.03882226007419,211,shallow_gbt
1983311070254239808,22330739,2025-10-28 23:13:01+00:00,0,0.5752152488371818,214,shallow_gbt
1983358878843838869,22330739,2025-10-29 02:23:00+00:00,0,0.024084131988720572,215,shallow_gbt
1986713271286817254,22330739,2025-11-07 08:32:09+00:00,0,0.014157709052974712,230,shallow_gbt
1986848329918259596,22330739,2025-11-07 17:28:50+00:00,0,0.005422879868961338,230,shallow_gbt
1986849897870729556,22330739,2025-11-07 17:35:04+00:00,0,0.01998730618551457,230,shallow_gbt
1986850669811408940,22330739,2025-11-07 17:38:08+00:00,0,0.01078575549034726,230,shallow_gbt
1988056205751898311,22330739,2025-11-11 01:28:30+00:00,0,0.03906750180652455,239,shallow_gbt
1988057613670772882,22330739,2025-11-11 01:34:06+00:00,0,0.04539615316969902,239,shallow_gbt
1988302701952987180,22330739,2025-11-11 17:47:59+00:00,0,0.02350442263856234,240,shallow_gbt
1988660606149496961,22330739,2025-11-12 17:30:10+00:00,0,0.018298744242982782,243,shallow_gbt
1988726858872156165,22330739,2025-11-12 21:53:26+00:00,0,0.5626920650789754,244,shallow_gbt
1990194141339484552,22330739,2025-11-16 23:03:53+00:00,0,0.025669107195734165,253,shallow_gbt
1990571595841351924,22330739,2025-11-18 00:03:46+00:00,0,0.03156853092329028,255,shallow_gbt
1990607939011555382,22330739,2025-11-18 02:28:11+00:00,0,0.03748169773375081,256,shallow_gbt
1990612809563189305,22330739,2025-11-18 02:47:32+00:00,0,0.04529746926655993,256,shallow_gbt
1990815573471539261,22330739,2025-11-18 16:13:14+00:00,0,0.033617680946028045,257,shallow_gbt
1990816753052426569,22330739,2025-11-18 16:17:56+00:00,0,0.03713818078039839,257,shallow_gbt
1990818684735258784,22330739,2025-11-18 16:25:36+00:00,0,0.03644057019275719,257,shallow_gbt
1990898584892444817,22330739,2025-11-18 21:43:06+00:00,0,0.014346969249641637,259,shallow_gbt
1991117069392245062,22330739,2025-11-19 12:11:17+00:00,0,0.03762430489808035,260,shallow_gbt
1991119357519241302,22330739,2025-11-19 12:20:22+00:00,0,0.04705988373603481,260,shallow_gbt
1991122548885483888,22330739,2025-11-19 12:33:03+00:00,0,0.02627911796400142,260,shallow_gbt
1991124641859973573,22330739,2025-11-19 12:41:22+00:00,0,0.03819952168978475,260,shallow_gbt
1991125950008816107,22330739,2025-11-19 12:46:34+00:00,0,0.028108207464528523,260,shallow_gbt
1991175476635906246,22330739,2025-11-19 16:03:22+00:00,0,0.021035548331927376,260,shallow_gbt
1991176047660794302,22330739,2025-11-19 16:05:38+00:00,0,0.043718151035827664,260,shallow_gbt
1991177800108093784,22330739,2025-11-19 16:12:36+00:00,0,0.3754601466733799,260,shallow_gbt
1991179419285651927,22330739,2025-11-19 16:19:02+00:00,0,0.03183045520304844,260,shallow_gbt
1992126539887255796,22330739,2025-11-22 07:02:33+00:00,0,0.03036696980849106,266,shallow_gbt
1992140602897768820,22330739,2025-11-22 07:58:26+00:00,0,0.03169400354706235,266,shallow_gbt
1992726929204760661,22330739,2025-11-23 22:48:17+00:00,0,0.03261356329364352,269,shallow_gbt
1993021759101297087,22330739,2025-11-24 18:19:50+00:00,0,0.034178083263444216,271,shallow_gbt
1993749333695668729,22330739,2025-11-26 18:30:57+00:00,0,0.0315633102328458,277,shallow_gbt
1994592263230664939,22330739,2025-11-29 02:20:27+00:00,0,0.05394859040360807,285,shallow_gbt
1994595873901494465,22330739,2025-11-29 02:34:48+00:00,0,0.07234126316677567,285,shallow_gbt
1994600555260645629,22330739,2025-11-29 02:53:24+00:00,0,0.05435739380939359,285,shallow_gbt
1994973635912597602,22330739,2025-11-30 03:35:54+00:00,0,0.030534598362226224,290,shallow_gbt
1995289421244244415,22330739,2025-12-01 00:30:43+00:00,0,0.025034977314135995,292,shallow_gbt
1995616112609010075,22330739,2025-12-01 22:08:52+00:00,0,0.03750299710490481,292,shallow_gbt
1995702688374554996,22330739,2025-12-02 03:52:53+00:00,0,0.0584009656817792,295,shallow_gbt
1995762727004889133,22330739,2025-12-02 07:51:28+00:00,0,0.026773967455071025,295,shallow_gbt
1996290400601198921,22330739,2025-12-03 18:48:15+00:00,0,0.0696003514505612,300,shallow_gbt
1996733865638117827,22330739,2025-12-05 00:10:25+00:00,0,0.029553348769505633,303,shallow_gbt
1996830500053532707,22330739,2025-12-05 06:34:25+00:00,0,0.014767200236330501,303,shallow_gbt
1997947021924422135,22330739,2025-12-08 08:31:04+00:00,1,0.04131591906824526,310,shallow_gbt
1999630132210991306,22330739,2025-12-12 23:59:09+00:00,0,0.041077435903958896,327,shallow_gbt
1999672264967745792,22330739,2025-12-13 02:46:34+00:00,0,0.08812449573964262,327,shallow_gbt
2000299000973660249,22330739,2025-12-14 20:17:00+00:00,0,0.04743335833715631,328,shallow_gbt
2000340341132816555,22330739,2025-12-14 23:01:16+00:00,0,0.06891452334190097,328,shallow_gbt
2003547651028189685,22330739,2025-12-23 19:25:58+00:00,0,0.054579483639036634,343,shallow_gbt
2004030074073526757,22330739,2025-12-25 03:22:57+00:00,0,0.07406636704019427,345,shallow_gbt
2004734227464814896,22330739,2025-12-27 02:01:00+00:00,0,0.08917191469537707,352,shallow_gbt
2007699154743759087,22330739,2026-01-04 06:22:34+00:00,0,0.03214545805758056,360,shallow_gbt
2011254615489274088,22330739,2026-01-14 01:50:42+00:00,0,0.029824803664654377,371,shallow_gbt
2011577496064704801,22330739,2026-01-14 23:13:43+00:00,0,0.02732005266551616,373,shallow_gbt
2012276791935910151,22330739,2026-01-16 21:32:28+00:00,0,0.05787781600386557,379,shallow_gbt
2012277421580632080,22330739,2026-01-16 21:34:58+00:00,0,0.041492283304334146,379,shallow_gbt
2012280730043273547,22330739,2026-01-16 21:48:07+00:00,0,0.02683001823729933,379,shallow_gbt
2012319341233213774,22330739,2026-01-17 00:21:32+00:00,0,0.07915698830853941,381,shallow_gbt
2013004109818057026,22330739,2026-01-18 21:42:34+00:00,0,0.036639519224246894,383,shallow_gbt
2013538309075620062,22330739,2026-01-20 09:05:17+00:00,0,0.06032523206843977,385,shallow_gbt
2013862263522742517,22330739,2026-01-21 06:32:34+00:00,1,0.042422759169999845,386,shallow_gbt
2013932751208996894,22330739,2026-01-21 11:12:39+00:00,1,0.07884727534093885,386,shallow_gbt
2014231190270570557,22330739,2026-01-22 06:58:33+00:00,0,0.05737942226042922,389,shallow_gbt
2014249361308360788,22330739,2026-01-22 08:10:45+00:00,0,0.08020841858292199,389,shallow_gbt
2014717452282638834,22330739,2026-01-23 15:10:46+00:00,0,0.07923242135470641,393,shallow_gbt
2014719731115475416,22330739,2026-01-23 15:19:50+00:00,0,0.06732133575995664,393,shallow_gbt
2014724541764010192,22330739,2026-01-23 15:38:57+00:00,0,0.04254279087674676,393,shallow_gbt
2014905156664799636,22330739,2026-01-24 03:36:39+00:00,0,0.08195143972836291,395,shallow_gbt
2014915467258036259,22330739,2026-01-24 04:17:37+00:00,0,0.03419718211182763,395,shallow_gbt
2015861664734941365,22330739,2026-01-26 18:57:28+00:00,0,0.043147938129704834,399,shallow_gbt
2015873970114043942,22330739,2026-01-26 19:46:22+00:00,0,0.09669483349143052,399,shallow_gbt
2015907779056431249,22330739,2026-01-26 22:00:42+00:00,1,0.07040416036320687,399,shallow_gbt
2015940617843704006,22330739,2026-01-27 00:11:12+00:00,1,0.06962288706088177,401,shallow_gbt
2016661138919047286,22330739,2026-01-28 23:54:17+00:00,1,0.07808437275030478,408,shallow_gbt
2018132372747948543,22330739,2026-02-02 01:20:27+00:00,1,0.08929419401775426,423,shallow_gbt
2018539238237798595,22330739,2026-02-03 04:17:11+00:00,1,0.0347356587614602,427,shallow_gbt
2019712015913353513,22330739,2026-02-06 09:57:23+00:00,1,0.05622817004079986,439,shallow_gbt
2020277273899991313,22330739,2026-02-07 23:23:31+00:00,1,0.10612643681035401,442,shallow_gbt
2020599759464194554,22330739,2026-02-08 20:44:58+00:00,1,0.10042452052360186,442,shallow_gbt
2020630810022629880,22330739,2026-02-08 22:48:21+00:00,1,0.08675495914800116,442,shallow_gbt
2020637655520985358,22330739,2026-02-08 23:15:33+00:00,1,0.11037034830350607,442,shallow_gbt
2020685677198028887,22330739,2026-02-09 02:26:22+00:00,1,0.0548652266205951,442,shallow_gbt
2020688785659535730,22330739,2026-02-09 02:38:43+00:00,1,0.04986211793767154,442,shallow_gbt
2021866814637330630,22330739,2026-02-12 08:39:47+00:00,1,0.03779771285993311,445,shallow_gbt
2025698591290052741,22330739,2026-02-22 22:25:54+00:00,1,0.015371667849572442,467,shallow_gbt
2026407065602896040,22330739,2026-02-24 21:21:07+00:00,0,0.0213861909935686,471,shallow_gbt
2027140612965687692,22330739,2026-02-26 21:55:59+00:00,0,0.08809437928272258,478,shallow_gbt
2030820345062752546,22330739,2026-03-09 01:37:55+00:00,1,0.06384461495941517,506,shallow_gbt
2031447767802065216,22330739,2026-03-10 19:11:04+00:00,0,0.02672705952456861,509,shallow_gbt
2032161195533242422,22330739,2026-03-12 18:25:59+00:00,0,0.06123715163022919,512,shallow_gbt
2034018646188822664,22330739,2026-03-17 21:26:50+00:00,0,0.04731074494861736,521,shallow_gbt
2036252519308075219,22330739,2026-03-24 01:23:27+00:00,1,0.13406850727598646,540,shallow_gbt
2036475068117819522,22330739,2026-03-24 16:07:46+00:00,0,0.10205453698134055,541,shallow_gbt
2037674629108736429,22330739,2026-03-27 23:34:24+00:00,1,0.06252322097211788,548,shallow_gbt
2039039355747221519,22330739,2026-03-31 17:57:20+00:00,0,0.08152699905786144,553,shallow_gbt
2044981547267395620,22330739,2026-04-17 03:29:29+00:00,0,0.06794009093004633,597,shallow_gbt
2046077126944948428,22330739,2026-04-20 04:02:55+00:00,1,0.07148607257630735,602,shallow_gbt
2046999495393874233,22330739,2026-04-22 17:08:05+00:00,0,0.14852000093087322,612,shallow_gbt
2047852518651359260,22330739,2026-04-25 01:37:42+00:00,1,0.055877129332061896,622,shallow_gbt
2050320060703793175,22330739,2026-05-01 21:02:50+00:00,1,0.11223787213529739,635,shallow_gbt
2050362890633592936,22330739,2026-05-01 23:53:01+00:00,1,0.07025055985297701,636,shallow_gbt
2050386663155905002,22330739,2026-05-02 01:27:29+00:00,1,0.07955933722420983,636,shallow_gbt
2050696874332758446,22330739,2026-05-02 22:00:09+00:00,1,0.0618061217765453,636,shallow_gbt
2055394139026632757,22330739,2026-05-15 21:05:24+00:00,1,0.10260339085609435,654,shallow_gbt
2055428789669343455,22330739,2026-05-15 23:23:06+00:00,1,0.08260487466828174,654,shallow_gbt
2057173169614815598,22330739,2026-05-20 18:54:38+00:00,0,0.05843764800853914,662,shallow_gbt
2057176156433154454,22330739,2026-05-20 19:06:30+00:00,0,0.07251547647799761,662,shallow_gbt
2057176633048809978,22330739,2026-05-20 19:08:24+00:00,0,0.043805211865859985,662,shallow_gbt
2057176703907320031,22330739,2026-05-20 19:08:41+00:00,0,0.056003560794463884,662,shallow_gbt
2057522254431633867,22330739,2026-05-21 18:01:47+00:00,0,0.04949041486862102,663,shallow_gbt
2057617107500900469,22330739,2026-05-22 00:18:41+00:00,1,0.0764781509728308,663,shallow_gbt
2057618489825960180,22330739,2026-05-22 00:24:11+00:00,1,0.05589865999855582,663,shallow_gbt
2057659936033878155,22330739,2026-05-22 03:08:52+00:00,1,0.06846695546772302,663,shallow_gbt
2057698598977180129,22330739,2026-05-22 05:42:30+00:00,1,0.06613911041947894,663,shallow_gbt
2057725709250928641,22330739,2026-05-22 07:30:14+00:00,1,0.0647972313033622,663,shallow_gbt
2057859046976401897,22330739,2026-05-22 16:20:04+00:00,0,0.06358273337158174,663,shallow_gbt
2061506033420283936,22330739,2026-06-01 17:51:53+00:00,0,0.04520181605024792,683,shallow_gbt
2062289097784173047,22330739,2026-06-03 21:43:31+00:00,1,0.09428049511009631,692,shallow_gbt
2062291326662553763,22330739,2026-06-03 21:52:22+00:00,1,0.09351164616721874,692,shallow_gbt
2063263077701697632,22330739,2026-06-06 14:13:45+00:00,1,0.09116137530015468,697,shallow_gbt
2063971896316637593,22330739,2026-06-08 13:10:21+00:00,1,0.10478650468762402,703,shallow_gbt
2064054943435092125,22330739,2026-06-08 18:40:21+00:00,0,0.10287268127008156,703,shallow_gbt
2065433020283113524,22330739,2026-06-12 13:56:20+00:00,0,0.09344910946179262,710,shallow_gbt
2066522147153916069,22330739,2026-06-15 14:04:08+00:00,0,0.05130401927896705,720,shallow_gbt
2067133050765361432,22330739,2026-06-17 06:31:39+00:00,1,0.05658890808888014,724,shallow_gbt
2067204120121885032,22330739,2026-06-17 11:14:03+00:00,1,0.0952954273815638,724,shallow_gbt
2067248713991352352,22330739,2026-06-17 14:11:15+00:00,0,0.06870145676298203,724,shallow_gbt
2067258671025770787,22330739,2026-06-17 14:50:49+00:00,0,0.11359912528736262,724,shallow_gbt
2069480886211346895,22330739,2026-06-23 18:01:07+00:00,0,0.07516317800057183,737,shallow_gbt
2070300449756840419,22330739,2026-06-26 00:17:46+00:00,1,0.12717199711983965,745,shallow_gbt
2073423003514225056,22330739,2026-07-04 15:05:41+00:00,1,0.21487636630995519,763,shallow_gbt
2073483292054032599,22330739,2026-07-04 19:05:14+00:00,1,0.11978181335766126,765,shallow_gbt
2074791252931858578,22330739,2026-07-08 09:42:37+00:00,0,0.09053749247942489,775,shallow_gbt
2074813788864328162,22330739,2026-07-08 11:12:10+00:00,0,0.12335873468671275,775,shallow_gbt
2074904379572764929,22330739,2026-07-08 17:12:08+00:00,0,0.2357817152604894,775,shallow_gbt
