post_id,ticker,excluded_flag,excluded_reason,bars_found,window_quality,confirmatory_eligible,market_adjusted_return,raw_volatility,time_bucket,baseline_mean,baseline_std,baseline_n,baseline_p_threshold,vol_zscore,vol_percentile_rank,abnormal_volatility_flag
2078139206946459853,BOX,False,,14,partial,True,0.00013959534186791522,0.0006871214152520922,3.0,0.0009537606446885452,0.0003292884701768625,271.0,0.0014873582929398983,-0.8097435944029248,18.081180811808117,False
2077857617859535112,BOX,False,,13,partial,True,0.013862085852776485,0.0026761531827726335,0.0,0.002365997427346339,0.001341249264250065,472.0,0.004040949102522769,0.23124393331892132,71.61016949152543,False
2077782120232350205,BOX,False,,10,partial,True,0.005490531966483525,0.001194970748068164,4.0,0.0009576938331044975,0.0005641838163725081,206.0,0.001540700580106158,0.42056668071280134,77.66990291262135,False
2077526010753581156,BOX,False,,13,partial,True,0.009558404910704255,0.0018005491750464598,0.0,0.002365997427346339,0.001341249264250065,472.0,0.004040949102522769,-0.42158327118713423,46.39830508474576,False
2077471148699439152,BOX,False,,14,partial,True,0.0020596220697133294,0.0006066561522931713,11.0,0.0008934168611414426,0.0005987207556726179,755.0,0.0013152033478981767,-0.47895568364941216,29.80132450331126,False
2077201458546745553,BOX,False,,10,partial,True,0.020368459772559966,0.0027392341187158823,0.0,0.002365997427346339,0.001341249264250065,472.0,0.004040949102522769,0.2782754118252818,73.72881355932203,False
2077043523703243070,BOX,False,,13,partial,True,0.0017496453595196026,0.0005890904263093015,2.0,0.0012459311727754808,0.0005641575098515942,353.0,0.002079870276452755,-1.1642860991763915,3.6827195467422094,False
2076882332821373381,BOX,False,,11,partial,True,-0.016771059022301693,0.004191053377478435,0.0,0.002365997427346339,0.001341249264250065,472.0,0.004040949102522769,1.3607134771869138,90.67796610169492,True
2076839463410671637,BOX,False,,11,partial,True,-0.016771059022301693,0.004191053377478435,0.0,0.002365997427346339,0.001341249264250065,472.0,0.004040949102522769,1.3607134771869138,90.67796610169492,True
2076764958579446006,BOX,False,,11,partial,True,-0.016771059022301693,0.004191053377478435,0.0,0.002365997427346339,0.001341249264250065,472.0,0.004040949102522769,1.3607134771869138,90.67796610169492,True
2076688119404081650,BOX,False,,7,insufficient,False,0.0037357600981255956,0.00035968995654148865,3.0,0.0009537606446885452,0.0003292884701768625,271.0,0.0014873582929398983,-1.8041041273870844,0.7380073800738007,False
2076338364635287637,BOX,False,,10,partial,True,0.016198167776449446,0.001282919455684514,0.0,0.002365997427346339,0.001341249264250065,472.0,0.004040949102522769,-0.8075143081382479,12.288135593220339,False
2076116544980214164,BOX,False,,10,partial,True,0.016198167776449446,0.001282919455684514,0.0,0.002365997427346339,0.001341249264250065,472.0,0.004040949102522769,-0.8075143081382479,12.288135593220339,False
2075963779599466894,BOX,False,,10,partial,True,0.016198167776449446,0.001282919455684514,0.0,0.002365997427346339,0.001341249264250065,472.0,0.004040949102522769,-0.8075143081382479,12.288135593220339,False
2075655202724815315,BOX,False,,10,partial,True,0.0006967409000695479,0.0005251628816880729,10.0,0.0008190620321485986,0.0003124081692805352,265.0,0.0012370491267267704,-0.9407537297675822,20.0,False
2075416313481290077,BOX,False,,10,partial,True,0.011872190776342384,0.002547236544821778,0.0,0.002365997427346339,0.001341249264250065,472.0,0.004040949102522769,0.1351270955416146,69.91525423728814,False
2075287443411222628,BOX,False,,9,partial,True,-0.0011478812357519352,0.0004317380874806139,10.0,0.0008190620321485986,0.0003124081692805352,265.0,0.0012370491267267704,-1.239800948739522,12.830188679245284,False
2075073587015516228,BOX,False,,11,partial,True,-0.017565839392493454,0.002114977336234248,0.0,0.002365997427346339,0.001341249264250065,472.0,0.004040949102522769,-0.18715394505915683,58.89830508474576,False
2074719479377109312,BOX,False,,11,partial,True,0.0005440084346708396,0.0014704447024070349,0.0,0.002365997427346339,0.001341249264250065,472.0,0.004040949102522769,-0.6677004407827476,25.0,False
2074528241990394178,BOX,False,,10,partial,True,-0.0010892619170659312,0.0007414317211634097,5.0,0.0008476673880137073,0.0003763439537565541,100.0,0.0012922168242674198,-0.28228344255270904,51.0,False
2074163686990913576,BOX,False,,10,partial,True,0.0007765147283294027,0.0003245982941859808,5.0,0.0008476673880137073,0.0003763439537565541,100.0,0.0012922168242674198,-1.3898697949219203,0.0,False
2073138135014502777,BOX,False,,4,insufficient,False,-0.019299396351582843,0.0004457671083416099,0.0,0.002365997427346339,0.001341249264250065,472.0,0.004040949102522769,-1.431672971003187,0.0,False
2072875685811716182,BOX,False,,4,insufficient,False,-0.019299396351582843,0.0004457671083416099,0.0,0.002365997427346339,0.001341249264250065,472.0,0.004040949102522769,-1.431672971003187,0.0,False
2072519377371459836,BOX,True,"jobs_report(ALL, 2026-07-02 12:30:00+00:00->2026-07-02 20:00:00+00:00)",6,insufficient,False,0.0008161395152954665,0.004543761329183525,0.0,0.002365997427346339,0.001341249264250065,472.0,0.004040949102522769,1.6236832033267454,91.94915254237289,True
2072172275017879829,BOX,False,,12,partial,True,0.03736104825194708,0.0034521391579258533,0.0,0.002365997427346339,0.001341249264250065,472.0,0.004040949102522769,0.8097985658070875,83.05084745762711,False
2072046374045249671,BOX,False,,4,insufficient,False,-0.0025077869296051825,0.00031999884576514113,12.0,0.0008875319452804941,0.00041320230581608707,1815.0,0.0013487540138926138,-1.373499352561593,0.4407713498622589,False
2071992799109824562,BOX,False,,7,insufficient,False,0.004288353595506611,0.0009352269590413334,5.0,0.0008476673880137073,0.0003763439537565541,100.0,0.0012922168242674198,0.23265837049760552,67.0,False
2071775583072375214,BOX,False,,5,insufficient,False,-0.00833307970447017,0.004086188780050342,0.0,0.002365997427346339,0.001341249264250065,472.0,0.004040949102522769,1.2825292050883743,90.04237288135593,True
2071253118252356001,BOX,False,,12,partial,True,0.009620317421345392,0.0035779170582289914,0.0,0.002365997427346339,0.001341249264250065,472.0,0.004040949102522769,0.9035752437562565,84.7457627118644,False
2070937863806751154,BOX,False,,12,partial,True,0.009620317421345392,0.0035779170582289914,0.0,0.002365997427346339,0.001341249264250065,472.0,0.004040949102522769,0.9035752437562565,84.7457627118644,False
2070682290464919874,BOX,False,,12,partial,True,0.009620317421345392,0.0035779170582289914,0.0,0.002365997427346339,0.001341249264250065,472.0,0.004040949102522769,0.9035752437562565,84.7457627118644,False
2070563281916620895,BOX,False,,7,insufficient,False,0.0005745175347495746,0.0006678393615355441,8.0,0.001120834941023975,0.0005122699327436334,159.0,0.0015615102713901021,-0.8842907821317194,14.465408805031446,False
2070370225271251161,BOX,False,,9,partial,True,0.02964514763915871,0.002980556509241517,0.0,0.002365997427346339,0.001341249264250065,472.0,0.004040949102522769,0.45819900765335914,77.7542372881356,False
2070310706369712272,BOX,False,,9,partial,True,0.02964514763915871,0.002980556509241517,0.0,0.002365997427346339,0.001341249264250065,472.0,0.004040949102522769,0.45819900765335914,77.7542372881356,False
2069975251476422664,BOX,False,,9,partial,True,-0.01347984648369116,0.003646080880568283,0.0,0.002365997427346339,0.001341249264250065,472.0,0.004040949102522769,0.9543963880104561,85.38135593220339,False
2069639600310767616,BOX,False,,9,partial,True,0.026254373999291092,0.005394358424330784,0.0,0.002365997427346339,0.001341249264250065,472.0,0.004040949102522769,2.257865914787806,93.00847457627118,True
2069596515560267891,BOX,False,,9,partial,True,0.026254373999291092,0.005394358424330784,0.0,0.002365997427346339,0.001341249264250065,472.0,0.004040949102522769,2.257865914787806,93.00847457627118,True
2069228335255949775,BOX,False,,10,partial,True,0.038869909307776895,0.004038025157671623,0.0,0.002365997427346339,0.001341249264250065,472.0,0.004040949102522769,1.2466196812865857,89.83050847457628,False
2069140445205348432,BOX,False,,13,partial,True,0.007851879895331537,0.0008902797042816185,12.0,0.0008875319452804941,0.00041320230581608707,1815.0,0.0013487540138926138,0.006649912070789426,57.85123966942148,False
2068917230570795178,BOX,False,,7,insufficient,False,0.005763596656406023,0.004315526862581635,0.0,0.002365997427346339,0.001341249264250065,472.0,0.004040949102522769,1.4535176176408486,91.10169491525424,True
2068851573175021864,BOX,False,,7,insufficient,False,0.005763596656406023,0.004315526862581635,0.0,0.002365997427346339,0.001341249264250065,472.0,0.004040949102522769,1.4535176176408486,91.10169491525424,True
2068434042148782515,BOX,False,,7,insufficient,False,0.005763596656406023,0.004315526862581635,0.0,0.002365997427346339,0.001341249264250065,472.0,0.004040949102522769,1.4535176176408486,91.10169491525424,True
2068068247413694532,BOX,False,,7,insufficient,False,0.005763596656406023,0.004315526862581635,0.0,0.002365997427346339,0.001341249264250065,472.0,0.004040949102522769,1.4535176176408486,91.10169491525424,True
2067821985342878180,BOX,False,,7,insufficient,False,0.005763596656406023,0.004315526862581635,0.0,0.002365997427346339,0.001341249264250065,472.0,0.004040949102522769,1.4535176176408486,91.10169491525424,True
2067802697324212562,BOX,False,,7,insufficient,False,0.005763596656406023,0.004315526862581635,0.0,0.002365997427346339,0.001341249264250065,472.0,0.004040949102522769,1.4535176176408486,91.10169491525424,True
2067455756795039957,BOX,False,,7,insufficient,False,-0.020582921842547175,0.0021041613452175115,0.0,0.002365997427346339,0.001341249264250065,472.0,0.004040949102522769,-0.19521806207679715,58.89830508474576,False
2067070918300664161,BOX,False,,6,insufficient,False,-0.02184845453034956,0.0025385258290835716,0.0,0.002365997427346339,0.001341249264250065,472.0,0.004040949102522769,0.1286326161257568,69.49152542372882,False
2066908002809221496,BOX,False,,9,partial,True,-0.001315495984682391,0.00040103271755468804,4.0,0.0009576938331044975,0.0005641838163725081,206.0,0.001540700580106158,-0.9866662236590429,8.25242718446602,False
2066735879213994434,BOX,False,,6,insufficient,False,0.00987088730828889,0.0024910248718072042,0.0,0.002365997427346339,0.001341249264250065,472.0,0.004040949102522769,0.09321715790895276,68.85593220338984,False
2066554018953146689,BOX,False,,9,partial,True,-0.0017715654521438529,0.000556486523631845,5.0,0.0008476673880137073,0.0003763439537565541,100.0,0.0012922168242674198,-0.7737094258467047,16.0,False
2066526720480690221,BOX,False,,14,partial,True,0.00025927785948276494,0.000890903901492166,1.0,0.0014877893004124254,0.0007403526478131838,695.0,0.002743838153675994,-0.8062176865083271,16.402877697841728,False
2066237607244427761,BOX,False,,11,partial,True,-0.006481358880828125,0.0028154803653446777,0.0,0.002365997427346339,0.001341249264250065,472.0,0.004040949102522769,0.3351225979979632,75.63559322033898,False
2066167615618466060,BOX,False,,11,partial,True,-0.006481358880828125,0.0028154803653446777,0.0,0.002365997427346339,0.001341249264250065,472.0,0.004040949102522769,0.3351225979979632,75.63559322033898,False
2065989559905812973,BOX,False,,11,partial,True,-0.006481358880828125,0.0028154803653446777,0.0,0.002365997427346339,0.001341249264250065,472.0,0.004040949102522769,0.3351225979979632,75.63559322033898,False
2065964446489710939,BOX,False,,11,partial,True,-0.006481358880828125,0.0028154803653446777,0.0,0.002365997427346339,0.001341249264250065,472.0,0.004040949102522769,0.3351225979979632,75.63559322033898,False
2065842361834651996,BOX,False,,11,partial,True,-0.006481358880828125,0.0028154803653446777,0.0,0.002365997427346339,0.001341249264250065,472.0,0.004040949102522769,0.3351225979979632,75.63559322033898,False
2065616509666472329,BOX,False,,11,partial,True,-0.006481358880828125,0.0028154803653446777,0.0,0.002365997427346339,0.001341249264250065,472.0,0.004040949102522769,0.3351225979979632,75.63559322033898,False
2065594956186865815,BOX,False,,11,partial,True,-0.006481358880828125,0.0028154803653446777,0.0,0.002365997427346339,0.001341249264250065,472.0,0.004040949102522769,0.3351225979979632,75.63559322033898,False
2065469347712401712,BOX,False,,6,insufficient,False,0.000487136725589421,0.0006498016686868224,5.0,0.0008476673880137073,0.0003763439537565541,100.0,0.0012922168242674198,-0.5257576675587525,39.0,False
2065287110744297809,BOX,False,,6,insufficient,False,-0.014321268637806472,0.008253498789196909,0.0,0.002365997427346339,0.001341249264250065,472.0,0.004040949102522769,4.389565399047923,100.0,True
2064922814688481678,BOX,False,,13,partial,True,-0.033704349741501494,0.002463435341630337,0.0,0.002365997427346339,0.001341249264250065,472.0,0.004040949102522769,0.0726471334457568,68.4322033898305,False
2064569513023328268,BOX,True,"cpi(ALL, 2026-06-10 12:30:00+00:00->2026-06-10 20:00:00+00:00)",11,partial,False,-0.0009454284810516134,0.0031775039842243035,0.0,0.002365997427346339,0.001341249264250065,472.0,0.004040949102522769,0.6050378393547178,80.72033898305084,False
2064396746953023647,BOX,False,,12,partial,True,0.0005869548105901234,0.0003661131410307973,7.0,0.0010747703904457242,0.0006370892637828206,158.0,0.001887307163030776,-1.1123358839971025,5.063291139240507,False
2064379199629181139,BOX,False,,14,partial,True,0.0037418525237148392,0.0006361680870849112,5.0,0.0008476673880137073,0.0003763439537565541,100.0,0.0012922168242674198,-0.5619840542611952,27.0,False
2064186766907887941,BOX,False,,13,partial,True,-0.016050880325305994,0.002841516026267979,0.0,0.002365997427346339,0.001341249264250065,472.0,0.004040949102522769,0.35453409861702145,75.63559322033898,False
2063835799096090749,BOX,False,,8,partial,True,-0.0155717383181736,0.0026639287168598006,0.0,0.002365997427346339,0.001341249264250065,472.0,0.004040949102522769,0.2221296946470604,71.39830508474576,False
2063756386572681606,BOX,False,,8,partial,True,-0.0155717383181736,0.0026639287168598006,0.0,0.002365997427346339,0.001341249264250065,472.0,0.004040949102522769,0.2221296946470604,71.39830508474576,False
2063649508681224367,BOX,False,,8,partial,True,-0.0155717383181736,0.0026639287168598006,0.0,0.002365997427346339,0.001341249264250065,472.0,0.004040949102522769,0.2221296946470604,71.39830508474576,False
2063320673217609936,BOX,False,,8,partial,True,-0.0155717383181736,0.0026639287168598006,0.0,0.002365997427346339,0.001341249264250065,472.0,0.004040949102522769,0.2221296946470604,71.39830508474576,False
2063055332545540096,BOX,False,,8,partial,True,-0.0155717383181736,0.0026639287168598006,0.0,0.002365997427346339,0.001341249264250065,472.0,0.004040949102522769,0.2221296946470604,71.39830508474576,False
2062728257359790292,BOX,True,"jobs_report(ALL, 2026-06-05 12:30:00+00:00->2026-06-05 20:00:00+00:00)",12,partial,False,0.021836242522528693,0.004453854856947138,0.0,0.002365997427346339,0.001341249264250065,472.0,0.004040949102522769,1.5566513140032823,91.94915254237289,True
2062335852379066698,BOX,False,,8,partial,True,0.017573219414319552,0.009850152667382487,0.0,0.002365997427346339,0.001341249264250065,472.0,0.004040949102522769,5.579988328434071,100.0,True
2062280745889222937,BOX,False,,8,partial,True,0.017573219414319552,0.009850152667382487,0.0,0.002365997427346339,0.001341249264250065,472.0,0.004040949102522769,5.579988328434071,100.0,True
2061974298760495132,BOX,False,,6,insufficient,False,-0.03668609882792995,0.005280464639471881,0.0,0.002365997427346339,0.001341249264250065,472.0,0.004040949102522769,2.1729497191971343,93.00847457627118,True
2061662386680127688,BOX,False,,11,partial,True,-0.03627515332888587,0.002779416981511037,0.0,0.002365997427346339,0.001341249264250065,472.0,0.004040949102522769,0.30823469222617167,74.78813559322035,False
2061612625574944804,BOX,False,,11,partial,True,-0.03627515332888587,0.002779416981511037,0.0,0.002365997427346339,0.001341249264250065,472.0,0.004040949102522769,0.30823469222617167,74.78813559322035,False
2061247380897579500,BOX,False,,14,partial,True,0.023800224942866266,0.006385305387723507,0.0,0.002365997427346339,0.001341249264250065,472.0,0.004040949102522769,2.9966897783347455,97.66949152542372,True
2060923684295221390,BOX,False,,14,partial,True,0.023800224942866266,0.006385305387723507,0.0,0.002365997427346339,0.001341249264250065,472.0,0.004040949102522769,2.9966897783347455,97.66949152542372,True
2060525104384418271,BOX,False,,14,partial,True,0.023800224942866266,0.006385305387723507,0.0,0.002365997427346339,0.001341249264250065,472.0,0.004040949102522769,2.9966897783347455,97.66949152542372,True
2060091844361683063,BOX,False,,11,partial,True,0.009344252961534849,0.0036960635463829843,0.0,0.002365997427346339,0.001341249264250065,472.0,0.004040949102522769,0.991662142517802,85.80508474576271,False
2059839815273824423,BOX,False,,13,partial,True,0.024284150864164133,0.003617189949583267,0.0,0.002365997427346339,0.001341249264250065,472.0,0.004040949102522769,0.932856073502869,85.16949152542372,False
2059482349977653619,BOX,True,"earnings(BOX, 2026-05-26 20:00:00+00:00->2026-05-27 20:00:00+00:00)",1,insufficient,False,,,,,,,,,,False
2059025559896883489,BOX,False,,15,complete,True,-0.009095794623882991,0.0024619577245736193,0.0,0.002365997427346339,0.001341249264250065,472.0,0.004040949102522769,0.07154546122411819,68.4322033898305,False
2058582370253701432,BOX,False,,15,complete,True,-0.009095794623882991,0.0024619577245736193,0.0,0.002365997427346339,0.001341249264250065,472.0,0.004040949102522769,0.07154546122411819,68.4322033898305,False
2058223867815227756,BOX,False,,15,complete,True,-0.009095794623882991,0.0024619577245736193,0.0,0.002365997427346339,0.001341249264250065,472.0,0.004040949102522769,0.07154546122411819,68.4322033898305,False
2058006473620463985,BOX,False,,15,complete,True,-0.009095794623882991,0.0024619577245736193,0.0,0.002365997427346339,0.001341249264250065,472.0,0.004040949102522769,0.07154546122411819,68.4322033898305,False
2057663408376516703,BOX,False,,6,insufficient,False,0.020648595783617996,0.003090224591812587,0.0,0.002365997427346339,0.001341249264250065,472.0,0.004040949102522769,0.5399646313104867,79.23728813559322,False
2057315272156135501,BOX,False,,8,partial,True,-0.024379463919817712,0.0035867905441072075,0.0,0.002365997427346339,0.001341249264250065,472.0,0.004040949102522769,0.9101910802862229,84.7457627118644,False
2056965292753146019,BOX,False,,7,insufficient,False,-0.02312031821915672,0.006659005894942252,0.0,0.002365997427346339,0.001341249264250065,472.0,0.004040949102522769,3.200753642162309,98.51694915254238,True
2056804573449474527,BOX,False,,12,partial,True,0.0026307888347355535,0.0006160081488117189,10.0,0.0008190620321485986,0.0003124081692805352,265.0,0.0012370491267267704,-0.6499634238262895,29.81132075471698,False
2056574979236409521,BOX,False,,9,partial,True,0.016376177207074627,0.005176483816011761,0.0,0.002365997427346339,0.001341249264250065,472.0,0.004040949102522769,2.095424365609515,92.79661016949152,True
2056219645796090197,BOX,False,,8,partial,True,0.012835655554796599,0.001912292117742826,0.0,0.002365997427346339,0.001341249264250065,472.0,0.004040949102522769,-0.3382706866625528,52.33050847457628,False
2056051851439857933,BOX,False,,8,partial,True,0.012835655554796599,0.001912292117742826,0.0,0.002365997427346339,0.001341249264250065,472.0,0.004040949102522769,-0.3382706866625528,52.33050847457628,False
2055501840419328286,BOX,False,,8,partial,True,0.012835655554796599,0.001912292117742826,0.0,0.002365997427346339,0.001341249264250065,472.0,0.004040949102522769,-0.3382706866625528,52.33050847457628,False
2055357619888595271,BOX,False,,6,insufficient,False,-0.004854939664229563,0.0006227245127202296,10.0,0.0008190620321485986,0.0003124081692805352,265.0,0.0012370491267267704,-0.6284647417528398,30.18867924528302,False
2055143231625818554,BOX,False,,6,insufficient,False,0.01886537442107883,0.005222286246395917,0.0,0.002365997427346339,0.001341249264250065,472.0,0.004040949102522769,2.129573447070347,92.79661016949152,True
2055136119969529993,BOX,False,,6,insufficient,False,0.01886537442107883,0.005222286246395917,0.0,0.002365997427346339,0.001341249264250065,472.0,0.004040949102522769,2.129573447070347,92.79661016949152,True
2054729966630441007,BOX,False,,7,insufficient,False,-0.003296417524701445,0.003571100783414078,0.0,0.002365997427346339,0.001341249264250065,472.0,0.004040949102522769,0.8984932094196155,84.7457627118644,False
2054398342852194386,BOX,False,,9,partial,True,-0.01764506729808013,0.0025053618112873335,0.0,0.002365997427346339,0.001341249264250065,472.0,0.004040949102522769,0.10390640103643776,69.49152542372882,False
2054277953794847152,BOX,True,"cpi(ALL, 2026-05-12 12:30:00+00:00->2026-05-12 20:00:00+00:00)",14,partial,False,-0.0017752924803071668,0.0006817638439795147,11.0,0.0008934168611414426,0.0005987207556726179,755.0,0.0013152033478981767,-0.3535087353438276,37.35099337748344,False
2053888702427115811,BOX,False,,11,partial,True,-0.004278800090387946,0.0007553824519841164,7.0,0.0010747703904457242,0.0006370892637828206,158.0,0.001887307163030776,-0.5013236866764795,38.607594936708864,False
2053672965125140915,BOX,False,,12,partial,True,-0.008990396395985756,0.0033547039817968284,0.0,0.002365997427346339,0.001341249264250065,472.0,0.004040949102522769,0.7371534738573045,82.41525423728814,False
2053267097493573921,BOX,False,,12,partial,True,-0.008990396395985756,0.0033547039817968284,0.0,0.002365997427346339,0.001341249264250065,472.0,0.004040949102522769,0.7371534738573045,82.41525423728814,False
2052903105256382679,BOX,False,,12,partial,True,-0.008990396395985756,0.0033547039817968284,0.0,0.002365997427346339,0.001341249264250065,472.0,0.004040949102522769,0.7371534738573045,82.41525423728814,False
2052566788236509254,BOX,True,"jobs_report(ALL, 2026-05-08 12:30:00+00:00->2026-05-08 20:00:00+00:00)",9,partial,False,-0.030187117277120312,0.002845785703813503,0.0,0.002365997427346339,0.001341249264250065,472.0,0.004040949102522769,0.35771745734036153,75.63559322033898,False
2052071639337337288,BOX,False,,9,partial,True,-0.0016621613495351184,0.0005595254314363675,7.0,0.0010747703904457242,0.0006370892637828206,158.0,0.001887307163030776,-0.80874845692738,18.354430379746837,False
2051344780328858040,BOX,False,,10,partial,True,-0.0008313843479024197,0.0005190307673996301,6.0,0.0008828791634215622,0.00024890843723890236,101.0,0.001186709634203588,-1.4617760653597707,2.9702970297029703,False
2051057677984469277,BOX,False,,7,insufficient,False,0.004450960780235436,0.005068791872360151,0.0,0.002365997427346339,0.001341249264250065,472.0,0.004040949102522769,2.015132098898134,92.58474576271186,True
2051009208393589096,BOX,False,,7,insufficient,False,0.004450960780235436,0.005068791872360151,0.0,0.002365997427346339,0.001341249264250065,472.0,0.004040949102522769,2.015132098898134,92.58474576271186,True
2050684160151617603,BOX,False,,7,insufficient,False,0.004450960780235436,0.005068791872360151,0.0,0.002365997427346339,0.001341249264250065,472.0,0.004040949102522769,2.015132098898134,92.58474576271186,True
2050295657836277764,BOX,False,,15,complete,True,-0.003886437886635341,0.0012716069872609668,11.0,0.0008934168611414426,0.0005987207556726179,755.0,0.0013152033478981767,0.631663630392529,88.34437086092716,False
2050240083325030404,BOX,False,,10,partial,True,0.0012301608860254554,0.0006568649578357134,4.0,0.0009576938331044975,0.0005641838163725081,206.0,0.001540700580106158,-0.5332107489417223,34.46601941747573,False
2050051426446152159,BOX,False,,11,partial,True,0.01834969057489433,0.0036502581335374302,0.0,0.002365997427346339,0.001341249264250065,472.0,0.004040949102522769,0.9575108374125832,85.38135593220339,False
2049714403050918067,BOX,False,,7,insufficient,False,-0.018066374406982777,0.0033906399295136657,0.0,0.002365997427346339,0.001341249264250065,472.0,0.004040949102522769,0.7639463666287538,82.41525423728814,False
2049333853777764495,BOX,False,,12,partial,True,-0.00955849464946612,0.003280255791727107,0.0,0.002365997427346339,0.001341249264250065,472.0,0.004040949102522769,0.6816468711294755,81.5677966101695,False
2049163935182733396,BOX,False,,8,partial,True,0.0009432641799328456,0.0005330988354695436,5.0,0.0008476673880137073,0.0003763439537565541,100.0,0.0012922168242674198,-0.8358538762327212,15.0,False
2048950940661932319,BOX,False,,15,complete,True,0.023821869867807544,0.0029972691044980082,0.0,0.002365997427346339,0.001341249264250065,472.0,0.004040949102522769,0.4706594769352086,78.38983050847457,False
2048576989930619185,BOX,False,,13,partial,True,0.00461319755724654,0.004782204904806525,0.0,0.002365997427346339,0.001341249264250065,472.0,0.004040949102522769,1.8014604308552324,91.94915254237289,True
2048537503972684252,BOX,False,,13,partial,True,0.00461319755724654,0.004782204904806525,0.0,0.002365997427346339,0.001341249264250065,472.0,0.004040949102522769,1.8014604308552324,91.94915254237289,True
2048223146063609965,BOX,False,,13,partial,True,0.00461319755724654,0.004782204904806525,0.0,0.002365997427346339,0.001341249264250065,472.0,0.004040949102522769,1.8014604308552324,91.94915254237289,True
2047747142308274645,BOX,False,,6,insufficient,False,0.00018919089361180141,0.00033249350111141674,10.0,0.0008190620321485986,0.0003124081692805352,265.0,0.0012370491267267704,-1.5574769768592536,3.3962264150943398,False
2047540230694350958,BOX,False,,11,partial,True,-0.002104072793258638,0.002026874229963647,0.0,0.002365997427346339,0.001341249264250065,472.0,0.004040949102522769,-0.25284129238445957,56.99152542372882,False
2047428766390157688,BOX,False,,11,partial,True,-0.002104072793258638,0.002026874229963647,0.0,0.002365997427346339,0.001341249264250065,472.0,0.004040949102522769,-0.25284129238445957,56.99152542372882,False
2047387742951313910,BOX,False,,14,partial,True,0.00496035009327267,0.0007010303034614988,10.0,0.0008190620321485986,0.0003124081692805352,265.0,0.0012370491267267704,-0.37781255515476003,37.735849056603776,False
2047028112626749645,BOX,False,,11,partial,True,-0.0020239599224004534,0.0005378522286514234,11.0,0.0008934168611414426,0.0005987207556726179,755.0,0.0013152033478981767,-0.5938739038545089,22.119205298013245,False
2046805326784319663,BOX,False,,12,partial,True,-0.008206437375338327,0.00267926807647939,0.0,0.002365997427346339,0.001341249264250065,472.0,0.004040949102522769,0.2335663157349132,72.2457627118644,False
2046397816755634340,BOX,False,,11,partial,True,0.01149202344322231,0.0024569272824306373,0.0,0.002365997427346339,0.001341249264250065,472.0,0.004040949102522769,0.06779489652517337,68.22033898305084,False
2046067263326028108,BOX,False,,8,partial,True,-6.44428090855742e-05,0.005540435067222938,0.0,0.002365997427346339,0.001341249264250065,472.0,0.004040949102522769,2.36677679868218,93.64406779661016,True
2045680043607941548,BOX,False,,8,partial,True,-6.44428090855742e-05,0.005540435067222938,0.0,0.002365997427346339,0.001341249264250065,472.0,0.004040949102522769,2.36677679868218,93.64406779661016,True
2045616837787070695,BOX,False,,8,partial,True,-6.44428090855742e-05,0.005540435067222938,0.0,0.002365997427346339,0.001341249264250065,472.0,0.004040949102522769,2.36677679868218,93.64406779661016,True
2045355693050655048,BOX,False,,8,partial,True,-6.44428090855742e-05,0.005540435067222938,0.0,0.002365997427346339,0.001341249264250065,472.0,0.004040949102522769,2.36677679868218,93.64406779661016,True
2045137708620906573,BOX,False,,11,partial,True,-0.007505518372404429,0.0012137010068705627,0.0,0.002365997427346339,0.001341249264250065,472.0,0.004040949102522769,-0.8591217540164408,7.838983050847458,False
2044855448722100720,BOX,False,,14,partial,True,-0.00018550757727098244,0.00031850937251360077,11.0,0.0008934168611414426,0.0005987207556726179,755.0,0.0013152033478981767,-0.9602264213839997,2.781456953642384,False
2044621545348481285,BOX,False,,13,partial,True,0.015430073501554453,0.0036318883102149945,0.0,0.002365997427346339,0.001341249264250065,472.0,0.004040949102522769,0.9438147826880301,85.16949152542372,False
2044225408972009842,BOX,False,,13,partial,True,0.04063327783712967,0.003686313197741207,0.0,0.002365997427346339,0.001341249264250065,472.0,0.004040949102522769,0.9843925402882501,85.59322033898306,False
2043883641366032638,BOX,False,,14,partial,True,0.009935157980279996,0.002421341301071833,0.0,0.002365997427346339,0.001341249264250065,472.0,0.004040949102522769,0.04126292942008671,67.79661016949152,False
2043426157367095397,BOX,False,,13,partial,True,0.005143935247536313,0.0024743432268064165,0.0,0.002365997427346339,0.001341249264250065,472.0,0.004040949102522769,0.08077976431968956,68.4322033898305,False
2043318118169354302,BOX,False,,13,partial,True,0.005143935247536313,0.0024743432268064165,0.0,0.002365997427346339,0.001341249264250065,472.0,0.004040949102522769,0.08077976431968956,68.4322033898305,False
2043192337111924930,BOX,False,,13,partial,True,0.005143935247536313,0.0024743432268064165,0.0,0.002365997427346339,0.001341249264250065,472.0,0.004040949102522769,0.08077976431968956,68.4322033898305,False
2043051227387433144,BOX,False,,13,partial,True,0.005143935247536313,0.0024743432268064165,0.0,0.002365997427346339,0.001341249264250065,472.0,0.004040949102522769,0.08077976431968956,68.4322033898305,False
2042759653281456218,BOX,False,,13,partial,True,0.005143935247536313,0.0024743432268064165,0.0,0.002365997427346339,0.001341249264250065,472.0,0.004040949102522769,0.08077976431968956,68.4322033898305,False
2042469771275329594,BOX,True,"cpi(ALL, 2026-04-10 12:30:00+00:00->2026-04-10 20:00:00+00:00)",11,partial,False,-0.019350913517576562,0.005146736071090424,0.0,0.002365997427346339,0.001341249264250065,472.0,0.004040949102522769,2.07324523327801,92.58474576271186,True
2042460500785602648,BOX,True,"cpi(ALL, 2026-04-10 12:30:00+00:00->2026-04-10 20:00:00+00:00)",11,partial,False,-0.019350913517576562,0.005146736071090424,0.0,0.002365997427346339,0.001341249264250065,472.0,0.004040949102522769,2.07324523327801,92.58474576271186,True
2042392664943870443,BOX,True,"cpi(ALL, 2026-04-10 12:30:00+00:00->2026-04-10 20:00:00+00:00)",11,partial,False,-0.019350913517576562,0.005146736071090424,0.0,0.002365997427346339,0.001341249264250065,472.0,0.004040949102522769,2.07324523327801,92.58474576271186,True
2042343980742951264,BOX,True,"cpi(ALL, 2026-04-10 12:30:00+00:00->2026-04-10 20:00:00+00:00)",11,partial,False,-0.019350913517576562,0.005146736071090424,0.0,0.002365997427346339,0.001341249264250065,472.0,0.004040949102522769,2.07324523327801,92.58474576271186,True
2042285272985931972,BOX,False,,12,partial,True,-0.0010610880621622076,0.00043926896303558475,6.0,0.0008828791634215622,0.00024890843723890236,101.0,0.001186709634203588,-1.7822224320994002,1.9801980198019802,False
2041975669928702370,BOX,False,,11,partial,True,-0.026940264756337373,0.005248417637493804,0.0,0.002365997427346339,0.001341249264250065,472.0,0.004040949102522769,2.1490563215772704,92.79661016949152,True
2041732610179703100,BOX,False,,12,partial,True,-0.01935782684884546,0.002489414281515502,0.0,0.002365997427346339,0.001341249264250065,472.0,0.004040949102522769,0.09201634435801095,68.85593220338984,False
2041512156693201176,BOX,False,,10,partial,True,0.0013120567783585502,0.0013318126752873414,0.0,0.002365997427346339,0.001341249264250065,472.0,0.004040949102522769,-0.7710608159306191,16.3135593220339,False
2041347596342460439,BOX,False,,11,partial,True,0.010429655410057359,0.003259423555061533,0.0,0.002365997427346339,0.001341249264250065,472.0,0.004040949102522769,0.6661149061019145,81.35593220338984,False
2040967947275948357,BOX,False,,13,partial,True,0.0027967109191882056,0.0019894642984783864,0.0,0.002365997427346339,0.001341249264250065,472.0,0.004040949102522769,-0.2807331484938293,55.720338983050844,False
2040650799550722243,BOX,False,,13,partial,True,0.0027967109191882056,0.0019894642984783864,0.0,0.002365997427346339,0.001341249264250065,472.0,0.004040949102522769,-0.2807331484938293,55.720338983050844,False
2040528801386361128,BOX,False,,13,partial,True,0.0027967109191882056,0.0019894642984783864,0.0,0.002365997427346339,0.001341249264250065,472.0,0.004040949102522769,-0.2807331484938293,55.720338983050844,False
2040264454982480138,BOX,False,,13,partial,True,0.0027967109191882056,0.0019894642984783864,0.0,0.002365997427346339,0.001341249264250065,472.0,0.004040949102522769,-0.2807331484938293,55.720338983050844,False
2039931799414194621,BOX,False,,13,partial,True,0.0027967109191882056,0.0019894642984783864,0.0,0.002365997427346339,0.001341249264250065,472.0,0.004040949102522769,-0.2807331484938293,55.720338983050844,False
2039722279014432932,BOX,False,,11,partial,True,-0.0008795635810061597,0.0010373504756877037,3.0,0.0009537606446885452,0.0003292884701768625,271.0,0.0014873582929398983,0.253849856796571,70.84870848708486,False
2039414479084278239,BOX,False,,10,partial,True,-0.00014753033285708206,0.0006833714924449478,10.0,0.0008190620321485986,0.0003124081692805352,265.0,0.0012370491267267704,-0.4343373606911154,36.22641509433962,False
2039216522028257549,BOX,False,,10,partial,True,-0.019125238156558755,0.0012419793886125792,0.0,0.002365997427346339,0.001341249264250065,472.0,0.004040949102522769,-0.8380381400337499,9.322033898305085,False
2039065077870157987,BOX,False,,13,partial,True,0.00036252356954158405,0.0005049895474836158,12.0,0.0008875319452804941,0.00041320230581608707,1815.0,0.0013487540138926138,-0.9257992813988427,12.782369146005509,False
2038816649927913834,BOX,False,,11,partial,True,-0.006097610461013758,0.0030947463722774066,0.0,0.002365997427346339,0.001341249264250065,472.0,0.004040949102522769,0.5433359513069586,79.23728813559322,False
2038468564500537416,BOX,False,,8,partial,True,0.01881073425897184,0.001977342060810142,0.0,0.002365997427346339,0.001341249264250065,472.0,0.004040949102522769,-0.28977116848858564,54.8728813559322,False
2038263457125142742,BOX,False,,8,partial,True,0.01881073425897184,0.001977342060810142,0.0,0.002365997427346339,0.001341249264250065,472.0,0.004040949102522769,-0.28977116848858564,54.8728813559322,False
2037928306977509601,BOX,False,,8,partial,True,0.01881073425897184,0.001977342060810142,0.0,0.002365997427346339,0.001341249264250065,472.0,0.004040949102522769,-0.28977116848858564,54.8728813559322,False
2037744753073385518,BOX,False,,8,partial,True,0.01881073425897184,0.001977342060810142,0.0,0.002365997427346339,0.001341249264250065,472.0,0.004040949102522769,-0.28977116848858564,54.8728813559322,False
2037383187245273477,BOX,False,,8,partial,True,-0.014019751032656402,0.005274491802999044,0.0,0.002365997427346339,0.001341249264250065,472.0,0.004040949102522769,2.1684965301948824,92.79661016949152,True
2037200776389681499,BOX,False,,10,partial,True,0.0016825660524701913,0.0010252771973134347,5.0,0.0008476673880137073,0.0003763439537565541,100.0,0.0012922168242674198,0.4719348019992849,81.0,False
2036832183131033977,BOX,False,,6,insufficient,False,0.004880110723131992,0.0014586592631883292,4.0,0.0009576938331044975,0.0005641838163725081,206.0,0.001540700580106158,0.8879471823648768,88.83495145631069,False
2036478998667207012,BOX,False,,10,partial,True,0.0027276259704130945,0.0005272805960064704,5.0,0.0008476673880137073,0.0003763439537565541,100.0,0.0012922168242674198,-0.8513137750965059,15.0,False
2036290915950797314,BOX,False,,11,partial,True,-0.02456789058935438,0.0034101724238184547,0.0,0.002365997427346339,0.001341249264250065,472.0,0.004040949102522769,0.7785092781064427,82.62711864406779,False
2035762343502836020,BOX,False,,10,partial,True,-0.014743968768129223,0.002611357722922882,0.0,0.002365997427346339,0.001341249264250065,472.0,0.004040949102522769,0.18293415110556022,70.33898305084746,False
2035171720945115469,BOX,False,,10,partial,True,-0.014743968768129223,0.002611357722922882,0.0,0.002365997427346339,0.001341249264250065,472.0,0.004040949102522769,0.18293415110556022,70.33898305084746,False
2034833274506281061,BOX,False,,12,partial,True,0.030702813702069287,0.004148009606471073,0.0,0.002365997427346339,0.001341249264250065,472.0,0.004040949102522769,1.3286211792415137,90.2542372881356,True
2034484203522261293,BOX,False,,13,partial,True,0.005443119523905526,0.0019175743965712617,0.0,0.002365997427346339,0.001341249264250065,472.0,0.004040949102522769,-0.33433235918739157,52.96610169491526,False
2034283304401113453,BOX,False,,9,partial,True,0.005564007260377979,0.001092832115440512,3.0,0.0009537606446885452,0.0003292884701768625,271.0,0.0014873582929398983,0.4223393266009914,75.27675276752768,False
2034023235654980049,BOX,False,,7,insufficient,False,-0.00039812942984240873,0.0038763605841019336,0.0,0.002365997427346339,0.001341249264250065,472.0,0.004040949102522769,1.126086848293696,87.92372881355932,False
2033749314997280850,BOX,False,,11,partial,True,0.011016561860810237,0.0017593331048012268,0.0,0.002365997427346339,0.001341249264250065,472.0,0.004040949102522769,-0.45231288375342943,43.22033898305085,False
2033332698404851860,BOX,False,,8,partial,True,-0.008283712687976008,0.000927650934894375,0.0,0.002365997427346339,0.001341249264250065,472.0,0.004040949102522769,-1.072393126907838,2.754237288135593,False
2032889536066498595,BOX,False,,8,partial,True,-0.008283712687976008,0.000927650934894375,0.0,0.002365997427346339,0.001341249264250065,472.0,0.004040949102522769,-1.072393126907838,2.754237288135593,False
2032652452395434196,BOX,False,,8,partial,True,-0.008283712687976008,0.000927650934894375,0.0,0.002365997427346339,0.001341249264250065,472.0,0.004040949102522769,-1.072393126907838,2.754237288135593,False
2032329562390970811,BOX,False,,9,partial,True,0.006458993712492589,0.003196202611856224,0.0,0.002365997427346339,0.001341249264250065,472.0,0.004040949102522769,0.6189790418815841,80.72033898305084,False
2031872496186900875,BOX,False,,5,insufficient,False,0.009794229313261349,0.003523987780435809,0.0,0.002365997427346339,0.001341249264250065,472.0,0.004040949102522769,0.8633669996732031,84.32203389830508,False
2031575412967616632,BOX,True,"cpi(ALL, 2026-03-11 12:30:00+00:00->2026-03-11 20:00:00+00:00)",8,partial,False,0.0018590611484854414,0.0016659383780808156,0.0,0.002365997427346339,0.001341249264250065,472.0,0.004040949102522769,-0.5219455234198759,37.71186440677966,False
2030714592238956960,BOX,False,,15,complete,True,-0.00938515799648898,0.0029571681381387023,0.0,0.002365997427346339,0.001341249264250065,472.0,0.004040949102522769,0.44076125635223024,77.54237288135593,False
2030344039757934833,BOX,False,,15,complete,True,-0.00938515799648898,0.0029571681381387023,0.0,0.002365997427346339,0.001341249264250065,472.0,0.004040949102522769,0.44076125635223024,77.54237288135593,False
2030049511398330663,BOX,False,,15,complete,True,-0.00938515799648898,0.0029571681381387023,0.0,0.002365997427346339,0.001341249264250065,472.0,0.004040949102522769,0.44076125635223024,77.54237288135593,False
2029777072953167910,BOX,True,"jobs_report(ALL, 2026-03-06 13:30:00+00:00->2026-03-06 21:00:00+00:00)",13,partial,False,0.009443008066674752,0.00413328320221405,0.0,0.002365997427346339,0.001341249264250065,472.0,0.004040949102522769,1.3176415614705714,90.2542372881356,True
2029658336065716498,BOX,False,,12,partial,True,0.0009015157832306109,0.0014882306101257675,12.0,0.0008875319452804941,0.00041320230581608707,1815.0,0.0013487540138926138,1.4537640676009185,94.15977961432506,True
2029358591275335912,BOX,False,,12,partial,True,-0.01273176518014163,0.003527611516907964,0.0,0.002365997427346339,0.001341249264250065,472.0,0.004040949102522769,0.8660687618055246,84.32203389830508,False
2028987147005640944,BOX,True,"earnings(BOX, 2026-03-03 21:00:00+00:00->2026-03-04 21:00:00+00:00)",14,partial,False,0.060261943268569595,0.005434687563041499,0.0,0.002365997427346339,0.001341249264250065,472.0,0.004040949102522769,2.2879342546450245,93.00847457627118,True
2028711992320835686,BOX,False,,13,partial,True,0.022172181726426987,0.00302484752363489,0.0,0.002365997427346339,0.001341249264250065,472.0,0.004040949102522769,0.49122121730067436,78.60169491525424,False
2028268614848303451,BOX,False,,11,partial,True,0.02173145207249405,0.0060667425852070555,0.0,0.002365997427346339,0.001341249264250065,472.0,0.004040949102522769,2.75917777291749,97.03389830508475,True
2027884295268991104,BOX,False,,11,partial,True,0.02173145207249405,0.0060667425852070555,0.0,0.002365997427346339,0.001341249264250065,472.0,0.004040949102522769,2.75917777291749,97.03389830508475,True
2027544515100254411,BOX,False,,11,partial,True,0.02173145207249405,0.0060667425852070555,0.0,0.002365997427346339,0.001341249264250065,472.0,0.004040949102522769,2.75917777291749,97.03389830508475,True
2027474021910995106,BOX,False,,10,partial,True,-0.0026926960619317875,0.000525797329597982,11.0,0.0008934168611414426,0.0005987207556726179,755.0,0.0013152033478981767,-0.6140083303617354,20.397350993377483,False
2026885050411745491,BOX,False,,10,partial,True,0.015459147489179537,0.006571975495693254,0.0,0.002365997427346339,0.001341249264250065,472.0,0.004040949102522769,3.135866076838901,98.30508474576271,True
2026855402990629132,BOX,False,,10,partial,True,0.015459147489179537,0.006571975495693254,0.0,0.002365997427346339,0.001341249264250065,472.0,0.004040949102522769,3.135866076838901,98.30508474576271,True
2026707314380882347,BOX,False,,9,partial,True,-0.0017895688690676703,0.0010865719004633997,5.0,0.0008476673880137073,0.0003763439537565541,100.0,0.0012922168242674198,0.6348036418946504,83.0,False
2026426391533895962,BOX,False,,12,partial,True,-0.019897428709165332,0.003448397010281577,0.0,0.002365997427346339,0.001341249264250065,472.0,0.004040949102522769,0.8070085194346345,82.83898305084746,False
2026173183083331701,BOX,False,,13,partial,True,0.04930854152371489,0.004998047747598025,0.0,0.002365997427346339,0.001341249264250065,472.0,0.004040949102522769,1.962387149359108,92.16101694915254,True
2025809687900508666,BOX,False,,5,insufficient,False,-0.027901905425338436,0.006168294796682212,0.0,0.002365997427346339,0.001341249264250065,472.0,0.004040949102522769,2.8348924176013304,97.2457627118644,True
2025736031283400712,BOX,False,,5,insufficient,False,-0.027901905425338436,0.006168294796682212,0.0,0.002365997427346339,0.001341249264250065,472.0,0.004040949102522769,2.8348924176013304,97.2457627118644,True
2025385106307977366,BOX,False,,5,insufficient,False,-0.027901905425338436,0.006168294796682212,0.0,0.002365997427346339,0.001341249264250065,472.0,0.004040949102522769,2.8348924176013304,97.2457627118644,True
2025093420935680379,BOX,False,,5,insufficient,False,-0.027901905425338436,0.006168294796682212,0.0,0.002365997427346339,0.001341249264250065,472.0,0.004040949102522769,2.8348924176013304,97.2457627118644,True
2024969864864301348,BOX,False,,5,insufficient,False,-0.027901905425338436,0.006168294796682212,0.0,0.002365997427346339,0.001341249264250065,472.0,0.004040949102522769,2.8348924176013304,97.2457627118644,True
2024736684924158292,BOX,False,,4,insufficient,False,0.004825948549523895,0.0043443931288085795,0.0,0.002365997427346339,0.001341249264250065,472.0,0.004040949102522769,1.4750395427567478,91.3135593220339,True
2024335500283420836,BOX,False,,5,insufficient,False,-0.0008497747373270581,0.0019553192877984895,0.0,0.002365997427346339,0.001341249264250065,472.0,0.004040949102522769,-0.3061907659479484,54.02542372881356,False
2023822262097637478,BOX,False,,8,partial,True,0.0027063050542639466,0.0016939452125153693,7.0,0.0010747703904457242,0.0006370892637828206,158.0,0.001887307163030776,0.9718807979798535,89.24050632911393,False
2023635013963559352,BOX,False,,9,partial,True,0.0017925954330432203,0.002028909566087627,0.0,0.002365997427346339,0.001341249264250065,472.0,0.004040949102522769,-0.2513237995677028,57.20338983050848,False
2023152367366222151,BOX,False,,9,partial,True,0.0017925954330432203,0.002028909566087627,0.0,0.002365997427346339,0.001341249264250065,472.0,0.004040949102522769,-0.2513237995677028,57.20338983050848,False
2022859327124463881,BOX,False,,9,partial,True,0.0017925954330432203,0.002028909566087627,0.0,0.002365997427346339,0.001341249264250065,472.0,0.004040949102522769,-0.2513237995677028,57.20338983050848,False
2022737438838325687,BOX,False,,9,partial,True,0.0017925954330432203,0.002028909566087627,0.0,0.002365997427346339,0.001341249264250065,472.0,0.004040949102522769,-0.2513237995677028,57.20338983050848,False
2022528168511320525,BOX,False,,9,partial,True,0.0017925954330432203,0.002028909566087627,0.0,0.002365997427346339,0.001341249264250065,472.0,0.004040949102522769,-0.2513237995677028,57.20338983050848,False
2022375298097111160,BOX,True,"cpi(ALL, 2026-02-13 13:30:00+00:00->2026-02-13 21:00:00+00:00)",6,insufficient,False,-0.002536791207158884,0.001508546661490657,7.0,0.0010747703904457242,0.0006370892637828206,158.0,0.001887307163030776,0.6808720468295385,83.54430379746836,False
2022174379761971640,BOX,True,"cpi(ALL, 2026-02-13 13:30:00+00:00->2026-02-13 21:00:00+00:00)",12,partial,False,0.017394840923099064,0.004115357653635096,0.0,0.002365997427346339,0.001341249264250065,472.0,0.004040949102522769,1.3042767462518454,90.2542372881356,True
2021817744572780985,BOX,False,,5,insufficient,False,-0.009534058046924754,0.005176280907844326,0.0,0.002365997427346339,0.001341249264250065,472.0,0.004040949102522769,2.0952730826430725,92.79661016949152,True
2021653900617826731,BOX,True,"jobs_report(ALL, 2026-02-11 13:30:00+00:00->2026-02-11 21:00:00+00:00)",12,partial,False,0.007986229516982135,0.0015658606175695572,8.0,0.001120834941023975,0.0005122699327436334,159.0,0.0015615102713901021,0.8687327678243735,91.19496855345912,True
2021462942718349332,BOX,True,"jobs_report(ALL, 2026-02-11 13:30:00+00:00->2026-02-11 21:00:00+00:00)",13,partial,False,-0.03505628855113707,0.003636467668068857,0.0,0.002365997427346339,0.001341249264250065,472.0,0.004040949102522769,0.9472290308639074,85.16949152542372,False
2021090905126539398,BOX,False,,8,partial,True,0.007712201789774498,0.003863761937192097,0.0,0.002365997427346339,0.001341249264250065,472.0,0.004040949102522769,1.1166936301606887,87.5,False
2020380616471245259,BOX,False,,7,insufficient,False,-0.008100433806804586,0.0020719991626025856,0.0,0.002365997427346339,0.001341249264250065,472.0,0.004040949102522769,-0.21919733533508204,57.41525423728814,False
2020008277325803982,BOX,False,,7,insufficient,False,-0.008100433806804586,0.0020719991626025856,0.0,0.002365997427346339,0.001341249264250065,472.0,0.004040949102522769,-0.21919733533508204,57.41525423728814,False
2019634114874470819,BOX,False,,9,partial,True,0.011552379123104028,0.004020831745764834,0.0,0.002365997427346339,0.001341249264250065,472.0,0.004040949102522769,1.2338007278190497,89.83050847457628,False
2019479689170153599,BOX,False,,10,partial,True,0.0009570787013177817,0.0012795381774648585,8.0,0.001120834941023975,0.0005122699327436334,159.0,0.0015615102713901021,0.309803926205263,76.10062893081762,False
2019102184651256315,BOX,False,,14,partial,True,0.002617219582898067,0.0011182964864649568,6.0,0.0008828791634215622,0.00024890843723890236,101.0,0.001186709634203588,0.945798887554145,80.19801980198021,False
2018919899436093948,BOX,False,,14,partial,True,-0.010916116497324602,0.001755960912654376,0.0,0.002365997427346339,0.001341249264250065,472.0,0.004040949102522769,-0.4548271010855345,43.00847457627119,False
2018510268414976002,BOX,False,,11,partial,True,-0.024801355947627668,0.004280145869636207,0.0,0.002365997427346339,0.001341249264250065,472.0,0.004040949102522769,1.4271384844785944,90.88983050847457,True
2018125395930091819,BOX,False,,9,partial,True,0.014603504102662868,0.004027443520403759,0.0,0.002365997427346339,0.001341249264250065,472.0,0.004040949102522769,1.2387302922297494,89.83050847457628,False
2017673895856545891,BOX,False,,9,partial,True,0.014603504102662868,0.004027443520403759,0.0,0.002365997427346339,0.001341249264250065,472.0,0.004040949102522769,1.2387302922297494,89.83050847457628,False
2017432134198473041,BOX,False,,9,partial,True,0.014603504102662868,0.004027443520403759,0.0,0.002365997427346339,0.001341249264250065,472.0,0.004040949102522769,1.2387302922297494,89.83050847457628,False
2017127995950203114,BOX,False,,9,partial,True,0.006592408098226699,0.003760748491949952,0.0,0.002365997427346339,0.001341249264250065,472.0,0.004040949102522769,1.0398895282029939,86.65254237288136,False
2016727602619453888,BOX,False,,11,partial,True,-0.024152349875420587,0.0040377738984751135,0.0,0.002365997427346339,0.001341249264250065,472.0,0.004040949102522769,1.2464323490708622,89.83050847457628,False
2016670711415525770,BOX,False,,11,partial,True,-0.024152349875420587,0.0040377738984751135,0.0,0.002365997427346339,0.001341249264250065,472.0,0.004040949102522769,1.2464323490708622,89.83050847457628,False
2016392874670338155,BOX,False,,4,insufficient,False,0.0065377868235083625,0.0013095992182274461,0.0,0.002365997427346339,0.001341249264250065,472.0,0.004040949102522769,-0.7876225823762586,14.194915254237289,False
2015860958149967887,BOX,False,,8,partial,True,0.0009245037215328544,0.0003283288155500158,8.0,0.001120834941023975,0.0005122699327436334,159.0,0.0015615102713901021,-1.5470479034938218,0.0,False
2014379893212250546,BOX,False,,9,partial,True,0.0014951921450012673,0.0004544475384146934,4.0,0.0009576938331044975,0.0005641838163725081,206.0,0.001540700580106158,-0.8919899509445175,12.135922330097088,False
2014169497691890139,BOX,False,,7,insufficient,False,0.0056975405390991,0.002624611497034937,0.0,0.002365997427346339,0.001341249264250065,472.0,0.004040949102522769,0.1928158147644517,70.76271186440678,False
2014047544020705548,BOX,False,,12,partial,True,0.001333705388565365,0.0009137729246362767,8.0,0.001120834941023975,0.0005122699327436334,159.0,0.0015615102713901021,-0.4042048989264471,34.59119496855346,False
2013018817610518642,BOX,False,,10,partial,True,0.02011538061832374,0.0026288359510832737,0.0,0.002365997427346339,0.001341249264250065,472.0,0.004040949102522769,0.19596545604362053,70.76271186440678,False
2012353041782263965,BOX,False,,10,partial,True,0.02011538061832374,0.0026288359510832737,0.0,0.002365997427346339,0.001341249264250065,472.0,0.004040949102522769,0.19596545604362053,70.76271186440678,False
2012289037235577313,BOX,False,,10,partial,True,0.02011538061832374,0.0026288359510832737,0.0,0.002365997427346339,0.001341249264250065,472.0,0.004040949102522769,0.19596545604362053,70.76271186440678,False
2011870566144463220,BOX,False,,13,partial,True,0.0018289883608122448,0.0008832027162748024,8.0,0.001120834941023975,0.0005122699327436334,159.0,0.0015615102713901021,-0.46388087521837057,32.075471698113205,False
2011641513969660229,BOX,False,,11,partial,True,-0.011058462294978977,0.002205618269695647,0.0,0.002365997427346339,0.001341249264250065,472.0,0.004040949102522769,-0.1195744608593433,60.80508474576271,False
2010927960006721960,BOX,True,"cpi(ALL, 2026-01-13 13:30:00+00:00->2026-01-13 21:00:00+00:00)",14,partial,False,-0.0171939489429751,0.002595306672060303,0.0,0.002365997427346339,0.001341249264250065,472.0,0.004040949102522769,0.17096691183810492,70.12711864406779,False
2010055953157357622,BOX,False,,9,partial,True,-0.003704880884161099,0.0016553825718842712,0.0,0.002365997427346339,0.001341249264250065,472.0,0.004040949102522769,-0.5298156535126938,36.652542372881356,False
2009323784009089366,BOX,False,,10,partial,True,0.000930452690414918,0.00030940934487569866,6.0,0.0008828791634215622,0.00024890843723890236,101.0,0.001186709634203588,-2.3039388495916957,1.9801980198019802,False
2009125381622857783,BOX,False,,13,partial,True,-0.007183531372498497,0.0018279595111891271,0.0,0.002365997427346339,0.001341249264250065,472.0,0.004040949102522769,-0.40114684905944464,49.152542372881356,False
2008746912569283060,BOX,False,,8,partial,True,0.009140596576915128,0.0024423354844972183,0.0,0.002365997427346339,0.001341249264250065,472.0,0.004040949102522769,0.05691563767124384,68.22033898305084,False
2007958155137876183,BOX,False,,9,partial,True,-0.01488882900973476,0.0026112557292500855,0.0,0.002365997427346339,0.001341249264250065,472.0,0.004040949102522769,0.18285810731898366,70.33898305084746,False
2006521312693637597,BOX,False,,6,insufficient,False,-0.0256564663827058,0.0029099500507663973,0.0,0.002365997427346339,0.001341249264250065,472.0,0.004040949102522769,0.4055566984591781,76.48305084745762,False
2006172896453185596,BOX,False,,7,insufficient,False,-0.0034549849387677245,0.0018879227595067127,0.0,0.002365997427346339,0.001341249264250065,472.0,0.004040949102522769,-0.3564398360411651,52.118644067796616,False
2005811362807833002,BOX,False,,4,insufficient,False,-0.0007526744549111175,0.0018259701484607464,0.0,0.002365997427346339,0.001341249264250065,472.0,0.004040949102522769,-0.40263006532759527,48.940677966101696,False
2005095077518201221,BOX,False,,9,partial,True,0.007500705890766457,0.0009950669873454675,0.0,0.002365997427346339,0.001341249264250065,472.0,0.004040949102522769,-1.022129500117491,3.389830508474576,False
2004654686629163154,BOX,False,,15,complete,True,-0.00041822845919670115,0.00045784529652927126,12.0,0.0008875319452804941,0.00041320230581608707,1815.0,0.0013487540138926138,-1.0398941213616382,8.760330578512397,False
2003911490584432978,BOX,False,,6,insufficient,False,0.0005356211348690465,0.0022431019213738183,0.0,0.002365997427346339,0.001341249264250065,472.0,0.004040949102522769,-0.09162764092268534,60.80508474576271,False
2003588900523257878,BOX,False,,6,insufficient,False,-0.011043452103665086,0.0016289887551879422,0.0,0.002365997427346339,0.001341249264250065,472.0,0.004040949102522769,-0.5494941856094749,34.53389830508475,False
2003272570364198954,BOX,False,,11,partial,True,5.928258459242386e-05,0.0010471784438291969,0.0,0.002365997427346339,0.001341249264250065,472.0,0.004040949102522769,-0.9832765755547578,4.025423728813559,False
2002805101510197370,BOX,False,,8,partial,True,-0.0007595984634036768,0.0020186715919901666,0.0,0.002365997427346339,0.001341249264250065,472.0,0.004040949102522769,-0.25895696244826905,56.567796610169495,False
2002476175965466736,BOX,False,,8,partial,True,-0.0007595984634036768,0.0020186715919901666,0.0,0.002365997427346339,0.001341249264250065,472.0,0.004040949102522769,-0.25895696244826905,56.567796610169495,False
2001888559725506915,BOX,False,,6,insufficient,False,-0.006106519198909144,0.001521534024496233,0.0,0.002365997427346339,0.001341249264250065,472.0,0.004040949102522769,-0.629609592607883,27.11864406779661,False
2001749124593615024,BOX,True,"cpi(ALL, 2025-12-18 13:30:00+00:00->2025-12-18 21:00:00+00:00)",12,partial,False,-0.000511959578316068,0.00019349979684196055,11.0,0.0008934168611414426,0.0005987207556726179,755.0,0.0013152033478981767,-1.1690208793800339,0.0,False
2001343878650302667,BOX,False,,6,insufficient,False,9.181125425505865e-05,0.0003747663581154017,6.0,0.0008828791634215622,0.00024890843723890236,101.0,0.001186709634203588,-2.041364330364076,1.9801980198019802,False
2000772401815326894,BOX,True,"jobs_report(ALL, 2025-12-16 13:30:00+00:00->2025-12-16 21:00:00+00:00)",7,insufficient,False,0.001606406815918171,0.0010409924670405747,0.0,0.002365997427346339,0.001341249264250065,472.0,0.004040949102522769,-0.98788867634281,4.025423728813559,False
2000439482957619580,BOX,False,,9,partial,True,0.0009666028329409215,0.002884556159866372,0.0,0.002365997427346339,0.001341249264250065,472.0,0.004040949102522769,0.3866236846064368,75.84745762711864,False
1999725887626125445,BOX,False,,9,partial,True,0.0009666028329409215,0.002884556159866372,0.0,0.002365997427346339,0.001341249264250065,472.0,0.004040949102522769,0.3866236846064368,75.84745762711864,False
1999531307823780343,BOX,False,,9,partial,True,0.001262840654699282,0.0008364669665370045,5.0,0.0008476673880137073,0.0003763439537565541,100.0,0.0012922168242674198,-0.029761130383266353,64.0,False
1999359216310714844,BOX,False,,12,partial,True,0.002775435419847705,0.0015882121319939432,0.0,0.002365997427346339,0.001341249264250065,472.0,0.004040949102522769,-0.5798961580696788,31.14406779661017,False
1999191612321391058,BOX,False,,9,partial,True,-0.0003021747082476711,0.000401304314175711,8.0,0.001120834941023975,0.0005122699327436334,159.0,0.0015615102713901021,-1.4045927368693618,3.1446540880503147,False
1998597578678829449,BOX,False,,12,partial,True,-0.00995150490001906,0.0018781180821461337,0.0,0.002365997427346339,0.001341249264250065,472.0,0.004040949102522769,-0.3637499443274583,51.69491525423729,False
1998247121271824796,BOX,False,,11,partial,True,-0.005703966491901191,0.0012395583311115529,0.0,0.002365997427346339,0.001341249264250065,472.0,0.004040949102522769,-0.8398432165139819,8.898305084745763,False
1997768912042369366,BOX,False,,8,partial,True,-0.0018618425396156324,0.002827900574582252,0.0,0.002365997427346339,0.001341249264250065,472.0,0.004040949102522769,0.3443827777189331,75.63559322033898,False
1997465631650955504,BOX,False,,8,partial,True,-0.0018618425396156324,0.002827900574582252,0.0,0.002365997427346339,0.001341249264250065,472.0,0.004040949102522769,0.3443827777189331,75.63559322033898,False
1997152030507556962,BOX,False,,8,partial,True,-0.0018618425396156324,0.002827900574582252,0.0,0.002365997427346339,0.001341249264250065,472.0,0.004040949102522769,0.3443827777189331,75.63559322033898,False
1997014930273587423,BOX,False,,8,partial,True,0.0006462803121096705,0.0004577159676093092,8.0,0.001120834941023975,0.0005122699327436334,159.0,0.0015615102713901021,-1.2944717833879291,4.40251572327044,False
1996240388940804171,BOX,True,"earnings(BOX, 2025-12-02 21:00:00+00:00->2025-12-03 21:00:00+00:00)",15,complete,False,-0.0031369022602202312,0.002547593701606802,2.0,0.0012459311727754808,0.0005641575098515942,353.0,0.002079870276452755,2.307267928018424,97.45042492917847,True
1996114346423066903,BOX,True,"earnings(BOX, 2025-12-02 21:00:00+00:00->2025-12-03 21:00:00+00:00)",14,partial,False,0.06416152820090071,0.005699195664190602,0.0,0.002365997427346339,0.001341249264250065,472.0,0.004040949102522769,2.4851445034774793,95.33898305084746,True
1995886909781147962,BOX,False,,12,partial,True,0.0024401208041640032,0.000646389537414596,3.0,0.0009537606446885452,0.0003292884701768625,271.0,0.0014873582929398983,-0.9334402358784641,14.760147601476014,False
1995676190913560798,BOX,False,,10,partial,True,0.007214557327932303,0.0015181957270927356,0.0,0.002365997427346339,0.001341249264250065,472.0,0.004040949102522769,-0.6320985389152376,26.69491525423729,False
1995208111259599257,BOX,False,,12,partial,True,-0.010458251207500213,0.0031344479964732293,0.0,0.002365997427346339,0.001341249264250065,472.0,0.004040949102522769,0.5729364329281144,80.08474576271186,False
1994900315292979426,BOX,False,,12,partial,True,-0.010458251207500213,0.0031344479964732293,0.0,0.002365997427346339,0.001341249264250065,472.0,0.004040949102522769,0.5729364329281144,80.08474576271186,False
1994876287157244070,BOX,False,,12,partial,True,-0.010458251207500213,0.0031344479964732293,0.0,0.002365997427346339,0.001341249264250065,472.0,0.004040949102522769,0.5729364329281144,80.08474576271186,False
1994563889657516439,BOX,False,,12,partial,True,-0.010458251207500213,0.0031344479964732293,0.0,0.002365997427346339,0.001341249264250065,472.0,0.004040949102522769,0.5729364329281144,80.08474576271186,False
1994536868395061469,BOX,False,,12,partial,True,-0.010458251207500213,0.0031344479964732293,0.0,0.002365997427346339,0.001341249264250065,472.0,0.004040949102522769,0.5729364329281144,80.08474576271186,False
1994083411137577126,BOX,False,,11,partial,True,-0.0018067481132530983,0.0011720946064797083,0.0,0.002365997427346339,0.001341249264250065,472.0,0.004040949102522769,-0.8901423864222433,7.415254237288135,False
1993906667877195970,BOX,False,,11,partial,True,-0.0018067481132530983,0.0011720946064797083,0.0,0.002365997427346339,0.001341249264250065,472.0,0.004040949102522769,-0.8901423864222433,7.415254237288135,False
1993548974805168280,BOX,False,,11,partial,True,-0.00012008558521814372,0.0012411067224868523,0.0,0.002365997427346339,0.001341249264250065,472.0,0.004040949102522769,-0.8386887768310903,9.110169491525424,False
1993179081266151641,BOX,False,,5,insufficient,False,0.008368781084841292,0.002939161738434681,0.0,0.002365997427346339,0.001341249264250065,472.0,0.004040949102522769,0.42733616067168256,77.11864406779661,False
1992752275669049462,BOX,False,,8,partial,True,-0.010879794381419838,0.0034058167684666097,0.0,0.002365997427346339,0.001341249264250065,472.0,0.004040949102522769,0.7752618166032444,82.62711864406779,False
1992097401671504075,BOX,False,,8,partial,True,-0.010879794381419838,0.0034058167684666097,0.0,0.002365997427346339,0.001341249264250065,472.0,0.004040949102522769,0.7752618166032444,82.62711864406779,False
1991991192066933045,BOX,False,,8,partial,True,-0.010879794381419838,0.0034058167684666097,0.0,0.002365997427346339,0.001341249264250065,472.0,0.004040949102522769,0.7752618166032444,82.62711864406779,False
1991923373417672717,BOX,False,,6,insufficient,False,0.002289956987662989,0.0005442255606034496,6.0,0.0008828791634215622,0.00024890843723890236,101.0,0.001186709634203588,-1.36055493568132,2.9702970297029703,False
1991745725726879875,BOX,False,,8,partial,True,-0.0018963185130951299,0.004540253811641088,0.0,0.002365997427346339,0.001341249264250065,472.0,0.004040949102522769,1.6210680909565638,91.94915254237289,True
1991382210541416620,BOX,True,"jobs_report(ALL, 2025-11-20 13:30:00+00:00->2025-11-20 21:00:00+00:00)",10,partial,False,-0.00724663025698824,0.00242718533246126,0.0,0.002365997427346339,0.001341249264250065,472.0,0.004040949102522769,0.04562008475667863,67.79661016949152,False
1990820579981840746,BOX,False,,10,partial,True,0.004194827111312804,0.0008688393050559482,4.0,0.0009576938331044975,0.0005641838163725081,206.0,0.001540700580106158,-0.15749216030309207,53.883495145631066,False
1990594635614597230,BOX,False,,10,partial,True,-0.0057350112808945974,0.0025726992549717914,0.0,0.002365997427346339,0.001341249264250065,472.0,0.004040949102522769,0.1541114192081408,69.91525423728814,False
1990158009952297028,BOX,False,,8,partial,True,-0.015642042733965633,0.002065259665653945,0.0,0.002365997427346339,0.001341249264250065,472.0,0.004040949102522769,-0.22422212612399545,57.41525423728814,False
1989813515650281968,BOX,False,,8,partial,True,-0.015642042733965633,0.002065259665653945,0.0,0.002365997427346339,0.001341249264250065,472.0,0.004040949102522769,-0.22422212612399545,57.41525423728814,False
1989051715207983511,BOX,False,,10,partial,True,-0.0005584835388329212,0.0006728319099745328,9.0,0.0007694987405448939,0.00023842357378686256,150.0,0.0011138224769505123,-0.4054415804402625,38.0,False
1988788206821863438,BOX,False,,6,insufficient,False,0.01150164655953334,0.0021430521274128,0.0,0.002365997427346339,0.001341249264250065,472.0,0.004040949102522769,-0.16622212281935167,59.95762711864406,False
1988438465739125201,BOX,False,,2,insufficient,False,0.005267420063941763,0.0,0.0,0.002365997427346339,0.001341249264250065,472.0,0.004040949102522769,-1.764025144624585,0.0,False
1988105997475606611,BOX,False,,3,insufficient,False,0.007578845630604292,0.0021835184575538236,0.0,0.002365997427346339,0.001341249264250065,472.0,0.004040949102522769,-0.13605149665789035,60.381355932203384,False
1987945033971171705,BOX,False,,9,partial,True,0.0005531965754290713,0.0004956462218915538,7.0,0.0010747703904457242,0.0006370892637828206,158.0,0.001887307163030776,-0.9090157399852054,13.291139240506327,False
1987595537122791875,BOX,False,,8,partial,True,-0.011479661244057304,0.0020335778902862904,0.0,0.002365997427346339,0.001341249264250065,472.0,0.004040949102522769,-0.24784322043666887,57.20338983050848,False
1987269365725901293,BOX,False,,8,partial,True,-0.011479661244057304,0.0020335778902862904,0.0,0.002365997427346339,0.001341249264250065,472.0,0.004040949102522769,-0.24784322043666887,57.20338983050848,False
1986620885592113218,BOX,False,,11,partial,True,0.016913966060944086,0.002465121168537631,0.0,0.002365997427346339,0.001341249264250065,472.0,0.004040949102522769,0.07390404142865656,68.4322033898305,False
1986188497242488895,BOX,False,,3,insufficient,False,-0.004671593224740422,0.0017619880213219918,0.0,0.002365997427346339,0.001341249264250065,472.0,0.004040949102522769,-0.45033344816935883,43.22033898305085,False
1985868555980820605,BOX,False,,10,partial,True,0.005599302014302698,0.0010254445380652537,0.0,0.002365997427346339,0.001341249264250065,472.0,0.004040949102522769,-0.999480801229465,3.6016949152542375,False
1985566097152885126,BOX,False,,8,partial,True,-0.00016281819813224185,0.0009866424693826849,0.0,0.002365997427346339,0.001341249264250065,472.0,0.004040949102522769,-1.028410598036671,3.1779661016949152,False
1985507252120535429,BOX,False,,8,partial,True,-0.00016281819813224185,0.0009866424693826849,0.0,0.002365997427346339,0.001341249264250065,472.0,0.004040949102522769,-1.028410598036671,3.1779661016949152,False
1985180770785481004,BOX,False,,9,partial,True,-0.003605187451096503,0.0016499041874863255,0.0,0.002365997427346339,0.001341249264250065,472.0,0.004040949102522769,-0.5339001921170887,36.228813559322035,False
1984788764963848463,BOX,False,,9,partial,True,-0.003605187451096503,0.0016499041874863255,0.0,0.002365997427346339,0.001341249264250065,472.0,0.004040949102522769,-0.5339001921170887,36.228813559322035,False
1984662238914093489,BOX,False,,9,partial,True,-0.003605187451096503,0.0016499041874863255,0.0,0.002365997427346339,0.001341249264250065,472.0,0.004040949102522769,-0.5339001921170887,36.228813559322035,False
1984648216730878262,BOX,False,,9,partial,True,-0.003605187451096503,0.0016499041874863255,0.0,0.002365997427346339,0.001341249264250065,472.0,0.004040949102522769,-0.5339001921170887,36.228813559322035,False
1984063020054798440,BOX,False,,5,insufficient,False,-0.005024219436081001,0.001497014068329891,0.0,0.002365997427346339,0.001341249264250065,472.0,0.004040949102522769,-0.6478910238227227,26.059322033898308,False
1983721593340875138,BOX,False,,7,insufficient,False,0.007958631620030188,0.0011204971683077313,0.0,0.002365997427346339,0.001341249264250065,472.0,0.004040949102522769,-0.9286120725180838,5.508474576271186,False
1983368863673921758,BOX,False,,12,partial,True,-0.020183187263643765,0.0036723798609836675,0.0,0.002365997427346339,0.001341249264250065,472.0,0.004040949102522769,0.974004212682844,85.59322033898306,False
1982996352641462724,BOX,False,,6,insufficient,False,-0.0011813562631912689,0.0016483294849339702,0.0,0.002365997427346339,0.001341249264250065,472.0,0.004040949102522769,-0.5350742487181456,36.016949152542374,False
1982875803076702400,BOX,False,,6,insufficient,False,-0.0011614597944786809,0.00026565016706831153,9.0,0.0007694987405448939,0.00023842357378686256,150.0,0.0011138224769505123,-2.1132498161737776,0.0,False
1982605763555246203,BOX,False,,7,insufficient,False,-0.010515471675365484,0.0007125806000319273,0.0,0.002365997427346339,0.001341249264250065,472.0,0.004040949102522769,-1.2327438839184672,0.847457627118644,False
1981921855863963863,BOX,False,,7,insufficient,False,-0.010515471675365484,0.0007125806000319273,0.0,0.002365997427346339,0.001341249264250065,472.0,0.004040949102522769,-1.2327438839184672,0.847457627118644,False
1981552772542869574,BOX,True,"cpi(ALL, 2025-10-24 12:30:00+00:00->2025-10-24 20:00:00+00:00)",5,insufficient,False,-0.0006233979572389803,0.000826176370860668,0.0,0.002365997427346339,0.001341249264250065,472.0,0.004040949102522769,-1.1480498797116836,1.694915254237288,False
1981479811500724297,BOX,True,"cpi(ALL, 2025-10-24 12:30:00+00:00->2025-10-24 20:00:00+00:00)",5,insufficient,False,-0.0006233979572389803,0.000826176370860668,0.0,0.002365997427346339,0.001341249264250065,472.0,0.004040949102522769,-1.1480498797116836,1.694915254237288,False
1981403279780434058,BOX,False,,3,insufficient,False,-0.00027849782072653095,0.001354900444992202,6.0,0.0008828791634215622,0.00024890843723890236,101.0,0.001186709634203588,1.8963651325229833,97.02970297029702,True
1981190193718972802,BOX,False,,6,insufficient,False,-0.012187255458460777,0.0022562822395309325,0.0,0.002365997427346339,0.001341249264250065,472.0,0.004040949102522769,-0.08180074408223585,61.652542372881356,False
1981043419062694123,BOX,False,,8,partial,True,-0.0004407275519612286,0.000439760548014865,6.0,0.0008828791634215622,0.00024890843723890236,101.0,0.001186709634203588,-1.7802474689975731,1.9801980198019802,False
1980856705027305835,BOX,False,,7,insufficient,False,-0.004306013635704042,0.0010055933893956953,0.0,0.002365997427346339,0.001341249264250065,472.0,0.004040949102522769,-1.0142812929789669,3.6016949152542375,False
1980710354016669751,BOX,False,,11,partial,True,0.002120735937333751,0.0003313264053914664,10.0,0.0008190620321485986,0.0003124081692805352,265.0,0.0012370491267267704,-1.5612127809601455,3.3962264150943398,False
1980435175160050092,BOX,False,,5,insufficient,False,0.005531110426537422,0.0010121421371292892,0.0,0.002365997427346339,0.001341249264250065,472.0,0.004040949102522769,-1.0093987197629766,3.6016949152542375,False
1980085588549362123,BOX,False,,10,partial,True,0.0024691836509638243,0.0018435868018506214,0.0,0.002365997427346339,0.001341249264250065,472.0,0.004040949102522769,-0.38949555419723875,50.0,False
1979941267753824738,BOX,False,,10,partial,True,0.0024691836509638243,0.0018435868018506214,0.0,0.002365997427346339,0.001341249264250065,472.0,0.004040949102522769,-0.38949555419723875,50.0,False
1979648582224658538,BOX,False,,10,partial,True,0.0024691836509638243,0.0018435868018506214,0.0,0.002365997427346339,0.001341249264250065,472.0,0.004040949102522769,-0.38949555419723875,50.0,False
1979597667031511064,BOX,False,,10,partial,True,0.0024691836509638243,0.0018435868018506214,0.0,0.002365997427346339,0.001341249264250065,472.0,0.004040949102522769,-0.38949555419723875,50.0,False
1979312435694834048,BOX,False,,10,partial,True,0.0024691836509638243,0.0018435868018506214,0.0,0.002365997427346339,0.001341249264250065,472.0,0.004040949102522769,-0.38949555419723875,50.0,False
1978982310113390827,BOX,False,,4,insufficient,False,0.0008476436115854025,0.001563516266734923,0.0,0.002365997427346339,0.001341249264250065,472.0,0.004040949102522769,-0.5983087424544525,29.8728813559322,False
1978669569096163384,BOX,False,,5,insufficient,False,0.004254765766659396,0.0013070101415574805,0.0,0.002365997427346339,0.001341249264250065,472.0,0.004040949102522769,-0.7895529295078286,13.771186440677965,False
1977875995484184777,BOX,False,,5,insufficient,False,0.007584961695094816,0.0007150953829274431,0.0,0.002365997427346339,0.001341249264250065,472.0,0.004040949102522769,-1.2308689282614205,0.847457627118644,False
1977605722008654123,BOX,False,,7,insufficient,False,-0.016193262372158235,0.0018330911705006477,0.0,0.002365997427346339,0.001341249264250065,472.0,0.004040949102522769,-0.39732081951497383,49.36440677966102,False
1977487728762884249,BOX,False,,7,insufficient,False,-0.016193262372158235,0.0018330911705006477,0.0,0.002365997427346339,0.001341249264250065,472.0,0.004040949102522769,-0.39732081951497383,49.36440677966102,False
1977079675722801607,BOX,False,,7,insufficient,False,-0.016193262372158235,0.0018330911705006477,0.0,0.002365997427346339,0.001341249264250065,472.0,0.004040949102522769,-0.39732081951497383,49.36440677966102,False
1976839744194855002,BOX,False,,7,insufficient,False,-0.016193262372158235,0.0018330911705006477,0.0,0.002365997427346339,0.001341249264250065,472.0,0.004040949102522769,-0.39732081951497383,49.36440677966102,False
1976462057840181320,BOX,False,,10,partial,True,-0.006097561952566721,0.0018357151795440558,0.0,0.002365997427346339,0.001341249264250065,472.0,0.004040949102522769,-0.39536442772908514,49.36440677966102,False
1976360528256852130,BOX,False,,7,insufficient,False,0.00012286562065733087,0.000718343950562564,11.0,0.0008934168611414426,0.0005987207556726179,755.0,0.0013152033478981767,-0.29241162749101185,41.05960264900662,False
1976105792878350577,BOX,False,,5,insufficient,False,-0.0001508069413237445,0.0010267319478934952,0.0,0.002365997427346339,0.001341249264250065,472.0,0.004040949102522769,-0.9985209424898882,3.6016949152542375,False
1975771522758549617,BOX,False,,8,partial,True,0.0047953297128122685,0.001712595289566819,0.0,0.002365997427346339,0.001341249264250065,472.0,0.004040949102522769,-0.48715936343484817,41.10169491525424,False
1975401848594116920,BOX,False,,10,partial,True,0.0006027569417164091,0.003019042880700256,0.0,0.002365997427346339,0.001341249264250065,472.0,0.004040949102522769,0.4868934289548747,78.38983050847457,False
1975274282398962099,BOX,False,,9,partial,True,-0.0013750132788638014,0.0007130176010367007,11.0,0.0008934168611414426,0.0005987207556726179,755.0,0.0013152033478981767,-0.3013078440918202,40.0,False
1975267269690441862,BOX,False,,11,partial,True,0.002152676823186872,0.0007944787260984141,10.0,0.0008190620321485986,0.0003124081692805352,265.0,0.0012370491267267704,-0.07868970298311667,50.943396226415096,False
1975010765913682214,BOX,False,,9,partial,True,-0.008649076160777813,0.0022210033359842418,0.0,0.002365997427346339,0.001341249264250065,472.0,0.004040949102522769,-0.10810376208718236,60.80508474576271,False
1974637047257370641,BOX,False,,9,partial,True,-0.008649076160777813,0.0022210033359842418,0.0,0.002365997427346339,0.001341249264250065,472.0,0.004040949102522769,-0.10810376208718236,60.80508474576271,False
1974510318933201021,BOX,False,,9,partial,True,-0.008649076160777813,0.0022210033359842418,0.0,0.002365997427346339,0.001341249264250065,472.0,0.004040949102522769,-0.10810376208718236,60.80508474576271,False
1974344042273267766,BOX,False,,9,partial,True,-0.008649076160777813,0.0022210033359842418,0.0,0.002365997427346339,0.001341249264250065,472.0,0.004040949102522769,-0.10810376208718236,60.80508474576271,False
1973971040947855474,BOX,False,,10,partial,True,-0.001693311308147205,0.0009287331997258735,0.0,0.002365997427346339,0.001341249264250065,472.0,0.004040949102522769,-1.0715862188555128,2.754237288135593,False
1973471766938001745,BOX,False,,15,complete,True,0.002766640348702998,0.00045215474018068613,12.0,0.0008875319452804941,0.00041320230581608707,1815.0,0.0013487540138926138,-1.0536659621003923,8.484848484848486,False
1973229517213933956,BOX,False,,10,partial,True,0.006163670756291317,0.0020175446444639185,0.0,0.002365997427346339,0.001341249264250065,472.0,0.004040949102522769,-0.25979718473676233,56.567796610169495,False
1972831658157232444,BOX,False,,5,insufficient,False,-0.002284573660238154,0.0012146271990080202,0.0,0.002365997427346339,0.001341249264250065,472.0,0.004040949102522769,-0.8584312096395346,7.838983050847458,False
1972777693377949830,BOX,False,,5,insufficient,False,-0.002284573660238154,0.0012146271990080202,0.0,0.002365997427346339,0.001341249264250065,472.0,0.004040949102522769,-0.8584312096395346,7.838983050847458,False
1972415011227381902,BOX,False,,4,insufficient,False,-0.009149159526899875,0.0018669772960760425,0.0,0.002365997427346339,0.001341249264250065,472.0,0.004040949102522769,-0.37205621995201216,51.271186440677965,False
1971226298786906490,BOX,False,,9,partial,True,0.001344517066551254,0.0008126662315162048,2.0,0.0012459311727754808,0.0005641575098515942,353.0,0.002079870276452755,-0.7679857729328986,21.246458923512748,False
1971069915991007724,BOX,False,,9,partial,True,-0.00024074344030944328,0.0019473149944499763,0.0,0.002365997427346339,0.001341249264250065,472.0,0.004040949102522769,-0.31215855550195704,53.60169491525424,False
1970989665445687464,BOX,False,,9,partial,True,-0.00024074344030944328,0.0019473149944499763,0.0,0.002365997427346339,0.001341249264250065,472.0,0.004040949102522769,-0.31215855550195704,53.60169491525424,False
1970701791064137877,BOX,False,,6,insufficient,False,0.0037732923826210296,0.0012886755870631966,0.0,0.002365997427346339,0.001341249264250065,472.0,0.004040949102522769,-0.8032226887263251,13.135593220338984,False
1970316300712063422,BOX,False,,2,insufficient,False,0.0007595594326097466,0.0,0.0,0.002365997427346339,0.001341249264250065,472.0,0.004040949102522769,-1.764025144624585,0.0,False
1969866932557062471,BOX,False,,12,partial,True,-0.0024889110465426967,0.0017056819129898395,0.0,0.002365997427346339,0.001341249264250065,472.0,0.004040949102522769,-0.49231379427872646,40.67796610169492,False
1969839611682984194,BOX,False,,12,partial,True,-0.0024889110465426967,0.0017056819129898395,0.0,0.002365997427346339,0.001341249264250065,472.0,0.004040949102522769,-0.49231379427872646,40.67796610169492,False
1969229371912356273,BOX,False,,12,partial,True,-0.0024889110465426967,0.0017056819129898395,0.0,0.002365997427346339,0.001341249264250065,472.0,0.004040949102522769,-0.49231379427872646,40.67796610169492,False
1968883364469129316,BOX,False,,5,insufficient,False,-0.0035291946620816805,0.001300525549841131,0.0,0.002365997427346339,0.001341249264250065,472.0,0.004040949102522769,-0.7943876696931105,13.771186440677965,False
1968512148533133810,BOX,False,,4,insufficient,False,-0.009070194607283089,0.0014996812203487957,0.0,0.002365997427346339,0.001341249264250065,472.0,0.004040949102522769,-0.6459024657746435,26.27118644067797,False
1968420057114939856,BOX,False,,4,insufficient,False,-0.009070194607283089,0.0014996812203487957,0.0,0.002365997427346339,0.001341249264250065,472.0,0.004040949102522769,-0.6459024657746435,26.27118644067797,False
1968151772746354967,BOX,False,,6,insufficient,False,0.008652660091934106,0.0016964531695243701,0.0,0.002365997427346339,0.001341249264250065,472.0,0.004040949102522769,-0.49919450147570626,40.25423728813559,False
1967984466300899337,BOX,False,,7,insufficient,False,0.00012523271470099573,0.001132367643833042,5.0,0.0008476673880137073,0.0003763439537565541,100.0,0.0012922168242674198,0.7564895170429627,85.0,False
1967757615372640645,BOX,False,,5,insufficient,False,0.0012373833892391772,0.001153404779836794,0.0,0.002365997427346339,0.001341249264250065,472.0,0.004040949102522769,-0.9040770271643312,6.991525423728813,False
1967342270342173050,BOX,False,,1,insufficient,False,-0.0041206202930877955,,0.0,,,,,,,False
1967036306888044887,BOX,False,,1,insufficient,False,-0.0041206202930877955,,0.0,,,,,,,False
1966705068700561623,BOX,False,,1,insufficient,False,-0.0041206202930877955,,0.0,,,,,,,False
1966175904566227366,BOX,True,"cpi(ALL, 2025-09-11 12:30:00+00:00->2025-09-11 20:00:00+00:00)",5,insufficient,False,0.0018266710578523915,0.0001977377462199094,5.0,0.0008476673880137073,0.0003763439537565541,100.0,0.0012922168242674198,-1.7269565122712673,0.0,False
1965635682271187329,BOX,False,,8,partial,True,-0.011620795681867357,0.0014573510391018088,0.0,0.002365997427346339,0.001341249264250065,472.0,0.004040949102522769,-0.6774627300560596,23.30508474576271,False
1965577317935448113,BOX,False,,8,partial,True,-0.011620795681867357,0.0014573510391018088,0.0,0.002365997427346339,0.001341249264250065,472.0,0.004040949102522769,-0.6774627300560596,23.30508474576271,False
1965484622797840797,BOX,False,,10,partial,True,-0.0006536744567353647,0.000662487946215584,10.0,0.0008190620321485986,0.0003124081692805352,265.0,0.0012370491267267704,-0.5011843521685081,33.58490566037736,False
1965253791718191383,BOX,False,,8,partial,True,-0.0036074617424778355,0.0010919771700515352,0.0,0.002365997427346339,0.001341249264250065,472.0,0.004040949102522769,-0.9498758293874249,5.084745762711865,False
1964917120346861626,BOX,False,,9,partial,True,-0.004343620930435499,0.0018961805362284491,0.0,0.002365997427346339,0.001341249264250065,472.0,0.004040949102522769,-0.3502830559840639,52.118644067796616,False
1964912351196717301,BOX,False,,9,partial,True,-0.004343620930435499,0.0018961805362284491,0.0,0.002365997427346339,0.001341249264250065,472.0,0.004040949102522769,-0.3502830559840639,52.118644067796616,False
1964515570986209584,BOX,False,,9,partial,True,-0.004343620930435499,0.0018961805362284491,0.0,0.002365997427346339,0.001341249264250065,472.0,0.004040949102522769,-0.3502830559840639,52.118644067796616,False
1964372070890123489,BOX,False,,9,partial,True,-0.004343620930435499,0.0018961805362284491,0.0,0.002365997427346339,0.001341249264250065,472.0,0.004040949102522769,-0.3502830559840639,52.118644067796616,False
1964189550693273685,BOX,False,,9,partial,True,-0.004343620930435499,0.0018961805362284491,0.0,0.002365997427346339,0.001341249264250065,472.0,0.004040949102522769,-0.3502830559840639,52.118644067796616,False
1964047397044310490,BOX,True,"jobs_report(ALL, 2025-09-05 12:30:00+00:00->2025-09-05 20:00:00+00:00)",11,partial,False,-0.0017876672987311437,0.000489635279745639,11.0,0.0008934168611414426,0.0005987207556726179,755.0,0.0013152033478981767,-0.674407188276253,15.099337748344372,False
1963802448780472529,BOX,True,"jobs_report(ALL, 2025-09-05 12:30:00+00:00->2025-09-05 20:00:00+00:00)",8,partial,False,0.00698748816064354,0.0016605192145155976,0.0,0.002365997427346339,0.001341249264250065,472.0,0.004040949102522769,-0.525985908536693,36.86440677966102,False
1963452672209784850,BOX,False,,3,insufficient,False,-0.004642330393784033,0.0005432312547670737,0.0,0.002365997427346339,0.001341249264250065,472.0,0.004040949102522769,-1.3590062795661118,0.6355932203389831,False
1963071173060886971,BOX,False,,6,insufficient,False,-0.004154043164568799,0.0025178356982768733,0.0,0.002365997427346339,0.001341249264250065,472.0,0.004040949102522769,0.11320660147048187,69.49152542372882,False
1962748473138401646,BOX,False,,9,partial,True,0.015644453387595125,0.0018648831893417611,0.0,0.002365997427346339,0.001341249264250065,472.0,0.004040949102522769,-0.3736175305824059,51.059322033898304,False
1962582305526206625,BOX,False,,9,partial,True,0.015644453387595125,0.0018648831893417611,0.0,0.002365997427346339,0.001341249264250065,472.0,0.004040949102522769,-0.3736175305824059,51.059322033898304,False
1962319969783546322,BOX,False,,9,partial,True,0.015644453387595125,0.0018648831893417611,0.0,0.002365997427346339,0.001341249264250065,472.0,0.004040949102522769,-0.3736175305824059,51.059322033898304,False
1962319895070458241,BOX,False,,9,partial,True,0.015644453387595125,0.0018648831893417611,0.0,0.002365997427346339,0.001341249264250065,472.0,0.004040949102522769,-0.3736175305824059,51.059322033898304,False
1962295909892653208,BOX,False,,9,partial,True,0.015644453387595125,0.0018648831893417611,0.0,0.002365997427346339,0.001341249264250065,472.0,0.004040949102522769,-0.3736175305824059,51.059322033898304,False
1961884479427080255,BOX,False,,9,partial,True,0.015644453387595125,0.0018648831893417611,0.0,0.002365997427346339,0.001341249264250065,472.0,0.004040949102522769,-0.3736175305824059,51.059322033898304,False
1961844488445567067,BOX,False,,9,partial,True,0.015644453387595125,0.0018648831893417611,0.0,0.002365997427346339,0.001341249264250065,472.0,0.004040949102522769,-0.3736175305824059,51.059322033898304,False
1961592190892982565,BOX,False,,9,partial,True,0.015644453387595125,0.0018648831893417611,0.0,0.002365997427346339,0.001341249264250065,472.0,0.004040949102522769,-0.3736175305824059,51.059322033898304,False
1961252992537268515,BOX,False,,6,insufficient,False,0.0038146031292107807,0.0019601692519489347,0.0,0.002365997427346339,0.001341249264250065,472.0,0.004040949102522769,-0.30257476086990875,54.23728813559322,False
1961112921150546063,BOX,False,,10,partial,True,-0.0014395406498682872,0.00028512149127387493,7.0,0.0010747703904457242,0.0006370892637828206,158.0,0.001887307163030776,-1.239463516435956,0.0,False
1960852529287455070,BOX,False,,9,partial,True,0.003309442442230859,0.0011884894082653224,0.0,0.002365997427346339,0.001341249264250065,472.0,0.004040949102522769,-0.8779188555524754,7.838983050847458,False
1960807122666709242,BOX,False,,9,partial,True,0.003309442442230859,0.0011884894082653224,0.0,0.002365997427346339,0.001341249264250065,472.0,0.004040949102522769,-0.8779188555524754,7.838983050847458,False
1960483226373513447,BOX,True,"earnings(BOX, 2025-08-26 20:00:00+00:00->2025-08-27 20:00:00+00:00)",14,partial,False,0.03276398454438345,0.013749348483799518,0.0,0.002365997427346339,0.001341249264250065,472.0,0.004040949102522769,8.487125666993727,100.0,True
1960196953788305568,BOX,False,,11,partial,True,0.0028952657919792957,0.0012245922843935747,0.0,0.002365997427346339,0.001341249264250065,472.0,0.004040949102522769,-0.8510015053696677,8.050847457627118,False
1960070316111372735,BOX,False,,11,partial,True,0.0028952657919792957,0.0012245922843935747,0.0,0.002365997427346339,0.001341249264250065,472.0,0.004040949102522769,-0.8510015053696677,8.050847457627118,False
1959787184950788224,BOX,False,,9,partial,True,-0.005627580412503219,0.0013810783839660488,0.0,0.002365997427346339,0.001341249264250065,472.0,0.004040949102522769,-0.7343296057135135,17.584745762711865,False
1959660079722246546,BOX,False,,9,partial,True,-0.005627580412503219,0.0013810783839660488,0.0,0.002365997427346339,0.001341249264250065,472.0,0.004040949102522769,-0.7343296057135135,17.584745762711865,False
1959098026213220801,BOX,False,,9,partial,True,-0.005627580412503219,0.0013810783839660488,0.0,0.002365997427346339,0.001341249264250065,472.0,0.004040949102522769,-0.7343296057135135,17.584745762711865,False
1958312148935008369,BOX,False,,8,partial,True,-0.0015301027178771243,0.002179285447142741,0.0,0.002365997427346339,0.001341249264250065,472.0,0.004040949102522769,-0.1392075173349638,60.381355932203384,False
1957962344153448699,BOX,False,,5,insufficient,False,-0.0019249445164366552,0.0021835141905975856,0.0,0.002365997427346339,0.001341249264250065,472.0,0.004040949102522769,-0.13605467798767873,60.381355932203384,False
1957854649496867056,BOX,False,,8,partial,True,-0.0018001101064437641,0.0006508228847402474,7.0,0.0010747703904457242,0.0006370892637828206,158.0,0.001887307163030776,-0.6654444358208453,28.48101265822785,False
1957642363280801886,BOX,False,,5,insufficient,False,0.003371433347862385,0.0004727884387639518,0.0,0.002365997427346339,0.001341249264250065,472.0,0.004040949102522769,-1.411526581258511,0.0,False
1957264955432223123,BOX,False,,6,insufficient,False,0.0007154228936041562,0.0020737020333972647,0.0,0.002365997427346339,0.001341249264250065,472.0,0.004040949102522769,-0.21792771988024617,57.6271186440678,False
1957161995297501611,BOX,False,,6,insufficient,False,0.0007154228936041562,0.0020737020333972647,0.0,0.002365997427346339,0.001341249264250065,472.0,0.004040949102522769,-0.21792771988024617,57.6271186440678,False
1956763646836838492,BOX,False,,6,insufficient,False,0.0007154228936041562,0.0020737020333972647,0.0,0.002365997427346339,0.001341249264250065,472.0,0.004040949102522769,-0.21792771988024617,57.6271186440678,False
1956506467789660377,BOX,False,,6,insufficient,False,0.0007154228936041562,0.0020737020333972647,0.0,0.002365997427346339,0.001341249264250065,472.0,0.004040949102522769,-0.21792771988024617,57.6271186440678,False
1956189037435478277,BOX,False,,8,partial,True,0.009737975530730303,0.0012533903144623928,0.0,0.002365997427346339,0.001341249264250065,472.0,0.004040949102522769,-0.8295304553296737,9.745762711864407,False
1956021327862882806,BOX,False,,3,insufficient,False,-0.00023539081559753594,0.0010429589661491434,4.0,0.0009576938331044975,0.0005641838163725081,206.0,0.001540700580106158,0.15113005827226478,71.84466019417476,False
1955828224682025020,BOX,False,,7,insufficient,False,-0.00852066651508021,0.0021880426211039984,0.0,0.002365997427346339,0.001341249264250065,472.0,0.004040949102522769,-0.1326783998959664,60.381355932203384,False
1955485403177505020,BOX,False,,5,insufficient,False,0.0014933482489716265,0.0019370883880862146,0.0,0.002365997427346339,0.001341249264250065,472.0,0.004040949102522769,-0.31978324290074533,53.60169491525424,False
1955038477361484203,BOX,True,"cpi(ALL, 2025-08-12 12:30:00+00:00->2025-08-12 20:00:00+00:00)",9,partial,False,-0.004640015493309724,0.0018320892550292664,0.0,0.002365997427346339,0.001341249264250065,472.0,0.004040949102522769,-0.39806782120816125,49.36440677966102,False
1954731387640320012,BOX,False,,7,insufficient,False,-0.0032448250463391615,0.0017112418582206274,0.0,0.002365997427346339,0.001341249264250065,472.0,0.004040949102522769,-0.4881684460731513,40.88983050847458,False
1954668252950589643,BOX,False,,7,insufficient,False,-0.0032448250463391615,0.0017112418582206274,0.0,0.002365997427346339,0.001341249264250065,472.0,0.004040949102522769,-0.4881684460731513,40.88983050847458,False
1954342551668023655,BOX,False,,7,insufficient,False,-0.0032448250463391615,0.0017112418582206274,0.0,0.002365997427346339,0.001341249264250065,472.0,0.004040949102522769,-0.4881684460731513,40.88983050847458,False
1954309317202747616,BOX,False,,7,insufficient,False,-0.0032448250463391615,0.0017112418582206274,0.0,0.002365997427346339,0.001341249264250065,472.0,0.004040949102522769,-0.4881684460731513,40.88983050847458,False
1954201490991861783,BOX,False,,7,insufficient,False,-0.0032448250463391615,0.0017112418582206274,0.0,0.002365997427346339,0.001341249264250065,472.0,0.004040949102522769,-0.4881684460731513,40.88983050847458,False
1953956848178192586,BOX,False,,7,insufficient,False,-0.0032448250463391615,0.0017112418582206274,0.0,0.002365997427346339,0.001341249264250065,472.0,0.004040949102522769,-0.4881684460731513,40.88983050847458,False
1953920948668969248,BOX,False,,7,insufficient,False,-0.0032448250463391615,0.0017112418582206274,0.0,0.002365997427346339,0.001341249264250065,472.0,0.004040949102522769,-0.4881684460731513,40.88983050847458,False
1953670264988016931,BOX,False,,6,insufficient,False,0.0007851769342444026,0.001500069571780609,0.0,0.002365997427346339,0.001341249264250065,472.0,0.004040949102522769,-0.645612921211851,26.27118644067797,False
1953626050757537961,BOX,False,,6,insufficient,False,0.0007851769342444026,0.001500069571780609,0.0,0.002365997427346339,0.001341249264250065,472.0,0.004040949102522769,-0.645612921211851,26.27118644067797,False
1953505866122236089,BOX,False,,14,partial,True,0.0001955863280718173,0.000500148811124179,7.0,0.0010747703904457242,0.0006370892637828206,158.0,0.001887307163030776,-0.9019483014195477,13.291139240506327,False
1953225396822163885,BOX,False,,7,insufficient,False,-0.003776477632598141,0.0029964719256473232,0.0,0.002365997427346339,0.001341249264250065,472.0,0.004040949102522769,0.47006512145488655,78.38983050847457,False
1952857455417016391,BOX,False,,7,insufficient,False,0.006148233356435329,0.0015174277324410252,0.0,0.002365997427346339,0.001341249264250065,472.0,0.004040949102522769,-0.6326711354281906,26.69491525423729,False
1952780903086018699,BOX,False,,10,partial,True,-0.003701618757354641,0.0007646932203944572,7.0,0.0010747703904457242,0.0006370892637828206,158.0,0.001887307163030776,-0.4867091437236496,39.24050632911392,False
1952600861089452148,BOX,False,,6,insufficient,False,0.003273634018780669,0.0018730216420040579,0.0,0.002365997427346339,0.001341249264250065,472.0,0.004040949102522769,-0.36754971539009174,51.483050847457626,False
1952500405210173516,BOX,False,,6,insufficient,False,0.003273634018780669,0.0018730216420040579,0.0,0.002365997427346339,0.001341249264250065,472.0,0.004040949102522769,-0.36754971539009174,51.483050847457626,False
1952110754276200929,BOX,False,,8,partial,True,-0.012806221269575757,0.0022157602145423,0.0,0.002365997427346339,0.001341249264250065,472.0,0.004040949102522769,-0.11201289484996783,60.80508474576271,False
1952053109666250874,BOX,False,,8,partial,True,-0.012806221269575757,0.0022157602145423,0.0,0.002365997427346339,0.001341249264250065,472.0,0.004040949102522769,-0.11201289484996783,60.80508474576271,False
1951798756468564359,BOX,False,,8,partial,True,-0.012806221269575757,0.0022157602145423,0.0,0.002365997427346339,0.001341249264250065,472.0,0.004040949102522769,-0.11201289484996783,60.80508474576271,False
1951666669010751594,BOX,False,,8,partial,True,-0.012806221269575757,0.0022157602145423,0.0,0.002365997427346339,0.001341249264250065,472.0,0.004040949102522769,-0.11201289484996783,60.80508474576271,False
1951477125980287293,BOX,False,,8,partial,True,-0.012806221269575757,0.0022157602145423,0.0,0.002365997427346339,0.001341249264250065,472.0,0.004040949102522769,-0.11201289484996783,60.80508474576271,False
1951119978209615893,BOX,True,"jobs_report(ALL, 2025-08-01 12:30:00+00:00->2025-08-01 20:00:00+00:00)",9,partial,False,0.009814321776311252,0.001101867629908248,0.0,0.002365997427346339,0.001341249264250065,472.0,0.004040949102522769,-0.9425017639393869,5.084745762711865,False
1950965166507708428,BOX,False,,4,insufficient,False,-0.00022763346678789098,0.0006953388220387364,6.0,0.0008828791634215622,0.00024890843723890236,101.0,0.001186709634203588,-0.7534511222808592,16.831683168316832,False
1950943213889712149,BOX,False,,8,partial,True,-0.002443786227959044,0.0007423230888090541,4.0,0.0009576938331044975,0.0005641838163725081,206.0,0.001540700580106158,-0.381738607250731,40.77669902912621,False
1950608340947796074,BOX,False,,6,insufficient,False,-0.001925447088420018,0.00042595538934378654,7.0,0.0010747703904457242,0.0006370892637828206,158.0,0.001887307163030776,-1.018405171748608,8.227848101265822,False
1950354513610616943,BOX,False,,6,insufficient,False,-0.0064062146336073544,0.0014169832004629623,0.0,0.002365997427346339,0.001341249264250065,472.0,0.004040949102522769,-0.70755992355679,19.915254237288135,False
1949959279353745810,BOX,False,,3,insufficient,False,0.001728163461165666,0.0007573348555931503,0.0,0.002365997427346339,0.001341249264250065,472.0,0.004040949102522769,-1.1993762939006294,1.059322033898305,False
1949623247361974697,BOX,False,,7,insufficient,False,0.001570953355579885,0.0018490322779300896,0.0,0.002365997427346339,0.001341249264250065,472.0,0.004040949102522769,-0.38543555116527967,50.21186440677966,False
1949504939849331122,BOX,False,,7,insufficient,False,0.001570953355579885,0.0018490322779300896,0.0,0.002365997427346339,0.001341249264250065,472.0,0.004040949102522769,-0.38543555116527967,50.21186440677966,False
1949147166481752523,BOX,False,,7,insufficient,False,0.001570953355579885,0.0018490322779300896,0.0,0.002365997427346339,0.001341249264250065,472.0,0.004040949102522769,-0.38543555116527967,50.21186440677966,False
1948936241569038571,BOX,False,,7,insufficient,False,0.001570953355579885,0.0018490322779300896,0.0,0.002365997427346339,0.001341249264250065,472.0,0.004040949102522769,-0.38543555116527967,50.21186440677966,False
1948854933161439314,BOX,False,,7,insufficient,False,0.001570953355579885,0.0018490322779300896,0.0,0.002365997427346339,0.001341249264250065,472.0,0.004040949102522769,-0.38543555116527967,50.21186440677966,False
1948564358856147163,BOX,False,,4,insufficient,False,0.0015512425474542013,0.0023896797995041873,0.0,0.002365997427346339,0.001341249264250065,472.0,0.004040949102522769,0.01765695071683013,66.3135593220339,False
1948244333972652188,BOX,False,,3,insufficient,False,-0.0037735079589424902,0.001290761134550289,0.0,0.002365997427346339,0.001341249264250065,472.0,0.004040949102522769,-0.8016677596444005,13.347457627118645,False
1948217650984649113,BOX,False,,3,insufficient,False,-0.0037735079589424902,0.001290761134550289,0.0,0.002365997427346339,0.001341249264250065,472.0,0.004040949102522769,-0.8016677596444005,13.347457627118645,False
1948046549260648589,BOX,False,,11,partial,True,-0.002386767317939853,0.00035186237512777025,4.0,0.0009576938331044975,0.0005641838163725081,206.0,0.001540700580106158,-1.073819277327021,0.9708737864077669,False
1947830617913364853,BOX,False,,5,insufficient,False,-0.008334199249396046,0.0031453868655445722,0.0,0.002365997427346339,0.001341249264250065,472.0,0.004040949102522769,0.5810921645754,80.29661016949152,False
1947722135876866369,BOX,False,,6,insufficient,False,3.9966057934437416e-05,0.0005667645278546927,9.0,0.0007694987405448939,0.00023842357378686256,150.0,0.0011138224769505123,-0.8503111058616812,19.333333333333332,False
1947465388843061641,BOX,False,,11,partial,True,0.0038455676080554335,0.0016736430552587586,0.0,0.002365997427346339,0.001341249264250065,472.0,0.004040949102522769,-0.5162011197632961,37.92372881355932,False
1947089114286981418,BOX,False,,7,insufficient,False,0.0005532002872363773,0.0010249798531877694,0.0,0.002365997427346339,0.001341249264250065,472.0,0.004040949102522769,-0.9998272579917314,3.6016949152542375,False
1947003139686846797,BOX,False,,7,insufficient,False,0.0005532002872363773,0.0010249798531877694,0.0,0.002365997427346339,0.001341249264250065,472.0,0.004040949102522769,-0.9998272579917314,3.6016949152542375,False
1946990049041711441,BOX,False,,7,insufficient,False,0.0005532002872363773,0.0010249798531877694,0.0,0.002365997427346339,0.001341249264250065,472.0,0.004040949102522769,-0.9998272579917314,3.6016949152542375,False
1946693912984510767,BOX,False,,7,insufficient,False,0.0005532002872363773,0.0010249798531877694,0.0,0.002365997427346339,0.001341249264250065,472.0,0.004040949102522769,-0.9998272579917314,3.6016949152542375,False
1946428061098066064,BOX,False,,7,insufficient,False,0.0005532002872363773,0.0010249798531877694,0.0,0.002365997427346339,0.001341249264250065,472.0,0.004040949102522769,-0.9998272579917314,3.6016949152542375,False
1946324991181811979,BOX,False,,7,insufficient,False,0.0005532002872363773,0.0010249798531877694,0.0,0.002365997427346339,0.001341249264250065,472.0,0.004040949102522769,-0.9998272579917314,3.6016949152542375,False
1946227618657014138,BOX,False,,7,insufficient,False,-0.00259468546033359,0.00023541780762219763,3.0,0.0009537606446885452,0.0003292884701768625,271.0,0.0014873582929398983,-2.1815001195775907,0.0,False
1945705670751436824,BOX,False,,7,insufficient,False,0.0050770076634334416,0.0016464584998766257,0.0,0.002365997427346339,0.001341249264250065,472.0,0.004040949102522769,-0.5364692057236882,35.80508474576271,False
1945658595204591644,BOX,False,,7,insufficient,False,0.0050770076634334416,0.0016464584998766257,0.0,0.002365997427346339,0.001341249264250065,472.0,0.004040949102522769,-0.5364692057236882,35.80508474576271,False
1945343647588999517,BOX,False,,3,insufficient,False,0.0040650706690248395,0.0003098853523426648,0.0,0.002365997427346339,0.001341249264250065,472.0,0.004040949102522769,-1.5329828166976194,0.0,False
1945286014052000113,BOX,False,,3,insufficient,False,0.0040650706690248395,0.0003098853523426648,0.0,0.002365997427346339,0.001341249264250065,472.0,0.004040949102522769,-1.5329828166976194,0.0,False
1945163574386520137,BOX,True,"cpi(ALL, 2025-07-15 12:30:00+00:00->2025-07-15 20:00:00+00:00)",5,insufficient,False,0.0017550847249832024,0.00025595190744628237,6.0,0.0008828791634215622,0.00024890843723890236,101.0,0.001186709634203588,-2.5187063280364215,1.9801980198019802,False
1944944667952599367,BOX,True,"cpi(ALL, 2025-07-15 12:30:00+00:00->2025-07-15 20:00:00+00:00)",8,partial,False,-0.003276952086942897,0.0017302099333484841,0.0,0.002365997427346339,0.001341249264250065,472.0,0.004040949102522769,-0.47402635061525566,41.94915254237288,False
1944804366780915924,BOX,False,,7,insufficient,False,0.001417234865420891,0.0007058672040707198,7.0,0.0010747703904457242,0.0006370892637828206,158.0,0.001887307163030776,-0.5790447388558739,34.810126582278485,False
1944477309651784107,BOX,False,,9,partial,True,0.001488714122013901,0.0007195583000680211,0.0,0.002365997427346339,0.001341249264250065,472.0,0.004040949102522769,-1.2275414952036483,0.847457627118644,False
1944203516865859950,BOX,False,,9,partial,True,0.001488714122013901,0.0007195583000680211,0.0,0.002365997427346339,0.001341249264250065,472.0,0.004040949102522769,-1.2275414952036483,0.847457627118644,False
1944059997991870860,BOX,False,,9,partial,True,0.001488714122013901,0.0007195583000680211,0.0,0.002365997427346339,0.001341249264250065,472.0,0.004040949102522769,-1.2275414952036483,0.847457627118644,False
1943831253779673107,BOX,False,,9,partial,True,0.001488714122013901,0.0007195583000680211,0.0,0.002365997427346339,0.001341249264250065,472.0,0.004040949102522769,-1.2275414952036483,0.847457627118644,False
1943825163541524819,BOX,False,,9,partial,True,0.001488714122013901,0.0007195583000680211,0.0,0.002365997427346339,0.001341249264250065,472.0,0.004040949102522769,-1.2275414952036483,0.847457627118644,False
1943527967197368580,BOX,False,,7,insufficient,False,-0.005615381221318216,0.001261964153731988,0.0,0.002365997427346339,0.001341249264250065,472.0,0.004040949102522769,-0.8231380273909422,10.38135593220339,False
1943172009531445539,BOX,False,,13,partial,True,-0.016752182652531422,0.0016510610547867937,0.0,0.002365997427346339,0.001341249264250065,472.0,0.004040949102522769,-0.5330376624357659,36.228813559322035,False
1943127238632772050,BOX,False,,13,partial,True,-0.016752182652531422,0.0016510610547867937,0.0,0.002365997427346339,0.001341249264250065,472.0,0.004040949102522769,-0.5330376624357659,36.228813559322035,False
1943029314100040191,BOX,False,,12,partial,True,0.0012565289667121338,0.0005174965792684679,11.0,0.0008934168611414426,0.0005987207556726179,755.0,0.0013152033478981767,-0.6278724736219583,18.940397350993376,False
1942788277553291481,BOX,False,,6,insufficient,False,-0.008723141936055945,0.001299430604228402,0.0,0.002365997427346339,0.001341249264250065,472.0,0.004040949102522769,-0.7952040322007472,13.559322033898304,False
1942441524920475948,BOX,False,,8,partial,True,-0.0033370861632047166,0.0005260945841198896,0.0,0.002365997427346339,0.001341249264250065,472.0,0.004040949102522769,-1.3717829282502516,0.6355932203389831,False
1942418186697334895,BOX,False,,8,partial,True,-0.0033370861632047166,0.0005260945841198896,0.0,0.002365997427346339,0.001341249264250065,472.0,0.004040949102522769,-1.3717829282502516,0.6355932203389831,False
1942332421086818742,BOX,False,,8,partial,True,-0.0033370861632047166,0.0005260945841198896,0.0,0.002365997427346339,0.001341249264250065,472.0,0.004040949102522769,-1.3717829282502516,0.6355932203389831,False
1942258834376130988,BOX,False,,11,partial,True,7.939053486660796e-05,0.0005933833091204126,5.0,0.0008476673880137073,0.0003763439537565541,100.0,0.0012922168242674198,-0.6756693613783513,20.0,False
1942067809200275541,BOX,False,,11,partial,True,0.006358085007417857,0.001886706901547706,0.0,0.002365997427346339,0.001341249264250065,472.0,0.004040949102522769,-0.35734634759827416,52.118644067796616,False
1941971854886916241,BOX,False,,11,partial,True,0.006358085007417857,0.001886706901547706,0.0,0.002365997427346339,0.001341249264250065,472.0,0.004040949102522769,-0.35734634759827416,52.118644067796616,False
1941892310075117580,BOX,False,,11,partial,True,0.006358085007417857,0.001886706901547706,0.0,0.002365997427346339,0.001341249264250065,472.0,0.004040949102522769,-0.35734634759827416,52.118644067796616,False
1941662312223605081,BOX,False,,11,partial,True,0.006358085007417857,0.001886706901547706,0.0,0.002365997427346339,0.001341249264250065,472.0,0.004040949102522769,-0.35734634759827416,52.118644067796616,False
1941534707700859335,BOX,False,,11,partial,True,0.006358085007417857,0.001886706901547706,0.0,0.002365997427346339,0.001341249264250065,472.0,0.004040949102522769,-0.35734634759827416,52.118644067796616,False
1941203632437030929,BOX,False,,11,partial,True,0.006358085007417857,0.001886706901547706,0.0,0.002365997427346339,0.001341249264250065,472.0,0.004040949102522769,-0.35734634759827416,52.118644067796616,False
1941165369101812213,BOX,False,,11,partial,True,0.006358085007417857,0.001886706901547706,0.0,0.002365997427346339,0.001341249264250065,472.0,0.004040949102522769,-0.35734634759827416,52.118644067796616,False
1940925836015845764,BOX,False,,11,partial,True,0.006358085007417857,0.001886706901547706,0.0,0.002365997427346339,0.001341249264250065,472.0,0.004040949102522769,-0.35734634759827416,52.118644067796616,False
1940878650695733432,BOX,False,,11,partial,True,0.006358085007417857,0.001886706901547706,0.0,0.002365997427346339,0.001341249264250065,472.0,0.004040949102522769,-0.35734634759827416,52.118644067796616,False
1940604306245472700,BOX,True,"jobs_report(ALL, 2025-07-03 12:30:00+00:00->2025-07-03 20:00:00+00:00)",8,partial,False,0.0013123278370856806,0.0025832308229837716,0.0,0.002365997427346339,0.001341249264250065,472.0,0.004040949102522769,0.16196347795120278,70.12711864406779,False
1940554062619201874,BOX,True,"jobs_report(ALL, 2025-07-03 12:30:00+00:00->2025-07-03 20:00:00+00:00)",8,partial,False,0.0013123278370856806,0.0025832308229837716,0.0,0.002365997427346339,0.001341249264250065,472.0,0.004040949102522769,0.16196347795120278,70.12711864406779,False
1940470102811648111,BOX,False,,7,insufficient,False,0.0027279079339046497,0.00043257794533140264,8.0,0.001120834941023975,0.0005122699327436334,159.0,0.0015615102713901021,-1.3435436118734925,4.40251572327044,False
1940277368167518249,BOX,False,,9,partial,True,-0.015889858034386584,0.0018354118733076238,0.0,0.002365997427346339,0.001341249264250065,472.0,0.004040949102522769,-0.39559056484208593,49.36440677966102,False
1940220908402061767,BOX,False,,9,partial,True,-0.015889858034386584,0.0018354118733076238,0.0,0.002365997427346339,0.001341249264250065,472.0,0.004040949102522769,-0.39559056484208593,49.36440677966102,False
1940106578709094717,BOX,False,,9,partial,True,0.0013195613585157417,0.0003742909259864903,8.0,0.001120834941023975,0.0005122699327436334,159.0,0.0015615102713901021,-1.4573254593317977,0.628930817610063,False
1939809966669668639,BOX,False,,7,insufficient,False,-0.003942211359633574,0.0011977530734422338,0.0,0.002365997427346339,0.001341249264250065,472.0,0.004040949102522769,-0.8710121116504826,7.838983050847458,False
1939774275701055719,BOX,False,,5,insufficient,False,0.00326088523414636,0.0005578363380112494,12.0,0.0008875319452804941,0.00041320230581608707,1815.0,0.0013487540138926138,-0.797903599831288,17.575757575757574,False
1939458849700024500,BOX,False,,6,insufficient,False,0.004677117990389057,0.0018028860857832196,0.0,0.002365997427346339,0.001341249264250065,472.0,0.004040949102522769,-0.41984093231020186,46.61016949152542,False
1938771411142586593,BOX,False,,6,insufficient,False,0.004677117990389057,0.0018028860857832196,0.0,0.002365997427346339,0.001341249264250065,472.0,0.004040949102522769,-0.41984093231020186,46.61016949152542,False
1938647740554092586,BOX,False,,8,partial,True,-0.00112829024492056,0.00043015410371259757,7.0,0.0010747703904457242,0.0006370892637828206,158.0,0.001887307163030776,-1.0118147069464223,8.227848101265822,False
1938294131731886271,BOX,False,,3,insufficient,False,-0.00110668143352044,0.000585319513635385,8.0,0.001120834941023975,0.0005122699327436334,159.0,0.0015615102713901021,-1.045377433183434,11.949685534591195,False
1938093614711607466,BOX,False,,10,partial,True,-0.005025871396299508,0.0018775593309210928,0.0,0.002365997427346339,0.001341249264250065,472.0,0.004040949102522769,-0.36416653447213454,51.69491525423729,False
1937906900211003753,BOX,False,,3,insufficient,False,-0.0016987219344811733,0.00065398000364425,5.0,0.0008476673880137073,0.0003763439537565541,100.0,0.0012922168242674198,-0.5146552307699567,39.0,False
1937728424975696041,BOX,False,,6,insufficient,False,0.0024371165075340873,0.0011513373954587915,0.0,0.002365997427346339,0.001341249264250065,472.0,0.004040949102522769,-0.9056184143121991,6.991525423728813,False
1937688942985511318,BOX,False,,6,insufficient,False,0.0024371165075340873,0.0011513373954587915,0.0,0.002365997427346339,0.001341249264250065,472.0,0.004040949102522769,-0.9056184143121991,6.991525423728813,False
1937557450078695654,BOX,False,,6,insufficient,False,0.00013544996594527792,0.0006472857740979978,6.0,0.0008828791634215622,0.00024890843723890236,101.0,0.001186709634203588,-0.9465062411582372,11.881188118811881,False
1937331467614589190,BOX,False,,6,insufficient,False,-0.013873728619110737,0.0015544500682552877,0.0,0.002365997427346339,0.001341249264250065,472.0,0.004040949102522769,-0.605068260406326,29.02542372881356,False
1936866200367280568,BOX,False,,10,partial,True,-0.009694013292943393,0.002035433131567831,0.0,0.002365997427346339,0.001341249264250065,472.0,0.004040949102522769,-0.24646000157423176,57.20338983050848,False
1936519514205946288,BOX,False,,10,partial,True,-0.009694013292943393,0.002035433131567831,0.0,0.002365997427346339,0.001341249264250065,472.0,0.004040949102522769,-0.24646000157423176,57.20338983050848,False
1936261663420039646,BOX,False,,10,partial,True,-0.009694013292943393,0.002035433131567831,0.0,0.002365997427346339,0.001341249264250065,472.0,0.004040949102522769,-0.24646000157423176,57.20338983050848,False
1936085970128101679,BOX,False,,10,partial,True,0.0022081173728013548,0.0007057889983904607,4.0,0.0009576938331044975,0.0005641838163725081,206.0,0.001540700580106158,-0.4464942584381294,38.349514563106794,False
1935898443794583950,BOX,False,,10,partial,True,-0.0017611248508724309,0.0020736385070570253,0.0,0.002365997427346339,0.001341249264250065,472.0,0.004040949102522769,-0.217975083440423,57.6271186440678,False
1935872789254435213,BOX,False,,10,partial,True,-0.0017611248508724309,0.0020736385070570253,0.0,0.002365997427346339,0.001341249264250065,472.0,0.004040949102522769,-0.217975083440423,57.6271186440678,False
1935733578324996227,BOX,False,,10,partial,True,-0.0017611248508724309,0.0020736385070570253,0.0,0.002365997427346339,0.001341249264250065,472.0,0.004040949102522769,-0.217975083440423,57.6271186440678,False
1935544417634631719,BOX,False,,10,partial,True,-0.0017611248508724309,0.0020736385070570253,0.0,0.002365997427346339,0.001341249264250065,472.0,0.004040949102522769,-0.217975083440423,57.6271186440678,False
1935151559270351077,BOX,False,,7,insufficient,False,-0.006528623295868896,0.0014021899533525107,0.0,0.002365997427346339,0.001341249264250065,472.0,0.004040949102522769,-0.7185893775924819,18.85593220338983,False
1934840940478517594,BOX,False,,9,partial,True,0.0013317349481009044,0.0007078033995086441,0.0,0.002365997427346339,0.001341249264250065,472.0,0.004040949102522769,-1.2363056383593576,0.847457627118644,False
1934389321248989568,BOX,False,,13,partial,True,-0.012551075157040903,0.0011413417701011239,0.0,0.002365997427346339,0.001341249264250065,472.0,0.004040949102522769,-0.9130708883780518,6.1440677966101696,False
1934059421833089444,BOX,False,,13,partial,True,-0.012551075157040903,0.0011413417701011239,0.0,0.002365997427346339,0.001341249264250065,472.0,0.004040949102522769,-0.9130708883780518,6.1440677966101696,False
1933690879640023556,BOX,False,,13,partial,True,-0.012551075157040903,0.0011413417701011239,0.0,0.002365997427346339,0.001341249264250065,472.0,0.004040949102522769,-0.9130708883780518,6.1440677966101696,False
1933386098149110065,BOX,False,,8,partial,True,-0.003982753593167243,0.0010345001804152388,0.0,0.002365997427346339,0.001341249264250065,472.0,0.004040949102522769,-0.992729153648843,3.6016949152542375,False
1933012259892310243,BOX,False,,10,partial,True,0.0019775506925638897,0.001366135893668096,0.0,0.002365997427346339,0.001341249264250065,472.0,0.004040949102522769,-0.7454703315250633,17.584745762711865,False
1932617875358896598,BOX,True,"cpi(ALL, 2025-06-11 12:30:00+00:00->2025-06-11 20:00:00+00:00)",6,insufficient,False,-0.008614647465466363,0.0013728126822447775,0.0,0.002365997427346339,0.001341249264250065,472.0,0.004040949102522769,-0.7404922944407971,17.584745762711865,False
1932597370044494227,BOX,True,"cpi(ALL, 2025-06-11 12:30:00+00:00->2025-06-11 20:00:00+00:00)",6,insufficient,False,-0.008614647465466363,0.0013728126822447775,0.0,0.002365997427346339,0.001341249264250065,472.0,0.004040949102522769,-0.7404922944407971,17.584745762711865,False
1932515395497234434,BOX,False,,10,partial,True,-0.0031805712319190604,0.0004120371044202122,11.0,0.0008934168611414426,0.0005987207556726179,755.0,0.0013152033478981767,-0.8040138113809607,7.9470198675496695,False
1932264269854220308,BOX,False,,4,insufficient,False,-0.0029879593723697306,0.0015304620899226913,0.0,0.002365997427346339,0.001341249264250065,472.0,0.004040949102522769,-0.6229530630093745,27.33050847457627,False
1932244367819018742,BOX,False,,4,insufficient,False,-0.0029879593723697306,0.0015304620899226913,0.0,0.002365997427346339,0.001341249264250065,472.0,0.004040949102522769,-0.6229530630093745,27.33050847457627,False
1931914258528477687,BOX,False,,6,insufficient,False,-0.004579800407476076,0.0010952298279525508,0.0,0.002365997427346339,0.001341249264250065,472.0,0.004040949102522769,-0.9474507336295277,5.084745762711865,False
1931788373393612969,BOX,False,,6,insufficient,False,-0.004579800407476076,0.0010952298279525508,0.0,0.002365997427346339,0.001341249264250065,472.0,0.004040949102522769,-0.9474507336295277,5.084745762711865,False
1931389329429127275,BOX,False,,6,insufficient,False,-0.004579800407476076,0.0010952298279525508,0.0,0.002365997427346339,0.001341249264250065,472.0,0.004040949102522769,-0.9474507336295277,5.084745762711865,False
1931206440175472978,BOX,False,,6,insufficient,False,-0.004579800407476076,0.0010952298279525508,0.0,0.002365997427346339,0.001341249264250065,472.0,0.004040949102522769,-0.9474507336295277,5.084745762711865,False
1931079784869802470,BOX,False,,6,insufficient,False,-0.004579800407476076,0.0010952298279525508,0.0,0.002365997427346339,0.001341249264250065,472.0,0.004040949102522769,-0.9474507336295277,5.084745762711865,False
1930830928919846967,BOX,True,"jobs_report(ALL, 2025-06-06 12:30:00+00:00->2025-06-06 20:00:00+00:00)",6,insufficient,False,-0.025361289213895355,0.003713889419033386,0.0,0.002365997427346339,0.001341249264250065,472.0,0.004040949102522769,1.0049526419987977,86.22881355932203,False
1930821898335826254,BOX,True,"jobs_report(ALL, 2025-06-06 12:30:00+00:00->2025-06-06 20:00:00+00:00)",6,insufficient,False,-0.025361289213895355,0.003713889419033386,0.0,0.002365997427346339,0.001341249264250065,472.0,0.004040949102522769,1.0049526419987977,86.22881355932203,False
1930400246674403464,BOX,False,,9,partial,True,-0.0015806077308754274,0.0011180432697675494,0.0,0.002365997427346339,0.001341249264250065,472.0,0.004040949102522769,-0.9304416344090675,5.508474576271186,False
1930355235505238264,BOX,False,,9,partial,True,-0.0015806077308754274,0.0011180432697675494,0.0,0.002365997427346339,0.001341249264250065,472.0,0.004040949102522769,-0.9304416344090675,5.508474576271186,False
1930120330846081514,BOX,False,,6,insufficient,False,0.0047077115687717,0.0007800662823111015,0.0,0.002365997427346339,0.001341249264250065,472.0,0.004040949102522769,-1.182428342968734,1.2711864406779663,False
1929714923522883873,BOX,False,,10,partial,True,0.0005263203599141786,0.0009776744163524577,0.0,0.002365997427346339,0.001341249264250065,472.0,0.004040949102522769,-1.0350969413356113,3.1779661016949152,False
1929705823636541489,BOX,False,,10,partial,True,0.0005263203599141786,0.0009776744163524577,0.0,0.002365997427346339,0.001341249264250065,472.0,0.004040949102522769,-1.0350969413356113,3.1779661016949152,False
1929323455545041199,BOX,False,,15,complete,True,0.00962022115206529,0.0016506969645142605,0.0,0.002365997427346339,0.001341249264250065,472.0,0.004040949102522769,-0.5333091185194617,36.228813559322035,False
1928966652223230107,BOX,False,,15,complete,True,0.00962022115206529,0.0016506969645142605,0.0,0.002365997427346339,0.001341249264250065,472.0,0.004040949102522769,-0.5333091185194617,36.228813559322035,False
1928842580092928449,BOX,False,,15,complete,True,0.00962022115206529,0.0016506969645142605,0.0,0.002365997427346339,0.001341249264250065,472.0,0.004040949102522769,-0.5333091185194617,36.228813559322035,False
1928524649358364740,BOX,False,,14,partial,True,-0.00399519873502252,0.0007364124505938183,10.0,0.0008190620321485986,0.0003124081692805352,265.0,0.0012370491267267704,-0.2645564030707626,42.64150943396226,False
1927940046684111335,BOX,False,,14,partial,True,-0.011027348009341131,0.0030630560264845244,0.0,0.002365997427346339,0.001341249264250065,472.0,0.004040949102522769,0.519708467111766,79.02542372881356,False
1927740843705942104,BOX,True,"earnings(BOX, 2025-05-27 20:00:00+00:00->2025-05-28 20:00:00+00:00)",15,complete,False,0.007009864683132028,0.0025371236646502702,2.0,0.0012459311727754808,0.0005641575098515942,353.0,0.002079870276452755,2.2887092156487414,97.16713881019831,True
1927614666806894703,BOX,True,"earnings(BOX, 2025-05-27 20:00:00+00:00->2025-05-28 20:00:00+00:00)",15,complete,False,0.1439717217091807,0.005824479407995276,0.0,0.002365997427346339,0.001341249264250065,472.0,0.004040949102522769,2.578552751402763,95.76271186440678,True
1927547141687288099,BOX,True,"earnings(BOX, 2025-05-27 20:00:00+00:00->2025-05-28 20:00:00+00:00)",15,complete,False,0.1439717217091807,0.005824479407995276,0.0,0.002365997427346339,0.001341249264250065,472.0,0.004040949102522769,2.578552751402763,95.76271186440678,True
1927502700691718193,BOX,True,"earnings(BOX, 2025-05-27 20:00:00+00:00->2025-05-28 20:00:00+00:00)",15,complete,False,0.1439717217091807,0.005824479407995276,0.0,0.002365997427346339,0.001341249264250065,472.0,0.004040949102522769,2.578552751402763,95.76271186440678,True
1927217835123585434,BOX,False,,9,partial,True,-0.00884643339240121,0.0019953843224668464,0.0,0.002365997427346339,0.001341249264250065,472.0,0.004040949102522769,-0.2763193350840079,55.932203389830505,False
1927069695317840231,BOX,False,,9,partial,True,-0.00884643339240121,0.0019953843224668464,0.0,0.002365997427346339,0.001341249264250065,472.0,0.004040949102522769,-0.2763193350840079,55.932203389830505,False
1927028752304730444,BOX,False,,9,partial,True,-0.00884643339240121,0.0019953843224668464,0.0,0.002365997427346339,0.001341249264250065,472.0,0.004040949102522769,-0.2763193350840079,55.932203389830505,False
1926676115768185111,BOX,False,,9,partial,True,-0.00884643339240121,0.0019953843224668464,0.0,0.002365997427346339,0.001341249264250065,472.0,0.004040949102522769,-0.2763193350840079,55.932203389830505,False
1926401273261072652,BOX,False,,9,partial,True,-0.00884643339240121,0.0019953843224668464,0.0,0.002365997427346339,0.001341249264250065,472.0,0.004040949102522769,-0.2763193350840079,55.932203389830505,False
1926357276870283521,BOX,False,,9,partial,True,-0.00884643339240121,0.0019953843224668464,0.0,0.002365997427346339,0.001341249264250065,472.0,0.004040949102522769,-0.2763193350840079,55.932203389830505,False
1926049497144021104,BOX,False,,9,partial,True,-0.00884643339240121,0.0019953843224668464,0.0,0.002365997427346339,0.001341249264250065,472.0,0.004040949102522769,-0.2763193350840079,55.932203389830505,False
1925766270932140129,BOX,False,,8,partial,True,0.0008755558457194113,0.00087925881252627,0.0,0.002365997427346339,0.001341249264250065,472.0,0.004040949102522769,-1.108473014262082,2.11864406779661,False
1925693924800082081,BOX,False,,8,partial,True,0.0008755558457194113,0.00087925881252627,0.0,0.002365997427346339,0.001341249264250065,472.0,0.004040949102522769,-1.108473014262082,2.11864406779661,False
1925364028324680130,BOX,False,,4,insufficient,False,-0.003852487329282339,0.0009834473794541056,0.0,0.002365997427346339,0.001341249264250065,472.0,0.004040949102522769,-1.0307927726359358,3.1779661016949152,False
1925282282325385519,BOX,False,,4,insufficient,False,-0.003852487329282339,0.0009834473794541056,0.0,0.002365997427346339,0.001341249264250065,472.0,0.004040949102522769,-1.0307927726359358,3.1779661016949152,False
1925232544032989319,BOX,False,,6,insufficient,False,0.0015214472884138575,0.0004751952165464787,6.0,0.0008828791634215622,0.00024890843723890236,101.0,0.001186709634203588,-1.6378872142601917,1.9801980198019802,False
1925014604205457748,BOX,False,,5,insufficient,False,-0.0021380587408474927,0.0008660348216049074,0.0,0.002365997427346339,0.001341249264250065,472.0,0.004040949102522769,-1.118332472361212,2.11864406779661,False
1924659941769707862,BOX,False,,12,partial,True,0.010185724217972036,0.0016375725109593513,0.0,0.002365997427346339,0.001341249264250065,472.0,0.004040949102522769,-0.5430943641891004,35.38135593220339,False
1924486590006751413,BOX,False,,6,insufficient,False,-0.0029339916376197595,0.00045890762505268863,3.0,0.0009537606446885452,0.0003292884701768625,271.0,0.0014873582929398983,-1.502794857560814,4.797047970479705,False
1924264216439189795,BOX,False,,7,insufficient,False,0.00215232922646702,0.0018822372313180187,0.0,0.002365997427346339,0.001341249264250065,472.0,0.004040949102522769,-0.36067881558079073,51.69491525423729,False
1924161646878138605,BOX,False,,7,insufficient,False,0.00215232922646702,0.0018822372313180187,0.0,0.002365997427346339,0.001341249264250065,472.0,0.004040949102522769,-0.36067881558079073,51.69491525423729,False
1923891313289855247,BOX,False,,7,insufficient,False,0.00215232922646702,0.0018822372313180187,0.0,0.002365997427346339,0.001341249264250065,472.0,0.004040949102522769,-0.36067881558079073,51.69491525423729,False
1923764144655958064,BOX,False,,7,insufficient,False,0.00215232922646702,0.0018822372313180187,0.0,0.002365997427346339,0.001341249264250065,472.0,0.004040949102522769,-0.36067881558079073,51.69491525423729,False
1923597311118287117,BOX,False,,7,insufficient,False,0.00215232922646702,0.0018822372313180187,0.0,0.002365997427346339,0.001341249264250065,472.0,0.004040949102522769,-0.36067881558079073,51.69491525423729,False
1923526875244265578,BOX,False,,7,insufficient,False,0.00215232922646702,0.0018822372313180187,0.0,0.002365997427346339,0.001341249264250065,472.0,0.004040949102522769,-0.36067881558079073,51.69491525423729,False
1923214187733581898,BOX,False,,7,insufficient,False,-0.006213858124166083,0.0017614352317923446,0.0,0.002365997427346339,0.001341249264250065,472.0,0.004040949102522769,-0.450745593431527,43.22033898305085,False
1923104047306859006,BOX,False,,8,partial,True,-0.0009137981876461421,0.0009095259192870059,12.0,0.0008875319452804941,0.00041320230581608707,1815.0,0.0013487540138926138,0.053228100852615194,60.11019283746556,False
1923051243552768178,BOX,False,,5,insufficient,False,-0.0012454182234900024,0.0002586374081124742,5.0,0.0008476673880137073,0.0003763439537565541,100.0,0.0012922168242674198,-1.5651373538001871,0.0,False
1922846144436240547,BOX,False,,4,insufficient,False,0.004785454844385972,0.0006348347267833492,0.0,0.002365997427346339,0.001341249264250065,472.0,0.004040949102522769,-1.29070915206126,0.847457627118644,False
1922665725917028794,BOX,False,,3,insufficient,False,-0.0012731066229419996,0.0013378336568095062,2.0,0.0012459311727754808,0.0005641575098515942,353.0,0.002079870276452755,0.1629021725833287,65.15580736543909,False
1922445108143653288,BOX,False,,1,insufficient,False,-0.00016198028723679592,,0.0,,,,,,,False
1922318628579368984,BOX,True,"cpi(ALL, 2025-05-13 12:30:00+00:00->2025-05-13 20:00:00+00:00)",7,insufficient,False,0.0004582412777204281,0.00023846822693263033,4.0,0.0009576938331044975,0.0005641838163725081,206.0,0.001540700580106158,-1.2748072264749104,0.0,False
1922066095344595222,BOX,True,"cpi(ALL, 2025-05-13 12:30:00+00:00->2025-05-13 20:00:00+00:00)",7,insufficient,False,0.0006796263945654246,0.00036561851955086187,0.0,0.002365997427346339,0.001341249264250065,472.0,0.004040949102522769,-1.4914296403464964,0.0,False
1921783416653271270,BOX,False,,11,partial,True,-0.01834330732338718,0.002296428688082482,0.0,0.002365997427346339,0.001341249264250065,472.0,0.004040949102522769,-0.05186861317888971,63.13559322033898,False
1921060440248852911,BOX,False,,11,partial,True,-0.01834330732338718,0.002296428688082482,0.0,0.002365997427346339,0.001341249264250065,472.0,0.004040949102522769,-0.05186861317888971,63.13559322033898,False
1920150374402679220,BOX,False,,7,insufficient,False,-0.0007252352076568824,0.0006491547104415764,5.0,0.0008476673880137073,0.0003763439537565541,100.0,0.0012922168242674198,-0.5274767286431361,39.0,False
1919836301995737225,BOX,False,,8,partial,True,-0.0025904517493573476,0.0006160392702025817,11.0,0.0008934168611414426,0.0005987207556726179,755.0,0.0013152033478981767,-0.4632837400588325,30.198675496688743,False
1919573650547622130,BOX,False,,12,partial,True,-0.0009856932278790032,0.0010631937511211356,0.0,0.002365997427346339,0.001341249264250065,472.0,0.004040949102522769,-0.9713359857488104,4.23728813559322,False
1919239614562172962,BOX,False,,4,insufficient,False,0.004651526012869334,0.0014908797367397437,0.0,0.002365997427346339,0.001341249264250065,472.0,0.004040949102522769,-0.6524646193158596,25.423728813559322,False
1919051785114919287,BOX,False,,4,insufficient,False,0.004651526012869334,0.0014908797367397437,0.0,0.002365997427346339,0.001341249264250065,472.0,0.004040949102522769,-0.6524646193158596,25.423728813559322,False
1918812279182913572,BOX,False,,4,insufficient,False,0.004651526012869334,0.0014908797367397437,0.0,0.002365997427346339,0.001341249264250065,472.0,0.004040949102522769,-0.6524646193158596,25.423728813559322,False
1918519582261657909,BOX,False,,4,insufficient,False,0.004651526012869334,0.0014908797367397437,0.0,0.002365997427346339,0.001341249264250065,472.0,0.004040949102522769,-0.6524646193158596,25.423728813559322,False
1918512966884049076,BOX,False,,4,insufficient,False,0.004651526012869334,0.0014908797367397437,0.0,0.002365997427346339,0.001341249264250065,472.0,0.004040949102522769,-0.6524646193158596,25.423728813559322,False
1917970814441607623,BOX,False,,6,insufficient,False,-0.0014351910307751625,0.0003139066849135241,4.0,0.0009576938331044975,0.0005641838163725081,206.0,0.001540700580106158,-1.141094674303643,0.0,False
1917425486244073614,BOX,False,,8,partial,True,0.007893232336777412,0.0012305534711183523,0.0,0.002365997427346339,0.001341249264250065,472.0,0.004040949102522769,-0.8465570021116466,8.686440677966102,False
1917337015949091298,BOX,False,,8,partial,True,0.007893232336777412,0.0012305534711183523,0.0,0.002365997427346339,0.001341249264250065,472.0,0.004040949102522769,-0.8465570021116466,8.686440677966102,False
1917036667787218992,BOX,False,,6,insufficient,False,0.00979065161962167,0.0010190272622111435,0.0,0.002365997427346339,0.001341249264250065,472.0,0.004040949102522769,-1.0042653524871303,3.6016949152542375,False
1916641632193253383,BOX,False,,4,insufficient,False,-0.0003624133585811151,0.0026877209241000493,0.0,0.002365997427346339,0.001341249264250065,472.0,0.004040949102522769,0.23986853549820653,72.2457627118644,False
1915979893101498538,BOX,False,,4,insufficient,False,-0.0003624133585811151,0.0026877209241000493,0.0,0.002365997427346339,0.001341249264250065,472.0,0.004040949102522769,0.23986853549820653,72.2457627118644,False
1915802258585038889,BOX,False,,4,insufficient,False,-0.0009395085740455666,0.0010622987933110754,5.0,0.0008476673880137073,0.0003763439537565541,100.0,0.0012922168242674198,0.570306505936872,83.0,False
1915617570318934436,BOX,False,,2,insufficient,False,-0.002286975750989906,0.0,0.0,0.002365997427346339,0.001341249264250065,472.0,0.004040949102522769,-1.764025144624585,0.0,False
1915219359972184333,BOX,False,,6,insufficient,False,0.010319024066020699,0.0017042202085561814,0.0,0.002365997427346339,0.001341249264250065,472.0,0.004040949102522769,-0.4934036024692087,40.46610169491525,False
1914797895393370161,BOX,False,,10,partial,True,0.002809119287762618,0.0032446976771532696,0.0,0.002365997427346339,0.001341249264250065,472.0,0.004040949102522769,0.6551356807626951,81.14406779661016,False
1914460738422497468,BOX,False,,5,insufficient,False,-0.007139578057293816,0.0016986569632519149,0.0,0.002365997427346339,0.001341249264250065,472.0,0.004040949102522769,-0.49755141112234313,40.25423728813559,False
1914054995273761063,BOX,False,,7,insufficient,False,0.007911642206840597,0.0018496656869185287,0.0,0.002365997427346339,0.001341249264250065,472.0,0.004040949102522769,-0.38496329816554115,50.21186440677966,False
1914017555649581510,BOX,False,,7,insufficient,False,0.007911642206840597,0.0018496656869185287,0.0,0.002365997427346339,0.001341249264250065,472.0,0.004040949102522769,-0.38496329816554115,50.21186440677966,False
1913715060356350242,BOX,False,,7,insufficient,False,0.007911642206840597,0.0018496656869185287,0.0,0.002365997427346339,0.001341249264250065,472.0,0.004040949102522769,-0.38496329816554115,50.21186440677966,False
1913631341163483441,BOX,False,,7,insufficient,False,0.007911642206840597,0.0018496656869185287,0.0,0.002365997427346339,0.001341249264250065,472.0,0.004040949102522769,-0.38496329816554115,50.21186440677966,False
1913610656097645003,BOX,False,,7,insufficient,False,0.007911642206840597,0.0018496656869185287,0.0,0.002365997427346339,0.001341249264250065,472.0,0.004040949102522769,-0.38496329816554115,50.21186440677966,False
1913446249489117205,BOX,False,,7,insufficient,False,0.007911642206840597,0.0018496656869185287,0.0,0.002365997427346339,0.001341249264250065,472.0,0.004040949102522769,-0.38496329816554115,50.21186440677966,False
1913384293973516627,BOX,False,,7,insufficient,False,0.007911642206840597,0.0018496656869185287,0.0,0.002365997427346339,0.001341249264250065,472.0,0.004040949102522769,-0.38496329816554115,50.21186440677966,False
1913339312093241680,BOX,False,,7,insufficient,False,0.007911642206840597,0.0018496656869185287,0.0,0.002365997427346339,0.001341249264250065,472.0,0.004040949102522769,-0.38496329816554115,50.21186440677966,False
1913080949283438744,BOX,False,,7,insufficient,False,0.007911642206840597,0.0018496656869185287,0.0,0.002365997427346339,0.001341249264250065,472.0,0.004040949102522769,-0.38496329816554115,50.21186440677966,False
1912928672581038290,BOX,False,,3,insufficient,False,-0.00034308146508132964,0.0001684351619029023,8.0,0.001120834941023975,0.0005122699327436334,159.0,0.0015615102713901021,-1.8591756381643878,0.0,False
1912732082910220464,BOX,False,,4,insufficient,False,-0.005791826640795916,0.0011925877993899593,0.0,0.002365997427346339,0.001341249264250065,472.0,0.004040949102522769,-0.8748632034571667,7.838983050847458,False
1912723392962465870,BOX,False,,4,insufficient,False,-0.005791826640795916,0.0011925877993899593,0.0,0.002365997427346339,0.001341249264250065,472.0,0.004040949102522769,-0.8748632034571667,7.838983050847458,False
1912324567575720289,BOX,False,,4,insufficient,False,0.01763240868223348,0.001496484674433755,0.0,0.002365997427346339,0.001341249264250065,472.0,0.004040949102522769,-0.6482857259189301,26.059322033898308,False
1911940996436574554,BOX,False,,5,insufficient,False,-0.0017935939905040499,0.004468561725613537,0.0,0.002365997427346339,0.001341249264250065,472.0,0.004040949102522769,1.5676163665542129,91.94915254237289,True
1911841223360524487,BOX,False,,9,partial,True,-0.002061714903187073,0.0011479906703950006,9.0,0.0007694987405448939,0.00023842357378686256,150.0,0.0011138224769505123,1.5874769589204187,93.33333333333333,True
1911833204476268571,BOX,False,,8,partial,True,0.0012451376198716613,0.0009310334640712436,7.0,0.0010747703904457242,0.0006370892637828206,158.0,0.001887307163030776,-0.22561505042640229,50.0,False
1911468726140174634,BOX,False,,8,partial,True,-0.011731153214552759,0.0042043138781680915,0.0,0.002365997427346339,0.001341249264250065,472.0,0.004040949102522769,1.3706001560042707,90.67796610169492,True
1911197897091326369,BOX,False,,8,partial,True,-0.011731153214552759,0.0042043138781680915,0.0,0.002365997427346339,0.001341249264250065,472.0,0.004040949102522769,1.3706001560042707,90.67796610169492,True
1911060015105860058,BOX,False,,8,partial,True,-0.011731153214552759,0.0042043138781680915,0.0,0.002365997427346339,0.001341249264250065,472.0,0.004040949102522769,1.3706001560042707,90.67796610169492,True
1910816866538258839,BOX,False,,8,partial,True,-0.011731153214552759,0.0042043138781680915,0.0,0.002365997427346339,0.001341249264250065,472.0,0.004040949102522769,1.3706001560042707,90.67796610169492,True
1910528673515446683,BOX,False,,8,partial,True,-0.0035665630463642684,0.005803406704414501,0.0,0.002365997427346339,0.001341249264250065,472.0,0.004040949102522769,2.5628415005991645,95.76271186440678,True
1910412772292391343,BOX,True,"cpi(ALL, 2025-04-10 12:30:00+00:00->2025-04-10 20:00:00+00:00)",8,partial,False,0.005918368067032498,0.002860346042956093,11.0,0.0008934168611414426,0.0005987207556726179,755.0,0.0013152033478981767,3.285219633992733,98.54304635761589,True
1910369279230230784,BOX,True,"cpi(ALL, 2025-04-10 12:30:00+00:00->2025-04-10 20:00:00+00:00)",11,partial,False,0.004469835347292728,0.0017810629280887308,6.0,0.0008828791634215622,0.00024890843723890236,101.0,0.001186709634203588,3.60849063467098,100.0,True
1910094037710701015,BOX,True,"cpi(ALL, 2025-04-10 12:30:00+00:00->2025-04-10 20:00:00+00:00)",12,partial,False,0.0004497116708291893,0.00333925549387138,0.0,0.002365997427346339,0.001341249264250065,472.0,0.004040949102522769,0.725635489589044,81.99152542372882,False
1910015229141958998,BOX,False,,9,partial,True,-0.0020389100999067544,0.0023358734556716593,7.0,0.0010747703904457242,0.0006370892637828206,158.0,0.001887307163030776,1.979476247547999,94.30379746835443,True
1909942364874960913,BOX,False,,4,insufficient,False,-0.00013869830485258028,0.005608113636065858,0.0,0.002365997427346339,0.001341249264250065,472.0,0.004040949102522769,2.4172361507555333,94.70338983050848,True
1909809962043289828,BOX,False,,4,insufficient,False,-0.00013869830485258028,0.005608113636065858,0.0,0.002365997427346339,0.001341249264250065,472.0,0.004040949102522769,2.4172361507555333,94.70338983050848,True
1909731284621943192,BOX,False,,4,insufficient,False,-0.00013869830485258028,0.005608113636065858,0.0,0.002365997427346339,0.001341249264250065,472.0,0.004040949102522769,2.4172361507555333,94.70338983050848,True
1909699070169395584,BOX,False,,4,insufficient,False,-0.00013869830485258028,0.005608113636065858,0.0,0.002365997427346339,0.001341249264250065,472.0,0.004040949102522769,2.4172361507555333,94.70338983050848,True
1909459534235812088,BOX,False,,12,partial,True,-0.01114199177300157,0.0029086487165496553,0.0,0.002365997427346339,0.001341249264250065,472.0,0.004040949102522769,0.40458645806357973,76.48305084745762,False
1909242876153700395,BOX,False,,11,partial,True,-0.0029587719240589117,0.003387626354315945,0.0,0.002365997427346339,0.001341249264250065,472.0,0.004040949102522769,0.7616995246150841,82.41525423728814,False
1909229326240727326,BOX,False,,15,complete,True,0.0018231073282004573,0.0030262894696808955,0.0,0.002365997427346339,0.001341249264250065,472.0,0.004040949102522769,0.49229629415956955,78.60169491525424,False
1909031237911507445,BOX,False,,15,complete,True,0.0018231073282004573,0.0030262894696808955,0.0,0.002365997427346339,0.001341249264250065,472.0,0.004040949102522769,0.49229629415956955,78.60169491525424,False
1908995793328955659,BOX,False,,15,complete,True,0.0018231073282004573,0.0030262894696808955,0.0,0.002365997427346339,0.001341249264250065,472.0,0.004040949102522769,0.49229629415956955,78.60169491525424,False
1908878922839638089,BOX,False,,15,complete,True,0.0018231073282004573,0.0030262894696808955,0.0,0.002365997427346339,0.001341249264250065,472.0,0.004040949102522769,0.49229629415956955,78.60169491525424,False
1908624434984018340,BOX,False,,15,complete,True,0.0018231073282004573,0.0030262894696808955,0.0,0.002365997427346339,0.001341249264250065,472.0,0.004040949102522769,0.49229629415956955,78.60169491525424,False
1908592499393998952,BOX,False,,15,complete,True,0.0018231073282004573,0.0030262894696808955,0.0,0.002365997427346339,0.001341249264250065,472.0,0.004040949102522769,0.49229629415956955,78.60169491525424,False
1908572050261995522,BOX,False,,15,complete,True,0.0018231073282004573,0.0030262894696808955,0.0,0.002365997427346339,0.001341249264250065,472.0,0.004040949102522769,0.49229629415956955,78.60169491525424,False
1908548840162283907,BOX,False,,15,complete,True,0.0018231073282004573,0.0030262894696808955,0.0,0.002365997427346339,0.001341249264250065,472.0,0.004040949102522769,0.49229629415956955,78.60169491525424,False
1908521866358337954,BOX,False,,15,complete,True,0.0018231073282004573,0.0030262894696808955,0.0,0.002365997427346339,0.001341249264250065,472.0,0.004040949102522769,0.49229629415956955,78.60169491525424,False
1908367300408881223,BOX,False,,15,complete,True,0.0018231073282004573,0.0030262894696808955,0.0,0.002365997427346339,0.001341249264250065,472.0,0.004040949102522769,0.49229629415956955,78.60169491525424,False
1908138670202511767,BOX,True,"jobs_report(ALL, 2025-04-04 12:30:00+00:00->2025-04-04 20:00:00+00:00)",8,partial,False,0.020186016839945475,0.0028695297310832807,0.0,0.002365997427346339,0.001341249264250065,472.0,0.004040949102522769,0.3754203764790003,75.63559322033898,False
1908018205572125052,BOX,True,"jobs_report(ALL, 2025-04-04 12:30:00+00:00->2025-04-04 20:00:00+00:00)",8,partial,False,0.020186016839945475,0.0028695297310832807,0.0,0.002365997427346339,0.001341249264250065,472.0,0.004040949102522769,0.3754203764790003,75.63559322033898,False
1907986781418688749,BOX,True,"jobs_report(ALL, 2025-04-04 12:30:00+00:00->2025-04-04 20:00:00+00:00)",8,partial,False,0.020186016839945475,0.0028695297310832807,0.0,0.002365997427346339,0.001341249264250065,472.0,0.004040949102522769,0.3754203764790003,75.63559322033898,False
1907503704913359245,BOX,False,,7,insufficient,False,0.0006732240379210275,0.0005249883487776385,10.0,0.0008190620321485986,0.0003124081692805352,265.0,0.0012370491267267704,-0.9413123992506383,20.0,False
1907468011013025899,BOX,False,,9,partial,True,0.004771179109942736,0.0004276488694347171,5.0,0.0008476673880137073,0.0003763439537565541,100.0,0.0012922168242674198,-1.1160495987420271,5.0,False
1907270355124703698,BOX,False,,7,insufficient,False,0.003460268528359234,0.0026992558290514015,0.0,0.002365997427346339,0.001341249264250065,472.0,0.004040949102522769,0.2484686557434182,72.66949152542372,False
1907213443087863895,BOX,False,,7,insufficient,False,0.003460268528359234,0.0026992558290514015,0.0,0.002365997427346339,0.001341249264250065,472.0,0.004040949102522769,0.2484686557434182,72.66949152542372,False
1907100503437378006,BOX,False,,8,partial,True,-0.003908959142209567,0.0005150918099754232,5.0,0.0008476673880137073,0.0003763439537565541,100.0,0.0012922168242674198,-0.8837011322185809,15.0,False
1906917074305474831,BOX,False,,9,partial,True,0.002212062509891255,0.0017237645840891243,0.0,0.002365997427346339,0.001341249264250065,472.0,0.004040949102522769,-0.47883183266184876,41.73728813559322,False
1906828000638927015,BOX,False,,9,partial,True,0.002212062509891255,0.0017237645840891243,0.0,0.002365997427346339,0.001341249264250065,472.0,0.004040949102522769,-0.47883183266184876,41.73728813559322,False
1906810008349896742,BOX,False,,9,partial,True,0.002212062509891255,0.0017237645840891243,0.0,0.002365997427346339,0.001341249264250065,472.0,0.004040949102522769,-0.47883183266184876,41.73728813559322,False
1906534143057687035,BOX,False,,10,partial,True,0.003884465227674716,0.001842474007467864,0.0,0.002365997427346339,0.001341249264250065,472.0,0.004040949102522769,-0.3903252242760362,49.57627118644068,False
1906418414622797826,BOX,False,,10,partial,True,0.003884465227674716,0.001842474007467864,0.0,0.002365997427346339,0.001341249264250065,472.0,0.004040949102522769,-0.3903252242760362,49.57627118644068,False
1906151582032654447,BOX,False,,10,partial,True,0.003884465227674716,0.001842474007467864,0.0,0.002365997427346339,0.001341249264250065,472.0,0.004040949102522769,-0.3903252242760362,49.57627118644068,False
1906011398188224919,BOX,False,,10,partial,True,0.003884465227674716,0.001842474007467864,0.0,0.002365997427346339,0.001341249264250065,472.0,0.004040949102522769,-0.3903252242760362,49.57627118644068,False
1905632579438739650,BOX,False,,10,partial,True,0.0010582412267806651,0.0009994967988390647,2.0,0.0012459311727754808,0.0005641575098515942,353.0,0.002079870276452755,-0.4368183878315162,39.09348441926346,False
1905450769891135857,BOX,False,,10,partial,True,-0.0005857905998805091,0.003149791683001689,0.0,0.002365997427346339,0.001341249264250065,472.0,0.004040949102522769,0.5843762800448535,80.29661016949152,False
1905102845537640557,BOX,False,,7,insufficient,False,-0.0013456982294220987,0.0014968641002097538,0.0,0.002365997427346339,0.001341249264250065,472.0,0.004040949102522769,-0.6480028360891928,26.059322033898308,False
1905091603431145695,BOX,False,,7,insufficient,False,-0.0013456982294220987,0.0014968641002097538,0.0,0.002365997427346339,0.001341249264250065,472.0,0.004040949102522769,-0.6480028360891928,26.059322033898308,False
1905050908083339398,BOX,False,,7,insufficient,False,-0.0013456982294220987,0.0014968641002097538,0.0,0.002365997427346339,0.001341249264250065,472.0,0.004040949102522769,-0.6480028360891928,26.059322033898308,False
1905037721414013097,BOX,False,,7,insufficient,False,-0.0013456982294220987,0.0014968641002097538,0.0,0.002365997427346339,0.001341249264250065,472.0,0.004040949102522769,-0.6480028360891928,26.059322033898308,False
1904714535035875718,BOX,False,,8,partial,True,0.0018858778699516465,0.0013842795474840932,0.0,0.002365997427346339,0.001341249264250065,472.0,0.004040949102522769,-0.7319429028064783,17.796610169491526,False
1904672062695973301,BOX,False,,8,partial,True,0.0018858778699516465,0.0013842795474840932,0.0,0.002365997427346339,0.001341249264250065,472.0,0.004040949102522769,-0.7319429028064783,17.796610169491526,False
1904574306878964025,BOX,False,,5,insufficient,False,0.0001596169768154354,0.0008039803775056341,6.0,0.0008828791634215622,0.00024890843723890236,101.0,0.001186709634203588,-0.3169791542269058,44.554455445544555,False
1904560650950734064,BOX,False,,5,insufficient,False,0.0007847438036965304,0.00033474119134527654,4.0,0.0009576938331044975,0.0005641838163725081,206.0,0.001540700580106158,-1.1041660956611172,0.48543689320388345,False
1904373436149035048,BOX,False,,7,insufficient,False,0.005357503463190971,0.0026095616740240933,0.0,0.002365997427346339,0.001341249264250065,472.0,0.004040949102522769,0.1815950645191508,70.33898305084746,False
1904192431832416735,BOX,False,,5,insufficient,False,-0.0007848860451316053,0.000827132910394676,3.0,0.0009537606446885452,0.0003292884701768625,271.0,0.0014873582929398983,-0.384549553848201,39.85239852398524,False
1903950027149738295,BOX,False,,5,insufficient,False,4.2115545856979963e-05,0.0008986584522865171,0.0,0.002365997427346339,0.001341249264250065,472.0,0.004040949102522769,-1.0940091556212392,2.11864406779661,False
1903819862000247058,BOX,False,,5,insufficient,False,4.2115545856979963e-05,0.0008986584522865171,0.0,0.002365997427346339,0.001341249264250065,472.0,0.004040949102522769,-1.0940091556212392,2.11864406779661,False
1903815357888184627,BOX,False,,5,insufficient,False,4.2115545856979963e-05,0.0008986584522865171,0.0,0.002365997427346339,0.001341249264250065,472.0,0.004040949102522769,-1.0940091556212392,2.11864406779661,False
1903588869301481477,BOX,False,,5,insufficient,False,4.2115545856979963e-05,0.0008986584522865171,0.0,0.002365997427346339,0.001341249264250065,472.0,0.004040949102522769,-1.0940091556212392,2.11864406779661,False
1903544507880411531,BOX,False,,5,insufficient,False,4.2115545856979963e-05,0.0008986584522865171,0.0,0.002365997427346339,0.001341249264250065,472.0,0.004040949102522769,-1.0940091556212392,2.11864406779661,False
1903459734885372261,BOX,False,,5,insufficient,False,4.2115545856979963e-05,0.0008986584522865171,0.0,0.002365997427346339,0.001341249264250065,472.0,0.004040949102522769,-1.0940091556212392,2.11864406779661,False
1903314884525428772,BOX,False,,5,insufficient,False,4.2115545856979963e-05,0.0008986584522865171,0.0,0.002365997427346339,0.001341249264250065,472.0,0.004040949102522769,-1.0940091556212392,2.11864406779661,False
1902883005959680383,BOX,False,,9,partial,True,0.01288775913851048,0.0024138065307566293,0.0,0.002365997427346339,0.001341249264250065,472.0,0.004040949102522769,0.03564520382944753,67.16101694915254,False
1902817611588501964,BOX,False,,9,partial,True,0.01288775913851048,0.0024138065307566293,0.0,0.002365997427346339,0.001341249264250065,472.0,0.004040949102522769,0.03564520382944753,67.16101694915254,False
1902499895547687077,BOX,False,,7,insufficient,False,-0.0053153951770580354,0.0025701292036773085,0.0,0.002365997427346339,0.001341249264250065,472.0,0.004040949102522769,0.15219525689365865,69.91525423728814,False
1902457371768566226,BOX,False,,7,insufficient,False,-0.0053153951770580354,0.0025701292036773085,0.0,0.002365997427346339,0.001341249264250065,472.0,0.004040949102522769,0.15219525689365865,69.91525423728814,False
1902398384360558940,BOX,False,,8,partial,True,-0.000516414145275923,0.00018256720838295105,6.0,0.0008828791634215622,0.00024890843723890236,101.0,0.001186709634203588,-2.8135324089735523,0.0,False
1902112777512128631,BOX,False,,8,partial,True,-0.0004262707695701362,0.0009015527702752738,0.0,0.002365997427346339,0.001341249264250065,472.0,0.004040949102522769,-1.0918512286304087,2.11864406779661,False
1901833521146286367,BOX,False,,7,insufficient,False,0.004855264482128252,0.0010156463177641343,0.0,0.002365997427346339,0.001341249264250065,472.0,0.004040949102522769,-1.0067860953028958,3.6016949152542375,False
1901803318051262623,BOX,False,,7,insufficient,False,0.004855264482128252,0.0010156463177641343,0.0,0.002365997427346339,0.001341249264250065,472.0,0.004040949102522769,-1.0067860953028958,3.6016949152542375,False
1901374781800505688,BOX,False,,3,insufficient,False,-0.0031910921656879143,0.0027273736131372406,0.0,0.002365997427346339,0.001341249264250065,472.0,0.004040949102522769,0.26943253235852344,73.51694915254238,False
1901305619581460690,BOX,False,,3,insufficient,False,-0.0031910921656879143,0.0027273736131372406,0.0,0.002365997427346339,0.001341249264250065,472.0,0.004040949102522769,0.26943253235852344,73.51694915254238,False
1901022128604147878,BOX,False,,3,insufficient,False,-0.0031910921656879143,0.0027273736131372406,0.0,0.002365997427346339,0.001341249264250065,472.0,0.004040949102522769,0.26943253235852344,73.51694915254238,False
1900923776851996706,BOX,False,,3,insufficient,False,-0.0031910921656879143,0.0027273736131372406,0.0,0.002365997427346339,0.001341249264250065,472.0,0.004040949102522769,0.26943253235852344,73.51694915254238,False
1900638059903021069,BOX,False,,3,insufficient,False,-0.0031910921656879143,0.0027273736131372406,0.0,0.002365997427346339,0.001341249264250065,472.0,0.004040949102522769,0.26943253235852344,73.51694915254238,False
1900360028189843677,BOX,False,,6,insufficient,False,-0.0027029311958322033,0.0016606279390918779,0.0,0.002365997427346339,0.001341249264250065,472.0,0.004040949102522769,-0.5259048463663879,36.86440677966102,False
1900015612795162664,BOX,False,,8,partial,True,-0.0061567520272894916,0.0020339243952489194,0.0,0.002365997427346339,0.001341249264250065,472.0,0.004040949102522769,-0.24758487549522895,57.20338983050848,False
1899844667811983614,BOX,True,"cpi(ALL, 2025-03-12 12:30:00+00:00->2025-03-12 20:00:00+00:00)",9,partial,False,0.0017382941391719253,0.0008050848528708048,3.0,0.0009537606446885452,0.0003292884701768625,271.0,0.0014873582929398983,-0.45150621805217134,36.53136531365313,False
1899522600172507617,BOX,False,,9,partial,True,-0.001065759702071567,0.0006109427515702498,9.0,0.0007694987405448939,0.00023842357378686256,150.0,0.0011138224769505123,-0.6650180871644195,26.0,False
1899482127466705397,BOX,False,,9,partial,True,-0.0004824373913101532,0.0010289937225132933,3.0,0.0009537606446885452,0.0003292884701768625,271.0,0.0014873582929398983,0.2284716430682801,69.37269372693727,False
1898904236936814900,BOX,False,,7,insufficient,False,0.02085162543781538,0.00205179616355295,0.0,0.002365997427346339,0.001341249264250065,472.0,0.004040949102522769,-0.23426015742798487,57.20338983050848,False
1898822422582948204,BOX,False,,7,insufficient,False,0.02085162543781538,0.00205179616355295,0.0,0.002365997427346339,0.001341249264250065,472.0,0.004040949102522769,-0.23426015742798487,57.20338983050848,False
1898595782628114819,BOX,False,,7,insufficient,False,0.02085162543781538,0.00205179616355295,0.0,0.002365997427346339,0.001341249264250065,472.0,0.004040949102522769,-0.23426015742798487,57.20338983050848,False
1898527920219701559,BOX,False,,7,insufficient,False,0.02085162543781538,0.00205179616355295,0.0,0.002365997427346339,0.001341249264250065,472.0,0.004040949102522769,-0.23426015742798487,57.20338983050848,False
1898185082243805382,BOX,False,,7,insufficient,False,0.02085162543781538,0.00205179616355295,0.0,0.002365997427346339,0.001341249264250065,472.0,0.004040949102522769,-0.23426015742798487,57.20338983050848,False
1897891141116477708,BOX,True,"jobs_report(ALL, 2025-03-07 13:30:00+00:00->2025-03-07 21:00:00+00:00)",4,insufficient,False,-0.006489677060781185,0.0009879034534951662,0.0,0.002365997427346339,0.001341249264250065,472.0,0.004040949102522769,-1.0274704416122897,3.1779661016949152,False
1897542826168344795,BOX,False,,8,partial,True,0.007199636811513699,0.0048214611686012016,0.0,0.002365997427346339,0.001341249264250065,472.0,0.004040949102522769,1.8307288635329018,91.94915254237289,True
1897408836094582903,BOX,False,,8,partial,True,0.007199636811513699,0.0048214611686012016,0.0,0.002365997427346339,0.001341249264250065,472.0,0.004040949102522769,1.8307288635329018,91.94915254237289,True
1897135250737938672,BOX,True,"earnings(BOX, 2025-03-04 21:00:00+00:00->2025-03-05 21:00:00+00:00)",14,partial,False,-0.042579828393357166,0.006894310709176979,0.0,0.002365997427346339,0.001341249264250065,472.0,0.004040949102522769,3.3761906921623273,99.36440677966102,True
1896962302425067791,BOX,False,,12,partial,True,-0.008365975741702725,0.000988818008907298,4.0,0.0009576938331044975,0.0005641838163725081,206.0,0.001540700580106158,0.05516672917510724,65.53398058252428,False
1896690704245772759,BOX,False,,11,partial,True,0.037647575133311184,0.0065762478496304635,0.0,0.002365997427346339,0.001341249264250065,472.0,0.004040949102522769,3.1390514310091415,98.51694915254238,True
1896381948895043916,BOX,False,,12,partial,True,0.004914887562657899,0.0017446936834643724,0.0,0.002365997427346339,0.001341249264250065,472.0,0.004040949102522769,-0.4632276493581955,42.58474576271186,False
1896258239018553653,BOX,False,,12,partial,True,0.004914887562657899,0.0017446936834643724,0.0,0.002365997427346339,0.001341249264250065,472.0,0.004040949102522769,-0.4632276493581955,42.58474576271186,False
1896005470131015847,BOX,False,,12,partial,True,0.004914887562657899,0.0017446936834643724,0.0,0.002365997427346339,0.001341249264250065,472.0,0.004040949102522769,-0.4632276493581955,42.58474576271186,False
1895888843255300585,BOX,False,,12,partial,True,0.004914887562657899,0.0017446936834643724,0.0,0.002365997427346339,0.001341249264250065,472.0,0.004040949102522769,-0.4632276493581955,42.58474576271186,False
1895885433671991429,BOX,False,,12,partial,True,0.004914887562657899,0.0017446936834643724,0.0,0.002365997427346339,0.001341249264250065,472.0,0.004040949102522769,-0.4632276493581955,42.58474576271186,False
1895703228475723961,BOX,False,,12,partial,True,0.004914887562657899,0.0017446936834643724,0.0,0.002365997427346339,0.001341249264250065,472.0,0.004040949102522769,-0.4632276493581955,42.58474576271186,False
1895362176409575936,BOX,False,,5,insufficient,False,-0.0031537055565276084,0.002451624258676637,0.0,0.002365997427346339,0.001341249264250065,472.0,0.004040949102522769,0.0638411021818337,68.22033898305084,False
1895317985281343659,BOX,False,,5,insufficient,False,-0.0031537055565276084,0.002451624258676637,0.0,0.002365997427346339,0.001341249264250065,472.0,0.004040949102522769,0.0638411021818337,68.22033898305084,False
1895287650581651494,BOX,False,,5,insufficient,False,-0.0031537055565276084,0.002451624258676637,0.0,0.002365997427346339,0.001341249264250065,472.0,0.004040949102522769,0.0638411021818337,68.22033898305084,False
1895212556467479021,BOX,False,,13,partial,True,-0.0011458534846336965,0.0006708735000850659,12.0,0.0008875319452804941,0.00041320230581608707,1815.0,0.0013487540138926138,-0.5243398745501218,30.633608815427,False
1894996900577001974,BOX,False,,5,insufficient,False,-0.0030162205016248667,0.0030566870137229713,0.0,0.002365997427346339,0.001341249264250065,472.0,0.004040949102522769,0.5149598995402384,79.02542372881356,False
1894961069837475912,BOX,False,,5,insufficient,False,-0.0030162205016248667,0.0030566870137229713,0.0,0.002365997427346339,0.001341249264250065,472.0,0.004040949102522769,0.5149598995402384,79.02542372881356,False
1894925785330524577,BOX,False,,5,insufficient,False,-0.0030162205016248667,0.0030566870137229713,0.0,0.002365997427346339,0.001341249264250065,472.0,0.004040949102522769,0.5149598995402384,79.02542372881356,False
1894863924526551502,BOX,False,,5,insufficient,False,-0.0030162205016248667,0.0030566870137229713,0.0,0.002365997427346339,0.001341249264250065,472.0,0.004040949102522769,0.5149598995402384,79.02542372881356,False
1894851352565817599,BOX,False,,14,partial,True,-0.0025084605756076073,0.0006871127483651937,12.0,0.0008875319452804941,0.00041320230581608707,1815.0,0.0013487540138926138,-0.4850389121606336,32.34159779614325,False
1894805462404735289,BOX,False,,11,partial,True,-0.0005592188560681333,0.0005996841134405872,6.0,0.0008828791634215622,0.00024890843723890236,101.0,0.001186709634203588,-1.1377478928493068,7.920792079207921,False
1894124000751882310,BOX,False,,15,complete,True,0.0021414269173303246,0.0006349701751034617,12.0,0.0008875319452804941,0.00041320230581608707,1815.0,0.0013487540138926138,-0.6112303020144461,25.6198347107438,False
1894110480014479481,BOX,False,,5,insufficient,False,0.0024866965790063533,0.0003661423043072675,10.0,0.0008190620321485986,0.0003124081692805352,265.0,0.0012370491267267704,-1.4497691557950902,4.528301886792453,False
1894071278157328650,BOX,False,,10,partial,True,0.00023932742803212115,0.00040126256170890193,5.0,0.0008476673880137073,0.0003763439537565541,100.0,0.0012922168242674198,-1.1861618124827682,2.0,False
1893891111745130625,BOX,False,,13,partial,True,0.000606509833208646,0.002219696835420872,0.0,0.002365997427346339,0.001341249264250065,472.0,0.004040949102522769,-0.10907785437427138,60.80508474576271,False
1893513827422962049,BOX,False,,13,partial,True,0.000606509833208646,0.002219696835420872,0.0,0.002365997427346339,0.001341249264250065,472.0,0.004040949102522769,-0.10907785437427138,60.80508474576271,False
1893489954581258505,BOX,False,,13,partial,True,0.000606509833208646,0.002219696835420872,0.0,0.002365997427346339,0.001341249264250065,472.0,0.004040949102522769,-0.10907785437427138,60.80508474576271,False
1893354031323480353,BOX,False,,13,partial,True,0.000606509833208646,0.002219696835420872,0.0,0.002365997427346339,0.001341249264250065,472.0,0.004040949102522769,-0.10907785437427138,60.80508474576271,False
1893336277602443779,BOX,False,,13,partial,True,0.000606509833208646,0.002219696835420872,0.0,0.002365997427346339,0.001341249264250065,472.0,0.004040949102522769,-0.10907785437427138,60.80508474576271,False
1893170662593962485,BOX,False,,13,partial,True,0.000606509833208646,0.002219696835420872,0.0,0.002365997427346339,0.001341249264250065,472.0,0.004040949102522769,-0.10907785437427138,60.80508474576271,False
1893046887692788115,BOX,False,,13,partial,True,0.000606509833208646,0.002219696835420872,0.0,0.002365997427346339,0.001341249264250065,472.0,0.004040949102522769,-0.10907785437427138,60.80508474576271,False
1893020560470261861,BOX,False,,10,partial,True,0.0004602597534446584,0.0007232615743161564,10.0,0.0008190620321485986,0.0003124081692805352,265.0,0.0012370491267267704,-0.3066515771756778,41.132075471698116,False
1892600851807498325,BOX,False,,10,partial,True,0.003246911582691303,0.0009394741605798532,2.0,0.0012459311727754808,0.0005641575098515942,353.0,0.002079870276452755,-0.5432117925297908,33.711048158640224,False
1892434097529565547,BOX,False,,7,insufficient,False,-0.008458236509591766,0.001650339203371051,0.0,0.002365997427346339,0.001341249264250065,472.0,0.004040949102522769,-0.533575855771623,36.228813559322035,False
1892352586000584761,BOX,False,,7,insufficient,False,-0.008458236509591766,0.001650339203371051,0.0,0.002365997427346339,0.001341249264250065,472.0,0.004040949102522769,-0.533575855771623,36.228813559322035,False
1892013405990683014,BOX,False,,6,insufficient,False,-0.008373757332207798,0.0012299492248225325,0.0,0.002365997427346339,0.001341249264250065,472.0,0.004040949102522769,-0.8470075121785862,8.686440677966102,False
1891902408940265497,BOX,False,,7,insufficient,False,0.0010139595634910403,0.0003306460768362263,5.0,0.0008476673880137073,0.0003763439537565541,100.0,0.0012922168242674198,-1.3737999668035772,0.0,False
1891889293184074047,BOX,False,,7,insufficient,False,0.0014871206557536265,0.00035308412993316366,3.0,0.0009537606446885452,0.0003292884701768625,271.0,0.0014873582929398983,-1.8241650381282863,0.7380073800738007,False
1891709981998596565,BOX,False,,5,insufficient,False,-0.0002458613342075644,0.0013368122934498878,0.0,0.002365997427346339,0.001341249264250065,472.0,0.004040949102522769,-0.7673332327767586,16.3135593220339,False
1891645445056712930,BOX,False,,5,insufficient,False,-0.0002458613342075644,0.0013368122934498878,0.0,0.002365997427346339,0.001341249264250065,472.0,0.004040949102522769,-0.7673332327767586,16.3135593220339,False
1891587229048336741,BOX,False,,5,insufficient,False,-0.0002458613342075644,0.0013368122934498878,0.0,0.002365997427346339,0.001341249264250065,472.0,0.004040949102522769,-0.7673332327767586,16.3135593220339,False
1891543665106940226,BOX,False,,5,insufficient,False,-0.0002458613342075644,0.0013368122934498878,0.0,0.002365997427346339,0.001341249264250065,472.0,0.004040949102522769,-0.7673332327767586,16.3135593220339,False
1891358026470420716,BOX,False,,5,insufficient,False,-0.0002458613342075644,0.0013368122934498878,0.0,0.002365997427346339,0.001341249264250065,472.0,0.004040949102522769,-0.7673332327767586,16.3135593220339,False
1891291958275883406,BOX,False,,5,insufficient,False,-0.0002458613342075644,0.0013368122934498878,0.0,0.002365997427346339,0.001341249264250065,472.0,0.004040949102522769,-0.7673332327767586,16.3135593220339,False
1891283040707490045,BOX,False,,5,insufficient,False,-0.0002458613342075644,0.0013368122934498878,0.0,0.002365997427346339,0.001341249264250065,472.0,0.004040949102522769,-0.7673332327767586,16.3135593220339,False
1891007199868072406,BOX,False,,5,insufficient,False,-0.0002458613342075644,0.0013368122934498878,0.0,0.002365997427346339,0.001341249264250065,472.0,0.004040949102522769,-0.7673332327767586,16.3135593220339,False
1890962024319856775,BOX,False,,5,insufficient,False,-0.0002458613342075644,0.0013368122934498878,0.0,0.002365997427346339,0.001341249264250065,472.0,0.004040949102522769,-0.7673332327767586,16.3135593220339,False
1890905974036176943,BOX,False,,5,insufficient,False,-0.0002458613342075644,0.0013368122934498878,0.0,0.002365997427346339,0.001341249264250065,472.0,0.004040949102522769,-0.7673332327767586,16.3135593220339,False
1890804783214104816,BOX,False,,5,insufficient,False,-0.0002458613342075644,0.0013368122934498878,0.0,0.002365997427346339,0.001341249264250065,472.0,0.004040949102522769,-0.7673332327767586,16.3135593220339,False
1890602936889204839,BOX,False,,5,insufficient,False,-0.0002458613342075644,0.0013368122934498878,0.0,0.002365997427346339,0.001341249264250065,472.0,0.004040949102522769,-0.7673332327767586,16.3135593220339,False
1890500778839712173,BOX,False,,10,partial,True,0.00036953010415308185,0.0005846110623739309,12.0,0.0008875319452804941,0.00041320230581608707,1815.0,0.0013487540138926138,-0.7331054997582487,19.669421487603305,False
1890462605627490502,BOX,False,,7,insufficient,False,-0.0007068136839128991,0.0003333902899391483,7.0,0.0010747703904457242,0.0006370892637828206,158.0,0.001887307163030776,-1.1636989393048496,0.6329113924050633,False
1890293306321695066,BOX,False,,6,insufficient,False,-0.0005286962146360263,0.0019198935631482446,0.0,0.002365997427346339,0.001341249264250065,472.0,0.004040949102522769,-0.3326032498869816,52.96610169491526,False
1890254251580125222,BOX,False,,6,insufficient,False,-0.0005286962146360263,0.0019198935631482446,0.0,0.002365997427346339,0.001341249264250065,472.0,0.004040949102522769,-0.3326032498869816,52.96610169491526,False
1889940246969852413,BOX,False,,5,insufficient,False,0.0017153276094927783,0.002589448271631956,0.0,0.002365997427346339,0.001341249264250065,472.0,0.004040949102522769,0.1665990433258915,70.12711864406779,False
1889902458786423125,BOX,False,,5,insufficient,False,0.0017153276094927783,0.002589448271631956,0.0,0.002365997427346339,0.001341249264250065,472.0,0.004040949102522769,0.1665990433258915,70.12711864406779,False
1889748479041478712,BOX,True,"cpi(ALL, 2025-02-12 13:30:00+00:00->2025-02-12 21:00:00+00:00)",3,insufficient,False,0.0010373157659880894,4.1097657943467425e-08,8.0,0.001120834941023975,0.0005122699327436334,159.0,0.0015615102713901021,-2.187896988923875,0.0,False
1889525710617977174,BOX,True,"cpi(ALL, 2025-02-12 13:30:00+00:00->2025-02-12 21:00:00+00:00)",4,insufficient,False,-0.0012113140970907432,0.0012203132391165313,0.0,0.002365997427346339,0.001341249264250065,472.0,0.004040949102522769,-0.8541918484260241,8.050847457627118,False
1889486654043463741,BOX,True,"cpi(ALL, 2025-02-12 13:30:00+00:00->2025-02-12 21:00:00+00:00)",4,insufficient,False,-0.0012113140970907432,0.0012203132391165313,0.0,0.002365997427346339,0.001341249264250065,472.0,0.004040949102522769,-0.8541918484260241,8.050847457627118,False
1889396545038196936,BOX,False,,4,insufficient,False,0.0009409853405444313,0.00013610661211669974,9.0,0.0007694987405448939,0.00023842357378686256,150.0,0.0011138224769505123,-2.656583484460356,0.0,False
1889344109376311483,BOX,False,,4,insufficient,False,-0.0010467172419431625,0.0008515540521941224,3.0,0.0009537606446885452,0.0003292884701768625,271.0,0.0014873582929398983,-0.3103861864326044,42.80442804428044,False
1889198176172921122,BOX,False,,8,partial,True,0.0005470626270405177,0.0009726507083905341,0.0,0.002365997427346339,0.001341249264250065,472.0,0.004040949102522769,-1.0388424852071547,2.9661016949152543,False
1889189450045177893,BOX,False,,8,partial,True,0.0005470626270405177,0.0009726507083905341,0.0,0.002365997427346339,0.001341249264250065,472.0,0.004040949102522769,-1.0388424852071547,2.9661016949152543,False
1889125076114735360,BOX,False,,8,partial,True,0.0005470626270405177,0.0009726507083905341,0.0,0.002365997427346339,0.001341249264250065,472.0,0.004040949102522769,-1.0388424852071547,2.9661016949152543,False
1888802531343769729,BOX,False,,7,insufficient,False,0.0024436528281785996,0.003590356616188644,0.0,0.002365997427346339,0.001341249264250065,472.0,0.004040949102522769,0.9128498493729893,84.7457627118644,False
1888683513593077782,BOX,False,,7,insufficient,False,0.0024436528281785996,0.003590356616188644,0.0,0.002365997427346339,0.001341249264250065,472.0,0.004040949102522769,0.9128498493729893,84.7457627118644,False
1888366263510196449,BOX,False,,7,insufficient,False,0.0024436528281785996,0.003590356616188644,0.0,0.002365997427346339,0.001341249264250065,472.0,0.004040949102522769,0.9128498493729893,84.7457627118644,False
1888347334330978448,BOX,False,,7,insufficient,False,0.0024436528281785996,0.003590356616188644,0.0,0.002365997427346339,0.001341249264250065,472.0,0.004040949102522769,0.9128498493729893,84.7457627118644,False
1887931096605802524,BOX,True,"jobs_report(ALL, 2025-02-07 13:30:00+00:00->2025-02-07 21:00:00+00:00)",6,insufficient,False,0.00016149048351976614,0.0003936176090564916,8.0,0.001120834941023975,0.0005122699327436334,159.0,0.0015615102713901021,-1.4195979218858834,2.515723270440252,False
1887654055599874081,BOX,True,"jobs_report(ALL, 2025-02-07 13:30:00+00:00->2025-02-07 21:00:00+00:00)",4,insufficient,False,0.003839314491659751,0.00228197011896662,0.0,0.002365997427346339,0.001341249264250065,472.0,0.004040949102522769,-0.06264854014790579,62.71186440677966,False
1887575416514158696,BOX,False,,8,partial,True,-0.001677374871995374,0.0006247582592028352,8.0,0.001120834941023975,0.0005122699327436334,159.0,0.0015615102713901021,-0.9683892223856175,12.578616352201259,False
1887274386492899565,BOX,False,,4,insufficient,False,0.0002589910969530429,0.002708870300208747,0.0,0.002365997427346339,0.001341249264250065,472.0,0.004040949102522769,0.2556369513120434,73.09322033898306,False
1887195521254891720,BOX,False,,8,partial,True,0.0012653797880386453,0.00054700721963401,6.0,0.0008828791634215622,0.00024890843723890236,101.0,0.001186709634203588,-1.3493795048224189,2.9702970297029703,False
1886967543665189097,BOX,False,,5,insufficient,False,0.002058266557316446,0.0006944649560089759,0.0,0.002365997427346339,0.001341249264250065,472.0,0.004040949102522769,-1.2462504292757022,0.847457627118644,False
1886947986418360440,BOX,False,,5,insufficient,False,0.002058266557316446,0.0006944649560089759,0.0,0.002365997427346339,0.001341249264250065,472.0,0.004040949102522769,-1.2462504292757022,0.847457627118644,False
1886876005513748539,BOX,False,,15,complete,True,-0.0037233999566358422,0.0008928479717509605,12.0,0.0008875319452804941,0.00041320230581608707,1815.0,0.0013487540138926138,0.012865432732683162,57.96143250688706,False
1886660365351837805,BOX,False,,2,insufficient,False,0.005184392686454098,0.0,0.0,0.002365997427346339,0.001341249264250065,472.0,0.004040949102522769,-1.764025144624585,0.0,False
1886605881154134195,BOX,False,,2,insufficient,False,0.005184392686454098,0.0,0.0,0.002365997427346339,0.001341249264250065,472.0,0.004040949102522769,-1.764025144624585,0.0,False
1886277540152737976,BOX,False,,7,insufficient,False,0.006814573900736587,0.0012791807227540953,0.0,0.002365997427346339,0.001341249264250065,472.0,0.004040949102522769,-0.8103018085903052,12.288135593220339,False
1886099361853276163,BOX,False,,7,insufficient,False,0.006814573900736587,0.0012791807227540953,0.0,0.002365997427346339,0.001341249264250065,472.0,0.004040949102522769,-0.8103018085903052,12.288135593220339,False
1885932322106798562,BOX,False,,7,insufficient,False,0.006814573900736587,0.0012791807227540953,0.0,0.002365997427346339,0.001341249264250065,472.0,0.004040949102522769,-0.8103018085903052,12.288135593220339,False
1885829441353646239,BOX,False,,7,insufficient,False,0.006814573900736587,0.0012791807227540953,0.0,0.002365997427346339,0.001341249264250065,472.0,0.004040949102522769,-0.8103018085903052,12.288135593220339,False
1885791033805643860,BOX,False,,7,insufficient,False,0.006814573900736587,0.0012791807227540953,0.0,0.002365997427346339,0.001341249264250065,472.0,0.004040949102522769,-0.8103018085903052,12.288135593220339,False
1885547937180377237,BOX,False,,7,insufficient,False,0.006814573900736587,0.0012791807227540953,0.0,0.002365997427346339,0.001341249264250065,472.0,0.004040949102522769,-0.8103018085903052,12.288135593220339,False
1885197788155408542,BOX,False,,4,insufficient,False,-0.002733603408417107,0.0016319026468668047,0.0,0.002365997427346339,0.001341249264250065,472.0,0.004040949102522769,-0.5473216649926665,34.95762711864407,False
1885146393406587192,BOX,False,,4,insufficient,False,-0.002733603408417107,0.0016319026468668047,0.0,0.002365997427346339,0.001341249264250065,472.0,0.004040949102522769,-0.5473216649926665,34.95762711864407,False
1884786461784039792,BOX,False,,9,partial,True,0.0016314021886332242,0.0034511466702741556,0.0,0.002365997427346339,0.001341249264250065,472.0,0.004040949102522769,0.8090585932470634,83.05084745762711,False
1884474153979502726,BOX,False,,10,partial,True,-0.004559343400611482,0.00168212190126787,0.0,0.002365997427346339,0.001341249264250065,472.0,0.004040949102522769,-0.5098795162887532,38.771186440677965,False
1884455057527275697,BOX,False,,10,partial,True,-0.004559343400611482,0.00168212190126787,0.0,0.002365997427346339,0.001341249264250065,472.0,0.004040949102522769,-0.5098795162887532,38.771186440677965,False
1884271546665165269,BOX,False,,10,partial,True,0.0024714704224033657,0.0006551806694895913,3.0,0.0009537606446885452,0.0003292884701768625,271.0,0.0014873582929398983,-0.9067428781778636,15.498154981549817,False
1884053695626875123,BOX,False,,4,insufficient,False,0.004756325184384513,0.0013891283174024948,0.0,0.002365997427346339,0.001341249264250065,472.0,0.004040949102522769,-0.7283277881162848,18.008474576271187,False
1883911644776206370,BOX,False,,7,insufficient,False,-0.002069550099293549,0.0003308573182972932,3.0,0.0009537606446885452,0.0003292884701768625,271.0,0.0014873582929398983,-1.8916645519252084,0.36900369003690037,False
1883732583068127480,BOX,False,,7,insufficient,False,0.034192979359506936,0.0012278429454906862,0.0,0.002365997427346339,0.001341249264250065,472.0,0.004040949102522769,-0.8485778983759825,8.686440677966102,False
1883703145790062714,BOX,False,,7,insufficient,False,0.034192979359506936,0.0012278429454906862,0.0,0.002365997427346339,0.001341249264250065,472.0,0.004040949102522769,-0.8485778983759825,8.686440677966102,False
1883638050712080431,BOX,False,,7,insufficient,False,0.034192979359506936,0.0012278429454906862,0.0,0.002365997427346339,0.001341249264250065,472.0,0.004040949102522769,-0.8485778983759825,8.686440677966102,False
1883561338561315005,BOX,False,,7,insufficient,False,0.034192979359506936,0.0012278429454906862,0.0,0.002365997427346339,0.001341249264250065,472.0,0.004040949102522769,-0.8485778983759825,8.686440677966102,False
1883254205936529616,BOX,False,,7,insufficient,False,0.034192979359506936,0.0012278429454906862,0.0,0.002365997427346339,0.001341249264250065,472.0,0.004040949102522769,-0.8485778983759825,8.686440677966102,False
1883003257729216946,BOX,False,,7,insufficient,False,0.034192979359506936,0.0012278429454906862,0.0,0.002365997427346339,0.001341249264250065,472.0,0.004040949102522769,-0.8485778983759825,8.686440677966102,False
1882867955131900004,BOX,False,,6,insufficient,False,0.0006964080293471175,0.00025291946764566736,9.0,0.0007694987405448939,0.00023842357378686256,150.0,0.0011138224769505123,-2.166645121094526,0.0,False
1882854375368151487,BOX,False,,7,insufficient,False,0.00162587604601927,0.00021195625157449072,7.0,0.0010747703904457242,0.0006370892637828206,158.0,0.001887307163030776,-1.3543065123215776,0.0,False
1882615281639702554,BOX,False,,7,insufficient,False,-0.00011708087204365114,0.0011873249330826858,0.0,0.002365997427346339,0.001341249264250065,472.0,0.004040949102522769,-0.8787870574696542,7.838983050847458,False
1882523238586368057,BOX,False,,10,partial,True,1.058409637588742e-05,0.00040225664664191496,11.0,0.0008934168611414426,0.0005987207556726179,755.0,0.0013152033478981767,-0.8203494030330484,7.152317880794702,False
1882240165865025711,BOX,False,,6,insufficient,False,-0.007430355321921933,0.0006608029343925531,0.0,0.002365997427346339,0.001341249264250065,472.0,0.004040949102522769,-1.2713479428502905,0.847457627118644,False
1882122449934053859,BOX,False,,10,partial,True,-0.0013807324529371279,0.0003875682250056117,6.0,0.0008828791634215622,0.00024890843723890236,101.0,0.001186709634203588,-1.9899322976366245,1.9801980198019802,False
1881921540494918086,BOX,False,,7,insufficient,False,-0.007174052543783005,0.0008853263891048879,0.0,0.002365997427346339,0.001341249264250065,472.0,0.004040949102522769,-1.1039491895410964,2.11864406779661,False
1881838470429319235,BOX,False,,7,insufficient,False,-0.007174052543783005,0.0008853263891048879,0.0,0.002365997427346339,0.001341249264250065,472.0,0.004040949102522769,-1.1039491895410964,2.11864406779661,False
1881805198651429331,BOX,False,,13,partial,True,-0.0017114076066616635,0.00041907385561769747,12.0,0.0008875319452804941,0.00041320230581608707,1815.0,0.0013487540138926138,-1.133725739350795,5.7300275482093666,False
1881531209387507872,BOX,False,,13,partial,True,0.005992932632295611,0.0014342152379201159,0.0,0.002365997427346339,0.001341249264250065,472.0,0.004040949102522769,-0.6947121718998387,20.55084745762712,False
1881403007214272738,BOX,False,,13,partial,True,0.005992932632295611,0.0014342152379201159,0.0,0.002365997427346339,0.001341249264250065,472.0,0.004040949102522769,-0.6947121718998387,20.55084745762712,False
1881395592204792285,BOX,False,,13,partial,True,0.005992932632295611,0.0014342152379201159,0.0,0.002365997427346339,0.001341249264250065,472.0,0.004040949102522769,-0.6947121718998387,20.55084745762712,False
1881199738529411369,BOX,False,,13,partial,True,0.005992932632295611,0.0014342152379201159,0.0,0.002365997427346339,0.001341249264250065,472.0,0.004040949102522769,-0.6947121718998387,20.55084745762712,False
1881186954517344698,BOX,False,,13,partial,True,0.005992932632295611,0.0014342152379201159,0.0,0.002365997427346339,0.001341249264250065,472.0,0.004040949102522769,-0.6947121718998387,20.55084745762712,False
1881037508026446321,BOX,False,,13,partial,True,0.005992932632295611,0.0014342152379201159,0.0,0.002365997427346339,0.001341249264250065,472.0,0.004040949102522769,-0.6947121718998387,20.55084745762712,False
1881023026537587155,BOX,False,,13,partial,True,0.005992932632295611,0.0014342152379201159,0.0,0.002365997427346339,0.001341249264250065,472.0,0.004040949102522769,-0.6947121718998387,20.55084745762712,False
1880822344295612457,BOX,False,,13,partial,True,0.005992932632295611,0.0014342152379201159,0.0,0.002365997427346339,0.001341249264250065,472.0,0.004040949102522769,-0.6947121718998387,20.55084745762712,False
1880735272129994886,BOX,False,,13,partial,True,0.005992932632295611,0.0014342152379201159,0.0,0.002365997427346339,0.001341249264250065,472.0,0.004040949102522769,-0.6947121718998387,20.55084745762712,False
1880464541815107793,BOX,False,,13,partial,True,0.005992932632295611,0.0014342152379201159,0.0,0.002365997427346339,0.001341249264250065,472.0,0.004040949102522769,-0.6947121718998387,20.55084745762712,False
2076411790561288265,CRM,False,,1,insufficient,False,0.015013756490506847,,,,,,,,,False
2076409729094455359,CRM,False,,1,insufficient,False,0.015013756490506847,,,,,,,,,False
2075857273415504357,CRM,False,,1,insufficient,False,0.015013756490506847,,,,,,,,,False
2074904379572764929,CRM,False,,13,partial,True,0.0010740483482911678,0.00043192833945700606,7.0,0.0007221992409006652,0.0005602314396621967,2726.0,0.0011062566243012473,-0.5181267613589913,17.754952311078505,False
2074813788864328162,CRM,False,,15,complete,True,-0.012077988953287377,0.002092141908597447,0.0,0.0016535633785195853,0.0007536210791284363,7739.0,0.0026949740567718066,0.5819616014258494,75.94004393332472,False
2074791252931858578,CRM,False,,15,complete,True,-0.012077988953287377,0.002092141908597447,0.0,0.0016535633785195853,0.0007536210791284363,7739.0,0.0026949740567718066,0.5819616014258494,75.94004393332472,False
2073483292054032599,CRM,False,,15,complete,True,-0.022049053059411294,0.002865618848973449,0.0,0.0016535633785195853,0.0007536210791284363,7739.0,0.0026949740567718066,1.6083088756694643,92.31166817418271,True
2073423003514225056,CRM,False,,15,complete,True,-0.022049053059411294,0.002865618848973449,0.0,0.0016535633785195853,0.0007536210791284363,7739.0,0.0026949740567718066,1.6083088756694643,92.31166817418271,True
2070300449756840419,CRM,False,,15,complete,True,0.04534836257967789,0.003118659651114067,0.0,0.0016535633785195853,0.0007536210791284363,7739.0,0.0026949740567718066,1.9440754951929784,95.20609897919627,True
2069480886211346895,CRM,False,,12,partial,True,0.0015999141276193951,0.0003439741494423265,9.0,0.0006798511763971866,0.0004567842657429455,3068.0,0.0010575821763890035,-0.735307785631728,9.38722294654498,False
2069036531071754525,CRM,False,,1,insufficient,False,,,,,,,,,,False
2067258671025770787,CRM,False,,14,partial,True,-0.002026298239587887,0.0007686123634622454,2.0,0.0010072236757306095,0.0004361423260339086,5169.0,0.0015536017908793838,-0.5470950605463888,32.84968078932095,False
2067248713991352352,CRM,False,,14,partial,True,0.0008174041137074539,0.0013417847845383557,1.0,0.0012052865938570136,0.0005704647875291013,6941.0,0.0018293024935227332,0.23927540080531068,67.20933583057196,False
2067204120121885032,CRM,False,,15,complete,True,-0.017224996716108554,0.002847268606083458,0.0,0.0016535633785195853,0.0007536210791284363,7739.0,0.0026949740567718066,1.5839594467612217,92.11784468277556,True
2067133050765361432,CRM,False,,15,complete,True,-0.017224996716108554,0.002847268606083458,0.0,0.0016535633785195853,0.0007536210791284363,7739.0,0.0026949740567718066,1.5839594467612217,92.11784468277556,True
2066522147153916069,CRM,False,,15,complete,True,-0.003607524704753451,0.0014052164064154965,1.0,0.0012052865938570136,0.0005704647875291013,6941.0,0.0018293024935227332,0.3504682794260703,71.1280795274456,False
2065433020283113524,CRM,False,,15,complete,True,0.0012268772242971515,0.000900999668934362,0.0,0.0016535633785195853,0.0007536210791284363,7739.0,0.0026949740567718066,-0.9985969480253447,13.335056208812507,False
2064054943435092125,CRM,False,,13,partial,True,-0.0002683429535246251,0.0004490074212603253,10.0,0.0006410824724233622,0.00032587285702205396,3605.0,0.0010032330003726271,-0.5894171515795742,29.791955617198333,False
2063971896316637593,CRM,False,,15,complete,True,-0.025189959165595743,0.003594432603639696,0.0,0.0016535633785195853,0.0007536210791284363,7739.0,0.0026949740567718066,2.5753913722327515,97.93254942499031,True
2063263077701697632,CRM,False,,15,complete,True,-0.025189959165595743,0.003594432603639696,0.0,0.0016535633785195853,0.0007536210791284363,7739.0,0.0026949740567718066,2.5753913722327515,97.93254942499031,True
2062905722023620624,CRM,True,"jobs_report(ALL, 2026-06-05 12:30:00+00:00->2026-06-05 20:00:00+00:00)",13,partial,False,0.0006936015259233486,0.0008863769891567136,2.0,0.0010072236757306095,0.0004361423260339086,5169.0,0.0015536017908793838,-0.2770808503564052,45.83091507061327,False
2062291326662553763,CRM,False,,15,complete,True,0.0153369641731117,0.0030823741338749295,0.0,0.0016535633785195853,0.0007536210791284363,7739.0,0.0026949740567718066,1.8959272702506749,94.76676573200672,True
2062289097784173047,CRM,False,,15,complete,True,0.0153369641731117,0.0030823741338749295,0.0,0.0016535633785195853,0.0007536210791284363,7739.0,0.0026949740567718066,1.8959272702506749,94.76676573200672,True
2061506033420283936,CRM,False,,15,complete,True,0.005152489042013375,0.0005907806421516813,8.0,0.0006966026754776164,0.0004756256276318351,3003.0,0.001091420791755509,-0.22249018382972455,49.417249417249415,False
2061420773600854289,CRM,False,,1,insufficient,False,0.04907612864148003,,,,,,,,,False
2059881098386280734,CRM,True,"earnings(CRM, 2026-05-27 20:00:00+00:00->2026-05-28 20:00:00+00:00)",15,complete,False,-0.005154448968720526,0.00525809383298001,0.0,0.0016535633785195853,0.0007536210791284363,7739.0,0.0026949740567718066,4.78294802824394,99.88370590515571,True
2059879170575122892,CRM,True,"earnings(CRM, 2026-05-27 20:00:00+00:00->2026-05-28 20:00:00+00:00)",15,complete,False,-0.005154448968720526,0.00525809383298001,0.0,0.0016535633785195853,0.0007536210791284363,7739.0,0.0026949740567718066,4.78294802824394,99.88370590515571,True
2059800497494819131,CRM,True,"earnings(CRM, 2026-05-27 20:00:00+00:00->2026-05-28 20:00:00+00:00)",15,complete,False,-0.005154448968720526,0.00525809383298001,0.0,0.0016535633785195853,0.0007536210791284363,7739.0,0.0026949740567718066,4.78294802824394,99.88370590515571,True
2059748159610556924,CRM,True,"earnings(CRM, 2026-05-27 20:00:00+00:00->2026-05-28 20:00:00+00:00)",15,complete,False,-0.005154448968720526,0.00525809383298001,0.0,0.0016535633785195853,0.0007536210791284363,7739.0,0.0026949740567718066,4.78294802824394,99.88370590515571,True
2059730473870573749,CRM,True,"earnings(CRM, 2026-05-27 20:00:00+00:00->2026-05-28 20:00:00+00:00)",15,complete,False,-0.005154448968720526,0.00525809383298001,0.0,0.0016535633785195853,0.0007536210791284363,7739.0,0.0026949740567718066,4.78294802824394,99.88370590515571,True
2059730190377636066,CRM,True,"earnings(CRM, 2026-05-27 20:00:00+00:00->2026-05-28 20:00:00+00:00)",15,complete,False,-0.005154448968720526,0.00525809383298001,0.0,0.0016535633785195853,0.0007536210791284363,7739.0,0.0026949740567718066,4.78294802824394,99.88370590515571,True
2057859046976401897,CRM,False,,9,partial,True,0.0014627329808263312,0.0005806115152579627,5.0,0.0007515391559441417,0.0003413825025699936,2933.0,0.0011898969629487775,-0.5006924473263937,37.06102966246164,False
2057725709250928641,CRM,False,,15,complete,True,0.02967849789935606,0.0030753203302130963,0.0,0.0016535633785195853,0.0007536210791284363,7739.0,0.0026949740567718066,1.886567389194812,94.68923633544387,True
2057698598977180129,CRM,False,,15,complete,True,0.02967849789935606,0.0030753203302130963,0.0,0.0016535633785195853,0.0007536210791284363,7739.0,0.0026949740567718066,1.886567389194812,94.68923633544387,True
2057659936033878155,CRM,False,,15,complete,True,0.02967849789935606,0.0030753203302130963,0.0,0.0016535633785195853,0.0007536210791284363,7739.0,0.0026949740567718066,1.886567389194812,94.68923633544387,True
2057618489825960180,CRM,False,,15,complete,True,0.02967849789935606,0.0030753203302130963,0.0,0.0016535633785195853,0.0007536210791284363,7739.0,0.0026949740567718066,1.886567389194812,94.68923633544387,True
2057617107500900469,CRM,False,,15,complete,True,0.02967849789935606,0.0030753203302130963,0.0,0.0016535633785195853,0.0007536210791284363,7739.0,0.0026949740567718066,1.886567389194812,94.68923633544387,True
2057522254431633867,CRM,False,,14,partial,True,-0.0044960577162571624,0.0008120924801530832,9.0,0.0006798511763971866,0.0004567842657429455,3068.0,0.0010575821763890035,0.28950494505499286,76.95567144719688,False
2057176703907320031,CRM,False,,15,complete,True,0.0027864597956586135,0.0005807070465529773,11.0,0.0005943274251067889,0.00030345528920927816,6130.0,0.0009336673067110155,-0.04488430104251161,57.78140293637847,False
2057176633048809978,CRM,False,,15,complete,True,0.0027864597956586135,0.0005807070465529773,11.0,0.0005943274251067889,0.00030345528920927816,6130.0,0.0009336673067110155,-0.04488430104251161,57.78140293637847,False
2057176156433154454,CRM,False,,15,complete,True,0.0019262240481188186,0.000603921049865664,11.0,0.0005943274251067889,0.00030345528920927816,6130.0,0.0009336673067110155,0.031614623636560917,61.69657422512235,False
2057173169614815598,CRM,False,,15,complete,True,-0.001249506950231516,0.0008851668314778048,10.0,0.0006410824724233622,0.00032587285702205396,3605.0,0.0010032330003726271,0.7490171513054977,82.7739251040222,False
2055428789669343455,CRM,False,,15,complete,True,0.013284812971377846,0.0032138081048802623,0.0,0.0016535633785195853,0.0007536210791284363,7739.0,0.0026949740567718066,2.0703305275976382,95.92970668044967,True
2055394139026632757,CRM,False,,15,complete,True,0.013284812971377846,0.0032138081048802623,0.0,0.0016535633785195853,0.0007536210791284363,7739.0,0.0026949740567718066,2.0703305275976382,95.92970668044967,True
2050696874332758446,CRM,False,,15,complete,True,0.00852195246907983,0.0030833164883062266,0.0,0.0016535633785195853,0.0007536210791284363,7739.0,0.0026949740567718066,1.8971777055919834,94.77968729810054,True
2050386663155905002,CRM,False,,15,complete,True,0.00852195246907983,0.0030833164883062266,0.0,0.0016535633785195853,0.0007536210791284363,7739.0,0.0026949740567718066,1.8971777055919834,94.77968729810054,True
2050362890633592936,CRM,False,,15,complete,True,0.00852195246907983,0.0030833164883062266,0.0,0.0016535633785195853,0.0007536210791284363,7739.0,0.0026949740567718066,1.8971777055919834,94.77968729810054,True
2050320060703793175,CRM,False,,15,complete,True,0.00852195246907983,0.0030833164883062266,0.0,0.0016535633785195853,0.0007536210791284363,7739.0,0.0026949740567718066,1.8971777055919834,94.77968729810054,True
2047852518651359260,CRM,False,,15,complete,True,0.017266632867529275,0.003471884824434284,0.0,0.0016535633785195853,0.0007536210791284363,7739.0,0.0026949740567718066,2.4127794408532064,97.38984364905026,True
2046999495393874233,CRM,False,,15,complete,True,-0.00012265425880331193,0.0005512043250157305,7.0,0.0007221992409006652,0.0005602314396621967,2726.0,0.0011062566243012473,-0.30522192040496626,39.50843727072634,False
2046077126944948428,CRM,False,,15,complete,True,0.018678175605388203,0.0032677151591742814,0.0,0.0016535633785195853,0.0007536210791284363,7739.0,0.0026949740567718066,2.1418612421529724,96.3302752293578,True
2044981547267395620,CRM,False,,15,complete,True,0.02669762642333473,0.0019061299225053363,0.0,0.0016535633785195853,0.0007536210791284363,7739.0,0.0026949740567718066,0.3351373136720705,69.72477064220183,False
2042488444451242232,CRM,True,"cpi(ALL, 2026-04-10 12:30:00+00:00->2026-04-10 20:00:00+00:00)",15,complete,False,-0.02491435713514345,0.002988320465683978,0.0,0.0016535633785195853,0.0007536210791284363,7739.0,0.0026949740567718066,1.7711249381559773,93.79764827497092,True
2039039355747221519,CRM,False,,11,partial,True,0.0020142498734760927,0.0009439997561553758,8.0,0.0006966026754776164,0.0004756256276318351,3003.0,0.001091420791755509,0.5201508630003022,84.18248418248419,False
2037674629108736429,CRM,False,,14,partial,True,0.012740482418075683,0.0029673235151007333,0.0,0.0016535633785195853,0.0007536210791284363,7739.0,0.0026949740567718066,1.743263521902165,93.53921695309472,True
2036475068117819522,CRM,False,,14,partial,True,0.0029881055213423213,0.0007483172932717657,5.0,0.0007515391559441417,0.0003413825025699936,2933.0,0.0011898969629487775,-0.00943769129384545,58.30207978179338,False
2036252519308075219,CRM,False,,15,complete,True,-0.03295791800350345,0.0033001079572098162,0.0,0.0016535633785195853,0.0007536210791284363,7739.0,0.0026949740567718066,2.1848441136949908,96.56286341904638,True
2034018646188822664,CRM,False,,15,complete,True,0.0026403904133682765,0.0019477519730520738,0.0,0.0016535633785195853,0.0007536210791284363,7739.0,0.0026949740567718066,0.3903667276301745,71.57255459361674,False
2032161195533242422,CRM,False,,13,partial,True,-0.002014841478562346,0.0006555747998278849,9.0,0.0006798511763971866,0.0004567842657429455,3068.0,0.0010575821763890035,-0.05314626266694374,60.853976531942635,False
2031447767802065216,CRM,False,,15,complete,True,0.0028020481899483363,0.0007764181304530868,11.0,0.0005943274251067889,0.00030345528920927816,6130.0,0.0009336673067110155,0.600057773983036,81.33768352365416,False
2030820345062752546,CRM,False,,15,complete,True,-0.0007271044262482373,0.0029306016818583776,0.0,0.0016535633785195853,0.0007536210791284363,7739.0,0.0026949740567718066,1.6945363375659406,93.07404057371753,True
2027140612965687692,CRM,False,,15,complete,True,-0.034333418729417975,0.0022903799670374045,0.0,0.0016535633785195853,0.0007536210791284363,7739.0,0.0026949740567718066,0.84500899212413,81.59968988241376,False
2027104931253997713,CRM,True,"earnings(CRM, 2026-02-25 21:00:00+00:00->2026-02-26 21:00:00+00:00)",15,complete,False,0.003564503546319875,0.0010413497457295552,10.0,0.0006410824724233622,0.00032587285702205396,3605.0,0.0010032330003726271,1.2282927671975583,91.28987517337032,True
2027069956152586399,CRM,True,"earnings(CRM, 2026-02-25 21:00:00+00:00->2026-02-26 21:00:00+00:00)",14,partial,False,0.0015421065650331744,0.0008835410283265075,5.0,0.0007515391559441417,0.0003413825025699936,2933.0,0.0011898969629487775,0.3866685357000731,71.18990794408455,False
2026803953342755116,CRM,True,"earnings(CRM, 2026-02-25 21:00:00+00:00->2026-02-26 21:00:00+00:00)",15,complete,False,0.02051090030260605,0.00399647608384608,0.0,0.0016535633785195853,0.0007536210791284363,7739.0,0.0026949740567718066,3.1088736371812686,99.04380410905802,True
2026802311948013804,CRM,True,"earnings(CRM, 2026-02-25 21:00:00+00:00->2026-02-26 21:00:00+00:00)",15,complete,False,0.02051090030260605,0.00399647608384608,0.0,0.0016535633785195853,0.0007536210791284363,7739.0,0.0026949740567718066,3.1088736371812686,99.04380410905802,True
2026802112588558597,CRM,True,"earnings(CRM, 2026-02-25 21:00:00+00:00->2026-02-26 21:00:00+00:00)",15,complete,False,0.02051090030260605,0.00399647608384608,0.0,0.0016535633785195853,0.0007536210791284363,7739.0,0.0026949740567718066,3.1088736371812686,99.04380410905802,True
2026802020783632872,CRM,True,"earnings(CRM, 2026-02-25 21:00:00+00:00->2026-02-26 21:00:00+00:00)",15,complete,False,0.02051090030260605,0.00399647608384608,0.0,0.0016535633785195853,0.0007536210791284363,7739.0,0.0026949740567718066,3.1088736371812686,99.04380410905802,True
2026801939565142521,CRM,True,"earnings(CRM, 2026-02-25 21:00:00+00:00->2026-02-26 21:00:00+00:00)",15,complete,False,0.02051090030260605,0.00399647608384608,0.0,0.0016535633785195853,0.0007536210791284363,7739.0,0.0026949740567718066,3.1088736371812686,99.04380410905802,True
2026801866835964305,CRM,True,"earnings(CRM, 2026-02-25 21:00:00+00:00->2026-02-26 21:00:00+00:00)",15,complete,False,0.02051090030260605,0.00399647608384608,0.0,0.0016535633785195853,0.0007536210791284363,7739.0,0.0026949740567718066,3.1088736371812686,99.04380410905802,True
2026801430250795079,CRM,True,"earnings(CRM, 2026-02-25 21:00:00+00:00->2026-02-26 21:00:00+00:00)",15,complete,False,0.02051090030260605,0.00399647608384608,0.0,0.0016535633785195853,0.0007536210791284363,7739.0,0.0026949740567718066,3.1088736371812686,99.04380410905802,True
2026780435590820200,CRM,True,"earnings(CRM, 2026-02-25 21:00:00+00:00->2026-02-26 21:00:00+00:00)",15,complete,False,0.02051090030260605,0.00399647608384608,0.0,0.0016535633785195853,0.0007536210791284363,7739.0,0.0026949740567718066,3.1088736371812686,99.04380410905802,True
2026407065602896040,CRM,False,,15,complete,True,-0.00835319875305729,0.002508088525483602,0.0,0.0016535633785195853,0.0007536210791284363,7739.0,0.0026949740567718066,1.1338923109107775,86.84584571650083,False
2025698591290052741,CRM,False,,15,complete,True,-0.04008785241432,0.00416856896029208,0.0,0.0016535633785195853,0.0007536210791284363,7739.0,0.0026949740567718066,3.337228285441673,99.26347073265279,True
2021866814637330630,CRM,False,,15,complete,True,0.006144586553160192,0.0044145733675938605,0.0,0.0016535633785195853,0.0007536210791284363,7739.0,0.0026949740567718066,3.663658124142953,99.47021579015377,True
2020688785659535730,CRM,False,,15,complete,True,-0.006898456935796271,0.0033754137132984124,0.0,0.0016535633785195853,0.0007536210791284363,7739.0,0.0026949740567718066,2.284769338949687,96.92466726967308,True
2020685677198028887,CRM,False,,15,complete,True,-0.006898456935796271,0.0033754137132984124,0.0,0.0016535633785195853,0.0007536210791284363,7739.0,0.0026949740567718066,2.284769338949687,96.92466726967308,True
2020637655520985358,CRM,False,,15,complete,True,-0.006898456935796271,0.0033754137132984124,0.0,0.0016535633785195853,0.0007536210791284363,7739.0,0.0026949740567718066,2.284769338949687,96.92466726967308,True
2020630810022629880,CRM,False,,15,complete,True,-0.006898456935796271,0.0033754137132984124,0.0,0.0016535633785195853,0.0007536210791284363,7739.0,0.0026949740567718066,2.284769338949687,96.92466726967308,True
2020599759464194554,CRM,False,,15,complete,True,-0.006898456935796271,0.0033754137132984124,0.0,0.0016535633785195853,0.0007536210791284363,7739.0,0.0026949740567718066,2.284769338949687,96.92466726967308,True
2020277273899991313,CRM,False,,15,complete,True,-0.006898456935796271,0.0033754137132984124,0.0,0.0016535633785195853,0.0007536210791284363,7739.0,0.0026949740567718066,2.284769338949687,96.92466726967308,True
2019878279990378668,CRM,False,,1,insufficient,False,0.002781328316608267,,12.0,,,,,,,False
2019712015913353513,CRM,False,,15,complete,True,0.008789068104595454,0.0026953312754391836,0.0,0.0016535633785195853,0.0007536210791284363,7739.0,0.0026949740567718066,1.3823497322081333,89.99870784339062,True
2018539238237798595,CRM,False,,15,complete,True,-0.040299342313151465,0.004676985441926288,0.0,0.0016535633785195853,0.0007536210791284363,7739.0,0.0026949740567718066,4.01185973580157,99.75449024421759,True
2018132372747948543,CRM,False,,15,complete,True,0.014886256490714844,0.002934139258389832,0.0,0.0016535633785195853,0.0007536210791284363,7739.0,0.0026949740567718066,1.6992304426399993,93.08696213981135,True
2016661138919047286,CRM,False,,15,complete,True,-0.07324670525020227,0.0046423999464242725,0.0,0.0016535633785195853,0.0007536210791284363,7739.0,0.0026949740567718066,3.96596731524718,99.71572554593617,True
2016587742998909353,CRM,True,"fomc(ALL, 2026-01-28 19:00:00+00:00->2026-01-28 21:00:00+00:00)",15,complete,False,-0.0021850066718883676,0.0008469835303126561,9.0,0.0006798511763971866,0.0004567842657429455,3068.0,0.0010575821763890035,0.36588903438614284,79.04172099087353,False
2015940617843704006,CRM,False,,15,complete,True,0.0005578209721512906,0.0036759666307952777,0.0,0.0016535633785195853,0.0007536210791284363,7739.0,0.0026949740567718066,2.683581057226536,98.22974544514796,True
2015907779056431249,CRM,False,,15,complete,True,0.0005578209721512906,0.0036759666307952777,0.0,0.0016535633785195853,0.0007536210791284363,7739.0,0.0026949740567718066,2.683581057226536,98.22974544514796,True
2015873970114043942,CRM,False,,15,complete,True,0.00014354014110407043,0.00037058874615777953,10.0,0.0006410824724233622,0.00032587285702205396,3605.0,0.0010032330003726271,-0.8300590872693536,15.894590846047157,False
2015861664734941365,CRM,False,,12,partial,True,0.0010122506812180188,0.0005546863095954466,8.0,0.0006966026754776164,0.0004756256276318351,3003.0,0.001091420791755509,-0.29837829931237897,43.78954378954379,False
2014915467258036259,CRM,False,,15,complete,True,-0.002783045653846905,0.002428766167650581,0.0,0.0016535633785195853,0.0007536210791284363,7739.0,0.0026949740567718066,1.0286373491934684,84.98514019899211,False
2014905156664799636,CRM,False,,15,complete,True,-0.002783045653846905,0.002428766167650581,0.0,0.0016535633785195853,0.0007536210791284363,7739.0,0.0026949740567718066,1.0286373491934684,84.98514019899211,False
2014724541764010192,CRM,False,,14,partial,True,-0.004186695655874595,0.001453686246740916,2.0,0.0010072236757306095,0.0004361423260339086,5169.0,0.0015536017908793838,1.0236625623342859,86.05146063068293,False
2014719731115475416,CRM,False,,13,partial,True,-0.0012193864121319287,0.0013575210147915397,1.0,0.0012052865938570136,0.0005704647875291013,6941.0,0.0018293024935227332,0.266860329090444,68.1602074629016,False
2014717452282638834,CRM,False,,14,partial,True,-0.0031286036690502117,0.0013406424044660533,1.0,0.0012052865938570136,0.0005704647875291013,6941.0,0.0018293024935227332,0.23727285814662974,67.1805215386832,False
2014249361308360788,CRM,False,,15,complete,True,0.0076349159097475194,0.0021600830029160955,0.0,0.0016535633785195853,0.0007536210791284363,7739.0,0.0026949740567718066,0.6721144596728912,78.13671016927252,False
2014231190270570557,CRM,False,,15,complete,True,0.0076349159097475194,0.0021600830029160955,0.0,0.0016535633785195853,0.0007536210791284363,7739.0,0.0026949740567718066,0.6721144596728912,78.13671016927252,False
2013932751208996894,CRM,False,,15,complete,True,-0.003505138696579202,0.003222102036868872,0.0,0.0016535633785195853,0.0007536210791284363,7739.0,0.0026949740567718066,2.0813359681543186,95.9684713787311,True
2013862263522742517,CRM,False,,15,complete,True,-0.003505138696579202,0.003222102036868872,0.0,0.0016535633785195853,0.0007536210791284363,7739.0,0.0026949740567718066,2.0813359681543186,95.9684713787311,True
2013538309075620062,CRM,False,,15,complete,True,0.012708489107439824,0.0023736954477837427,0.0,0.0016535633785195853,0.0007536210791284363,7739.0,0.0026949740567718066,0.9555625356140396,83.78343455226774,False
2013004109818057026,CRM,False,,15,complete,True,0.012708489107439824,0.0023736954477837427,0.0,0.0016535633785195853,0.0007536210791284363,7739.0,0.0026949740567718066,0.9555625356140396,83.78343455226774,False
2012319341233213774,CRM,False,,15,complete,True,0.012708489107439824,0.0023736954477837427,0.0,0.0016535633785195853,0.0007536210791284363,7739.0,0.0026949740567718066,0.9555625356140396,83.78343455226774,False
2012280730043273547,CRM,False,,15,complete,True,0.012708489107439824,0.0023736954477837427,0.0,0.0016535633785195853,0.0007536210791284363,7739.0,0.0026949740567718066,0.9555625356140396,83.78343455226774,False
2012277421580632080,CRM,False,,15,complete,True,0.012708489107439824,0.0023736954477837427,0.0,0.0016535633785195853,0.0007536210791284363,7739.0,0.0026949740567718066,0.9555625356140396,83.78343455226774,False
2012276791935910151,CRM,False,,15,complete,True,0.012708489107439824,0.0023736954477837427,0.0,0.0016535633785195853,0.0007536210791284363,7739.0,0.0026949740567718066,0.9555625356140396,83.78343455226774,False
2011577496064704801,CRM,False,,15,complete,True,-0.019660094254349447,0.002387767457970922,0.0,0.0016535633785195853,0.0007536210791284363,7739.0,0.0026949740567718066,0.974235062931685,84.02894430805013,False
2011254615489274088,CRM,False,,15,complete,True,0.004405675938557563,0.002080871722267383,0.0,0.0016535633785195853,0.0007536210791284363,7739.0,0.0026949740567718066,0.567006889247286,75.59116164879184,False
2010857324987236485,CRM,True,"cpi(ALL, 2026-01-13 13:30:00+00:00->2026-01-13 21:00:00+00:00)",14,partial,False,-0.0007792260994456957,0.0020659002945580093,0.0,0.0016535633785195853,0.0007536210791284363,7739.0,0.0026949740567718066,0.5471409007233345,75.26812249644657,False
2007699154743759087,CRM,False,,15,complete,True,0.0025345677063624006,0.0017673202069145853,0.0,0.0016535633785195853,0.0007536210791284363,7739.0,0.0026949740567718066,0.15094698323268754,64.72412456389715,False
2004734227464814896,CRM,False,,11,partial,True,0.00775560594100011,0.001578764280442183,0.0,0.0016535633785195853,0.0007536210791284363,7739.0,0.0026949740567718066,-0.09925292716587429,55.34306757979067,False
2004030074073526757,CRM,False,,12,partial,True,0.004664546681163451,0.0018578969927309488,0.0,0.0016535633785195853,0.0007536210791284363,7739.0,0.0026949740567718066,0.271135746956117,67.99328078563121,False
2003547651028189685,CRM,False,,12,partial,True,-0.0003007859524097878,0.00021149099916727674,9.0,0.0006798511763971866,0.0004567842657429455,3068.0,0.0010575821763890035,-1.0253421852614306,1.0104302477183833,False
2001447313319842258,CRM,True,"cpi(ALL, 2025-12-18 13:30:00+00:00->2025-12-18 21:00:00+00:00)",15,complete,False,-0.010522704709981512,0.0016384627800826882,0.0,0.0016535633785195853,0.0007536210791284363,7739.0,0.0026949740567718066,-0.02003738862288857,58.43132187621139,False
2000340341132816555,CRM,False,,15,complete,True,-0.02241089091892179,0.0015130468038976768,0.0,0.0016535633785195853,0.0007536210791284363,7739.0,0.0026949740567718066,-0.1864552074159285,51.69918594133609,False
2000299000973660249,CRM,False,,15,complete,True,-0.02241089091892179,0.0015130468038976768,0.0,0.0016535633785195853,0.0007536210791284363,7739.0,0.0026949740567718066,-0.1864552074159285,51.69918594133609,False
1999672264967745792,CRM,False,,15,complete,True,-0.02241089091892179,0.0015130468038976768,0.0,0.0016535633785195853,0.0007536210791284363,7739.0,0.0026949740567718066,-0.1864552074159285,51.69918594133609,False
1999630132210991306,CRM,False,,15,complete,True,-0.02241089091892179,0.0015130468038976768,0.0,0.0016535633785195853,0.0007536210791284363,7739.0,0.0026949740567718066,-0.1864552074159285,51.69918594133609,False
1997947021924422135,CRM,False,,14,partial,True,0.005028905756628177,0.004139392443230742,0.0,0.0016535633785195853,0.0007536210791284363,7739.0,0.0026949740567718066,3.2985131832910253,99.23762760046517,True
1996830500053532707,CRM,False,,15,complete,True,0.034509634838891357,0.0024195333638524184,0.0,0.0016535633785195853,0.0007536210791284363,7739.0,0.0026949740567718066,1.0163860944795737,84.76547357539734,False
1996733865638117827,CRM,False,,15,complete,True,0.034509634838891357,0.0024195333638524184,0.0,0.0016535633785195853,0.0007536210791284363,7739.0,0.0026949740567718066,1.0163860944795737,84.76547357539734,False
1996371808787071265,CRM,True,"earnings(CRM, 2025-12-03 21:00:00+00:00->2025-12-04 21:00:00+00:00)",15,complete,False,0.0015624861484930808,0.0061282749392431,0.0,0.0016535633785195853,0.0007536210791284363,7739.0,0.0026949740567718066,5.937614650984186,99.98707843390619,True
1996360435583594905,CRM,True,"earnings(CRM, 2025-12-03 21:00:00+00:00->2025-12-04 21:00:00+00:00)",15,complete,False,0.0015624861484930808,0.0061282749392431,0.0,0.0016535633785195853,0.0007536210791284363,7739.0,0.0026949740567718066,5.937614650984186,99.98707843390619,True
1996325436142567930,CRM,True,"earnings(CRM, 2025-12-03 21:00:00+00:00->2025-12-04 21:00:00+00:00)",4,insufficient,False,0.04887834532141233,0.0011772596749357483,13.0,,,,,,,False
1996325288754679870,CRM,True,"earnings(CRM, 2025-12-03 21:00:00+00:00->2025-12-04 21:00:00+00:00)",4,insufficient,False,0.04887834532141233,0.0011772596749357483,13.0,,,,,,,False
1996324866434503042,CRM,True,"earnings(CRM, 2025-12-03 21:00:00+00:00->2025-12-04 21:00:00+00:00)",4,insufficient,False,0.04887834532141233,0.0011772596749357483,13.0,,,,,,,False
1996290400601198921,CRM,False,,14,partial,True,0.0015534075864070962,0.0005649210242029171,8.0,0.0006966026754776164,0.0004756256276318351,3003.0,0.001091420791755509,-0.2768598738683386,46.22044622044622,False
1995762727004889133,CRM,False,,15,complete,True,-0.0026891111865738893,0.001441182019931641,0.0,0.0016535633785195853,0.0007536210791284363,7739.0,0.0026949740567718066,-0.28181451457483586,46.77606925959426,False
1995702688374554996,CRM,False,,15,complete,True,-0.0026891111865738893,0.001441182019931641,0.0,0.0016535633785195853,0.0007536210791284363,7739.0,0.0026949740567718066,-0.28181451457483586,46.77606925959426,False
1995616112609010075,CRM,False,,15,complete,True,-0.0026891111865738893,0.001441182019931641,0.0,0.0016535633785195853,0.0007536210791284363,7739.0,0.0026949740567718066,-0.28181451457483586,46.77606925959426,False
1995289421244244415,CRM,False,,14,partial,True,0.013841570338040565,0.0009825734869231234,0.0,0.0016535633785195853,0.0007536210791284363,7739.0,0.0026949740567718066,-0.8903544635089858,18.10311409742861,False
1994973635912597602,CRM,False,,14,partial,True,0.013841570338040565,0.0009825734869231234,0.0,0.0016535633785195853,0.0007536210791284363,7739.0,0.0026949740567718066,-0.8903544635089858,18.10311409742861,False
1994600555260645629,CRM,False,,14,partial,True,0.013841570338040565,0.0009825734869231234,0.0,0.0016535633785195853,0.0007536210791284363,7739.0,0.0026949740567718066,-0.8903544635089858,18.10311409742861,False
1994595873901494465,CRM,False,,14,partial,True,0.013841570338040565,0.0009825734869231234,0.0,0.0016535633785195853,0.0007536210791284363,7739.0,0.0026949740567718066,-0.8903544635089858,18.10311409742861,False
1994592263230664939,CRM,False,,14,partial,True,0.013841570338040565,0.0009825734869231234,0.0,0.0016535633785195853,0.0007536210791284363,7739.0,0.0026949740567718066,-0.8903544635089858,18.10311409742861,False
1993749333695668729,CRM,False,,8,partial,True,-0.00047360407023944173,0.000751682872254228,8.0,0.0006966026754776164,0.0004756256276318351,3003.0,0.001091420791755509,0.11580577995945841,69.7968697968698,False
1993021759101297087,CRM,False,,13,partial,True,-0.0014691949398404347,0.0007077714891036854,7.0,0.0007221992409006652,0.0005602314396621967,2726.0,0.0011062566243012473,-0.025753199080864216,62.729273661041816,False
1992726929204760661,CRM,False,,15,complete,True,-0.00929272089912725,0.0013885691568807298,0.0,0.0016535633785195853,0.0007536210791284363,7739.0,0.0026949740567718066,-0.35162793209728366,43.33893267864065,False
1992140602897768820,CRM,False,,15,complete,True,-0.00929272089912725,0.0013885691568807298,0.0,0.0016535633785195853,0.0007536210791284363,7739.0,0.0026949740567718066,-0.35162793209728366,43.33893267864065,False
1992126539887255796,CRM,False,,15,complete,True,-0.00929272089912725,0.0013885691568807298,0.0,0.0016535633785195853,0.0007536210791284363,7739.0,0.0026949740567718066,-0.35162793209728366,43.33893267864065,False
1991179419285651927,CRM,False,,15,complete,True,-0.0008447924332176671,0.0009723982757815921,3.0,0.0008706418272028956,0.0003653172812046687,4429.0,0.0013462814928786957,0.27854266363514163,67.41928200496726,False
1991177800108093784,CRM,False,,15,complete,True,-0.0012169223265615647,0.0012176413933216532,3.0,0.0008706418272028956,0.0003653172812046687,4429.0,0.0013462814928786957,0.9498580657736567,84.35312711673065,False
1991176047660794302,CRM,False,,15,complete,True,-0.0028631775619679667,0.0009564367867081501,3.0,0.0008706418272028956,0.0003653172812046687,4429.0,0.0013462814928786957,0.23485053655917232,66.04199593587717,False
1991175476635906246,CRM,False,,15,complete,True,-0.00024050271701869796,0.0007556898987971544,3.0,0.0008706418272028956,0.0003653172812046687,4429.0,0.0013462814928786957,-0.31466326483837903,44.931135696545496,False
1991125950008816107,CRM,False,,13,partial,True,-0.018171306524417452,0.0014394175681884688,0.0,0.0016535633785195853,0.0007536210791284363,7739.0,0.0026949740567718066,-0.2841558128639081,46.672696730843775,False
1991124641859973573,CRM,False,,13,partial,True,-0.018171306524417452,0.0014394175681884688,0.0,0.0016535633785195853,0.0007536210791284363,7739.0,0.0026949740567718066,-0.2841558128639081,46.672696730843775,False
1991122548885483888,CRM,False,,13,partial,True,-0.018171306524417452,0.0014394175681884688,0.0,0.0016535633785195853,0.0007536210791284363,7739.0,0.0026949740567718066,-0.2841558128639081,46.672696730843775,False
1991119357519241302,CRM,False,,13,partial,True,-0.018171306524417452,0.0014394175681884688,0.0,0.0016535633785195853,0.0007536210791284363,7739.0,0.0026949740567718066,-0.2841558128639081,46.672696730843775,False
1991117069392245062,CRM,False,,13,partial,True,-0.018171306524417452,0.0014394175681884688,0.0,0.0016535633785195853,0.0007536210791284363,7739.0,0.0026949740567718066,-0.2841558128639081,46.672696730843775,False
1990898584892444817,CRM,False,,13,partial,True,-0.018171306524417452,0.0014394175681884688,0.0,0.0016535633785195853,0.0007536210791284363,7739.0,0.0026949740567718066,-0.2841558128639081,46.672696730843775,False
1990818684735258784,CRM,False,,15,complete,True,0.0010819590602848539,0.0006559481600940715,3.0,0.0008706418272028956,0.0003653172812046687,4429.0,0.0013462814928786957,-0.5876909693427346,31.542108828177916,False
1990816753052426569,CRM,False,,15,complete,True,0.0005832350136865116,0.0009181372534561926,3.0,0.0008706418272028956,0.0003653172812046687,4429.0,0.0013462814928786957,0.130011441278322,62.92616843531271,False
1990815573471539261,CRM,False,,15,complete,True,0.001050760939037998,0.0010326143459768139,3.0,0.0008706418272028956,0.0003653172812046687,4429.0,0.0013462814928786957,0.443374915743921,72.25107247685708,False
1990612809563189305,CRM,False,,15,complete,True,-0.0025837577148144497,0.002368555498267175,0.0,0.0016535633785195853,0.0007536210791284363,7739.0,0.0026949740567718066,0.948742198897195,83.66714045742344,False
1990607939011555382,CRM,False,,15,complete,True,-0.0025837577148144497,0.002368555498267175,0.0,0.0016535633785195853,0.0007536210791284363,7739.0,0.0026949740567718066,0.948742198897195,83.66714045742344,False
1990571595841351924,CRM,False,,15,complete,True,-0.0025837577148144497,0.002368555498267175,0.0,0.0016535633785195853,0.0007536210791284363,7739.0,0.0026949740567718066,0.948742198897195,83.66714045742344,False
1990194141339484552,CRM,False,,9,partial,True,-0.008185259224031571,0.0018631529121996109,0.0,0.0016535633785195853,0.0007536210791284363,7739.0,0.0026949740567718066,0.2781099673093222,68.14833957875695,False
1988726858872156165,CRM,False,,14,partial,True,-0.004065093494742489,0.0015310973232498142,0.0,0.0016535633785195853,0.0007536210791284363,7739.0,0.0026949740567718066,-0.16250348969989428,52.77167592712237,False
1988660606149496961,CRM,False,,12,partial,True,0.0012166748299256014,0.00031252031287265833,6.0,0.0007570981400035613,0.00040175200930972916,2612.0,0.0012501927122835208,-1.1065976443895202,5.51301684532925,False
1988302701952987180,CRM,False,,8,partial,True,0.00018565360551203725,0.0004116299682215158,6.0,0.0007570981400035613,0.00040175200930972916,2612.0,0.0012501927122835208,-0.8599040297909452,15.620214395099541,False
1988301470094295286,CRM,False,,5,insufficient,False,0.0005350884049766247,0.0006731606931214499,6.0,0.0007570981400035613,0.00040175200930972916,2612.0,0.0012501927122835208,-0.20892850548856898,50.42113323124043,False
1988057613670772882,CRM,False,,11,partial,True,0.00724802525111623,0.0010260487754857209,0.0,0.0016535633785195853,0.0007536210791284363,7739.0,0.0026949740567718066,-0.8326659383779257,20.764956712753584,False
1988056205751898311,CRM,False,,11,partial,True,0.00724802525111623,0.0010260487754857209,0.0,0.0016535633785195853,0.0007536210791284363,7739.0,0.0026949740567718066,-0.8326659383779257,20.764956712753584,False
1986850669811408940,CRM,False,,11,partial,True,0.0006256042305055054,0.0005945992972055676,6.0,0.0007570981400035613,0.00040175200930972916,2612.0,0.0012501927122835208,-0.40447549491337037,39.05053598774885,False
1986849897870729556,CRM,False,,12,partial,True,0.00024486978446691676,0.00045672231988664545,6.0,0.0007570981400035613,0.00040175200930972916,2612.0,0.0012501927122835208,-0.7476647612366818,20.712098009188363,False
1986848329918259596,CRM,False,,13,partial,True,0.0024591763445508397,0.0002892879022504667,5.0,0.0007515391559441417,0.0003413825025699936,2933.0,0.0011898969629487775,-1.35405666726841,1.5001704739174906,False
1986713271286817254,CRM,False,,15,complete,True,-0.0044665222003693605,0.0014965864078437944,0.0,0.0016535633785195853,0.0007536210791284363,7739.0,0.0026949740567718066,-0.20829694792684803,50.51040186070552,False
1983358878843838869,CRM,False,,15,complete,True,-0.01487102589144218,0.0018727186659741883,0.0,0.0016535633785195853,0.0007536210791284363,7739.0,0.0026949740567718066,0.29080302226691485,68.48430029719601,False
1983311070254239808,CRM,False,,15,complete,True,-0.01487102589144218,0.0018727186659741883,0.0,0.0016535633785195853,0.0007536210791284363,7739.0,0.0026949740567718066,0.29080302226691485,68.48430029719601,False
1982860556433535426,CRM,False,,9,partial,True,0.0013596697610138708,0.0003365481121566619,7.0,0.0007221992409006652,0.0005602314396621967,2726.0,0.0011062566243012473,-0.6883782334253495,7.850330154071901,False
1982641501491634468,CRM,False,,13,partial,True,-0.007854730519186948,0.0016950390818830654,0.0,0.0016535633785195853,0.0007536210791284363,7739.0,0.0026949740567718066,0.055035221959883085,61.58418400310117,False
1981494342188752983,CRM,True,"cpi(ALL, 2025-10-24 12:30:00+00:00->2025-10-24 20:00:00+00:00)",15,complete,False,-0.000483951498382984,0.0015473339457610137,0.0,0.0016535633785195853,0.0007536210791284363,7739.0,0.0026949740567718066,-0.14095868029783093,53.58573459103243,False
1981469524902957367,CRM,True,"cpi(ALL, 2025-10-24 12:30:00+00:00->2025-10-24 20:00:00+00:00)",15,complete,False,-0.000483951498382984,0.0015473339457610137,0.0,0.0016535633785195853,0.0007536210791284363,7739.0,0.0026949740567718066,-0.14095868029783093,53.58573459103243,False
1981465733453533574,CRM,True,"cpi(ALL, 2025-10-24 12:30:00+00:00->2025-10-24 20:00:00+00:00)",15,complete,False,-0.000483951498382984,0.0015473339457610137,0.0,0.0016535633785195853,0.0007536210791284363,7739.0,0.0026949740567718066,-0.14095868029783093,53.58573459103243,False
1980730009280213487,CRM,False,,15,complete,True,-0.013742662492070457,0.0018276416421840833,0.0,0.0016535633785195853,0.0007536210791284363,7739.0,0.0026949740567718066,0.23098911175072193,66.985398630314,False
1980725088967376912,CRM,False,,2,insufficient,False,-0.0014724959449570196,0.0,12.0,0.0006589820801278566,0.000286136952065422,6175.0,0.0010088475930757502,-2.303030333450913,0.0,False
1980725086417219920,CRM,False,,2,insufficient,False,-0.0014724959449570196,0.0,12.0,0.0006589820801278566,0.000286136952065422,6175.0,0.0010088475930757502,-2.303030333450913,0.0,False
1980724919995625579,CRM,False,,3,insufficient,False,-0.00045512550881277036,0.0002462717441495954,12.0,0.0006589820801278566,0.000286136952065422,6175.0,0.0010088475930757502,-1.4423524574480673,1.117408906882591,False
1980032245311422578,CRM,False,,14,partial,True,0.014606309612733126,0.0012482145446568586,0.0,0.0016535633785195853,0.0007536210791284363,7739.0,0.0026949740567718066,-0.537868227268156,34.08709135547228,False
1980029896866103523,CRM,False,,14,partial,True,0.014606309612733126,0.0012482145446568586,0.0,0.0016535633785195853,0.0007536210791284363,7739.0,0.0026949740567718066,-0.537868227268156,34.08709135547228,False
1980028936995447178,CRM,False,,14,partial,True,0.014606309612733126,0.0012482145446568586,0.0,0.0016535633785195853,0.0007536210791284363,7739.0,0.0026949740567718066,-0.537868227268156,34.08709135547228,False
1979406842645352534,CRM,False,,14,partial,True,0.014606309612733126,0.0012482145446568586,0.0,0.0016535633785195853,0.0007536210791284363,7739.0,0.0026949740567718066,-0.537868227268156,34.08709135547228,False
1979402261077033236,CRM,False,,14,partial,True,0.014606309612733126,0.0012482145446568586,0.0,0.0016535633785195853,0.0007536210791284363,7739.0,0.0026949740567718066,-0.537868227268156,34.08709135547228,False
1979387296387600829,CRM,False,,14,partial,True,0.014606309612733126,0.0012482145446568586,0.0,0.0016535633785195853,0.0007536210791284363,7739.0,0.0026949740567718066,-0.537868227268156,34.08709135547228,False
1979381575826706929,CRM,False,,14,partial,True,0.014606309612733126,0.0012482145446568586,0.0,0.0016535633785195853,0.0007536210791284363,7739.0,0.0026949740567718066,-0.537868227268156,34.08709135547228,False
1979326518271848873,CRM,False,,14,partial,True,0.014606309612733126,0.0012482145446568586,0.0,0.0016535633785195853,0.0007536210791284363,7739.0,0.0026949740567718066,-0.537868227268156,34.08709135547228,False
1979276817396830411,CRM,False,,14,partial,True,0.014606309612733126,0.0012482145446568586,0.0,0.0016535633785195853,0.0007536210791284363,7739.0,0.0026949740567718066,-0.537868227268156,34.08709135547228,False
1978985290959118396,CRM,False,,15,complete,True,0.022261516512177115,0.0026116534240007215,0.0,0.0016535633785195853,0.0007536210791284363,7739.0,0.0026949740567718066,1.271315349338647,88.59025713916526,False
1978968562846044611,CRM,False,,15,complete,True,0.022261516512177115,0.0026116534240007215,0.0,0.0016535633785195853,0.0007536210791284363,7739.0,0.0026949740567718066,1.271315349338647,88.59025713916526,False
1978966673223807275,CRM,False,,15,complete,True,0.022261516512177115,0.0026116534240007215,0.0,0.0016535633785195853,0.0007536210791284363,7739.0,0.0026949740567718066,1.271315349338647,88.59025713916526,False
1978946283214700724,CRM,False,,15,complete,True,0.022261516512177115,0.0026116534240007215,0.0,0.0016535633785195853,0.0007536210791284363,7739.0,0.0026949740567718066,1.271315349338647,88.59025713916526,False
1978926937520378354,CRM,False,,15,complete,True,0.022261516512177115,0.0026116534240007215,0.0,0.0016535633785195853,0.0007536210791284363,7739.0,0.0026949740567718066,1.271315349338647,88.59025713916526,False
1978884550278463725,CRM,False,,15,complete,True,-0.004202502194408986,0.0012898095169210535,9.0,0.0006798511763971866,0.0004567842657429455,3068.0,0.0010575821763890035,1.3353313287439719,95.17601043024771,True
1978857927701340175,CRM,False,,15,complete,True,-0.0022981405375234187,0.0011332315413758289,5.0,0.0007515391559441417,0.0003413825025699936,2933.0,0.0011898969629487775,1.1180783507011431,87.99863620866007,False
1978735637348876310,CRM,False,,15,complete,True,0.06507186739163129,0.004535723599246642,0.0,0.0016535633785195853,0.0007536210791284363,7739.0,0.0026949740567718066,3.8244156122335093,99.57358831890424,True
1978689274674294956,CRM,False,,15,complete,True,0.06507186739163129,0.004535723599246642,0.0,0.0016535633785195853,0.0007536210791284363,7739.0,0.0026949740567718066,3.8244156122335093,99.57358831890424,True
1978688092761387149,CRM,False,,15,complete,True,0.06507186739163129,0.004535723599246642,0.0,0.0016535633785195853,0.0007536210791284363,7739.0,0.0026949740567718066,3.8244156122335093,99.57358831890424,True
1978672697740554254,CRM,False,,15,complete,True,0.06507186739163129,0.004535723599246642,0.0,0.0016535633785195853,0.0007536210791284363,7739.0,0.0026949740567718066,3.8244156122335093,99.57358831890424,True
1978672398028120078,CRM,False,,15,complete,True,0.06507186739163129,0.004535723599246642,0.0,0.0016535633785195853,0.0007536210791284363,7739.0,0.0026949740567718066,3.8244156122335093,99.57358831890424,True
1978671331156677010,CRM,False,,15,complete,True,0.06507186739163129,0.004535723599246642,0.0,0.0016535633785195853,0.0007536210791284363,7739.0,0.0026949740567718066,3.8244156122335093,99.57358831890424,True
1978668875307762003,CRM,False,,15,complete,True,0.06507186739163129,0.004535723599246642,0.0,0.0016535633785195853,0.0007536210791284363,7739.0,0.0026949740567718066,3.8244156122335093,99.57358831890424,True
1978646661875343729,CRM,False,,15,complete,True,0.06507186739163129,0.004535723599246642,0.0,0.0016535633785195853,0.0007536210791284363,7739.0,0.0026949740567718066,3.8244156122335093,99.57358831890424,True
1978637049705238780,CRM,False,,15,complete,True,0.06507186739163129,0.004535723599246642,0.0,0.0016535633785195853,0.0007536210791284363,7739.0,0.0026949740567718066,3.8244156122335093,99.57358831890424,True
1978523789013999782,CRM,False,,6,insufficient,False,-0.0005361878137704057,0.0004461258842469227,9.0,0.0006798511763971866,0.0004567842657429455,3068.0,0.0010575821763890035,-0.5116754443590934,26.401564537157757,False
1978511327535759408,CRM,False,,12,partial,True,-0.0004964670055567222,0.0007612563115378516,7.0,0.0007221992409006652,0.0005602314396621967,2726.0,0.0011062566243012473,0.06971595642818029,69.73587674247982,False
1978504636370948450,CRM,False,,11,partial,True,-0.0020469915600036526,0.0008480618193849727,6.0,0.0007570981400035613,0.00040175200930972916,2612.0,0.0012501927122835208,0.22641748460126154,70.09954058192956,False
1978503669541961752,CRM,False,,12,partial,True,-0.0027726669526452197,0.0008443769751396632,6.0,0.0007570981400035613,0.00040175200930972916,2612.0,0.0012501927122835208,0.2172455472868953,69.79326186830015,False
1978369525231010260,CRM,False,,15,complete,True,-0.00847901245727467,0.002319383785378528,0.0,0.0016535633785195853,0.0007536210791284363,7739.0,0.0026949740567718066,0.8834949357161885,82.3879054141362,False
1978324567627043210,CRM,False,,15,complete,True,-0.00847901245727467,0.002319383785378528,0.0,0.0016535633785195853,0.0007536210791284363,7739.0,0.0026949740567718066,0.8834949357161885,82.3879054141362,False
1978242512675385538,CRM,False,,15,complete,True,-0.00847901245727467,0.002319383785378528,0.0,0.0016535633785195853,0.0007536210791284363,7739.0,0.0026949740567718066,0.8834949357161885,82.3879054141362,False
1978222543531049351,CRM,False,,15,complete,True,-0.00847901245727467,0.002319383785378528,0.0,0.0016535633785195853,0.0007536210791284363,7739.0,0.0026949740567718066,0.8834949357161885,82.3879054141362,False
1978218864925114709,CRM,False,,15,complete,True,-0.00847901245727467,0.002319383785378528,0.0,0.0016535633785195853,0.0007536210791284363,7739.0,0.0026949740567718066,0.8834949357161885,82.3879054141362,False
1978181780931793020,CRM,False,,15,complete,True,0.0003272090351439383,0.001238211039100012,12.0,0.0006589820801278566,0.000286136952065422,6175.0,0.0010088475930757502,2.024306734209293,95.90283400809717,True
1978181412659597562,CRM,False,,15,complete,True,-0.0010483183359627501,0.0011465445274025101,12.0,0.0006589820801278566,0.000286136952065422,6175.0,0.0010088475930757502,1.7039478604747906,94.07287449392713,True
1978176807162548656,CRM,False,,15,complete,True,-0.0007795101294594264,0.0003762592471855011,11.0,0.0005943274251067889,0.00030345528920927816,6130.0,0.0009336673067110155,-0.7186171593499461,20.114192495921696,False
1978167190684676214,CRM,False,,13,partial,True,-0.0019906576165970025,0.0005708522672658579,10.0,0.0006410824724233622,0.00032587285702205396,3605.0,0.0010032330003726271,-0.21551412964950112,51.98335644937586,False
1978166670406438942,CRM,False,,13,partial,True,-0.0019906576165970025,0.0005708522672658579,10.0,0.0006410824724233622,0.00032587285702205396,3605.0,0.0010032330003726271,-0.21551412964950112,51.98335644937586,False
1978165496760434953,CRM,False,,10,partial,True,-0.0015216284353559706,0.0007339302349124887,9.0,0.0006798511763971866,0.0004567842657429455,3068.0,0.0010575821763890035,0.11839080846478858,69.91525423728814,False
1978132200643260503,CRM,False,,11,partial,True,-0.0006508639781714898,0.0004061264075060216,5.0,0.0007515391559441417,0.0003413825025699936,2933.0,0.0011898969629487775,-1.0118056603305268,10.842141152403682,False
1978111272865460401,CRM,False,,13,partial,True,-0.001253392690679922,0.0010150383401074507,2.0,0.0010072236757306095,0.0004361423260339086,5169.0,0.0015536017908793838,0.017917693171181935,58.30915070613272,False
1978109452210626821,CRM,False,,15,complete,True,-0.0009157853590544551,0.0013293873675329082,2.0,0.0010072236757306095,0.0004361423260339086,5169.0,0.0015536017908793838,0.7386664227980743,79.43509382859354,False
1977840015465202147,CRM,False,,15,complete,True,-0.010942272082514193,0.0017629670525551554,0.0,0.0016535633785195853,0.0007536210791284363,7739.0,0.0026949740567718066,0.1451706660887134,64.51737950639618,False
1977828746087600536,CRM,False,,15,complete,True,-0.010942272082514193,0.0017629670525551554,0.0,0.0016535633785195853,0.0007536210791284363,7739.0,0.0026949740567718066,0.1451706660887134,64.51737950639618,False
1977826790824689987,CRM,False,,15,complete,True,-0.010942272082514193,0.0017629670525551554,0.0,0.0016535633785195853,0.0007536210791284363,7739.0,0.0026949740567718066,0.1451706660887134,64.51737950639618,False
1977785545515516274,CRM,False,,12,partial,True,0.0012833899296443851,0.0004775807102691538,7.0,0.0007221992409006652,0.0005602314396621967,2726.0,0.0011062566243012473,-0.4366383485707429,25.348495964783567,False
1977640531460251947,CRM,False,,15,complete,True,-0.0008320482351744651,0.0026165223833443454,0.0,0.0016535633785195853,0.0007536210791284363,7739.0,0.0026949740567718066,1.2777761019349716,88.64194340354051,False
1977506464685285781,CRM,False,,15,complete,True,-0.0008320482351744651,0.0026165223833443454,0.0,0.0016535633785195853,0.0007536210791284363,7739.0,0.0026949740567718066,1.2777761019349716,88.64194340354051,False
1977152030801318259,CRM,False,,15,complete,True,-0.0008320482351744651,0.0026165223833443454,0.0,0.0016535633785195853,0.0007536210791284363,7739.0,0.0026949740567718066,1.2777761019349716,88.64194340354051,False
1977088765014442080,CRM,False,,15,complete,True,-0.0008320482351744651,0.0026165223833443454,0.0,0.0016535633785195853,0.0007536210791284363,7739.0,0.0026949740567718066,1.2777761019349716,88.64194340354051,False
1976797887679156634,CRM,False,,15,complete,True,-0.0008320482351744651,0.0026165223833443454,0.0,0.0016535633785195853,0.0007536210791284363,7739.0,0.0026949740567718066,1.2777761019349716,88.64194340354051,False
1976697025623474529,CRM,False,,12,partial,True,-0.0016169924224787025,0.0008461795042157452,7.0,0.0007221992409006652,0.0005602314396621967,2726.0,0.0011062566243012473,0.22130186658184786,76.59574468085107,False
1976073431969108078,CRM,False,,13,partial,True,-0.002357998738457434,0.002166411631728076,0.0,0.0016535633785195853,0.0007536210791284363,7739.0,0.0026949740567718066,0.6805120867924772,78.39514149114872,False
1976067092161106038,CRM,False,,13,partial,True,-0.002357998738457434,0.002166411631728076,0.0,0.0016535633785195853,0.0007536210791284363,7739.0,0.0026949740567718066,0.6805120867924772,78.39514149114872,False
1976018236257751502,CRM,False,,13,partial,True,-0.002357998738457434,0.002166411631728076,0.0,0.0016535633785195853,0.0007536210791284363,7739.0,0.0026949740567718066,0.6805120867924772,78.39514149114872,False
1974255523768799433,CRM,False,,15,complete,True,-0.01635364816511753,0.001973937782713566,0.0,0.0016535633785195853,0.0007536210791284363,7739.0,0.0026949740567718066,0.4251133800085504,72.51582891846492,False
1974177682100473974,CRM,False,,14,partial,True,-0.0006469577902851187,0.0004110432718809927,9.0,0.0006798511763971866,0.0004567842657429455,3068.0,0.0010575821763890035,-0.5884789049793256,20.371577574967407,False
1973470117662204372,CRM,False,,15,complete,True,0.0011133809602905664,0.0005587288350927177,11.0,0.0005943274251067889,0.00030345528920927816,6130.0,0.0009336673067110155,-0.11731082396629643,54.40456769983687,False
1972829369187086727,CRM,False,,15,complete,True,-0.006198703285565155,0.001137018343860345,0.0,0.0016535633785195853,0.0007536210791284363,7739.0,0.0026949740567718066,-0.6854174451391742,27.510014213722705,False
1972821473132990918,CRM,False,,15,complete,True,-0.006198703285565155,0.001137018343860345,0.0,0.0016535633785195853,0.0007536210791284363,7739.0,0.0026949740567718066,-0.6854174451391742,27.510014213722705,False
1972465816437490105,CRM,False,,15,complete,True,0.00400453892312469,0.0011541070634738483,0.0,0.0016535633785195853,0.0007536210791284363,7739.0,0.0026949740567718066,-0.662741965263709,28.37575914200801,False
1971794606154305576,CRM,False,,15,complete,True,0.00400453892312469,0.0011541070634738483,0.0,0.0016535633785195853,0.0007536210791284363,7739.0,0.0026949740567718066,-0.662741965263709,28.37575914200801,False
1971682743399731498,CRM,False,,15,complete,True,0.00400453892312469,0.0011541070634738483,0.0,0.0016535633785195853,0.0007536210791284363,7739.0,0.0026949740567718066,-0.662741965263709,28.37575914200801,False
1971679922151453006,CRM,False,,15,complete,True,0.00400453892312469,0.0011541070634738483,0.0,0.0016535633785195853,0.0007536210791284363,7739.0,0.0026949740567718066,-0.662741965263709,28.37575914200801,False
1971273293736051176,CRM,False,,14,partial,True,-0.0002878522779947712,0.000424105292555188,9.0,0.0006798511763971866,0.0004567842657429455,3068.0,0.0010575821763890035,-0.5598833038306076,22.45762711864407,False
1971144771646390712,CRM,False,,14,partial,True,-0.005768003927354437,0.0016422115740353945,0.0,0.0016535633785195853,0.0007536210791284363,7739.0,0.0026949740567718066,-0.015063013493888954,58.6768316319938,False
1971144583838048337,CRM,False,,14,partial,True,-0.005768003927354437,0.0016422115740353945,0.0,0.0016535633785195853,0.0007536210791284363,7739.0,0.0026949740567718066,-0.015063013493888954,58.6768316319938,False
1970234088574591261,CRM,False,,15,complete,True,0.004271461428577261,0.001419148463035838,0.0,0.0016535633785195853,0.0007536210791284363,7739.0,0.0026949740567718066,-0.3110514315162845,45.27716759271224,False
1970199044288057550,CRM,False,,12,partial,True,0.0020175127380006597,0.00045782855019117205,10.0,0.0006410824724233622,0.00032587285702205396,3605.0,0.0010032330003726271,-0.5623479166286874,31.539528432732318,False
1969627033706905984,CRM,False,,13,partial,True,-0.011510172061338642,0.001989584644095921,0.0,0.0016535633785195853,0.0007536210791284363,7739.0,0.0026949740567718066,0.4458756195685832,73.00684843002972,False
1968846217363796412,CRM,False,,13,partial,True,0.002514561066664367,0.001350526585182225,0.0,0.0016535633785195853,0.0007536210791284363,7739.0,0.0026949740567718066,-0.40210763967459967,40.81922729034759,False
1968730082635301321,CRM,False,,11,partial,True,0.0003160917142545072,0.0003070149406626378,8.0,0.0006966026754776164,0.0004756256276318351,3003.0,0.001091420791755509,-0.8191058517068484,6.493506493506493,False
1968706806244327891,CRM,False,,8,partial,True,-0.0004343129334163365,0.0007903614430576841,5.0,0.0007515391559441417,0.0003413825025699936,2933.0,0.0011898969629487775,0.11372078774184606,62.836685987043985,False
1968171260686504274,CRM,False,,15,complete,True,0.01042158785857572,0.002121495940196387,0.0,0.0016535633785195853,0.0007536210791284363,7739.0,0.0026949740567718066,0.6209122523721952,76.85747512598526,False
1968166893799477654,CRM,False,,15,complete,True,0.01042158785857572,0.002121495940196387,0.0,0.0016535633785195853,0.0007536210791284363,7739.0,0.0026949740567718066,0.6209122523721952,76.85747512598526,False
1968155331865047432,CRM,False,,15,complete,True,0.01042158785857572,0.002121495940196387,0.0,0.0016535633785195853,0.0007536210791284363,7739.0,0.0026949740567718066,0.6209122523721952,76.85747512598526,False
1968135798089543869,CRM,False,,15,complete,True,0.01042158785857572,0.002121495940196387,0.0,0.0016535633785195853,0.0007536210791284363,7739.0,0.0026949740567718066,0.6209122523721952,76.85747512598526,False
1968058879515971714,CRM,False,,15,complete,True,0.01042158785857572,0.002121495940196387,0.0,0.0016535633785195853,0.0007536210791284363,7739.0,0.0026949740567718066,0.6209122523721952,76.85747512598526,False
1967980944809406501,CRM,False,,11,partial,True,0.0010675552192739302,0.0005855499597248385,4.0,0.0007679502840648135,0.00029510247689946235,3361.0,0.0011705836322678182,-0.6180914720079306,30.288604581969654,False
1967423200327021038,CRM,False,,13,partial,True,0.0011063434521718651,0.001915635022573821,0.0,0.0016535633785195853,0.0007536210791284363,7739.0,0.0026949740567718066,0.34774988560208786,70.17702545548521,False
1966604536593670604,CRM,False,,13,partial,True,0.0011063434521718651,0.001915635022573821,0.0,0.0016535633785195853,0.0007536210791284363,7739.0,0.0026949740567718066,0.34774988560208786,70.17702545548521,False
1966589471203246224,CRM,False,,12,partial,True,-0.0014539339325784217,0.0005673338296639168,12.0,0.0006589820801278566,0.000286136952065422,6175.0,0.0010088475930757502,-0.32029505382787976,41.48987854251012,False
1964840098207596818,CRM,False,,15,complete,True,-0.009394965204462369,0.002982426306658256,0.0,0.0016535633785195853,0.0007536210791284363,7739.0,0.0026949740567718066,1.763303820635567,93.72011887840806,True
1963390750357438848,CRM,True,"earnings(CRM, 2025-09-03 20:00:00+00:00->2025-09-04 20:00:00+00:00)",15,complete,False,-0.0847665142936882,0.002903802213391292,0.0,0.0016535633785195853,0.0007536210791284363,7739.0,0.0026949740567718066,1.6589754048780183,92.71223672309084,True
1963332633154523494,CRM,True,"earnings(CRM, 2025-09-03 20:00:00+00:00->2025-09-04 20:00:00+00:00)",15,complete,False,-0.0847665142936882,0.002903802213391292,0.0,0.0016535633785195853,0.0007536210791284363,7739.0,0.0026949740567718066,1.6589754048780183,92.71223672309084,True
1963332098095550749,CRM,True,"earnings(CRM, 2025-09-03 20:00:00+00:00->2025-09-04 20:00:00+00:00)",15,complete,False,-0.0847665142936882,0.002903802213391292,0.0,0.0016535633785195853,0.0007536210791284363,7739.0,0.0026949740567718066,1.6589754048780183,92.71223672309084,True
1963264973452546482,CRM,False,,15,complete,True,-0.00019032938633256613,0.0005928412372226918,4.0,0.0007679502840648135,0.00029510247689946235,3361.0,0.0011705836322678182,-0.5933838600134121,31.448973519785778,False
1963103138485084465,CRM,False,,15,complete,True,0.004898055815587776,0.002409076840864537,0.0,0.0016535633785195853,0.0007536210791284363,7739.0,0.0026949740567718066,1.0025110539884365,84.55872851789637,False
1961504387697893462,CRM,False,,14,partial,True,0.0020924113154181523,0.00020274649011544832,11.0,0.0005943274251067889,0.00030345528920927816,6130.0,0.0009336673067110155,-1.2904073480205072,0.9135399673735726,False
1961226167027208268,CRM,False,,15,complete,True,0.012485714193110509,0.001236103558791453,0.0,0.0016535633785195853,0.0007536210791284363,7739.0,0.0026949740567718066,-0.5539386188758483,33.453934616875564,False
1961221243417629085,CRM,False,,15,complete,True,0.012485714193110509,0.001236103558791453,0.0,0.0016535633785195853,0.0007536210791284363,7739.0,0.0026949740567718066,-0.5539386188758483,33.453934616875564,False
1961177427520131297,CRM,False,,15,complete,True,0.012485714193110509,0.001236103558791453,0.0,0.0016535633785195853,0.0007536210791284363,7739.0,0.0026949740567718066,-0.5539386188758483,33.453934616875564,False
1961172848652997063,CRM,False,,15,complete,True,0.012485714193110509,0.001236103558791453,0.0,0.0016535633785195853,0.0007536210791284363,7739.0,0.0026949740567718066,-0.5539386188758483,33.453934616875564,False
1960917609949618412,CRM,False,,14,partial,True,0.005804389795962539,0.0013313370045906225,0.0,0.0016535633785195853,0.0007536210791284363,7739.0,0.0026949740567718066,-0.42757080826563126,39.42369815221605,False
1960517443094503609,CRM,False,,11,partial,True,0.009768404770981176,0.001633162385030109,0.0,0.0016535633785195853,0.0007536210791284363,7739.0,0.0026949740567718066,-0.02707062481992949,58.23749838480424,False
1959688404943421751,CRM,False,,15,complete,True,0.0030054104561536565,0.0012626228793274252,0.0,0.0016535633785195853,0.0007536210791284363,7739.0,0.0026949740567718066,-0.5187494219831048,35.13373820907094,False
1958358881694056560,CRM,False,,13,partial,True,-0.01795052807367803,0.0014031983456925762,0.0,0.0016535633785195853,0.0007536210791284363,7739.0,0.0026949740567718066,-0.3322160695353115,44.127148210363096,False
1958330597895758181,CRM,False,,13,partial,True,-0.01795052807367803,0.0014031983456925762,0.0,0.0016535633785195853,0.0007536210791284363,7739.0,0.0026949740567718066,-0.3322160695353115,44.127148210363096,False
1957930074315059245,CRM,False,,13,partial,True,0.0028209851232311456,0.0013896908447509754,0.0,0.0016535633785195853,0.0007536210791284363,7739.0,0.0026949740567718066,-0.35013953441135004,43.41646207520352,False
1953652673770602999,CRM,False,,15,complete,True,-0.002560472188715579,0.0016612837654834298,0.0,0.0016535633785195853,0.0007536210791284363,7739.0,0.0026949740567718066,0.010244388297595379,59.72347848559245,False
1952509357523964091,CRM,False,,14,partial,True,-0.00346017626822559,0.001356776185674863,0.0,0.0016535633785195853,0.0007536210791284363,7739.0,0.0026949740567718066,-0.3938148773491807,41.24563897144334,False
1950631959639814302,CRM,True,"fomc(ALL, 2025-07-30 18:00:00+00:00->2025-07-30 20:00:00+00:00)",14,partial,False,-0.0015676496355873093,0.0008118347569173186,10.0,0.0006410824724233622,0.00032587285702205396,3605.0,0.0010032330003726271,0.5239843724769028,76.8377253814147,False
1950258279344423332,CRM,False,,12,partial,True,0.0009903921705087804,0.0004675747858328924,9.0,0.0006798511763971866,0.0004567842657429455,3068.0,0.0010575821763890035,-0.46471913873616716,30.671447196870925,False
1950216480387203290,CRM,False,,9,partial,True,-0.00041763106513492687,0.00039505857098303163,3.0,0.0008706418272028956,0.0003653172812046687,4429.0,0.0013462814928786957,-1.3018361864831105,3.7028674644389254,False
1950197188358807831,CRM,False,,12,partial,True,-0.003476654689144043,0.001043461026365639,1.0,0.0012052865938570136,0.0005704647875291013,6941.0,0.0018293024935227332,-0.2836731925072928,42.99092349805503,False
1949585855192133892,CRM,False,,10,partial,True,-0.008201510211118701,0.0023181002530544116,0.0,0.0016535633785195853,0.0007536210791284363,7739.0,0.0026949740567718066,0.8817917822884732,82.32329758366714,False
1949585461275660422,CRM,False,,10,partial,True,-0.008201510211118701,0.0023181002530544116,0.0,0.0016535633785195853,0.0007536210791284363,7739.0,0.0026949740567718066,0.8817917822884732,82.32329758366714,False
1949575404198494526,CRM,False,,10,partial,True,-0.008201510211118701,0.0023181002530544116,0.0,0.0016535633785195853,0.0007536210791284363,7739.0,0.0026949740567718066,0.8817917822884732,82.32329758366714,False
1948141609167810902,CRM,False,,14,partial,True,-0.004532450205413929,0.00111211931227919,0.0,0.0016535633785195853,0.0007536210791284363,7739.0,0.0026949740567718066,-0.7184566372089485,26.11448507559116,False
1945959318064341461,CRM,False,,10,partial,True,-0.0008962605679713187,0.0010515415390369976,0.0,0.0016535633785195853,0.0007536210791284363,7739.0,0.0026949740567718066,-0.798838907450448,22.082956454322265,False
1945946105323147452,CRM,False,,10,partial,True,-0.0008962605679713187,0.0010515415390369976,0.0,0.0016535633785195853,0.0007536210791284363,7739.0,0.0026949740567718066,-0.798838907450448,22.082956454322265,False
1945945957050257850,CRM,False,,10,partial,True,-0.0008962605679713187,0.0010515415390369976,0.0,0.0016535633785195853,0.0007536210791284363,7739.0,0.0026949740567718066,-0.798838907450448,22.082956454322265,False
1945944660632813641,CRM,False,,10,partial,True,-0.0008962605679713187,0.0010515415390369976,0.0,0.0016535633785195853,0.0007536210791284363,7739.0,0.0026949740567718066,-0.798838907450448,22.082956454322265,False
1945860985908080797,CRM,False,,14,partial,True,-0.001031249403218193,0.0004735999563749536,3.0,0.0008706418272028956,0.0003653172812046687,4429.0,0.0013462814928786957,-1.086841196010926,9.370060961842402,False
1945802355150393440,CRM,False,,12,partial,True,0.0045058808289482055,0.0014359107729731962,0.0,0.0016535633785195853,0.0007536210791284363,7739.0,0.0026949740567718066,-0.2888090733848695,46.49179480553043,False
1943308190554145021,CRM,False,,15,complete,True,9.382918764688775e-05,0.0010856780409658436,0.0,0.0016535633785195853,0.0007536210791284363,7739.0,0.0026949740567718066,-0.7535422684971892,24.176250161519576,False
1943300268302450854,CRM,False,,13,partial,True,-0.014981805926865044,0.0026341416352159454,0.0,0.0016535633785195853,0.0007536210791284363,7739.0,0.0026949740567718066,1.3011555592770838,89.00374725416721,False
1943300171883757658,CRM,False,,13,partial,True,-0.014981805926865044,0.0026341416352159454,0.0,0.0016535633785195853,0.0007536210791284363,7739.0,0.0026949740567718066,1.3011555592770838,89.00374725416721,False
1943260093702701165,CRM,False,,13,partial,True,-0.014981805926865044,0.0026341416352159454,0.0,0.0016535633785195853,0.0007536210791284363,7739.0,0.0026949740567718066,1.3011555592770838,89.00374725416721,False
1943240168787312821,CRM,False,,13,partial,True,-0.014981805926865044,0.0026341416352159454,0.0,0.0016535633785195853,0.0007536210791284363,7739.0,0.0026949740567718066,1.3011555592770838,89.00374725416721,False
1943238479728579033,CRM,False,,13,partial,True,-0.014981805926865044,0.0026341416352159454,0.0,0.0016535633785195853,0.0007536210791284363,7739.0,0.0026949740567718066,1.3011555592770838,89.00374725416721,False
1943048586838855887,CRM,False,,13,partial,True,-0.014981805926865044,0.0026341416352159454,0.0,0.0016535633785195853,0.0007536210791284363,7739.0,0.0026949740567718066,1.3011555592770838,89.00374725416721,False
1942979082729226292,CRM,False,,9,partial,True,0.00010969086301015896,0.00045222267761920154,5.0,0.0007515391559441417,0.0003413825025699936,2933.0,0.0011898969629487775,-0.8767774448650054,17.149676099556768,False
1940481264047501608,CRM,False,,9,partial,True,0.002723697635583222,0.000433422196937619,10.0,0.0006410824724233622,0.00032587285702205396,3605.0,0.0010032330003726271,-0.6372432407639569,27.267683772538142,False
1940113836885086539,CRM,False,,6,insufficient,False,-0.002224867819646148,0.0005550032269357678,9.0,0.0006798511763971866,0.0004567842657429455,3068.0,0.0010575821763890035,-0.27331928620255214,45.990873533246415,False
1940113755792449687,CRM,False,,6,insufficient,False,-0.002224867819646148,0.0005550032269357678,9.0,0.0006798511763971866,0.0004567842657429455,3068.0,0.0010575821763890035,-0.27331928620255214,45.990873533246415,False
1939783216426021339,CRM,False,,15,complete,True,-0.0030938578546927387,0.0008238309701672707,0.0,0.0016535633785195853,0.0007536210791284363,7739.0,0.0026949740567718066,-1.1009941618298429,9.07093939785502,False
1939270643968544777,CRM,False,,15,complete,True,0.006893241230478964,0.0008975953695646867,0.0,0.0016535633785195853,0.0007536210791284363,7739.0,0.0026949740567718066,-1.003114204062838,13.12831115131154,False
1938609704361689542,CRM,False,,13,partial,True,0.004107379656816734,0.0005359099892812896,2.0,0.0010072236757306095,0.0004361423260339086,5169.0,0.0015536017908793838,-1.0806419334148203,9.808473592571097,False
1938260608110973000,CRM,False,,12,partial,True,0.0012963481926890896,0.0005112926985871165,4.0,0.0007679502840648135,0.00029510247689946235,3361.0,0.0011705836322678182,-0.8697235894944283,19.904790240999702,False
1938111156805107750,CRM,False,,13,partial,True,-0.007287151771451117,0.0017858310891923027,0.0,0.0016535633785195853,0.0007536210791284363,7739.0,0.0026949740567718066,0.17550956884816066,65.37020286858767,False
1938110630273147262,CRM,False,,13,partial,True,-0.007287151771451117,0.0017858310891923027,0.0,0.0016535633785195853,0.0007536210791284363,7739.0,0.0026949740567718066,0.17550956884816066,65.37020286858767,False
1937898616733175880,CRM,False,,6,insufficient,False,0.001603230836987657,0.0007694865172233151,4.0,0.0007679502840648135,0.00029510247689946235,3361.0,0.0011705836322678182,0.005205761654873855,56.02499256173758,False
1937802660796563940,CRM,False,,14,partial,True,0.0005619482802368125,0.0015503332796317141,0.0,0.0016535633785195853,0.0007536210791284363,7739.0,0.0026949740567718066,-0.136978783830273,53.87000904509627,False
1937755467981226208,CRM,False,,14,partial,True,0.0005619482802368125,0.0015503332796317141,0.0,0.0016535633785195853,0.0007536210791284363,7739.0,0.0026949740567718066,-0.136978783830273,53.87000904509627,False
1937750866112504269,CRM,False,,14,partial,True,0.0005619482802368125,0.0015503332796317141,0.0,0.0016535633785195853,0.0007536210791284363,7739.0,0.0026949740567718066,-0.136978783830273,53.87000904509627,False
1937749363092005062,CRM,False,,14,partial,True,0.0005619482802368125,0.0015503332796317141,0.0,0.0016535633785195853,0.0007536210791284363,7739.0,0.0026949740567718066,-0.136978783830273,53.87000904509627,False
1937608061981720662,CRM,False,,14,partial,True,0.0005619482802368125,0.0015503332796317141,0.0,0.0016535633785195853,0.0007536210791284363,7739.0,0.0026949740567718066,-0.136978783830273,53.87000904509627,False
2078250427741556805,HOOD,False,,0,insufficient,False,,,,,,,,,,False
2078219943863009404,HOOD,False,,0,insufficient,False,,,,,,,,,,False
2077814433762451646,HOOD,False,,15,complete,True,0.00046534035558787323,0.0015361706132227429,8.0,0.0012130827012260454,0.0006543315496727078,8409.0,0.001880772515106426,0.4937678951264139,80.9727672731597,False
2077266840477479424,HOOD,False,,2,insufficient,False,,0.0,,,,,,,,False
2076666114801877310,HOOD,False,,15,complete,True,0.010725724221923194,0.002787082013389612,0.0,0.0029116442658918777,0.001196474215681362,12565.0,0.00443242700524051,-0.10410776167987079,54.715479506565856,False
2076518587783926044,HOOD,False,,1,insufficient,False,,,,,,,,,,False
2076051101879820304,HOOD,False,,1,insufficient,False,,,,,,,,,,False
2075775949552165365,HOOD,False,,1,insufficient,False,,,,,,,,,,False
2075425431793377704,HOOD,False,,15,complete,True,-0.029755127623536604,0.004765773360088108,0.0,0.0029116442658918777,0.001196474215681362,12565.0,0.00443242700524051,1.5496607197175163,92.95662554715479,True
2075425266030293407,HOOD,False,,15,complete,True,-0.029755127623536604,0.004765773360088108,0.0,0.0029116442658918777,0.001196474215681362,12565.0,0.00443242700524051,1.5496607197175163,92.95662554715479,True
2075425035062509812,HOOD,False,,15,complete,True,-0.029755127623536604,0.004765773360088108,0.0,0.0029116442658918777,0.001196474215681362,12565.0,0.00443242700524051,1.5496607197175163,92.95662554715479,True
2075424842959175952,HOOD,False,,15,complete,True,-0.029755127623536604,0.004765773360088108,0.0,0.0029116442658918777,0.001196474215681362,12565.0,0.00443242700524051,1.5496607197175163,92.95662554715479,True
2075424700059333035,HOOD,False,,15,complete,True,-0.029755127623536604,0.004765773360088108,0.0,0.0029116442658918777,0.001196474215681362,12565.0,0.00443242700524051,1.5496607197175163,92.95662554715479,True
2075310357493796969,HOOD,False,,15,complete,True,-0.029755127623536604,0.004765773360088108,0.0,0.0029116442658918777,0.001196474215681362,12565.0,0.00443242700524051,1.5496607197175163,92.95662554715479,True
2075005637852020928,HOOD,False,,15,complete,True,0.012634966946678095,0.0025445379016203703,0.0,0.0029116442658918777,0.001196474215681362,12565.0,0.00443242700524051,-0.3068234646932609,44.80700358137684,False
2074953820690587714,HOOD,False,,15,complete,True,0.012634966946678095,0.0025445379016203703,0.0,0.0029116442658918777,0.001196474215681362,12565.0,0.00443242700524051,-0.3068234646932609,44.80700358137684,False
2074952874346578107,HOOD,False,,15,complete,True,0.012634966946678095,0.0025445379016203703,0.0,0.0029116442658918777,0.001196474215681362,12565.0,0.00443242700524051,-0.3068234646932609,44.80700358137684,False
2074952799121776709,HOOD,False,,15,complete,True,0.012634966946678095,0.0025445379016203703,0.0,0.0029116442658918777,0.001196474215681362,12565.0,0.00443242700524051,-0.3068234646932609,44.80700358137684,False
2074922515328348610,HOOD,False,,15,complete,True,0.007015043308255198,0.00101004678504248,9.0,0.0011713599027867816,0.0006290243946238529,9003.0,0.0018144380786752005,-0.25644970071592293,47.13984227479729,False
2074695821896065360,HOOD,False,,15,complete,True,-0.0016649292604636878,0.0032823710972563823,0.0,0.0029116442658918777,0.001196474215681362,12565.0,0.00443242700524051,0.3098494113000045,70.78392359729408,False
2074646246476890610,HOOD,False,,15,complete,True,-0.0016649292604636878,0.0032823710972563823,0.0,0.0029116442658918777,0.001196474215681362,12565.0,0.00443242700524051,0.3098494113000045,70.78392359729408,False
2074588631457841308,HOOD,False,,15,complete,True,-0.0016649292604636878,0.0032823710972563823,0.0,0.0029116442658918777,0.001196474215681362,12565.0,0.00443242700524051,0.3098494113000045,70.78392359729408,False
2074588628270137489,HOOD,False,,15,complete,True,-0.0016649292604636878,0.0032823710972563823,0.0,0.0029116442658918777,0.001196474215681362,12565.0,0.00443242700524051,0.3098494113000045,70.78392359729408,False
2074587444595560870,HOOD,False,,15,complete,True,-0.0016649292604636878,0.0032823710972563823,0.0,0.0029116442658918777,0.001196474215681362,12565.0,0.00443242700524051,0.3098494113000045,70.78392359729408,False
2074329947280195668,HOOD,False,,1,insufficient,False,,,,,,,,,,False
2074329479451640156,HOOD,False,,1,insufficient,False,,,,,,,,,,False
2074205699123327371,HOOD,False,,15,complete,True,0.006072435999543435,0.00139936694448085,10.0,0.001148524232943684,0.0005914157179625537,9496.0,0.0018497083075648716,0.4241394063744658,75.56866048862679,False
2073453889068695799,HOOD,False,,15,complete,True,0.0024454950186270086,0.0022150957128234464,0.0,0.0029116442658918777,0.001196474215681362,12565.0,0.00443242700524051,-0.5821676254609167,30.489454834858737,False
2072378897912455230,HOOD,False,,15,complete,True,-0.0021827637214845153,0.0019936106233440997,8.0,0.0012130827012260454,0.0006543315496727078,8409.0,0.001880772515106426,1.1928630409285155,91.7112617433702,True
2072375933915525312,HOOD,False,,15,complete,True,-0.0014765098781738262,0.0010315865416480698,8.0,0.0012130827012260454,0.0006543315496727078,8409.0,0.001880772515106426,-0.27737644573115683,47.163753121655375,False
2072375574035583273,HOOD,False,,15,complete,True,-0.0016813673460337464,0.001049707004359043,8.0,0.0012130827012260454,0.0006543315496727078,8409.0,0.001880772515106426,-0.24968335540097641,49.09026043524795,False
2072357156012081527,HOOD,False,,15,complete,True,-0.002810749127291512,0.0008336860023950946,6.0,0.0013312371582174533,0.0007325749655066614,8487.0,0.0020897515683504487,-0.6791812159158944,18.97018970189702,False
2071692785460072819,HOOD,False,,15,complete,True,-0.005215832592495362,0.004330490545159454,0.0,0.0029116442658918777,0.001196474215681362,12565.0,0.00443242700524051,1.1858561268364478,88.95344210107442,False
2071630137414619508,HOOD,False,,15,complete,True,0.0022392181027116598,0.0011440591836009342,5.0,0.001330676993493975,0.0005685696276222905,9339.0,0.002035205833823265,-0.32822331835321666,44.158903522861124,False
2070587111884120130,HOOD,False,,15,complete,True,0.00041276233250753247,0.001345659398481687,11.0,0.001105216109172285,0.0005247132447824201,10594.0,0.0017115537155500346,0.45823750724856455,77.13800264300548,False
2070563776420782115,HOOD,False,,15,complete,True,-0.0012394171599633408,0.001073159963813129,8.0,0.0012130827012260454,0.0006543315496727078,8409.0,0.001880772515106426,-0.21384073178636231,51.14757997383755,False
2070186628589449475,HOOD,False,,15,complete,True,0.003616847584511529,0.0009834374271849705,6.0,0.0013312371582174533,0.0007325749655066614,8487.0,0.0020897515683504487,-0.4747633312748253,33.91068693295629,False
2070186626928529892,HOOD,False,,15,complete,True,0.003616847584511529,0.0009834374271849705,6.0,0.0013312371582174533,0.0007325749655066614,8487.0,0.0020897515683504487,-0.4747633312748253,33.91068693295629,False
2070160108424663202,HOOD,False,,15,complete,True,-0.0018889457881905436,0.0015643381982771982,3.0,0.0015456034290746595,0.0006413860046589412,11150.0,0.0022904170316356345,0.029209819151730668,61.318385650224215,False
2069216058926637078,HOOD,False,,1,insufficient,False,,,,,,,,,,False
2069083242704273719,HOOD,False,,15,complete,True,0.007329883154299055,0.0016179071575398365,4.0,0.0013876350240362,0.0005670153025844496,10096.0,0.0021037711431760335,0.4061127317976403,74.19770206022187,False
2068887258149871697,HOOD,False,,15,complete,True,0.017033305499398077,0.004641267908834765,0.0,0.0029116442658918777,0.001196474215681362,12565.0,0.00443242700524051,1.4456004318972395,91.9458814166335,True
2068041675264688273,HOOD,False,,15,complete,True,0.017033305499398077,0.004641267908834765,0.0,0.0029116442658918777,0.001196474215681362,12565.0,0.00443242700524051,1.4456004318972395,91.9458814166335,True
2067754876109774854,HOOD,False,,15,complete,True,0.017033305499398077,0.004641267908834765,0.0,0.0029116442658918777,0.001196474215681362,12565.0,0.00443242700524051,1.4456004318972395,91.9458814166335,True
2067754874813710593,HOOD,False,,15,complete,True,0.017033305499398077,0.004641267908834765,0.0,0.0029116442658918777,0.001196474215681362,12565.0,0.00443242700524051,1.4456004318972395,91.9458814166335,True
2067704868643738008,HOOD,False,,15,complete,True,0.017033305499398077,0.004641267908834765,0.0,0.0029116442658918777,0.001196474215681362,12565.0,0.00443242700524051,1.4456004318972395,91.9458814166335,True
2067634505914155336,HOOD,False,,14,partial,True,-0.00182572391295599,0.0013956886347005057,4.0,0.0013876350240362,0.0005670153025844496,10096.0,0.0021037711431760335,0.014203515544637621,60.093106180665615,False
2067326045368484137,HOOD,True,"fomc(ALL, 2026-06-17 18:00:00+00:00->2026-06-17 20:00:00+00:00)",15,complete,False,-0.009201110724820216,0.002831213322916978,11.0,0.001105216109172285,0.0005247132447824201,10594.0,0.0017115537155500346,3.28941041779954,98.33868227298471,True
2066531788550295920,HOOD,False,,15,complete,True,-0.0037994434190408155,0.0017691377394389728,2.0,0.0017976262622637074,0.0007520228178971939,12117.0,0.0026688411880296846,-0.037882524501575886,58.042419740859955,False
2066505950039527712,HOOD,False,,15,complete,True,0.04129572126983838,0.004008385300600941,0.0,0.0029116442658918777,0.001196474215681362,12565.0,0.00443242700524051,0.9166441034289206,84.45682451253482,False
2066498557150998570,HOOD,False,,15,complete,True,0.04129572126983838,0.004008385300600941,0.0,0.0029116442658918777,0.001196474215681362,12565.0,0.00443242700524051,0.9166441034289206,84.45682451253482,False
2066071564852834685,HOOD,False,,1,insufficient,False,0.03307665183538555,,,,,,,,,False
2065929194102456363,HOOD,False,,1,insufficient,False,0.03307665183538555,,,,,,,,,False
2065442952806027320,HOOD,False,,15,complete,True,0.0035594361407105257,0.0018776392590148247,2.0,0.0017976262622637074,0.0007520228178971939,12117.0,0.0026688411880296846,0.10639703323743514,64.37236939836593,False
2064409512455393388,HOOD,False,,15,complete,True,0.004072428359127134,0.0012771824287146998,9.0,0.0011713599027867816,0.0006290243946238529,9003.0,0.0018144380786752005,0.168232785297935,70.74308563812063,False
2064405466126434309,HOOD,False,,15,complete,True,0.006022947022509939,0.0009163354824382981,8.0,0.0012130827012260454,0.0006543315496727078,8409.0,0.001880772515106426,-0.4535120138042836,34.605779521940775,False
2064405257749242032,HOOD,False,,15,complete,True,0.005474824352668106,0.0010116339053287877,8.0,0.0012130827012260454,0.0006543315496727078,8409.0,0.001880772515106426,-0.30786960524526297,44.975621358068736,False
2063368679866208664,HOOD,False,,15,complete,True,0.0034314829257124924,0.003898905672798491,0.0,0.0029116442658918777,0.001196474215681362,12565.0,0.00443242700524051,0.8251422337124019,83.04814962196578,False
2062736952638550097,HOOD,True,"jobs_report(ALL, 2026-06-05 12:30:00+00:00->2026-06-05 20:00:00+00:00)",15,complete,False,-0.03152157466918726,0.0036510272004150702,0.0,0.0029116442658918777,0.001196474215681362,12565.0,0.00443242700524051,0.6179681307232623,79.3633107839236,False
2062530235266957749,HOOD,False,,15,complete,True,-0.014022600968388366,0.0024087522317063122,0.0,0.0029116442658918777,0.001196474215681362,12565.0,0.00443242700524051,-0.42031163529853505,39.27576601671309,False
2062198005948923925,HOOD,False,,15,complete,True,-0.0015777789587937407,0.0006232437380205502,4.0,0.0013876350240362,0.0005670153025844496,10096.0,0.0021037711431760335,-1.3480963962199304,1.5748811410459589,False
2061905160088240305,HOOD,False,,15,complete,True,-0.04471498998304235,0.0022863149774841798,0.0,0.0029116442658918777,0.001196474215681362,12565.0,0.00443242700524051,-0.5226433467699834,33.84799044966176,False
2061822671084798120,HOOD,False,,15,complete,True,-0.005556099168664619,0.0012051365383945853,2.0,0.0017976262622637074,0.0007520228178971939,12117.0,0.0026688411880296846,-0.7878613650658125,18.16456218535941,False
2061554505674793217,HOOD,False,,15,complete,True,-0.034947783270905974,0.004273614713663333,0.0,0.0029116442658918777,0.001196474215681362,12565.0,0.00443242700524051,1.1383199319475907,88.12574612017508,False
2060229087113904144,HOOD,False,,15,complete,True,0.04567615122849644,0.00449574405748374,0.0,0.0029116442658918777,0.001196474215681362,12565.0,0.00443242700524051,1.3239731962713108,90.64066852367688,True
2060011382716977412,HOOD,False,,15,complete,True,0.014031802594050458,0.0016298303532965024,2.0,0.0017976262622637074,0.0007520228178971939,12117.0,0.0026688411880296846,-0.2231260873658008,48.16373689857225,False
2060011381072773619,HOOD,False,,15,complete,True,0.014031802594050458,0.0016298303532965024,2.0,0.0017976262622637074,0.0007520228178971939,12117.0,0.0026688411880296846,-0.2231260873658008,48.16373689857225,False
2059734714806857867,HOOD,False,,15,complete,True,-0.02181013227772799,0.0018934360381411685,0.0,0.0029116442658918777,0.001196474215681362,12565.0,0.00443242700524051,-0.8510072464627791,17.158774373259053,False
2059721027647905890,HOOD,False,,15,complete,True,-0.0034667232871280484,0.000800511001941254,12.0,0.0011519743389481261,0.0005454108705395522,7659.0,0.0017347461682320395,-0.6444010488078175,23.684554119336727,False
2059659590745424213,HOOD,False,,15,complete,True,-0.0027868011567897533,0.00098167858557887,4.0,0.0013876350240362,0.0005670153025844496,10096.0,0.0021037711431760335,-0.7159532319621444,23.643026941362915,False
2059340250720469045,HOOD,False,,15,complete,True,-0.0016797504015327869,0.0004172143903708025,9.0,0.0011713599027867816,0.0006290243946238529,9003.0,0.0018144380786752005,-1.1989129815338033,0.6997667444185272,False
2057980041951363152,HOOD,False,,15,complete,True,0.00358046850571081,0.0030955529494322595,0.0,0.0029116442658918777,0.001196474215681362,12565.0,0.00443242700524051,0.15370885651359437,65.6824512534819,False
2056909794972516732,HOOD,False,,15,complete,True,-0.007942717365295171,0.0024084876057411655,0.0,0.0029116442658918777,0.001196474215681362,12565.0,0.00443242700524051,-0.42053280677191784,39.27576601671309,False
2056494739155984524,HOOD,False,,15,complete,True,-0.029189114879925038,0.002794908761417414,0.0,0.0029116442658918777,0.001196474215681362,12565.0,0.00443242700524051,-0.09756625169560028,55.01790688420215,False
2056159037671256568,HOOD,False,,5,insufficient,False,-0.0027828213156969595,0.0039828385900063865,,,,,,,,False
2055433428439568819,HOOD,False,,5,insufficient,False,-0.0027828213156969595,0.0039828385900063865,,,,,,,,False
2055322366839001470,HOOD,False,,15,complete,True,0.003064844634237396,0.0005875755242779698,5.0,0.001330676993493975,0.0005685696276222905,9339.0,0.002035205833823265,-1.3069665228577052,2.6876539244030413,False
2055012020790112480,HOOD,False,,13,partial,True,-0.0066653755111646396,0.0009205187651700254,12.0,0.0011519743389481261,0.0005454108705395522,7659.0,0.0017347461682320395,-0.4243691981223833,36.74108891500196,False
2054985595030847868,HOOD,False,,15,complete,True,0.0061299885654115815,0.001064709472016843,9.0,0.0011713599027867816,0.0006290243946238529,9003.0,0.0018144380786752005,-0.16954895816674007,52.73797623014551,False
2054797602219262039,HOOD,False,,15,complete,True,-0.016301674379368247,0.0022340184082871744,0.0,0.0029116442658918777,0.001196474215681362,12565.0,0.00443242700524051,-0.566352244556154,31.516116195781933,False
2054334791823360303,HOOD,False,,15,complete,True,-0.028338089522217058,0.002448751783427085,0.0,0.0029116442658918777,0.001196474215681362,12565.0,0.00443242700524051,-0.3868804495725695,41.05849582172702,False
2054279202325909795,HOOD,True,"cpi(ALL, 2026-05-12 12:30:00+00:00->2026-05-12 20:00:00+00:00)",15,complete,False,-0.003367109618306774,0.000829236052937508,11.0,0.001105216109172285,0.0005247132447824201,10594.0,0.0017115537155500346,-0.5259635791149431,32.32018123466113,False
2054279092816761193,HOOD,True,"cpi(ALL, 2026-05-12 12:30:00+00:00->2026-05-12 20:00:00+00:00)",15,complete,False,-0.0061762823254243315,0.0007344550055378232,11.0,0.001105216109172285,0.0005247132447824201,10594.0,0.0017115537155500346,-0.7065975698558994,22.248442514630923,False
2054279004484751510,HOOD,True,"cpi(ALL, 2026-05-12 12:30:00+00:00->2026-05-12 20:00:00+00:00)",15,complete,False,-0.0061762823254243315,0.0007344550055378232,11.0,0.001105216109172285,0.0005247132447824201,10594.0,0.0017115537155500346,-0.7065975698558994,22.248442514630923,False
2052887141894799538,HOOD,False,,15,complete,True,-0.018550173788566382,0.002582524354061675,0.0,0.0029116442658918777,0.001196474215681362,12565.0,0.00443242700524051,-0.27507480522075195,46.30322323915639,False
2052511267651453273,HOOD,True,"jobs_report(ALL, 2026-05-08 12:30:00+00:00->2026-05-08 20:00:00+00:00)",15,complete,False,-0.024350603975209495,0.0031183390161090103,0.0,0.0029116442658918777,0.001196474215681362,12565.0,0.00443242700524051,0.17275320061905822,66.3350576999602,False
2052067593578549739,HOOD,False,,15,complete,True,-0.0019342998863859373,0.001330911321842624,6.0,0.0013312371582174533,0.0007325749655066614,8487.0,0.0020897515683504487,-0.00044478229556218487,62.625191469305996,False
2051354924278264116,HOOD,False,,15,complete,True,0.00033187327550709966,0.0006634453251596959,8.0,0.0012130827012260454,0.0006543315496727078,8409.0,0.001880772515106426,-0.839998279681416,10.322273754310858,False
2051354922969698316,HOOD,False,,15,complete,True,0.00033187327550709966,0.0006634453251596959,8.0,0.0012130827012260454,0.0006543315496727078,8409.0,0.001880772515106426,-0.839998279681416,10.322273754310858,False
2050995457011384495,HOOD,False,,1,insufficient,False,0.019233769321136962,,,,,,,,,False
2050324219456839858,HOOD,False,,1,insufficient,False,0.019233769321136962,,,,,,,,,False
2050324217921749208,HOOD,False,,1,insufficient,False,0.019233769321136962,,,,,,,,,False
2050324216357282248,HOOD,False,,1,insufficient,False,0.019233769321136962,,,,,,,,,False
2050324214847345123,HOOD,False,,1,insufficient,False,0.019233769321136962,,,,,,,,,False
2050324213748449747,HOOD,False,,1,insufficient,False,0.019233769321136962,,,,,,,,,False
2050321017982292384,HOOD,False,,1,insufficient,False,0.019233769321136962,,,,,,,,,False
2049228409172333016,HOOD,True,"earnings(HOOD, 2026-04-28 20:00:00+00:00->2026-04-29 20:00:00+00:00)",15,complete,False,-0.10928862081095014,0.0053831085587557675,0.0,0.0029116442658918777,0.001196474215681362,12565.0,0.00443242700524051,2.0656226941392575,96.10027855153204,True
2049223735912337474,HOOD,True,"earnings(HOOD, 2026-04-28 20:00:00+00:00->2026-04-29 20:00:00+00:00)",15,complete,False,-0.10928862081095014,0.0053831085587557675,0.0,0.0029116442658918777,0.001196474215681362,12565.0,0.00443242700524051,2.0656226941392575,96.10027855153204,True
2048584630178332674,HOOD,False,,15,complete,True,0.0062980601284992055,0.0031255510770382532,0.0,0.0029116442658918777,0.001196474215681362,12565.0,0.00443242700524051,0.17878096188187476,66.58973338639078,False
2048582660684124263,HOOD,False,,15,complete,True,0.0062980601284992055,0.0031255510770382532,0.0,0.0029116442658918777,0.001196474215681362,12565.0,0.00443242700524051,0.17878096188187476,66.58973338639078,False
2047740014126325970,HOOD,False,,14,partial,True,-0.0017959977884648426,0.0006663782322817871,9.0,0.0011713599027867816,0.0006290243946238529,9003.0,0.0018144380786752005,-0.8028014093268449,11.55170498722648,False
2047504081493868930,HOOD,False,,1,insufficient,False,0.01225980297667384,,,,,,,,,False
2047461655026762103,HOOD,False,,1,insufficient,False,0.01225980297667384,,,,,,,,,False
2047461630578160039,HOOD,False,,1,insufficient,False,0.01225980297667384,,,,,,,,,False
2047353335536357724,HOOD,False,,15,complete,True,-0.0023269108272309103,0.0010106769783169208,6.0,0.0013312371582174533,0.0007325749655066614,8487.0,0.0020897515683504487,-0.4375800361657562,36.8328031106398,False
2047353333468610723,HOOD,False,,15,complete,True,-0.0023269108272309103,0.0010106769783169208,6.0,0.0013312371582174533,0.0007325749655066614,8487.0,0.0020897515683504487,-0.4375800361657562,36.8328031106398,False
2047353331404964341,HOOD,False,,15,complete,True,-0.0023269108272309103,0.0010106769783169208,6.0,0.0013312371582174533,0.0007325749655066614,8487.0,0.0020897515683504487,-0.4375800361657562,36.8328031106398,False
2047353329383309382,HOOD,False,,15,complete,True,-0.0023269108272309103,0.0010106769783169208,6.0,0.0013312371582174533,0.0007325749655066614,8487.0,0.0020897515683504487,-0.4375800361657562,36.8328031106398,False
2047353327730754011,HOOD,False,,15,complete,True,-0.0023269108272309103,0.0010106769783169208,6.0,0.0013312371582174533,0.0007325749655066614,8487.0,0.0020897515683504487,-0.4375800361657562,36.8328031106398,False
2046951776780439823,HOOD,False,,15,complete,True,0.002796868957439358,0.0018686936735018472,0.0,0.0029116442658918777,0.001196474215681362,12565.0,0.00443242700524051,-0.8716866429052934,16.108237166732987,False
2046730273862390231,HOOD,False,,15,complete,True,0.023258955455574215,0.002831237223957507,0.0,0.0029116442658918777,0.001196474215681362,12565.0,0.00443242700524051,-0.0672033219609174,56.81655391961799,False
2046703249223495820,HOOD,False,,15,complete,True,0.023258955455574215,0.002831237223957507,0.0,0.0029116442658918777,0.001196474215681362,12565.0,0.00443242700524051,-0.0672033219609174,56.81655391961799,False
2046327074953244727,HOOD,False,,15,complete,True,-0.018162227131746977,0.003307199686426571,0.0,0.0029116442658918777,0.001196474215681362,12565.0,0.00443242700524051,0.33060087325779497,71.3808197373657,False
2046327072898052197,HOOD,False,,15,complete,True,-0.018162227131746977,0.003307199686426571,0.0,0.0029116442658918777,0.001196474215681362,12565.0,0.00443242700524051,0.33060087325779497,71.3808197373657,False
2046301753273151996,HOOD,False,,15,complete,True,-0.001677376281962073,0.0005427587061523403,10.0,0.001148524232943684,0.0005914157179625537,9496.0,0.0018497083075648716,-1.0242634891041205,5.497051390058972,False
2045965514686730330,HOOD,False,,1,insufficient,False,-0.007162532797550525,,,,,,,,,False
2045632406372397293,HOOD,False,,1,insufficient,False,-0.007162532797550525,,,,,,,,,False
2044970372987318726,HOOD,False,,2,insufficient,False,0.015127790751574777,0.0,,,,,,,,False
2044925534724079661,HOOD,False,,2,insufficient,False,0.015127790751574777,0.0,,,,,,,,False
2044923459399197175,HOOD,False,,2,insufficient,False,0.015127790751574777,0.0,,,,,,,,False
2042704969443549595,HOOD,False,,15,complete,True,-0.008605718387852068,0.0015294292441346243,0.0,0.0029116442658918777,0.001196474215681362,12565.0,0.00443242700524051,-1.1552401243934176,5.777954635893354,False
2041940987912871982,HOOD,False,,15,complete,True,-0.008180685130714904,0.0012231054395121183,9.0,0.0011713599027867816,0.0006290243946238529,9003.0,0.0018144380786752005,0.08226316366677594,67.28868155059425,False
2041623199344136421,HOOD,False,,15,complete,True,0.06278978440324434,0.002989104376338668,0.0,0.0029116442658918777,0.001196474215681362,12565.0,0.00443242700524051,0.06474030901090393,62.29208117787505,False
2041573811590721647,HOOD,False,,12,partial,True,0.001745869642158615,0.000602333962706708,8.0,0.0012130827012260454,0.0006543315496727078,8409.0,0.001880772515106426,-0.933393382643447,6.136282554405994,False
2041221757705789598,HOOD,False,,15,complete,True,-0.0030888083855149517,0.000619792535458279,10.0,0.001148524232943684,0.0005914157179625537,9496.0,0.0018497083075648716,-0.8940102222965983,9.919966301600674,False
2041163324440903877,HOOD,False,,15,complete,True,-0.0066233573402659784,0.001503171685929482,2.0,0.0017976262622637074,0.0007520228178971939,12117.0,0.0026688411880296846,-0.39155005583152275,39.14335231492944,False
2040910116707537261,HOOD,False,,15,complete,True,0.0033245543596014393,0.003823617718467114,0.0,0.0029116442658918777,0.001196474215681362,12565.0,0.00443242700524051,0.7622173889103748,82.1408674890569,False
2040059243462537227,HOOD,False,,15,complete,True,0.0033245543596014393,0.003823617718467114,0.0,0.0029116442658918777,0.001196474215681362,12565.0,0.00443242700524051,0.7622173889103748,82.1408674890569,False
2039801627838738926,HOOD,False,,15,complete,True,0.0033245543596014393,0.003823617718467114,0.0,0.0029116442658918777,0.001196474215681362,12565.0,0.00443242700524051,0.7622173889103748,82.1408674890569,False
2039443986415534426,HOOD,False,,2,insufficient,False,-0.03693584098449887,0.0,,,,,,,,False
2039084177317126236,HOOD,False,,15,complete,True,0.0005566971609671789,0.004334532757742812,0.0,0.0029116442658918777,0.001196474215681362,12565.0,0.00443242700524051,1.1892345636889763,89.00119379228015,False
2039060932895113299,HOOD,False,,15,complete,True,0.0010835884874738078,0.0010420296450484444,11.0,0.001105216109172285,0.0005247132447824201,10594.0,0.0017115537155500346,-0.120420943729068,55.32376817066263,False
2037666308389806090,HOOD,False,,1,insufficient,False,0.013228511176752722,,,,,,,,,False
2037564090978361407,HOOD,False,,14,partial,True,-0.0019052162006633067,0.0009573337485362908,5.0,0.001330676993493975,0.0005685696276222905,9339.0,0.002035205833823265,-0.6566359278088311,26.48035121533355,False
2037321516904509538,HOOD,False,,15,complete,True,-0.03631365372294337,0.002483772115100999,0.0,0.0029116442658918777,0.001196474215681362,12565.0,0.00443242700524051,-0.35761084123924575,42.57063270990847,False
2037321515528835517,HOOD,False,,15,complete,True,-0.03631365372294337,0.002483772115100999,0.0,0.0029116442658918777,0.001196474215681362,12565.0,0.00443242700524051,-0.35761084123924575,42.57063270990847,False
2036915091120284091,HOOD,False,,15,complete,True,0.003706499934703178,0.0016903141325686124,0.0,0.0029116442658918777,0.001196474215681362,12565.0,0.00443242700524051,-1.0207743027941045,10.393951452447274,False
2035873089045909973,HOOD,False,,15,complete,True,0.0026191231127292713,0.0021224820604478843,0.0,0.0029116442658918777,0.001196474215681362,12565.0,0.00443242700524051,-0.6595730982757412,26.040588937524873,False
2035871150841221156,HOOD,False,,15,complete,True,0.0026191231127292713,0.0021224820604478843,0.0,0.0029116442658918777,0.001196474215681362,12565.0,0.00443242700524051,-0.6595730982757412,26.040588937524873,False
2035478403995087152,HOOD,False,,15,complete,True,0.0026191231127292713,0.0021224820604478843,0.0,0.0029116442658918777,0.001196474215681362,12565.0,0.00443242700524051,-0.6595730982757412,26.040588937524873,False
2035098184801034642,HOOD,False,,15,complete,True,0.0026191231127292713,0.0021224820604478843,0.0,0.0029116442658918777,0.001196474215681362,12565.0,0.00443242700524051,-0.6595730982757412,26.040588937524873,False
2035098183270068713,HOOD,False,,15,complete,True,0.0026191231127292713,0.0021224820604478843,0.0,0.0029116442658918777,0.001196474215681362,12565.0,0.00443242700524051,-0.6595730982757412,26.040588937524873,False
2035098181378482478,HOOD,False,,15,complete,True,0.0026191231127292713,0.0021224820604478843,0.0,0.0029116442658918777,0.001196474215681362,12565.0,0.00443242700524051,-0.6595730982757412,26.040588937524873,False
2035098179876921595,HOOD,False,,15,complete,True,0.0026191231127292713,0.0021224820604478843,0.0,0.0029116442658918777,0.001196474215681362,12565.0,0.00443242700524051,-0.6595730982757412,26.040588937524873,False
2035098178484412802,HOOD,False,,15,complete,True,0.0026191231127292713,0.0021224820604478843,0.0,0.0029116442658918777,0.001196474215681362,12565.0,0.00443242700524051,-0.6595730982757412,26.040588937524873,False
2035098177079304309,HOOD,False,,15,complete,True,0.0026191231127292713,0.0021224820604478843,0.0,0.0029116442658918777,0.001196474215681362,12565.0,0.00443242700524051,-0.6595730982757412,26.040588937524873,False
2035098175661645961,HOOD,False,,15,complete,True,0.0026191231127292713,0.0021224820604478843,0.0,0.0029116442658918777,0.001196474215681362,12565.0,0.00443242700524051,-0.6595730982757412,26.040588937524873,False
2035098174294303207,HOOD,False,,15,complete,True,0.0026191231127292713,0.0021224820604478843,0.0,0.0029116442658918777,0.001196474215681362,12565.0,0.00443242700524051,-0.6595730982757412,26.040588937524873,False
2035098172700467279,HOOD,False,,15,complete,True,0.0026191231127292713,0.0021224820604478843,0.0,0.0029116442658918777,0.001196474215681362,12565.0,0.00443242700524051,-0.6595730982757412,26.040588937524873,False
2034359937325822181,HOOD,False,,1,insufficient,False,,,13.0,,,,,,,False
2034346503528210621,HOOD,True,"fomc(ALL, 2026-03-18 18:00:00+00:00->2026-03-18 20:00:00+00:00)",14,partial,False,-0.0012304557134620309,0.0009989097164071173,11.0,0.001105216109172285,0.0005247132447824201,10594.0,0.0017115537155500346,-0.20259902684417486,50.98168774778177,False
2034101337198367068,HOOD,False,,15,complete,True,-0.0015693788545461107,0.002661120512974869,0.0,0.0029116442658918777,0.001196474215681362,12565.0,0.00443242700524051,-0.20938499938700442,49.61400716275368,False
2034032880188592131,HOOD,False,,15,complete,True,-0.0015693788545461107,0.002661120512974869,0.0,0.0029116442658918777,0.001196474215681362,12565.0,0.00443242700524051,-0.20938499938700442,49.61400716275368,False
2033947181389144469,HOOD,False,,13,partial,True,0.001997777503712772,0.0012057399819132984,6.0,0.0013312371582174533,0.0007325749655066614,8487.0,0.0020897515683504487,-0.17130967097320735,53.26970661010958,False
2033784669079277621,HOOD,False,,15,complete,True,0.01549387750561304,0.0028091155369887465,0.0,0.0029116442658918777,0.001196474215681362,12565.0,0.00443242700524051,-0.0856923848080952,55.6466374850776,False
2033736673197232267,HOOD,False,,15,complete,True,0.01549387750561304,0.0028091155369887465,0.0,0.0029116442658918777,0.001196474215681362,12565.0,0.00443242700524051,-0.0856923848080952,55.6466374850776,False
2032584581699015050,HOOD,False,,1,insufficient,False,0.01485724655469789,,,,,,,,,False
2032521471634071802,HOOD,False,,15,complete,True,0.0023633881393247957,0.0013479031879330252,9.0,0.0011713599027867816,0.0006290243946238529,9003.0,0.0018144380786752005,0.2806620643891145,74.69732311451737,False
2032143283951190098,HOOD,False,,15,complete,True,-0.004349831666778714,0.0010146913916562498,7.0,0.0012735096511832795,0.0008597830624624878,8488.0,0.0019450931125967405,-0.3010273996160769,40.45711592836946,False
2031874122947707207,HOOD,False,,9,partial,True,-0.012092029629610979,0.002247454966406099,,,,,,,,False
2031580721702416848,HOOD,True,"cpi(ALL, 2026-03-11 12:30:00+00:00->2026-03-11 20:00:00+00:00)",15,complete,False,-0.0018568892449269958,0.0033377581340144078,0.0,0.0029116442658918777,0.001196474215681362,12565.0,0.00443242700524051,0.35614128790888233,72.28014325507361,False
2031503194384413175,HOOD,True,"cpi(ALL, 2026-03-11 12:30:00+00:00->2026-03-11 20:00:00+00:00)",15,complete,False,-0.0018568892449269958,0.0033377581340144078,0.0,0.0029116442658918777,0.001196474215681362,12565.0,0.00443242700524051,0.35614128790888233,72.28014325507361,False
2031106624094613938,HOOD,False,,15,complete,True,-0.007735912962989255,0.0028350621328417543,0.0,0.0029116442658918777,0.001196474215681362,12565.0,0.00443242700524051,-0.06400650515189898,56.983684838838045,False
2030835715089514970,HOOD,False,,15,complete,True,0.012428349818250917,0.0028130357519549013,0.0,0.0029116442658918777,0.001196474215681362,12565.0,0.00443242700524051,-0.08241591222324943,55.87743732590529,False
2030824452767003070,HOOD,False,,15,complete,True,0.012428349818250917,0.0028130357519549013,0.0,0.0029116442658918777,0.001196474215681362,12565.0,0.00443242700524051,-0.08241591222324943,55.87743732590529,False
2029946098337345800,HOOD,True,"jobs_report(ALL, 2026-03-06 13:30:00+00:00->2026-03-06 21:00:00+00:00)",15,complete,False,-0.0019046108183686794,0.003093876045642921,2.0,0.0017976262622637074,0.0007520228178971939,12117.0,0.0026688411880296846,1.7236841124100293,94.88322191961707,True
2029913136019673545,HOOD,True,"jobs_report(ALL, 2026-03-06 13:30:00+00:00->2026-03-06 21:00:00+00:00)",15,complete,False,-0.022481685838386944,0.003385958694458323,0.0,0.0029116442658918777,0.001196474215681362,12565.0,0.00443242700524051,0.39642678659509195,73.71269399124553,False
2029905335129882817,HOOD,True,"jobs_report(ALL, 2026-03-06 13:30:00+00:00->2026-03-06 21:00:00+00:00)",15,complete,False,-0.022481685838386944,0.003385958694458323,0.0,0.0029116442658918777,0.001196474215681362,12565.0,0.00443242700524051,0.39642678659509195,73.71269399124553,False
2029698309233774624,HOOD,True,"jobs_report(ALL, 2026-03-06 13:30:00+00:00->2026-03-06 21:00:00+00:00)",15,complete,False,-0.022481685838386944,0.003385958694458323,0.0,0.0029116442658918777,0.001196474215681362,12565.0,0.00443242700524051,0.39642678659509195,73.71269399124553,False
2029694316218622104,HOOD,True,"jobs_report(ALL, 2026-03-06 13:30:00+00:00->2026-03-06 21:00:00+00:00)",15,complete,False,-0.022481685838386944,0.003385958694458323,0.0,0.0029116442658918777,0.001196474215681362,12565.0,0.00443242700524051,0.39642678659509195,73.71269399124553,False
2029412774808568237,HOOD,False,,15,complete,True,0.018697824773081795,0.0037778684186796814,0.0,0.0029116442658918777,0.001196474215681362,12565.0,0.00443242700524051,0.7239806269410586,81.42459212097096,False
2029412625746968714,HOOD,False,,15,complete,True,0.018697824773081795,0.0037778684186796814,0.0,0.0029116442658918777,0.001196474215681362,12565.0,0.00443242700524051,0.7239806269410586,81.42459212097096,False
2029353701425774882,HOOD,False,,15,complete,True,0.018697824773081795,0.0037778684186796814,0.0,0.0029116442658918777,0.001196474215681362,12565.0,0.00443242700524051,0.7239806269410586,81.42459212097096,False
2029301551089570222,HOOD,False,,15,complete,True,0.018697824773081795,0.0037778684186796814,0.0,0.0029116442658918777,0.001196474215681362,12565.0,0.00443242700524051,0.7239806269410586,81.42459212097096,False
2029300753496416329,HOOD,False,,15,complete,True,0.018697824773081795,0.0037778684186796814,0.0,0.0029116442658918777,0.001196474215681362,12565.0,0.00443242700524051,0.7239806269410586,81.42459212097096,False
2028981421902066103,HOOD,False,,15,complete,True,0.05665354820510715,0.003178063927863486,0.0,0.0029116442658918777,0.001196474215681362,12565.0,0.00443242700524051,0.22267062547594413,68.03024273776363,False
2028980939380998628,HOOD,False,,15,complete,True,0.05665354820510715,0.003178063927863486,0.0,0.0029116442658918777,0.001196474215681362,12565.0,0.00443242700524051,0.22267062547594413,68.03024273776363,False
2028980936683946018,HOOD,False,,15,complete,True,0.05665354820510715,0.003178063927863486,0.0,0.0029116442658918777,0.001196474215681362,12565.0,0.00443242700524051,0.22267062547594413,68.03024273776363,False
2027893294211186945,HOOD,False,,15,complete,True,0.007189755397962516,0.005920228723701488,0.0,0.0029116442658918777,0.001196474215681362,12565.0,0.00443242700524051,2.514541824953827,97.50099482690013,True
2027802817013158000,HOOD,False,,15,complete,True,0.007189755397962516,0.005920228723701488,0.0,0.0029116442658918777,0.001196474215681362,12565.0,0.00443242700524051,2.514541824953827,97.50099482690013,True
2027802815046029745,HOOD,False,,15,complete,True,0.007189755397962516,0.005920228723701488,0.0,0.0029116442658918777,0.001196474215681362,12565.0,0.00443242700524051,2.514541824953827,97.50099482690013,True
2027500955538010371,HOOD,False,,1,insufficient,False,,,14.0,,,,,,,False
2026793469768073459,HOOD,False,,15,complete,True,0.0053844362993318295,0.005021072270452745,0.0,0.0029116442658918777,0.001196474215681362,12565.0,0.00443242700524051,1.7630367432194107,94.47672105053721,True
2026452080311824868,HOOD,False,,15,complete,True,0.01371313116494921,0.0035302092848468994,0.0,0.0029116442658918777,0.001196474215681362,12565.0,0.00443242700524051,0.5169898447019725,76.82451253481895,False
2026436165440778404,HOOD,False,,15,complete,True,0.01371313116494921,0.0035302092848468994,0.0,0.0029116442658918777,0.001196474215681362,12565.0,0.00443242700524051,0.5169898447019725,76.82451253481895,False
2026028329783189595,HOOD,False,,15,complete,True,0.004710376543818784,0.0008867352719255621,11.0,0.001105216109172285,0.0005247132447824201,10594.0,0.0017115537155500346,-0.41638140340314655,38.82386256371531,False
2026028297822588941,HOOD,False,,15,complete,True,0.004710376543818784,0.0008867352719255621,11.0,0.001105216109172285,0.0005247132447824201,10594.0,0.0017115537155500346,-0.41638140340314655,38.82386256371531,False
2025254192940757164,HOOD,False,,15,complete,True,-0.046393316448032795,0.0024649755810522687,0.0,0.0029116442658918777,0.001196474215681362,12565.0,0.00443242700524051,-0.37332077781989004,41.790688420214885,False
2025067088495390886,HOOD,False,,15,complete,True,-0.046393316448032795,0.0024649755810522687,0.0,0.0029116442658918777,0.001196474215681362,12565.0,0.00443242700524051,-0.37332077781989004,41.790688420214885,False
2025066880566952094,HOOD,False,,15,complete,True,-0.046393316448032795,0.0024649755810522687,0.0,0.0029116442658918777,0.001196474215681362,12565.0,0.00443242700524051,-0.37332077781989004,41.790688420214885,False
2024888735951982766,HOOD,False,,15,complete,True,-0.006442687128558888,0.0007549654033712852,4.0,0.0013876350240362,0.0005670153025844496,10096.0,0.0021037711431760335,-1.1157893231121163,5.54675118858954,False
2024627759805505961,HOOD,False,,15,complete,True,0.023130364881357002,0.005471277996568443,0.0,0.0029116442658918777,0.001196474215681362,12565.0,0.00443242700524051,2.1393137412651377,96.4265817747712,True
2024284301068816570,HOOD,False,,15,complete,True,-0.006868825769775988,0.0034506046162310075,0.0,0.0029116442658918777,0.001196474215681362,12565.0,0.00443242700524051,0.4504571375424129,75.10545165141266,False
2023815960323649856,HOOD,False,,15,complete,True,0.008418180023687327,0.0010905160639030121,6.0,0.0013312371582174533,0.0007325749655066614,8487.0,0.0020897515683504487,-0.32859585113989576,44.19700718746318,False
2022459120050409852,HOOD,False,,15,complete,True,-0.01668242303815981,0.007574545515729801,0.0,0.0029116442658918777,0.001196474215681362,12565.0,0.00443242700524051,3.897201618492479,99.33147632311977,True
2022379430308647250,HOOD,True,"cpi(ALL, 2026-02-13 13:30:00+00:00->2026-02-13 21:00:00+00:00)",15,complete,False,-0.0002590642631126183,0.0008460456919138835,8.0,0.0012130827012260454,0.0006543315496727078,8409.0,0.001880772515106426,-0.5609342992795492,26.92353430847901,False
2022040725937102909,HOOD,False,,15,complete,True,0.0009626374810176586,0.001039366024846165,11.0,0.001105216109172285,0.0005247132447824201,10594.0,0.0017115537155500346,-0.1254972787153975,55.09722484425146,False
2021401110129541373,HOOD,True,"earnings(HOOD, 2026-02-10 21:00:00+00:00->2026-02-11 21:00:00+00:00); jobs_report(ALL, 2026-02-11 13:30:00+00:00->2026-02-11 21:00:00+00:00)",15,complete,False,-0.10569074870717621,0.006293714137989912,0.0,0.0029116442658918777,0.001196474215681362,12565.0,0.00443242700524051,2.826696829544321,98.29685634699563,True
2021343426181202354,HOOD,True,"earnings(HOOD, 2026-02-10 21:00:00+00:00->2026-02-11 21:00:00+00:00); jobs_report(ALL, 2026-02-11 13:30:00+00:00->2026-02-11 21:00:00+00:00)",15,complete,False,-0.10569074870717621,0.006293714137989912,0.0,0.0029116442658918777,0.001196474215681362,12565.0,0.00443242700524051,2.826696829544321,98.29685634699563,True
2021280624716239320,HOOD,False,,15,complete,True,0.0016734715725168492,0.0007374241358844309,6.0,0.0013312371582174533,0.0007325749655066614,8487.0,0.0020897515683504487,-0.8105832853874978,11.193590196771533,False
2020983043297771958,HOOD,False,,15,complete,True,0.0018453831277916999,0.003987896075990986,0.0,0.0029116442658918777,0.001196474215681362,12565.0,0.00443242700524051,0.8995194346801786,84.11460405889375,False
2019936302226108508,HOOD,False,,5,insufficient,False,0.026555095867901057,0.009306128683404656,,,,,,,,False
2019871947094651215,HOOD,False,,15,complete,True,0.006463986018640844,0.0010859850239964192,12.0,0.0011519743389481261,0.0005454108705395522,7659.0,0.0017347461682320395,-0.12099009850395245,54.11933672803239,False
2019832811017101801,HOOD,False,,15,complete,True,-0.0015858391766995217,0.0012403136222106435,6.0,0.0013312371582174533,0.0007325749655066614,8487.0,0.0020897515683504487,-0.12411499203214724,55.885471898197245,False
2019832751168659883,HOOD,False,,15,complete,True,-0.0015858391766995217,0.0012403136222106435,6.0,0.0013312371582174533,0.0007325749655066614,8487.0,0.0020897515683504487,-0.12411499203214724,55.885471898197245,False
2019574512124326012,HOOD,False,,15,complete,True,0.1110177967991901,0.005825144642156384,0.0,0.0029116442658918777,0.001196474215681362,12565.0,0.00443242700524051,2.435071594589559,97.25427775567051,True
2019544061510873238,HOOD,False,,15,complete,True,0.1110177967991901,0.005825144642156384,0.0,0.0029116442658918777,0.001196474215681362,12565.0,0.00443242700524051,2.435071594589559,97.25427775567051,True
2019532485626065317,HOOD,False,,15,complete,True,0.1110177967991901,0.005825144642156384,0.0,0.0029116442658918777,0.001196474215681362,12565.0,0.00443242700524051,2.435071594589559,97.25427775567051,True
2019524439873142888,HOOD,False,,15,complete,True,0.1110177967991901,0.005825144642156384,0.0,0.0029116442658918777,0.001196474215681362,12565.0,0.00443242700524051,2.435071594589559,97.25427775567051,True
2018782718096810200,HOOD,False,,15,complete,True,0.007138274580468451,0.00140519211873172,11.0,0.001105216109172285,0.0005247132447824201,10594.0,0.0017115537155500346,0.5716951354712313,79.91315839154238,False
2018744803081740528,HOOD,False,,15,complete,True,-0.004602336923170913,0.0007541795164399826,6.0,0.0013312371582174533,0.0007325749655066614,8487.0,0.0020897515683504487,-0.7877113864768335,12.265818310357018,False
2018744402668372436,HOOD,False,,15,complete,True,-0.00678394644489555,0.000759681378166655,6.0,0.0013312371582174533,0.0007325749655066614,8487.0,0.0020897515683504487,-0.7802010810668374,12.66643101213621,False
2018484270533427312,HOOD,False,,15,complete,True,-0.01879275154519111,0.003909471208044187,0.0,0.0029116442658918777,0.001196474215681362,12565.0,0.00443242700524051,0.8339727919536254,83.1675288499801,False
2018452550689980471,HOOD,False,,15,complete,True,-0.01879275154519111,0.003909471208044187,0.0,0.0029116442658918777,0.001196474215681362,12565.0,0.00443242700524051,0.8339727919536254,83.1675288499801,False
2018448321120174340,HOOD,False,,15,complete,True,-0.01879275154519111,0.003909471208044187,0.0,0.0029116442658918777,0.001196474215681362,12565.0,0.00443242700524051,0.8339727919536254,83.1675288499801,False
2017408757526106212,HOOD,False,,15,complete,True,-0.08430611088525941,0.0042402163307167645,0.0,0.0029116442658918777,0.001196474215681362,12565.0,0.00443242700524051,1.110405930535075,87.6641464385197,False
2017408525966970907,HOOD,False,,15,complete,True,-0.08430611088525941,0.0042402163307167645,0.0,0.0029116442658918777,0.001196474215681362,12565.0,0.00443242700524051,1.110405930535075,87.6641464385197,False
2017400526032576883,HOOD,False,,15,complete,True,-0.08430611088525941,0.0042402163307167645,0.0,0.0029116442658918777,0.001196474215681362,12565.0,0.00443242700524051,1.110405930535075,87.6641464385197,False
2017326986092478730,HOOD,False,,15,complete,True,-0.008566954359715107,0.0008392343363957118,11.0,0.001105216109172285,0.0005247132447824201,10594.0,0.0017115537155500346,-0.5069088219544874,33.45289786671701,False
2017326503185522912,HOOD,False,,15,complete,True,-0.00966484774670684,0.0008645036615074642,10.0,0.001148524232943684,0.0005914157179625537,9496.0,0.0018497083075648716,-0.48023845631746115,37.2893850042123,False
2017073570036535450,HOOD,False,,15,complete,True,0.01500759482018621,0.003220413699408679,0.0,0.0029116442658918777,0.001196474215681362,12565.0,0.00443242700524051,0.25806609910182227,69.08873855949065,False
2017006454679507009,HOOD,False,,15,complete,True,0.01500759482018621,0.003220413699408679,0.0,0.0029116442658918777,0.001196474215681362,12565.0,0.00443242700524051,0.25806609910182227,69.08873855949065,False
2016963751719600320,HOOD,False,,15,complete,True,-0.003799265812739483,0.0007075172475381133,10.0,0.001148524232943684,0.0005914157179625537,9496.0,0.0018497083075648716,-0.7456801907883917,18.44987363100253,False
2016958191871885377,HOOD,False,,14,partial,True,-0.0011649422929504993,0.0007532564417495638,10.0,0.001148524232943684,0.0005914157179625537,9496.0,0.0018497083075648716,-0.6683417081910344,23.578348778433025,False
2016643357502513467,HOOD,False,,15,complete,True,-0.01054433626740714,0.0028694098847302047,0.0,0.0029116442658918777,0.001196474215681362,12565.0,0.00443242700524051,-0.03529903161149318,58.29685634699562,False
2016640349561639234,HOOD,False,,15,complete,True,-0.01054433626740714,0.0028694098847302047,0.0,0.0029116442658918777,0.001196474215681362,12565.0,0.00443242700524051,-0.03529903161149318,58.29685634699562,False
2016500601798992083,HOOD,False,,15,complete,True,-0.01639209187082913,0.002325087040388965,0.0,0.0029116442658918777,0.001196474215681362,12565.0,0.00443242700524051,-0.49023808270609737,35.66255471547951,False
2016332563879502219,HOOD,False,,15,complete,True,-0.01639209187082913,0.002325087040388965,0.0,0.0029116442658918777,0.001196474215681362,12565.0,0.00443242700524051,-0.49023808270609737,35.66255471547951,False
2016196503644033521,HOOD,False,,15,complete,True,-0.002230823120981884,0.0009319580172478737,5.0,0.001330676993493975,0.0005685696276222905,9339.0,0.002035205833823265,-0.7012667523474829,23.814112860049256,False
2016165797907853662,HOOD,False,,15,complete,True,-0.004940386683940257,0.0011873787711622688,1.0,0.0021828618616565993,0.00099510074017627,13268.0,0.003225262983387445,-1.0003842327742545,6.609888453421767,False
2015910475364728968,HOOD,False,,15,complete,True,-0.002746673030394664,0.002619118661508272,0.0,0.0029116442658918777,0.001196474215681362,12565.0,0.00443242700524051,-0.2444896852348964,47.93473935535217,False
2015908355446079783,HOOD,False,,15,complete,True,-0.002746673030394664,0.002619118661508272,0.0,0.0029116442658918777,0.001196474215681362,12565.0,0.00443242700524051,-0.2444896852348964,47.93473935535217,False
2015848539994325075,HOOD,False,,11,partial,True,-0.00047882782334496277,0.0010976628065558797,7.0,0.0012735096511832795,0.0008597830624624878,8488.0,0.0019450931125967405,-0.20452466709888462,48.51555136663525,False
2015543492643369300,HOOD,False,,15,complete,True,-0.0031285940482013164,0.002264749609896921,0.0,0.0029116442658918777,0.001196474215681362,12565.0,0.00443242700524051,-0.5406674439921518,32.845204934341425,False
2014828363450614255,HOOD,False,,15,complete,True,-0.0031285940482013164,0.002264749609896921,0.0,0.0029116442658918777,0.001196474215681362,12565.0,0.00443242700524051,-0.5406674439921518,32.845204934341425,False
2014776723917963326,HOOD,False,,14,partial,True,-0.0008097102296467096,0.0009544150085862948,9.0,0.0011713599027867816,0.0006290243946238529,9003.0,0.0018144380786752005,-0.3448910663158249,42.26368988115073,False
2014491376604549135,HOOD,False,,15,complete,True,0.013430323505351893,0.0030445044320013877,0.0,0.0029116442658918777,0.001196474215681362,12565.0,0.00443242700524051,0.11104306667724517,64.05889375248707,False
2014451475024625935,HOOD,False,,15,complete,True,0.013430323505351893,0.0030445044320013877,0.0,0.0029116442658918777,0.001196474215681362,12565.0,0.00443242700524051,0.11104306667724517,64.05889375248707,False
2012695273550589977,HOOD,False,,15,complete,True,-0.00886860269504175,0.004555820130397581,0.0,0.0029116442658918777,0.001196474215681362,12565.0,0.00443242700524051,1.3741841177658698,91.2375646637485,True
2012297126211109141,HOOD,False,,15,complete,True,-0.00886860269504175,0.004555820130397581,0.0,0.0029116442658918777,0.001196474215681362,12565.0,0.00443242700524051,1.3741841177658698,91.2375646637485,True
2011853930968596973,HOOD,False,,15,complete,True,0.00013365891608230207,0.0007533154195933324,6.0,0.0013312371582174533,0.0007325749655066614,8487.0,0.0020897515683504487,-0.7888909201591681,12.183339224696594,False
2011834003444404424,HOOD,False,,13,partial,True,0.0024678573545473537,0.0010184059851747976,3.0,0.0015456034290746595,0.0006413860046589412,11150.0,0.0022904170316356345,-0.8219659301424898,16.887892376681616,False
2011622052457783432,HOOD,False,,15,complete,True,-0.024313958559980975,0.0039035858731373565,0.0,0.0029116442658918777,0.001196474215681362,12565.0,0.00443242700524051,0.8290538937193836,83.13569438917628,False
2011530170851869028,HOOD,False,,14,partial,True,0.004747332397905257,0.0015792448824501466,11.0,0.001105216109172285,0.0005247132447824201,10594.0,0.0017115537155500346,0.9034053894988386,86.44515763639797,False
2010871340056690809,HOOD,True,"cpi(ALL, 2026-01-13 13:30:00+00:00->2026-01-13 21:00:00+00:00)",1,insufficient,False,0.004058379988190808,,,,,,,,,False
2010853052065227144,HOOD,True,"cpi(ALL, 2026-01-13 13:30:00+00:00->2026-01-13 21:00:00+00:00)",1,insufficient,False,0.004058379988190808,,,,,,,,,False
2010825179300069648,HOOD,True,"cpi(ALL, 2026-01-13 13:30:00+00:00->2026-01-13 21:00:00+00:00)",1,insufficient,False,0.004058379988190808,,,,,,,,,False
2010068175627661365,HOOD,False,,1,insufficient,False,-0.005546717785173461,,,,,,,,,False
2010035249967952039,HOOD,False,,1,insufficient,False,-0.005546717785173461,,,,,,,,,False
2009665993585664474,HOOD,True,"jobs_report(ALL, 2026-01-09 13:30:00+00:00->2026-01-09 21:00:00+00:00)",13,partial,False,0.0001624971998923641,0.0006329751558262805,4.0,0.0013876350240362,0.0005670153025844496,10096.0,0.0021037711431760335,-1.330933865047712,1.7432646592709984,False
2009424123278315669,HOOD,True,"jobs_report(ALL, 2026-01-09 13:30:00+00:00->2026-01-09 21:00:00+00:00)",15,complete,False,0.019630885758459282,0.0020223705123674873,0.0,0.0029116442658918777,0.001196474215681362,12565.0,0.00443242700524051,-0.7432452299174465,22.19657779546359,False
2009012760194240891,HOOD,False,,15,complete,True,-0.01180580014005217,0.002835465579339676,0.0,0.0029116442658918777,0.001196474215681362,12565.0,0.00443242700524051,-0.0636693090028853,56.999602069239955,False
2008943581193801844,HOOD,False,,14,partial,True,-0.004473251247695265,0.0007971018640155118,4.0,0.0013876350240362,0.0005670153025844496,10096.0,0.0021037711431760335,-1.0414765833109696,7.824881141045958,False
2008703788627206288,HOOD,False,,15,complete,True,-0.022655932298010995,0.003418980389332145,0.0,0.0029116442658918777,0.001196474215681362,12565.0,0.00443242700524051,0.424025956256276,74.49263828093912,False
2008698877986349383,HOOD,False,,15,complete,True,-0.022655932298010995,0.003418980389332145,0.0,0.0029116442658918777,0.001196474215681362,12565.0,0.00443242700524051,0.424025956256276,74.49263828093912,False
2006541263303237740,HOOD,False,,1,insufficient,False,,,,,,,,,,False
2006161471382688067,HOOD,False,,15,complete,True,-0.006598648715915756,0.0009316116290187788,0.0,0.0029116442658918777,0.001196474215681362,12565.0,0.00443242700524051,-1.6548895169843005,0.0955033824114604,False
2006160908205146195,HOOD,False,,15,complete,True,-0.006598648715915756,0.0009316116290187788,0.0,0.0029116442658918777,0.001196474215681362,12565.0,0.00443242700524051,-1.6548895169843005,0.0955033824114604,False
2005742822847369513,HOOD,False,,11,partial,True,0.0037975487907140337,0.000785032002597687,12.0,0.0011519743389481261,0.0005454108705395522,7659.0,0.0017347461682320395,-0.6727814867119138,22.013317665491577,False
2005736558578856430,HOOD,False,,14,partial,True,-0.0020659993952001354,0.0003888094495268833,11.0,0.001105216109172285,0.0005247132447824201,10594.0,0.0017115537155500346,-1.3653298573442145,0.6796299792335284,False
2005085844722647075,HOOD,False,,15,complete,True,0.006993488331097031,0.003560426247366833,0.0,0.0029116442658918777,0.001196474215681362,12565.0,0.00443242700524051,0.5422448498862888,77.42936729009152,False
2004993499289264254,HOOD,False,,15,complete,True,0.006993488331097031,0.003560426247366833,0.0,0.0029116442658918777,0.001196474215681362,12565.0,0.00443242700524051,0.5422448498862888,77.42936729009152,False
2004756962890993834,HOOD,False,,15,complete,True,0.006993488331097031,0.003560426247366833,0.0,0.0029116442658918777,0.001196474215681362,12565.0,0.00443242700524051,0.5422448498862888,77.42936729009152,False
2004631668884472086,HOOD,False,,14,partial,True,-0.0034370134477461622,0.00037685381625621395,9.0,0.0011713599027867816,0.0006290243946238529,9003.0,0.0018144380786752005,-1.2630767476127382,0.26657780739753417,False
2004406869939683671,HOOD,False,,15,complete,True,-0.005134801147912649,0.002558963155128271,0.0,0.0029116442658918777,0.001196474215681362,12565.0,0.00443242700524051,-0.29476699634748393,45.45961002785515,False
2004406389360460070,HOOD,False,,15,complete,True,-0.005134801147912649,0.002558963155128271,0.0,0.0029116442658918777,0.001196474215681362,12565.0,0.00443242700524051,-0.29476699634748393,45.45961002785515,False
2004405295775469665,HOOD,False,,15,complete,True,-0.005134801147912649,0.002558963155128271,0.0,0.0029116442658918777,0.001196474215681362,12565.0,0.00443242700524051,-0.29476699634748393,45.45961002785515,False
2004280393839821311,HOOD,False,,15,complete,True,-0.005134801147912649,0.002558963155128271,0.0,0.0029116442658918777,0.001196474215681362,12565.0,0.00443242700524051,-0.29476699634748393,45.45961002785515,False
2003644305072881910,HOOD,False,,15,complete,True,-0.006544797735665409,0.002435667264571493,0.0,0.0029116442658918777,0.001196474215681362,12565.0,0.00443242700524051,-0.3978163466308613,40.477516912057304,False
2003594067750584680,HOOD,False,,15,complete,True,-0.006544797735665409,0.002435667264571493,0.0,0.0029116442658918777,0.001196474215681362,12565.0,0.00443242700524051,-0.3978163466308613,40.477516912057304,False
2003533729080463698,HOOD,False,,10,partial,True,-0.0013414186220965796,0.0007920654999661199,8.0,0.0012130827012260454,0.0006543315496727078,8409.0,0.001880772515106426,-0.6434309968249512,21.726721369960757,False
2003274479678722528,HOOD,False,,15,complete,True,-0.02121498566108604,0.0020083961882313814,0.0,0.0029116442658918777,0.001196474215681362,12565.0,0.00443242700524051,-0.7549248164500721,21.71110226820533,False
2003150133375172900,HOOD,False,,15,complete,True,0.004438263264350706,0.0008534766275555165,5.0,0.001330676993493975,0.0005685696276222905,9339.0,0.002035205833823265,-0.8392997845032096,16.693436128065102,False
2002469986930217207,HOOD,False,,15,complete,True,0.008850109599370937,0.002767269315994872,0.0,0.0029116442658918777,0.001196474215681362,12565.0,0.00443242700524051,-0.12066699641729248,53.91961798647036,False
2002233659957592280,HOOD,False,,15,complete,True,0.008850109599370937,0.002767269315994872,0.0,0.0029116442658918777,0.001196474215681362,12565.0,0.00443242700524051,-0.12066699641729248,53.91961798647036,False
2002165900158644347,HOOD,False,,15,complete,True,0.008850109599370937,0.002767269315994872,0.0,0.0029116442658918777,0.001196474215681362,12565.0,0.00443242700524051,-0.12066699641729248,53.91961798647036,False
2002156180559573460,HOOD,False,,15,complete,True,0.008850109599370937,0.002767269315994872,0.0,0.0029116442658918777,0.001196474215681362,12565.0,0.00443242700524051,-0.12066699641729248,53.91961798647036,False
2002114423843107255,HOOD,False,,15,complete,True,-0.004660845449343198,0.0010556635847647684,12.0,0.0011519743389481261,0.0005454108705395522,7659.0,0.0017347461682320395,-0.17658385519174113,50.80297688993342,False
2001849089571590259,HOOD,False,,1,insufficient,False,0.024681287499718985,,,,,,,,,False
2001830061591454199,HOOD,False,,1,insufficient,False,0.024681287499718985,,,,,,,,,False
2001820756393758881,HOOD,False,,1,insufficient,False,0.024681287499718985,,,,,,,,,False
2001782195934134614,HOOD,False,,1,insufficient,False,0.024681287499718985,,,,,,,,,False
2001781015078146176,HOOD,False,,1,insufficient,False,0.024681287499718985,,,,,,,,,False
2001487893685244103,HOOD,True,"cpi(ALL, 2025-12-18 13:30:00+00:00->2025-12-18 21:00:00+00:00)",15,complete,False,0.051672900779861974,0.004190120870943921,0.0,0.0029116442658918777,0.001196474215681362,12565.0,0.00443242700524051,1.0685366958150306,87.13091922005572,False
2001485557613105175,HOOD,True,"cpi(ALL, 2025-12-18 13:30:00+00:00->2025-12-18 21:00:00+00:00)",15,complete,False,0.051672900779861974,0.004190120870943921,0.0,0.0029116442658918777,0.001196474215681362,12565.0,0.00443242700524051,1.0685366958150306,87.13091922005572,False
2001108837214876066,HOOD,False,,15,complete,True,0.0054135198018890884,0.005230251496124219,0.0,0.0029116442658918777,0.001196474215681362,12565.0,0.00443242700524051,1.9378664411183761,95.52725825706328,True
2001079324460638565,HOOD,False,,15,complete,True,0.0054135198018890884,0.005230251496124219,0.0,0.0029116442658918777,0.001196474215681362,12565.0,0.00443242700524051,1.9378664411183761,95.52725825706328,True
2000654136061370651,HOOD,False,,14,partial,True,-0.009677819087082984,0.001551719303078983,10.0,0.001148524232943684,0.0005914157179625537,9496.0,0.0018497083075648716,0.681745611233193,82.01347935973041,False
1999277930938290615,HOOD,False,,15,complete,True,0.007041307691580068,0.0021804812283775406,0.0,0.0029116442658918777,0.001196474215681362,12565.0,0.00443242700524051,-0.611098031141405,28.91364902506964,False
1999015482482110774,HOOD,False,,15,complete,True,-0.04058553433133605,0.0052802544663175625,0.0,0.0029116442658918777,0.001196474215681362,12565.0,0.00443242700524051,1.9796583740643512,95.6625547154795,True
1998949881680113992,HOOD,False,,15,complete,True,-0.04058553433133605,0.0052802544663175625,0.0,0.0029116442658918777,0.001196474215681362,12565.0,0.00443242700524051,1.9796583740643512,95.6625547154795,True
1998948292240224313,HOOD,False,,15,complete,True,-0.04058553433133605,0.0052802544663175625,0.0,0.0029116442658918777,0.001196474215681362,12565.0,0.00443242700524051,1.9796583740643512,95.6625547154795,True
1998943350377034124,HOOD,False,,15,complete,True,-0.04058553433133605,0.0052802544663175625,0.0,0.0029116442658918777,0.001196474215681362,12565.0,0.00443242700524051,1.9796583740643512,95.6625547154795,True
1998612691603304922,HOOD,False,,15,complete,True,-0.007391712397145422,0.0025633743684157365,0.0,0.0029116442658918777,0.001196474215681362,12565.0,0.00443242700524051,-0.29108015276184634,45.682451253481894,False
1998470844457402627,HOOD,False,,14,partial,True,0.003953469796475595,0.0006753863512876263,9.0,0.0011713599027867816,0.0006290243946238529,9003.0,0.0018144380786752005,-0.7884806308596982,12.406975452626902,False
1998442329636745505,HOOD,False,,14,partial,True,-0.005618171426650442,0.0013382497794437172,5.0,0.001330676993493975,0.0005685696276222905,9339.0,0.002035205833823265,0.013319012451317247,59.67448334939501,False
1998167470356775347,HOOD,False,,15,complete,True,-0.005251784918530844,0.0023885179203086003,0.0,0.0029116442658918777,0.001196474215681362,12565.0,0.00443242700524051,-0.43722325038602694,38.424194190210905,False
1998123852615045400,HOOD,False,,12,partial,True,-0.0013398296554285594,0.0010465722428610082,11.0,0.001105216109172285,0.0005247132447824201,10594.0,0.0017115537155500346,-0.11176364784844395,55.691901076080796,False
1997881396447297603,HOOD,False,,15,complete,True,0.012028332210620274,0.002322246042229854,0.0,0.0029116442658918777,0.001196474215681362,12565.0,0.00443242700524051,-0.4926125577444024,35.50338241146041,False
1997503730674196589,HOOD,False,,15,complete,True,0.012028332210620274,0.002322246042229854,0.0,0.0029116442658918777,0.001196474215681362,12565.0,0.00443242700524051,-0.4926125577444024,35.50338241146041,False
1997096186981785964,HOOD,False,,15,complete,True,0.012028332210620274,0.002322246042229854,0.0,0.0029116442658918777,0.001196474215681362,12565.0,0.00443242700524051,-0.4926125577444024,35.50338241146041,False
1996640861103555013,HOOD,False,,14,partial,True,0.0034349849542386623,0.0009538163634750687,7.0,0.0012735096511832795,0.0008597830624624878,8488.0,0.0019450931125967405,-0.371830176315155,34.41328934967012,False
1996635903943758100,HOOD,False,,13,partial,True,0.0011889581473063515,0.0008617365665025267,6.0,0.0013312371582174533,0.0007325749655066614,8487.0,0.0020897515683504487,-0.6408908491572762,22.057264050901377,False
1996358156453310773,HOOD,False,,15,complete,True,0.004058360846962428,0.005088416766865528,0.0,0.0029116442658918777,0.001196474215681362,12565.0,0.00443242700524051,1.819322533193106,94.85873458018304,True
1996279106678497380,HOOD,False,,15,complete,True,0.0023694683138548722,0.0008964275625216335,7.0,0.0012735096511832795,0.0008597830624624878,8488.0,0.0019450931125967405,-0.4385781775947674,28.84071630537229,False
1996270789385969821,HOOD,False,,14,partial,True,0.0004982261759008955,0.0012115390870081398,6.0,0.0013312371582174533,0.0007325749655066614,8487.0,0.0020897515683504487,-0.16339361409453607,53.69388476493461,False
1995885002249338883,HOOD,False,,14,partial,True,-0.0032719193397618973,0.001515564296161326,2.0,0.0017976262622637074,0.0007520228178971939,12117.0,0.0026688411880296846,-0.37507102097125594,39.89436329124371,False
1995870549348659609,HOOD,False,,15,complete,True,0.0016317459126893308,0.001904097031022172,1.0,0.0021828618616565993,0.00099510074017627,13268.0,0.003225262983387445,-0.2801372960340151,44.626168224299064,False
1995629083766702163,HOOD,False,,15,complete,True,0.0154588465175991,0.0026608955473216033,0.0,0.0029116442658918777,0.001196474215681362,12565.0,0.00443242700524051,-0.209573023207591,49.61400716275368,False
1995629080897810492,HOOD,False,,15,complete,True,0.0154588465175991,0.0026608955473216033,0.0,0.0029116442658918777,0.001196474215681362,12565.0,0.00443242700524051,-0.209573023207591,49.61400716275368,False
1995265513669472492,HOOD,False,,15,complete,True,-0.04316640140013395,0.003659048284032746,0.0,0.0029116442658918777,0.001196474215681362,12565.0,0.00443242700524051,0.6246720642577663,79.53044170314365,False
1994963677666333024,HOOD,False,,15,complete,True,-0.04316640140013395,0.003659048284032746,0.0,0.0029116442658918777,0.001196474215681362,12565.0,0.00443242700524051,0.6246720642577663,79.53044170314365,False
1994922834477351317,HOOD,False,,15,complete,True,-0.04316640140013395,0.003659048284032746,0.0,0.0029116442658918777,0.001196474215681362,12565.0,0.00443242700524051,0.6246720642577663,79.53044170314365,False
1994922827208663383,HOOD,False,,15,complete,True,-0.04316640140013395,0.003659048284032746,0.0,0.0029116442658918777,0.001196474215681362,12565.0,0.00443242700524051,0.6246720642577663,79.53044170314365,False
1993765804903682479,HOOD,False,,15,complete,True,0.0001380686008605192,0.0010566002003652977,10.0,0.001148524232943684,0.0005914157179625537,9496.0,0.0018497083075648716,-0.15543048618164496,55.8972198820556,False
1993536039651361023,HOOD,False,,15,complete,True,0.08296934452060278,0.0038648608825746097,0.0,0.0029116442658918777,0.001196474215681362,12565.0,0.00443242700524051,0.7966879722016401,82.6024671707123,False
1993466831252926864,HOOD,False,,15,complete,True,0.08296934452060278,0.0038648608825746097,0.0,0.0029116442658918777,0.001196474215681362,12565.0,0.00443242700524051,0.7966879722016401,82.6024671707123,False
1993465691421478944,HOOD,False,,15,complete,True,0.08296934452060278,0.0038648608825746097,0.0,0.0029116442658918777,0.001196474215681362,12565.0,0.00443242700524051,0.7966879722016401,82.6024671707123,False
1993408593752998351,HOOD,False,,15,complete,True,0.00230194591428301,0.0009001566876048382,10.0,0.001148524232943684,0.0005914157179625537,9496.0,0.0018497083075648716,-0.4199542517985149,40.796124684077505,False
1993032173956559022,HOOD,False,,15,complete,True,0.005197954169716024,0.0009734145377154441,9.0,0.0011713599027867816,0.0006290243946238529,9003.0,0.0018144380786752005,-0.31468630908934114,43.91869376874375,False
1992968981947572531,HOOD,False,,15,complete,True,0.02083964900102875,0.0020554460338258478,0.0,0.0029116442658918777,0.001196474215681362,12565.0,0.00443242700524051,-0.7156010725884691,23.50974930362117,False
1992401670345732602,HOOD,False,,15,complete,True,0.012453258846307769,0.0038304047999460243,0.0,0.0029116442658918777,0.001196474215681362,12565.0,0.00443242700524051,0.7678899570192038,82.24432948666932,False
1992401666906509404,HOOD,False,,15,complete,True,0.012453258846307769,0.0038304047999460243,0.0,0.0029116442658918777,0.001196474215681362,12565.0,0.00443242700524051,0.7678899570192038,82.24432948666932,False
1991995565950050466,HOOD,False,,15,complete,True,0.012453258846307769,0.0038304047999460243,0.0,0.0029116442658918777,0.001196474215681362,12565.0,0.00443242700524051,0.7678899570192038,82.24432948666932,False
1991338259864224004,HOOD,True,"jobs_report(ALL, 2025-11-20 13:30:00+00:00->2025-11-20 21:00:00+00:00)",1,insufficient,False,0.011918999943370867,,,,,,,,,False
1991329300109488445,HOOD,True,"jobs_report(ALL, 2025-11-20 13:30:00+00:00->2025-11-20 21:00:00+00:00)",1,insufficient,False,0.011918999943370867,,,,,,,,,False
1991325899200033290,HOOD,True,"jobs_report(ALL, 2025-11-20 13:30:00+00:00->2025-11-20 21:00:00+00:00)",1,insufficient,False,0.011918999943370867,,,,,,,,,False
1991325596664885738,HOOD,True,"jobs_report(ALL, 2025-11-20 13:30:00+00:00->2025-11-20 21:00:00+00:00)",1,insufficient,False,0.011918999943370867,,,,,,,,,False
1990903812497027495,HOOD,False,,15,complete,True,0.009589845381180906,0.0026479411945695024,0.0,0.0029116442658918777,0.001196474215681362,12565.0,0.00443242700524051,-0.22040012886713395,49.12853163549543,False
1990822181304193403,HOOD,False,,15,complete,True,-0.008813049738662815,0.0017464010554337974,4.0,0.0013876350240362,0.0005670153025844496,10096.0,0.0021037711431760335,0.6327272469761321,80.23969889064976,False
1990658075066577342,HOOD,False,,15,complete,True,-0.015087580567910486,0.006670945118217412,0.0,0.0029116442658918777,0.001196474215681362,12565.0,0.00443242700524051,3.1419823369822533,98.7425387982491,True
1990520407238324427,HOOD,False,,15,complete,True,0.015132846553148838,0.0020785240524573844,12.0,0.0011519743389481261,0.0005454108705395522,7659.0,0.0017347461682320395,1.6988104996746054,95.1168559864212,True
1990502364269429223,HOOD,False,,15,complete,True,0.0007331462722773852,0.0016883148991605516,9.0,0.0011713599027867816,0.0006290243946238529,9003.0,0.0018144380786752005,0.8218361653253549,87.13762079306898,False
1990211285284528272,HOOD,False,,1,insufficient,False,-0.0024564825646117283,,,,,,,,,False
1989882407558971803,HOOD,False,,1,insufficient,False,-0.0024564825646117283,,,,,,,,,False
1989462523910000662,HOOD,False,,1,insufficient,False,-0.0024564825646117283,,,,,,,,,False
1989462522454528327,HOOD,False,,1,insufficient,False,-0.0024564825646117283,,,,,,,,,False
1989447367402426722,HOOD,False,,1,insufficient,False,-0.0024564825646117283,,,,,,,,,False
1989195734193951031,HOOD,False,,15,complete,True,-0.013929449672361316,0.007759641598420548,0.0,0.0029116442658918777,0.001196474215681362,12565.0,0.00443242700524051,4.051902890166218,99.40310385992838,True
1989195587296862319,HOOD,False,,15,complete,True,-0.013929449672361316,0.007759641598420548,0.0,0.0029116442658918777,0.001196474215681362,12565.0,0.00443242700524051,4.051902890166218,99.40310385992838,True
1989060437326090735,HOOD,False,,15,complete,True,0.005930351770630393,0.0016719577247243237,10.0,0.001148524232943684,0.0005914157179625537,9496.0,0.0018497083075648716,0.885051708777516,85.78348778433025,False
1989014619495755840,HOOD,False,,11,partial,True,0.002070835141010363,0.0011820727391234382,4.0,0.0013876350240362,0.0005670153025844496,10096.0,0.0021037711431760335,-0.3625339280541657,43.234944532488115,False
1988662096503111807,HOOD,False,,14,partial,True,-0.0002599242304754945,0.0014610958565970014,6.0,0.0013312371582174533,0.0007325749655066614,8487.0,0.0020897515683504487,0.17726335800969603,71.01449275362319,False
1988429787975860655,HOOD,False,,15,complete,True,-0.005061519573938078,0.0019731114119668474,0.0,0.0029116442658918777,0.001196474215681362,12565.0,0.00443242700524051,-0.7844154446659424,20.230799840827697,False
1988312387146133915,HOOD,False,,11,partial,True,0.0017072680096714699,0.001400969538058436,7.0,0.0012735096511832795,0.0008597830624624878,8488.0,0.0019450931125967405,0.14824656641886058,71.37134778510838,False
1988277941277782381,HOOD,False,,15,complete,True,0.0022394077191498774,0.0016705379192648233,3.0,0.0015456034290746595,0.0006413860046589412,11150.0,0.0022904170316356345,0.19478830108960368,67.89237668161435,False
1988055934946759023,HOOD,False,,14,partial,True,-0.0176340866053597,0.0033654098327526084,0.0,0.0029116442658918777,0.001196474215681362,12565.0,0.00443242700524051,0.37925227381713583,73.14763231197772,False
1988039525097173249,HOOD,False,,14,partial,True,-0.0176340866053597,0.0033654098327526084,0.0,0.0029116442658918777,0.001196474215681362,12565.0,0.00443242700524051,0.37925227381713583,73.14763231197772,False
1987636012739420357,HOOD,False,,15,complete,True,0.05068934256977187,0.004515321727926593,0.0,0.0029116442658918777,0.001196474215681362,12565.0,0.00443242700524051,1.3403359980653335,90.8157580580979,True
1987635521838047459,HOOD,False,,15,complete,True,0.05068934256977187,0.004515321727926593,0.0,0.0029116442658918777,0.001196474215681362,12565.0,0.00443242700524051,1.3403359980653335,90.8157580580979,True
1986889205415616817,HOOD,False,,15,complete,True,-0.016295188123538917,0.0023032021269258117,11.0,0.001105216109172285,0.0005247132447824201,10594.0,0.0017115537155500346,2.2831251729700264,96.68680385123655,True
1986536542601683162,HOOD,True,"earnings(HOOD, 2025-11-05 21:00:00+00:00->2025-11-06 21:00:00+00:00)",12,partial,False,0.006078836746312155,0.0016917927505611145,12.0,0.0011519743389481261,0.0005454108705395522,7659.0,0.0017347461682320395,0.9897463376169392,88.94111502807155,False
1986272024248148335,HOOD,True,"earnings(HOOD, 2025-11-05 21:00:00+00:00->2025-11-06 21:00:00+00:00)",15,complete,False,-0.05300600891142504,0.0058401512232437395,0.0,0.0029116442658918777,0.001196474215681362,12565.0,0.00443242700524051,2.44761393013735,97.27815360127337,True
1986253069575987354,HOOD,True,"earnings(HOOD, 2025-11-05 21:00:00+00:00->2025-11-06 21:00:00+00:00)",15,complete,False,-0.05300600891142504,0.0058401512232437395,0.0,0.0029116442658918777,0.001196474215681362,12565.0,0.00443242700524051,2.44761393013735,97.27815360127337,True
1986253067617255660,HOOD,True,"earnings(HOOD, 2025-11-05 21:00:00+00:00->2025-11-06 21:00:00+00:00)",15,complete,False,-0.05300600891142504,0.0058401512232437395,0.0,0.0029116442658918777,0.001196474215681362,12565.0,0.00443242700524051,2.44761393013735,97.27815360127337,True
1986191795986780549,HOOD,True,"earnings(HOOD, 2025-11-05 21:00:00+00:00->2025-11-06 21:00:00+00:00)",15,complete,False,-0.05300600891142504,0.0058401512232437395,0.0,0.0029116442658918777,0.001196474215681362,12565.0,0.00443242700524051,2.44761393013735,97.27815360127337,True
1986112854668550308,HOOD,False,,15,complete,True,0.0023076824630607895,0.0009195548318635511,4.0,0.0013876350240362,0.0005670153025844496,10096.0,0.0021037711431760335,-0.8255159782093084,18.155705229793977,False
1985813706211803476,HOOD,False,,6,insufficient,False,-0.0112896686611067,0.0008551155255805619,12.0,0.0011519743389481261,0.0005454108705395522,7659.0,0.0017347461682320395,-0.5442847390883395,29.23358140749445,False
1985794602859970649,HOOD,False,,15,complete,True,-0.003544235628662573,0.0009974090319176852,10.0,0.001148524232943684,0.0005914157179625537,9496.0,0.0018497083075648716,-0.25551434707652954,50.800336983993255,False
1985771116691087613,HOOD,False,,13,partial,True,-0.0006279327459758344,0.0015813257978915204,7.0,0.0012735096511832795,0.0008597830624624878,8488.0,0.0019450931125967405,0.35801606259447666,79.85391140433553,False
1985431247095808489,HOOD,False,,14,partial,True,0.0008166228971456801,0.0007640491284148933,10.0,0.001148524232943684,0.0005914157179625537,9496.0,0.0018497083075648716,-0.6500928075657506,25.052653748946923,False
1984385007042089328,HOOD,False,,15,complete,True,-0.006525796839936704,0.003257069887382366,0.0,0.0029116442658918777,0.001196474215681362,12565.0,0.00443242700524051,0.28870293815214154,70.09948269001194,False
1983964742919319976,HOOD,False,,14,partial,True,-0.006475852370967816,0.0009516402057064884,10.0,0.001148524232943684,0.0005914157179625537,9496.0,0.0018497083075648716,-0.3329029331778118,46.14574557708509,False
1983328781524935096,HOOD,False,,14,partial,True,-0.011227535494829355,0.0036832446554925895,0.0,0.0029116442658918777,0.001196474215681362,12565.0,0.00443242700524051,0.6448951256014362,79.88857938718664,False
1982868325140230506,HOOD,False,,15,complete,True,0.00011189680352274856,0.0006958084674216782,8.0,0.0012130827012260454,0.0006543315496727078,8409.0,0.001880772515106426,-0.7905384266785,12.855274111071472,False
1982868323735089546,HOOD,False,,15,complete,True,0.00011189680352274856,0.0006958084674216782,8.0,0.0012130827012260454,0.0006543315496727078,8409.0,0.001880772515106426,-0.7905384266785,12.855274111071472,False
1982863923604033904,HOOD,False,,15,complete,True,0.002454252736904916,0.0009740210454254729,8.0,0.0012130827012260454,0.0006543315496727078,8409.0,0.001880772515106426,-0.3653524821172837,41.36044713996908,False
1981791418910949698,HOOD,True,"cpi(ALL, 2025-10-24 12:30:00+00:00->2025-10-24 20:00:00+00:00)",13,partial,False,0.000681930268585762,0.0007326816539536306,10.0,0.001148524232943684,0.0005914157179625537,9496.0,0.0018497083075648716,-0.7031307528021821,21.18786857624263,False
1981530430550819291,HOOD,True,"cpi(ALL, 2025-10-24 12:30:00+00:00->2025-10-24 20:00:00+00:00)",15,complete,False,0.03866831377567159,0.004085715647553644,0.0,0.0029116442658918777,0.001196474215681362,12565.0,0.00443242700524051,0.9812759575375904,85.81774771189814,False
1981530428684325094,HOOD,True,"cpi(ALL, 2025-10-24 12:30:00+00:00->2025-10-24 20:00:00+00:00)",15,complete,False,0.03866831377567159,0.004085715647553644,0.0,0.0029116442658918777,0.001196474215681362,12565.0,0.00443242700524051,0.9812759575375904,85.81774771189814,False
1981472545506525478,HOOD,True,"cpi(ALL, 2025-10-24 12:30:00+00:00->2025-10-24 20:00:00+00:00)",15,complete,False,0.03866831377567159,0.004085715647553644,0.0,0.0029116442658918777,0.001196474215681362,12565.0,0.00443242700524051,0.9812759575375904,85.81774771189814,False
1981405533501608229,HOOD,False,,15,complete,True,-0.0009930616383428958,0.000842849119936794,7.0,0.0012735096511832795,0.0008597830624624878,8488.0,0.0019450931125967405,-0.5008944116822204,22.973609802073515,False
1981385174949769533,HOOD,False,,14,partial,True,0.003296091117075406,0.0013690590469867408,4.0,0.0013876350240362,0.0005670153025844496,10096.0,0.0021037711431760335,-0.03276098010898487,58.08240887480191,False
1979347061863780699,HOOD,False,,15,complete,True,0.03698828304625246,0.00190447072546629,0.0,0.0029116442658918777,0.001196474215681362,12565.0,0.00443242700524051,-0.8417845760696377,17.51691205730203,False
1978900057761157370,HOOD,False,,14,partial,True,-0.00015329826605459118,0.0013258647667975844,11.0,0.001105216109172285,0.0005247132447824201,10594.0,0.0017115537155500346,0.42051284166991926,76.30734377949783,False
1977535866601185282,HOOD,False,,1,insufficient,False,,,,,,,,,,False
1976730288492265624,HOOD,False,,15,complete,True,-0.011221437243649102,0.0010945333574200059,11.0,0.001105216109172285,0.0005247132447824201,10594.0,0.0017115537155500346,-0.02035921878951009,60.44931093071549,False
1976726462456537300,HOOD,False,,15,complete,True,-0.007146184195033878,0.0008743438170961606,11.0,0.001105216109172285,0.0005247132447824201,10594.0,0.0017115537155500346,-0.43999707339550553,37.37964885784406,False
1976071089974304833,HOOD,False,,15,complete,True,-0.01883753186129644,0.0023549289615525464,0.0,0.0029116442658918777,0.001196474215681362,12565.0,0.00443242700524051,-0.4652965329656485,36.84838838042181,False
1974305906688225711,HOOD,False,,15,complete,True,-0.0047996639261074225,0.0032714318567378287,0.0,0.0029116442658918777,0.001196474215681362,12565.0,0.00443242700524051,0.30070651429881506,70.47353760445682,False
1974191753021251830,HOOD,False,,15,complete,True,0.002162188395412712,0.0005309155431836099,11.0,0.001105216109172285,0.0005247132447824201,10594.0,0.0017115537155500346,-1.0945036583302123,4.68189541249764,False
1974174821388071306,HOOD,False,,15,complete,True,0.008515301670380282,0.0009503752545240857,9.0,0.0011713599027867816,0.0006290243946238529,9003.0,0.0018144380786752005,-0.35131331972401714,41.77496390092191,False
1973651755562094734,HOOD,False,,15,complete,True,0.016703532857676562,0.003114039456859796,0.0,0.0029116442658918777,0.001196474215681362,12565.0,0.00443242700524051,0.16915967625149309,66.27138877835257,False
1973650654527901759,HOOD,False,,15,complete,True,0.016703532857676562,0.003114039456859796,0.0,0.0029116442658918777,0.001196474215681362,12565.0,0.00443242700524051,0.16915967625149309,66.27138877835257,False
1973646691569115458,HOOD,False,,15,complete,True,0.016703532857676562,0.003114039456859796,0.0,0.0029116442658918777,0.001196474215681362,12565.0,0.00443242700524051,0.16915967625149309,66.27138877835257,False
1973609608892784950,HOOD,False,,15,complete,True,0.016703532857676562,0.003114039456859796,0.0,0.0029116442658918777,0.001196474215681362,12565.0,0.00443242700524051,0.16915967625149309,66.27138877835257,False
1973549300694298754,HOOD,False,,15,complete,True,0.016703532857676562,0.003114039456859796,0.0,0.0029116442658918777,0.001196474215681362,12565.0,0.00443242700524051,0.16915967625149309,66.27138877835257,False
1973087653810626908,HOOD,False,,15,complete,True,0.0009777531222689984,0.0005671533067807667,9.0,0.0011713599027867816,0.0006290243946238529,9003.0,0.0018144380786752005,-0.9605455705216669,5.120515383760969,False
1973087649603743851,HOOD,False,,15,complete,True,0.0009777531222689984,0.0005671533067807667,9.0,0.0011713599027867816,0.0006290243946238529,9003.0,0.0018144380786752005,-0.9605455705216669,5.120515383760969,False
1973086952522952931,HOOD,False,,15,complete,True,0.0007214118717484563,0.0005728539911302137,9.0,0.0011713599027867816,0.0006290243946238529,9003.0,0.0018144380786752005,-0.9514828308279927,5.2649116961013,False
1972796566248530329,HOOD,False,,15,complete,True,0.041764783600886646,0.00363232400995791,0.0,0.0029116442658918777,0.001196474215681362,12565.0,0.00443242700524051,0.6023362096905894,78.91762833267012,False
1972796561890607591,HOOD,False,,15,complete,True,0.041764783600886646,0.00363232400995791,0.0,0.0029116442658918777,0.001196474215681362,12565.0,0.00443242700524051,0.6023362096905894,78.91762833267012,False
1972651434144674024,HOOD,False,,15,complete,True,0.03156677599932056,0.0014672834805084453,0.0,0.0029116442658918777,0.001196474215681362,12565.0,0.00443242700524051,-1.207180870639076,4.186231595702348,False
1971999438622413017,HOOD,False,,15,complete,True,0.03156677599932056,0.0014672834805084453,0.0,0.0029116442658918777,0.001196474215681362,12565.0,0.00443242700524051,-1.207180870639076,4.186231595702348,False
1971656850316861892,HOOD,False,,15,complete,True,0.0010778703984133386,0.0005999998438183997,11.0,0.001105216109172285,0.0005247132447824201,10594.0,0.0017115537155500346,-0.962842600939834,9.56201623560506,False
1971644188371636393,HOOD,False,,14,partial,True,-0.0006861469474814808,0.0005888816537520023,10.0,0.001148524232943684,0.0005914157179625537,9496.0,0.0018497083075648716,-0.9462761340190087,7.982308340353833,False
1971349964388475208,HOOD,False,,1,insufficient,False,0.0033824317640260837,,,,,,,,,False
1971349963067249136,HOOD,False,,1,insufficient,False,0.0033824317640260837,,,,,,,,,False
1971318059462951258,HOOD,False,,1,insufficient,False,0.0033824317640260837,,,,,,,,,False
1971311763972087889,HOOD,False,,1,insufficient,False,0.0033824317640260837,,,,,,,,,False
1970914244330913976,HOOD,False,,15,complete,True,-0.0006164454151800225,0.0005717133357687153,9.0,0.0011713599027867816,0.0006290243946238529,9003.0,0.0018144380786752005,-0.9532962030457435,5.253804287459736,False
1970898727453016520,HOOD,False,,15,complete,True,-0.0031257834745425095,0.0006865269232564915,7.0,0.0012735096511832795,0.0008597830624624878,8488.0,0.0019450931125967405,-0.6827102714091883,10.167295004712535,False
1970845165129757011,HOOD,False,,15,complete,True,-0.010400795846029376,0.002568876321178512,0.0,0.0029116442658918777,0.001196474215681362,12565.0,0.00443242700524051,-0.2864816811101674,45.825706327099084,False
1968756461023977880,HOOD,False,,15,complete,True,-0.0014477659973151091,0.00069802662266831,11.0,0.001105216109172285,0.0005247132447824201,10594.0,0.0017115537155500346,-0.7760228859342438,18.76533887105909,False
1968756357848240204,HOOD,False,,15,complete,True,-0.0007657639270846062,0.0006301050492728998,11.0,0.001105216109172285,0.0005247132447824201,10594.0,0.0017115537155500346,-0.9054680144321432,12.252218236737775,False
1968720181363896782,HOOD,False,,15,complete,True,-0.0044438881606163605,0.0006441551790673966,6.0,0.0013312371582174533,0.0007325749655066614,8487.0,0.0020897515683504487,-0.9378998894329661,5.349357841404501,False
1968720089202454691,HOOD,False,,15,complete,True,-0.0038528150311072373,0.0007173816813274645,6.0,0.0013312371582174533,0.0007325749655066614,8487.0,0.0020897515683504487,-0.8379421981277176,9.909273005773537,False
1968719993740169305,HOOD,False,,15,complete,True,-0.0038528150311072373,0.0007173816813274645,6.0,0.0013312371582174533,0.0007325749655066614,8487.0,0.0020897515683504487,-0.8379421981277176,9.909273005773537,False
1968466396649574680,HOOD,False,,15,complete,True,0.02455377290969052,0.00291703658806686,0.0,0.0029116442658918777,0.001196474215681362,12565.0,0.00443242700524051,0.004506843611261229,59.992041384799045,False
1968466119234072707,HOOD,False,,15,complete,True,0.02455377290969052,0.00291703658806686,0.0,0.0029116442658918777,0.001196474215681362,12565.0,0.00443242700524051,0.004506843611261229,59.992041384799045,False
1967656323392405622,HOOD,False,,15,complete,True,-0.005961920425512912,0.0011711214980697341,9.0,0.0011713599027867816,0.0006290243946238529,9003.0,0.0018144380786752005,-0.00037900710860354185,63.40108852604688,False
1967569281295716404,HOOD,False,,2,insufficient,False,,0.0,,,,,,,,False
1965945691450257873,HOOD,False,,1,insufficient,False,,,,,,,,,,False
1965944644589728222,HOOD,False,,1,insufficient,False,,,,,,,,,,False
1965943866089168959,HOOD,False,,1,insufficient,False,,,,,,,,,,False
1965569661304504803,HOOD,False,,5,insufficient,False,0.005042527868454716,0.0018268034194314357,,,,,,,,False
1965134557914824966,HOOD,False,,15,complete,True,0.00037072048930442136,0.0007518213800123927,11.0,0.001105216109172285,0.0005247132447824201,10594.0,0.0017115537155500346,-0.6735006838000295,24.070228431187466,False
1965127523920121893,HOOD,False,,15,complete,True,0.005721723540279555,0.0011856580116430793,10.0,0.001148524232943684,0.0005914157179625537,9496.0,0.0018497083075648716,0.06278794690699523,64.95366470092671,False
1964123867502563519,HOOD,False,,2,insufficient,False,,0.0,,,,,,,,False
1964090320456421593,HOOD,False,,2,insufficient,False,,0.0,,,,,,,,False
1961900833928544628,HOOD,False,,15,complete,True,-0.02516428148514105,0.004210689561987598,0.0,0.0029116442658918777,0.001196474215681362,12565.0,0.00443242700524051,1.0857277817357283,87.3298846000796,False
1961600363481710805,HOOD,False,,15,complete,True,-0.02516428148514105,0.004210689561987598,0.0,0.0029116442658918777,0.001196474215681362,12565.0,0.00443242700524051,1.0857277817357283,87.3298846000796,False
1961287570299785320,HOOD,False,,1,insufficient,False,-0.00759046884462955,,,,,,,,,False
1960792131171483796,HOOD,False,,9,partial,True,-0.005330682577113555,0.0009855568816919962,12.0,0.0011519743389481261,0.0005454108705395522,7659.0,0.0017347461682320395,-0.3051231030498166,43.54354354354354,False
1960504650119176647,HOOD,False,,15,complete,True,-0.010840803830226786,0.002429126412292292,0.0,0.0029116442658918777,0.001196474215681362,12565.0,0.00443242700524051,-0.4032831190806764,40.20692399522483,False
1960082176273494030,HOOD,False,,15,complete,True,-0.012090262541198493,0.003219074150929355,0.0,0.0029116442658918777,0.001196474215681362,12565.0,0.00443242700524051,0.25694651920468164,69.07282132908874,False
1958994577899364843,HOOD,False,,1,insufficient,False,-0.01039635376618775,,,,,,,,,False
1958994061970612720,HOOD,False,,1,insufficient,False,-0.01039635376618775,,,,,,,,,False
1958223023095599110,HOOD,False,,15,complete,True,-0.0020951090237766312,0.000956919761577757,8.0,0.0012130827012260454,0.0006543315496727078,8409.0,0.001880772515106426,-0.39148798461027806,39.30312760137947,False
1958199677649838125,HOOD,False,,15,complete,True,0.004489544305155135,0.0016498309606797796,5.0,0.001330676993493975,0.0005685696276222905,9339.0,0.002035205833823265,0.5613278509449741,77.7278081165007,False
1958042956751118410,HOOD,False,,1,insufficient,False,,,,,,,,,,False
1957538650717319442,HOOD,False,,2,insufficient,False,,0.0,,,,,,,,False
1957521317085012138,HOOD,False,,14,partial,True,0.0025491561091297577,0.0007535875930441377,11.0,0.001105216109172285,0.0005247132447824201,10594.0,0.0017115537155500346,-0.670134629961466,24.268453841797243,False
1956474493112930778,HOOD,False,,15,complete,True,-0.01631833933318594,0.003642276340994567,0.0,0.0029116442658918777,0.001196474215681362,12565.0,0.00443242700524051,0.6106542585931222,79.1484281734978,False
1956116274158952918,HOOD,False,,1,insufficient,False,,,,,,,,,,False
1956036819864445221,HOOD,False,,15,complete,True,0.00034446463422721507,0.0007626887254902446,6.0,0.0013312371582174533,0.0007325749655066614,8487.0,0.0020897515683504487,-0.7760959075826334,12.819606456934135,False
1955781532330942777,HOOD,False,,2,insufficient,False,-0.009134683129922605,0.0,,,,,,,,False
1955761344390815995,HOOD,False,,2,insufficient,False,-0.009134683129922605,0.0,,,,,,,,False
1954189762505371883,HOOD,False,,6,insufficient,False,0.001829517053834273,0.004677597869928054,,,,,,,,False
1953843512270614571,HOOD,False,,15,complete,True,-0.003924009431506503,0.0009678623322380042,4.0,0.0013876350240362,0.0005670153025844496,10096.0,0.0021037711431760335,-0.7403198641815775,22.414817749603806,False
1953229588064251976,HOOD,False,,2,insufficient,False,0.010962838017995358,0.0,,,,,,,,False
1952902953180012986,HOOD,False,,1,insufficient,False,-0.008517296305565636,,,,,,,,,False
1952902698942251181,HOOD,False,,1,insufficient,False,-0.008517296305565636,,,,,,,,,False
1951456743613145565,HOOD,False,,15,complete,True,-0.007224158086085231,0.0074056176147003295,0.0,0.0029116442658918777,0.001196474215681362,12565.0,0.00443242700524051,3.7560135353600135,99.15638678869877,True
1951439420957339828,HOOD,False,,15,complete,True,-0.007224158086085231,0.0074056176147003295,0.0,0.0029116442658918777,0.001196474215681362,12565.0,0.00443242700524051,3.7560135353600135,99.15638678869877,True
1951411721517584438,HOOD,False,,15,complete,True,-0.007224158086085231,0.0074056176147003295,0.0,0.0029116442658918777,0.001196474215681362,12565.0,0.00443242700524051,3.7560135353600135,99.15638678869877,True
1951356948118446546,HOOD,True,"jobs_report(ALL, 2025-08-01 12:30:00+00:00->2025-08-01 20:00:00+00:00)",15,complete,False,0.00034450217665216165,0.0014813541523506163,10.0,0.001148524232943684,0.0005914157179625537,9496.0,0.0018497083075648716,0.5627681329700572,79.46503791069924,False
1950929498356031608,HOOD,True,"earnings(HOOD, 2025-07-30 20:00:00+00:00->2025-07-31 20:00:00+00:00)",15,complete,False,0.0009157237440653443,0.002859424178963985,2.0,0.0017976262622637074,0.0007520228178971939,12117.0,0.0026688411880296846,1.4119224728702737,92.52290170834365,True
1950662709688909911,HOOD,True,"earnings(HOOD, 2025-07-30 20:00:00+00:00->2025-07-31 20:00:00+00:00)",15,complete,False,-0.02995394481600777,0.004816545332107756,0.0,0.0029116442658918777,0.001196474215681362,12565.0,0.00443242700524051,1.5920953759384489,93.28292877039395,True
1950232690088911117,HOOD,False,,13,partial,True,0.0026157669680925144,0.0010977767369853848,6.0,0.0013312371582174533,0.0007325749655066614,8487.0,0.0020897515683504487,-0.31868468378605225,44.93931895840698,False
1950215604117414101,HOOD,False,,15,complete,True,-0.003318466527051922,0.002168919333230534,3.0,0.0015456034290746595,0.0006413860046589412,11150.0,0.0022904170316356345,0.9718264814451704,87.32735426008969,False
1949989681795682807,HOOD,False,,1,insufficient,False,,,,,,,,,,False
1949979787344093495,HOOD,False,,1,insufficient,False,,,,,,,,,,False
1949952339369918977,HOOD,False,,1,insufficient,False,,,,,,,,,,False
1949881999272915212,HOOD,False,,14,partial,True,0.0031619018383750586,0.0009142832716208331,7.0,0.0012735096511832795,0.0008597830624624878,8488.0,0.0019450931125967405,-0.41781048644246743,30.513666352497644,False
1949225243840827830,HOOD,False,,1,insufficient,False,,,,,,,,,,False
1948773113543672143,HOOD,False,,15,complete,True,0.002986206733456176,0.0015067326983960302,4.0,0.0013876350240362,0.0005670153025844496,10096.0,0.0021037711431760335,0.2100431396066108,67.7000792393027,False
1948222848499130396,HOOD,False,,1,insufficient,False,0.0050182189827763235,,,,,,,,,False
1948194160709947756,HOOD,False,,1,insufficient,False,0.0050182189827763235,,,,,,,,,False
1947340483937636363,HOOD,False,,15,complete,True,0.0027372735342954257,0.0008010140768173805,6.0,0.0013312371582174533,0.0007325749655066614,8487.0,0.0020897515683504487,-0.723779962960325,16.165900789442677,False
1947326228412666186,HOOD,False,,15,complete,True,-0.008062078640239334,0.0015763648975836587,5.0,0.001330676993493975,0.0005685696276222905,9339.0,0.002035205833823265,0.4321157729038911,74.07645358175394,False
1947034762356670583,HOOD,False,,1,insufficient,False,,,,,,,,,,False
1946656962097054166,HOOD,False,,1,insufficient,False,,,,,,,,,,False
1946360824739627490,HOOD,False,,1,insufficient,False,,,,,,,,,,False
1946022029804847599,HOOD,False,,4,insufficient,False,,0.00235392635051204,,,,,,,,False
1946022025996407186,HOOD,False,,4,insufficient,False,,0.00235392635051204,,,,,,,,False
1946020698411163934,HOOD,False,,4,insufficient,False,,0.00235392635051204,,,,,,,,False
1945942804062142674,HOOD,False,,4,insufficient,False,,0.00235392635051204,,,,,,,,False
1945942543906271350,HOOD,False,,4,insufficient,False,,0.00235392635051204,,,,,,,,False
1945596799395217450,HOOD,False,,15,complete,True,0.00528925817145276,0.002158949231823292,0.0,0.0029116442658918777,0.001196474215681362,12565.0,0.00443242700524051,-0.6290942372209372,27.815360127337847,False
1944453260615594367,HOOD,False,,1,insufficient,False,,,,,,,,,,False
1944157554176626997,HOOD,False,,1,insufficient,False,,,,,,,,,,False
1944035267389927690,HOOD,False,,1,insufficient,False,,,,,,,,,,False
1943751870281134442,HOOD,False,,14,partial,True,0.0010809804050335714,0.000872304862479133,11.0,0.001105216109172285,0.0005247132447824201,10594.0,0.0017115537155500346,-0.44388291892599724,37.143666226165756,False
1943634773034803437,HOOD,False,,15,complete,True,0.0010871910580541044,0.004018108851581979,0.0,0.0029116442658918777,0.001196474215681362,12565.0,0.00443242700524051,0.924770940475301,84.64783127735774,False
1943460219641815546,HOOD,False,,15,complete,True,0.0010871910580541044,0.004018108851581979,0.0,0.0029116442658918777,0.001196474215681362,12565.0,0.00443242700524051,0.924770940475301,84.64783127735774,False
1943457476738777431,HOOD,False,,15,complete,True,0.0010871910580541044,0.004018108851581979,0.0,0.0029116442658918777,0.001196474215681362,12565.0,0.00443242700524051,0.924770940475301,84.64783127735774,False
1943405387132059932,HOOD,False,,15,complete,True,0.0010871910580541044,0.004018108851581979,0.0,0.0029116442658918777,0.001196474215681362,12565.0,0.00443242700524051,0.924770940475301,84.64783127735774,False
1943404400711536825,HOOD,False,,15,complete,True,0.0010871910580541044,0.004018108851581979,0.0,0.0029116442658918777,0.001196474215681362,12565.0,0.00443242700524051,0.924770940475301,84.64783127735774,False
1943402639657447761,HOOD,False,,15,complete,True,0.0010871910580541044,0.004018108851581979,0.0,0.0029116442658918777,0.001196474215681362,12565.0,0.00443242700524051,0.924770940475301,84.64783127735774,False
1942940277888483479,HOOD,False,,15,complete,True,0.009645088778019062,0.002860638561205951,0.0,0.0029116442658918777,0.001196474215681362,12565.0,0.00443242700524051,-0.04263000741464381,58.00238758456029,False
1942842602778415358,HOOD,False,,1,insufficient,False,,,,,,,,,,False
1942632139503116622,HOOD,False,,15,complete,True,0.0034703918287488644,0.0014948034900875,7.0,0.0012735096511832795,0.0008597830624624878,8488.0,0.0019450931125967405,0.25738334303820437,75.94250706880301,False
1942548421937881173,HOOD,False,,2,insufficient,False,,0.0,,,,,,,,False
1942270088096240100,HOOD,False,,15,complete,True,0.004700252902667623,0.0010313316247190362,7.0,0.0012735096511832795,0.0008597830624624878,8488.0,0.0019450931125967405,-0.28167340930237217,42.16540999057493,False
1942268851720269928,HOOD,False,,15,complete,True,0.007469268862351663,0.0011433916792620829,7.0,0.0012735096511832795,0.0008597830624624878,8488.0,0.0019450931125967405,-0.15133814284329852,52.79217719132894,False
1941263575143825909,HOOD,False,,15,complete,True,-0.01185313622507822,0.0043838940801390665,0.0,0.0029116442658918777,0.001196474215681362,12565.0,0.00443242700524051,1.2304902144579686,89.5901313171508,False
1940753870453641305,HOOD,True,"jobs_report(ALL, 2025-07-03 12:30:00+00:00->2025-07-03 20:00:00+00:00)",15,complete,False,-0.04231442343673941,0.004383074882702229,0.0,0.0029116442658918777,0.001196474215681362,12565.0,0.00443242700524051,1.2298055382433866,89.56625547154795,False
1940556310082474118,HOOD,False,,5,insufficient,False,-0.027575673650255816,0.0018012338056142304,,,,,,,,False
1940547859532612028,HOOD,False,,5,insufficient,False,-0.027575673650255816,0.0018012338056142304,,,,,,,,False
1940344130044862860,HOOD,False,,2,insufficient,False,,0.0,,,,,,,,False
1940308314144883074,HOOD,False,,2,insufficient,False,,0.0,,,,,,,,False
1939713633392480417,HOOD,False,,15,complete,True,0.003467083611288224,0.0027196313000791205,4.0,0.0013876350240362,0.0005670153025844496,10096.0,0.0021037711431760335,2.3491363812787696,96.69175911251982,True
1939702282838536251,HOOD,False,,15,complete,True,0.01317282823022714,0.002675188980024794,3.0,0.0015456034290746595,0.0006413860046589412,11150.0,0.0022904170316356345,1.7611633910702418,95.02242152466368,True
1939681717113192789,HOOD,False,,15,complete,True,0.028214226326633174,0.002114982447131861,0.0,0.0029116442658918777,0.001196474215681362,12565.0,0.00443242700524051,-0.6658411926631763,25.738161559888578,False
1939665834420457685,HOOD,False,,15,complete,True,0.038144670092535415,0.0030808936829667265,0.0,0.0029116442658918777,0.001196474215681362,12565.0,0.00443242700524051,0.14145680270967273,65.30839633903702,False
1939350979066867790,HOOD,False,,1,insufficient,False,0.020324047442756177,,,,,,,,,False
1938640085865336863,HOOD,False,,15,complete,True,-0.0022909847587359033,0.0009083096138139761,6.0,0.0013312371582174533,0.0007325749655066614,8487.0,0.0020897515683504487,-0.5773164035314436,26.4050901378579,False
1938554287166001640,HOOD,False,,1,insufficient,False,,,,,,,,,,False
1938222629099335931,HOOD,False,,15,complete,True,-0.0009549437348255196,0.0024926536001947173,0.0,0.0029116442658918777,0.001196474215681362,12565.0,0.00443242700524051,-0.350187793607032,42.857142857142854,False
1937932869361614881,HOOD,False,,15,complete,True,0.0029258985706233087,0.0012214788204743569,8.0,0.0012130827012260454,0.0006543315496727078,8409.0,0.001880772515106426,0.0128315977618856,63.01581638720418,False
1936227382668746861,HOOD,False,,15,complete,True,-0.004858967111855073,0.005200757184950499,0.0,0.0029116442658918777,0.001196474215681362,12565.0,0.00443242700524051,1.913215419987157,95.37604456824512,True
1936087172257567131,HOOD,False,,14,partial,True,0.0011743041025726875,0.0010177109042586877,4.0,0.0013876350240362,0.0005670153025844496,10096.0,0.0021037711431760335,-0.6524058840941368,26.872028526148974,False
1936081010258833804,HOOD,False,,14,partial,True,0.0031506594923229603,0.0006720111633118582,3.0,0.0015456034290746595,0.0006413860046589412,11150.0,0.0022904170316356345,-1.3620382412730325,1.7399103139013452,False
1935468274164388180,HOOD,False,,15,complete,True,-0.013114370245740803,0.0036597803661741262,0.0,0.0029116442658918777,0.001196474215681362,12565.0,0.00443242700524051,0.6252839304658178,79.53044170314365,False
1935467911789039930,HOOD,False,,15,complete,True,-0.013114370245740803,0.0036597803661741262,0.0,0.0029116442658918777,0.001196474215681362,12565.0,0.00443242700524051,0.6252839304658178,79.53044170314365,False
1935363704847221106,HOOD,False,,15,complete,True,0.007114115911851404,0.001524914077491306,4.0,0.0013876350240362,0.0005670153025844496,10096.0,0.0021037711431760335,0.24210819854312482,68.75,False
1935019324173074635,HOOD,False,,15,complete,True,-0.0005030794300595609,0.0010959175215041915,6.0,0.0013312371582174533,0.0007325749655066614,8487.0,0.0020897515683504487,-0.32122260218175863,44.77436078708613,False
1935016481944912360,HOOD,False,,15,complete,True,-0.010117684926845172,0.001198288848156961,6.0,0.0013312371582174533,0.0007325749655066614,8487.0,0.0020897515683504487,-0.18148082629133122,52.76304936962413,False
1935002200369242425,HOOD,False,,15,complete,True,0.004919213510356402,0.001128100363759851,4.0,0.0013876350240362,0.0005670153025844496,10096.0,0.0021037711431760335,-0.4577207336263993,37.69809825673534,False
1934986518160097411,HOOD,False,,15,complete,True,-0.0029708400140791014,0.0012774370499392795,2.0,0.0017976262622637074,0.0007520228178971939,12117.0,0.0026688411880296846,-0.6917199850118656,22.637616571758688,False
1934824203683025166,HOOD,False,,1,insufficient,False,,,,,,,,,,False
1933701899708215740,HOOD,False,,1,insufficient,False,,,,,,,,,,False
1933173593921446181,HOOD,False,,15,complete,True,0.0020640728074750037,0.001001672532130873,2.0,0.0017976262622637074,0.0007520228178971939,12117.0,0.0026688411880296846,-1.0584169937269725,7.452339688041594,False
1932631759365288400,HOOD,True,"cpi(ALL, 2025-06-11 12:30:00+00:00->2025-06-11 20:00:00+00:00)",2,insufficient,False,0.008356910852370225,0.0,,,,,,,,False
1932542433167872300,HOOD,True,"cpi(ALL, 2025-06-11 12:30:00+00:00->2025-06-11 20:00:00+00:00)",2,insufficient,False,0.008356910852370225,0.0,,,,,,,,False
1932472719267774814,HOOD,False,,15,complete,True,0.0025364997133490164,0.0010466216974666285,5.0,0.001330676993493975,0.0005685696276222905,9339.0,0.002035205833823265,-0.4995963242272393,35.11082557018953,False
1932454885930447172,HOOD,False,,15,complete,True,5.4641771586649845e-05,0.0014933973558007424,3.0,0.0015456034290746595,0.0006413860046589412,11150.0,0.0022904170316356345,-0.08139571629985562,55.83856502242153,False
1932271098252665037,HOOD,False,,1,insufficient,False,0.004953755241146052,,,,,,,,,False
1932200828041105445,HOOD,False,,1,insufficient,False,0.004953755241146052,,,,,,,,,False
1932190118867087736,HOOD,False,,1,insufficient,False,0.004953755241146052,,,,,,,,,False
1932164762265174206,HOOD,False,,4,insufficient,False,0.012302396100749902,0.0019450527105856676,12.0,0.0011519743389481261,0.0005454108705395522,7659.0,0.0017347461682320395,1.454093444916091,93.40644992818906,True
1932075626317435304,HOOD,False,,15,complete,True,-0.008176151009383181,0.0023840146837442017,1.0,0.0021828618616565993,0.00099510074017627,13268.0,0.003225262983387445,0.2021431740187136,68.23183599638227,False
1931787946165981610,HOOD,False,,15,complete,True,-0.05598762214202091,0.008710646070226952,0.0,0.0029116442658918777,0.001196474215681362,12565.0,0.00443242700524051,4.846741975992093,99.71348985276562,True
1931007953412542967,HOOD,True,"jobs_report(ALL, 2025-06-06 12:30:00+00:00->2025-06-06 20:00:00+00:00)",15,complete,False,0.0016446688204607707,0.0017259192486805976,3.0,0.0015456034290746595,0.0006413860046589412,11150.0,0.0022904170316356345,0.28113463389620047,70.78923766816143,False
1931007381728837651,HOOD,True,"jobs_report(ALL, 2025-06-06 12:30:00+00:00->2025-06-06 20:00:00+00:00)",15,complete,False,0.0017409094069053,0.002155691208007057,3.0,0.0015456034290746595,0.0006413860046589412,11150.0,0.0022904170316356345,0.951202200392279,86.98654708520179,False
1930764343957975528,HOOD,False,,1,insufficient,False,0.013684124876355508,,,,,,,,,False
1930453164266070287,HOOD,False,,4,insufficient,False,,0.0015060472036914658,,,,,,,,False
1930123083509313708,HOOD,False,,1,insufficient,False,,,,,,,,,,False
1929989027803083177,HOOD,False,,9,partial,True,-0.0042702930672953165,0.0006527340669153849,12.0,0.0011519743389481261,0.0005454108705395522,7659.0,0.0017347461682320395,-0.9153471245244227,10.797754276015144,False
1929678870095212598,HOOD,False,,4,insufficient,False,,0.0011207711174411224,,,,,,,,False
1929659333220212873,HOOD,False,,4,insufficient,False,,0.0011207711174411224,,,,,,,,False
1928949333140922375,HOOD,False,,1,insufficient,False,,,,,,,,,,False
2077063479232795024,MSFT,False,,15,complete,True,0.002993344394671027,0.0003842780021035663,5.0,0.0004669323990018921,0.0002276766504381219,8901.0,0.0007157854781702747,-0.3630341395978578,41.197618245140994,False
2076323181154230284,MSFT,False,,1,insufficient,False,,,,,,,,,,False
2075616733503853044,MSFT,False,,15,complete,True,0.001181197058749639,0.0004269080977165568,5.0,0.0004669323990018921,0.0002276766504381219,8901.0,0.0007157854781702747,-0.1757944927963228,51.93798449612403,False
2075318017068863653,MSFT,False,,1,insufficient,False,,,,,,,,,,False
2075318015063925053,MSFT,False,,1,insufficient,False,,,,,,,,,,False
2072708957077176563,MSFT,True,"jobs_report(ALL, 2026-07-02 12:30:00+00:00->2026-07-02 20:00:00+00:00)",15,complete,False,0.004085286791115417,0.0006986295373697467,4.0,0.0004949532677144498,0.00021729165400381426,9968.0,0.0007665003294922387,0.9373405094137743,85.56380417335474,False
2070180315117875587,MSFT,False,,15,complete,True,-0.002344077109742715,0.0006384896917561021,5.0,0.0004669323990018921,0.0002276766504381219,8901.0,0.0007157854781702747,0.7535128983322595,83.51870576339738,False
2070180313654063255,MSFT,False,,15,complete,True,-0.002344077109742715,0.0006384896917561021,5.0,0.0004669323990018921,0.0002276766504381219,8901.0,0.0007157854781702747,0.7535128983322595,83.51870576339738,False
2067020073408368664,MSFT,False,,15,complete,True,-0.014889183428562158,0.0015634513626842379,0.0,0.0009394249546098357,0.00041203875121630546,14653.0,0.0014739637379442224,1.5144847571553066,92.20637412134035,True
2066911399494963335,MSFT,False,,15,complete,True,-0.004185441771375031,0.000403177074428281,4.0,0.0004949532677144498,0.00021729165400381426,9968.0,0.0007665003294922387,-0.42236409726329305,38.754012841091495,False
2066182223213293753,MSFT,False,,15,complete,True,-5.649374253735573e-05,0.00162242564405907,0.0,0.0009394249546098357,0.00041203875121630546,14653.0,0.0014739637379442224,1.6576127547058883,93.33924793557632,True
2064395257148834152,MSFT,False,,15,complete,True,-0.0015350069383883724,0.0007089662580835634,7.0,0.00044853075564919143,0.0004097469845394661,8216.0,0.0006639670621169391,0.6356007786783048,92.13729308666018,True
2063633495302533158,MSFT,False,,15,complete,True,-0.016271062834648853,0.0019374730347999126,0.0,0.0009394249546098357,0.00041203875121630546,14653.0,0.0014739637379442224,2.4222189715018763,97.45444618849383,True
2062252757722296705,MSFT,False,,15,complete,True,-0.0010410309257933292,0.0004453439937140837,11.0,0.0004038797262934118,0.00022943432876012016,11546.0,0.0006587422095737825,0.18072390319595066,70.40533518101508,False
2062022060176801826,MSFT,False,,15,complete,True,-0.01734860868508936,0.0013388620635962204,0.0,0.0009394249546098357,0.00041203875121630546,14653.0,0.0014739637379442224,0.9694163663181636,85.83225278100048,False
2061993323901137339,MSFT,False,,15,complete,True,-0.01734860868508936,0.0013388620635962204,0.0,0.0009394249546098357,0.00041203875121630546,14653.0,0.0014739637379442224,0.9694163663181636,85.83225278100048,False
2061993322072469649,MSFT,False,,15,complete,True,-0.01734860868508936,0.0013388620635962204,0.0,0.0009394249546098357,0.00041203875121630546,14653.0,0.0014739637379442224,0.9694163663181636,85.83225278100048,False
2061942751860769094,MSFT,False,,15,complete,True,-0.01734860868508936,0.0013388620635962204,0.0,0.0009394249546098357,0.00041203875121630546,14653.0,0.0014739637379442224,0.9694163663181636,85.83225278100048,False
2061896520333684886,MSFT,False,,15,complete,True,-0.0006721275436111229,0.0008418054192233905,12.0,0.0005219968721894001,0.00031650246842745565,8336.0,0.0008568453780840808,1.0104456645250228,89.38339731285988,False
2061896517854875837,MSFT,False,,15,complete,True,-0.0006721275436111229,0.0008418054192233905,12.0,0.0005219968721894001,0.00031650246842745565,8336.0,0.0008568453780840808,1.0104456645250228,89.38339731285988,False
2061896515057258562,MSFT,False,,15,complete,True,-0.0006721275436111229,0.0008418054192233905,12.0,0.0005219968721894001,0.00031650246842745565,8336.0,0.0008568453780840808,1.0104456645250228,89.38339731285988,False
2061896512934949105,MSFT,False,,15,complete,True,-0.0006721275436111229,0.0008418054192233905,12.0,0.0005219968721894001,0.00031650246842745565,8336.0,0.0008568453780840808,1.0104456645250228,89.38339731285988,False
2061896510250668490,MSFT,False,,15,complete,True,-0.0006721275436111229,0.0008418054192233905,12.0,0.0005219968721894001,0.00031650246842745565,8336.0,0.0008568453780840808,1.0104456645250228,89.38339731285988,False
2061896508287725888,MSFT,False,,15,complete,True,-0.0006721275436111229,0.0008418054192233905,12.0,0.0005219968721894001,0.00031650246842745565,8336.0,0.0008568453780840808,1.0104456645250228,89.38339731285988,False
2061896505481658767,MSFT,False,,15,complete,True,-0.0006721275436111229,0.0008418054192233905,12.0,0.0005219968721894001,0.00031650246842745565,8336.0,0.0008568453780840808,1.0104456645250228,89.38339731285988,False
2061896503304806521,MSFT,False,,15,complete,True,-0.0006721275436111229,0.0008418054192233905,12.0,0.0005219968721894001,0.00031650246842745565,8336.0,0.0008568453780840808,1.0104456645250228,89.38339731285988,False
2061650162460839954,MSFT,False,,15,complete,True,-0.030489155832667203,0.0023758215155914833,0.0,0.0009394249546098357,0.00041203875121630546,14653.0,0.0014739637379442224,3.4860715326932716,99.09233604040128,True
2061315017589600699,MSFT,False,,15,complete,True,0.03062602550680793,0.003026442608181347,0.0,0.0009394249546098357,0.00041203875121630546,14653.0,0.0014739637379442224,5.065100424197486,99.77479014536273,True
2060050593474093065,MSFT,False,,15,complete,True,0.0023631329081512664,0.00033025125909247495,7.0,0.00044853075564919143,0.0004097469845394661,8216.0,0.0006639670621169391,-0.28866471510377645,35.613437195715676,False
2054351354156794163,MSFT,False,,15,complete,True,-0.011266515092268281,0.0014877480455869104,0.0,0.0009394249546098357,0.00041203875121630546,14653.0,0.0014739637379442224,1.3307561227153242,90.38422166109329,True
2053334532666081624,MSFT,False,,15,complete,True,-0.015359515709512106,0.0021788755620600806,0.0,0.0009394249546098357,0.00041203875121630546,14653.0,0.0014739637379442224,3.0080923306157143,98.55319729748174,True
2052465914210398325,MSFT,False,,15,complete,True,-0.0029595946635510018,0.0005028040145048961,11.0,0.0004038797262934118,0.00022943432876012016,11546.0,0.0006587422095737825,0.4311660279700879,78.13961545123853,False
2052465911832171001,MSFT,False,,15,complete,True,-0.0029595946635510018,0.0005028040145048961,11.0,0.0004038797262934118,0.00022943432876012016,11546.0,0.0006587422095737825,0.4311660279700879,78.13961545123853,False
2051787232043020719,MSFT,False,,15,complete,True,-0.017585271396659552,0.001811892836711575,0.0,0.0009394249546098357,0.00041203875121630546,14653.0,0.0014739637379442224,2.1174413317346583,96.26697604586091,True
2051712534638637234,MSFT,False,,15,complete,True,0.0008918835855282747,0.0004820805252209551,7.0,0.00044853075564919143,0.0004097469845394661,8216.0,0.0006639670621169391,0.08187923483920659,69.87585199610517,False
2051712533174931707,MSFT,False,,15,complete,True,0.0008918835855282747,0.0004820805252209551,7.0,0.00044853075564919143,0.0004097469845394661,8216.0,0.0006639670621169391,0.08187923483920659,69.87585199610517,False
2050548824368873498,MSFT,False,,15,complete,True,0.0065964365044717255,0.0016460921384459438,0.0,0.0009394249546098357,0.00041203875121630546,14653.0,0.0014739637379442224,1.7150502998809771,93.7418958575036,True
2050251014691840015,MSFT,False,,15,complete,True,0.00045149900514129815,0.000559867574365834,5.0,0.0004669323990018921,0.0002276766504381219,8901.0,0.0007157854781702747,0.4081893122773249,74.80058420402203,False
2049622817659142284,MSFT,True,"earnings(MSFT, 2026-04-29 20:00:00+00:00->2026-04-30 20:00:00+00:00)",15,complete,False,-0.036961533926315404,0.0040132755093173446,0.0,0.0009394249546098357,0.00041203875121630546,14653.0,0.0014739637379442224,7.460100647411797,99.97270183580154,True
2049622816207814788,MSFT,True,"earnings(MSFT, 2026-04-29 20:00:00+00:00->2026-04-30 20:00:00+00:00)",15,complete,False,-0.036961533926315404,0.0040132755093173446,0.0,0.0009394249546098357,0.00041203875121630546,14653.0,0.0014739637379442224,7.460100647411797,99.97270183580154,True
2049622814790152567,MSFT,True,"earnings(MSFT, 2026-04-29 20:00:00+00:00->2026-04-30 20:00:00+00:00)",15,complete,False,-0.036961533926315404,0.0040132755093173446,0.0,0.0009394249546098357,0.00041203875121630546,14653.0,0.0014739637379442224,7.460100647411797,99.97270183580154,True
2049622812680409373,MSFT,True,"earnings(MSFT, 2026-04-29 20:00:00+00:00->2026-04-30 20:00:00+00:00)",15,complete,False,-0.036961533926315404,0.0040132755093173446,0.0,0.0009394249546098357,0.00041203875121630546,14653.0,0.0014739637379442224,7.460100647411797,99.97270183580154,True
2048966332876828859,MSFT,False,,2,insufficient,False,-0.004472298057356605,0.0,,,,,,,,False
2048882284548534346,MSFT,False,,2,insufficient,False,-0.004472298057356605,0.0,,,,,,,,False
2048882283164389661,MSFT,False,,2,insufficient,False,-0.004472298057356605,0.0,,,,,,,,False
2048829906478682304,MSFT,False,,15,complete,True,0.0006003455413107206,0.0003426638836446019,9.0,0.00041304975892462884,0.00023136509875481553,9133.0,0.0006425857739610089,-0.3042199348944024,45.341070842001535,False
2048194326946308453,MSFT,False,,15,complete,True,-0.008626009940404633,0.0017911110483475102,0.0,0.0009394249546098357,0.00041203875121630546,14653.0,0.0014739637379442224,2.067004841713468,96.01446802702517,True
2048194324391936364,MSFT,False,,15,complete,True,-0.008626009940404633,0.0017911110483475102,0.0,0.0009394249546098357,0.00041203875121630546,14653.0,0.0014739637379442224,2.067004841713468,96.01446802702517,True
2047743658527789565,MSFT,False,,15,complete,True,0.00020301451462501063,0.00029402460603000877,9.0,0.00041304975892462884,0.00023136509875481553,9133.0,0.0006425857739610089,-0.5144473109176876,31.150771925982703,False
2047743655587504507,MSFT,False,,15,complete,True,0.00020301451462501063,0.00029402460603000877,9.0,0.00041304975892462884,0.00023136509875481553,9133.0,0.0006425857739610089,-0.5144473109176876,31.150771925982703,False
2047743653045837988,MSFT,False,,15,complete,True,0.00020301451462501063,0.00029402460603000877,9.0,0.00041304975892462884,0.00023136509875481553,9133.0,0.0006425857739610089,-0.5144473109176876,31.150771925982703,False
2047743651053556126,MSFT,False,,15,complete,True,0.00020301451462501063,0.00029402460603000877,9.0,0.00041304975892462884,0.00023136509875481553,9133.0,0.0006425857739610089,-0.5144473109176876,31.150771925982703,False
2047160006488014873,MSFT,False,,15,complete,True,-0.02759656986869885,0.0011408680034058225,0.0,0.0009394249546098357,0.00041203875121630546,14653.0,0.0014739637379442224,0.48889345529114175,76.09363270320071,False
2047159807208214766,MSFT,False,,15,complete,True,-0.02759656986869885,0.0011408680034058225,0.0,0.0009394249546098357,0.00041203875121630546,14653.0,0.0014739637379442224,0.48889345529114175,76.09363270320071,False
2047118960941023552,MSFT,False,,15,complete,True,-0.02759656986869885,0.0011408680034058225,0.0,0.0009394249546098357,0.00041203875121630546,14653.0,0.0014739637379442224,0.48889345529114175,76.09363270320071,False
2047105085172511013,MSFT,False,,15,complete,True,-0.02759656986869885,0.0011408680034058225,0.0,0.0009394249546098357,0.00041203875121630546,14653.0,0.0014739637379442224,0.48889345529114175,76.09363270320071,False
2047033636923568440,MSFT,False,,15,complete,True,0.0011530241141339825,0.00030556318561317746,11.0,0.0004038797262934118,0.00022943432876012016,11546.0,0.0006587422095737825,-0.42851713259974694,38.0045037242335,False
2046372864857890884,MSFT,False,,15,complete,True,0.0055272548079390305,0.001552001578035676,0.0,0.0009394249546098357,0.00041203875121630546,14653.0,0.0014739637379442224,1.4866966313667418,91.9948133488023,True
2046372861829640492,MSFT,False,,15,complete,True,0.0055272548079390305,0.001552001578035676,0.0,0.0009394249546098357,0.00041203875121630546,14653.0,0.0014739637379442224,1.4866966313667418,91.9948133488023,True
2045994527689978184,MSFT,False,,1,insufficient,False,-0.00333516927106825,,,,,,,,,False
2044767391293509761,MSFT,False,,15,complete,True,0.013694601747825663,0.0014706938831941607,0.0,0.0009394249546098357,0.00041203875121630546,14653.0,0.0014739637379442224,1.2893664176392672,89.88603016447144,False
2044116976247996679,MSFT,False,,15,complete,True,0.0009943060847327212,0.0004540245099320868,9.0,0.00041304975892462884,0.00023136509875481553,9133.0,0.0006425857739610089,0.17709996550032875,68.9806197306471,False
2044116974331113806,MSFT,False,,15,complete,True,0.0009943060847327212,0.0004540245099320868,9.0,0.00041304975892462884,0.00023136509875481553,9133.0,0.0006425857739610089,0.17709996550032875,68.9806197306471,False
2044090233478885398,MSFT,False,,15,complete,True,-0.002260259666586939,0.00037799159978038534,5.0,0.0004669323990018921,0.0002276766504381219,8901.0,0.0007157854781702747,-0.3906452376664736,39.523649028199074,False
2042748720358510752,MSFT,False,,15,complete,True,0.005613943384010112,0.0011094043303496214,0.0,0.0009394249546098357,0.00041203875121630546,14653.0,0.0014739637379442224,0.41253249903806405,74.02579676516754,False
2039711802259542302,MSFT,False,,15,complete,True,-0.00028395324705066116,0.0017619907801819917,2.0,0.0006057041346892038,0.0002952066746145411,12430.0,0.0009465478368274357,3.9168716188500174,99.42880128720837,True
2038677639511359939,MSFT,False,,15,complete,True,-0.0026057806217942847,0.0004950902445496429,9.0,0.00041304975892462884,0.00023136509875481553,9133.0,0.0006425857739610089,0.35459317791035894,76.16336362640972,False
2038677637644922943,MSFT,False,,15,complete,True,-0.0026057806217942847,0.0004950902445496429,9.0,0.00041304975892462884,0.00023136509875481553,9133.0,0.0006425857739610089,0.35459317791035894,76.16336362640972,False
2038604622978494538,MSFT,False,,15,complete,True,0.004115837476185602,0.0014794451511280368,0.0,0.0009394249546098357,0.00041203875121630546,14653.0,0.0014739637379442224,1.3106053615687956,90.17948542960485,True
2038604621279793575,MSFT,False,,15,complete,True,0.004115837476185602,0.0014794451511280368,0.0,0.0009394249546098357,0.00041203875121630546,14653.0,0.0014739637379442224,1.3106053615687956,90.17948542960485,True
2038604619795042716,MSFT,False,,15,complete,True,0.004115837476185602,0.0014794451511280368,0.0,0.0009394249546098357,0.00041203875121630546,14653.0,0.0014739637379442224,1.3106053615687956,90.17948542960485,True
2034682749240713260,MSFT,False,,15,complete,True,0.0002526426988983532,0.00038786486012477937,7.0,0.00044853075564919143,0.0004097469845394661,8216.0,0.0006639670621169391,-0.1480569664047615,50.535540408958134,False
2033187858522255605,MSFT,False,,1,insufficient,False,-0.0043332897904413414,,,,,,,,,False
2033187856370557379,MSFT,False,,1,insufficient,False,-0.0043332897904413414,,,,,,,,,False
2032515189086761005,MSFT,False,,15,complete,True,0.0025213095693483734,0.0005645028111627506,8.0,0.00043596746330413626,0.00027232610525479645,8669.0,0.0006549754573286202,0.4719905487516624,83.19298650363363,False
2032200335218131055,MSFT,False,,15,complete,True,-0.003469660999910751,0.0008343838750220598,0.0,0.0009394249546098357,0.00041203875121630546,14653.0,0.0014739637379442224,-0.25493009887468865,47.70354193680475,False
2030992879548789074,MSFT,False,,15,complete,True,0.0025507045702372055,0.001103847011628107,0.0,0.0009394249546098357,0.00041203875121630546,14653.0,0.0014739637379442224,0.39904512993719743,73.58902613799222,False
2030992877665583440,MSFT,False,,15,complete,True,0.0025507045702372055,0.001103847011628107,0.0,0.0009394249546098357,0.00041203875121630546,14653.0,0.0014739637379442224,0.39904512993719743,73.58902613799222,False
2030696738550596063,MSFT,False,,15,complete,True,0.0025507045702372055,0.001103847011628107,0.0,0.0009394249546098357,0.00041203875121630546,14653.0,0.0014739637379442224,0.39904512993719743,73.58902613799222,False
2029623352844054549,MSFT,False,,15,complete,True,-0.001981664840524089,0.0006039671877671472,7.0,0.00044853075564919143,0.0004097469845394661,8216.0,0.0006639670621169391,0.3793473484439624,85.13875365141188,False
2029196698745225320,MSFT,False,,15,complete,True,-0.001352314359761575,0.0018677696364618383,0.0,0.0009394249546098357,0.00041203875121630546,14653.0,0.0014739637379442224,2.2530518770664245,96.90165836347505,True
2029196696887148841,MSFT,False,,15,complete,True,-0.001352314359761575,0.0018677696364618383,0.0,0.0009394249546098357,0.00041203875121630546,14653.0,0.0014739637379442224,2.2530518770664245,96.90165836347505,True
2029196695008100434,MSFT,False,,15,complete,True,-0.001352314359761575,0.0018677696364618383,0.0,0.0009394249546098357,0.00041203875121630546,14653.0,0.0014739637379442224,2.2530518770664245,96.90165836347505,True
2029196693452014009,MSFT,False,,15,complete,True,-0.001352314359761575,0.0018677696364618383,0.0,0.0009394249546098357,0.00041203875121630546,14653.0,0.0014739637379442224,2.2530518770664245,96.90165836347505,True
2028923616755368182,MSFT,False,,15,complete,True,-8.270366451768041e-05,0.0005975731837499246,11.0,0.0004038797262934118,0.00022943432876012016,11546.0,0.0006587422095737825,0.8442217801636152,86.44552225879092,False
2026305871001813206,MSFT,False,,15,complete,True,-0.0036779584157499157,0.0015663919983931243,0.0,0.0009394249546098357,0.00041203875121630546,14653.0,0.0014739637379442224,1.5216215512073368,92.22684774448918,True
2026262832204145035,MSFT,False,,15,complete,True,0.008911700860928073,0.0022424373321114667,0.0,0.0009394249546098357,0.00041203875121630546,14653.0,0.0014739637379442224,3.162353962231083,98.70333720057326,True
2024581126719729758,MSFT,False,,15,complete,True,-0.0004600876284273081,0.0002765526127402993,11.0,0.0004038797262934118,0.00022943432876012016,11546.0,0.0006587422095737825,-0.5549610393579614,28.997055257231942,False
2024163804699918549,MSFT,False,,15,complete,True,0.0009568031243146757,0.0003356159794094863,4.0,0.0004949532677144498,0.00021729165400381426,9968.0,0.0007665003294922387,-0.7332876590932782,23.585473515248793,False
2020709207193145816,MSFT,False,,15,complete,True,0.019103450442280234,0.0017153335200127166,0.0,0.0009394249546098357,0.00041203875121630546,14653.0,0.0014739637379442224,1.8830960998509503,94.94301508223572,True
2016671264514134137,MSFT,True,"earnings(MSFT, 2026-01-28 21:00:00+00:00->2026-01-29 21:00:00+00:00)",15,complete,False,-0.09760025054465782,0.0035912721428073566,0.0,0.0009394249546098357,0.00041203875121630546,14653.0,0.0014739637379442224,6.435916962590241,99.97270183580154,True
2016671263117459675,MSFT,True,"earnings(MSFT, 2026-01-28 21:00:00+00:00->2026-01-29 21:00:00+00:00)",15,complete,False,-0.09760025054465782,0.0035912721428073566,0.0,0.0009394249546098357,0.00041203875121630546,14653.0,0.0014739637379442224,6.435916962590241,99.97270183580154,True
2016671261729206658,MSFT,True,"earnings(MSFT, 2026-01-28 21:00:00+00:00->2026-01-29 21:00:00+00:00)",15,complete,False,-0.09760025054465782,0.0035912721428073566,0.0,0.0009394249546098357,0.00041203875121630546,14653.0,0.0014739637379442224,6.435916962590241,99.97270183580154,True
2016671260382769626,MSFT,True,"earnings(MSFT, 2026-01-28 21:00:00+00:00->2026-01-29 21:00:00+00:00)",15,complete,False,-0.09760025054465782,0.0035912721428073566,0.0,0.0009394249546098357,0.00041203875121630546,14653.0,0.0014739637379442224,6.435916962590241,99.97270183580154,True
2016671258939937076,MSFT,True,"earnings(MSFT, 2026-01-28 21:00:00+00:00->2026-01-29 21:00:00+00:00)",15,complete,False,-0.09760025054465782,0.0035912721428073566,0.0,0.0009394249546098357,0.00041203875121630546,14653.0,0.0014739637379442224,6.435916962590241,99.97270183580154,True
2015817415003893982,MSFT,False,,15,complete,True,0.00029878109645842255,0.0006374438250000828,3.0,0.0005387284302434672,0.00028328045168513874,11561.0,0.0008166489641596954,0.34847231487168073,74.8205172562927,False
2015817413200408959,MSFT,False,,15,complete,True,0.00029878109645842255,0.0006374438250000828,3.0,0.0005387284302434672,0.00028328045168513874,11561.0,0.0008166489641596954,0.34847231487168073,74.8205172562927,False
2014720111530410042,MSFT,False,,15,complete,True,0.0028586443105709236,0.0007024353103832039,1.0,0.0007149928506676323,0.00039942005854778635,13614.0,0.001083853443985525,-0.031439433287564836,58.05053621272219,False
2014720109756219822,MSFT,False,,15,complete,True,0.0028586443105709236,0.0007024353103832039,1.0,0.0007149928506676323,0.00039942005854778635,13614.0,0.001083853443985525,-0.031439433287564836,58.05053621272219,False
2014360953111060894,MSFT,False,,15,complete,True,-0.00027293831313390804,0.0003096864756394896,2.0,0.0006057041346892038,0.0002952066746145411,12430.0,0.0009465478368274357,-1.002747175131565,7.707160096540627,False
2014337035310698974,MSFT,False,,15,complete,True,0.005646467352391271,0.001551965532163106,0.0,0.0009394249546098357,0.00041203875121630546,14653.0,0.0014739637379442224,1.4866091496129903,91.9948133488023,True
2011069589141279228,MSFT,True,"cpi(ALL, 2026-01-13 13:30:00+00:00->2026-01-13 21:00:00+00:00)",15,complete,False,-0.00720089125812573,0.0009161005978927727,0.0,0.0009394249546098357,0.00041203875121630546,14653.0,0.0014739637379442224,-0.056607192037669736,57.44216201460451,False
2005724537917431817,MSFT,False,,14,partial,True,0.00090275630948633,0.0002540131580130638,10.0,0.00041322262912852335,0.00021879079828286216,9445.0,0.0006671494974963634,-0.7276790082808997,20.783483324510325,False
1999388548097810772,MSFT,False,,15,complete,True,-0.00793958586964083,0.0012215768807272813,0.0,0.0009394249546098357,0.00041203875121630546,14653.0,0.0014739637379442224,0.6847703651284148,80.93223230737733,False
1999384095881884119,MSFT,False,,15,complete,True,-0.00793958586964083,0.0012215768807272813,0.0,0.0009394249546098357,0.00041203875121630546,14653.0,0.0014739637379442224,0.6847703651284148,80.93223230737733,False
1999183536277098925,MSFT,False,,15,complete,True,0.00211791856166621,0.0005834451099408644,7.0,0.00044853075564919143,0.0004097469845394661,8216.0,0.0006639670621169391,0.3292625922392316,83.42259006815968,False
1999183534053879967,MSFT,False,,15,complete,True,0.00211791856166621,0.0005834451099408644,7.0,0.00044853075564919143,0.0004097469845394661,8216.0,0.0006639670621169391,0.3292625922392316,83.42259006815968,False
1999183482048905583,MSFT,False,,15,complete,True,0.00211791856166621,0.0005834451099408644,7.0,0.00044853075564919143,0.0004097469845394661,8216.0,0.0006639670621169391,0.3292625922392316,83.42259006815968,False
1999183430140198938,MSFT,False,,15,complete,True,0.00211791856166621,0.0005834451099408644,7.0,0.00044853075564919143,0.0004097469845394661,8216.0,0.0006639670621169391,0.3292625922392316,83.42259006815968,False
1999055307738321153,MSFT,False,,15,complete,True,0.005832790114394082,0.001289928536595588,0.0,0.0009394249546098357,0.00041203875121630546,14653.0,0.0014739637379442224,0.850656839802309,84.11929297754726,False
1998987907131125935,MSFT,False,,15,complete,True,0.005832790114394082,0.001289928536595588,0.0,0.0009394249546098357,0.00041203875121630546,14653.0,0.0014739637379442224,0.850656839802309,84.11929297754726,False
1998643116975546493,MSFT,False,,14,partial,True,-0.023740333413559522,0.0012562021811120573,,,,,,,,False
1998424250966053164,MSFT,False,,15,complete,True,-0.0005566758866937249,0.0002945544406441905,3.0,0.0005387284302434672,0.00028328045168513874,11561.0,0.0008166489641596954,-0.8619514270990778,10.31917654182164,False
1998424249611211263,MSFT,False,,15,complete,True,-0.0005566758866937249,0.0002945544406441905,3.0,0.0005387284302434672,0.00028328045168513874,11561.0,0.0008166489641596954,-0.8619514270990778,10.31917654182164,False
1998376337938039091,MSFT,False,,15,complete,True,-0.003715759487318726,0.0008160824498492972,0.0,0.0009394249546098357,0.00041203875121630546,14653.0,0.0014739637379442224,-0.2993468560819615,45.355899815737395,False
1996597609587470504,MSFT,False,,15,complete,True,-0.00154833987500258,0.00040416697055981765,1.0,0.0007149928506676323,0.00039942005854778635,13614.0,0.001083853443985525,-0.7781929661667896,10.702218304686353,False
1990797471451394095,MSFT,False,,15,complete,True,-0.0018757224601573252,0.002068230242810172,1.0,0.0007149928506676323,0.00039942005854778635,13614.0,0.001083853443985525,3.388005592565,99.4270603790216,True
1990797469127749692,MSFT,False,,15,complete,True,-0.0018757224601573252,0.002068230242810172,1.0,0.0007149928506676323,0.00039942005854778635,13614.0,0.001083853443985525,3.388005592565,99.4270603790216,True
1989755076353921404,MSFT,False,,1,insufficient,False,-0.0016202170756109968,,,,,,,,,False
1988653837461369307,MSFT,False,,15,complete,True,0.0008969373172034167,0.0004753573422522487,5.0,0.0004669323990018921,0.0002276766504381219,8901.0,0.0007157854781702747,0.03700398452869167,61.734636557690145,False
1985807905145438659,MSFT,False,,15,complete,True,0.001848873802848927,0.0003396594817894025,12.0,0.0005219968721894001,0.00031650246842745565,8336.0,0.0008568453780840808,-0.5761010058023938,28.862763915547024,False
1985807902385586516,MSFT,False,,15,complete,True,0.001848873802848927,0.0003396594817894025,12.0,0.0005219968721894001,0.00031650246842745565,8336.0,0.0008568453780840808,-0.5761010058023938,28.862763915547024,False
1985517602475508037,MSFT,False,,1,insufficient,False,0.003308384770361106,,,,,,,,,False
1985052892416573932,MSFT,False,,3,insufficient,False,-0.010776791540226927,0.0015535982558727568,,,,,,,,False
1983949591394578915,MSFT,True,"earnings(MSFT, 2025-10-29 20:00:00+00:00->2025-10-30 20:00:00+00:00)",15,complete,False,-0.0016773165921522004,0.0006637504434264852,8.0,0.00043596746330413626,0.00027232610525479645,8669.0,0.0006549754573286202,0.836434611765289,90.4371899873111,True
1983949531286008023,MSFT,True,"earnings(MSFT, 2025-10-29 20:00:00+00:00->2025-10-30 20:00:00+00:00)",15,complete,False,-0.0016773165921522004,0.0006637504434264852,8.0,0.00043596746330413626,0.00027232610525479645,8669.0,0.0006549754573286202,0.836434611765289,90.4371899873111,True
1983670347972194551,MSFT,True,"earnings(MSFT, 2025-10-29 20:00:00+00:00->2025-10-30 20:00:00+00:00)",15,complete,False,-0.009475785558867189,0.0032489726695850464,0.0,0.0009394249546098357,0.00041203875121630546,14653.0,0.0014739637379442224,5.605171135378918,99.87033372005733,True
1983670346164400160,MSFT,True,"earnings(MSFT, 2025-10-29 20:00:00+00:00->2025-10-30 20:00:00+00:00)",15,complete,False,-0.009475785558867189,0.0032489726695850464,0.0,0.0009394249546098357,0.00041203875121630546,14653.0,0.0014739637379442224,5.605171135378918,99.87033372005733,True
1983670344692199680,MSFT,True,"earnings(MSFT, 2025-10-29 20:00:00+00:00->2025-10-30 20:00:00+00:00)",15,complete,False,-0.009475785558867189,0.0032489726695850464,0.0,0.0009394249546098357,0.00041203875121630546,14653.0,0.0014739637379442224,5.605171135378918,99.87033372005733,True
1983670343098315127,MSFT,True,"earnings(MSFT, 2025-10-29 20:00:00+00:00->2025-10-30 20:00:00+00:00)",15,complete,False,-0.009475785558867189,0.0032489726695850464,0.0,0.0009394249546098357,0.00041203875121630546,14653.0,0.0014739637379442224,5.605171135378918,99.87033372005733,True
1983670341810712849,MSFT,True,"earnings(MSFT, 2025-10-29 20:00:00+00:00->2025-10-30 20:00:00+00:00)",15,complete,False,-0.009475785558867189,0.0032489726695850464,0.0,0.0009394249546098357,0.00041203875121630546,14653.0,0.0014739637379442224,5.605171135378918,99.87033372005733,True
1983372241988726838,MSFT,False,,15,complete,True,-0.006226619192386651,0.0012809954611954352,0.0,0.0009394249546098357,0.00041203875121630546,14653.0,0.0014739637379442224,0.8289766571161343,83.77806592506654,False
1983372239052710047,MSFT,False,,15,complete,True,-0.006226619192386651,0.0012809954611954352,0.0,0.0009394249546098357,0.00041203875121630546,14653.0,0.0014739637379442224,0.8289766571161343,83.77806592506654,False
1983320065530572983,MSFT,False,,15,complete,True,-0.006226619192386651,0.0012809954611954352,0.0,0.0009394249546098357,0.00041203875121630546,14653.0,0.0014739637379442224,0.8289766571161343,83.77806592506654,False
1983320062623916277,MSFT,False,,15,complete,True,-0.006226619192386651,0.0012809954611954352,0.0,0.0009394249546098357,0.00041203875121630546,14653.0,0.0014739637379442224,0.8289766571161343,83.77806592506654,False
1983269885812846764,MSFT,False,,15,complete,True,-0.006226619192386651,0.0012809954611954352,0.0,0.0009394249546098357,0.00041203875121630546,14653.0,0.0014739637379442224,0.8289766571161343,83.77806592506654,False
1983259692580364424,MSFT,False,,11,partial,True,-0.0024845570777110026,0.0005463701156860774,12.0,0.0005219968721894001,0.00031650246842745565,8336.0,0.0008568453780840808,0.07700806763933282,66.92658349328215,False
1982953924077465850,MSFT,False,,1,insufficient,False,0.006087939341251625,,,,,,,,,False
1982953921590202717,MSFT,False,,1,insufficient,False,0.006087939341251625,,,,,,,,,False
1981782892402639171,MSFT,True,"cpi(ALL, 2025-10-24 12:30:00+00:00->2025-10-24 20:00:00+00:00)",14,partial,False,0.0007986080330988354,0.0003206864737981857,9.0,0.00041304975892462884,0.00023136509875481553,9133.0,0.0006425857739610089,-0.3992101039592116,39.209460199277345,False
1981466897557196837,MSFT,True,"cpi(ALL, 2025-10-24 12:30:00+00:00->2025-10-24 20:00:00+00:00)",14,partial,False,-0.0007661640023266525,0.0008151401497207369,0.0,0.0009394249546098357,0.00041203875121630546,14653.0,0.0014739637379442224,-0.3016337772168759,45.24670715894356,False
1981422847332667690,MSFT,False,,12,partial,True,0.0002698452126346229,0.00027997323547079264,9.0,0.00041304975892462884,0.00023136509875481553,9133.0,0.0006425857739610089,-0.5751797663953686,27.044782656301326,False
1981422845034188885,MSFT,False,,12,partial,True,0.0002698452126346229,0.00027997323547079264,9.0,0.00041304975892462884,0.00023136509875481553,9133.0,0.0006425857739610089,-0.5751797663953686,27.044782656301326,False
1981408462287622378,MSFT,False,,13,partial,True,0.0011128873103775083,0.00028372115196789765,7.0,0.00044853075564919143,0.0004097469845394661,8216.0,0.0006639670621169391,-0.4022228592274597,21.555501460564752,False
1980736083714535694,MSFT,False,,15,complete,True,0.01021120203479109,0.0011141325287566508,0.0,0.0009394249546098357,0.00041203875121630546,14653.0,0.0014739637379442224,0.4240076294549778,74.3874974407971,False
1978825646370423095,MSFT,False,,13,partial,True,0.00014386176564373798,0.0006447105819444657,1.0,0.0007149928506676323,0.00039942005854778635,13614.0,0.001083853443985525,-0.17596078919696542,50.23505215219627,False
1978825644231336390,MSFT,False,,13,partial,True,0.00014386176564373798,0.0006447105819444657,1.0,0.0007149928506676323,0.00039942005854778635,13614.0,0.001083853443985525,-0.17596078919696542,50.23505215219627,False
1978810259356430427,MSFT,False,,15,complete,True,-0.001632455173324887,0.0011643666613617564,0.0,0.0009394249546098357,0.00041203875121630546,14653.0,0.0014739637379442224,0.5459236688003511,77.58138265201666,False
1978810256999268551,MSFT,False,,15,complete,True,-0.001632455173324887,0.0011643666613617564,0.0,0.0009394249546098357,0.00041203875121630546,14653.0,0.0014739637379442224,0.5459236688003511,77.58138265201666,False
1978593398648119794,MSFT,False,,15,complete,True,-0.001632455173324887,0.0011643666613617564,0.0,0.0009394249546098357,0.00041203875121630546,14653.0,0.0014739637379442224,0.5459236688003511,77.58138265201666,False
1978564974805962867,MSFT,False,,15,complete,True,-0.001632455173324887,0.0011643666613617564,0.0,0.0009394249546098357,0.00041203875121630546,14653.0,0.0014739637379442224,0.5459236688003511,77.58138265201666,False
1978564972532715922,MSFT,False,,15,complete,True,-0.001632455173324887,0.0011643666613617564,0.0,0.0009394249546098357,0.00041203875121630546,14653.0,0.0014739637379442224,0.5459236688003511,77.58138265201666,False
1978174753752949151,MSFT,False,,15,complete,True,-0.001719338362984324,0.00025333007334259883,11.0,0.0004038797262934118,0.00022943432876012016,11546.0,0.0006587422095737825,-0.6561775378793325,23.038281655984758,False
1978174751207039375,MSFT,False,,15,complete,True,-0.001719338362984324,0.00025333007334259883,11.0,0.0004038797262934118,0.00022943432876012016,11546.0,0.0006587422095737825,-0.6561775378793325,23.038281655984758,False
1977478846653059085,MSFT,False,,15,complete,True,-0.003941124747992131,0.00117418984157385,0.0,0.0009394249546098357,0.00041203875121630546,14653.0,0.0014739637379442224,0.5697640968744011,78.14781955913465,False
1977478844123959743,MSFT,False,,15,complete,True,-0.003941124747992131,0.00117418984157385,0.0,0.0009394249546098357,0.00041203875121630546,14653.0,0.0014739637379442224,0.5697640968744011,78.14781955913465,False
1977478841213018142,MSFT,False,,15,complete,True,-0.003941124747992131,0.00117418984157385,0.0,0.0009394249546098357,0.00041203875121630546,14653.0,0.0014739637379442224,0.5697640968744011,78.14781955913465,False
1977478838683939105,MSFT,False,,15,complete,True,-0.003941124747992131,0.00117418984157385,0.0,0.0009394249546098357,0.00041203875121630546,14653.0,0.0014739637379442224,0.5697640968744011,78.14781955913465,False
1977478835978502274,MSFT,False,,15,complete,True,-0.003941124747992131,0.00117418984157385,0.0,0.0009394249546098357,0.00041203875121630546,14653.0,0.0014739637379442224,0.5697640968744011,78.14781955913465,False
1977478833042600040,MSFT,False,,15,complete,True,-0.003941124747992131,0.00117418984157385,0.0,0.0009394249546098357,0.00041203875121630546,14653.0,0.0014739637379442224,0.5697640968744011,78.14781955913465,False
1977478830974783574,MSFT,False,,15,complete,True,-0.003941124747992131,0.00117418984157385,0.0,0.0009394249546098357,0.00041203875121630546,14653.0,0.0014739637379442224,0.5697640968744011,78.14781955913465,False
1976322457436041438,MSFT,False,,15,complete,True,-0.001343845317719028,0.0002751933557968293,5.0,0.0004669323990018921,0.0002276766504381219,8901.0,0.0007157854781702747,-0.8421550599769287,15.211773957982249,False
1976322455288545343,MSFT,False,,15,complete,True,-0.001343845317719028,0.0002751933557968293,5.0,0.0004669323990018921,0.0002276766504381219,8901.0,0.0007157854781702747,-0.8421550599769287,15.211773957982249,False
1974612741974561031,MSFT,False,,15,complete,True,0.00691360285995013,0.0012057174490447574,0.0,0.0009394249546098357,0.00041203875121630546,14653.0,0.0014739637379442224,0.6462802191513479,80.1610591687709,False
1974557470149464384,MSFT,False,,15,complete,True,0.00691360285995013,0.0012057174490447574,0.0,0.0009394249546098357,0.00041203875121630546,14653.0,0.0014739637379442224,0.6462802191513479,80.1610591687709,False
1974557468333408630,MSFT,False,,15,complete,True,0.00691360285995013,0.0012057174490447574,0.0,0.0009394249546098357,0.00041203875121630546,14653.0,0.0014739637379442224,0.6462802191513479,80.1610591687709,False
1974557465854554288,MSFT,False,,15,complete,True,0.00691360285995013,0.0012057174490447574,0.0,0.0009394249546098357,0.00041203875121630546,14653.0,0.0014739637379442224,0.6462802191513479,80.1610591687709,False
1974557463895797857,MSFT,False,,15,complete,True,0.00691360285995013,0.0012057174490447574,0.0,0.0009394249546098357,0.00041203875121630546,14653.0,0.0014739637379442224,0.6462802191513479,80.1610591687709,False
1974557461458956517,MSFT,False,,15,complete,True,0.00691360285995013,0.0012057174490447574,0.0,0.0009394249546098357,0.00041203875121630546,14653.0,0.0014739637379442224,0.6462802191513479,80.1610591687709,False
1974557458996863461,MSFT,False,,15,complete,True,0.00691360285995013,0.0012057174490447574,0.0,0.0009394249546098357,0.00041203875121630546,14653.0,0.0014739637379442224,0.6462802191513479,80.1610591687709,False
1974557455725277647,MSFT,False,,15,complete,True,0.00691360285995013,0.0012057174490447574,0.0,0.0009394249546098357,0.00041203875121630546,14653.0,0.0014739637379442224,0.6462802191513479,80.1610591687709,False
1974281794565615825,MSFT,False,,15,complete,True,0.00691360285995013,0.0012057174490447574,0.0,0.0009394249546098357,0.00041203875121630546,14653.0,0.0014739637379442224,0.6462802191513479,80.1610591687709,False
1973917771307364724,MSFT,False,,15,complete,True,-0.003281770873293177,0.000749188719134708,0.0,0.0009394249546098357,0.00041203875121630546,14653.0,0.0014739637379442224,-0.4616950102716446,36.43622466389135,False
1973917769558274283,MSFT,False,,15,complete,True,-0.003281770873293177,0.000749188719134708,0.0,0.0009394249546098357,0.00041203875121630546,14653.0,0.0014739637379442224,-0.4616950102716446,36.43622466389135,False
1973820578286145548,MSFT,False,,13,partial,True,-0.00032045763723265175,0.0001714427354162339,10.0,0.00041322262912852335,0.00021879079828286216,9445.0,0.0006671494974963634,-1.1050734108100195,4.489147697194283,False
1973820577044660242,MSFT,False,,13,partial,True,-0.00032045763723265175,0.0001714427354162339,10.0,0.00041322262912852335,0.00021879079828286216,9445.0,0.0006671494974963634,-1.1050734108100195,4.489147697194283,False
1973437432029913495,MSFT,False,,15,complete,True,0.0033390648968625314,0.0003135598772517445,7.0,0.00044853075564919143,0.0004097469845394661,8216.0,0.0006639670621169391,-0.32940054104155775,30.781402142161635,False
1973437429383405891,MSFT,False,,15,complete,True,0.0033390648968625314,0.0003135598772517445,7.0,0.00044853075564919143,0.0004097469845394661,8216.0,0.0006639670621169391,-0.32940054104155775,30.781402142161635,False
1973067365395972530,MSFT,False,,14,partial,True,0.0009168756680717483,0.00026127103923466195,6.0,0.00046008241024991954,0.0002678715459743916,8323.0,0.0007238162459618544,-0.7421892097276501,15.391084945332212,False
1972707360662757796,MSFT,False,,15,complete,True,0.0013335930261443307,0.00026922113380868407,6.0,0.00046008241024991954,0.0002678715459743916,8323.0,0.0007238162459618544,-0.7125104525266813,17.16928991950018,False
1972670683655319655,MSFT,False,,15,complete,True,-0.001570917918660264,0.0004377499834101627,2.0,0.0006057041346892038,0.0002952066746145411,12430.0,0.0009465478368274357,-0.5689375130096335,29.12308930008045,False
1972670680782258419,MSFT,False,,15,complete,True,-0.001570917918660264,0.0004377499834101627,2.0,0.0006057041346892038,0.0002952066746145411,12430.0,0.0009465478368274357,-0.5689375130096335,29.12308930008045,False
1972657812946796555,MSFT,False,,15,complete,True,0.005226075806340269,0.0009722661698996843,0.0,0.0009394249546098357,0.00041203875121630546,14653.0,0.0014739637379442224,0.07970419091142264,63.15430287313178,False
1972657808911802612,MSFT,False,,15,complete,True,0.005226075806340269,0.0009722661698996843,0.0,0.0009394249546098357,0.00041203875121630546,14653.0,0.0014739637379442224,0.07970419091142264,63.15430287313178,False
1972657804155727957,MSFT,False,,15,complete,True,0.005226075806340269,0.0009722661698996843,0.0,0.0009394249546098357,0.00041203875121630546,14653.0,0.0014739637379442224,0.07970419091142264,63.15430287313178,False
1972657799067799617,MSFT,False,,15,complete,True,0.005226075806340269,0.0009722661698996843,0.0,0.0009394249546098357,0.00041203875121630546,14653.0,0.0014739637379442224,0.07970419091142264,63.15430287313178,False
1972657794584351022,MSFT,False,,15,complete,True,0.005226075806340269,0.0009722661698996843,0.0,0.0009394249546098357,0.00041203875121630546,14653.0,0.0014739637379442224,0.07970419091142264,63.15430287313178,False
1970884338993778855,MSFT,False,,13,partial,True,-0.0022028657839053833,0.0005330247034758151,5.0,0.0004669323990018921,0.0002276766504381219,8901.0,0.0007157854781702747,0.29029021793293486,71.62116616110549,False
1970862418948718884,MSFT,False,,13,partial,True,0.00038750927629227494,0.000789481565072892,2.0,0.0006057041346892038,0.0002952066746145411,12430.0,0.0009465478368274357,0.6225381950582625,81.15848753016894,False
1970505474601820212,MSFT,False,,14,partial,True,1.2612862430261274e-05,0.0003277805363713438,3.0,0.0005387284302434672,0.00028328045168513874,11561.0,0.0008166489641596954,-0.7446609627218058,15.768532133898452,False
1970271483487469628,MSFT,False,,15,complete,True,-0.006115334619418267,0.0012299939037982114,,,,,,,,False
1970179227267076112,MSFT,False,,11,partial,True,-6.485196470507049e-05,0.00019593900894487892,8.0,0.00043596746330413626,0.00027232610525479645,8669.0,0.0006549754573286202,-0.8814008269044921,4.221940246856615,False
1970179225669062774,MSFT,False,,11,partial,True,-6.485196470507049e-05,0.00019593900894487892,8.0,0.00043596746330413626,0.00027232610525479645,8669.0,0.0006549754573286202,-0.8814008269044921,4.221940246856615,False
1968677247784460580,MSFT,False,,15,complete,True,0.0014167227398200755,0.0006402827781445744,1.0,0.0007149928506676323,0.00039942005854778635,13614.0,0.001083853443985525,-0.1870463711679607,49.640076391949464,False
1968677244861379012,MSFT,False,,15,complete,True,0.0014167227398200755,0.0006402827781445744,1.0,0.0007149928506676323,0.00039942005854778635,13614.0,0.001083853443985525,-0.1870463711679607,49.640076391949464,False
1968034919210418352,MSFT,False,,15,complete,True,-0.0024419296633350074,0.000417220837438754,12.0,0.0005219968721894001,0.00031650246842745565,8336.0,0.0008568453780840808,-0.3310433415297719,44.78166986564299,False
1968034916832338396,MSFT,False,,15,complete,True,-0.0024419296633350074,0.000417220837438754,12.0,0.0005219968721894001,0.00031650246842745565,8336.0,0.0008568453780840808,-0.3310433415297719,44.78166986564299,False
1965171270661947474,MSFT,False,,15,complete,True,0.005768674920768824,0.0009241284035268928,0.0,0.0009394249546098357,0.00041203875121630546,14653.0,0.0014739637379442224,-0.03712405941865612,58.274756022657485,False
1963666556703154376,MSFT,False,,14,partial,True,-0.00022832104680103882,0.00021327153849441053,9.0,0.00041304975892462884,0.00023136509875481553,9133.0,0.0006425857739610089,-0.8634760450275571,9.898171466111902,False
1963666553427435854,MSFT,False,,14,partial,True,-0.00022832104680103882,0.00021327153849441053,9.0,0.00041304975892462884,0.00023136509875481553,9133.0,0.0006425857739610089,-0.8634760450275571,9.898171466111902,False
1963265500210700628,MSFT,False,,15,complete,True,0.00021705236690650054,0.0003944214336687143,4.0,0.0004949532677144498,0.00021729165400381426,9968.0,0.0007665003294922387,-0.46265851537938396,36.62720706260032,False
1962869102697173132,MSFT,False,,15,complete,True,0.0016456671872391304,0.0019514237474152014,0.0,0.0009394249546098357,0.00041203875121630546,14653.0,0.0014739637379442224,2.456076739913482,97.5363406810892,True
1962869100860100840,MSFT,False,,15,complete,True,0.0016456671872391304,0.0019514237474152014,0.0,0.0009394249546098357,0.00041203875121630546,14653.0,0.0014739637379442224,2.456076739913482,97.5363406810892,True
1960789358996545694,MSFT,False,,15,complete,True,6.012666377919196e-05,0.00022704567723561431,12.0,0.0005219968721894001,0.00031650246842745565,8336.0,0.0008568453780840808,-0.9319080398306291,6.801823416506718,False
1960789357042000311,MSFT,False,,15,complete,True,6.012666377919196e-05,0.00022704567723561431,12.0,0.0005219968721894001,0.00031650246842745565,8336.0,0.0008568453780840808,-0.9319080398306291,6.801823416506718,False
1960789354579952116,MSFT,False,,15,complete,True,6.012666377919196e-05,0.00022704567723561431,12.0,0.0005219968721894001,0.00031650246842745565,8336.0,0.0008568453780840808,-0.9319080398306291,6.801823416506718,False
1960789352994497023,MSFT,False,,15,complete,True,6.012666377919196e-05,0.00022704567723561431,12.0,0.0005219968721894001,0.00031650246842745565,8336.0,0.0008568453780840808,-0.9319080398306291,6.801823416506718,False
1960789351509713245,MSFT,False,,15,complete,True,6.012666377919196e-05,0.00022704567723561431,12.0,0.0005219968721894001,0.00031650246842745565,8336.0,0.0008568453780840808,-0.9319080398306291,6.801823416506718,False
1960789349886517650,MSFT,False,,15,complete,True,6.012666377919196e-05,0.00022704567723561431,12.0,0.0005219968721894001,0.00031650246842745565,8336.0,0.0008568453780840808,-0.9319080398306291,6.801823416506718,False
1960789348133298359,MSFT,False,,15,complete,True,6.012666377919196e-05,0.00022704567723561431,12.0,0.0005219968721894001,0.00031650246842745565,8336.0,0.0008568453780840808,-0.9319080398306291,6.801823416506718,False
1958163571772375401,MSFT,False,,15,complete,True,-0.0009103143426631988,0.0010597882982522364,0.0,0.0009394249546098357,0.00041203875121630546,14653.0,0.0014739637379442224,0.2921165625492691,70.43608817307036,False
1957493298672857197,MSFT,False,,11,partial,True,-0.0007948346794628414,0.000550844787689453,7.0,0.00044853075564919143,0.0004097469845394661,8216.0,0.0006639670621169391,0.2497005125132456,79.55209347614411,False
1957493248718680571,MSFT,False,,11,partial,True,-0.0007948346794628414,0.000550844787689453,7.0,0.00044853075564919143,0.0004097469845394661,8216.0,0.0006639670621169391,0.2497005125132456,79.55209347614411,False
1957445998701125665,MSFT,False,,13,partial,True,-0.0015830294228847963,0.0006048885958931081,1.0,0.0007149928506676323,0.00039942005854778635,13614.0,0.001083853443985525,-0.27566030402890085,44.12369619509329,False
1953511338917200071,MSFT,False,,12,partial,True,-0.0004493869356265723,0.00045189700927925693,8.0,0.00043596746330413626,0.00027232610525479645,8669.0,0.0006549754573286202,0.05849437739439819,66.32829622793864,False
1952878078050615413,MSFT,False,,14,partial,True,-0.002037391483568518,0.000723110913448532,0.0,0.0009394249546098357,0.00041203875121630546,14653.0,0.0014739637379442224,-0.5249847023435587,33.29693578106872,False
1952530191676539031,MSFT,False,,15,complete,True,-0.0011941494692937482,0.0008773183208554843,0.0,0.0009394249546098357,0.00041203875121630546,14653.0,0.0014739637379442224,-0.15073007956416143,53.19047294069473,False
1950689588185583920,MSFT,True,"earnings(MSFT, 2025-07-30 20:00:00+00:00->2025-07-31 20:00:00+00:00)",15,complete,False,0.05083079065808915,0.00278230457369193,0.0,0.0009394249546098357,0.00041203875121630546,14653.0,0.0014739637379442224,4.472588108866122,99.67242202961852,True
1950689586856022192,MSFT,True,"earnings(MSFT, 2025-07-30 20:00:00+00:00->2025-07-31 20:00:00+00:00)",15,complete,False,0.05083079065808915,0.00278230457369193,0.0,0.0009394249546098357,0.00041203875121630546,14653.0,0.0014739637379442224,4.472588108866122,99.67242202961852,True
1950689585375420499,MSFT,True,"earnings(MSFT, 2025-07-30 20:00:00+00:00->2025-07-31 20:00:00+00:00)",15,complete,False,0.05083079065808915,0.00278230457369193,0.0,0.0009394249546098357,0.00041203875121630546,14653.0,0.0014739637379442224,4.472588108866122,99.67242202961852,True
1950689583773200501,MSFT,True,"earnings(MSFT, 2025-07-30 20:00:00+00:00->2025-07-31 20:00:00+00:00)",15,complete,False,0.05083079065808915,0.00278230457369193,0.0,0.0009394249546098357,0.00041203875121630546,14653.0,0.0014739637379442224,4.472588108866122,99.67242202961852,True
1950689581827084714,MSFT,True,"earnings(MSFT, 2025-07-30 20:00:00+00:00->2025-07-31 20:00:00+00:00)",15,complete,False,0.05083079065808915,0.00278230457369193,0.0,0.0009394249546098357,0.00041203875121630546,14653.0,0.0014739637379442224,4.472588108866122,99.67242202961852,True
1949885049287168245,MSFT,False,,14,partial,True,0.0004616271728878907,0.00018673399503308407,8.0,0.00043596746330413626,0.00027232610525479645,8669.0,0.0006549754573286202,-0.9152022647181104,3.2183642865382396,False
1949884999345590406,MSFT,False,,14,partial,True,0.0004616271728878907,0.00018673399503308407,8.0,0.00043596746330413626,0.00027232610525479645,8669.0,0.0006549754573286202,-0.9152022647181104,3.2183642865382396,False
1948101916711625074,MSFT,False,,15,complete,True,-0.001086548732148973,0.00010794056049901721,11.0,0.0004038797262934118,0.00022943432876012016,11546.0,0.0006587422095737825,-1.2898643694414493,0.3637623419366014,False
1948101877486452897,MSFT,False,,15,complete,True,-0.001086548732148973,0.00010794056049901721,11.0,0.0004038797262934118,0.00022943432876012016,11546.0,0.0006587422095737825,-1.2898643694414493,0.3637623419366014,False
1945887678869959063,MSFT,False,,10,partial,True,-0.00041748010355413534,0.0003242396888262312,6.0,0.00046008241024991954,0.0002678715459743916,8323.0,0.0007238162459618544,-0.5071188913684577,30.085305779166166,False
1944876160116253012,MSFT,True,"cpi(ALL, 2025-07-15 12:30:00+00:00->2025-07-15 20:00:00+00:00)",9,partial,False,-0.0035410289496687897,0.0006365165441860015,,,,,,,,False
1943396620756009007,MSFT,False,,12,partial,True,-0.00028518980793224014,0.00037602226625467277,12.0,0.0005219968721894001,0.00031650246842745565,8336.0,0.0008568453780840808,-0.4612115875746656,37.104126679462574,False
1940077885584507246,MSFT,False,,15,complete,True,-0.0014721581606587097,0.0004563824124498748,5.0,0.0004669323990018921,0.0002276766504381219,8901.0,0.0007157854781702747,-0.04633758680003334,58.16200426918324,False
1939784914704245001,MSFT,False,,1,insufficient,False,,,,,,,,,,False
1939736687539802155,MSFT,False,,11,partial,True,-0.0002234702083694362,0.0002718560373280439,7.0,0.00044853075564919143,0.0004097469845394661,8216.0,0.0006639670621169391,-0.43118003301408203,17.989289191820838,False
1938292160966869134,MSFT,False,,14,partial,True,0.0005149815844696093,0.00024384303951053082,8.0,0.00043596746330413626,0.00027232610525479645,8669.0,0.0006549754573286202,-0.7054939650895682,12.57353789364402,False
1938291958872740150,MSFT,False,,14,partial,True,0.0005149815844696093,0.00024384303951053082,8.0,0.00043596746330413626,0.00027232610525479645,8669.0,0.0006549754573286202,-0.7054939650895682,12.57353789364402,False
1937999694250287111,MSFT,False,,14,partial,True,-0.0001484319054476657,0.0005828677327990838,0.0,0.0009394249546098357,0.00041203875121630546,14653.0,0.0014739637379442224,-0.8653487584801757,16.351600354876133,False
1936963330654228852,MSFT,False,,15,complete,True,-0.0077157180213482945,0.0011065163391947676,0.0,0.0009394249546098357,0.00041203875121630546,14653.0,0.0014739637379442224,0.4055234710125965,73.78011328738143,False
1935797271662412045,MSFT,False,,6,insufficient,False,0.004958419626653221,0.0004175870015176263,,,,,,,,False
1935797232672145634,MSFT,False,,6,insufficient,False,0.004958419626653221,0.0004175870015176263,,,,,,,,False
1934564127588172047,MSFT,False,,15,complete,True,-0.0009347338095462288,0.0009073612946541131,0.0,0.0009394249546098357,0.00041203875121630546,14653.0,0.0014739637379442224,-0.07781709817601677,56.432129939261586,False
1934538693559378025,MSFT,False,,15,complete,True,-0.0009347338095462288,0.0009073612946541131,0.0,0.0009394249546098357,0.00041203875121630546,14653.0,0.0014739637379442224,-0.07781709817601677,56.432129939261586,False
1934538635615129625,MSFT,False,,15,complete,True,-0.0009347338095462288,0.0009073612946541131,0.0,0.0009394249546098357,0.00041203875121630546,14653.0,0.0014739637379442224,-0.07781709817601677,56.432129939261586,False
1932073714889466326,MSFT,False,,14,partial,True,0.0020023130465567363,0.0005323034998121775,0.0,0.0009394249546098357,0.00041203875121630546,14653.0,0.0014739637379442224,-0.9880659369922569,11.22637002661571,False
1931800139292967389,MSFT,False,,15,complete,True,-0.0024904029681440676,0.0007565200760191282,0.0,0.0009394249546098357,0.00041203875121630546,14653.0,0.0014739637379442224,-0.4439021282604779,37.453081280283904,False
1931144813816188998,MSFT,False,,15,complete,True,-0.0024904029681440676,0.0007565200760191282,0.0,0.0009394249546098357,0.00041203875121630546,14653.0,0.0014739637379442224,-0.4439021282604779,37.453081280283904,False
1925221986743292209,MSFT,False,,15,complete,True,-0.00011627325159435653,0.0003487875675815515,5.0,0.0004669323990018921,0.0002276766504381219,8901.0,0.0007157854781702747,-0.5189150103578587,32.40085383664757,False
1924694661849088333,MSFT,False,,15,complete,True,-0.0030932379998904747,0.000724785026504883,0.0,0.0009394249546098357,0.00041203875121630546,14653.0,0.0014739637379442224,-0.5209217032896855,33.48119838940831,False
1924694659739385946,MSFT,False,,15,complete,True,-0.0030932379998904747,0.000724785026504883,0.0,0.0009394249546098357,0.00041203875121630546,14653.0,0.0014739637379442224,-0.5209217032896855,33.48119838940831,False
1924610074603082016,MSFT,False,,15,complete,True,-0.0030932379998904747,0.000724785026504883,0.0,0.0009394249546098357,0.00041203875121630546,14653.0,0.0014739637379442224,-0.5209217032896855,33.48119838940831,False
1924592062751756475,MSFT,False,,15,complete,True,-0.0030932379998904747,0.000724785026504883,0.0,0.0009394249546098357,0.00041203875121630546,14653.0,0.0014739637379442224,-0.5209217032896855,33.48119838940831,False
1924573795911926093,MSFT,False,,15,complete,True,-0.0030932379998904747,0.000724785026504883,0.0,0.0009394249546098357,0.00041203875121630546,14653.0,0.0014739637379442224,-0.5209217032896855,33.48119838940831,False
1924573793961537785,MSFT,False,,15,complete,True,-0.0030932379998904747,0.000724785026504883,0.0,0.0009394249546098357,0.00041203875121630546,14653.0,0.0014739637379442224,-0.5209217032896855,33.48119838940831,False
1924551335804072433,MSFT,False,,14,partial,True,0.00040885811218838164,0.00035971421551237646,12.0,0.0005219968721894001,0.00031650246842745565,8336.0,0.0008568453780840808,-0.5127374123915239,33.24136276391555,False
1924551333698535722,MSFT,False,,14,partial,True,0.00040885811218838164,0.00035971421551237646,12.0,0.0005219968721894001,0.00031650246842745565,8336.0,0.0008568453780840808,-0.5127374123915239,33.24136276391555,False
1924535906574467160,MSFT,False,,15,complete,True,0.00013489977394953723,0.000251406856940032,10.0,0.00041322262912852335,0.00021879079828286216,9445.0,0.0006671494974963634,-0.7395913057517574,20.158814187400743,False
1924535904741568522,MSFT,False,,15,complete,True,0.00013489977394953723,0.000251406856940032,10.0,0.00041322262912852335,0.00021879079828286216,9445.0,0.0006671494974963634,-0.7395913057517574,20.158814187400743,False
1924535902321442846,MSFT,False,,15,complete,True,0.00013489977394953723,0.000251406856940032,10.0,0.00041322262912852335,0.00021879079828286216,9445.0,0.0006671494974963634,-0.7395913057517574,20.158814187400743,False
1924535900463366247,MSFT,False,,15,complete,True,0.00013489977394953723,0.000251406856940032,10.0,0.00041322262912852335,0.00021879079828286216,9445.0,0.0006671494974963634,-0.7395913057517574,20.158814187400743,False
1924535898055835938,MSFT,False,,15,complete,True,0.00013489977394953723,0.000251406856940032,10.0,0.00041322262912852335,0.00021879079828286216,9445.0,0.0006671494974963634,-0.7395913057517574,20.158814187400743,False
1924535896139038767,MSFT,False,,15,complete,True,0.00013489977394953723,0.000251406856940032,10.0,0.00041322262912852335,0.00021879079828286216,9445.0,0.0006671494974963634,-0.7395913057517574,20.158814187400743,False
1924535894163554561,MSFT,False,,15,complete,True,0.00013489977394953723,0.000251406856940032,10.0,0.00041322262912852335,0.00021879079828286216,9445.0,0.0006671494974963634,-0.7395913057517574,20.158814187400743,False
1923862635520590191,MSFT,False,,15,complete,True,0.01624558688046518,0.0014764150877139015,0.0,0.0009394249546098357,0.00041203875121630546,14653.0,0.0014739637379442224,1.3032515303934733,90.07029277281103,True
1920190278000132578,MSFT,True,"fomc(ALL, 2025-05-07 18:00:00+00:00->2025-05-07 20:00:00+00:00)",15,complete,False,0.0014189439370340118,0.0009448795968116304,10.0,0.00041322262912852335,0.00021879079828286216,9445.0,0.0006671494974963634,2.4299786456090264,96.90841715193224,True
1918157057011982666,MSFT,True,"jobs_report(ALL, 2025-05-02 12:30:00+00:00->2025-05-02 20:00:00+00:00)",1,insufficient,False,,,,,,,,,,False
1918071080662778220,MSFT,True,"jobs_report(ALL, 2025-05-02 12:30:00+00:00->2025-05-02 20:00:00+00:00)",1,insufficient,False,,,,,,,,,,False
1918036165237854318,MSFT,True,"jobs_report(ALL, 2025-05-02 12:30:00+00:00->2025-05-02 20:00:00+00:00)",1,insufficient,False,,,,,,,,,,False
1917712586394722805,MSFT,True,"earnings(MSFT, 2025-04-30 20:00:00+00:00->2025-05-01 20:00:00+00:00)",15,complete,False,0.08875127584964337,0.0032764982146381385,0.0,0.0009394249546098357,0.00041203875121630546,14653.0,0.0014739637379442224,5.671974427476663,99.89080734320616,True
1917712584876384589,MSFT,True,"earnings(MSFT, 2025-04-30 20:00:00+00:00->2025-05-01 20:00:00+00:00)",15,complete,False,0.08875127584964337,0.0032764982146381385,0.0,0.0009394249546098357,0.00041203875121630546,14653.0,0.0014739637379442224,5.671974427476663,99.89080734320616,True
1917712583194468796,MSFT,True,"earnings(MSFT, 2025-04-30 20:00:00+00:00->2025-05-01 20:00:00+00:00)",15,complete,False,0.08875127584964337,0.0032764982146381385,0.0,0.0009394249546098357,0.00041203875121630546,14653.0,0.0014739637379442224,5.671974427476663,99.89080734320616,True
1917712581202161891,MSFT,True,"earnings(MSFT, 2025-04-30 20:00:00+00:00->2025-05-01 20:00:00+00:00)",15,complete,False,0.08875127584964337,0.0032764982146381385,0.0,0.0009394249546098357,0.00041203875121630546,14653.0,0.0014739637379442224,5.671974427476663,99.89080734320616,True
1917712579113410676,MSFT,True,"earnings(MSFT, 2025-04-30 20:00:00+00:00->2025-05-01 20:00:00+00:00)",15,complete,False,0.08875127584964337,0.0032764982146381385,0.0,0.0009394249546098357,0.00041203875121630546,14653.0,0.0014739637379442224,5.671974427476663,99.89080734320616,True
1915098373176352852,MSFT,False,,13,partial,True,-0.000976420130584188,0.0006232290995936463,8.0,0.00043596746330413626,0.00027232610525479645,8669.0,0.0006549754573286202,0.6876374782884014,87.83019956165647,False
1915098370773037193,MSFT,False,,13,partial,True,-0.000976420130584188,0.0006232290995936463,8.0,0.00043596746330413626,0.00027232610525479645,8669.0,0.0006549754573286202,0.6876374782884014,87.83019956165647,False
1915098367912505644,MSFT,False,,13,partial,True,-0.000976420130584188,0.0006232290995936463,8.0,0.00043596746330413626,0.00027232610525479645,8669.0,0.0006549754573286202,0.6876374782884014,87.83019956165647,False
1915098365433672168,MSFT,False,,13,partial,True,-0.000976420130584188,0.0006232290995936463,8.0,0.00043596746330413626,0.00027232610525479645,8669.0,0.0006549754573286202,0.6876374782884014,87.83019956165647,False
1915098363080675335,MSFT,False,,13,partial,True,-0.000976420130584188,0.0006232290995936463,8.0,0.00043596746330413626,0.00027232610525479645,8669.0,0.0006549754573286202,0.6876374782884014,87.83019956165647,False
1915098359251247392,MSFT,False,,13,partial,True,-0.000976420130584188,0.0006232290995936463,8.0,0.00043596746330413626,0.00027232610525479645,8669.0,0.0006549754573286202,0.6876374782884014,87.83019956165647,False
1914726618897268831,MSFT,False,,15,complete,True,-0.00018248395871700573,0.0011858358821991706,7.0,0.00044853075564919143,0.0004097469845394661,8216.0,0.0006639670621169391,1.7994156256663392,98.36903602726387,True
1914726560336371714,MSFT,False,,15,complete,True,-0.00018248395871700573,0.0011858358821991706,7.0,0.00044853075564919143,0.0004097469845394661,8216.0,0.0006639670621169391,1.7994156256663392,98.36903602726387,True
1914679199337746825,MSFT,False,,15,complete,True,0.0010238701525271399,0.00045467378996466037,0.0,0.0009394249546098357,0.00041203875121630546,14653.0,0.0014739637379442224,-1.1764698422520423,5.207124820855798,False
1914462142721613833,MSFT,False,,15,complete,True,-0.009830819179023287,0.0011141985615791283,0.0,0.0009394249546098357,0.00041203875121630546,14653.0,0.0014739637379442224,0.42416788822258794,74.39432198184673,False
1912632802425888886,MSFT,False,,15,complete,True,-0.002399761993386651,0.001122693679622456,0.0,0.0009394249546098357,0.00041203875121630546,14653.0,0.0014739637379442224,0.44478516758830505,74.98123251211356,False
1912264311474631084,MSFT,False,,15,complete,True,-0.010389622329253778,0.0016741667831635183,0.0,0.0009394249546098357,0.00041203875121630546,14653.0,0.0014739637379442224,1.7831862328113155,94.24691189517505,True
1911860160320143407,MSFT,False,,15,complete,True,0.0008115235131310738,0.0006083304106542448,11.0,0.0004038797262934118,0.00022943432876012016,11546.0,0.0006587422095737825,0.891107644900828,87.26831803221896,False
1908725272733794709,MSFT,False,,2,insufficient,False,0.006173213094232799,0.0,,,,,,,,False
1908357692630204920,MSFT,False,,2,insufficient,False,0.006173213094232799,0.0,,,,,,,,False
1908270494379630788,MSFT,False,,2,insufficient,False,0.006173213094232799,0.0,,,,,,,,False
1908236714545701317,MSFT,True,"jobs_report(ALL, 2025-04-04 12:30:00+00:00->2025-04-04 20:00:00+00:00)",15,complete,False,-0.001027058491465116,0.0011886373631819652,11.0,0.0004038797262934118,0.00022943432876012016,11546.0,0.0006587422095737825,3.420401999689588,98.62289970552573,True
1908205929608470587,MSFT,True,"jobs_report(ALL, 2025-04-04 12:30:00+00:00->2025-04-04 20:00:00+00:00)",15,complete,False,0.001065994494059419,0.0006124851210254396,7.0,0.00044853075564919143,0.0004097469845394661,8216.0,0.0006639670621169391,0.4001356240864694,85.8933787731256,False
1908205881835319800,MSFT,True,"jobs_report(ALL, 2025-04-04 12:30:00+00:00->2025-04-04 20:00:00+00:00)",15,complete,False,-9.530050009587399e-06,0.0005480793958183468,7.0,0.00044853075564919143,0.0004097469845394661,8216.0,0.0006639670621169391,0.2429514893954442,79.21129503407984,False
1908044867739210013,MSFT,True,"jobs_report(ALL, 2025-04-04 12:30:00+00:00->2025-04-04 20:00:00+00:00)",15,complete,False,0.011084866035758867,0.0016830664527453126,0.0,0.0009394249546098357,0.00041203875121630546,14653.0,0.0014739637379442224,1.8047853410396633,94.39705179826656,True
1908044816677744693,MSFT,True,"jobs_report(ALL, 2025-04-04 12:30:00+00:00->2025-04-04 20:00:00+00:00)",15,complete,False,0.011084866035758867,0.0016830664527453126,0.0,0.0009394249546098357,0.00041203875121630546,14653.0,0.0014739637379442224,1.8047853410396633,94.39705179826656,True
1907939716894437536,MSFT,True,"jobs_report(ALL, 2025-04-04 12:30:00+00:00->2025-04-04 20:00:00+00:00)",15,complete,False,0.011084866035758867,0.0016830664527453126,0.0,0.0009394249546098357,0.00041203875121630546,14653.0,0.0014739637379442224,1.8047853410396633,94.39705179826656,True
1905668970835059194,MSFT,False,,14,partial,True,-0.0017842436895288971,0.00046414007813665555,7.0,0.00044853075564919143,0.0004097469845394661,8216.0,0.0006639670621169391,0.03809502711779117,66.57740993184032,False
1905668917852602804,MSFT,False,,14,partial,True,-0.0018179613600773914,0.00047278735260690446,7.0,0.00044853075564919143,0.0004097469845394661,8216.0,0.0006639670621169391,0.05919896392886493,68.15968841285297,False
1905084696712843733,MSFT,False,,15,complete,True,0.0016327529313551192,0.0007435844120208273,0.0,0.0009394249546098357,0.00041203875121630546,14653.0,0.0014739637379442224,-0.47529641814247514,35.828840510475665,False
1904767942975512933,MSFT,False,,15,complete,True,-0.001013866468221103,0.0007418618301561629,0.0,0.0009394249546098357,0.00041203875121630546,14653.0,0.0014739637379442224,-0.4794770488709673,35.61727973793762,False
1904739853037887716,MSFT,False,,15,complete,True,-0.001013866468221103,0.0007418618301561629,0.0,0.0009394249546098357,0.00041203875121630546,14653.0,0.0014739637379442224,-0.4794770488709673,35.61727973793762,False
1904208615889891725,MSFT,False,,15,complete,True,0.0005871918975206558,0.0003133151774201098,5.0,0.0004669323990018921,0.0002276766504381219,8901.0,0.0007157854781702747,-0.6747166267870428,23.9298955173576,False
1902092328384528642,MSFT,False,,15,complete,True,0.0006376762736817199,0.0009340682505649613,0.0,0.0009394249546098357,0.00041203875121630546,14653.0,0.0014739637379442224,-0.013000486068511521,59.339384426397324,False
1902061864303096237,MSFT,False,,15,complete,True,0.0003920978926230667,0.0005022719612058629,9.0,0.00041304975892462884,0.00023136509875481553,9133.0,0.0006425857739610089,0.3856338002638225,76.96266287090769,False
1902060094222987448,MSFT,False,,15,complete,True,-0.00047895890206683944,0.00036191723527791565,9.0,0.00041304975892462884,0.00023136509875481553,9133.0,0.0006425857739610089,-0.22100361688907905,50.30110587977663,False
1902038061254639632,MSFT,False,,15,complete,True,-0.0010451984023601701,0.00039375348300280057,6.0,0.00046008241024991954,0.0002678715459743916,8323.0,0.0007238162459618544,-0.2476146804090196,47.25459569866635,False
1902038012093198486,MSFT,False,,15,complete,True,-0.0011522113084536656,0.0004216008497263893,6.0,0.00046008241024991954,0.0002678715459743916,8323.0,0.0007238162459618544,-0.14365676796149549,53.586447194521206,False
1900209497077129468,MSFT,False,,15,complete,True,0.0016237869230686375,0.00079962780855439,4.0,0.0004949532677144498,0.00021729165400381426,9968.0,0.0007665003294922387,1.402145619613131,91.59309791332262,True
1900209495479034021,MSFT,False,,15,complete,True,0.0016237869230686375,0.00079962780855439,4.0,0.0004949532677144498,0.00021729165400381426,9968.0,0.0007665003294922387,1.402145619613131,91.59309791332262,True
1898774082143076453,MSFT,False,,15,complete,True,-0.006082037597075041,0.00183166809101255,0.0,0.0009394249546098357,0.00041203875121630546,14653.0,0.0014739637379442224,2.165435007675574,96.47171227734935,True
1897318306107031628,MSFT,False,,15,complete,True,0.0011733099984846396,0.000788169493674534,3.0,0.0005387284302434672,0.00028328045168513874,11561.0,0.0008166489641596954,0.8805445696913679,88.123864717585,False
1897308312162746426,MSFT,False,,15,complete,True,4.7593640471133014e-05,0.0008534203299191275,1.0,0.0007149928506676323,0.00039942005854778635,13614.0,0.001083853443985525,0.34657117560592887,76.03937123549287,False
1896581951303405739,MSFT,False,,15,complete,True,0.00043716889942557735,0.00085122462708632,1.0,0.0007149928506676323,0.00039942005854778635,13614.0,0.001083853443985525,0.34107394834901367,75.87042750110182,False
1896581949298536757,MSFT,False,,15,complete,True,0.00043716889942557735,0.00085122462708632,1.0,0.0007149928506676323,0.00039942005854778635,13614.0,0.001083853443985525,0.34107394834901367,75.87042750110182,False
1895212584342822934,MSFT,False,,15,complete,True,-0.0003062711941141938,0.0007341586676384999,12.0,0.0005219968721894001,0.00031650246842745565,8336.0,0.0008568453780840808,0.6703321983655512,83.88915547024952,False
1895212396383478194,MSFT,False,,15,complete,True,-0.0003856467544398612,0.000738832934332678,12.0,0.0005219968721894001,0.00031650246842745565,8336.0,0.0008568453780840808,0.685100698331451,84.12907869481766,False
1894876061302956372,MSFT,False,,15,complete,True,0.005234907919520637,0.0016213996832495582,0.0,0.0009394249546098357,0.00041203875121630546,14653.0,0.0014739637379442224,1.6551227927630292,93.31194977137788,True
1893838508525011177,MSFT,False,,15,complete,True,-0.02042022016506262,0.0013028666261427116,0.0,0.0009394249546098357,0.00041203875121630546,14653.0,0.0014739637379442224,0.8820570163850491,84.63113355626834,False
1893838447246270806,MSFT,False,,15,complete,True,-0.02042022016506262,0.0013028666261427116,0.0,0.0009394249546098357,0.00041203875121630546,14653.0,0.0014739637379442224,0.8820570163850491,84.63113355626834,False
1892305489532506469,MSFT,False,,15,complete,True,0.0020236318471784642,0.0003579697012799329,11.0,0.0004038797262934118,0.00022943432876012016,11546.0,0.0006587422095737825,-0.20010094069871764,52.13926901091287,False
1892244167079923825,MSFT,False,,15,complete,True,0.006265067920704137,0.001276688314234387,3.0,0.0005387284302434672,0.00028328045168513874,11561.0,0.0008166489641596954,2.6050505059599005,98.88417956924141,True
1892244164814725387,MSFT,False,,15,complete,True,0.006265067920704137,0.001276688314234387,3.0,0.0005387284302434672,0.00028328045168513874,11561.0,0.0008166489641596954,2.6050505059599005,98.88417956924141,True
1892242897216450621,MSFT,False,,15,complete,True,0.006568473944722264,0.0010341608610592832,3.0,0.0005387284302434672,0.00028328045168513874,11561.0,0.0008166489641596954,1.7489114687182175,96.71308710319177,True
1892242895094313420,MSFT,False,,15,complete,True,0.006568473944722264,0.0010341608610592832,3.0,0.0005387284302434672,0.00028328045168513874,11561.0,0.0008166489641596954,1.7489114687182175,96.71308710319177,True
1887602132582604976,MSFT,False,,15,complete,True,0.0010247691128975056,0.0005807200031919425,12.0,0.0005219968721894001,0.00031650246842745565,8336.0,0.0008568453780840808,0.18553767145737818,70.62140115163147,False
1887587703665139765,MSFT,False,,13,partial,True,-0.00042551077186292474,0.0002614438283226638,10.0,0.00041322262912852335,0.00021879079828286216,9445.0,0.0006671494974963634,-0.6937165639371788,22.572789835892006,False
1885442033617338795,MSFT,False,,15,complete,True,0.008356537376617457,0.001812027763937338,0.0,0.0009394249546098357,0.00041203875121630546,14653.0,0.0014739637379442224,2.1177687942011487,96.26697604586091,True
1885351425016029321,MSFT,False,,15,complete,True,4.174595000816517e-05,0.0008188578577017215,2.0,0.0006057041346892038,0.0002952066746145411,12430.0,0.0009465478368274357,0.7220491314799639,83.52373290426388,False
1883753899255046301,MSFT,False,,15,complete,True,-0.02046793589318463,0.0013525970550959268,0.0,0.0009394249546098357,0.00041203875121630546,14653.0,0.0014739637379442224,1.0027505890318327,86.28949703132464,False
1882918743409676719,MSFT,False,,15,complete,True,-0.02046793589318463,0.0013525970550959268,0.0,0.0009394249546098357,0.00041203875121630546,14653.0,0.0014739637379442224,1.0027505890318327,86.28949703132464,False
1881422295413280932,MSFT,False,,15,complete,True,-0.009476989110272394,0.0013503978174172454,0.0,0.0009394249546098357,0.00041203875121630546,14653.0,0.0014739637379442224,0.9974131355224493,86.2280761618781,False
1879960414483804169,MSFT,False,,12,partial,True,-0.0012947496069103392,0.00044528039629064596,8.0,0.00043596746330413626,0.00027232610525479645,8669.0,0.0006549754573286202,0.03419772400371327,64.75948783019956,False
1879960413082947966,MSFT,False,,12,partial,True,-0.0012947496069103392,0.00044528039629064596,8.0,0.00043596746330413626,0.00027232610525479645,8669.0,0.0006549754573286202,0.03419772400371327,64.75948783019956,False
1879530496100868130,MSFT,True,"cpi(ALL, 2025-01-15 13:30:00+00:00->2025-01-15 21:00:00+00:00)",15,complete,False,0.0030260979654808118,0.0017110752101718017,0.0,0.0009394249546098357,0.00041203875121630546,14653.0,0.0014739637379442224,1.8727613684007052,94.90206783593803,True
1879530451716776062,MSFT,True,"cpi(ALL, 2025-01-15 13:30:00+00:00->2025-01-15 21:00:00+00:00)",15,complete,False,0.0030260979654808118,0.0017110752101718017,0.0,0.0009394249546098357,0.00041203875121630546,14653.0,0.0014739637379442224,1.8727613684007052,94.90206783593803,True
1879237790015402316,MSFT,False,,15,complete,True,0.00038095775518121044,0.00029211730613816576,8.0,0.00043596746330413626,0.00027232610525479645,8669.0,0.0006549754573286202,-0.5282275712472735,24.77794439958473,False
1878578360445792407,MSFT,False,,15,complete,True,-0.0005677637406383829,0.0016573619411806011,0.0,0.0009394249546098357,0.00041203875121630546,14653.0,0.0014739637379442224,1.7424016174485355,93.95345663004163,True
1878578314115473577,MSFT,False,,15,complete,True,-0.0005677637406383829,0.0016573619411806011,0.0,0.0009394249546098357,0.00041203875121630546,14653.0,0.0014739637379442224,1.7424016174485355,93.95345663004163,True
1877174465865318721,MSFT,True,"jobs_report(ALL, 2025-01-10 13:30:00+00:00->2025-01-10 21:00:00+00:00)",2,insufficient,False,-0.0007450887945236184,0.0,,,,,,,,False
1876877914324476183,MSFT,False,,15,complete,True,0.00756705657934531,0.0009154529885116064,0.0,0.0009394249546098357,0.00041203875121630546,14653.0,0.0014739637379442224,-0.05817891163747583,57.367092063058756,False
1876669948912861497,MSFT,False,,13,partial,True,0.0011262029732894696,0.00040266228408061784,4.0,0.0004949532677144498,0.00021729165400381426,9968.0,0.0007665003294922387,-0.4247332188479357,38.64365971107544,False
1876583121195552929,MSFT,False,,15,complete,True,0.0007459026614453634,0.0012248616429130675,0.0,0.0009394249546098357,0.00041203875121630546,14653.0,0.0014739637379442224,0.69274233906555,81.13014399781615,False
1876556891041792195,MSFT,False,,15,complete,True,0.0007459026614453634,0.0012248616429130675,0.0,0.0009394249546098357,0.00041203875121630546,14653.0,0.0014739637379442224,0.69274233906555,81.13014399781615,False
1876279310300103067,MSFT,False,,15,complete,True,0.0012774990779711448,0.001321225245977256,0.0,0.0009394249546098357,0.00041203875121630546,14653.0,0.0014739637379442224,0.9266125825310758,85.23851770968403,False
1875265482498220525,MSFT,False,,12,partial,True,-0.0003699155934027143,0.0002559956385444656,10.0,0.00041322262912852335,0.00021879079828286216,9445.0,0.0006671494974963634,-0.7186179300867487,21.302276336686077,False
1869445092832059804,MSFT,False,,12,partial,True,0.0008569593144485133,0.0002741804061924255,7.0,0.00044853075564919143,0.0004097469845394661,8216.0,0.0006639670621169391,-0.42550733998134593,18.6222005842259,False
1869445091213095140,MSFT,False,,12,partial,True,0.0008569593144485133,0.0002741804061924255,7.0,0.00044853075564919143,0.0004097469845394661,8216.0,0.0006639670621169391,-0.42550733998134593,18.6222005842259,False
1869081030839390572,MSFT,False,,15,complete,True,0.0010805315579600627,0.0001995509386116325,7.0,0.00044853075564919143,0.0004097469845394661,8216.0,0.0006639670621169391,-0.6076428294338737,5.0146056475170395,False
1869080969728422079,MSFT,False,,15,complete,True,0.0010805315579600627,0.0001995509386116325,7.0,0.00044853075564919143,0.0004097469845394661,8216.0,0.0006639670621169391,-0.6076428294338737,5.0146056475170395,False
1868532219519869209,MSFT,False,,1,insufficient,False,,,,,,,,,,False
1867622809851367866,MSFT,False,,15,complete,True,0.0005341475010759433,0.0002482738042443194,6.0,0.00046008241024991954,0.0002678715459743916,8323.0,0.0007238162459618544,-0.7907096113368045,12.60362849933918,False
1867622807213158699,MSFT,False,,15,complete,True,0.0005341475010759433,0.0002482738042443194,6.0,0.00046008241024991954,0.0002678715459743916,8323.0,0.0007238162459618544,-0.7907096113368045,12.60362849933918,False
1867383295128084989,MSFT,False,,15,complete,True,-0.001236404733844676,0.0008555385186764465,0.0,0.0009394249546098357,0.00041203875121630546,14653.0,0.0014739637379442224,-0.2035887053966725,50.426533815600905,False
1867383293655888160,MSFT,False,,15,complete,True,-0.001236404733844676,0.0008555385186764465,0.0,0.0009394249546098357,0.00041203875121630546,14653.0,0.0014739637379442224,-0.2035887053966725,50.426533815600905,False
1867273195331760371,MSFT,False,,14,partial,True,-0.0008432192286910167,0.00030697014466475055,7.0,0.00044853075564919143,0.0004097469845394661,8216.0,0.0006639670621169391,-0.3454829841970588,29.065238558909446,False
1859033782067884050,MSFT,False,,15,complete,True,-0.0030004371348825165,0.0006696920009851738,0.0,0.0009394249546098357,0.00041203875121630546,14653.0,0.0014739637379442224,-0.6546300628968315,26.492868354603154,False
1858985696830386451,MSFT,False,,15,complete,True,-0.0030004371348825165,0.0006696920009851738,0.0,0.0009394249546098357,0.00041203875121630546,14653.0,0.0014739637379442224,-0.6546300628968315,26.492868354603154,False
1858945686009455050,MSFT,False,,15,complete,True,-0.0006141465303938221,0.00022067519626420848,8.0,0.00043596746330413626,0.00027232610525479645,8669.0,0.0006549754573286202,-0.7905678628881131,7.9017187680239935,False
1858945684604420311,MSFT,False,,15,complete,True,-0.0006141465303938221,0.00022067519626420848,8.0,0.00043596746330413626,0.00027232610525479645,8669.0,0.0006549754573286202,-0.7905678628881131,7.9017187680239935,False
1858945683048313066,MSFT,False,,15,complete,True,-0.0006141465303938221,0.00022067519626420848,8.0,0.00043596746330413626,0.00027232610525479645,8669.0,0.0006549754573286202,-0.7905678628881131,7.9017187680239935,False
1858945681223720965,MSFT,False,,15,complete,True,-0.0006141465303938221,0.00022067519626420848,8.0,0.00043596746330413626,0.00027232610525479645,8669.0,0.0006549754573286202,-0.7905678628881131,7.9017187680239935,False
1858945679567015967,MSFT,False,,15,complete,True,-0.0006141465303938221,0.00022067519626420848,8.0,0.00043596746330413626,0.00027232610525479645,8669.0,0.0006549754573286202,-0.7905678628881131,7.9017187680239935,False
1858945678338138244,MSFT,False,,15,complete,True,-0.0006141465303938221,0.00022067519626420848,8.0,0.00043596746330413626,0.00027232610525479645,8669.0,0.0006549754573286202,-0.7905678628881131,7.9017187680239935,False
1858657006405509524,MSFT,False,,15,complete,True,-0.0022411761718791334,0.001134341399009945,0.0,0.0009394249546098357,0.00041203875121630546,14653.0,0.0014739637379442224,0.47305367231778916,75.68416024022385,False
1857123978399318389,MSFT,False,,15,complete,True,0.004293153675218875,0.0008511135690461812,7.0,0.00044853075564919143,0.0004097469845394661,8216.0,0.0006639670621169391,0.9825156220477655,96.61635832521908,True
1856757431302590649,MSFT,True,"cpi(ALL, 2024-11-13 13:30:00+00:00->2024-11-13 21:00:00+00:00)",15,complete,False,0.00018877057754185245,0.0004211863146617368,6.0,0.00046008241024991954,0.0002678715459743916,8323.0,0.0007238162459618544,-0.14520428232381644,53.49032800672834,False
1856440392956485655,MSFT,False,,5,insufficient,False,-0.0015729572567766414,0.00040464810436424806,12.0,0.0005219968721894001,0.00031650246842745565,8336.0,0.0008568453780840808,-0.3707673068339721,42.202495201535505,False
1854216231991271547,MSFT,False,,14,partial,True,0.0006146613593533967,0.00036221881593747,6.0,0.00046008241024991954,0.0002678715459743916,8323.0,0.0007238162459618544,-0.36533777395604844,39.721254355400696,False
1851306694997164398,MSFT,False,,14,partial,True,0.0007268175418784217,0.0002727030165216869,6.0,0.00046008241024991954,0.0002678715459743916,8323.0,0.0007238162459618544,-0.6995121226729547,17.962273218791303,False
1851301277801857439,MSFT,False,,14,partial,True,0.002239792993000922,0.00038255838171176096,6.0,0.00046008241024991954,0.0002678715459743916,8323.0,0.0007238162459618544,-0.2894074779617311,44.767511714526016,False
1849564114181554651,MSFT,False,,15,complete,True,0.0068158668784092935,0.0007232133400210432,0.0,0.0009394249546098357,0.00041203875121630546,14653.0,0.0014739637379442224,-0.5247361175388313,33.31740940421757,False
1849367916707545417,MSFT,False,,15,complete,True,-0.003218250726368055,0.0013757229729143429,0.0,0.0009394249546098357,0.00041203875121630546,14653.0,0.0014739637379442224,1.0588761785550274,87.07431925203029,False
1849022176118337890,MSFT,False,,15,complete,True,0.0036189679384310836,0.001263647871840015,0.0,0.0009394249546098357,0.00041203875121630546,14653.0,0.0014739637379442224,0.7868748176551335,82.99324370436089,False
1848731073670484418,MSFT,False,,15,complete,True,0.004119843320968264,0.0007097528720630482,1.0,0.0007149928506676323,0.00039942005854778635,13614.0,0.001083853443985525,-0.01311896709352958,59.159688555898335,False
1848325890779787685,MSFT,False,,15,complete,True,-0.002542460517819034,0.0013425905982457965,0.0,0.0009394249546098357,0.00041203875121630546,14653.0,0.0014739637379442224,0.9784653565856318,85.94826997884392,False
1848310867709862137,MSFT,False,,15,complete,True,-0.002542460517819034,0.0013425905982457965,0.0,0.0009394249546098357,0.00041203875121630546,14653.0,0.0014739637379442224,0.9784653565856318,85.94826997884392,False
1846980279107571867,MSFT,False,,10,partial,True,0.0004913839168394496,0.00019645522234667956,9.0,0.00041304975892462884,0.00023136509875481553,9133.0,0.0006425857739610089,-0.9361590738777803,6.909011277783861,False
1846596104215056674,MSFT,False,,12,partial,True,-0.0003248791662734396,0.0004011079574462077,6.0,0.00046008241024991954,0.0002678715459743916,8323.0,0.0007238162459618544,-0.22015945213288823,49.06884536825664,False
1843676169071468585,MSFT,False,,13,partial,True,0.0010955483392752763,0.00034467416449502974,4.0,0.0004949532677144498,0.00021729165400381426,9968.0,0.0007665003294922387,-0.6916008988397784,25.692215088282506,False
1841589429502411220,MSFT,False,,15,complete,True,0.0004540219445373639,0.00088649768238588,0.0,0.0009394249546098357,0.00041203875121630546,14653.0,0.0014739637379442224,-0.1284521712283582,54.15955776973998,False
1841173011732562217,MSFT,False,,15,complete,True,0.0011018238818671922,0.00031844426382168507,8.0,0.00043596746330413626,0.00027232610525479645,8669.0,0.0006549754573286202,-0.43155319014492927,32.0221478832622,False
1841142540806078913,MSFT,False,,11,partial,True,0.0008495975173505865,0.00039380150461603883,4.0,0.0004949532677144498,0.00021729165400381426,9968.0,0.0007665003294922387,-0.4655114968043613,36.45666131621188,False
1838975273653702753,MSFT,False,,13,partial,True,0.0009098685999244793,0.0002591827881077753,5.0,0.0004669323990018921,0.0002276766504381219,8901.0,0.0007157854781702747,-0.9124765780519911,12.077294685990339,False
1838660210250125760,MSFT,False,,15,complete,True,0.00011455266287441201,0.00014029983768505165,11.0,0.0004038797262934118,0.00022943432876012016,11546.0,0.0006587422095737825,-1.1488249820014516,1.9054217910964837,False
1838630817339445706,MSFT,False,,13,partial,True,0.00021829868274370057,0.000144691040489205,7.0,0.00044853075564919143,0.0004097469845394661,8216.0,0.0006639670621169391,-0.7415300822811086,1.0467380720545278,False
1838600423407784446,MSFT,False,,14,partial,True,-0.0017086862781673373,0.0004189443927408226,3.0,0.0005387284302434672,0.00028328045168513874,11561.0,0.0008166489641596954,-0.4228461116539819,33.89845169103019,False
1838245008249671890,MSFT,False,,10,partial,True,-0.0006724477802299011,0.00033895059476217015,4.0,0.0004949532677144498,0.00021729165400381426,9968.0,0.0007665003294922387,-0.717941393872133,24.398073836276083,False
1835711224174305419,MSFT,False,,15,complete,True,-0.0007249495288960128,0.0004732957205062034,5.0,0.0004669323990018921,0.0002276766504381219,8901.0,0.0007157854781702747,0.02794894202838216,61.229075384788224,False
1835703768677339207,MSFT,False,,15,complete,True,-0.002334394348569413,0.0004869433402915933,4.0,0.0004949532677144498,0.00021729165400381426,9968.0,0.0007665003294922387,-0.036862563634017485,57.05256821829856,False
1835699037569441844,MSFT,False,,13,partial,True,0.00016011950144267928,0.00053395274560362,3.0,0.0005387284302434672,0.00028328045168513874,11561.0,0.0008166489641596954,-0.016858504042330573,59.65746907706946,False
1833555602997674312,MSFT,False,,11,partial,True,0.0006468356307702816,0.0007427204615325921,7.0,0.00044853075564919143,0.0004097469845394661,8216.0,0.0006639670621169391,0.717978940623698,93.48831548198638,True
1832212940461904246,MSFT,False,,15,complete,True,0.00868509275550422,0.0015572034103455276,0.0,0.0009394249546098357,0.00041203875121630546,14653.0,0.0014739637379442224,1.4993212505184506,92.06305875929843,True
1831026125289693263,MSFT,False,,14,partial,True,0.0007766424622286383,0.00030950612284623403,8.0,0.00043596746330413626,0.00027232610525479645,8669.0,0.0006549754573286202,-0.4643746523660713,29.54204637213058,False
1819048640545235018,MSFT,False,,13,partial,True,0.0003933716293731404,0.0006300345581645968,6.0,0.00046008241024991954,0.0002678715459743916,8323.0,0.0007238162459618544,0.6344539032560204,83.79190195842845,False
1816551955046744502,MSFT,False,,15,complete,True,-0.0011557459083155752,0.0005864533989500564,11.0,0.0004038797262934118,0.00022943432876012016,11546.0,0.0006587422095737825,0.795755690280901,85.6400485016456,False
1816154169809723412,MSFT,False,,13,partial,True,0.0005460954303857513,0.00039160645264256396,6.0,0.00046008241024991954,0.0002678715459743916,8323.0,0.0007238162459618544,-0.25562982943287993,46.82205935359846,False
1814329337451344250,MSFT,False,,7,insufficient,False,-0.0013953132383969225,0.0004387246212874175,5.0,0.0004669323990018921,0.0002276766504381219,8901.0,0.0007157854781702747,-0.12389402980144835,54.54443320975171,False
1812296545725006290,MSFT,False,,15,complete,True,-0.00015303359911045256,0.0008694044817358253,0.0,0.0009394249546098357,0.00041203875121630546,14653.0,0.0014739637379442224,-0.1699366204448382,52.2691598989968,False
1807114709499523208,MSFT,False,,15,complete,True,-4.681074657608697e-05,0.0010486423384420216,0.0,0.0009394249546098357,0.00041203875121630546,14653.0,0.0014739637379442224,0.2650658063344403,69.6034941650174,False
1806053061905023266,MSFT,False,,7,insufficient,False,0.0029615113605556687,0.0007422048962713849,12.0,0.0005219968721894001,0.00031650246842745565,8336.0,0.0008568453780840808,0.6957545234199584,84.29702495201535,False
1803112708591718871,MSFT,False,,7,insufficient,False,0.0009320361383891029,0.0003069570870705934,7.0,0.00044853075564919143,0.0004097469845394661,8216.0,0.0006639670621169391,-0.34551485165344,29.065238558909446,False
1803053504224968853,MSFT,False,,15,complete,True,-0.0002781492982395495,0.0012654586904711903,0.0,0.0009394249546098357,0.00041203875121630546,14653.0,0.0014739637379442224,0.7912695951507693,83.10926090220433,False
1802747537721618694,MSFT,False,,12,partial,True,0.0007970437598063818,0.0002632758580332208,6.0,0.00046008241024991954,0.0002678715459743916,8323.0,0.0007238162459618544,-0.7347049553203138,15.835636188874206,False
1799927810422943838,MSFT,False,,15,complete,True,0.004067221296681245,0.0005438472598648784,0.0,0.0009394249546098357,0.00041203875121630546,14653.0,0.0014739637379442224,-0.9600497370144037,12.086262198867125,False
1797726803483865237,MSFT,False,,13,partial,True,-0.0032362799688735455,0.0009935896919020717,0.0,0.0009394249546098357,0.00041203875121630546,14653.0,0.0014739637379442224,0.13145544474238396,65.16071794171842,False
1796600812388639221,MSFT,False,,11,partial,True,-0.00027662128349481563,0.00036003320245377613,8.0,0.00043596746330413626,0.00027232610525479645,8669.0,0.0006549754573286202,-0.2788357758772842,43.269119852347444,False
1793066495435813188,MSFT,False,,15,complete,True,0.005626944165356473,0.0009868849745451984,0.0,0.0009394249546098357,0.00041203875121630546,14653.0,0.0014739637379442224,0.11518338941486561,64.48508837780659,False
1793054879608651886,MSFT,False,,15,complete,True,0.005626944165356473,0.0009868849745451984,0.0,0.0009394249546098357,0.00041203875121630546,14653.0,0.0014739637379442224,0.11518338941486561,64.48508837780659,False
1792995324480348390,MSFT,False,,12,partial,True,-0.00043301381301086295,0.0002601652057590747,11.0,0.0004038797262934118,0.00022943432876012016,11546.0,0.0006587422095737825,-0.6263863010865935,24.68387320284081,False
1792970481336983820,MSFT,False,,15,complete,True,-0.00017454109767389703,0.0002617210832579794,7.0,0.00044853075564919143,0.0004097469845394661,8216.0,0.0006639670621169391,-0.4559146972153466,15.591528724440117,False
1792932914268713025,MSFT,False,,13,partial,True,0.00042734239702790777,0.0003286371328729624,2.0,0.0006057041346892038,0.0002952066746145411,12430.0,0.0009465478368274357,-0.9385526332628313,10.498793242156074,False
1792617851385426024,MSFT,False,,14,partial,True,-2.970418891368176e-05,0.0005155423538843134,9.0,0.00041304975892462884,0.00023136509875481553,9133.0,0.0006425857739610089,0.44299073417421087,78.73645023541005,False
1790063618916000046,MSFT,False,,12,partial,True,-0.0018364854114356621,0.00033710848022645373,6.0,0.00046008241024991954,0.0002678715459743916,8323.0,0.0007238162459618544,-0.459077986712415,33.55761143818335,False
1788338535499808903,MSFT,False,,14,partial,True,-0.0007331835720502111,0.0006827805827948949,0.0,0.0009394249546098357,0.00041203875121630546,14653.0,0.0014739637379442224,-0.6228646481850242,28.383266225346343,False
1788209533850108264,MSFT,False,,15,complete,True,0.0029619194881058686,0.0003777390056039873,1.0,0.0007149928506676323,0.00039942005854778635,13614.0,0.001083853443985525,-0.8443588093443137,7.866901718818863,False
1785892561300885522,MSFT,False,,15,complete,True,-0.0007575740608138926,0.0011928644614018153,0.0,0.0009394249546098357,0.00041203875121630546,14653.0,0.0014739637379442224,0.6150865811621998,79.2602197502218,False
1785714562601529831,MSFT,False,,14,partial,True,0.001672208117778129,0.00029913634557594235,6.0,0.00046008241024991954,0.0002678715459743916,8323.0,0.0007238162459618544,-0.6008330003417517,23.909647963474708,False
1785524632298365097,MSFT,False,,15,complete,True,0.010935595597863501,0.0016092899740342767,0.0,0.0009394249546098357,0.00041203875121630546,14653.0,0.0014739637379442224,1.6257330589587824,93.10721353988944,True
1785196931876368513,MSFT,False,,15,complete,True,-0.003833879834066911,0.0011240042874037526,0.0,0.0009394249546098357,0.00041203875121630546,14653.0,0.0014739637379442224,0.4479659552628324,75.06312700470893,False
1785174185842769981,MSFT,False,,15,complete,True,-0.003833879834066911,0.0011240042874037526,0.0,0.0009394249546098357,0.00041203875121630546,14653.0,0.0014739637379442224,0.4479659552628324,75.06312700470893,False
1785164742170194234,MSFT,False,,15,complete,True,-0.003833879834066911,0.0011240042874037526,0.0,0.0009394249546098357,0.00041203875121630546,14653.0,0.0014739637379442224,0.4479659552628324,75.06312700470893,False
1784982781338210563,MSFT,False,,11,partial,True,-0.0008379561540846625,0.0002199531121486137,5.0,0.0004669323990018921,0.0002276766504381219,8901.0,0.0007157854781702747,-1.0847809223212488,5.179193349061903,False
1784976536120267130,MSFT,False,,14,partial,True,0.0008276991416606982,0.00032800500347592254,5.0,0.0004669323990018921,0.0002276766504381219,8901.0,0.0007157854781702747,-0.6101960620846684,27.266599258510283,False
1782779420950011950,MSFT,False,,14,partial,True,-0.001599439048208029,0.0004304982787004995,2.0,0.0006057041346892038,0.0002952066746145411,12430.0,0.0009465478368274357,-0.5935023529446787,27.64279967819791,False
1777751428947378575,MSFT,False,,11,partial,True,-0.00010648345454467023,0.00041491976147273944,8.0,0.00043596746330413626,0.00027232610525479645,8669.0,0.0006549754573286202,-0.07728859417169706,57.44607221132772,False
1775988939079450886,MSFT,True,"jobs_report(ALL, 2024-04-05 12:30:00+00:00->2024-04-05 20:00:00+00:00)",14,partial,False,0.0040919518610369465,0.0011073327625281747,0.0,0.0009394249546098357,0.00041203875121630546,14653.0,0.0014739637379442224,0.40750489467965934,73.8620077799768,False
1775539553715265614,MSFT,False,,15,complete,True,-0.0006301830583869128,0.0002749973624162327,3.0,0.0005387284302434672,0.00028328045168513874,11561.0,0.0008166489641596954,-0.9309892943843756,7.5426001210967915,False
1775212618581676406,MSFT,False,,13,partial,True,0.0011402689340791472,0.00019852196846623695,7.0,0.00044853075564919143,0.0004097469845394661,8216.0,0.0006639670621169391,-0.6101540624245254,4.90506329113924,False
1774581166039015641,MSFT,False,,15,complete,True,0.008016995440124353,0.001518315221131068,0.0,0.0009394249546098357,0.00041203875121630546,14653.0,0.0014739637379442224,1.4049413187774074,91.23046475124548,True
1773063169138671984,MSFT,False,,12,partial,True,0.0002708573483015675,0.0004498427871408479,11.0,0.0004038797262934118,0.00022943432876012016,11546.0,0.0006587422095737825,0.20033209980312802,71.176164905595,False
1770882661483184130,MSFT,False,,12,partial,True,0.00027627774177463316,0.00035185994753480045,10.0,0.00041322262912852335,0.00021879079828286216,9445.0,0.0006671494974963634,-0.2804628077383336,46.36315510852303,False
1770496554589372568,MSFT,False,,10,partial,True,-0.0009187372933920912,0.00021501544410212274,7.0,0.00044853075564919143,0.0004097469845394661,8216.0,0.0006639670621169391,-0.569901232609503,6.828140214216163,False
1770132249029357569,MSFT,False,,15,complete,True,-0.000511786055853225,0.0005095412453034517,6.0,0.00046008241024991954,0.0002678715459743916,8323.0,0.0007238162459618544,0.1846363893321479,70.45536465216868,False
1769850474528952779,MSFT,False,,15,complete,True,0.002842187445834865,0.001459867983131967,0.0,0.0009394249546098357,0.00041203875121630546,14653.0,0.0014739637379442224,1.263092432412789,89.58575035828841,False
1767946880913412533,MSFT,False,,12,partial,True,0.0002727071096462197,0.0002891238141907103,5.0,0.0004669323990018921,0.0002276766504381219,8901.0,0.0007157854781702747,-0.7809697853030683,17.806987978878777,False
1767246756419608682,MSFT,False,,13,partial,True,0.0013939721654616655,0.00034009512177916705,8.0,0.00043596746330413626,0.00027232610525479645,8669.0,0.0006549754573286202,-0.35204976561196066,37.62833083400623,False
1765796164660867353,MSFT,False,,14,partial,True,-0.0006494868151043498,0.00029541552773028427,6.0,0.00046008241024991954,0.0002678715459743916,8323.0,0.0007238162459618544,-0.6147233067276856,23.020545476390726,False
1763294026810495267,MSFT,False,,13,partial,True,8.190068950386653e-05,0.0001884964825519897,11.0,0.0004038797262934118,0.00022943432876012016,11546.0,0.0006587422095737825,-0.9387577042431656,7.188636757318552,False
1763250537309565236,MSFT,False,,14,partial,True,0.0010304307120314604,0.00032172552987618907,5.0,0.0004669323990018921,0.0002276766504381219,8901.0,0.0007157854781702747,-0.6377767278562781,25.716211661611055,False
1762525817836638357,MSFT,False,,11,partial,True,-0.001624986971341058,0.00029636724117481587,5.0,0.0004669323990018921,0.0002276766504381219,8901.0,0.0007157854781702747,-0.7491552493365258,19.77305920683069,False
1762165185513722057,MSFT,False,,12,partial,True,0.0005897816841615722,0.0003988681283654604,5.0,0.0004669323990018921,0.0002276766504381219,8901.0,0.0007157854781702747,-0.2989514757242543,45.028648466464446,False
1759806782632079789,MSFT,False,,15,complete,True,0.002750768501570522,0.0016641085269502986,0.0,0.0009394249546098357,0.00041203875121630546,14653.0,0.0014739637379442224,1.7587752855799481,94.04217566368662,True
1757476882646450454,MSFT,True,"cpi(ALL, 2024-02-13 13:30:00+00:00->2024-02-13 21:00:00+00:00)",15,complete,False,-0.0007692681202234875,0.0002881708762690462,8.0,0.00043596746330413626,0.00027232610525479645,8669.0,0.0006549754573286202,-0.5427191304219887,23.808974506863535,False
1755464663385711093,MSFT,False,,15,complete,True,0.002944832359514482,0.0007478880751720878,0.0,0.0009394249546098357,0.00041203875121630546,14653.0,0.0014739637379442224,-0.46485161619470594,36.28608476079984,False
1755258763962118367,MSFT,False,,13,partial,True,0.00011896068740002708,0.0005686878033104462,2.0,0.0006057041346892038,0.0002952066746145411,12430.0,0.0009465478368274357,-0.12539124132979307,54.41673370876911,False
1755104278925255077,MSFT,False,,14,partial,True,0.007607760429750865,0.0005543164910694914,0.0,0.0009394249546098357,0.00041203875121630546,14653.0,0.0014739637379442224,-0.9346413714815293,13.082645192110832,False
1753147910865535215,MSFT,False,,13,partial,True,-0.0007982600435877396,0.0004294722096781334,11.0,0.0004038797262934118,0.00022943432876012016,11546.0,0.0006587422095737825,0.11154600762242176,67.74640568162134,False
1747153222035485180,MSFT,False,,13,partial,True,0.009138731386733823,0.001174247906361765,,,,,,,,False
1747000699664429075,MSFT,False,,13,partial,True,0.009138731386733823,0.001174247906361765,,,,,,,,False
1746944456493072495,MSFT,False,,13,partial,True,0.009138731386733823,0.001174247906361765,,,,,,,,False
1745496546949644397,MSFT,True,"cpi(ALL, 2024-01-11 13:30:00+00:00->2024-01-11 21:00:00+00:00)",12,partial,False,-0.0006396293273240872,0.00037351639965860065,5.0,0.0004669323990018921,0.0002276766504381219,8901.0,0.0007157854781702747,-0.4103011844364783,38.613638916975624,False
1744856756482879957,MSFT,False,,15,complete,True,0.009431136154185893,0.0007733874832445906,0.0,0.0009394249546098357,0.00041203875121630546,14653.0,0.0014739637379442224,-0.4029656697946876,39.752951614003955,False
1744772206369079649,MSFT,False,,9,partial,True,-0.0002990498925959928,0.0004513695528293189,5.0,0.0004669323990018921,0.0002276766504381219,8901.0,0.0007157854781702747,-0.06835503835208993,56.982361532412085,False
2075218665826636038,QCOM,False,,15,complete,True,0.003154463566658716,0.001781425081106836,1.0,0.0013793563903108743,0.0009345661372343062,7985.0,0.002613518670602321,0.43021962253609725,77.88353162179085,False
2074493890124816461,QCOM,False,,15,complete,True,-0.008338264667642648,0.001882483417739591,1.0,0.0013793563903108743,0.0009345661372343062,7985.0,0.002613518670602321,0.5383535818210126,80.0,False
2073465899575820371,QCOM,False,,15,complete,True,0.053709058903901985,0.0040563618330393975,0.0,0.0017823192627403305,0.0010698256208132872,8499.0,0.0032347960452871125,2.125619845008318,94.66996117190257,True
2072748263208616222,QCOM,True,"jobs_report(ALL, 2026-07-02 12:30:00+00:00->2026-07-02 20:00:00+00:00)",15,complete,False,0.00560696191877641,0.0017286680198053007,9.0,0.0007471375969065638,0.0004867566519591863,4287.0,0.0012808820130418518,2.0164704867372545,96.6410076976907,True
2072372393038028973,QCOM,False,,14,partial,True,0.000636412211665438,0.0008949006678613459,8.0,0.0008611830211537765,0.0006334579657316044,3701.0,0.0014154386593569592,0.0532279149234908,64.52310186436098,False
2071730234622418994,QCOM,False,,15,complete,True,0.0035196601586344745,0.005073114596844274,0.0,0.0017823192627403305,0.0010698256208132872,8499.0,0.0032347960452871125,3.0760109592461085,98.2233203906342,True
2070304246935765210,QCOM,False,,15,complete,True,0.00373963517274023,0.004957150374915028,0.0,0.0017823192627403305,0.0010698256208132872,8499.0,0.0032347960452871125,2.967615516406472,97.89386986704318,True
2070303126280605811,QCOM,False,,15,complete,True,0.00373963517274023,0.004957150374915028,0.0,0.0017823192627403305,0.0010698256208132872,8499.0,0.0032347960452871125,2.967615516406472,97.89386986704318,True
2069822102660640873,QCOM,False,,14,partial,True,-0.0005943922096268706,0.0013585911195750846,6.0,0.0008811222698987882,0.0005506822930134628,3296.0,0.0015689675970311872,0.867049577830939,85.49757281553399,False
2069598972579029422,QCOM,False,,15,complete,True,-0.03693749782096567,0.00634462249755568,0.0,0.0017823192627403305,0.0010698256208132872,8499.0,0.0032347960452871125,4.264529794441698,99.717613836922,True
2069088587619193173,QCOM,False,,15,complete,True,0.002678601596556307,0.0014318347486605662,5.0,0.0008809439772216713,0.0005446211250859925,4216.0,0.0015541749889803626,1.011511941171787,87.64231499051233,False
2068806527004348577,QCOM,False,,15,complete,True,-0.020996108609992237,0.007952267068835183,0.0,0.0017823192627403305,0.0010698256208132872,8499.0,0.0032347960452871125,5.7672462558939515,99.98823390987175,True
2068795171823608227,QCOM,False,,15,complete,True,-0.020996108609992237,0.007952267068835183,0.0,0.0017823192627403305,0.0010698256208132872,8499.0,0.0032347960452871125,5.7672462558939515,99.98823390987175,True
2068792523753996518,QCOM,False,,15,complete,True,-0.020996108609992237,0.007952267068835183,0.0,0.0017823192627403305,0.0010698256208132872,8499.0,0.0032347960452871125,5.7672462558939515,99.98823390987175,True
2063266602922213430,QCOM,False,,15,complete,True,0.00894797555543958,0.0038945901225461836,0.0,0.0017823192627403305,0.0010698256208132872,8499.0,0.0032347960452871125,1.9744066871385015,93.99929403459231,True
2063224212806914340,QCOM,False,,15,complete,True,0.00894797555543958,0.0038945901225461836,0.0,0.0017823192627403305,0.0010698256208132872,8499.0,0.0032347960452871125,1.9744066871385015,93.99929403459231,True
2062536245969096917,QCOM,False,,15,complete,True,0.008972319624799718,0.0018025548362586932,1.0,0.0013793563903108743,0.0009345661372343062,7985.0,0.002613518670602321,0.45282878234835755,78.4345648090169,False
2062097720219992176,QCOM,False,,15,complete,True,-0.0022110115949917075,0.005891262261336156,0.0,0.0017823192627403305,0.0010698256208132872,8499.0,0.0032347960452871125,3.8407595767543734,99.44699376397223,True
2061860614755213809,QCOM,False,,14,partial,True,-0.006263661012396837,0.0019681977160564473,7.0,0.000904898372193785,0.0008558936060872128,3602.0,0.0015296819716376208,1.2423265418743128,94.4752915047196,True
2061327347777998985,QCOM,False,,15,complete,True,-0.06479821463434454,0.005171671380738342,0.0,0.0017823192627403305,0.0010698256208132872,8499.0,0.0032347960452871125,3.1681351166570564,98.44687610307095,True
2061085542478192968,QCOM,False,,15,complete,True,-0.06479821463434454,0.005171671380738342,0.0,0.0017823192627403305,0.0010698256208132872,8499.0,0.0032347960452871125,3.1681351166570564,98.44687610307095,True
2058972842700767608,QCOM,False,,15,complete,True,-0.006577031046585136,0.008497102333176474,0.0,0.0017823192627403305,0.0010698256208132872,8499.0,0.0032347960452871125,6.276521088858883,99.98823390987175,True
2056409938260619586,QCOM,False,,14,partial,True,-0.00485662790845065,0.0019169249654994408,5.0,0.0008809439772216713,0.0005446211250859925,4216.0,0.0015541749889803626,1.9022049284522229,94.97153700189753,True
2055290775772987547,QCOM,False,,15,complete,True,0.011226847146435848,0.002399013282149358,1.0,0.0013793563903108743,0.0009345661372343062,7985.0,0.002613518670602321,1.0910484033328978,87.61427676894176,False
2052526042959732745,QCOM,False,,2,insufficient,False,0.0597067594532843,0.0,,,,,,,,False
2051372902747181454,QCOM,False,,15,complete,True,0.00039053388948828704,0.00046289778814878916,10.0,0.0008381018115482298,0.0007442819782589355,4975.0,0.0014326202346469396,-0.5041154217883095,23.618090452261306,False
2050352176929857700,QCOM,False,,15,complete,True,-0.04478658677540748,0.005813132148093069,0.0,0.0017823192627403305,0.0010698256208132872,8499.0,0.0032347960452871125,3.767728877430037,99.38816331333098,True
2050300588026695793,QCOM,False,,14,partial,True,0.0036766420376805886,0.0014212618085615242,12.0,0.0008976044924825514,0.0005399495749480084,5494.0,0.001515202301388846,0.9698263326337383,87.78667637422643,False
2050299817256186348,QCOM,False,,15,complete,True,0.003356427540540885,0.0013914517849375244,12.0,0.0008976044924825514,0.0005399495749480084,5494.0,0.001515202301388846,0.9146174297896714,86.96760101929377,False
2049610712646140247,QCOM,True,"earnings(QCOM, 2026-04-29 20:00:00+00:00->2026-04-30 20:00:00+00:00)",15,complete,False,0.06268991240040256,0.006146346469682063,0.0,0.0017823192627403305,0.0010698256208132872,8499.0,0.0032347960452871125,4.079194891242346,99.54112248499824,True
2046595385943281813,QCOM,False,,10,partial,True,0.0037225702502490243,0.00040198982215634566,1.0,0.0013793563903108743,0.0009345661372343062,7985.0,0.002613518670602321,-1.0457971129222412,0.5009392611145899,False
2046376034099171359,QCOM,False,,14,partial,True,-0.007940703388710668,0.002982604042869178,0.0,0.0017823192627403305,0.0010698256208132872,8499.0,0.0032347960452871125,1.121944321371164,87.37498529238734,False
2044814755072987637,QCOM,False,,15,complete,True,-0.0028533098261693812,0.0008784206391390388,5.0,0.0008809439772216713,0.0005446211250859925,4216.0,0.0015541749889803626,-0.004633199056011922,62.5,False
2044199903879147601,QCOM,False,,11,partial,True,-0.00011915604339463037,0.0011686429200255554,0.0,0.0017823192627403305,0.0010698256208132872,8499.0,0.0032347960452871125,-0.5736227762504462,33.85104129897635,False
2044199902117539946,QCOM,False,,11,partial,True,-0.00011915604339463037,0.0011686429200255554,0.0,0.0017823192627403305,0.0010698256208132872,8499.0,0.0032347960452871125,-0.5736227762504462,33.85104129897635,False
2044199900121067796,QCOM,False,,11,partial,True,-0.00011915604339463037,0.0011686429200255554,0.0,0.0017823192627403305,0.0010698256208132872,8499.0,0.0032347960452871125,-0.5736227762504462,33.85104129897635,False
2044199898183283189,QCOM,False,,11,partial,True,-0.00011915604339463037,0.0011686429200255554,0.0,0.0017823192627403305,0.0010698256208132872,8499.0,0.0032347960452871125,-0.5736227762504462,33.85104129897635,False
2044199895838666911,QCOM,False,,11,partial,True,-0.00011915604339463037,0.0011686429200255554,0.0,0.0017823192627403305,0.0010698256208132872,8499.0,0.0032347960452871125,-0.5736227762504462,33.85104129897635,False
2044199893817000037,QCOM,False,,11,partial,True,-0.00011915604339463037,0.0011686429200255554,0.0,0.0017823192627403305,0.0010698256208132872,8499.0,0.0032347960452871125,-0.5736227762504462,33.85104129897635,False
2044199891787030970,QCOM,False,,11,partial,True,-0.00011915604339463037,0.0011686429200255554,0.0,0.0017823192627403305,0.0010698256208132872,8499.0,0.0032347960452871125,-0.5736227762504462,33.85104129897635,False
2044199889006145875,QCOM,False,,11,partial,True,-0.00011915604339463037,0.0011686429200255554,0.0,0.0017823192627403305,0.0010698256208132872,8499.0,0.0032347960452871125,-0.5736227762504462,33.85104129897635,False
2040791818640777610,QCOM,False,,15,complete,True,-0.01129788948062449,0.004195112847868948,0.0,0.0017823192627403305,0.0010698256208132872,8499.0,0.0032347960452871125,2.2553148271906207,95.29356394869984,True
2032151165237149718,QCOM,False,,13,partial,True,-0.004384624822535543,0.0007573236152143318,8.0,0.0008611830211537765,0.0006334579657316044,3701.0,0.0014154386593569592,-0.16395627106763677,53.769251553634156,False
2029602337698820337,QCOM,False,,13,partial,True,0.004144244229671301,0.0009385189429210405,4.0,0.000958825646395835,0.0006455232522669806,5120.0,0.0016981298558523725,-0.031457741302858555,64.62890625,False
2029166475148161359,QCOM,False,,15,complete,True,-0.0001046389091212685,0.00282361470166212,0.0,0.0017823192627403305,0.0010698256208132872,8499.0,0.0032347960452871125,0.9733319324790436,85.42181433109778,False
2028795945761005667,QCOM,False,,15,complete,True,-0.0015786070395351626,0.00205615934767528,0.0,0.0017823192627403305,0.0010698256208132872,8499.0,0.0032347960452871125,0.25596702827772533,72.94975879515238,False
2028790035038801927,QCOM,False,,15,complete,True,-0.0015786070395351626,0.00205615934767528,0.0,0.0017823192627403305,0.0010698256208132872,8499.0,0.0032347960452871125,0.25596702827772533,72.94975879515238,False
2028727071665684576,QCOM,False,,15,complete,True,-0.0015786070395351626,0.00205615934767528,0.0,0.0017823192627403305,0.0010698256208132872,8499.0,0.0032347960452871125,0.25596702827772533,72.94975879515238,False
2028724190526779433,QCOM,False,,15,complete,True,-0.0015786070395351626,0.00205615934767528,0.0,0.0017823192627403305,0.0010698256208132872,8499.0,0.0032347960452871125,0.25596702827772533,72.94975879515238,False
2028372759554769028,QCOM,False,,15,complete,True,-0.024673033052333704,0.00233219293598499,0.0,0.0017823192627403305,0.0010698256208132872,8499.0,0.0032347960452871125,0.5139843938553673,77.80915401811977,False
2025927884402008127,QCOM,False,,15,complete,True,0.007932365865236823,0.002352730799338408,0.0,0.0017823192627403305,0.0010698256208132872,8499.0,0.0032347960452871125,0.5331817872939401,78.13860454171079,False
2024912138905813077,QCOM,False,,14,partial,True,0.0029936740600264855,0.0014318411043079589,7.0,0.000904898372193785,0.0008558936060872128,3602.0,0.0015296819716376208,0.615663825931748,88.03442531926707,False
2024904942968795511,QCOM,False,,13,partial,True,-0.00018375785920010657,0.0003276269705811021,6.0,0.0008811222698987882,0.0005506822930134628,3296.0,0.0015689675970311872,-1.0051082200025532,5.157766990291262,False
2024896700658422030,QCOM,False,,14,partial,True,-0.0011674120446785174,0.0008850121035446067,5.0,0.0008809439772216713,0.0005446211250859925,4216.0,0.0015541749889803626,0.007469644741182311,63.02182163187856,False
2023866218936185307,QCOM,False,,15,complete,True,0.0025160091218281444,0.001803425866153122,0.0,0.0017823192627403305,0.0010698256208132872,8499.0,0.0032347960452871125,0.01972901284299612,66.05482997999765,False
2023829504163279172,QCOM,False,,13,partial,True,-0.001430776393857025,0.0005343266517014073,8.0,0.0008611830211537765,0.0006334579657316044,3701.0,0.0014154386593569592,-0.5159874642587697,27.69521750878141,False
2023629431256789487,QCOM,False,,15,complete,True,0.009588596596292853,0.003102007776455065,0.0,0.0017823192627403305,0.0010698256208132872,8499.0,0.0032347960452871125,1.2335547850419775,88.73985174726438,False
2022363914403799365,QCOM,True,"cpi(ALL, 2026-02-13 13:30:00+00:00->2026-02-13 21:00:00+00:00)",15,complete,False,-0.00181202540001002,0.00046445876844650923,6.0,0.0008811222698987882,0.0005506822930134628,3296.0,0.0015689675970311872,-0.7566313766367873,20.175970873786408,False
2021996917224522025,QCOM,False,,14,partial,True,-0.001981702177783262,0.0010686682968022985,5.0,0.0008809439772216713,0.0005446211250859925,4216.0,0.0015541749889803626,0.3446879140998921,73.38709677419355,False
2019184192098087294,QCOM,True,"earnings(QCOM, 2026-02-04 21:00:00+00:00->2026-02-05 21:00:00+00:00)",15,complete,False,-0.07270603232088668,0.006419278890306218,0.0,0.0017823192627403305,0.0010698256208132872,8499.0,0.0032347960452871125,4.3343134968489965,99.77644428756324,True
2019083838035579015,QCOM,False,,15,complete,True,0.0010310399686297433,0.0013370543040025964,3.0,0.0010311291761511186,0.0006898259524185526,6467.0,0.0018718779491643108,0.4434816155856331,77.17643420442245,False
2016554821831229685,QCOM,False,,11,partial,True,0.003517214421324466,0.000720699392336546,4.0,0.000958825646395835,0.0006455232522669806,5120.0,0.0016981298558523725,-0.36888873208366313,45.390625,False
2015169527714111668,QCOM,False,,15,complete,True,-0.007320355756927466,0.0011305447623334735,0.0,0.0017823192627403305,0.0010698256208132872,8499.0,0.0032347960452871125,-0.6092343347613739,31.03894575832451,False
2014285028465725840,QCOM,False,,15,complete,True,0.009400449586681958,0.001459584833832113,0.0,0.0017823192627403305,0.0010698256208132872,8499.0,0.0032347960452871125,-0.30167012513952784,52.053182727379685,False
2014092626048299406,QCOM,False,,15,complete,True,0.009400449586681958,0.001459584833832113,0.0,0.0017823192627403305,0.0010698256208132872,8499.0,0.0032347960452871125,-0.30167012513952784,52.053182727379685,False
2013963243291648146,QCOM,False,,15,complete,True,0.006550687193617399,0.0016249710573745524,0.0,0.0017823192627403305,0.0010698256208132872,8499.0,0.0032347960452871125,-0.14707836707645972,59.81880221202495,False
2013565255062790594,QCOM,False,,15,complete,True,-0.012396427910532415,0.0029118219841450695,0.0,0.0017823192627403305,0.0010698256208132872,8499.0,0.0032347960452871125,1.0557820820799608,86.56312507353806,False
2013298662441447662,QCOM,False,,15,complete,True,-0.012396427910532415,0.0029118219841450695,0.0,0.0017823192627403305,0.0010698256208132872,8499.0,0.0032347960452871125,1.0557820820799608,86.56312507353806,False
2011932198384123975,QCOM,False,,15,complete,True,-0.0017327794774626426,0.0014349926259685196,0.0,0.0017823192627403305,0.0010698256208132872,8499.0,0.0032347960452871125,-0.32465724321293715,50.58242146134839,False
2011544223888355359,QCOM,False,,15,complete,True,-0.007593698762743184,0.0017370346504255322,0.0,0.0017823192627403305,0.0010698256208132872,8499.0,0.0032347960452871125,-0.04232896598641252,63.90163548652783,False
2009732158533873832,QCOM,False,,15,complete,True,-0.030274341783195324,0.0014982722014945085,0.0,0.0017823192627403305,0.0010698256208132872,8499.0,0.0032347960452871125,-0.2655078133480182,53.86516060713025,False
2009717059043701190,QCOM,True,"jobs_report(ALL, 2026-01-09 13:30:00+00:00->2026-01-09 21:00:00+00:00)",13,partial,False,-0.0013804990347773272,0.0006917959112592912,11.0,0.0007986318391369747,0.0005063543907869473,7480.0,0.0014103354945072296,-0.21099042453575884,54.79946524064171,False
2009701959603740714,QCOM,True,"jobs_report(ALL, 2026-01-09 13:30:00+00:00->2026-01-09 21:00:00+00:00)",15,complete,False,0.0004634424503522361,0.000527668439906416,9.0,0.0007471375969065638,0.0004867566519591863,4287.0,0.0012808820130418518,-0.4508806528206417,35.899230230930726,False
2009686985800401396,QCOM,True,"jobs_report(ALL, 2026-01-09 13:30:00+00:00->2026-01-09 21:00:00+00:00)",12,partial,False,0.0015311277325162909,0.000646162766058021,7.0,0.000904898372193785,0.0008558936060872128,3602.0,0.0015296819716376208,-0.30229879542925303,45.669072737368126,False
2009659614741315957,QCOM,True,"jobs_report(ALL, 2026-01-09 13:30:00+00:00->2026-01-09 21:00:00+00:00)",15,complete,False,0.0036595541536947884,0.0006085645747020686,3.0,0.0010311291761511186,0.0006898259524185526,6467.0,0.0018718779491643108,-0.6125669815226936,27.5398175351786,False
2009433304307835185,QCOM,True,"jobs_report(ALL, 2026-01-09 13:30:00+00:00->2026-01-09 21:00:00+00:00)",15,complete,False,-0.024093293456022402,0.002727054650190579,0.0,0.0017823192627403305,0.0010698256208132872,8499.0,0.0032347960452871125,0.8830741843068364,83.78632780327098,False
2009363709639143799,QCOM,False,,14,partial,True,-0.00016127282962230538,0.000682346867667613,12.0,0.0008976044924825514,0.0005399495749480084,5494.0,0.001515202301388846,-0.3986624581298456,42.30069166363305,False
2007167802986377628,QCOM,False,,7,insufficient,False,1.1726013687818337e-05,0.0006906955024603964,9.0,0.0007471375969065638,0.0004867566519591863,4287.0,0.0012808820130418518,-0.11595546608143736,58.222533240028,False
2006427268210721072,QCOM,False,,5,insufficient,False,7.966089281929989e-05,0.0004996305088998803,7.0,0.000904898372193785,0.0008558936060872128,3602.0,0.0015296819716376208,-0.4735026180959801,26.068850638534148,False
2004034924093841794,QCOM,False,,8,partial,True,-0.00010499202486569104,0.001763989133070759,0.0,0.0017823192627403305,0.0010698256208132872,8499.0,0.0032347960452871125,-0.017133754616604577,64.70172961524885,False
2001678489028542736,QCOM,True,"cpi(ALL, 2025-12-18 13:30:00+00:00->2025-12-18 21:00:00+00:00)",14,partial,False,-5.846308800716571e-05,0.0007283669123861214,2.0,0.0011865487468786739,0.0007995036996530349,7176.0,0.002201098604217415,-0.5730828196184611,30.755295429208473,False
2000951552060624945,QCOM,True,"jobs_report(ALL, 2025-12-16 13:30:00+00:00->2025-12-16 21:00:00+00:00)",15,complete,False,0.0014528481519819891,0.0015095599146766122,2.0,0.0011865487468786739,0.0007995036996530349,7176.0,0.002201098604217415,0.40401460048041965,78.28874024526199,False
2000683801174008242,QCOM,True,"jobs_report(ALL, 2025-12-16 13:30:00+00:00->2025-12-16 21:00:00+00:00)",15,complete,False,-0.005919736510627049,0.001977404865167481,0.0,0.0017823192627403305,0.0010698256208132872,8499.0,0.0032347960452871125,0.1823527111631944,71.23190963642782,False
1999335048311636437,QCOM,False,,14,partial,True,0.008649942788083953,0.0008206482553408282,0.0,0.0017823192627403305,0.0010698256208132872,8499.0,0.0032347960452871125,-0.898904446379247,8.459818802212025,False
1999246017506738190,QCOM,False,,14,partial,True,0.008649942788083953,0.0008206482553408282,0.0,0.0017823192627403305,0.0010698256208132872,8499.0,0.0032347960452871125,-0.898904446379247,8.459818802212025,False
1994452989067633088,QCOM,False,,14,partial,True,-0.0017128440111959797,0.0003475915586288608,5.0,0.0008809439772216713,0.0005446211250859925,4216.0,0.0015541749889803626,-0.9793090903489969,5.858633776091081,False
1994108974199648351,QCOM,False,,14,partial,True,-0.003982686652827971,0.00082395989482773,0.0,0.0017823192627403305,0.0010698256208132872,8499.0,0.0032347960452871125,-0.8958089517280867,8.62454406400753,False
1993755895608533022,QCOM,False,,8,partial,True,-0.0013861956202295689,0.000642864103656181,8.0,0.0008611830211537765,0.0006334579657316044,3701.0,0.0014154386593569592,-0.3446462580124804,40.61064577141313,False
1992432939746066501,QCOM,False,,15,complete,True,0.0014758188252976812,0.0016685367872668303,0.0,0.0017823192627403305,0.0010698256208132872,8499.0,0.0032347960452871125,-0.10635609510548283,61.2072008471585,False
1991610881923510385,QCOM,True,"jobs_report(ALL, 2025-11-20 13:30:00+00:00->2025-11-20 21:00:00+00:00)",6,insufficient,False,0.0011657738623357394,0.0013172035414133346,12.0,0.0008976044924825514,0.0005399495749480084,5494.0,0.001515202301388846,0.7771078419150276,84.74699672369857,False
1991255252952313941,QCOM,True,"jobs_report(ALL, 2025-11-20 13:30:00+00:00->2025-11-20 21:00:00+00:00)",15,complete,False,-0.006533476719233988,0.0018501700085726289,0.0,0.0017823192627403305,0.0010698256208132872,8499.0,0.0032347960452871125,0.06342224799282514,67.64325214731144,False
1991248962049720567,QCOM,False,,4,insufficient,False,-0.001724710037446564,0.0002846781003056691,12.0,0.0008976044924825514,0.0005399495749480084,5494.0,0.001515202301388846,-1.1351548748527134,0.9282854022570076,False
1991237285522657661,QCOM,False,,14,partial,True,0.0017964892093882412,0.0008069701418951834,11.0,0.0007986318391369747,0.0005063543907869473,7480.0,0.0014103354945072296,0.01646732586884408,64.22459893048128,False
1991234095993467215,QCOM,False,,11,partial,True,-0.0008444558880303932,0.0004484720902570123,10.0,0.0008381018115482298,0.0007442819782589355,4975.0,0.0014326202346469396,-0.5234974548257374,21.668341708542712,False
1989388907155525675,QCOM,False,,8,partial,True,0.0013530144473981043,0.0008945661853416401,6.0,0.0008811222698987882,0.0005506822930134628,3296.0,0.0015689675970311872,0.024413197252600233,63.04611650485437,False
1989115297010483685,QCOM,False,,14,partial,True,0.0016179420495104901,0.0019298257227675323,0.0,0.0017823192627403305,0.0010698256208132872,8499.0,0.0032347960452871125,0.13787897500067967,69.99647017296152,False
1988345057460826558,QCOM,False,,15,complete,True,0.001527772699134955,0.0005633027386080417,12.0,0.0008976044924825514,0.0005399495749480084,5494.0,0.001515202301388846,-0.6191351366591954,27.52093192573717,False
1988003557229105372,QCOM,False,,15,complete,True,0.009932620241468015,0.0018601874508264657,0.0,0.0017823192627403305,0.0010698256208132872,8499.0,0.0032347960452871125,0.07278586955782516,67.98446876103071,False
1986474076429566218,QCOM,True,"earnings(QCOM, 2025-11-05 21:00:00+00:00->2025-11-06 21:00:00+00:00)",15,complete,False,-0.0018492317770107958,0.0009417173540246367,4.0,0.000958825646395835,0.0006455232522669806,5120.0,0.0016981298558523725,-0.026502983914392902,64.78515625,False
1986199005538492846,QCOM,True,"earnings(QCOM, 2025-11-05 21:00:00+00:00->2025-11-06 21:00:00+00:00)",15,complete,False,-0.021079571225665394,0.0026785124772489336,0.0,0.0017823192627403305,0.0010698256208132872,8499.0,0.0032347960452871125,0.8377002728980375,83.0450641251912,False
1982816909792772100,QCOM,False,,15,complete,True,0.0007489886150997549,0.004411680987558278,2.0,0.0011865487468786739,0.0007995036996530349,7176.0,0.002201098604217415,4.033917844381749,99.2056856187291,True
1982815909661286838,QCOM,False,,15,complete,True,0.007819386176085574,0.005878894706611429,1.0,0.0013793563903108743,0.0009345661372343062,7985.0,0.002613518670602321,4.814574525047733,99.52410770194115,True
1981824663627215012,QCOM,False,,15,complete,True,-0.006923604379660331,0.0018868379949044697,0.0,0.0017823192627403305,0.0010698256208132872,8499.0,0.0032347960452871125,0.09769697989162343,68.84339334039299,False
1981028639048454568,QCOM,False,,14,partial,True,-0.0018001308816658623,0.0008961325836045387,5.0,0.0008809439772216713,0.0005446211250859925,4216.0,0.0015541749889803626,0.027888390081213233,63.946869070208734,False
1980708424192282692,QCOM,False,,10,partial,True,-0.002279400995598646,0.0006562072025177127,10.0,0.0008381018115482298,0.0007442819782589355,4975.0,0.0014326202346469396,-0.24438937706917854,50.35175879396985,False
1980298516963684402,QCOM,False,,14,partial,True,0.0017407105570060866,0.0004722008655619841,4.0,0.000958825646395835,0.0006455232522669806,5120.0,0.0016981298558523725,-0.7538454720645583,12.617187499999998,False
1977888354298720580,QCOM,False,,14,partial,True,0.0025587000991665887,0.00214631581489444,0.0,0.0017823192627403305,0.0010698256208132872,8499.0,0.0032347960452871125,0.34023914278422057,74.67937404400517,False
1976669390549704916,QCOM,False,,15,complete,True,-0.000387800122752191,0.002013542092372258,3.0,0.0010311291761511186,0.0006898259524185526,6467.0,0.0018718779491643108,1.4241460657964045,92.36121849389207,True
1976620269545603178,QCOM,False,,14,partial,True,-0.011289423793260367,0.0022038651612734245,0.0,0.0017823192627403305,0.0010698256208132872,8499.0,0.0032347960452871125,0.3940323453953482,75.80891869631722,False
1975637104337297839,QCOM,False,,13,partial,True,-0.002302506321384512,0.0005657006830531921,11.0,0.0007986318391369747,0.0005063543907869473,7480.0,0.0014103354945072296,-0.46001606843336396,41.06951871657754,False
1973825561148440738,QCOM,False,,10,partial,True,0.0018283101661671353,0.0003682831932176839,11.0,0.0007986318391369747,0.0005063543907869473,7480.0,0.0014103354945072296,-0.8498961473415237,9.585561497326204,False
1973772758476902904,QCOM,False,,9,partial,True,-0.00028280486499365765,0.0004698438866561901,4.0,0.000958825646395835,0.0006455232522669806,5120.0,0.0016981298558523725,-0.757496740856994,12.3046875,False
1973495442056089733,QCOM,False,,13,partial,True,0.011068536600432832,0.0015738989173271043,0.0,0.0017823192627403305,0.0010698256208132872,8499.0,0.0032347960452871125,-0.19481711912524952,57.442052006118374,False
1973052624208286097,QCOM,False,,10,partial,True,-5.508920826691188e-05,0.0005347929934637422,4.0,0.000958825646395835,0.0006455232522669806,5120.0,0.0016981298558523725,-0.656882074259841,20.80078125,False
1972765940048879698,QCOM,False,,11,partial,True,0.0022825093876382985,0.0012433518569437976,0.0,0.0017823192627403305,0.0010698256208132872,8499.0,0.0032347960452871125,-0.5037899591400764,39.02812095540652,False
1971649823242952983,QCOM,False,,7,insufficient,False,0.0005728101462432189,0.00021939126275238857,10.0,0.0008381018115482298,0.0007442819782589355,4975.0,0.0014326202346469396,-0.8312851404022468,0.3015075376884422,False
1971647347932426282,QCOM,False,,7,insufficient,False,0.0003681200996286105,0.00043718963103504875,10.0,0.0008381018115482298,0.0007442819782589355,4975.0,0.0014326202346469396,-0.5386563053038265,20.26130653266332,False
1971647343444611160,QCOM,False,,7,insufficient,False,0.0003681200996286105,0.00043718963103504875,10.0,0.0008381018115482298,0.0007442819782589355,4975.0,0.0014326202346469396,-0.5386563053038265,20.26130653266332,False
1971643760418386259,QCOM,False,,10,partial,True,-0.0019578879262164284,0.0004244325834565146,10.0,0.0008381018115482298,0.0007442819782589355,4975.0,0.0014326202346469396,-0.5557963784900349,18.57286432160804,False
1971066415919907096,QCOM,False,,14,partial,True,-0.014743374578847335,0.0015621427048886185,0.0,0.0017823192627403305,0.0010698256208132872,8499.0,0.0032347960452871125,-0.20580602442885276,56.97140840098835,False
1970617421141811378,QCOM,False,,11,partial,True,-0.0014567362955421048,0.0016022733751154521,0.0,0.0017823192627403305,0.0010698256208132872,8499.0,0.0032347960452871125,-0.16829461187142486,58.88928109189317,False
1970357541290025173,QCOM,False,,6,insufficient,False,0.0034924955643220734,0.0023103553887603044,0.0,0.0017823192627403305,0.0010698256208132872,8499.0,0.0032347960452871125,0.49357214460666776,77.46793740440052,False
1969102878947024946,QCOM,False,,13,partial,True,0.00024227440615920415,0.0004133039306739789,9.0,0.0007471375969065638,0.0004867566519591863,4287.0,0.0012808820130418518,-0.6858327767867387,19.804058782365292,False
1968730445320741064,QCOM,False,,15,complete,True,-0.0010750299246178319,0.0004187654631537094,8.0,0.0008611830211537765,0.0006334579657316044,3701.0,0.0014154386593569592,-0.698416598943708,13.401783301810323,False
1968389189940244497,QCOM,True,"fomc(ALL, 2025-09-17 18:00:00+00:00->2025-09-17 20:00:00+00:00)",14,partial,False,0.0013710022987496462,0.00130284237080357,10.0,0.0008381018115482298,0.0007442819782589355,4975.0,0.0014326202346469396,0.6244146342794518,87.45728643216081,False
1968027029686849929,QCOM,False,,14,partial,True,-0.0016877602870994934,0.0006021290376738025,11.0,0.0007986318391369747,0.0005063543907869473,7480.0,0.0014103354945072296,-0.3880736595525096,45.57486631016043,False
1966625789660852720,QCOM,False,,8,partial,True,-0.011023601205711886,0.0015221361590841314,0.0,0.0017823192627403305,0.0010698256208132872,8499.0,0.0032347960452871125,-0.2432014139448319,55.24179315213554,False
1966540183857139984,QCOM,False,,9,partial,True,0.0013440119947293327,0.0005509923324053442,6.0,0.0008811222698987882,0.0005506822930134628,3296.0,0.0015689675970311872,-0.5994925598331763,31.06796116504854,False
1966534842822340741,QCOM,False,,11,partial,True,-0.001848696508622072,0.0003369003658712615,5.0,0.0008809439772216713,0.0005446211250859925,4216.0,0.0015541749889803626,-0.9989396046003698,5.075901328273245,False
1966246772805980662,QCOM,False,,7,insufficient,False,-0.010021582059772993,0.0013401373395742796,0.0,0.0017823192627403305,0.0010698256208132872,8499.0,0.0032347960452871125,-0.4133214933008444,45.00529474055771,False
1965820822976868522,QCOM,False,,12,partial,True,-0.0006917088945068706,0.00041594811818748337,6.0,0.0008811222698987882,0.0005506822930134628,3296.0,0.0015689675970311872,-0.8447232780370741,13.683252427184467,False
1965483038797897789,QCOM,False,,7,insufficient,False,-0.000779804266971329,0.0003729078128526613,10.0,0.0008381018115482298,0.0007442819782589355,4975.0,0.0014326202346469396,-0.6250238649923722,11.798994974874372,False
1964416419258658967,QCOM,False,,13,partial,True,-0.00616993494529694,0.0008711855047851557,0.0,0.0017823192627403305,0.0010698256208132872,8499.0,0.0032347960452871125,-0.8516656735726014,11.07189081068361,False
1964150875557130270,QCOM,False,,13,partial,True,-0.00616993494529694,0.0008711855047851557,0.0,0.0017823192627403305,0.0010698256208132872,8499.0,0.0032347960452871125,-0.8516656735726014,11.07189081068361,False
1962534722355241285,QCOM,False,,15,complete,True,-0.0186693397944917,0.0037328830401274177,0.0,0.0017823192627403305,0.0010698256208132872,8499.0,0.0032347960452871125,1.8232539391833391,93.23449817625603,True
1961046699407032321,QCOM,False,,13,partial,True,0.006581698135391667,0.0009995103833112268,0.0,0.0017823192627403305,0.0010698256208132872,8499.0,0.0032347960452871125,-0.7317163322691861,20.814213436874926,False
1960927979753889887,QCOM,False,,13,partial,True,0.006581698135391667,0.0009995103833112268,0.0,0.0017823192627403305,0.0010698256208132872,8499.0,0.0032347960452871125,-0.7317163322691861,20.814213436874926,False
1960491295354638519,QCOM,False,,13,partial,True,-0.0022436156854471756,0.0017575874963270874,0.0,0.0017823192627403305,0.0010698256208132872,8499.0,0.0032347960452871125,-0.023117567884046203,64.4781739028121,False
1959018525785563219,QCOM,False,,13,partial,True,-0.008674285854291863,0.0019016978402629748,0.0,0.0017823192627403305,0.0010698256208132872,8499.0,0.0032347960452871125,0.11158694949920167,69.23167431462525,False
1958651099889770597,QCOM,False,,11,partial,True,0.005184880475404663,0.0006411819715079824,0.0,0.0017823192627403305,0.0010698256208132872,8499.0,0.0032347960452871125,-1.0666572841701523,1.717849158724556,False
1958004814819762675,QCOM,False,,13,partial,True,-0.0003237033670933087,0.001393505523601237,0.0,0.0017823192627403305,0.0010698256208132872,8499.0,0.0032347960452871125,-0.36343655599079333,48.193905165313566,False
1957955147491078402,QCOM,False,,13,partial,True,-0.0003237033670933087,0.001393505523601237,0.0,0.0017823192627403305,0.0010698256208132872,8499.0,0.0032347960452871125,-0.36343655599079333,48.193905165313566,False
1956353250044915839,QCOM,False,,10,partial,True,-0.003955330459156303,0.0010147435135830732,0.0,0.0017823192627403305,0.0010698256208132872,8499.0,0.0032347960452871125,-0.7174774413924973,22.002588539828217,False
1956133244480713057,QCOM,False,,12,partial,True,0.0068665017096585235,0.002648892001864066,0.0,0.0017823192627403305,0.0010698256208132872,8499.0,0.0032347960452871125,0.8100130734062645,82.58618661018944,False
1956034935988609253,QCOM,False,,12,partial,True,-0.0004907509713492075,0.00048167403654899053,6.0,0.0008811222698987882,0.0005506822930134628,3296.0,0.0015689675970311872,-0.7253696703482568,22.208737864077673,False
1953829804899217765,QCOM,False,,10,partial,True,0.00022100961421578358,0.0003584988726282761,2.0,0.0011865487468786739,0.0007995036996530349,7176.0,0.002201098604217415,-1.0357048686700903,0.5852842809364548,False
1950990432294588819,QCOM,True,"earnings(QCOM, 2025-07-30 20:00:00+00:00->2025-07-31 20:00:00+00:00)",14,partial,False,-0.0021693303899210648,0.0005220046087557089,10.0,0.0008381018115482298,0.0007442819782589355,4975.0,0.0014326202346469396,-0.4247008687916273,32.1608040201005,False
1950648173091045465,QCOM,True,"earnings(QCOM, 2025-07-30 20:00:00+00:00->2025-07-31 20:00:00+00:00)",1,insufficient,False,,,13.0,,,,,,,False
1950618766653673578,QCOM,True,"fomc(ALL, 2025-07-30 18:00:00+00:00->2025-07-30 20:00:00+00:00)",15,complete,False,0.0005138620960868368,0.0004699763440776471,9.0,0.0007471375969065638,0.0004867566519591863,4287.0,0.0012808820130418518,-0.5694041400633107,27.851644506648004,False
1948155014440165500,QCOM,False,,13,partial,True,-0.01332694216150565,0.001960892699369477,0.0,0.0017823192627403305,0.0010698256208132872,8499.0,0.0032347960452871125,0.16691826514062544,70.7847982115543,False
1947384892159103285,QCOM,False,,4,insufficient,False,-0.00014346746189453086,0.0004987466922821115,12.0,0.0008976044924825514,0.0005399495749480084,5494.0,0.001515202301388846,-0.7386945350199521,19.34838005096469,False
1942286735335108853,QCOM,False,,12,partial,True,-0.0011785533062136366,0.0006050178766720351,9.0,0.0007471375969065638,0.0004867566519591863,4287.0,0.0012808820130418518,-0.29197283624681764,46.60601819454164,False
1941157742053617838,QCOM,False,,14,partial,True,-0.011385745099229183,0.002035567711524528,0.0,0.0017823192627403305,0.0010698256208132872,8499.0,0.0032347960452871125,0.2367193716969282,72.53794564066361,False
1940423466991378686,QCOM,False,,15,complete,True,0.005152516670270835,0.0007035489895356337,2.0,0.0011865487468786739,0.0007995036996530349,7176.0,0.002201098604217415,-0.6041244806655057,27.396878483835007,False
1939723127573139704,QCOM,False,,4,insufficient,False,-0.0005136573119883803,0.00020350616022821427,6.0,0.0008811222698987882,0.0005506822930134628,3296.0,0.0015689675970311872,-1.230502811271631,0.21237864077669902,False
1938658515658400015,QCOM,False,,9,partial,True,-0.0005208245951636714,0.0004625801867028733,9.0,0.0007471375969065638,0.0004867566519591863,4287.0,0.0012808820130418518,-0.5845989141768322,26.82528574760905,False
1938315325155819623,QCOM,False,,11,partial,True,-0.0006641716190523006,0.0004044863667309223,11.0,0.0007986318391369747,0.0005063543907869473,7480.0,0.0014103354945072296,-0.7783984489469794,15.080213903743314,False
1933476195670372428,QCOM,False,,14,partial,True,-0.005238551529801461,0.0013813896640569054,0.0,0.0017823192627403305,0.0010698256208132872,8499.0,0.0032347960452871125,-0.3747616348715188,47.405577126720786,False
1933467685909897393,QCOM,False,,14,partial,True,-0.005238551529801461,0.0013813896640569054,0.0,0.0017823192627403305,0.0010698256208132872,8499.0,0.0032347960452871125,-0.3747616348715188,47.405577126720786,False
1933462599129313699,QCOM,False,,14,partial,True,-0.005238551529801461,0.0013813896640569054,0.0,0.0017823192627403305,0.0010698256208132872,8499.0,0.0032347960452871125,-0.3747616348715188,47.405577126720786,False
1933450447391744487,QCOM,False,,14,partial,True,-0.005238551529801461,0.0013813896640569054,0.0,0.0017823192627403305,0.0010698256208132872,8499.0,0.0032347960452871125,-0.3747616348715188,47.405577126720786,False
1933285382009074004,QCOM,False,,14,partial,True,-0.005238551529801461,0.0013813896640569054,0.0,0.0017823192627403305,0.0010698256208132872,8499.0,0.0032347960452871125,-0.3747616348715188,47.405577126720786,False
1933190506051457217,QCOM,False,,10,partial,True,0.0017273090453180373,0.0007753837281617037,4.0,0.000958825646395835,0.0006455232522669806,5120.0,0.0016981298558523725,-0.28417553913032706,51.5625,False
1933184769669685481,QCOM,False,,13,partial,True,0.0005850074992812537,0.00041048677416232317,3.0,0.0010311291761511186,0.0006898259524185526,6467.0,0.0018718779491643108,-0.8997086871156452,5.736817689809803,False
1933163630402667006,QCOM,False,,14,partial,True,-0.0031708673713652935,0.0009881826003221399,1.0,0.0013793563903108743,0.0009345661372343062,7985.0,0.002613518670602321,-0.4185619127463237,43.757044458359424,False
1932801241882714327,QCOM,True,"cpi(ALL, 2025-06-11 12:30:00+00:00->2025-06-11 20:00:00+00:00)",13,partial,False,-0.004969570581704885,0.0007834347895580929,1.0,0.0013793563903108743,0.0009345661372343062,7985.0,0.002613518670602321,-0.6376451885110161,24.683782091421417,False
1932438854444671145,QCOM,False,,13,partial,True,0.001561907005490193,0.0007745216409731447,1.0,0.0013793563903108743,0.0009345661372343062,7985.0,0.002613518670602321,-0.6471823932414649,23.9073262366938,False
1932102760566342093,QCOM,False,,14,partial,True,-0.0004276209229283623,0.0004780865509813445,4.0,0.000958825646395835,0.0006455232522669806,5120.0,0.0016981298558523725,-0.7447277750665172,13.398437499999998,False
1928120473965183425,QCOM,False,,12,partial,True,0.0001675230700799446,0.0006655385191483922,5.0,0.0008809439772216713,0.0005446211250859925,4216.0,0.0015541749889803626,-0.3955143275782186,43.42979127134725,False
1927762122873721085,QCOM,False,,9,partial,True,-0.0003987200024249127,0.0003400619241804025,5.0,0.0008809439772216713,0.0005446211250859925,4216.0,0.0015541749889803626,-0.9931345445989938,5.1944971537001905,False
1927584545055846712,QCOM,False,,14,partial,True,0.0018531859281631924,0.0010643445925967697,0.0,0.0017823192627403305,0.0010698256208132872,8499.0,0.0032347960452871125,-0.6711137368328799,26.156018355100603,False
1926987939461890415,QCOM,False,,1,insufficient,False,,,,,,,,,,False
1925337587247652928,QCOM,False,,14,partial,True,-0.011210807875435824,0.0019994364225607007,0.0,0.0017823192627403305,0.0010698256208132872,8499.0,0.0032347960452871125,0.20294630788082696,71.82021414284033,False
1924844361214525781,QCOM,False,,10,partial,True,-0.00031592372931221746,0.0003341395240261431,3.0,0.0010311291761511186,0.0006898259524185526,6467.0,0.0018718779491643108,-1.0103847929775718,1.731869491263337,False
1924380659352748150,QCOM,False,,14,partial,True,-0.0014025422362365925,0.0011222468054577824,0.0,0.0017823192627403305,0.0010698256208132872,8499.0,0.0032347960452871125,-0.6169906987091572,30.41534298152724,False
1924066283366293971,QCOM,False,,14,partial,True,-0.0014025422362365925,0.0011222468054577824,0.0,0.0017823192627403305,0.0010698256208132872,8499.0,0.0032347960452871125,-0.6169906987091572,30.41534298152724,False
1923753884280930798,QCOM,False,,14,partial,True,-0.0014025422362365925,0.0011222468054577824,0.0,0.0017823192627403305,0.0010698256208132872,8499.0,0.0032347960452871125,-0.6169906987091572,30.41534298152724,False
1923735464999334355,QCOM,False,,14,partial,True,-0.0014025422362365925,0.0011222468054577824,0.0,0.0017823192627403305,0.0010698256208132872,8499.0,0.0032347960452871125,-0.6169906987091572,30.41534298152724,False
1923352925159526475,QCOM,False,,11,partial,True,-0.0037387754303345178,0.0020100791127517646,0.0,0.0017823192627403305,0.0010698256208132872,8499.0,0.0032347960452871125,0.21289436855913949,71.96140722437934,False
1923276482920817054,QCOM,False,,11,partial,True,-0.0037387754303345178,0.0020100791127517646,0.0,0.0017823192627403305,0.0010698256208132872,8499.0,0.0032347960452871125,0.21289436855913949,71.96140722437934,False
1923254002663465304,QCOM,False,,11,partial,True,-0.0037387754303345178,0.0020100791127517646,0.0,0.0017823192627403305,0.0010698256208132872,8499.0,0.0032347960452871125,0.21289436855913949,71.96140722437934,False
1922361643964752062,QCOM,True,"cpi(ALL, 2025-05-13 12:30:00+00:00->2025-05-13 20:00:00+00:00)",15,complete,False,-0.001568718144808856,0.00035078072923635823,10.0,0.0008381018115482298,0.0007442819782589355,4975.0,0.0014326202346469396,-0.6547533012311265,9.909547738693467,False
1922359625116205140,QCOM,True,"cpi(ALL, 2025-05-13 12:30:00+00:00->2025-05-13 20:00:00+00:00)",14,partial,False,-0.0014994110384534132,0.0003037932874064881,10.0,0.0008381018115482298,0.0007442819782589355,4975.0,0.0014326202346469396,-0.7178845380505182,5.206030150753769,False
1919437406706794713,QCOM,False,,13,partial,True,0.0003877900392911249,0.0004179064258937674,7.0,0.000904898372193785,0.0008558936060872128,3602.0,0.0015296819716376208,-0.5689865455664996,15.963353692393115,False
1918055843695858135,QCOM,True,"jobs_report(ALL, 2025-05-02 12:30:00+00:00->2025-05-02 20:00:00+00:00)",15,complete,False,0.010127493590538883,0.001567566841299553,0.0,0.0017823192627403305,0.0010698256208132872,8499.0,0.0032347960452871125,-0.20073591178113814,57.23026238380986,False
1914369229165617330,QCOM,False,,12,partial,True,-0.00011124294074094099,0.000955913351470061,7.0,0.000904898372193785,0.0008558936060872128,3602.0,0.0015296819716376208,0.05960434674760001,70.07218212104387,False
1913956066703946093,QCOM,False,,11,partial,True,0.0002476665353802199,0.0008779602675401054,0.0,0.0017823192627403305,0.0010698256208132872,8499.0,0.0032347960452871125,-0.8453330875668564,11.413107424402872,False
1912904433249505623,QCOM,False,,15,complete,True,0.004218317662892823,0.0006752489769082384,5.0,0.0008809439772216713,0.0005446211250859925,4216.0,0.0015541749889803626,-0.37768457894642804,44.42599620493359,False
1912904429600424137,QCOM,False,,15,complete,True,0.004218317662892823,0.0006752489769082384,5.0,0.0008809439772216713,0.0005446211250859925,4216.0,0.0015541749889803626,-0.37768457894642804,44.42599620493359,False
1912648075971293600,QCOM,False,,13,partial,True,0.0005151313846762928,0.0021528977855789647,0.0,0.0017823192627403305,0.0010698256208132872,8499.0,0.0032347960452871125,0.3463915199160387,74.73820449464642,False
1908268297063457153,QCOM,False,,15,complete,True,-0.003660708270028068,0.00450582973931079,0.0,0.0017823192627403305,0.0010698256208132872,8499.0,0.0032347960452871125,2.5457517782197363,96.58783386280739,True
1900800251105058991,QCOM,False,,15,complete,True,-0.007341549235762579,0.001429168783553513,0.0,0.0017823192627403305,0.0010698256208132872,8499.0,0.0032347960452871125,-0.3301009737627619,50.276503118013885,False
1899959924555485502,QCOM,False,,10,partial,True,0.007632219574460364,0.0018085203532913904,0.0,0.0017823192627403305,0.0010698256208132872,8499.0,0.0032347960452871125,0.024490991841400953,66.29015178256266,False
1899948377347154182,QCOM,False,,10,partial,True,0.007632219574460364,0.0018085203532913904,0.0,0.0017823192627403305,0.0010698256208132872,8499.0,0.0032347960452871125,0.024490991841400953,66.29015178256266,False
1899238812942999776,QCOM,False,,14,partial,True,-0.020366401729835837,0.0027607660457120366,0.0,0.0017823192627403305,0.0010698256208132872,8499.0,0.0032347960452871125,0.9145852968335958,84.33933403929873,False
1898135403930230974,QCOM,False,,14,partial,True,-0.020366401729835837,0.0027607660457120366,0.0,0.0017823192627403305,0.0010698256208132872,8499.0,0.0032347960452871125,0.9145852968335958,84.33933403929873,False
1898085262376538545,QCOM,True,"jobs_report(ALL, 2025-03-07 13:30:00+00:00->2025-03-07 21:00:00+00:00)",14,partial,False,-1.0069708683113632e-05,0.0008641496660667958,8.0,0.0008611830211537765,0.0006334579657316044,3701.0,0.0014154386593569592,0.004683254570164012,62.604701432045395,False
1897711997778903443,QCOM,False,,15,complete,True,0.00018313453511131783,0.000820974008604839,7.0,0.000904898372193785,0.0008558936060872128,3602.0,0.0015296819716376208,-0.09805466823454037,61.410327595780124,False
1897693955824792048,QCOM,False,,15,complete,True,0.0009466175799911491,0.0012165315770921406,5.0,0.0008809439772216713,0.0005446211250859925,4216.0,0.0015541749889803626,0.6161854258177775,79.98102466793169,False
1897411815929475272,QCOM,False,,15,complete,True,0.0017959739063697633,0.0013074999819168538,0.0,0.0017823192627403305,0.0010698256208132872,8499.0,0.0032347960452871125,-0.4438286685100292,43.110954229909396,False
1897361721838198914,QCOM,False,,8,partial,True,0.0021142551311781332,0.0007468519400106112,9.0,0.0007471375969065638,0.0004867566519591863,4287.0,0.0012808820130418518,-0.0005868577138141664,64.66060181945417,False
1897351862925599227,QCOM,False,,12,partial,True,-0.00019011568169557957,0.0011028170863977066,7.0,0.000904898372193785,0.0008558936060872128,3602.0,0.0015296819716376208,0.23124219271682964,77.81787895613547,False
1896630503308247134,QCOM,False,,13,partial,True,-0.00033010314328474344,0.0015804531162607821,8.0,0.0008611830211537765,0.0006334579657316044,3701.0,0.0014154386593569592,1.1354661777380817,94.1637395298568,True
1890472994436243707,QCOM,False,,13,partial,True,0.0008983275094994747,0.0003268358391873925,8.0,0.0008611830211537765,0.0006334579657316044,3701.0,0.0014154386593569592,-0.843540078226416,4.674412320994326,False
1888004670809047367,QCOM,False,,13,partial,True,0.00967287940674022,0.002578863145369265,0.0,0.0017823192627403305,0.0010698256208132872,8499.0,0.0032347960452871125,0.7445548761707517,81.72726203082715,False
1885540822747406372,QCOM,False,,15,complete,True,-0.009891013828377315,0.0011188402737246964,0.0,0.0017823192627403305,0.0010698256208132872,8499.0,0.0032347960452871125,-0.6201748921578956,30.215319449346982,False
1885417368865955954,QCOM,False,,15,complete,True,-0.002607308235895389,0.000852435825320934,11.0,0.0007986318391369747,0.0005063543907869473,7480.0,0.0014103354945072296,0.10625756814380578,67.28609625668449,False
1884650574316204399,QCOM,False,,8,partial,True,0.0030377620230503943,0.00041359519566589706,5.0,0.0008809439772216713,0.0005446211250859925,4216.0,0.0015541749889803626,-0.8581172489076377,12.02561669829222,False
1882454494589624601,QCOM,False,,13,partial,True,-0.0006227604181624491,0.0005116591328114395,2.0,0.0011865487468786739,0.0007995036996530349,7176.0,0.002201098604217415,-0.8441356986341902,6.911928651059086,False
1882444244796768710,QCOM,False,,14,partial,True,0.003553440022994403,0.0008411472283943338,1.0,0.0013793563903108743,0.0009345661372343062,7985.0,0.002613518670602321,-0.5758920000132697,30.093926111458984,False
1882439604768215166,QCOM,False,,14,partial,True,0.001823430194475062,0.0008030355531526161,0.0,0.0017823192627403305,0.0010698256208132872,8499.0,0.0032347960452871125,-0.9153675987337615,7.636192493234498,False
1882377738725544305,QCOM,False,,13,partial,True,0.0003751190304394081,0.0012899634386837205,0.0,0.0017823192627403305,0.0010698256208132872,8499.0,0.0032347960452871125,-0.46022063266938623,42.063772208495116,False
1882373967127933007,QCOM,False,,13,partial,True,0.0003751190304394081,0.0012899634386837205,0.0,0.0017823192627403305,0.0010698256208132872,8499.0,0.0032347960452871125,-0.46022063266938623,42.063772208495116,False
1882183346824036392,QCOM,False,,13,partial,True,0.0003751190304394081,0.0012899634386837205,0.0,0.0017823192627403305,0.0010698256208132872,8499.0,0.0032347960452871125,-0.46022063266938623,42.063772208495116,False
1882182667632095735,QCOM,False,,13,partial,True,0.0003751190304394081,0.0012899634386837205,0.0,0.0017823192627403305,0.0010698256208132872,8499.0,0.0032347960452871125,-0.46022063266938623,42.063772208495116,False
1881836421520007604,QCOM,False,,15,complete,True,0.013666031221355679,0.0019201852269980627,0.0,0.0017823192627403305,0.0010698256208132872,8499.0,0.0032347960452871125,0.12886769729156966,69.73761619014002,False
1881835414656549313,QCOM,False,,15,complete,True,0.013666031221355679,0.0019201852269980627,0.0,0.0017823192627403305,0.0010698256208132872,8499.0,0.0032347960452871125,0.12886769729156966,69.73761619014002,False
1881833898839290354,QCOM,False,,15,complete,True,0.013666031221355679,0.0019201852269980627,0.0,0.0017823192627403305,0.0010698256208132872,8499.0,0.0032347960452871125,0.12886769729156966,69.73761619014002,False
1881388865614942516,QCOM,False,,13,partial,True,0.001191488992095202,0.0023324198024208733,0.0,0.0017823192627403305,0.0010698256208132872,8499.0,0.0032347960452871125,0.514196453121354,77.80915401811977,False
1879749726842814640,QCOM,False,,14,partial,True,-0.010017867650326528,0.001704842565524232,0.0,0.0017823192627403305,0.0010698256208132872,8499.0,0.0032347960452871125,-0.0724199306025221,62.59559948229203,False
1877874836069900596,QCOM,False,,13,partial,True,0.00015027936522726826,0.0020539858532434797,0.0,0.0017823192627403305,0.0010698256208132872,8499.0,0.0032347960452871125,0.25393539397254933,72.87916225438286,False
1877438270612603226,QCOM,True,"jobs_report(ALL, 2025-01-10 13:30:00+00:00->2025-01-10 21:00:00+00:00)",15,complete,False,0.0006984069460592712,0.0022127747262626085,0.0,0.0017823192627403305,0.0010698256208132872,8499.0,0.0032347960452871125,0.4023603988798132,75.96187786798447,False
1877097533719326850,QCOM,False,,1,insufficient,False,0.0026310772785310688,,12.0,,,,,,,False
1873809865522708537,QCOM,False,,13,partial,True,-0.000789463032617066,0.00043320364254039725,9.0,0.0007471375969065638,0.0004867566519591863,4287.0,0.0012808820130418518,-0.6449505170655364,22.64987170515512,False
1873809864147034411,QCOM,False,,13,partial,True,-0.000789463032617066,0.00043320364254039725,9.0,0.0007471375969065638,0.0004867566519591863,4287.0,0.0012808820130418518,-0.6449505170655364,22.64987170515512,False
1872711206152356057,QCOM,False,,7,insufficient,False,0.001381240741605394,0.0006194475075067214,8.0,0.0008611830211537765,0.0006334579657316044,3701.0,0.0014154386593569592,-0.3816125563562306,38.42204809510943,False
1871934174573081021,QCOM,False,,4,insufficient,False,-0.0018238349391541675,0.002179859930081873,0.0,0.0017823192627403305,0.0010698256208132872,8499.0,0.0032347960452871125,0.37159389306766666,75.4559359924697,False
1866218763487424550,QCOM,False,,14,partial,True,0.0015591690793154145,0.0004604727429796409,12.0,0.0008976044924825514,0.0005399495749480084,5494.0,0.001515202301388846,-0.8095788380702064,14.925373134328357,False
1866188916732416116,QCOM,False,,9,partial,True,0.0010464665226592729,0.0003449471405971723,8.0,0.0008611830211537765,0.0006334579657316044,3701.0,0.0014154386593569592,-0.814948912924923,6.376654958119427,False
1862143157749915990,QCOM,False,,14,partial,True,0.0196852732380699,0.0014870446277626865,0.0,0.0017823192627403305,0.0010698256208132872,8499.0,0.0032347960452871125,-0.27600258325574084,53.28862219084598,False
1861433482452341200,QCOM,False,,15,complete,True,-0.0014276380156800217,0.0008660694957981115,2.0,0.0011865487468786739,0.0007995036996530349,7176.0,0.002201098604217415,-0.4008477399412193,44.91360089186176,False
1860710468337430668,QCOM,False,,13,partial,True,0.004025937473552066,0.0017820430982844605,0.0,0.0017823192627403305,0.0010698256208132872,8499.0,0.0032347960452871125,-0.00025813969164432255,65.31356630191787,False
1860020035810693614,QCOM,False,,10,partial,True,0.000401436690829593,0.00046452423821155873,7.0,0.000904898372193785,0.0008558936060872128,3602.0,0.0015296819716376208,-0.5145197146587325,20.68295391449195,False
1860020033709285498,QCOM,False,,10,partial,True,0.000401436690829593,0.00046452423821155873,7.0,0.000904898372193785,0.0008558936060872128,3602.0,0.0015296819716376208,-0.5145197146587325,20.68295391449195,False
1860020031314362618,QCOM,False,,10,partial,True,0.000401436690829593,0.00046452423821155873,7.0,0.000904898372193785,0.0008558936060872128,3602.0,0.0015296819716376208,-0.5145197146587325,20.68295391449195,False
1858850089256841612,QCOM,False,,14,partial,True,-0.0008338417696849287,0.0023792860566448234,0.0,0.0017823192627403305,0.0010698256208132872,8499.0,0.0032347960452871125,0.5580038300547294,78.5857159665843,False
1858598139357524192,QCOM,False,,15,complete,True,-0.0005971319869327862,0.0005205972299364722,10.0,0.0008381018115482298,0.0007442819782589355,4975.0,0.0014326202346469396,-0.42659179032452377,31.819095477386934,False
1858598137079676978,QCOM,False,,15,complete,True,-0.0005971319869327862,0.0005205972299364722,10.0,0.0008381018115482298,0.0007442819782589355,4975.0,0.0014326202346469396,-0.42659179032452377,31.819095477386934,False
1856830227424710803,QCOM,False,,15,complete,True,0.011931652474632681,0.0022114186650648866,0.0,0.0017823192627403305,0.0010698256208132872,8499.0,0.0032347960452871125,0.4010928453913381,75.93834568772797,False
1856041040291217654,QCOM,False,,9,partial,True,0.001496437911013393,0.0007390810648913234,7.0,0.000904898372193785,0.0008558936060872128,3602.0,0.0015296819716376208,-0.19373588740837655,54.85841199333703,False
1856029758083178814,QCOM,False,,11,partial,True,-0.0008519083655059712,0.000522027674419359,6.0,0.0008811222698987882,0.0005506822930134628,3296.0,0.0015689675970311872,-0.6520903251026636,26.72936893203883,False
1854199310499340631,QCOM,False,,15,complete,True,-0.0010253195735118181,0.0007154064089177273,3.0,0.0010311291761511186,0.0006898259524185526,6467.0,0.0018718779491643108,-0.45768467557136244,40.18865006958404,False
1853929697023082972,QCOM,False,,14,partial,True,0.008805367020520594,0.0024690295501333588,0.0,0.0017823192627403305,0.0010698256208132872,8499.0,0.0032347960452871125,0.6418899248935424,79.9388163313331,False
1852076606682206528,QCOM,False,,5,insufficient,False,-0.002041425460796442,0.0011251288415415135,12.0,0.0008976044924825514,0.0005399495749480084,5494.0,0.001515202301388846,0.4213807355638171,76.82926829268293,False
1852076605046427698,QCOM,False,,5,insufficient,False,-0.002041425460796442,0.0011251288415415135,12.0,0.0008976044924825514,0.0005399495749480084,5494.0,0.001515202301388846,0.4213807355638171,76.82926829268293,False
1852076603377095034,QCOM,False,,5,insufficient,False,-0.002041425460796442,0.0011251288415415135,12.0,0.0008976044924825514,0.0005399495749480084,5494.0,0.001515202301388846,0.4213807355638171,76.82926829268293,False
1852076601888194991,QCOM,False,,5,insufficient,False,-0.002041425460796442,0.0011251288415415135,12.0,0.0008976044924825514,0.0005399495749480084,5494.0,0.001515202301388846,0.4213807355638171,76.82926829268293,False
1852076598234878458,QCOM,False,,5,insufficient,False,-0.002041425460796442,0.0011251288415415135,12.0,0.0008976044924825514,0.0005399495749480084,5494.0,0.001515202301388846,0.4213807355638171,76.82926829268293,False
1852009552897806493,QCOM,False,,15,complete,True,-0.002613690088316467,0.0005859451433587078,3.0,0.0010311291761511186,0.0006898259524185526,6467.0,0.0018718779491643108,-0.645357037136079,24.060615432194215,False
1851712928451563792,QCOM,False,,11,partial,True,-0.003048241850584388,0.0005860586981668109,12.0,0.0008976044924825514,0.0005399495749480084,5494.0,0.001515202301388846,-0.5769905353583047,30.706224972697488,False
1851683234486038754,QCOM,False,,13,partial,True,-0.003085473654552251,0.00028204738145072073,8.0,0.0008611830211537765,0.0006334579657316044,3701.0,0.0014154386593569592,-0.9142447818683442,2.5938935422858687,False
1851326586471268821,QCOM,False,,13,partial,True,0.00143927114607445,0.00023006684174129338,9.0,0.0007471375969065638,0.0004867566519591863,4287.0,0.0012808820130418518,-1.0622777379293544,1.2362957779332866,False
1851326584101515385,QCOM,False,,13,partial,True,0.00143927114607445,0.00023006684174129338,9.0,0.0007471375969065638,0.0004867566519591863,4287.0,0.0012808820130418518,-1.0622777379293544,1.2362957779332866,False
1850943664597651734,QCOM,False,,10,partial,True,-0.0007757759910486106,0.000282461244188414,6.0,0.0008811222698987882,0.0005506822930134628,3296.0,0.0015689675970311872,-1.087125976821155,2.0024271844660197,False
1849888407725752802,QCOM,False,,13,partial,True,-0.0016135721255075008,0.0008957290062024154,10.0,0.0008381018115482298,0.0007442819782589355,4975.0,0.0014326202346469396,0.07742656189122056,70.99497487437186,False
1849864484078354956,QCOM,False,,11,partial,True,-0.0019660594514009366,0.0006081072438513833,7.0,0.000904898372193785,0.0008558936060872128,3602.0,0.0015296819716376208,-0.3467617075669095,40.338700721821205,False
1849210440993354015,QCOM,False,,14,partial,True,0.004041553753215021,0.0021112734058265216,0.0,0.0017823192627403305,0.0010698256208132872,8499.0,0.0032347960452871125,0.3074838896044744,74.1028356277209,False
1849204814418468972,QCOM,False,,14,partial,True,0.004041553753215021,0.0021112734058265216,0.0,0.0017823192627403305,0.0010698256208132872,8499.0,0.0032347960452871125,0.3074838896044744,74.1028356277209,False
1849096439940644909,QCOM,False,,10,partial,True,0.0004802521320650399,0.001031682519989529,2.0,0.0011865487468786739,0.0007995036996530349,7176.0,0.002201098604217415,-0.1937029521643903,56.93979933110368,False
1848909732331069866,QCOM,False,,15,complete,True,-0.01961919120669886,0.0020768458467082763,0.0,0.0017823192627403305,0.0010698256208132872,8499.0,0.0032347960452871125,0.2753033562086924,73.33803976938464,False
1848866393338613839,QCOM,False,,15,complete,True,-0.01961919120669886,0.0020768458467082763,0.0,0.0017823192627403305,0.0010698256208132872,8499.0,0.0032347960452871125,0.2753033562086924,73.33803976938464,False
1848809969422110771,QCOM,False,,15,complete,True,0.00017194443799462,0.0004478770958081917,12.0,0.0008976044924825514,0.0005399495749480084,5494.0,0.001515202301388846,-0.8329062889208937,13.633054240990173,False
1848799996260585558,QCOM,False,,15,complete,True,0.0017010151530794104,0.0005318418537404785,10.0,0.0008381018115482298,0.0007442819782589355,4975.0,0.0014326202346469396,-0.4114837746362892,33.80904522613065,False
1848463245092467026,QCOM,False,,13,partial,True,0.0053463715074257845,0.000923206544336844,0.0,0.0017823192627403305,0.0010698256208132872,8499.0,0.0032347960452871125,-0.8030399550072322,14.648782209671726,False
1848457143927615530,QCOM,False,,13,partial,True,0.0053463715074257845,0.000923206544336844,0.0,0.0017823192627403305,0.0010698256208132872,8499.0,0.0032347960452871125,-0.8030399550072322,14.648782209671726,False
1848441369389633687,QCOM,False,,14,partial,True,0.0004704453341197734,0.0005686877258092294,11.0,0.0007986318391369747,0.0005063543907869473,7480.0,0.0014103354945072296,-0.4541169534846518,41.53743315508021,False
1848204446683066580,QCOM,False,,12,partial,True,-0.0077140075339078296,0.0016404532758924936,0.0,0.0017823192627403305,0.0010698256208132872,8499.0,0.0032347960452871125,-0.1326066455017123,60.26591363689846,False
1848185252239303044,QCOM,False,,12,partial,True,-0.0077140075339078296,0.0016404532758924936,0.0,0.0017823192627403305,0.0010698256208132872,8499.0,0.0032347960452871125,-0.1326066455017123,60.26591363689846,False
1845135794580734347,QCOM,False,,14,partial,True,0.0068594445321097375,0.0010223718435737965,0.0,0.0017823192627403305,0.0010698256208132872,8499.0,0.0032347960452871125,-0.7103469989705591,22.555594775855983,False
1843321386946724169,QCOM,False,,8,partial,True,0.0009757603671352033,0.001015535531293661,5.0,0.0008809439772216713,0.0005446211250859925,4216.0,0.0015541749889803626,0.24712877975627248,70.4696394686907,False
1841611740699902131,QCOM,False,,10,partial,True,0.002502921166994798,0.0019355822010660966,0.0,0.0017823192627403305,0.0010698256208132872,8499.0,0.0032347960452871125,0.14325973817046453,70.13766325450052,False
1836084806117134699,QCOM,False,,14,partial,True,0.001829122264647709,0.0008175794093550869,6.0,0.0008811222698987882,0.0005506822930134628,3296.0,0.0015689675970311872,-0.1153893294734064,58.58616504854369,False
1835819956727857551,QCOM,False,,15,complete,True,0.004115637797895255,0.0014038750835522933,0.0,0.0017823192627403305,0.0010698256208132872,8499.0,0.0032347960452871125,-0.3537437988261506,48.758677491469584,False
1835803853062836666,QCOM,False,,15,complete,True,0.004115637797895255,0.0014038750835522933,0.0,0.0017823192627403305,0.0010698256208132872,8499.0,0.0032347960452871125,-0.3537437988261506,48.758677491469584,False
1834003482476744904,QCOM,False,,15,complete,True,-0.012178918589842436,0.0019173616562123243,0.0,0.0017823192627403305,0.0010698256208132872,8499.0,0.0032347960452871125,0.12622841596309303,69.66701964937052,False
1833918398453219353,QCOM,True,"cpi(ALL, 2024-09-11 12:30:00+00:00->2024-09-11 20:00:00+00:00)",15,complete,False,0.001908514337148004,0.0006734325326962244,7.0,0.000904898372193785,0.0008558936060872128,3602.0,0.0015296819716376208,-0.2704376313263111,48.22320932815103,False
1831633680315355438,QCOM,False,,15,complete,True,-0.009914089969913387,0.001294631402602227,0.0,0.0017823192627403305,0.0010698256208132872,8499.0,0.0032347960452871125,-0.45585733847667664,42.39322273208613,False
1831581873325146143,QCOM,False,,15,complete,True,-0.009914089969913387,0.001294631402602227,0.0,0.0017823192627403305,0.0010698256208132872,8499.0,0.0032347960452871125,-0.45585733847667664,42.39322273208613,False
1831262426106343438,QCOM,False,,15,complete,True,0.009087414094126167,0.002260722942065331,0.0,0.0017823192627403305,0.0010698256208132872,8499.0,0.0032347960452871125,0.44717911967869617,76.82080244734675,False
1830903867766145359,QCOM,False,,15,complete,True,-0.023546904493427,0.002000464265159543,0.0,0.0017823192627403305,0.0010698256208132872,8499.0,0.0032347960452871125,0.20390706501623854,71.83198023296859,False
1830610380424712509,QCOM,False,,15,complete,True,-0.023546904493427,0.002000464265159543,0.0,0.0017823192627403305,0.0010698256208132872,8499.0,0.0032347960452871125,0.20390706501623854,71.83198023296859,False
1830493776919368008,QCOM,False,,15,complete,True,-0.023546904493427,0.002000464265159543,0.0,0.0017823192627403305,0.0010698256208132872,8499.0,0.0032347960452871125,0.20390706501623854,71.83198023296859,False
1828801208938827794,QCOM,False,,15,complete,True,-0.006906898362253888,0.0008021109418712572,1.0,0.0013793563903108743,0.0009345661372343062,7985.0,0.002613518670602321,-0.6176614211037856,26.637445209768316,False
1828460988112478638,QCOM,False,,14,partial,True,-0.0007140561962228897,0.00030886445147387326,4.0,0.000958825646395835,0.0006455232522669806,5120.0,0.0016981298558523725,-1.0068749539840676,1.328125,False
1828101623337656606,QCOM,False,,15,complete,True,0.00035415525629578504,0.0006873389173730282,5.0,0.0008809439772216713,0.0005446211250859925,4216.0,0.0015541749889803626,-0.3554857697047172,45.63567362428842,False
1826647244575240290,QCOM,False,,15,complete,True,-0.0007437467607978032,0.00141826900864605,4.0,0.000958825646395835,0.0006455232522669806,5120.0,0.0016981298558523725,0.7117378973363376,82.5390625,False
1824233907681890717,QCOM,False,,14,partial,True,-0.007164924886363666,0.0018500037842537121,0.0,0.0017823192627403305,0.0010698256208132872,8499.0,0.0032347960452871125,0.06326687284038639,67.64325214731144,False
1824149760523243790,QCOM,False,,15,complete,True,-0.0025784592950292007,0.0006516084521295446,9.0,0.0007471375969065638,0.0004867566519591863,4287.0,0.0012808820130418518,-0.19625647516580672,53.16071845113133,False
1823796801176297492,QCOM,True,"cpi(ALL, 2024-08-14 12:30:00+00:00->2024-08-14 20:00:00+00:00)",15,complete,False,-0.0016159239092755628,0.0008003420744924168,11.0,0.0007986318391369747,0.0005063543907869473,7480.0,0.0014103354945072296,0.003377546213797304,63.729946524064175,False
1823465802227450310,QCOM,True,"cpi(ALL, 2024-08-14 12:30:00+00:00->2024-08-14 20:00:00+00:00)",15,complete,False,-0.0038097698327235197,0.0014832455689210344,0.0,0.0017823192627403305,0.0010698256208132872,8499.0,0.0032347960452871125,-0.2795536842648605,53.11213083892222,False
1823434481363247279,QCOM,False,,15,complete,True,0.00037974373492832836,0.0005540927592762135,11.0,0.0007986318391369747,0.0005063543907869473,7480.0,0.0014103354945072296,-0.4829405734602448,39.5855614973262,False
1823058215476899951,QCOM,False,,15,complete,True,-0.0006341094931988644,0.0007545524529380197,9.0,0.0007471375969065638,0.0004867566519591863,4287.0,0.0012808820130418518,0.01523318890786846,65.19710753440634,False
1820579508682145835,QCOM,False,,15,complete,True,-0.008407125180173503,0.003633156035271757,0.0,0.0017823192627403305,0.0010698256208132872,8499.0,0.0032347960452871125,1.7300359390574425,92.77562066125427,True
1819149489342763078,QCOM,True,"jobs_report(ALL, 2024-08-02 12:30:00+00:00->2024-08-02 20:00:00+00:00)",15,complete,False,0.003038432095065935,0.004748974976058097,0.0,0.0017823192627403305,0.0010698256208132872,8499.0,0.0032347960452871125,2.7730273566102284,97.24673490998941,True
1819070403123597550,QCOM,True,"earnings(QCOM, 2024-07-31 20:00:00+00:00->2024-08-01 20:00:00+00:00)",15,complete,False,-0.0004244662257255616,0.001639272828054453,9.0,0.0007471375969065638,0.0004867566519591863,4287.0,0.0012808820130418518,1.832815694571531,96.22113365990202,True
1818776067135643649,QCOM,True,"earnings(QCOM, 2024-07-31 20:00:00+00:00->2024-08-01 20:00:00+00:00)",5,insufficient,False,-0.04611678727910806,0.007513468003565606,,,,,,,,False
1818687573868659132,QCOM,False,,15,complete,True,-0.0021191299220052473,0.0005813787409379089,6.0,0.0008811222698987882,0.0005506822930134628,3296.0,0.0015689675970311872,-0.5443129963751192,34.61771844660194,False
1818411073638482059,QCOM,False,,15,complete,True,0.03249171330193179,0.0032112874474642685,0.0,0.0017823192627403305,0.0010698256208132872,8499.0,0.0032347960452871125,1.3357019657443132,89.71643722790917,False
1816885049075335568,QCOM,False,,14,partial,True,0.00020960296668048883,0.00043765621516673856,7.0,0.000904898372193785,0.0008558936060872128,3602.0,0.0015296819716376208,-0.5459114937931152,18.18434203220433,False
1816523129126314396,QCOM,False,,14,partial,True,-0.0031565838631635312,0.0013560941791652412,7.0,0.000904898372193785,0.0008558936060872128,3602.0,0.0015296819716376208,0.5271634275130697,86.6740699611327,False
1812979205832839255,QCOM,False,,14,partial,True,0.008464791951024786,0.002070600318160094,0.0,0.0017823192627403305,0.0010698256208132872,8499.0,0.0032347960452871125,0.2694654622316959,73.19684668784564,False
1812942714905755768,QCOM,False,,14,partial,True,0.008464791951024786,0.002070600318160094,0.0,0.0017823192627403305,0.0010698256208132872,8499.0,0.0032347960452871125,0.2694654622316959,73.19684668784564,False
1812912531117166937,QCOM,False,,11,partial,True,0.0002509007171147548,0.0005788228664580844,9.0,0.0007471375969065638,0.0004867566519591863,4287.0,0.0012808820130418518,-0.3457882491610865,42.92045719617448,False
1812517278237536480,QCOM,False,,14,partial,True,0.0005161259209520708,0.002232547898952207,0.0,0.0017823192627403305,0.0010698256208132872,8499.0,0.0032347960452871125,0.42084301165792826,76.35015884221673,False
1811883285670154734,QCOM,False,,14,partial,True,0.0005161259209520708,0.002232547898952207,0.0,0.0017823192627403305,0.0010698256208132872,8499.0,0.0032347960452871125,0.42084301165792826,76.35015884221673,False
1811868188067484089,QCOM,False,,14,partial,True,0.0005161259209520708,0.002232547898952207,0.0,0.0017823192627403305,0.0010698256208132872,8499.0,0.0032347960452871125,0.42084301165792826,76.35015884221673,False
1811837999665016915,QCOM,False,,14,partial,True,-0.0005787956830444196,0.00041255677626606067,11.0,0.0007986318391369747,0.0005063543907869473,7480.0,0.0014103354945072296,-0.7624601857819344,16.25668449197861,False
1811817809875243201,QCOM,False,,14,partial,True,0.0029560204501861698,0.000383292696386605,8.0,0.0008611830211537765,0.0006334579657316044,3701.0,0.0014154386593569592,-0.7544152108265589,9.943258578762498,False
1808876670549401695,QCOM,True,"jobs_report(ALL, 2024-07-05 12:30:00+00:00->2024-07-05 20:00:00+00:00)",1,insufficient,False,,,,,,,,,,False
1808514534174560631,QCOM,False,,11,partial,True,0.004242795288625922,0.0005402670331697638,2.0,0.0011865487468786739,0.0007995036996530349,7176.0,0.002201098604217415,-0.8083536248667524,9.364548494983277,False
1808152901422141556,QCOM,False,,14,partial,True,0.0007908397517342181,0.0005096426050805349,2.0,0.0011865487468786739,0.0007995036996530349,7176.0,0.002201098604217415,-0.8466579230238707,6.77257525083612,False
1807791281374192093,QCOM,False,,13,partial,True,0.0009895788247531456,0.00044396061532313915,3.0,0.0010311291761511186,0.0006898259524185526,6467.0,0.0018718779491643108,-0.8511836337402892,8.303695685789393,False
1806826769837945235,QCOM,False,,14,partial,True,-0.01226446425823191,0.0023966121005959966,0.0,0.0017823192627403305,0.0010698256208132872,8499.0,0.0032347960452871125,0.5741990338469155,78.79750558889282,False
2078234040646218181,SHOP,False,,0,insufficient,False,,,,,,,,,,False
2078200377309090285,SHOP,False,,15,complete,True,-0.003837459190974002,0.0007193703298148047,12.0,0.0009352907168921018,0.00047714958146681036,6952.0,0.00143809909167874,-0.4525213800115553,36.392405063291136,False
2078100488017334434,SHOP,False,,14,partial,True,-0.010521166144449756,0.0037550632383641838,0.0,0.002238807514054615,0.0010375195416403636,8237.0,0.003502944325139598,1.4614237741607279,92.48512808061187,True
2077862721563828422,SHOP,False,,14,partial,True,-0.010521166144449756,0.0037550632383641838,0.0,0.002238807514054615,0.0010375195416403636,8237.0,0.003502944325139598,1.4614237741607279,92.48512808061187,True
2077843264409944092,SHOP,False,,9,partial,True,-0.003434713573308601,0.0010495499901992894,12.0,0.0009352907168921018,0.00047714958146681036,6952.0,0.00143809909167874,0.23946216814429988,69.76409666283084,False
2077427804631650737,SHOP,False,,14,partial,True,0.0006923355208763304,0.0008393873366281835,5.0,0.001092838470556505,0.0005862999426027759,4158.0,0.001739189507517462,-0.43228920133126686,38.91293891293891,False
2077397393801150864,SHOP,False,,14,partial,True,0.011759755458298993,0.002117712426496754,1.0,0.0016737787051314362,0.000899573001244587,7835.0,0.0026076580221628433,0.49349382512716794,80.1531589023612,False
2077043524172755148,SHOP,False,,13,partial,True,-0.0005154123335135985,0.0012395216460359087,2.0,0.0014492332007035923,0.0007027666091938695,6461.0,0.002235726846365603,-0.29840853552823143,45.50379198266522,False
2076874033522495636,SHOP,False,,15,complete,True,-0.005111598430525999,0.0035619306687659767,0.0,0.002238807514054615,0.0010375195416403636,8237.0,0.003502944325139598,1.2752754060125424,90.63979604224839,True
2076112365402169373,SHOP,False,,1,insufficient,False,,,,,,,,,,False
2076097329610850724,SHOP,False,,1,insufficient,False,,,,,,,,,,False
2074493694137258222,SHOP,False,,15,complete,True,-0.001303289393750684,0.0020447124786195565,1.0,0.0016737787051314362,0.000899573001244587,7835.0,0.0026076580221628433,0.4123442710874181,78.30248883216338,False
2073776496859082949,SHOP,False,,14,partial,True,-0.03068388554410384,0.0036068361331941605,0.0,0.002238807514054615,0.0010375195416403636,8237.0,0.003502944325139598,1.3185569661431462,91.14969042126988,True
2072368961795039694,SHOP,False,,14,partial,True,0.002672846364964676,0.0008086591099843729,7.0,0.0010934705418116733,0.0009355395420648034,3480.0,0.001713361957766294,-0.30443548243690577,40.11494252873563,False
2072311562220576905,SHOP,False,,15,complete,True,0.052954363101464175,0.005384296848362341,0.0,0.002238807514054615,0.0010375195416403636,8237.0,0.003502944325139598,3.0317398449522885,98.5310185747238,True
2072311376295379123,SHOP,False,,15,complete,True,0.052954363101464175,0.005384296848362341,0.0,0.002238807514054615,0.0010375195416403636,8237.0,0.003502944325139598,3.0317398449522885,98.5310185747238,True
2072013455394062434,SHOP,False,,12,partial,True,-0.000663676567522975,0.0007604467473331755,8.0,0.0010078885440359844,0.0006827933069887261,3827.0,0.001650847304513443,-0.36239634186527625,40.68460935458584,False
2070576615852024289,SHOP,False,,13,partial,True,-0.004318973306267293,0.001185717867203532,10.0,0.0009472015854964581,0.0006222780681837835,4909.0,0.0017232181833228453,0.3832953367667629,80.0977795885109,False
2070196046106349977,SHOP,False,,11,partial,True,-0.00011378422133390131,0.0014266105758017026,7.0,0.0010934705418116733,0.0009355395420648034,3480.0,0.001713361957766294,0.35609401742096886,82.84482758620689,False
2069956584495591537,SHOP,False,,15,complete,True,-0.01552433925367358,0.004312612501669237,0.0,0.002238807514054615,0.0010375195416403636,8237.0,0.003502944325139598,1.9988105326053385,95.43523127352191,True
2068471946237358379,SHOP,False,,15,complete,True,0.012009448494267438,0.004818144423172186,0.0,0.002238807514054615,0.0010375195416403636,8237.0,0.003502944325139598,2.48606103846442,97.32912468131602,True
2068462305398899059,SHOP,False,,15,complete,True,0.012009448494267438,0.004818144423172186,0.0,0.002238807514054615,0.0010375195416403636,8237.0,0.003502944325139598,2.48606103846442,97.32912468131602,True
2068372053766369290,SHOP,False,,15,complete,True,0.012009448494267438,0.004818144423172186,0.0,0.002238807514054615,0.0010375195416403636,8237.0,0.003502944325139598,2.48606103846442,97.32912468131602,True
2067687737868640720,SHOP,False,,14,partial,True,-0.004970261996044445,0.0009588696107121187,11.0,0.0008774277478409678,0.00046308119466251664,7453.0,0.0014346548949007436,0.1758695101633395,68.73742117268215,False
2067584164564512814,SHOP,False,,13,partial,True,-0.015424000435810825,0.00398725313258229,0.0,0.002238807514054615,0.0010375195416403636,8237.0,0.003502944325139598,1.6852170473467,93.88126745174213,True
2067277805507985796,SHOP,False,,12,partial,True,-0.0016544282494497242,0.0007220594648615394,5.0,0.001092838470556505,0.0005862999426027759,4158.0,0.001739189507517462,-0.632404983785189,25.444925444925442,False
2067277793717805137,SHOP,False,,12,partial,True,-0.0016544282494497242,0.0007220594648615394,5.0,0.001092838470556505,0.0005862999426027759,4158.0,0.001739189507517462,-0.632404983785189,25.444925444925442,False
2067277722691465501,SHOP,False,,12,partial,True,-0.0016544282494497242,0.0007220594648615394,5.0,0.001092838470556505,0.0005862999426027759,4158.0,0.001739189507517462,-0.632404983785189,25.444925444925442,False
2067277638444753239,SHOP,False,,12,partial,True,-0.0016544282494497242,0.0007220594648615394,5.0,0.001092838470556505,0.0005862999426027759,4158.0,0.001739189507517462,-0.632404983785189,25.444925444925442,False
2067277565929394645,SHOP,False,,12,partial,True,-0.0025287653778131025,0.0007225052354415247,5.0,0.001092838470556505,0.0005862999426027759,4158.0,0.001739189507517462,-0.6316446723002408,25.517075517075515,False
2067277489584701912,SHOP,False,,12,partial,True,-0.0025287653778131025,0.0007225052354415247,5.0,0.001092838470556505,0.0005862999426027759,4158.0,0.001739189507517462,-0.6316446723002408,25.517075517075515,False
2067277372035150322,SHOP,False,,12,partial,True,-0.0025287653778131025,0.0007225052354415247,5.0,0.001092838470556505,0.0005862999426027759,4158.0,0.001739189507517462,-0.6316446723002408,25.517075517075515,False
2067277302640361942,SHOP,False,,12,partial,True,-0.00256849455142516,0.000722438305004625,5.0,0.001092838470556505,0.0005862999426027759,4158.0,0.001739189507517462,-0.6317588296317298,25.517075517075515,False
2067277220515922315,SHOP,False,,12,partial,True,-0.00256849455142516,0.000722438305004625,5.0,0.001092838470556505,0.0005862999426027759,4158.0,0.001739189507517462,-0.6317588296317298,25.517075517075515,False
2067277141990056114,SHOP,False,,12,partial,True,-0.00256849455142516,0.000722438305004625,5.0,0.001092838470556505,0.0005862999426027759,4158.0,0.001739189507517462,-0.6317588296317298,25.517075517075515,False
2067003017480581157,SHOP,False,,15,complete,True,-0.004850469261435397,0.004610385109503926,0.0,0.002238807514054615,0.0010375195416403636,8237.0,0.003502944325139598,2.2858148692792266,96.62498482457205,True
2066904645767930043,SHOP,False,,9,partial,True,0.0011265795000096057,0.001137310294456577,3.0,0.0012513815345819742,0.0006762864429775072,5509.0,0.0019573719847042923,-0.168672965885834,52.33254674169541,False
2066904633910640931,SHOP,False,,10,partial,True,0.001033598255654855,0.0010757694053368002,3.0,0.0012513815345819742,0.0006762864429775072,5509.0,0.0019573719847042923,-0.25967122521634617,47.41332365220548,False
2066572580207636791,SHOP,False,,13,partial,True,-0.0010354661325743253,0.0006665895334322431,7.0,0.0010934705418116733,0.0009355395420648034,3480.0,0.001713361957766294,-0.45629392365102267,24.54022988505747,False
2066546446036333001,SHOP,False,,15,complete,True,0.003467494767779744,0.0008248216142141676,4.0,0.0011511060186673151,0.0005583326088205756,4608.0,0.0018779045366866416,-0.584390736450791,31.25,False
2066493350039937093,SHOP,False,,14,partial,True,0.018303887496364135,0.004116776763123118,0.0,0.002238807514054615,0.0010375195416403636,8237.0,0.003502944325139598,1.8100567494847868,94.47614422726721,True
2066449672026145193,SHOP,False,,14,partial,True,0.018303887496364135,0.004116776763123118,0.0,0.002238807514054615,0.0010375195416403636,8237.0,0.003502944325139598,1.8100567494847868,94.47614422726721,True
2066257376991158384,SHOP,False,,14,partial,True,0.018303887496364135,0.004116776763123118,0.0,0.002238807514054615,0.0010375195416403636,8237.0,0.003502944325139598,1.8100567494847868,94.47614422726721,True
2066251482832208367,SHOP,False,,14,partial,True,0.018303887496364135,0.004116776763123118,0.0,0.002238807514054615,0.0010375195416403636,8237.0,0.003502944325139598,1.8100567494847868,94.47614422726721,True
2066197628975824924,SHOP,False,,14,partial,True,0.018303887496364135,0.004116776763123118,0.0,0.002238807514054615,0.0010375195416403636,8237.0,0.003502944325139598,1.8100567494847868,94.47614422726721,True
2066044269534622087,SHOP,False,,14,partial,True,0.018303887496364135,0.004116776763123118,0.0,0.002238807514054615,0.0010375195416403636,8237.0,0.003502944325139598,1.8100567494847868,94.47614422726721,True
2066037598208905245,SHOP,False,,14,partial,True,0.018303887496364135,0.004116776763123118,0.0,0.002238807514054615,0.0010375195416403636,8237.0,0.003502944325139598,1.8100567494847868,94.47614422726721,True
2065729598977941955,SHOP,False,,14,partial,True,0.018303887496364135,0.004116776763123118,0.0,0.002238807514054615,0.0010375195416403636,8237.0,0.003502944325139598,1.8100567494847868,94.47614422726721,True
2065713528162373705,SHOP,False,,14,partial,True,0.018303887496364135,0.004116776763123118,0.0,0.002238807514054615,0.0010375195416403636,8237.0,0.003502944325139598,1.8100567494847868,94.47614422726721,True
2065520628057174414,SHOP,False,,15,complete,True,-1.3028932472458621e-05,0.0007141581204651959,12.0,0.0009352907168921018,0.00047714958146681036,6952.0,0.00143809909167874,-0.4634450181159542,35.87456846950518,False
2065384054652821981,SHOP,False,,1,insufficient,False,0.004726921899092185,,,,,,,,,False
2065351060143698307,SHOP,False,,1,insufficient,False,0.004726921899092185,,,,,,,,,False
2065342900427264484,SHOP,False,,1,insufficient,False,0.004726921899092185,,,,,,,,,False
2065111629742723104,SHOP,False,,9,partial,True,6.619600781632151e-05,0.0010091607205706173,6.0,0.0010511718556192962,0.0005979239113173984,3661.0,0.0017200290519083325,-0.07026167419214967,58.78175361922972,False
2064785896507875795,SHOP,True,"cpi(ALL, 2026-06-10 12:30:00+00:00->2026-06-10 20:00:00+00:00)",14,partial,False,-0.000756605526825993,0.0008747719455588085,11.0,0.0008774277478409678,0.00046308119466251664,7453.0,0.0014346548949007436,-0.005735068305018885,61.76036495370991,False
2064784637340070013,SHOP,True,"cpi(ALL, 2026-06-10 12:30:00+00:00->2026-06-10 20:00:00+00:00)",14,partial,False,-0.0023214996103764207,0.0009549914662863347,11.0,0.0008774277478409678,0.00046308119466251664,7453.0,0.0014346548949007436,0.16749485692653449,68.34831611431639,False
2064651007158579416,SHOP,True,"cpi(ALL, 2026-06-10 12:30:00+00:00->2026-06-10 20:00:00+00:00)",15,complete,False,-0.005393293106150776,0.004850344729613385,0.0,0.002238807514054615,0.0010375195416403636,8237.0,0.003502944325139598,2.5170968938376,97.40196673546194,True
2064436578177397150,SHOP,False,,3,insufficient,False,3.7073801618436875e-05,0.00011337134460287501,12.0,0.0009352907168921018,0.00047714958146681036,6952.0,0.00143809909167874,-1.7225612349120292,0.0,False
2063340695297913005,SHOP,False,,2,insufficient,False,,0.0,,,,,,,,False
2063319636758683668,SHOP,False,,2,insufficient,False,,0.0,,,,,,,,False
2063209546068205938,SHOP,False,,2,insufficient,False,,0.0,,,,,,,,False
2062935998648942960,SHOP,True,"jobs_report(ALL, 2026-06-05 12:30:00+00:00->2026-06-05 20:00:00+00:00)",15,complete,False,-0.00010964660568291151,0.0006403867720788534,6.0,0.0010511718556192962,0.0005979239113173984,3661.0,0.0017200290519083325,-0.6870189931614628,21.906582900846765,False
2062578615695364133,SHOP,False,,11,partial,True,0.0004959806621362972,0.0006388411440846143,6.0,0.0010511718556192962,0.0005979239113173984,3661.0,0.0017200290519083325,-0.6896039842698358,21.742693253209506,False
2062316429211295774,SHOP,False,,15,complete,True,0.03039386648757414,0.0035290384381757418,0.0,0.002238807514054615,0.0010375195416403636,8237.0,0.003502944325139598,1.2435726483582328,90.2877261138764,True
2061957236167950646,SHOP,False,,15,complete,True,-0.02527957680777526,0.00183610158025208,0.0,0.002238807514054615,0.0010375195416403636,8237.0,0.003502944325139598,-0.3881429868451821,40.60944518635425,False
2061916071326613512,SHOP,False,,15,complete,True,-0.02527957680777526,0.00183610158025208,0.0,0.002238807514054615,0.0010375195416403636,8237.0,0.003502944325139598,-0.3881429868451821,40.60944518635425,False
2061581929049112803,SHOP,False,,15,complete,True,-0.035682270855613596,0.003542052236500123,0.0,0.002238807514054615,0.0010375195416403636,8237.0,0.003502944325139598,1.2561158321750943,90.3969891950953,True
2059805480403587181,SHOP,False,,1,insufficient,False,0.007436899853069168,,,,,,,,,False
2059362089072787900,SHOP,False,,7,insufficient,False,0.0012707347829937765,0.0006426838698857289,12.0,0.0009352907168921018,0.00047714958146681036,6952.0,0.00143809909167874,-0.6132392406315588,27.430955120828536,False
2059026399030071806,SHOP,False,,15,complete,True,-0.008430542833160248,0.0038954160409854226,0.0,0.002238807514054615,0.0010375195416403636,8237.0,0.003502944325139598,1.5967010359261642,93.39565375743597,True
2059004281638797476,SHOP,False,,15,complete,True,-0.008430542833160248,0.0038954160409854226,0.0,0.002238807514054615,0.0010375195416403636,8237.0,0.003502944325139598,1.5967010359261642,93.39565375743597,True
2059002125682720919,SHOP,False,,15,complete,True,-0.008430542833160248,0.0038954160409854226,0.0,0.002238807514054615,0.0010375195416403636,8237.0,0.003502944325139598,1.5967010359261642,93.39565375743597,True
2058641165830758433,SHOP,False,,15,complete,True,-0.008430542833160248,0.0038954160409854226,0.0,0.002238807514054615,0.0010375195416403636,8237.0,0.003502944325139598,1.5967010359261642,93.39565375743597,True
2058599175982289095,SHOP,False,,15,complete,True,-0.008430542833160248,0.0038954160409854226,0.0,0.002238807514054615,0.0010375195416403636,8237.0,0.003502944325139598,1.5967010359261642,93.39565375743597,True
2058308828848914713,SHOP,False,,15,complete,True,-0.008430542833160248,0.0038954160409854226,0.0,0.002238807514054615,0.0010375195416403636,8237.0,0.003502944325139598,1.5967010359261642,93.39565375743597,True
2057978005000003819,SHOP,False,,15,complete,True,-0.008430542833160248,0.0038954160409854226,0.0,0.002238807514054615,0.0010375195416403636,8237.0,0.003502944325139598,1.5967010359261642,93.39565375743597,True
2057813615005053062,SHOP,False,,15,complete,True,0.016341955995894164,0.0036922172434095523,0.0,0.002238807514054615,0.0010375195416403636,8237.0,0.003502944325139598,1.400850462109883,92.023795071021,True
2057813294556106753,SHOP,False,,15,complete,True,0.016341955995894164,0.0036922172434095523,0.0,0.002238807514054615,0.0010375195416403636,8237.0,0.003502944325139598,1.400850462109883,92.023795071021,True
2057809101669671312,SHOP,False,,15,complete,True,0.016341955995894164,0.0036922172434095523,0.0,0.002238807514054615,0.0010375195416403636,8237.0,0.003502944325139598,1.400850462109883,92.023795071021,True
2057500244569473477,SHOP,False,,15,complete,True,-0.002702459079655384,0.0008849792904815316,6.0,0.0010511718556192962,0.0005979239113173984,3661.0,0.0017200290519083325,-0.27794935441132396,49.112264408631525,False
2057484512024580379,SHOP,False,,15,complete,True,0.0004970554454897247,0.0005809398543065862,4.0,0.0011511060186673151,0.0005583326088205756,4608.0,0.0018779045366866416,-1.021194455335773,9.461805555555555,False
2057474133324095668,SHOP,False,,14,partial,True,0.0017336081068868303,0.0007865992310295263,2.0,0.0014492332007035923,0.0007027666091938695,6461.0,0.002235726846365603,-0.9428933603350352,9.456740442655935,False
2057470953471234071,SHOP,False,,14,partial,True,0.0006549002028777284,0.0011195572585940131,2.0,0.0014492332007035923,0.0007027666091938695,6461.0,0.002235726846365603,-0.4691115624968925,35.783934375483675,False
2057196657536553338,SHOP,False,,13,partial,True,-0.02512683056897047,0.0022592146827114597,0.0,0.002238807514054615,0.0010375195416403636,8237.0,0.003502944325139598,0.019669189675772282,61.70936020395775,False
2057134907344777468,SHOP,False,,12,partial,True,-0.004299391942933828,0.0013808430479562862,5.0,0.001092838470556505,0.0005862999426027759,4158.0,0.001739189507517462,0.4912239563272601,78.66762866762866,False
2057108476560642402,SHOP,False,,15,complete,True,0.005320806891284446,0.0008990157678973354,2.0,0.0014492332007035923,0.0007027666091938695,6461.0,0.002235726846365603,-0.7829305285824565,17.18000309549605,False
2057107846358049006,SHOP,False,,14,partial,True,0.005417552956255345,0.001015254339247222,2.0,0.0014492332007035923,0.0007027666091938695,6461.0,0.002235726846365603,-0.6175291423623261,26.095031728834545,False
2057094727380402683,SHOP,False,,12,partial,True,-0.006685015932331506,0.0036853704812220456,0.0,0.002238807514054615,0.0010375195416403636,8237.0,0.003502944325139598,1.3942512975518047,91.95095301687508,True
2056895988195807428,SHOP,False,,13,partial,True,-0.004122043335449188,0.0054636050810644154,0.0,0.002238807514054615,0.0010375195416403636,8237.0,0.003502944325139598,3.108180075250684,98.65242199830035,True
2056560793034830011,SHOP,False,,15,complete,True,-0.001656011892865239,0.0029302822801254586,0.0,0.002238807514054615,0.0010375195416403636,8237.0,0.003502944325139598,0.6664691490799217,80.97608352555542,False
2056514143872548929,SHOP,False,,15,complete,True,-0.001656011892865239,0.0029302822801254586,0.0,0.002238807514054615,0.0010375195416403636,8237.0,0.003502944325139598,0.6664691490799217,80.97608352555542,False
2056331541895143469,SHOP,False,,15,complete,True,-0.00041068000781663283,0.00487101820042569,0.0,0.002238807514054615,0.0010375195416403636,8237.0,0.003502944325139598,2.537022755455223,97.4383877625349,True
2056198717225464307,SHOP,False,,15,complete,True,-0.00041068000781663283,0.00487101820042569,0.0,0.002238807514054615,0.0010375195416403636,8237.0,0.003502944325139598,2.537022755455223,97.4383877625349,True
2056115497226096716,SHOP,False,,15,complete,True,-0.00041068000781663283,0.00487101820042569,0.0,0.002238807514054615,0.0010375195416403636,8237.0,0.003502944325139598,2.537022755455223,97.4383877625349,True
2055697492117708843,SHOP,False,,15,complete,True,-0.00041068000781663283,0.00487101820042569,0.0,0.002238807514054615,0.0010375195416403636,8237.0,0.003502944325139598,2.537022755455223,97.4383877625349,True
2055657385318895695,SHOP,False,,15,complete,True,-0.00041068000781663283,0.00487101820042569,0.0,0.002238807514054615,0.0010375195416403636,8237.0,0.003502944325139598,2.537022755455223,97.4383877625349,True
2055656117120778446,SHOP,False,,15,complete,True,-0.00041068000781663283,0.00487101820042569,0.0,0.002238807514054615,0.0010375195416403636,8237.0,0.003502944325139598,2.537022755455223,97.4383877625349,True
2055300379739373975,SHOP,False,,15,complete,True,0.001223516637732902,0.0020658142889752587,2.0,0.0014492332007035923,0.0007027666091938695,6461.0,0.002235726846365603,0.8773625271965256,86.82866429345303,False
2055285042193072457,SHOP,False,,15,complete,True,0.003661355042646308,0.0032022166955655218,0.0,0.002238807514054615,0.0010375195416403636,8237.0,0.003502944325139598,0.9285696729988476,86.4756586135729,False
2055097431847481660,SHOP,False,,15,complete,True,0.007207088440901899,0.004793527096498285,0.0,0.002238807514054615,0.0010375195416403636,8237.0,0.003502944325139598,2.462333941589714,97.26842296952775,True
2055051110604247413,SHOP,False,,15,complete,True,0.007207088440901899,0.004793527096498285,0.0,0.002238807514054615,0.0010375195416403636,8237.0,0.003502944325139598,2.462333941589714,97.26842296952775,True
2054291305790849334,SHOP,False,,15,complete,True,-0.033682211851235544,0.003150333209490822,0.0,0.002238807514054615,0.0010375195416403636,8237.0,0.003502944325139598,0.8785624355518599,85.63797499089473,False
2053962576610935274,SHOP,True,"cpi(ALL, 2026-05-12 12:30:00+00:00->2026-05-12 20:00:00+00:00)",15,complete,False,0.0001486728733725018,0.0033324527517639957,0.0,0.002238807514054615,0.0010375195416403636,8237.0,0.003502944325139598,1.0540960375361026,88.23600825543281,False
2053473802193883353,SHOP,False,,15,complete,True,-0.03624602267162025,0.0031357343521537994,0.0,0.002238807514054615,0.0010375195416403636,8237.0,0.003502944325139598,0.864491512787416,85.31018574723808,False
2053121182044451016,SHOP,False,,15,complete,True,-0.03624602267162025,0.0031357343521537994,0.0,0.002238807514054615,0.0010375195416403636,8237.0,0.003502944325139598,0.864491512787416,85.31018574723808,False
2052714349471338867,SHOP,True,"jobs_report(ALL, 2026-05-08 12:30:00+00:00->2026-05-08 20:00:00+00:00)",15,complete,False,-0.03642147573429366,0.003059886683781084,0.0,0.002238807514054615,0.0010375195416403636,8237.0,0.003502944325139598,0.7913867033562637,83.95046740318077,False
2052439738062123152,SHOP,False,,15,complete,True,-0.0001483971855116284,0.0018053332205043605,7.0,0.0010934705418116733,0.0009355395420648034,3480.0,0.001713361957766294,0.7609113743301057,91.63793103448276,True
2052369354851832005,SHOP,False,,15,complete,True,0.03394227552628615,0.003604934810916544,0.0,0.002238807514054615,0.0010375195416403636,8237.0,0.003502944325139598,1.3167244008744379,91.13755007891223,True
2052138354620203174,SHOP,False,,1,insufficient,False,0.011583874002508487,,,,,,,,,False
2052006315686310398,SHOP,False,,15,complete,True,0.010998633379808886,0.0044329645693058075,0.0,0.002238807514054615,0.0010375195416403636,8237.0,0.003502944325139598,2.1148103406150156,96.00582736433168,True
2050932144730460321,SHOP,False,,15,complete,True,-0.016714074987463023,0.0036614406338492905,0.0,0.002238807514054615,0.0010375195416403636,8237.0,0.003502944325139598,1.3711868188481833,91.68386548500668,True
2050355012899881227,SHOP,False,,15,complete,True,-0.016714074987463023,0.0036614406338492905,0.0,0.002238807514054615,0.0010375195416403636,8237.0,0.003502944325139598,1.3711868188481833,91.68386548500668,True
2049928302538723382,SHOP,False,,11,partial,True,0.0003748171739554884,0.000588725167900787,11.0,0.0008774277478409678,0.00046308119466251664,7453.0,0.0014346548949007436,-0.6234383586890866,28.726687240037567,False
2049924686331429219,SHOP,False,,12,partial,True,-0.002104163182560126,0.0007447165511075233,10.0,0.0009472015854964581,0.0006222780681837835,4909.0,0.0017232181833228453,-0.32539317186594613,45.87492360969648,False
2049817934604763199,SHOP,False,,13,partial,True,-0.00037508218817938754,0.0032757185659532907,0.0,0.002238807514054615,0.0010375195416403636,8237.0,0.003502944325139598,0.9994135149100652,87.53186839868884,False
2049685958602162410,SHOP,False,,13,partial,True,-0.00037508218817938754,0.0032757185659532907,0.0,0.002238807514054615,0.0010375195416403636,8237.0,0.003502944325139598,0.9994135149100652,87.53186839868884,False
2048729178661421061,SHOP,False,,13,partial,True,-0.0034224034941823245,0.00628160035234134,0.0,0.002238807514054615,0.0010375195416403636,8237.0,0.003502944325139598,3.8965944023520684,99.23515843146777,True
2048503798143017382,SHOP,False,,13,partial,True,-0.0034224034941823245,0.00628160035234134,0.0,0.002238807514054615,0.0010375195416403636,8237.0,0.003502944325139598,3.8965944023520684,99.23515843146777,True
2048198394091393284,SHOP,False,,13,partial,True,-0.0034224034941823245,0.00628160035234134,0.0,0.002238807514054615,0.0010375195416403636,8237.0,0.003502944325139598,3.8965944023520684,99.23515843146777,True
2048094614054142251,SHOP,False,,13,partial,True,-0.0034224034941823245,0.00628160035234134,0.0,0.002238807514054615,0.0010375195416403636,8237.0,0.003502944325139598,3.8965944023520684,99.23515843146777,True
2047490547808395363,SHOP,False,,12,partial,True,-0.01631872305763249,0.002223864228844352,0.0,0.002238807514054615,0.0010375195416403636,8237.0,0.003502944325139598,-0.014402895184640932,60.37392254461575,False
2047299355887988847,SHOP,False,,12,partial,True,-0.045127645780489,0.0038426863011860623,0.0,0.002238807514054615,0.0010375195416403636,8237.0,0.003502944325139598,1.5458781476015815,93.01930314434867,True
2047133338150842676,SHOP,False,,12,partial,True,-0.045127645780489,0.0038426863011860623,0.0,0.002238807514054615,0.0010375195416403636,8237.0,0.003502944325139598,1.5458781476015815,93.01930314434867,True
2046773191402496111,SHOP,False,,10,partial,True,0.004750360332649306,0.0034473792442276537,0.0,0.002238807514054615,0.0010375195416403636,8237.0,0.003502944325139598,1.1648664739964647,89.5714459147748,False
2046047262732616170,SHOP,False,,15,complete,True,0.005858646726637717,0.0036679901519022628,0.0,0.002238807514054615,0.0010375195416403636,8237.0,0.003502944325139598,1.3774994884318494,91.74456719679495,True
2044919594867978721,SHOP,False,,15,complete,True,0.03768640953833513,0.0026449432934063017,0.0,0.002238807514054615,0.0010375195416403636,8237.0,0.003502944325139598,0.3914487998072482,74.5781231030715,False
2044550039058403765,SHOP,False,,14,partial,True,0.008324319494138921,0.0019246692119359353,0.0,0.002238807514054615,0.0010375195416403636,8237.0,0.003502944325139598,-0.3027782027334284,45.08923151632876,False
2044548316084535628,SHOP,False,,14,partial,True,0.008324319494138921,0.0019246692119359353,0.0,0.002238807514054615,0.0010375195416403636,8237.0,0.003502944325139598,-0.3027782027334284,45.08923151632876,False
2044459356557873387,SHOP,False,,11,partial,True,0.0006259581062624253,0.001079164836064533,6.0,0.0010511718556192962,0.0005979239113173984,3661.0,0.0017200290519083325,0.0468169610135849,64.65446599289811,False
2044446135906119717,SHOP,False,,13,partial,True,-0.0001953833285393003,0.0005869535192301609,5.0,0.001092838470556505,0.0005862999426027759,4158.0,0.001739189507517462,-0.8628432557584034,11.952861952861953,False
2043352615941988855,SHOP,False,,14,partial,True,0.018807330946329914,0.005667573746820378,0.0,0.002238807514054615,0.0010375195416403636,8237.0,0.003502944325139598,3.3047726767100056,98.87094816073814,True
2043158266725675260,SHOP,False,,14,partial,True,0.018807330946329914,0.005667573746820378,0.0,0.002238807514054615,0.0010375195416403636,8237.0,0.003502944325139598,3.3047726767100056,98.87094816073814,True
2043133889774825738,SHOP,False,,14,partial,True,0.018807330946329914,0.005667573746820378,0.0,0.002238807514054615,0.0010375195416403636,8237.0,0.003502944325139598,3.3047726767100056,98.87094816073814,True
2043117930842304920,SHOP,False,,14,partial,True,0.018807330946329914,0.005667573746820378,0.0,0.002238807514054615,0.0010375195416403636,8237.0,0.003502944325139598,3.3047726767100056,98.87094816073814,True
2043107157063725255,SHOP,False,,14,partial,True,0.018807330946329914,0.005667573746820378,0.0,0.002238807514054615,0.0010375195416403636,8237.0,0.003502944325139598,3.3047726767100056,98.87094816073814,True
2043097760937680953,SHOP,False,,14,partial,True,0.018807330946329914,0.005667573746820378,0.0,0.002238807514054615,0.0010375195416403636,8237.0,0.003502944325139598,3.3047726767100056,98.87094816073814,True
2043067264505630979,SHOP,False,,14,partial,True,0.018807330946329914,0.005667573746820378,0.0,0.002238807514054615,0.0010375195416403636,8237.0,0.003502944325139598,3.3047726767100056,98.87094816073814,True
2042798214718308530,SHOP,False,,14,partial,True,0.018807330946329914,0.005667573746820378,0.0,0.002238807514054615,0.0010375195416403636,8237.0,0.003502944325139598,3.3047726767100056,98.87094816073814,True
2042412534217441570,SHOP,True,"cpi(ALL, 2026-04-10 12:30:00+00:00->2026-04-10 20:00:00+00:00)",14,partial,False,0.0012254716471387095,0.002551779385343467,0.0,0.002238807514054615,0.0010375195416403636,8237.0,0.003502944325139598,0.30165395322967087,71.64016025251912,False
2042255953836298385,SHOP,False,,14,partial,True,0.0003942408451924617,0.0013553962902000227,2.0,0.0014492332007035923,0.0007027666091938695,6461.0,0.002235726846365603,-0.13352499859264538,53.62946912242686,False
2042255729805897733,SHOP,False,,14,partial,True,0.0003942408451924617,0.0013553962902000227,2.0,0.0014492332007035923,0.0007027666091938695,6461.0,0.002235726846365603,-0.13352499859264538,53.62946912242686,False
2042227945763160561,SHOP,False,,15,complete,True,-0.00982005099762484,0.005517187482055038,0.0,0.002238807514054615,0.0010375195416403636,8237.0,0.003502944325139598,3.159824790207962,98.72526405244628,True
2041847569140035630,SHOP,False,,15,complete,True,0.04197010585005234,0.001946033025400394,0.0,0.002238807514054615,0.0010375195416403636,8237.0,0.003502944325139598,-0.2821869631403104,46.266844725021244,False
2041719844920283326,SHOP,False,,15,complete,True,0.04197010585005234,0.001946033025400394,0.0,0.002238807514054615,0.0010375195416403636,8237.0,0.003502944325139598,-0.2821869631403104,46.266844725021244,False
2041588565499359718,SHOP,False,,11,partial,True,-9.751306173078067e-05,0.0007824786423072083,10.0,0.0009472015854964581,0.0006222780681837835,4909.0,0.0017232181833228453,-0.2647095432272259,49.90833163577103,False
2041456620467589157,SHOP,False,,13,partial,True,-0.01953625472847953,0.003283841138132439,0.0,0.002238807514054615,0.0010375195416403636,8237.0,0.003502944325139598,1.007242352684346,87.61685079519242,False
2041337455849132296,SHOP,False,,13,partial,True,-0.01953625472847953,0.003283841138132439,0.0,0.002238807514054615,0.0010375195416403636,8237.0,0.003502944325139598,1.007242352684346,87.61685079519242,False
2041324561958862895,SHOP,False,,13,partial,True,-0.01953625472847953,0.003283841138132439,0.0,0.002238807514054615,0.0010375195416403636,8237.0,0.003502944325139598,1.007242352684346,87.61685079519242,False
2040948112185827465,SHOP,False,,12,partial,True,0.016733384304125964,0.003351645483017108,0.0,0.002238807514054615,0.0010375195416403636,8237.0,0.003502944325139598,1.0725947071831028,88.43025373315527,False
2040934209628336302,SHOP,False,,12,partial,True,0.016733384304125964,0.003351645483017108,0.0,0.002238807514054615,0.0010375195416403636,8237.0,0.003502944325139598,1.0725947071831028,88.43025373315527,False
2040934208495821140,SHOP,False,,12,partial,True,0.016733384304125964,0.003351645483017108,0.0,0.002238807514054615,0.0010375195416403636,8237.0,0.003502944325139598,1.0725947071831028,88.43025373315527,False
2040852493253443616,SHOP,False,,12,partial,True,0.016733384304125964,0.003351645483017108,0.0,0.002238807514054615,0.0010375195416403636,8237.0,0.003502944325139598,1.0725947071831028,88.43025373315527,False
2040259593779958081,SHOP,False,,12,partial,True,0.016733384304125964,0.003351645483017108,0.0,0.002238807514054615,0.0010375195416403636,8237.0,0.003502944325139598,1.0725947071831028,88.43025373315527,False
2039846200812208537,SHOP,False,,12,partial,True,0.016733384304125964,0.003351645483017108,0.0,0.002238807514054615,0.0010375195416403636,8237.0,0.003502944325139598,1.0725947071831028,88.43025373315527,False
2039740336541475090,SHOP,False,,14,partial,True,-0.00047113347238447734,0.0014932314285738119,5.0,0.001092838470556505,0.0005862999426027759,4158.0,0.001739189507517462,0.6829148852374647,83.30928330928332,False
2039518836873974027,SHOP,False,,15,complete,True,-0.036829712535639936,0.003101104822711801,0.0,0.002238807514054615,0.0010375195416403636,8237.0,0.003502944325139598,0.831114281754979,84.77601068350128,False
2039481815795376334,SHOP,False,,15,complete,True,-0.036829712535639936,0.003101104822711801,0.0,0.002238807514054615,0.0010375195416403636,8237.0,0.003502944325139598,0.831114281754979,84.77601068350128,False
2039474710249865385,SHOP,False,,15,complete,True,-0.036829712535639936,0.003101104822711801,0.0,0.002238807514054615,0.0010375195416403636,8237.0,0.003502944325139598,0.831114281754979,84.77601068350128,False
2039335171913076791,SHOP,False,,15,complete,True,-0.0219912586501948,0.0038265192189580327,0.0,0.002238807514054615,0.0010375195416403636,8237.0,0.003502944325139598,1.5302957112433528,92.88575937841446,True
2039170032668729631,SHOP,False,,15,complete,True,-0.0022460904726437914,0.003128011147547204,0.0,0.002238807514054615,0.0010375195416403636,8237.0,0.003502944325139598,0.8570476003629959,85.21306300837684,False
2038812115033534561,SHOP,False,,15,complete,True,0.0003838514315632757,0.004290588569186136,0.0,0.002238807514054615,0.0010375195416403636,8237.0,0.003502944325139598,1.977583045701063,95.30168750758772,True
2038450129825378779,SHOP,False,,15,complete,True,0.00028477133518056696,0.0038918099321227566,0.0,0.002238807514054615,0.0010375195416403636,8237.0,0.003502944325139598,1.5932253338136384,93.3349520456477,True
2037975214437417159,SHOP,False,,15,complete,True,0.00028477133518056696,0.0038918099321227566,0.0,0.002238807514054615,0.0010375195416403636,8237.0,0.003502944325139598,1.5932253338136384,93.3349520456477,True
2037974787176214855,SHOP,False,,15,complete,True,0.00028477133518056696,0.0038918099321227566,0.0,0.002238807514054615,0.0010375195416403636,8237.0,0.003502944325139598,1.5932253338136384,93.3349520456477,True
2037642603835896236,SHOP,False,,15,complete,True,0.00028477133518056696,0.0038918099321227566,0.0,0.002238807514054615,0.0010375195416403636,8237.0,0.003502944325139598,1.5932253338136384,93.3349520456477,True
2037236594164252944,SHOP,False,,15,complete,True,-0.008098361233005336,0.0007392458221809141,10.0,0.0009472015854964581,0.0006222780681837835,4909.0,0.0017232181833228453,-0.3341846257292912,45.2841719291098,False
2036936395650949614,SHOP,False,,15,complete,True,0.005836918176815642,0.0033510407681771807,0.0,0.002238807514054615,0.0010375195416403636,8237.0,0.003502944325139598,1.0720118604841664,88.43025373315527,False
2036935885267120476,SHOP,False,,15,complete,True,0.005836918176815642,0.0033510407681771807,0.0,0.002238807514054615,0.0010375195416403636,8237.0,0.003502944325139598,1.0720118604841664,88.43025373315527,False
2036748608129671263,SHOP,False,,15,complete,True,0.024895529257192628,0.0031267318161477277,0.0,0.002238807514054615,0.0010375195416403636,8237.0,0.003502944325139598,0.8558145330826884,85.20092266601918,False
2036507410399920520,SHOP,False,,15,complete,True,0.004559017694594436,0.001542738103147957,9.0,0.0009874248430401466,0.0006623059977156505,4131.0,0.001657517256623852,0.8384542221014651,87.58169934640523,False
2035964924309217615,SHOP,False,,15,complete,True,0.022204422698028914,0.00291811878269062,0.0,0.002238807514054615,0.0010375195416403636,8237.0,0.003502944325139598,0.6547455169489959,80.72113633604468,False
2035451316445512143,SHOP,False,,15,complete,True,0.022204422698028914,0.00291811878269062,0.0,0.002238807514054615,0.0010375195416403636,8237.0,0.003502944325139598,0.6547455169489959,80.72113633604468,False
2034796296842743898,SHOP,False,,13,partial,True,-0.018063850482305077,0.0027310371482090322,0.0,0.002238807514054615,0.0010375195416403636,8237.0,0.003502944325139598,0.4744292655694761,76.66626198858808,False
2034792767357063497,SHOP,False,,13,partial,True,-0.018063850482305077,0.0027310371482090322,0.0,0.002238807514054615,0.0010375195416403636,8237.0,0.003502944325139598,0.4744292655694761,76.66626198858808,False
2034787423880691951,SHOP,False,,13,partial,True,-0.018063850482305077,0.0027310371482090322,0.0,0.002238807514054615,0.0010375195416403636,8237.0,0.003502944325139598,0.4744292655694761,76.66626198858808,False
2034760343772094905,SHOP,False,,13,partial,True,-0.018063850482305077,0.0027310371482090322,0.0,0.002238807514054615,0.0010375195416403636,8237.0,0.003502944325139598,0.4744292655694761,76.66626198858808,False
2034649088684069280,SHOP,False,,10,partial,True,-0.009119765244051115,0.001834631739138583,3.0,0.0012513815345819742,0.0006762864429775072,5509.0,0.0019573719847042923,0.8624307209068323,87.67471410419314,False
2034486015725834283,SHOP,False,,15,complete,True,0.00974436689855196,0.003730481405124552,0.0,0.002238807514054615,0.0010375195416403636,8237.0,0.003502944325139598,1.4377308871807228,92.32730362996236,True
2034079258121806180,SHOP,False,,11,partial,True,0.007114111160633874,0.0036590962754329496,0.0,0.002238807514054615,0.0010375195416403636,8237.0,0.003502944325139598,1.3689272388381197,91.65958480029137,True
2034072777347539078,SHOP,False,,11,partial,True,0.007114111160633874,0.0036590962754329496,0.0,0.002238807514054615,0.0010375195416403636,8237.0,0.003502944325139598,1.3689272388381197,91.65958480029137,True
2033380989276217383,SHOP,False,,13,partial,True,0.005444326486627071,0.0024968981561107363,0.0,0.002238807514054615,0.0010375195416403636,8237.0,0.003502944325139598,0.24875737920855803,69.89195095301687,False
2032931369752330539,SHOP,False,,13,partial,True,0.005444326486627071,0.0024968981561107363,0.0,0.002238807514054615,0.0010375195416403636,8237.0,0.003502944325139598,0.24875737920855803,69.89195095301687,False
2032493789965676876,SHOP,False,,9,partial,True,-0.002711194933791239,0.0009048779088852238,5.0,0.001092838470556505,0.0005862999426027759,4158.0,0.001739189507517462,-0.3205877197204954,46.63299663299663,False
2032217673593921697,SHOP,False,,11,partial,True,0.009811964761664793,0.0035424193916195248,0.0,0.002238807514054615,0.0010375195416403636,8237.0,0.003502944325139598,1.25646970996213,90.3969891950953,True
2032212536716578932,SHOP,False,,11,partial,True,0.009811964761664793,0.0035424193916195248,0.0,0.002238807514054615,0.0010375195416403636,8237.0,0.003502944325139598,1.25646970996213,90.3969891950953,True
2032212535160496637,SHOP,False,,11,partial,True,0.009811964761664793,0.0035424193916195248,0.0,0.002238807514054615,0.0010375195416403636,8237.0,0.003502944325139598,1.25646970996213,90.3969891950953,True
2032212531846971413,SHOP,False,,11,partial,True,0.009811964761664793,0.0035424193916195248,0.0,0.002238807514054615,0.0010375195416403636,8237.0,0.003502944325139598,1.25646970996213,90.3969891950953,True
2031933672337674517,SHOP,False,,14,partial,True,0.014947807585554918,0.003517906935545509,0.0,0.002238807514054615,0.0010375195416403636,8237.0,0.003502944325139598,1.2328436912798597,90.15418234794221,True
2031889821988200552,SHOP,False,,14,partial,True,0.014947807585554918,0.003517906935545509,0.0,0.002238807514054615,0.0010375195416403636,8237.0,0.003502944325139598,1.2328436912798597,90.15418234794221,True
2031536615529570583,SHOP,True,"cpi(ALL, 2026-03-11 12:30:00+00:00->2026-03-11 20:00:00+00:00)",15,complete,False,0.020450959659369383,0.0037415342257040166,0.0,0.002238807514054615,0.0010375195416403636,8237.0,0.003502944325139598,1.4483840075662817,92.4244263688236,True
2031479029249806840,SHOP,True,"cpi(ALL, 2026-03-11 12:30:00+00:00->2026-03-11 20:00:00+00:00)",15,complete,False,0.020450959659369383,0.0037415342257040166,0.0,0.002238807514054615,0.0010375195416403636,8237.0,0.003502944325139598,1.4483840075662817,92.4244263688236,True
2031479027316179341,SHOP,True,"cpi(ALL, 2026-03-11 12:30:00+00:00->2026-03-11 20:00:00+00:00)",15,complete,False,0.020450959659369383,0.0037415342257040166,0.0,0.002238807514054615,0.0010375195416403636,8237.0,0.003502944325139598,1.4483840075662817,92.4244263688236,True
2031123236184825905,SHOP,False,,15,complete,True,-0.02198728386922444,0.0027454756790203944,0.0,0.002238807514054615,0.0010375195416403636,8237.0,0.003502944325139598,0.48834565965351834,76.93334952045647,False
2031058192650674194,SHOP,False,,11,partial,True,-0.003234407347617374,0.0006607809661745179,7.0,0.0010934705418116733,0.0009355395420648034,3480.0,0.001713361957766294,-0.4625027122660985,23.70689655172414,False
2030816002854838685,SHOP,False,,15,complete,True,0.014416960336154472,0.005507985839531602,0.0,0.002238807514054615,0.0010375195416403636,8237.0,0.003502944325139598,3.1509559042215955,98.72526405244628,True
2030771823151853938,SHOP,False,,15,complete,True,0.014416960336154472,0.005507985839531602,0.0,0.002238807514054615,0.0010375195416403636,8237.0,0.003502944325139598,3.1509559042215955,98.72526405244628,True
2030753154011128122,SHOP,False,,15,complete,True,0.014416960336154472,0.005507985839531602,0.0,0.002238807514054615,0.0010375195416403636,8237.0,0.003502944325139598,3.1509559042215955,98.72526405244628,True
2030461622574006467,SHOP,False,,15,complete,True,0.014416960336154472,0.005507985839531602,0.0,0.002238807514054615,0.0010375195416403636,8237.0,0.003502944325139598,3.1509559042215955,98.72526405244628,True
2030461620690821586,SHOP,False,,15,complete,True,0.014416960336154472,0.005507985839531602,0.0,0.002238807514054615,0.0010375195416403636,8237.0,0.003502944325139598,3.1509559042215955,98.72526405244628,True
2030449390188380186,SHOP,False,,15,complete,True,0.014416960336154472,0.005507985839531602,0.0,0.002238807514054615,0.0010375195416403636,8237.0,0.003502944325139598,3.1509559042215955,98.72526405244628,True
2028580097700057404,SHOP,False,,13,partial,True,-0.02342652873397566,0.0031011332296464497,0.0,0.002238807514054615,0.0010375195416403636,8237.0,0.003502944325139598,0.8311416614172492,84.77601068350128,False
2028246696497451365,SHOP,False,,15,complete,True,-0.006930427584312393,0.006043585831258705,0.0,0.002238807514054615,0.0010375195416403636,8237.0,0.003502944325139598,3.66718713672474,99.07733398081827,True
2027938039549349902,SHOP,False,,15,complete,True,-0.006930427584312393,0.006043585831258705,0.0,0.002238807514054615,0.0010375195416403636,8237.0,0.003502944325139598,3.66718713672474,99.07733398081827,True
2027879000215806060,SHOP,False,,15,complete,True,-0.006930427584312393,0.006043585831258705,0.0,0.002238807514054615,0.0010375195416403636,8237.0,0.003502944325139598,3.66718713672474,99.07733398081827,True
2027869518584852940,SHOP,False,,15,complete,True,-0.006930427584312393,0.006043585831258705,0.0,0.002238807514054615,0.0010375195416403636,8237.0,0.003502944325139598,3.66718713672474,99.07733398081827,True
2027865126527721935,SHOP,False,,15,complete,True,-0.006930427584312393,0.006043585831258705,0.0,0.002238807514054615,0.0010375195416403636,8237.0,0.003502944325139598,3.66718713672474,99.07733398081827,True
2027859447096246305,SHOP,False,,15,complete,True,-0.006930427584312393,0.006043585831258705,0.0,0.002238807514054615,0.0010375195416403636,8237.0,0.003502944325139598,3.66718713672474,99.07733398081827,True
2027720729182032171,SHOP,False,,15,complete,True,-0.006930427584312393,0.006043585831258705,0.0,0.002238807514054615,0.0010375195416403636,8237.0,0.003502944325139598,3.66718713672474,99.07733398081827,True
2027487301232689590,SHOP,False,,6,insufficient,False,0.004418901334111602,0.001295150042295253,12.0,0.0009352907168921018,0.00047714958146681036,6952.0,0.00143809909167874,0.7541855623071154,85.11219792865361,False
2026863715736281537,SHOP,False,,15,complete,True,0.038095760325052686,0.003626410721592092,0.0,0.002238807514054615,0.0010375195416403636,8237.0,0.003502944325139598,1.3374236839371874,91.38035692606532,True
2026474911326159072,SHOP,False,,15,complete,True,0.027171908837842818,0.0035195516036328513,0.0,0.002238807514054615,0.0010375195416403636,8237.0,0.003502944325139598,1.23442888367512,90.16632269029986,True
2026148694404538383,SHOP,False,,15,complete,True,0.01836525694628044,0.003779822901827786,0.0,0.002238807514054615,0.0010375195416403636,8237.0,0.003502944325139598,1.4852880605378849,92.59439116183077,True
2026148524140695973,SHOP,False,,15,complete,True,0.01836525694628044,0.003779822901827786,0.0,0.002238807514054615,0.0010375195416403636,8237.0,0.003502944325139598,1.4852880605378849,92.59439116183077,True
2025716819445645472,SHOP,False,,15,complete,True,-0.05202695076238795,0.0025548843679331474,0.0,0.002238807514054615,0.0010375195416403636,8237.0,0.003502944325139598,0.3046466511645661,71.7251426490227,False
2025716075946447194,SHOP,False,,15,complete,True,-0.05202695076238795,0.0025548843679331474,0.0,0.002238807514054615,0.0010375195416403636,8237.0,0.003502944325139598,0.3046466511645661,71.7251426490227,False
2025587630063173999,SHOP,False,,15,complete,True,-0.05202695076238795,0.0025548843679331474,0.0,0.002238807514054615,0.0010375195416403636,8237.0,0.003502944325139598,0.3046466511645661,71.7251426490227,False
2025297895700734259,SHOP,False,,15,complete,True,-0.05202695076238795,0.0025548843679331474,0.0,0.002238807514054615,0.0010375195416403636,8237.0,0.003502944325139598,0.3046466511645661,71.7251426490227,False
2025213233867473129,SHOP,False,,15,complete,True,-0.05202695076238795,0.0025548843679331474,0.0,0.002238807514054615,0.0010375195416403636,8237.0,0.003502944325139598,0.3046466511645661,71.7251426490227,False
2023534200117506427,SHOP,False,,15,complete,True,0.021307221712527746,0.006504109350850076,0.0,0.002238807514054615,0.0010375195416403636,8237.0,0.003502944325139598,4.111056867470498,99.40512322447493,True
2023517423761322157,SHOP,False,,15,complete,True,0.021307221712527746,0.006504109350850076,0.0,0.002238807514054615,0.0010375195416403636,8237.0,0.003502944325139598,4.111056867470498,99.40512322447493,True
2023466837623881848,SHOP,False,,15,complete,True,0.021307221712527746,0.006504109350850076,0.0,0.002238807514054615,0.0010375195416403636,8237.0,0.003502944325139598,4.111056867470498,99.40512322447493,True
2023409268033302664,SHOP,False,,15,complete,True,0.021307221712527746,0.006504109350850076,0.0,0.002238807514054615,0.0010375195416403636,8237.0,0.003502944325139598,4.111056867470498,99.40512322447493,True
2023185534412292246,SHOP,False,,15,complete,True,0.021307221712527746,0.006504109350850076,0.0,0.002238807514054615,0.0010375195416403636,8237.0,0.003502944325139598,4.111056867470498,99.40512322447493,True
2022436595266109815,SHOP,False,,15,complete,True,0.021307221712527746,0.006504109350850076,0.0,0.002238807514054615,0.0010375195416403636,8237.0,0.003502944325139598,4.111056867470498,99.40512322447493,True
2022128803582230859,SHOP,True,"cpi(ALL, 2026-02-13 13:30:00+00:00->2026-02-13 21:00:00+00:00)",15,complete,False,0.008915083362200482,0.006845481606078852,0.0,0.002238807514054615,0.0010375195416403636,8237.0,0.003502944325139598,4.440084169152982,99.52652664805147,True
2021597510968484177,SHOP,True,"earnings(SHOP, 2026-02-11 14:30:00+00:00->2026-02-11 21:00:00+00:00); jobs_report(ALL, 2026-02-11 13:30:00+00:00->2026-02-11 21:00:00+00:00)",15,complete,False,-0.04572547875638644,0.002837236269436103,0.0,0.002238807514054615,0.0010375195416403636,8237.0,0.003502944325139598,0.576787936384645,78.88794464003885,False
2021449943626711124,SHOP,True,"jobs_report(ALL, 2026-02-11 13:30:00+00:00->2026-02-11 21:00:00+00:00)",7,insufficient,False,0.09877148769211797,0.00880080486238535,,,,,,,,False
2021111214739193886,SHOP,False,,15,complete,True,0.05195364786212864,0.00525913878535466,0.0,0.002238807514054615,0.0010375195416403636,8237.0,0.003502944325139598,2.9111078394964682,98.33677309700134,True
2021064443229241718,SHOP,False,,15,complete,True,0.05195364786212864,0.00525913878535466,0.0,0.002238807514054615,0.0010375195416403636,8237.0,0.003502944325139598,2.9111078394964682,98.33677309700134,True
2020722667721052490,SHOP,False,,15,complete,True,0.025566547993842503,0.0045122232511763585,0.0,0.002238807514054615,0.0010375195416403636,8237.0,0.003502944325139598,2.1912028119753524,96.29719558091539,True
2019562419132199202,SHOP,False,,15,complete,True,0.015245587195961807,0.0032440826359167838,0.0,0.002238807514054615,0.0010375195416403636,8237.0,0.003502944325139598,0.9689216265486286,87.07053538909797,False
2019249827159372168,SHOP,False,,15,complete,True,-0.003398291934615605,0.004590589270905052,0.0,0.002238807514054615,0.0010375195416403636,8237.0,0.003502944325139598,2.2667349022960734,96.60070413985675,True
2018881718715896301,SHOP,False,,15,complete,True,-0.05564831304656859,0.004148077571299442,0.0,0.002238807514054615,0.0010375195416403636,8237.0,0.003502944325139598,1.840225634908223,94.62182833555907,True
2018881321313997151,SHOP,False,,15,complete,True,-0.05564831304656859,0.004148077571299442,0.0,0.002238807514054615,0.0010375195416403636,8237.0,0.003502944325139598,1.840225634908223,94.62182833555907,True
2018511810484424911,SHOP,False,,15,complete,True,-0.0405473682821198,0.002744959857416305,0.0,0.002238807514054615,0.0010375195416403636,8237.0,0.003502944325139598,0.4878484915681116,76.92120917809882,False
2018506396321419760,SHOP,False,,15,complete,True,-0.0405473682821198,0.002744959857416305,0.0,0.002238807514054615,0.0010375195416403636,8237.0,0.003502944325139598,0.4878484915681116,76.92120917809882,False
2018149325654704487,SHOP,False,,15,complete,True,0.02453759982394854,0.003248008344758503,0.0,0.002238807514054615,0.0010375195416403636,8237.0,0.003502944325139598,0.9727053710316603,87.08267573145562,False
2017795986966335853,SHOP,False,,15,complete,True,0.02453759982394854,0.003248008344758503,0.0,0.002238807514054615,0.0010375195416403636,8237.0,0.003502944325139598,0.9727053710316603,87.08267573145562,False
2017751113328447896,SHOP,False,,15,complete,True,0.02453759982394854,0.003248008344758503,0.0,0.002238807514054615,0.0010375195416403636,8237.0,0.003502944325139598,0.9727053710316603,87.08267573145562,False
2017750533361070425,SHOP,False,,15,complete,True,0.02453759982394854,0.003248008344758503,0.0,0.002238807514054615,0.0010375195416403636,8237.0,0.003502944325139598,0.9727053710316603,87.08267573145562,False
2017630013734912382,SHOP,False,,15,complete,True,0.02453759982394854,0.003248008344758503,0.0,0.002238807514054615,0.0010375195416403636,8237.0,0.003502944325139598,0.9727053710316603,87.08267573145562,False
2017616594860409319,SHOP,False,,15,complete,True,0.02453759982394854,0.003248008344758503,0.0,0.002238807514054615,0.0010375195416403636,8237.0,0.003502944325139598,0.9727053710316603,87.08267573145562,False
2017284898285916640,SHOP,False,,12,partial,True,-0.0004231701330683624,0.0010965587950368494,5.0,0.001092838470556505,0.0005862999426027759,4158.0,0.001739189507517462,0.006345428696152661,62.86676286676287,False
2016893290398831071,SHOP,False,,14,partial,True,0.002494087031187142,0.0015887405891496119,1.0,0.0016737787051314362,0.000899573001244587,7835.0,0.0026076580221628433,-0.09453164541862806,57.94511805998723,False
2016777076045730041,SHOP,False,,15,complete,True,0.031396571469225254,0.0034699367834922007,0.0,0.002238807514054615,0.0010375195416403636,8237.0,0.003502944325139598,1.1866082710028927,89.7535510501396,False
2016777002758656232,SHOP,False,,15,complete,True,0.031396571469225254,0.0034699367834922007,0.0,0.002238807514054615,0.0010375195416403636,8237.0,0.003502944325139598,1.1866082710028927,89.7535510501396,False
2016752446446411843,SHOP,False,,15,complete,True,0.031396571469225254,0.0034699367834922007,0.0,0.002238807514054615,0.0010375195416403636,8237.0,0.003502944325139598,1.1866082710028927,89.7535510501396,False
2016581330382000331,SHOP,False,,15,complete,True,-0.0012324389245238487,0.0008554683061794366,8.0,0.0010078885440359844,0.0006827933069887261,3827.0,0.001650847304513443,-0.2232304217051508,51.136660569636796,False
2016200173286764613,SHOP,False,,7,insufficient,False,0.0017911642829784302,0.0004588314675745611,5.0,0.001092838470556505,0.0005862999426027759,4158.0,0.001739189507517462,-1.081369716953034,3.8239538239538238,False
2016130736990941190,SHOP,False,,15,complete,True,-0.006013978292573663,0.0035067178416802896,0.0,0.002238807514054615,0.0010375195416403636,8237.0,0.003502944325139598,1.2220592256229248,90.05705960908098,True
2016126697100214712,SHOP,False,,15,complete,True,-0.006013978292573663,0.0035067178416802896,0.0,0.002238807514054615,0.0010375195416403636,8237.0,0.003502944325139598,1.2220592256229248,90.05705960908098,True
2015182208932130939,SHOP,False,,15,complete,True,-0.011464396529990983,0.002164155693172476,0.0,0.002238807514054615,0.0010375195416403636,8237.0,0.003502944325139598,-0.07195220705347986,57.86087167658128,False
2015118038408774050,SHOP,False,,15,complete,True,-0.011464396529990983,0.002164155693172476,0.0,0.002238807514054615,0.0010375195416403636,8237.0,0.003502944325139598,-0.07195220705347986,57.86087167658128,False
2014419936060305785,SHOP,False,,15,complete,True,-0.0005035675470623779,0.0004222295159047959,9.0,0.0009874248430401466,0.0006623059977156505,4131.0,0.001657517256623852,-0.8533749189721325,6.414911643669814,False
2014115897036714205,SHOP,False,,15,complete,True,0.006476042112763203,0.00355413014485722,0.0,0.002238807514054615,0.0010375195416403636,8237.0,0.003502944325139598,1.2677569703632015,90.55481364574482,True
2013449759365755101,SHOP,False,,13,partial,True,-0.022991558483852925,0.0038585043439745923,0.0,0.002238807514054615,0.0010375195416403636,8237.0,0.003502944325139598,1.5611241667401907,93.15284691028288,True
2013217570912919575,SHOP,False,,13,partial,True,-0.022991558483852925,0.0038585043439745923,0.0,0.002238807514054615,0.0010375195416403636,8237.0,0.003502944325139598,1.5611241667401907,93.15284691028288,True
2013013617113751908,SHOP,False,,13,partial,True,-0.022991558483852925,0.0038585043439745923,0.0,0.002238807514054615,0.0010375195416403636,8237.0,0.003502944325139598,1.5611241667401907,93.15284691028288,True
2012909122589491534,SHOP,False,,13,partial,True,-0.022991558483852925,0.0038585043439745923,0.0,0.002238807514054615,0.0010375195416403636,8237.0,0.003502944325139598,1.5611241667401907,93.15284691028288,True
2012356776931348520,SHOP,False,,13,partial,True,-0.022991558483852925,0.0038585043439745923,0.0,0.002238807514054615,0.0010375195416403636,8237.0,0.003502944325139598,1.5611241667401907,93.15284691028288,True
2012278162500239584,SHOP,False,,13,partial,True,-0.022991558483852925,0.0038585043439745923,0.0,0.002238807514054615,0.0010375195416403636,8237.0,0.003502944325139598,1.5611241667401907,93.15284691028288,True
2012163185722200142,SHOP,False,,10,partial,True,-0.008061425203818029,0.0031687212394002724,,,,,,,,False
2012163184107348179,SHOP,False,,10,partial,True,-0.008061425203818029,0.0031687212394002724,,,,,,,,False
2011611021329514838,SHOP,False,,14,partial,True,-0.001093611843722142,0.0020151529947444254,0.0,0.002238807514054615,0.0010375195416403636,8237.0,0.003502944325139598,-0.21556656075757585,49.726842296952775,False
2011164667083964719,SHOP,True,"cpi(ALL, 2026-01-13 13:30:00+00:00->2026-01-13 21:00:00+00:00)",12,partial,False,0.004344654126150704,0.0004452589898285894,11.0,0.0008774277478409678,0.00046308119466251664,7453.0,0.0014346548949007436,-0.9332461844565584,10.411914665235477,False
2011056240076493155,SHOP,True,"cpi(ALL, 2026-01-13 13:30:00+00:00->2026-01-13 21:00:00+00:00)",14,partial,False,0.01016879055503106,0.003453894699907285,0.0,0.002238807514054615,0.0010375195416403636,8237.0,0.003502944325139598,1.1711463129952848,89.60786694184776,False
2010879581650145708,SHOP,True,"cpi(ALL, 2026-01-13 13:30:00+00:00->2026-01-13 21:00:00+00:00)",14,partial,False,0.01016879055503106,0.003453894699907285,0.0,0.002238807514054615,0.0010375195416403636,8237.0,0.003502944325139598,1.1711463129952848,89.60786694184776,False
2010879270428819751,SHOP,True,"cpi(ALL, 2026-01-13 13:30:00+00:00->2026-01-13 21:00:00+00:00)",14,partial,False,0.01016879055503106,0.003453894699907285,0.0,0.002238807514054615,0.0010375195416403636,8237.0,0.003502944325139598,1.1711463129952848,89.60786694184776,False
2010816894106767492,SHOP,False,,8,partial,True,-0.0009306150638977995,0.0005935835610018289,12.0,0.0009352907168921018,0.00047714958146681036,6952.0,0.00143809909167874,-0.7161426294031892,21.47583429228999,False
2010813254663102569,SHOP,False,,13,partial,True,0.000755647080228572,0.0008830887885953542,12.0,0.0009352907168921018,0.00047714958146681036,6952.0,0.00143809909167874,-0.10940369713051624,55.68181818181818,False
2010722385692086572,SHOP,False,,11,partial,True,-0.014086880737501528,0.002266365535314257,0.0,0.002238807514054615,0.0010375195416403636,8237.0,0.003502944325139598,0.026561447908799506,61.92788636639553,False
2010533947097407510,SHOP,False,,12,partial,True,-0.00924838326912758,0.003225049105987242,0.0,0.002238807514054615,0.0010375195416403636,8237.0,0.003502944325139598,0.9505764010703218,86.81558819958722,False
2010454606866977064,SHOP,False,,12,partial,True,-0.00924838326912758,0.003225049105987242,0.0,0.002238807514054615,0.0010375195416403636,8237.0,0.003502944325139598,0.9505764010703218,86.81558819958722,False
2010443433408913729,SHOP,False,,12,partial,True,-0.00924838326912758,0.003225049105987242,0.0,0.002238807514054615,0.0010375195416403636,8237.0,0.003502944325139598,0.9505764010703218,86.81558819958722,False
2010438500609663110,SHOP,False,,12,partial,True,-0.00924838326912758,0.003225049105987242,0.0,0.002238807514054615,0.0010375195416403636,8237.0,0.003502944325139598,0.9505764010703218,86.81558819958722,False
2010372720035504396,SHOP,False,,12,partial,True,-0.00924838326912758,0.003225049105987242,0.0,0.002238807514054615,0.0010375195416403636,8237.0,0.003502944325139598,0.9505764010703218,86.81558819958722,False
2010372707666502108,SHOP,False,,12,partial,True,-0.00924838326912758,0.003225049105987242,0.0,0.002238807514054615,0.0010375195416403636,8237.0,0.003502944325139598,0.9505764010703218,86.81558819958722,False
2010372642843599064,SHOP,False,,12,partial,True,-0.00924838326912758,0.003225049105987242,0.0,0.002238807514054615,0.0010375195416403636,8237.0,0.003502944325139598,0.9505764010703218,86.81558819958722,False
2010352444967116956,SHOP,False,,12,partial,True,-0.00924838326912758,0.003225049105987242,0.0,0.002238807514054615,0.0010375195416403636,8237.0,0.003502944325139598,0.9505764010703218,86.81558819958722,False
2010197268734095498,SHOP,False,,12,partial,True,-0.00924838326912758,0.003225049105987242,0.0,0.002238807514054615,0.0010375195416403636,8237.0,0.003502944325139598,0.9505764010703218,86.81558819958722,False
2009788652218695727,SHOP,False,,12,partial,True,-0.00924838326912758,0.003225049105987242,0.0,0.002238807514054615,0.0010375195416403636,8237.0,0.003502944325139598,0.9505764010703218,86.81558819958722,False
2009311882553765914,SHOP,False,,10,partial,True,0.0015788502604023869,0.0014256743178179157,5.0,0.001092838470556505,0.0005862999426027759,4158.0,0.001739189507517462,0.5676886915319217,80.61568061568062,False
2009283382358798785,SHOP,False,,15,complete,True,0.0024260374960534126,0.0007953161824051026,1.0,0.0016737787051314362,0.000899573001244587,7835.0,0.0026076580221628433,-0.9765327788972696,4.365028717294193,False
2009089394318487675,SHOP,False,,13,partial,True,-0.008527884294649679,0.0027657935293655925,0.0,0.002238807514054615,0.0010375195416403636,8237.0,0.003502944325139598,0.5079287610118548,77.41896321476266,False
2008701814028333342,SHOP,False,,14,partial,True,-0.012883395373987638,0.003044250275778565,0.0,0.002238807514054615,0.0010375195416403636,8237.0,0.003502944325139598,0.7763157505934875,83.731941240743,False
2008545543061131483,SHOP,False,,15,complete,True,-0.02808665843348135,0.003716365166035362,0.0,0.002238807514054615,0.0010375195416403636,8237.0,0.003502944325139598,1.424125129869519,92.24232123345878,True
2006439720038052227,SHOP,False,,8,partial,True,0.000859986393598855,0.0004765084234054419,8.0,0.0010078885440359844,0.0006827933069887261,3827.0,0.001650847304513443,-0.7782444777820829,10.425921087013327,False
2006435495757361476,SHOP,False,,7,insufficient,False,-0.0004813091609177089,0.0003845895523629439,8.0,0.0010078885440359844,0.0006827933069887261,3827.0,0.001650847304513443,-0.9128662880746898,3.5536974131173245,False
2005106175361372554,SHOP,False,,14,partial,True,-0.005129073797832229,0.001855625044399013,0.0,0.002238807514054615,0.0010375195416403636,8237.0,0.003502944325139598,-0.3693255445095269,41.70207599854316,False
2005106172316319758,SHOP,False,,14,partial,True,-0.005129073797832229,0.001855625044399013,0.0,0.002238807514054615,0.0010375195416403636,8237.0,0.003502944325139598,-0.3693255445095269,41.70207599854316,False
2004689887451308440,SHOP,False,,14,partial,True,-0.005129073797832229,0.001855625044399013,0.0,0.002238807514054615,0.0010375195416403636,8237.0,0.003502944325139598,-0.3693255445095269,41.70207599854316,False
2004590911209312586,SHOP,False,,7,insufficient,False,0.0004985986932593001,0.00020737069745497446,4.0,0.0011511060186673151,0.0005583326088205756,4608.0,0.0018779045366866416,-1.6902744104556093,0.0,False
2004201578459512842,SHOP,False,,9,partial,True,-0.004484733743070124,0.0013998830129510966,0.0,0.002238807514054615,0.0010375195416403636,8237.0,0.003502944325139598,-0.80858669878848,16.9114969042127,False
2003950726897348942,SHOP,False,,9,partial,True,-0.004484733743070124,0.0013998830129510966,0.0,0.002238807514054615,0.0010375195416403636,8237.0,0.003502944325139598,-0.80858669878848,16.9114969042127,False
2003852823013011795,SHOP,False,,12,partial,True,-0.001447437843739019,0.0005911903561644454,2.0,0.0014492332007035923,0.0007027666091938695,6461.0,0.002235726846365603,-1.2209499331839229,1.640612908218542,False
2003852375896084650,SHOP,False,,11,partial,True,-0.002411156387660318,0.0005691002687327146,2.0,0.0014492332007035923,0.0007027666091938695,6461.0,0.002235726846365603,-1.2523829681954608,1.2536759015632255,False
2003586628145807568,SHOP,False,,14,partial,True,-0.0005236532427839169,0.0017331882494114458,0.0,0.002238807514054615,0.0010375195416403636,8237.0,0.003502944325139598,-0.48733469043268635,34.7820808546801,False
2003230394288848992,SHOP,False,,10,partial,True,-0.0077262339105971245,0.0022312355928025334,0.0,0.002238807514054615,0.0010375195416403636,8237.0,0.003502944325139598,-0.007298099889386257,60.701711788272426,False
2002463266698854809,SHOP,False,,15,complete,True,0.007870636943393405,0.003160669251551209,0.0,0.002238807514054615,0.0010375195416403636,8237.0,0.003502944325139598,0.888524698088183,85.74723807211363,False
2002386197037924766,SHOP,False,,15,complete,True,0.007870636943393405,0.003160669251551209,0.0,0.002238807514054615,0.0010375195416403636,8237.0,0.003502944325139598,0.888524698088183,85.74723807211363,False
2001471963722826117,SHOP,True,"cpi(ALL, 2025-12-18 13:30:00+00:00->2025-12-18 21:00:00+00:00)",15,complete,False,0.03476714092859856,0.0038841563478243944,0.0,0.002238807514054615,0.0010375195416403636,8237.0,0.003502944325139598,1.585848524036869,93.28639067621707,True
2001419398167359612,SHOP,True,"cpi(ALL, 2025-12-18 13:30:00+00:00->2025-12-18 21:00:00+00:00)",15,complete,False,0.03476714092859856,0.0038841563478243944,0.0,0.002238807514054615,0.0010375195416403636,8237.0,0.003502944325139598,1.585848524036869,93.28639067621707,True
2001271539170230505,SHOP,False,,15,complete,True,0.020362369434515526,0.0031203649604617046,0.0,0.002238807514054615,0.0010375195416403636,8237.0,0.003502944325139598,0.8496779202956589,85.0916595848003,False
