post_id,ticker,excluded_flag,excluded_reason,bars_found,window_quality,confirmatory_eligible,market_adjusted_return,raw_volatility,time_bucket,baseline_mean,baseline_std,baseline_n,baseline_p_threshold,vol_zscore,vol_percentile_rank,abnormal_volatility_flag,author_id,created_at_utc,n_prior_posts_180d,insufficient_history,deviation_score,embedding_model,tier,in_shared_window,final_confirmatory_eligible
1744772206369079649,MSFT,False,,47,partial,True,0.0006975262379336,0.0003272606741964,2.0,0.0005469180339176,0.0002536873704358,10190.0,0.0007458176265516,-0.8658584751137324,7.566241413150148,False,20571756,2024-01-09 17:24:44+00:00,0,True,,sentence-transformers/all-mpnet-base-v2,null_baseline,False,False
1744856756482879957,MSFT,False,,59,partial,True,0.0124839810793109,0.0008343293047214,0.0,0.0008174575401678,0.0003989604251514,14622.0,0.0012105221411381,0.0422893186641038,63.39762002462044,False,20571756,2024-01-09 23:00:43+00:00,1,True,,sentence-transformers/all-mpnet-base-v2,null_baseline,False,False
1745496546949644397,MSFT,True,"cpi(ALL, 2024-01-11 13:30:00+00:00->2024-01-11 21:00:00+00:00)",49,partial,False,0.0017536078070494,0.0004356288416957,2.0,0.0005469180339176,0.0002536873704358,10190.0,0.0007458176265516,-0.4386863722490065,33.65063788027478,False,20571756,2024-01-11 17:23:01+00:00,2,True,,sentence-transformers/all-mpnet-base-v2,null_baseline,False,False
1746944456493072495,MSFT,False,,58,partial,True,0.0111783511531886,0.0010443140765291,,,,,,,,False,20571756,2024-01-15 17:16:29+00:00,3,True,,sentence-transformers/all-mpnet-base-v2,null_baseline,False,False
1747000699664429075,MSFT,False,,58,partial,True,0.0111783511531886,0.0010443140765291,,,,,,,,False,20571756,2024-01-15 20:59:59+00:00,4,True,,sentence-transformers/all-mpnet-base-v2,null_baseline,False,False
1747153222035485180,MSFT,False,,58,partial,True,0.0111783511531886,0.0010443140765291,,,,,,,,False,20571756,2024-01-16 07:06:03+00:00,5,True,,sentence-transformers/all-mpnet-base-v2,null_baseline,False,False
1753147910865535215,MSFT,False,,51,partial,True,-0.002960216434194,0.0003431514551512,5.0,0.000494370972611,0.0002392654254598,7142.0,0.0007939814404011,-0.6320157505797046,25.20302436292355,False,20571756,2024-02-01 20:06:48+00:00,6,True,,sentence-transformers/all-mpnet-base-v2,null_baseline,False,False
1755104278925255077,MSFT,False,,58,partial,True,0.008258897229197,0.0005339456689392,0.0,0.0008174575401678,0.0003989604251514,14622.0,0.0012105221411381,-0.7106265517965734,16.65298864724388,False,20571756,2024-02-07 05:40:43+00:00,7,True,,sentence-transformers/all-mpnet-base-v2,null_baseline,False,False
1755258763962118367,MSFT,False,,50,partial,True,6.842750240498852e-05,0.0003804255666064,1.0,0.0006167743380345,0.0002611472895039,13108.0,0.0008656246689829,-0.9050401092694232,8.460482148306378,False,20571756,2024-02-07 15:54:35+00:00,8,True,,sentence-transformers/all-mpnet-base-v2,null_baseline,False,False
1755464663385711093,MSFT,False,,51,partial,True,-0.0003202655401826,0.0006620257193156,0.0,0.0008174575401678,0.0003989604251514,14622.0,0.0012105221411381,-0.3895920774428656,35.54917247982492,False,20571756,2024-02-08 05:32:45+00:00,9,True,,sentence-transformers/all-mpnet-base-v2,null_baseline,False,False
1757476882646450454,MSFT,True,"cpi(ALL, 2024-02-13 13:30:00+00:00->2024-02-13 21:00:00+00:00)",59,partial,False,0.0002395722167907,0.0003225194899024,4.0,0.0004702143088476,0.0002382934904684,10669.0,0.0006810947374758,-0.6198021551276869,18.680288686849753,False,20571756,2024-02-13 18:48:35+00:00,10,True,,sentence-transformers/all-mpnet-base-v2,null_baseline,False,False
1759806782632079789,MSFT,False,,59,partial,True,-0.0051873025514946,0.0010813559309815,0.0,0.0008174575401678,0.0003989604251514,14622.0,0.0012105221411381,0.6614650831933104,84.20188756668034,False,20571756,2024-02-20 05:06:47+00:00,11,True,,sentence-transformers/all-mpnet-base-v2,null_baseline,False,False
1762165185513722057,MSFT,False,,43,partial,True,0.0005280447216861,0.0003024158420587,2.0,0.0005469180339176,0.0002536873704358,10190.0,0.0007458176265516,-0.963793315523769,4.259077526987243,False,20571756,2024-02-26 17:18:14+00:00,12,True,,sentence-transformers/all-mpnet-base-v2,null_baseline,False,False
1762525817836638357,MSFT,False,,46,partial,True,-0.0022315616472253,0.0003271394548204,2.0,0.0005469180339176,0.0002536873704358,10190.0,0.0007458176265516,-0.8663363048762547,7.556427870461237,False,20571756,2024-02-27 17:11:15+00:00,13,True,,sentence-transformers/all-mpnet-base-v2,null_baseline,False,False
1763250537309565236,MSFT,False,,46,partial,True,0.0013433933986481,0.0003410478355603,2.0,0.0005469180339176,0.0002536873704358,10190.0,0.0007458176265516,-0.8115114205474041,10.225711481844948,False,20571756,2024-02-29 17:11:02+00:00,14,True,,sentence-transformers/all-mpnet-base-v2,null_baseline,False,False
1763294026810495267,MSFT,False,,53,partial,True,0.0073169037941698,0.0007998037381574,5.0,0.000494370972611,0.0002392654254598,7142.0,0.0007939814404011,1.276543675122535,90.24082889946794,True,20571756,2024-02-29 20:03:51+00:00,15,True,,sentence-transformers/all-mpnet-base-v2,null_baseline,False,False
1765796164660867353,MSFT,False,,56,partial,True,-5.930034723267141e-05,0.0003455179864089,3.0,0.0005162286279595,0.0003998599403704,9792.0,0.0006680850669626,-0.426926091652165,19.42401960784314,False,20571756,2024-03-07 17:46:27+00:00,16,True,,sentence-transformers/all-mpnet-base-v2,null_baseline,False,False
1767246756419608682,MSFT,False,,50,partial,True,0.0019165831947403,0.0003164792654523,4.0,0.0004702143088476,0.0002382934904684,10669.0,0.0006810947374758,-0.6451499916890269,16.955665948073857,False,20571756,2024-03-11 17:50:35+00:00,17,True,,sentence-transformers/all-mpnet-base-v2,null_baseline,False,False
1767946880913412533,MSFT,False,,43,partial,True,0.0013517913996436,0.0004133189539715,2.0,0.0005469180339176,0.0002536873704358,10190.0,0.0007458176265516,-0.5266288176530021,27.674190382728163,False,20571756,2024-03-13 16:12:37+00:00,18,True,,sentence-transformers/all-mpnet-base-v2,null_baseline,False,False
1769850474528952779,MSFT,False,,57,partial,True,0.0067127428399801,0.000981797335189,0.0,0.0008174575401678,0.0003989604251514,14622.0,0.0012105221411381,0.4119200418406038,78.33401723430448,False,20571756,2024-03-18 22:16:50+00:00,19,True,,sentence-transformers/all-mpnet-base-v2,null_baseline,False,False
1770132249029357569,MSFT,False,,53,partial,True,-0.0021990983919639,0.0003634540637299,3.0,0.0005162286279595,0.0003998599403704,9792.0,0.0006680850669626,-0.3820701920979785,24.87745098039216,False,20571756,2024-03-19 16:56:30+00:00,20,False,0.2188987135887146,sentence-transformers/all-mpnet-base-v2,null_baseline,False,False
1770496554589372568,MSFT,True,"fomc(ALL, 2024-03-20 18:00:00+00:00->2024-03-20 20:00:00+00:00)",36,partial,False,-0.0033190816730063,0.0007504898031324,3.0,0.0005162286279595,0.0003998599403704,9792.0,0.0006680850669626,0.5858580755947947,94.1278594771242,True,20571756,2024-03-20 17:04:07+00:00,21,False,0.5858742594718933,sentence-transformers/all-mpnet-base-v2,null_baseline,False,False
1770882661483184130,MSFT,False,,51,partial,True,0.0001277150590861,0.0003353872329109,5.0,0.000494370972611,0.0002392654254598,7142.0,0.0007939814404011,-0.6644659979374815,23.326799215905908,False,20571756,2024-03-21 18:38:22+00:00,22,False,0.2756295204162597,sentence-transformers/all-mpnet-base-v2,null_baseline,False,False
1773063169138671984,MSFT,False,,53,partial,True,-0.0010485102765085,0.0004413846738804,5.0,0.000494370972611,0.0002392654254598,7142.0,0.0007939814404011,-0.2214540551724274,50.99411929431532,False,20571756,2024-03-27 19:02:56+00:00,23,False,0.440332293510437,sentence-transformers/all-mpnet-base-v2,null_baseline,False,False
1774581166039015641,MSFT,False,,58,partial,True,0.0103599257096371,0.0010367877144748,0.0,0.0008174575401678,0.0003989604251514,14622.0,0.0012105221411381,0.5497542123976132,82.02024346874572,False,20571756,2024-03-31 23:34:54+00:00,24,False,0.4781471490859985,sentence-transformers/all-mpnet-base-v2,null_baseline,False,False
1775212618581676406,MSFT,False,,51,partial,True,-0.0012746845450067,0.0002923996896258,3.0,0.0005162286279595,0.0003998599403704,9792.0,0.0006680850669626,-0.5597683482030242,7.209967320261438,False,20571756,2024-04-02 17:24:04+00:00,25,False,0.3345685005187988,sentence-transformers/all-mpnet-base-v2,null_baseline,False,False
1775539553715265614,MSFT,False,,50,partial,True,-0.0010242706865095,0.0002929317426041,1.0,0.0006167743380345,0.0002611472895039,13108.0,0.0008656246689829,-1.2400764183519724,2.8532194079951174,False,20571756,2024-04-03 15:03:12+00:00,26,False,0.6016011238098145,sentence-transformers/all-mpnet-base-v2,null_baseline,False,False
1775988939079450886,MSFT,True,"jobs_report(ALL, 2024-04-05 12:30:00+00:00->2024-04-05 20:00:00+00:00)",56,partial,False,0.0045882361637532,0.0008594075519039,0.0,0.0008174575401678,0.0003989604251514,14622.0,0.0012105221411381,0.1051483031685601,66.48885241417042,False,20571756,2024-04-04 20:48:54+00:00,27,False,0.5695253014564514,sentence-transformers/all-mpnet-base-v2,null_baseline,False,False
1777751428947378575,MSFT,False,,47,partial,True,-0.0008866833719759,0.0003497486339602,4.0,0.0004702143088476,0.0002382934904684,10669.0,0.0006810947374758,-0.5055348958571533,28.409410441465933,False,20571756,2024-04-09 17:32:24+00:00,28,False,0.3939583897590637,sentence-transformers/all-mpnet-base-v2,null_baseline,False,False
1782779420950011950,MSFT,False,,55,partial,True,-0.0029999771541338,0.0004705049742045,1.0,0.0006167743380345,0.0002611472895039,13108.0,0.0008656246689829,-0.5601029369588036,23.672566371681416,False,20571756,2024-04-23 14:31:51+00:00,29,False,0.2327157258987426,sentence-transformers/all-mpnet-base-v2,null_baseline,False,False
1784976536120267130,MSFT,False,,47,partial,True,0.0010232426105989,0.0002921282378956,2.0,0.0005469180339176,0.0002536873704358,10190.0,0.0007458176265516,-1.0043456068952383,2.95387634936212,False,20571756,2024-04-29 16:02:24+00:00,30,False,0.3290039896965027,sentence-transformers/all-mpnet-base-v2,null_baseline,False,False
1784982781338210563,MSFT,False,,39,partial,True,-0.001193755057407,0.0002762429218461,2.0,0.0005469180339176,0.0002536873704358,10190.0,0.0007458176265516,-1.0669632926798327,1.884200196270854,False,20571756,2024-04-29 16:27:13+00:00,31,False,0.4411243200302124,sentence-transformers/all-mpnet-base-v2,null_baseline,False,False
1785164742170194234,MSFT,False,,56,partial,True,-0.0057937557279458,0.0007398188336961,0.0,0.0008174575401678,0.0003989604251514,14622.0,0.0012105221411381,-0.1946025259077826,47.08658186294625,False,20571756,2024-04-30 04:30:15+00:00,32,False,0.3646062016487121,sentence-transformers/all-mpnet-base-v2,null_baseline,False,False
1785174185842769981,MSFT,False,,56,partial,True,-0.0057937557279458,0.0007398188336961,0.0,0.0008174575401678,0.0003989604251514,14622.0,0.0012105221411381,-0.1946025259077826,47.08658186294625,False,20571756,2024-04-30 05:07:47+00:00,33,False,0.4135940074920654,sentence-transformers/all-mpnet-base-v2,null_baseline,False,False
1785196931876368513,MSFT,False,,56,partial,True,-0.0057937557279458,0.0007398188336961,0.0,0.0008174575401678,0.0003989604251514,14622.0,0.0012105221411381,-0.1946025259077826,47.08658186294625,False,20571756,2024-04-30 06:38:10+00:00,34,False,0.3966534733772278,sentence-transformers/all-mpnet-base-v2,null_baseline,False,False
1785524632298365097,MSFT,False,,56,partial,True,0.0118616437811552,0.0010655735017495,0.0,0.0008174575401678,0.0003989604251514,14622.0,0.0012105221411381,0.6219061990608046,83.66160579948023,False,20571756,2024-05-01 04:20:20+00:00,35,False,0.4366321563720703,sentence-transformers/all-mpnet-base-v2,null_baseline,False,False
1785714562601529831,MSFT,False,,56,partial,True,1.4106898679422386e-05,0.0003240959999852,3.0,0.0005162286279595,0.0003998599403704,9792.0,0.0006680850669626,-0.4804998165014428,13.572303921568626,False,20571756,2024-05-01 16:55:03+00:00,36,False,0.2311878204345703,sentence-transformers/all-mpnet-base-v2,null_baseline,False,False
1785892561300885522,MSFT,False,,57,partial,True,-0.0001780874994024,0.0009726388289822,0.0,0.0008174575401678,0.0003989604251514,14622.0,0.0012105221411381,0.3889641153139461,77.6364382437423,False,20571756,2024-05-02 04:42:21+00:00,37,False,0.306992769241333,sentence-transformers/all-mpnet-base-v2,null_baseline,False,False
1788209533850108264,MSFT,False,,50,partial,True,0.0055104035602282,0.0004624938426028,0.0,0.0008174575401678,0.0003989604251514,14622.0,0.0012105221411381,-0.889721574339838,7.919573245794009,False,20571756,2024-05-08 14:09:10+00:00,38,False,0.305277943611145,sentence-transformers/all-mpnet-base-v2,null_baseline,False,False
1788338535499808903,MSFT,False,,59,partial,True,-0.0007366598342516,0.0004813845694164,0.0,0.0008174575401678,0.0003989604251514,14622.0,0.0012105221411381,-0.8423716979544177,9.554096566817124,False,20571756,2024-05-08 22:41:47+00:00,39,False,0.2997114658355713,sentence-transformers/all-mpnet-base-v2,null_baseline,False,False
1790063618916000046,MSFT,False,,47,partial,True,-0.0013017140140249,0.0003523188227883,3.0,0.0005162286279595,0.0003998599403704,9792.0,0.0006680850669626,-0.409918045351986,21.354166666666664,False,20571756,2024-05-13 16:56:39+00:00,40,False,0.2634209394454956,sentence-transformers/all-mpnet-base-v2,null_baseline,False,False
1792617851385426024,MSFT,False,,42,partial,True,-0.0002654333706135,0.0003636243408116,4.0,0.0004702143088476,0.0002382934904684,10669.0,0.0006810947374758,-0.4473054124409038,32.82406973474553,False,20571756,2024-05-20 18:06:15+00:00,41,False,0.3448915481567383,sentence-transformers/all-mpnet-base-v2,null_baseline,False,False
1792932914268713025,MSFT,False,,53,partial,True,0.0081816834463788,0.0006638147304866,1.0,0.0006167743380345,0.0002611472895039,13108.0,0.0008656246689829,0.180129736523361,68.95788831248093,False,20571756,2024-05-21 14:58:12+00:00,42,False,0.3466554880142212,sentence-transformers/all-mpnet-base-v2,null_baseline,False,False
1792970481336983820,MSFT,False,,51,partial,True,-0.0024253317409639,0.0002502836780202,3.0,0.0005162286279595,0.0003998599403704,9792.0,0.0006680850669626,-0.6650952573368513,2.6348039215686274,False,20571756,2024-05-21 17:27:29+00:00,43,False,0.4316155910491943,sentence-transformers/all-mpnet-base-v2,null_baseline,False,False
1792995324480348390,MSFT,False,,47,partial,True,-0.0013907769657588,0.0004402514952514,5.0,0.000494370972611,0.0002392654254598,7142.0,0.0007939814404011,-0.2261901286222107,50.68608232987959,False,20571756,2024-05-21 19:06:12+00:00,44,False,0.2785276174545288,sentence-transformers/all-mpnet-base-v2,null_baseline,False,False
1793054879608651886,MSFT,False,,56,partial,True,0.0071806887858757,0.0006474314750655,0.0,0.0008174575401678,0.0003989604251514,14622.0,0.0012105221411381,-0.4261727589592785,33.56585966352072,False,20571756,2024-05-21 23:02:51+00:00,45,False,0.6497746706008911,sentence-transformers/all-mpnet-base-v2,null_baseline,False,False
1793066495435813188,MSFT,False,,56,partial,True,0.0071806887858757,0.0006474314750655,0.0,0.0008174575401678,0.0003989604251514,14622.0,0.0012105221411381,-0.4261727589592785,33.56585966352072,False,20571756,2024-05-21 23:49:00+00:00,46,False,0.1962058544158935,sentence-transformers/all-mpnet-base-v2,null_baseline,False,False
1796600812388639221,MSFT,False,,46,partial,True,-0.0013821196354121,0.000382318086961,4.0,0.0004702143088476,0.0002382934904684,10669.0,0.0006810947374758,-0.368856999466618,39.46011809916581,False,20571756,2024-05-31 17:53:07+00:00,47,False,0.3615388870239258,sentence-transformers/all-mpnet-base-v2,null_baseline,False,False
1797726803483865237,MSFT,False,,53,partial,True,-0.0015419652571914,0.0008848382356114,0.0,0.0008174575401678,0.0003989604251514,14622.0,0.0012105221411381,0.1688906748531569,69.03296402680891,False,20571756,2024-06-03 20:27:24+00:00,48,False,0.3117415308952331,sentence-transformers/all-mpnet-base-v2,null_baseline,False,False
1799927810422943838,MSFT,False,,59,partial,True,0.0080598033178193,0.0007044697837794,0.0,0.0008174575401678,0.0003989604251514,14622.0,0.0012105221411381,-0.2832054240607828,41.731637258924906,False,20571756,2024-06-09 22:13:25+00:00,49,False,0.6075878143310547,sentence-transformers/all-mpnet-base-v2,null_baseline,False,False
1802747537721618694,MSFT,False,,54,partial,True,0.0030625985026295,0.0003558651619532,3.0,0.0005162286279595,0.0003998599403704,9792.0,0.0006680850669626,-0.4010490919838914,22.426470588235293,False,20571756,2024-06-17 16:58:01+00:00,50,False,0.3694821000099182,sentence-transformers/all-mpnet-base-v2,null_baseline,False,False
1803053504224968853,MSFT,False,,55,partial,True,-0.0039257381874345,0.0007938010503783,0.0,0.0008174575401678,0.0003989604251514,14622.0,0.0012105221411381,-0.059295329306209,56.606483381206395,False,20571756,2024-06-18 13:13:49+00:00,51,False,0.2352188229560852,sentence-transformers/all-mpnet-base-v2,null_baseline,False,False
1803112708591718871,MSFT,False,,36,partial,True,-0.0023555248044923,0.0004209756691961,3.0,0.0005162286279595,0.0003998599403704,9792.0,0.0006680850669626,-0.2382158079530625,43.03513071895425,False,20571756,2024-06-18 17:09:04+00:00,52,False,0.3622392416000366,sentence-transformers/all-mpnet-base-v2,null_baseline,False,False
1806053061905023266,MSFT,False,,7,insufficient,False,0.0022643020326287,0.0007422048962713,6.0,,,,,,,False,20571756,2024-06-26 19:52:59+00:00,53,False,0.2369863986968994,sentence-transformers/all-mpnet-base-v2,null_baseline,False,False
1806826769837945235,QCOM,False,,56,partial,True,-0.0074546321628473,0.0016082310641586,0.0,0.0017324859379107,0.0009055282058883,4816.0,0.0031227343684163,-0.1372181152879802,59.73837209302325,False,234930762,2024-06-28 23:07:25+00:00,0,True,,sentence-transformers/all-mpnet-base-v2,confirmatory,False,False
1807114709499523208,MSFT,False,,58,partial,True,0.0068030245578034,0.0009505779696109,0.0,0.0008174575401678,0.0003989604251514,14622.0,0.0012105221411381,0.3336682564255721,75.8856517576255,False,20571756,2024-06-29 18:11:35+00:00,54,False,0.8706757426261902,sentence-transformers/all-mpnet-base-v2,null_baseline,False,False
1807791281374192093,QCOM,False,,50,partial,True,0.0052235882667666,0.000659420450432,1.0,0.0014049941536428,0.0008717321533434,3575.0,0.0024544828179355,-0.8552784250886204,16.41958041958042,False,234930762,2024-07-01 15:00:03+00:00,1,True,,sentence-transformers/all-mpnet-base-v2,confirmatory,False,False
1808152901422141556,QCOM,False,,56,partial,True,-0.0045704188914165,0.0006039742895285,1.0,0.0014049941536428,0.0008717321533434,3575.0,0.0024544828179355,-0.918883009009162,10.48951048951049,False,234930762,2024-07-02 14:57:00+00:00,2,True,,sentence-transformers/all-mpnet-base-v2,confirmatory,False,False
1808514534174560631,QCOM,False,,53,partial,True,0.0060900184454979,0.0006318603874843,1.0,0.0014049941536428,0.0008717321533434,3575.0,0.0024544828179355,-0.8868937129291212,13.566433566433568,False,234930762,2024-07-03 14:54:00+00:00,3,True,,sentence-transformers/all-mpnet-base-v2,confirmatory,False,False
1808876670549401695,QCOM,True,"jobs_report(ALL, 2024-07-05 12:30:00+00:00->2024-07-05 20:00:00+00:00)",1,insufficient,False,,,,,,,,,,False,234930762,2024-07-04 14:53:00+00:00,4,True,,sentence-transformers/all-mpnet-base-v2,confirmatory,False,False
1811817809875243201,QCOM,False,,53,partial,True,0.0064272089859926,0.0005069817006583,4.0,0.0009476882220797,0.0005636901752572,2138.0,0.0014189505937958,-0.781824024554291,11.131898971000934,False,234930762,2024-07-12 17:40:02+00:00,5,True,,sentence-transformers/all-mpnet-base-v2,confirmatory,False,False
1811837999665016915,QCOM,False,,56,partial,True,-0.0111599925127652,0.0007862687203939,5.0,0.0010843439815498,0.0007001409905529,2330.0,0.0016392129234955,-0.4257360519922581,36.60944206008584,False,234930762,2024-07-12 19:00:16+00:00,6,True,,sentence-transformers/all-mpnet-base-v2,confirmatory,False,False
1811868188067484089,QCOM,False,,58,partial,True,0.0165841614747348,0.0014569793658006,0.0,0.0017324859379107,0.0009055282058883,4816.0,0.0031227343684163,-0.3042495753511754,52.886212624584715,False,234930762,2024-07-12 21:00:13+00:00,7,True,,sentence-transformers/all-mpnet-base-v2,confirmatory,False,False
1811883285670154734,QCOM,False,,58,partial,True,0.0165841614747348,0.0014569793658006,0.0,0.0017324859379107,0.0009055282058883,4816.0,0.0031227343684163,-0.3042495753511754,52.886212624584715,False,234930762,2024-07-12 22:00:13+00:00,8,True,,sentence-transformers/all-mpnet-base-v2,confirmatory,False,False
1812296545725006290,MSFT,False,,58,partial,True,-0.0033279276920903,0.0006097125609041,0.0,0.0008174575401678,0.0003989604251514,14622.0,0.0012105221411381,-0.5207157556664381,28.18355902065381,False,20571756,2024-07-14 01:22:21+00:00,50,False,0.8040561676025391,sentence-transformers/all-mpnet-base-v2,null_baseline,False,False
1812517278237536480,QCOM,False,,58,partial,True,0.0165841614747348,0.0014569793658006,0.0,0.0017324859379107,0.0009055282058883,4816.0,0.0031227343684163,-0.3042495753511754,52.886212624584715,False,234930762,2024-07-14 15:59:28+00:00,9,True,,sentence-transformers/all-mpnet-base-v2,confirmatory,False,False
1812912531117166937,QCOM,False,,49,partial,True,0.0028251568751302,0.0006976358718158,4.0,0.0009476882220797,0.0005636901752572,2138.0,0.0014189505937958,-0.4435989152193548,34.284377923292794,False,234930762,2024-07-15 18:10:04+00:00,10,True,,sentence-transformers/all-mpnet-base-v2,confirmatory,False,False
1812942714905755768,QCOM,False,,59,partial,True,-0.0046303258554246,0.0015078913179731,0.0,0.0017324859379107,0.0009055282058883,4816.0,0.0031227343684163,-0.2480260896094728,56.00083056478405,False,234930762,2024-07-15 20:10:00+00:00,11,True,,sentence-transformers/all-mpnet-base-v2,confirmatory,False,False
1812979205832839255,QCOM,False,,59,partial,True,-0.0046303258554246,0.0015078913179731,0.0,0.0017324859379107,0.0009055282058883,4816.0,0.0031227343684163,-0.2480260896094728,56.00083056478405,False,234930762,2024-07-15 22:35:00+00:00,12,True,,sentence-transformers/all-mpnet-base-v2,confirmatory,False,False
1814329337451344250,MSFT,False,,31,partial,True,-0.0004535545041817,0.0005829218896295,2.0,0.0005469180339176,0.0002536873704358,10190.0,0.0007458176265516,0.141922144764491,66.94798822374878,False,20571756,2024-07-19 15:59:57+00:00,50,False,0.6496246457099915,sentence-transformers/all-mpnet-base-v2,null_baseline,False,False
1816154169809723412,MSFT,False,,55,partial,True,-0.000122528391143,0.0004493549435034,3.0,0.0005162286279595,0.0003998599403704,9792.0,0.0006680850669626,-0.1672427710416217,49.49959150326798,False,20571756,2024-07-24 16:51:11+00:00,51,False,0.5064243078231812,sentence-transformers/all-mpnet-base-v2,null_baseline,False,False
1816523129126314396,QCOM,False,,59,partial,True,0.0007343163623625,0.0010758022917264,3.0,0.0011347929536885,0.0005617187407871,1807.0,0.0019061194460276,-0.105018148191711,53.680132816823466,False,234930762,2024-07-25 17:17:18+00:00,13,True,,sentence-transformers/all-mpnet-base-v2,confirmatory,False,False
1816551955046744502,MSFT,False,,47,partial,True,0.0010389879562998,0.0007129647753655,5.0,0.000494370972611,0.0002392654254598,7142.0,0.0007939814404011,0.9136038035347231,86.5723886866424,False,20571756,2024-07-25 19:11:50+00:00,52,False,0.3443973660469055,sentence-transformers/all-mpnet-base-v2,null_baseline,False,False
1816885049075335568,QCOM,False,,58,partial,True,-0.0033616534483309,0.0010664412177216,3.0,0.0011347929536885,0.0005617187407871,1807.0,0.0019061194460276,-0.1216832037170444,52.462645268400664,False,234930762,2024-07-26 17:15:26+00:00,14,True,,sentence-transformers/all-mpnet-base-v2,confirmatory,False,False
1818411073638482059,QCOM,False,,60,complete,True,0.0275701155800713,0.0022049957230881,0.0,0.0017324859379107,0.0009055282058883,4816.0,0.0031227343684163,0.5218057064428218,73.69186046511628,False,234930762,2024-07-30 22:19:19+00:00,15,True,,sentence-transformers/all-mpnet-base-v2,confirmatory,False,False
1818687573868659132,QCOM,False,,59,partial,True,-0.0045879374982036,0.0007350276163136,3.0,0.0011347929536885,0.0005617187407871,1807.0,0.0019061194460276,-0.7116823925345304,28.721638074156058,False,234930762,2024-07-31 16:38:01+00:00,16,True,,sentence-transformers/all-mpnet-base-v2,confirmatory,False,False
1818776067135643649,QCOM,True,"earnings(QCOM, 2024-07-31 20:00:00+00:00->2024-08-01 20:00:00+00:00)",50,partial,False,-0.0530681258953985,0.0043439081481716,,,,,,,,False,234930762,2024-07-31 22:29:40+00:00,17,True,,sentence-transformers/all-mpnet-base-v2,confirmatory,False,False
1819048640545235018,MSFT,False,,52,partial,True,-0.0001378172342176,0.0007090668701083,3.0,0.0005162286279595,0.0003998599403704,9792.0,0.0006680850669626,0.4822644698293942,92.74918300653596,True,20571756,2024-08-01 16:32:46+00:00,52,False,0.4561142921447754,sentence-transformers/all-mpnet-base-v2,null_baseline,False,False
1819070403123597550,QCOM,True,"earnings(QCOM, 2024-07-31 20:00:00+00:00->2024-08-01 20:00:00+00:00)",60,complete,False,-0.015360224286875,0.0012251638325443,4.0,0.0009476882220797,0.0005636901752572,2138.0,0.0014189505937958,0.4922484418642782,80.07483629560338,False,234930762,2024-08-01 17:59:15+00:00,18,True,,sentence-transformers/all-mpnet-base-v2,confirmatory,False,False
1819149489342763078,QCOM,True,"jobs_report(ALL, 2024-08-02 12:30:00+00:00->2024-08-02 20:00:00+00:00)",60,complete,False,0.0169979750663775,0.0034260927920241,0.0,0.0017324859379107,0.0009055282058883,4816.0,0.0031227343684163,1.8702971846712269,94.16528239202658,True,234930762,2024-08-01 23:13:31+00:00,19,True,,sentence-transformers/all-mpnet-base-v2,confirmatory,False,False
1820579508682145835,QCOM,False,,57,partial,True,-0.0003445376782234,0.0027418690658651,0.0,0.0017324859379107,0.0009055282058883,4816.0,0.0031227343684163,1.1146898808791936,82.1843853820598,False,234930762,2024-08-05 21:55:54+00:00,20,False,0.5727149844169617,sentence-transformers/all-mpnet-base-v2,confirmatory,False,False
1823058215476899951,QCOM,False,,60,complete,True,-0.0004599341073994,0.0006520451664186,4.0,0.0009476882220797,0.0005636901752572,2138.0,0.0014189505937958,-0.5244779289016166,26.23947614593078,False,234930762,2024-08-12 18:05:24+00:00,21,False,0.4587997198104858,sentence-transformers/all-mpnet-base-v2,confirmatory,False,False
1823434481363247279,QCOM,False,,59,partial,True,0.0074242558611039,0.0008067593161542,5.0,0.0010843439815498,0.0007001409905529,2330.0,0.0016392129234955,-0.3964696670257671,39.05579399141631,False,234930762,2024-08-13 19:00:32+00:00,22,False,0.3998206257820129,sentence-transformers/all-mpnet-base-v2,confirmatory,False,False
1823465802227450310,QCOM,True,"cpi(ALL, 2024-08-14 12:30:00+00:00->2024-08-14 20:00:00+00:00)",60,complete,False,-0.021768876732733,0.0017551965336278,0.0,0.0017324859379107,0.0009055282058883,4816.0,0.0031227343684163,0.0250799429211161,64.16112956810632,False,234930762,2024-08-13 21:05:00+00:00,23,False,0.1701464056968689,sentence-transformers/all-mpnet-base-v2,confirmatory,False,False
1823796801176297492,QCOM,True,"cpi(ALL, 2024-08-14 12:30:00+00:00->2024-08-14 20:00:00+00:00)",58,partial,False,0.0021868150153787,0.0007217704868376,5.0,0.0010843439815498,0.0007001409905529,2330.0,0.0016392129234955,-0.5178578309290975,30.643776824034337,False,234930762,2024-08-14 19:00:16+00:00,24,False,0.3865781426429748,sentence-transformers/all-mpnet-base-v2,confirmatory,False,False
1824149760523243790,QCOM,False,,59,partial,True,-0.0059745180063878,0.0007013450328062,4.0,0.0009476882220797,0.0005636901752572,2138.0,0.0014189505937958,-0.4370187739409844,34.79887745556595,False,234930762,2024-08-15 18:22:48+00:00,25,False,0.5890177488327026,sentence-transformers/all-mpnet-base-v2,confirmatory,False,False
1824233907681890717,QCOM,False,,59,partial,True,-0.0051755478346543,0.0012537874096924,0.0,0.0017324859379107,0.0009055282058883,4816.0,0.0031227343684163,-0.5286401076249542,38.06063122923588,False,234930762,2024-08-15 23:57:10+00:00,26,False,0.4203187227249145,sentence-transformers/all-mpnet-base-v2,confirmatory,False,False
1826647244575240290,QCOM,False,,58,partial,True,0.0061905508632329,0.0009850194626679,2.0,0.001322062776426,0.0006958446398886,1733.0,0.002085494805309,-0.4843657541314344,33.87189844200808,False,234930762,2024-08-22 15:46:55+00:00,27,False,0.2031068801879882,sentence-transformers/all-mpnet-base-v2,confirmatory,False,False
1828101623337656606,QCOM,False,,60,complete,True,-0.000650566032128,0.0005634211576811,2.0,0.001322062776426,0.0006958446398886,1733.0,0.002085494805309,-1.090245688845397,9.290248124639351,False,234930762,2024-08-26 16:06:06+00:00,28,False,0.3355582356452942,sentence-transformers/all-mpnet-base-v2,confirmatory,False,False
1828460988112478638,QCOM,False,,59,partial,True,0.0043885465186761,0.000531976225864,2.0,0.001322062776426,0.0006958446398886,1733.0,0.002085494805309,-1.1354352757366917,7.270628967109059,False,234930762,2024-08-27 15:54:05+00:00,29,False,0.381039023399353,sentence-transformers/all-mpnet-base-v2,confirmatory,False,False
1828801208938827794,QCOM,False,,60,complete,True,-0.0152107276809154,0.0010936592348119,0.0,0.0017324859379107,0.0009055282058883,4816.0,0.0031227343684163,-0.7054741077579563,28.301495016611295,False,234930762,2024-08-28 14:26:00+00:00,30,False,0.4524715542793274,sentence-transformers/all-mpnet-base-v2,confirmatory,False,False
1830493776919368008,QCOM,False,,60,complete,True,-0.0255450038871238,0.0016156166426127,0.0,0.0017324859379107,0.0009055282058883,4816.0,0.0031227343684163,-0.129062015449129,59.94601328903655,False,234930762,2024-09-02 06:31:40+00:00,31,False,0.3535550832748413,sentence-transformers/all-mpnet-base-v2,confirmatory,False,False
1830610380424712509,QCOM,False,,60,complete,True,-0.0255450038871238,0.0016156166426127,0.0,0.0017324859379107,0.0009055282058883,4816.0,0.0031227343684163,-0.129062015449129,59.94601328903655,False,234930762,2024-09-02 14:15:00+00:00,32,False,0.4080777764320373,sentence-transformers/all-mpnet-base-v2,confirmatory,False,False
1830903867766145359,QCOM,False,,60,complete,True,-0.0255450038871238,0.0016156166426127,0.0,0.0017324859379107,0.0009055282058883,4816.0,0.0031227343684163,-0.129062015449129,59.94601328903655,False,234930762,2024-09-03 09:41:13+00:00,33,False,0.2607749700546264,sentence-transformers/all-mpnet-base-v2,confirmatory,False,False
1831026125289693263,MSFT,False,,56,partial,True,0.0009580010929075,0.0004383122341753,4.0,0.0004702143088476,0.0002382934904684,10669.0,0.0006810947374758,-0.1338772394060083,57.2124847689568,False,20571756,2024-09-03 17:47:01+00:00,43,False,0.3487452864646911,sentence-transformers/all-mpnet-base-v2,null_baseline,False,False
1831262426106343438,QCOM,False,,60,complete,True,0.014191456036992,0.0023280573664855,0.0,0.0017324859379107,0.0009055282058883,4816.0,0.0031227343684163,0.6577061042405963,75.35299003322258,False,234930762,2024-09-04 09:26:00+00:00,34,False,0.4983804821968078,sentence-transformers/all-mpnet-base-v2,confirmatory,False,False
1831581873325146143,QCOM,False,,59,partial,True,-0.0066731328515724,0.0015281731205628,0.0,0.0017324859379107,0.0009055282058883,4816.0,0.0031227343684163,-0.2256283305359977,56.935215946843854,False,234930762,2024-09-05 06:35:22+00:00,35,False,0.2801673412322998,sentence-transformers/all-mpnet-base-v2,confirmatory,False,False
1831633680315355438,QCOM,False,,59,partial,True,-0.0066731328515724,0.0015281731205628,0.0,0.0017324859379107,0.0009055282058883,4816.0,0.0031227343684163,-0.2256283305359977,56.935215946843854,False,234930762,2024-09-05 10:01:14+00:00,36,False,0.2992457747459411,sentence-transformers/all-mpnet-base-v2,confirmatory,False,False
1832212940461904246,MSFT,False,,59,partial,True,-0.0016068585047086,0.0010120133078628,0.0,0.0008174575401678,0.0003989604251514,14622.0,0.0012105221411381,0.4876568086198858,80.13951579811244,False,20571756,2024-09-07 00:23:00+00:00,44,False,0.1827622652053833,sentence-transformers/all-mpnet-base-v2,null_baseline,False,False
1833555602997674312,MSFT,False,,52,partial,True,-0.000499114512136,0.0004417070501896,3.0,0.0005162286279595,0.0003998599403704,9792.0,0.0006680850669626,-0.1863692014281031,47.549019607843135,False,20571756,2024-09-10 17:18:16+00:00,43,False,0.639167308807373,sentence-transformers/all-mpnet-base-v2,null_baseline,False,False
1833918398453219353,QCOM,True,"cpi(ALL, 2024-09-11 12:30:00+00:00->2024-09-11 20:00:00+00:00)",60,complete,False,0.0036227828667723,0.0007418272650926,3.0,0.0011347929536885,0.0005617187407871,1807.0,0.0019061194460276,-0.6995773152328235,29.219701162147203,False,234930762,2024-09-11 17:19:53+00:00,37,False,0.2885829210281372,sentence-transformers/all-mpnet-base-v2,confirmatory,False,False
1834003482476744904,QCOM,False,,57,partial,True,-0.0107904060194954,0.0016537732276319,0.0,0.0017324859379107,0.0009055282058883,4816.0,0.0031227343684163,-0.0869246366561755,60.75581395348837,False,234930762,2024-09-11 22:57:59+00:00,38,False,0.3215346932411194,sentence-transformers/all-mpnet-base-v2,confirmatory,False,False
1835699037569441844,MSFT,False,,58,partial,True,-0.0030058663487917,0.0004635755199374,1.0,0.0006167743380345,0.0002611472895039,13108.0,0.0008656246689829,-0.5866375959254756,22.017088800732378,False,20571756,2024-09-16 15:15:30+00:00,42,False,0.3527863025665283,sentence-transformers/all-mpnet-base-v2,null_baseline,False,False
1835703768677339207,MSFT,False,,60,complete,True,-0.0029221079759963,0.0004542376246357,2.0,0.0005469180339176,0.0002536873704358,10190.0,0.0007458176265516,-0.3653331623198722,38.06673209028459,False,20571756,2024-09-16 15:34:18+00:00,43,False,0.3845119476318359,sentence-transformers/all-mpnet-base-v2,null_baseline,False,False
1835711224174305419,MSFT,False,,60,complete,True,-0.0007811771917832,0.0003728653768088,2.0,0.0005469180339176,0.0002536873704358,10190.0,0.0007458176265516,-0.686091139695952,17.693817468105983,False,20571756,2024-09-16 16:03:56+00:00,44,False,0.4705204963684082,sentence-transformers/all-mpnet-base-v2,null_baseline,False,False
1835803853062836666,QCOM,False,,57,partial,True,0.0055471412723522,0.0013164107437456,0.0,0.0017324859379107,0.0009055282058883,4816.0,0.0031227343684163,-0.459483416926726,42.29651162790697,False,234930762,2024-09-16 22:12:00+00:00,39,False,0.3378301858901977,sentence-transformers/all-mpnet-base-v2,confirmatory,False,False
1835819956727857551,QCOM,False,,57,partial,True,0.0055471412723522,0.0013164107437456,0.0,0.0017324859379107,0.0009055282058883,4816.0,0.0031227343684163,-0.459483416926726,42.29651162790697,False,234930762,2024-09-16 23:16:00+00:00,40,False,0.3491864204406738,sentence-transformers/all-mpnet-base-v2,confirmatory,False,False
1836084806117134699,QCOM,False,,49,partial,True,0.0039589266580607,0.0010729012827864,3.0,0.0011347929536885,0.0005617187407871,1807.0,0.0019061194460276,-0.1101826704505726,53.23741007194245,False,234930762,2024-09-17 16:48:25+00:00,41,False,0.3363082408905029,sentence-transformers/all-mpnet-base-v2,confirmatory,False,False
1838245008249671890,MSFT,False,,49,partial,True,-0.0034292538467362,0.0003914359576775,2.0,0.0005469180339176,0.0002536873704358,10190.0,0.0007458176265516,-0.6128885169687409,22.178606476938175,False,20571756,2024-09-23 15:52:17+00:00,43,False,0.482405424118042,sentence-transformers/all-mpnet-base-v2,null_baseline,False,False
1838600423407784446,MSFT,False,,54,partial,True,0.0016490436411835,0.0003836068954798,1.0,0.0006167743380345,0.0002611472895039,13108.0,0.0008656246689829,-0.8928579844637835,8.89533109551419,False,20571756,2024-09-24 15:24:35+00:00,43,False,0.2021358013153076,sentence-transformers/all-mpnet-base-v2,null_baseline,False,False
1838630817339445706,MSFT,False,,53,partial,True,-0.0010910320039408,0.0002101988699713,3.0,0.0005162286279595,0.0003998599403704,9792.0,0.0006680850669626,-0.7653423788957414,1.511437908496732,False,20571756,2024-09-24 17:25:21+00:00,44,False,0.2945026159286499,sentence-transformers/all-mpnet-base-v2,null_baseline,False,False
1838660210250125760,MSFT,False,,37,partial,True,-0.0005085623933303,0.0003726458658837,5.0,0.000494370972611,0.0002392654254598,7142.0,0.0007939814404011,-0.5087450746106787,34.57014841781014,False,20571756,2024-09-24 19:22:09+00:00,45,False,0.3509938716888428,sentence-transformers/all-mpnet-base-v2,null_baseline,False,False
1838975273653702753,MSFT,False,,51,partial,True,0.0015136902103659,0.0004898636215585,2.0,0.0005469180339176,0.0002536873704358,10190.0,0.0007458176265516,-0.2249004838556435,46.9774288518155,False,20571756,2024-09-25 16:14:06+00:00,46,False,0.3788871765136719,sentence-transformers/all-mpnet-base-v2,null_baseline,False,False
1841142540806078913,MSFT,False,,41,partial,True,4.885429787648832e-05,0.0006707637269279,2.0,0.0005469180339176,0.0002536873704358,10190.0,0.0007458176265516,0.4881823355947237,81.68792934249264,False,20571756,2024-10-01 15:46:03+00:00,44,False,0.3287545442581177,sentence-transformers/all-mpnet-base-v2,null_baseline,False,False
1841173011732562217,MSFT,False,,45,partial,True,0.0001161813281507,0.0004297777348672,4.0,0.0004702143088476,0.0002382934904684,10669.0,0.0006810947374758,-0.1696923147205276,53.85696878807761,False,20571756,2024-10-01 17:47:07+00:00,45,False,0.2806599140167236,sentence-transformers/all-mpnet-base-v2,null_baseline,False,False
1841589429502411220,MSFT,False,,58,partial,True,0.0003727260677144,0.0009442759670865,0.0,0.0008174575401678,0.0003989604251514,14622.0,0.0012105221411381,0.3178721971495909,75.15387771850635,False,20571756,2024-10-02 21:21:49+00:00,45,False,0.3337950110435486,sentence-transformers/all-mpnet-base-v2,null_baseline,False,False
1841611740699902131,QCOM,False,,44,partial,True,-0.0040971042072079,0.0019103023087284,0.0,0.0017324859379107,0.0009055282058883,4816.0,0.0031227343684163,0.1963675671961036,67.48338870431894,False,234930762,2024-10-02 22:50:29+00:00,42,False,0.3322154283523559,sentence-transformers/all-mpnet-base-v2,confirmatory,False,False
1843321386946724169,QCOM,False,,34,partial,True,0.0004643807137342,0.0006512258460305,2.0,0.001322062776426,0.0006958446398886,1733.0,0.002085494805309,-0.9640613607410072,13.964223889209462,False,234930762,2024-10-07 16:04:00+00:00,43,False,0.3943405151367187,sentence-transformers/all-mpnet-base-v2,confirmatory,False,False
1843676169071468585,MSFT,False,,53,partial,True,0.0022315995294469,0.000343607754518,2.0,0.0005469180339176,0.0002536873704358,10190.0,0.0007458176265516,-0.8014205793940853,10.765456329735034,False,20571756,2024-10-08 15:33:47+00:00,45,False,0.2776253819465637,sentence-transformers/all-mpnet-base-v2,null_baseline,False,False
1845135794580734347,QCOM,False,,50,partial,True,0.0082061944516866,0.0009461411886625,0.0,0.0017324859379107,0.0009055282058883,4816.0,0.0031227343684163,-0.8683823917739951,18.812292358803987,False,234930762,2024-10-12 16:13:49+00:00,44,False,0.5241248607635498,sentence-transformers/all-mpnet-base-v2,confirmatory,False,False
1846596104215056674,MSFT,False,,46,partial,True,-0.0024020508110479,0.0003273358619276,3.0,0.0005162286279595,0.0003998599403704,9792.0,0.0006680850669626,-0.4723973245654305,14.51184640522876,False,20571756,2024-10-16 16:56:33+00:00,46,False,0.5177552700042725,sentence-transformers/all-mpnet-base-v2,null_baseline,False,False
1846980279107571867,MSFT,False,,42,partial,True,0.0024788376827351,0.0003577897021134,4.0,0.0004702143088476,0.0002382934904684,10669.0,0.0006810947374758,-0.4717905072154564,31.00571749929703,False,20571756,2024-10-17 18:23:08+00:00,47,False,0.3378739356994629,sentence-transformers/all-mpnet-base-v2,null_baseline,False,False
1848185252239303044,QCOM,False,,46,partial,True,-0.0079355303955939,0.001137396806735,0.0,0.0017324859379107,0.0009055282058883,4816.0,0.0031227343684163,-0.6571734897995989,31.25,False,234930762,2024-10-21 02:11:16+00:00,45,False,0.2150052785873413,sentence-transformers/all-mpnet-base-v2,confirmatory,False,False
1848204446683066580,QCOM,False,,46,partial,True,-0.0079355303955939,0.001137396806735,0.0,0.0017324859379107,0.0009055282058883,4816.0,0.0031227343684163,-0.6571734897995989,31.25,False,234930762,2024-10-21 03:27:32+00:00,46,False,0.4873374700546264,sentence-transformers/all-mpnet-base-v2,confirmatory,False,False
1848310867709862137,MSFT,False,,58,partial,True,-0.0015650535657274,0.0007946812339149,0.0,0.0008174575401678,0.0003989604251514,14622.0,0.0012105221411381,-0.0570891367088621,56.722746546300094,False,20571756,2024-10-21 10:30:25+00:00,47,False,0.3190104961395263,sentence-transformers/all-mpnet-base-v2,null_baseline,False,False
1848325890779787685,MSFT,False,,58,partial,True,-0.0015650535657274,0.0007946812339149,0.0,0.0008174575401678,0.0003989604251514,14622.0,0.0012105221411381,-0.0570891367088621,56.722746546300094,False,20571756,2024-10-21 11:30:07+00:00,48,False,0.337285041809082,sentence-transformers/all-mpnet-base-v2,null_baseline,False,False
1848441369389633687,QCOM,False,,47,partial,True,0.0064794024704066,0.0005830417109988,5.0,0.0010843439815498,0.0007001409905529,2330.0,0.0016392129234955,-0.7160018872129853,19.871244635193133,False,234930762,2024-10-21 19:08:59+00:00,47,False,0.310526967048645,sentence-transformers/all-mpnet-base-v2,confirmatory,False,False
1848457143927615530,QCOM,False,,58,partial,True,0.0129485185254994,0.0011220304512522,0.0,0.0017324859379107,0.0009055282058883,4816.0,0.0031227343684163,-0.6741429838284956,30.10797342192691,False,234930762,2024-10-21 20:11:40+00:00,48,False,0.3663685321807861,sentence-transformers/all-mpnet-base-v2,confirmatory,False,False
1848463245092467026,QCOM,False,,58,partial,True,0.0129485185254994,0.0011220304512522,0.0,0.0017324859379107,0.0009055282058883,4816.0,0.0031227343684163,-0.6741429838284956,30.10797342192691,False,234930762,2024-10-21 20:35:55+00:00,49,False,0.3129570484161377,sentence-transformers/all-mpnet-base-v2,confirmatory,False,False
1848731073670484418,MSFT,False,,58,partial,True,-0.0014963639366144,0.0006228227130428,0.0,0.0008174575401678,0.0003989604251514,14622.0,0.0012105221411381,-0.4878549722097715,30.11215975926686,False,20571756,2024-10-22 14:20:10+00:00,49,False,0.2599591612815857,sentence-transformers/all-mpnet-base-v2,null_baseline,False,False
1848799996260585558,QCOM,False,,59,partial,True,0.0045541253087939,0.0005747531449039,5.0,0.0010843439815498,0.0007001409905529,2330.0,0.0016392129234955,-0.727840311482798,18.88412017167382,False,234930762,2024-10-22 18:54:02+00:00,50,False,0.2088822126388549,sentence-transformers/all-mpnet-base-v2,confirmatory,False,False
1848809969422110771,QCOM,False,,26,insufficient,False,0.0014214462884852,0.0005174144035917,6.0,,,,,,,False,234930762,2024-10-22 19:33:40+00:00,51,False,0.2746031284332275,sentence-transformers/all-mpnet-base-v2,confirmatory,False,False
1848866393338613839,QCOM,False,,57,partial,True,-0.0158527153946975,0.0016178904856627,0.0,0.0017324859379107,0.0009055282058883,4816.0,0.0031227343684163,-0.1265509472844666,60.00830564784053,False,234930762,2024-10-22 23:17:53+00:00,52,False,0.2874550819396972,sentence-transformers/all-mpnet-base-v2,confirmatory,False,False
1848909732331069866,QCOM,False,,57,partial,True,-0.0158527153946975,0.0016178904856627,0.0,0.0017324859379107,0.0009055282058883,4816.0,0.0031227343684163,-0.1265509472844666,60.00830564784053,False,234930762,2024-10-23 02:10:05+00:00,53,False,0.2441473007202148,sentence-transformers/all-mpnet-base-v2,confirmatory,False,False
1849022176118337890,MSFT,False,,60,complete,True,0.0073026476393461,0.000854817088569,0.0,0.0008174575401678,0.0003989604251514,14622.0,0.0012105221411381,0.0936422412998573,65.9690876761045,False,20571756,2024-10-23 09:36:54+00:00,50,False,0.324700117111206,sentence-transformers/all-mpnet-base-v2,null_baseline,False,False
1849096439940644909,QCOM,False,,47,partial,True,-0.0030007051195343,0.0008300575931466,1.0,0.0014049941536428,0.0008717321533434,3575.0,0.0024544828179355,-0.6595335026831294,30.48951048951049,False,234930762,2024-10-23 14:32:00+00:00,54,False,0.2280505895614624,sentence-transformers/all-mpnet-base-v2,confirmatory,False,False
1849204814418468972,QCOM,False,,57,partial,True,0.0017037769223982,0.0014025819079668,0.0,0.0017324859379107,0.0009055282058883,4816.0,0.0031227343684163,-0.3643222020016409,49.41860465116279,False,234930762,2024-10-23 21:42:38+00:00,55,False,0.2555368542671203,sentence-transformers/all-mpnet-base-v2,confirmatory,False,False
1849210440993354015,QCOM,False,,57,partial,True,0.0017037769223982,0.0014025819079668,0.0,0.0017324859379107,0.0009055282058883,4816.0,0.0031227343684163,-0.3643222020016409,49.41860465116279,False,234930762,2024-10-23 22:05:00+00:00,56,False,0.2246659994125366,sentence-transformers/all-mpnet-base-v2,confirmatory,False,False
1849367916707545417,MSFT,False,,60,complete,True,-0.0026546352033433,0.0008805437870616,0.0,0.0008174575401678,0.0003989604251514,14622.0,0.0012105221411381,0.1581265782685474,68.55423334701135,False,20571756,2024-10-24 08:30:45+00:00,51,False,0.4098697304725647,sentence-transformers/all-mpnet-base-v2,null_baseline,False,False
1849564114181554651,MSFT,False,,60,complete,True,0.0057457124173982,0.0007478722992279,0.0,0.0008174575401678,0.0003989604251514,14622.0,0.0012105221411381,-0.1744163996053051,48.50225687320476,False,20571756,2024-10-24 21:30:22+00:00,52,False,0.3224630355834961,sentence-transformers/all-mpnet-base-v2,null_baseline,False,False
1849864484078354956,QCOM,False,,48,partial,True,-0.0040562419070312,0.0009214357532704,3.0,0.0011347929536885,0.0005617187407871,1807.0,0.0019061194460276,-0.379829236459379,40.066408411732155,False,234930762,2024-10-25 17:23:56+00:00,57,False,0.3069033622741699,sentence-transformers/all-mpnet-base-v2,confirmatory,False,False
1849888407725752802,QCOM,False,,57,partial,True,-0.0027350137863917,0.0007283003552588,5.0,0.0010843439815498,0.0007001409905529,2330.0,0.0016392129234955,-0.5085313259688805,30.90128755364807,False,234930762,2024-10-25 18:59:00+00:00,58,False,0.4308950901031494,sentence-transformers/all-mpnet-base-v2,confirmatory,False,False
1850943664597651734,QCOM,False,,39,partial,True,-0.0047265966503287,0.0006083827911828,3.0,0.0011347929536885,0.0005617187407871,1807.0,0.0019061194460276,-0.93714189020646,16.27006087437742,False,234930762,2024-10-28 16:52:13+00:00,59,False,0.2672853469848633,sentence-transformers/all-mpnet-base-v2,confirmatory,False,False
1851301277801857439,MSFT,False,,56,partial,True,0.0018813434577111,0.0003767129871615,3.0,0.0005162286279595,0.0003998599403704,9792.0,0.0006680850669626,-0.3489112729540345,28.890931372549016,False,20571756,2024-10-29 16:33:14+00:00,45,False,0.3776642084121704,sentence-transformers/all-mpnet-base-v2,null_baseline,False,False
1851306694997164398,MSFT,False,,58,partial,True,0.0004325689242545,0.000319368189599,3.0,0.0005162286279595,0.0003998599403704,9792.0,0.0006680850669626,-0.4923234825126735,12.43872549019608,False,20571756,2024-10-29 16:54:46+00:00,46,False,0.2284573316574096,sentence-transformers/all-mpnet-base-v2,null_baseline,False,False
1851326584101515385,QCOM,False,,47,partial,True,0.0047052227960511,0.0003187529539175,4.0,0.0009476882220797,0.0005636901752572,2138.0,0.0014189505937958,-1.115746372331468,0.6548175865294669,False,234930762,2024-10-29 18:13:48+00:00,60,False,0.2368186712265014,sentence-transformers/all-mpnet-base-v2,confirmatory,False,False
1851326586471268821,QCOM,False,,47,partial,True,0.0047052227960511,0.0003187529539175,4.0,0.0009476882220797,0.0005636901752572,2138.0,0.0014189505937958,-1.115746372331468,0.6548175865294669,False,234930762,2024-10-29 18:13:48+00:00,60,False,0.5064916610717773,sentence-transformers/all-mpnet-base-v2,confirmatory,False,False
1851683234486038754,QCOM,False,,52,partial,True,-0.0052315026805536,0.0003821548894102,4.0,0.0009476882220797,0.0005636901752572,2138.0,0.0014189505937958,-1.0032698058137968,2.525724976613658,False,234930762,2024-10-30 17:51:00+00:00,62,False,0.3645884990692138,sentence-transformers/all-mpnet-base-v2,confirmatory,False,False
1851712928451563792,QCOM,False,,11,insufficient,False,-0.0037719555356654,0.0005860586981668,6.0,,,,,,,False,234930762,2024-10-30 19:48:59+00:00,63,False,0.2951842546463012,sentence-transformers/all-mpnet-base-v2,confirmatory,False,False
1852009552897806493,QCOM,False,,59,partial,True,-0.0021602176311187,0.0007580890407349,1.0,0.0014049941536428,0.0008717321533434,3575.0,0.0024544828179355,-0.7420916051182421,23.524475524475523,False,234930762,2024-10-31 15:27:40+00:00,64,False,0.6985068917274475,sentence-transformers/all-mpnet-base-v2,confirmatory,False,False
1852076598234878458,QCOM,False,,5,insufficient,False,-0.0008318328656068,0.0011251288415415,6.0,,,,,,,False,234930762,2024-10-31 19:54:05+00:00,65,False,0.169192373752594,sentence-transformers/all-mpnet-base-v2,confirmatory,False,False
1852076601888194991,QCOM,False,,5,insufficient,False,-0.0008318328656068,0.0011251288415415,6.0,,,,,,,False,234930762,2024-10-31 19:54:06+00:00,66,False,0.4851815104484558,sentence-transformers/all-mpnet-base-v2,confirmatory,False,False
1852076603377095034,QCOM,False,,5,insufficient,False,-0.0008318328656068,0.0011251288415415,6.0,,,,,,,False,234930762,2024-10-31 19:54:06+00:00,66,False,0.2946047782897949,sentence-transformers/all-mpnet-base-v2,confirmatory,False,False
1852076605046427698,QCOM,False,,5,insufficient,False,-0.0008318328656068,0.0011251288415415,6.0,,,,,,,False,234930762,2024-10-31 19:54:07+00:00,68,False,0.4971673488616943,sentence-transformers/all-mpnet-base-v2,confirmatory,False,False
1852076606682206528,QCOM,False,,5,insufficient,False,-0.0008318328656068,0.0011251288415415,6.0,,,,,,,False,234930762,2024-10-31 19:54:07+00:00,68,False,0.2435795068740844,sentence-transformers/all-mpnet-base-v2,confirmatory,False,False
1853929697023082972,QCOM,False,,58,partial,True,0.0070098853846793,0.0019007926395579,0.0,0.0017324859379107,0.0009055282058883,4816.0,0.0031227343684163,0.1858657748624096,67.19269102990033,False,234930762,2024-11-05 22:37:38+00:00,70,False,0.5144580006599426,sentence-transformers/all-mpnet-base-v2,confirmatory,False,False
1854199310499340631,QCOM,False,,58,partial,True,0.0034441078765261,0.0008348571854087,1.0,0.0014049941536428,0.0008717321533434,3575.0,0.0024544828179355,-0.654027691931839,30.76923076923077,False,234930762,2024-11-06 16:28:59+00:00,71,False,0.5617873668670654,sentence-transformers/all-mpnet-base-v2,confirmatory,False,False
1854216231991271547,MSFT,False,,57,partial,True,0.000278142327271,0.0003338262817428,3.0,0.0005162286279595,0.0003998599403704,9792.0,0.0006680850669626,-0.45616559150123,16.503267973856207,False,20571756,2024-11-06 17:36:14+00:00,45,False,0.5100322961807251,sentence-transformers/all-mpnet-base-v2,null_baseline,False,False
1856029758083178814,QCOM,False,,41,partial,True,-0.0019376092183865,0.0005908537952077,3.0,0.0011347929536885,0.0005617187407871,1807.0,0.0019061194460276,-0.968347891897898,15.163254012174876,False,234930762,2024-11-11 17:42:32+00:00,72,False,0.2058025598526001,sentence-transformers/all-mpnet-base-v2,confirmatory,False,False
1856041040291217654,QCOM,False,,27,insufficient,False,0.0003529657614875,0.0005698784557615,3.0,0.0011347929536885,0.0005617187407871,1807.0,0.0019061194460276,-1.005689247852643,13.83508577753182,False,234930762,2024-11-11 18:27:22+00:00,73,False,0.7042593955993652,sentence-transformers/all-mpnet-base-v2,confirmatory,False,False
1856440392956485655,MSFT,False,,5,insufficient,False,-0.0015561986973424,0.0004046481043642,6.0,,,,,,,False,20571756,2024-11-12 20:54:15+00:00,45,False,0.1697642207145691,sentence-transformers/all-mpnet-base-v2,null_baseline,False,False
1856757431302590649,MSFT,True,"cpi(ALL, 2024-11-13 13:30:00+00:00->2024-11-13 21:00:00+00:00)",59,partial,False,0.0010016315143919,0.0003897220209087,3.0,0.0005162286279595,0.0003998599403704,9792.0,0.0006680850669626,-0.3163772968444849,33.88480392156863,False,20571756,2024-11-13 17:54:03+00:00,46,False,0.2895219922065735,sentence-transformers/all-mpnet-base-v2,null_baseline,False,False
1856830227424710803,QCOM,False,,58,partial,True,0.0216084295363664,0.0015697395037982,0.0,0.0017324859379107,0.0009055282058883,4816.0,0.0031227343684163,-0.1797254166730174,58.01495016611295,False,234930762,2024-11-13 22:43:19+00:00,74,False,0.3779929876327514,sentence-transformers/all-mpnet-base-v2,confirmatory,False,False
1857123978399318389,MSFT,False,,57,partial,True,0.0064451858019128,0.0005973660744505,3.0,0.0005162286279595,0.0003998599403704,9792.0,0.0006680850669626,0.2029146666101382,80.47385620915033,False,20571756,2024-11-14 18:10:34+00:00,47,False,0.5685149431228638,sentence-transformers/all-mpnet-base-v2,null_baseline,False,False
1858598137079676978,QCOM,False,,59,partial,True,0.0036242393863781,0.0004877244497054,5.0,0.0010843439815498,0.0007001409905529,2330.0,0.0016392129234955,-0.8521419826787279,8.669527896995708,False,234930762,2024-11-18 19:48:21+00:00,75,False,0.5339601039886475,sentence-transformers/all-mpnet-base-v2,confirmatory,False,False
1858598139357524192,QCOM,False,,59,partial,True,0.0036242393863781,0.0004877244497054,5.0,0.0010843439815498,0.0007001409905529,2330.0,0.0016392129234955,-0.8521419826787279,8.669527896995708,False,234930762,2024-11-18 19:48:22+00:00,76,False,0.3069820404052734,sentence-transformers/all-mpnet-base-v2,confirmatory,False,False
1858657006405509524,MSFT,False,,58,partial,True,-0.0031007148174051,0.0008079703453782,0.0,0.0008174575401678,0.0003989604251514,14622.0,0.0012105221411381,-0.0237797891508631,59.08220489673095,False,20571756,2024-11-18 23:42:17+00:00,42,False,0.4081075191497803,sentence-transformers/all-mpnet-base-v2,null_baseline,False,False
1858850089256841612,QCOM,False,,56,partial,True,-0.0004323159387965,0.0015076464595325,0.0,0.0017324859379107,0.0009055282058883,4816.0,0.0031227343684163,-0.2482964936001716,56.00083056478405,False,234930762,2024-11-19 12:29:31+00:00,77,False,0.4266078472137451,sentence-transformers/all-mpnet-base-v2,confirmatory,False,False
1858945678338138244,MSFT,False,,59,partial,True,-0.0024160506269738,0.0003599232728261,4.0,0.0004702143088476,0.0002382934904684,10669.0,0.0006810947374758,-0.4628369654777922,31.736807573343327,False,20571756,2024-11-19 18:49:21+00:00,43,False,0.3187965154647827,sentence-transformers/all-mpnet-base-v2,null_baseline,False,False
1858945679567015967,MSFT,False,,59,partial,True,-0.0024160506269738,0.0003599232728261,4.0,0.0004702143088476,0.0002382934904684,10669.0,0.0006810947374758,-0.4628369654777922,31.736807573343327,False,20571756,2024-11-19 18:49:22+00:00,44,False,0.4560592174530029,sentence-transformers/all-mpnet-base-v2,null_baseline,False,False
1858945681223720965,MSFT,False,,59,partial,True,-0.0024160506269738,0.0003599232728261,4.0,0.0004702143088476,0.0002382934904684,10669.0,0.0006810947374758,-0.4628369654777922,31.736807573343327,False,20571756,2024-11-19 18:49:22+00:00,44,False,0.300143301486969,sentence-transformers/all-mpnet-base-v2,null_baseline,False,False
1858945683048313066,MSFT,False,,59,partial,True,-0.0024160506269738,0.0003599232728261,4.0,0.0004702143088476,0.0002382934904684,10669.0,0.0006810947374758,-0.4628369654777922,31.736807573343327,False,20571756,2024-11-19 18:49:23+00:00,46,False,0.5805721879005432,sentence-transformers/all-mpnet-base-v2,null_baseline,False,False
1858945684604420311,MSFT,False,,59,partial,True,-0.0024160506269738,0.0003599232728261,4.0,0.0004702143088476,0.0002382934904684,10669.0,0.0006810947374758,-0.4628369654777922,31.736807573343327,False,20571756,2024-11-19 18:49:23+00:00,46,False,0.3165071010589599,sentence-transformers/all-mpnet-base-v2,null_baseline,False,False
1858945686009455050,MSFT,False,,59,partial,True,-0.0024160506269738,0.0003599232728261,4.0,0.0004702143088476,0.0002382934904684,10669.0,0.0006810947374758,-0.4628369654777922,31.736807573343327,False,20571756,2024-11-19 18:49:23+00:00,46,False,0.6181630492210388,sentence-transformers/all-mpnet-base-v2,null_baseline,False,False
1858985696830386451,MSFT,False,,60,complete,True,-0.0073186279903103,0.0005928032531845,0.0,0.0008174575401678,0.0003989604251514,14622.0,0.0012105221411381,-0.563099176811878,25.468472165230477,False,20571756,2024-11-19 21:28:23+00:00,49,False,0.2156293392181396,sentence-transformers/all-mpnet-base-v2,null_baseline,False,False
1859033782067884050,MSFT,False,,60,complete,True,-0.0073186279903103,0.0005928032531845,0.0,0.0008174575401678,0.0003989604251514,14622.0,0.0012105221411381,-0.563099176811878,25.468472165230477,False,20571756,2024-11-20 00:39:27+00:00,50,False,0.2322808504104614,sentence-transformers/all-mpnet-base-v2,null_baseline,False,False
1860020031314362618,QCOM,False,,33,partial,True,0.0003517384550675,0.0007186383549923,3.0,0.0011347929536885,0.0005617187407871,1807.0,0.0019061194460276,-0.7408593811788393,27.504150525733262,False,234930762,2024-11-22 17:58:27+00:00,78,False,0.3916547298431396,sentence-transformers/all-mpnet-base-v2,confirmatory,False,False
1860020033709285498,QCOM,False,,33,partial,True,0.0003517384550675,0.0007186383549923,3.0,0.0011347929536885,0.0005617187407871,1807.0,0.0019061194460276,-0.7408593811788393,27.504150525733262,False,234930762,2024-11-22 17:58:28+00:00,79,False,0.2462853193283081,sentence-transformers/all-mpnet-base-v2,confirmatory,False,False
1860020035810693614,QCOM,False,,33,partial,True,0.0003517384550675,0.0007186383549923,3.0,0.0011347929536885,0.0005617187407871,1807.0,0.0019061194460276,-0.7408593811788393,27.504150525733262,False,234930762,2024-11-22 17:58:28+00:00,79,False,0.3899069428443908,sentence-transformers/all-mpnet-base-v2,confirmatory,False,False
1860710468337430668,QCOM,False,,54,partial,True,0.0069695562015672,0.0012679189735956,0.0,0.0017324859379107,0.0009055282058883,4816.0,0.0031227343684163,-0.5130342283036249,39.09883720930232,False,234930762,2024-11-24 15:42:00+00:00,81,False,0.5117778778076172,sentence-transformers/all-mpnet-base-v2,confirmatory,False,False
1861433482452341200,QCOM,False,,59,partial,True,-0.0128922652975148,0.0008086378636914,1.0,0.0014049941536428,0.0008717321533434,3575.0,0.0024544828179355,-0.684104960066055,28.923076923076923,False,234930762,2024-11-26 15:35:00+00:00,82,False,0.2228010296821594,sentence-transformers/all-mpnet-base-v2,confirmatory,False,False
1862143157749915990,QCOM,False,,56,partial,True,0.0201600606399678,0.0011016500759854,0.0,0.0017324859379107,0.0009055282058883,4816.0,0.0031227343684163,-0.6966495994527072,28.71677740863787,False,234930762,2024-11-28 14:35:00+00:00,83,False,0.4956406354904175,sentence-transformers/all-mpnet-base-v2,confirmatory,False,False
1866188916732416116,QCOM,False,,40,partial,True,0.0019563464495896,0.0005835940692077,4.0,0.0009476882220797,0.0005636901752572,2138.0,0.0014189505937958,-0.6459118303876971,19.738072965388213,False,234930762,2024-12-09 18:31:24+00:00,84,False,0.5881924629211426,sentence-transformers/all-mpnet-base-v2,confirmatory,False,False
1866218763487424550,QCOM,False,,28,partial,True,0.0003765473937681,0.0008011336554193,6.0,,,,,,,False,234930762,2024-12-09 20:30:00+00:00,85,False,0.3496714830398559,sentence-transformers/all-mpnet-base-v2,confirmatory,False,False
1867273195331760371,MSFT,False,,56,partial,True,-0.0011562815700549,0.0003235474908338,3.0,0.0005162286279595,0.0003998599403704,9792.0,0.0006680850669626,-0.4818715696982484,13.429330065359476,False,20571756,2024-12-12 18:19:56+00:00,48,False,0.3838075399398803,sentence-transformers/all-mpnet-base-v2,null_baseline,False,False
1867383293655888160,MSFT,False,,60,complete,True,-0.0025268514637448,0.0007690702747538,0.0,0.0008174575401678,0.0003989604251514,14622.0,0.0012105221411381,-0.1212833713911945,52.202161127068806,False,20571756,2024-12-13 01:37:26+00:00,49,False,0.4814170002937317,sentence-transformers/all-mpnet-base-v2,null_baseline,False,False
1867383295128084989,MSFT,False,,60,complete,True,-0.0025268514637448,0.0007690702747538,0.0,0.0008174575401678,0.0003989604251514,14622.0,0.0012105221411381,-0.1212833713911945,52.202161127068806,False,20571756,2024-12-13 01:37:26+00:00,49,False,0.8111909031867981,sentence-transformers/all-mpnet-base-v2,null_baseline,False,False
1867622807213158699,MSFT,False,,58,partial,True,0.0012555742027684,0.00032822524891,3.0,0.0005162286279595,0.0003998599403704,9792.0,0.0006680850669626,-0.470173078291804,14.736519607843135,False,20571756,2024-12-13 17:29:10+00:00,51,False,0.360761284828186,sentence-transformers/all-mpnet-base-v2,null_baseline,False,False
1867622809851367866,MSFT,False,,58,partial,True,0.0012555742027684,0.00032822524891,3.0,0.0005162286279595,0.0003998599403704,9792.0,0.0006680850669626,-0.470173078291804,14.736519607843135,False,20571756,2024-12-13 17:29:11+00:00,52,False,0.6969440579414368,sentence-transformers/all-mpnet-base-v2,null_baseline,False,False
1868532219519869209,MSFT,False,,31,partial,True,-0.0032871627720488,0.0010277179534129,,,,,,,,False,20571756,2024-12-16 05:42:51+00:00,50,False,0.8339624404907227,sentence-transformers/all-mpnet-base-v2,null_baseline,False,False
1869080969728422079,MSFT,False,,54,partial,True,0.0018165564958445,0.0003446016366048,3.0,0.0005162286279595,0.0003998599403704,9792.0,0.0006680850669626,-0.4292177685908677,19.11764705882353,False,20571756,2024-12-17 18:03:23+00:00,51,False,0.2011154890060424,sentence-transformers/all-mpnet-base-v2,null_baseline,False,False
1869081030839390572,MSFT,False,,54,partial,True,0.0018165564958445,0.0003446016366048,3.0,0.0005162286279595,0.0003998599403704,9792.0,0.0006680850669626,-0.4292177685908677,19.11764705882353,False,20571756,2024-12-17 18:03:38+00:00,52,False,0.7139257192611694,sentence-transformers/all-mpnet-base-v2,null_baseline,False,False
1869445091213095140,MSFT,True,"fomc(ALL, 2024-12-18 19:00:00+00:00->2024-12-18 21:00:00+00:00)",54,partial,False,0.0025522773690598,0.0005645032784161,3.0,0.0005162286279595,0.0003998599403704,9792.0,0.0006680850669626,0.1207288992536745,73.51919934640523,False,20571756,2024-12-18 18:10:17+00:00,53,False,0.6087677478790283,sentence-transformers/all-mpnet-base-v2,null_baseline,False,False
1869445092832059804,MSFT,True,"fomc(ALL, 2024-12-18 19:00:00+00:00->2024-12-18 21:00:00+00:00)",54,partial,False,0.0025522773690598,0.0005645032784161,3.0,0.0005162286279595,0.0003998599403704,9792.0,0.0006680850669626,0.1207288992536745,73.51919934640523,False,20571756,2024-12-18 18:10:17+00:00,53,False,0.6456273198127747,sentence-transformers/all-mpnet-base-v2,null_baseline,False,False
1871934174573081021,QCOM,False,,25,insufficient,False,-0.0007011732492785,0.00152133361263,0.0,0.0017324859379107,0.0009055282058883,4816.0,0.0031227343684163,-0.2331813895002307,56.748338870431894,False,234930762,2024-12-25 15:01:00+00:00,86,False,0.7733783721923828,sentence-transformers/all-mpnet-base-v2,confirmatory,False,False
1872711206152356057,QCOM,False,,34,partial,True,0.0028515627503764,0.0005384973490122,4.0,0.0009476882220797,0.0005636901752572,2138.0,0.0014189505937958,-0.7259145023784132,14.967259120673528,False,234930762,2024-12-27 18:28:39+00:00,86,False,0.816990852355957,sentence-transformers/all-mpnet-base-v2,confirmatory,False,False
1873809864147034411,QCOM,False,,52,partial,True,-0.0025464919187446,0.0004211089758866,4.0,0.0009476882220797,0.0005636901752572,2138.0,0.0014189505937958,-0.934164314559471,4.583723105706268,False,234930762,2024-12-30 19:14:19+00:00,84,False,0.5629332661628723,sentence-transformers/all-mpnet-base-v2,confirmatory,False,False
1873809865522708537,QCOM,False,,52,partial,True,-0.0025464919187446,0.0004211089758866,4.0,0.0009476882220797,0.0005636901752572,2138.0,0.0014189505937958,-0.934164314559471,4.583723105706268,False,234930762,2024-12-30 19:14:20+00:00,85,False,0.3501166105270386,sentence-transformers/all-mpnet-base-v2,confirmatory,False,False
1875265482498220525,MSFT,False,,47,partial,True,-0.0024083149902484,0.000245922566365,5.0,0.000494370972611,0.0002392654254598,7142.0,0.0007939814404011,-1.0383798903183763,4.326519182301877,False,20571756,2025-01-03 19:38:26+00:00,53,False,0.2842906713485718,sentence-transformers/all-mpnet-base-v2,null_baseline,False,False
1876279310300103067,MSFT,False,,58,partial,True,0.0035554777738613,0.0009697716352227,0.0,0.0008174575401678,0.0003989604251514,14622.0,0.0012105221411381,0.3817774532325022,77.41075092326632,False,20571756,2025-01-06 14:47:01+00:00,54,False,0.414789080619812,sentence-transformers/all-mpnet-base-v2,null_baseline,False,False
1876556891041792195,MSFT,False,,60,complete,True,0.004710049156941,0.000962915298076,0.0,0.0008174575401678,0.0003989604251514,14622.0,0.0012105221411381,0.3645919463137497,76.87730816577759,False,20571756,2025-01-07 09:10:02+00:00,55,False,0.2429720163345337,sentence-transformers/all-mpnet-base-v2,null_baseline,False,False
1876583121195552929,MSFT,False,,60,complete,True,0.004710049156941,0.000962915298076,0.0,0.0008174575401678,0.0003989604251514,14622.0,0.0012105221411381,0.3645919463137497,76.87730816577759,False,20571756,2025-01-07 10:54:15+00:00,56,False,0.3498438000679016,sentence-transformers/all-mpnet-base-v2,null_baseline,False,False
1876669948912861497,MSFT,False,,54,partial,True,-0.001554794934142,0.0004170268655718,2.0,0.0005469180339176,0.0002536873704358,10190.0,0.0007458176265516,-0.512012750664952,28.518155053974485,False,20571756,2025-01-07 16:39:17+00:00,57,False,0.4247462749481201,sentence-transformers/all-mpnet-base-v2,null_baseline,False,False
1876877914324476183,MSFT,False,,59,partial,True,0.0120594450754597,0.0009125940551723,0.0,0.0008174575401678,0.0003989604251514,14622.0,0.0012105221411381,0.2384610327410489,72.04212829982218,False,20571756,2025-01-08 06:25:40+00:00,58,False,0.3443717956542969,sentence-transformers/all-mpnet-base-v2,null_baseline,False,False
1877097533719326850,QCOM,False,,1,insufficient,False,0.002631077278531,,6.0,,,,,,,False,234930762,2025-01-08 20:58:21+00:00,83,False,0.7783461809158325,sentence-transformers/all-mpnet-base-v2,confirmatory,False,False
1877174465865318721,MSFT,True,"jobs_report(ALL, 2025-01-10 13:30:00+00:00->2025-01-10 21:00:00+00:00)",2,insufficient,False,-0.0009487133109153,0.0,,,,,,,,False,20571756,2025-01-09 02:04:03+00:00,59,False,0.4863173961639404,sentence-transformers/all-mpnet-base-v2,null_baseline,False,False
1877438270612603226,QCOM,True,"jobs_report(ALL, 2025-01-10 13:30:00+00:00->2025-01-10 21:00:00+00:00)",56,partial,False,0.0027524910647428,0.0016885382172255,0.0,0.0017324859379107,0.0009055282058883,4816.0,0.0031227343684163,-0.0485326910850019,62.02242524916943,False,234930762,2025-01-09 19:32:19+00:00,82,False,0.2862752676010132,sentence-transformers/all-mpnet-base-v2,confirmatory,False,False
1877874836069900596,QCOM,False,,55,partial,True,-0.0006218998879322,0.0014050934116262,0.0,0.0017324859379107,0.0009055282058883,4816.0,0.0031227343684163,-0.3615486786116032,49.52242524916943,False,234930762,2025-01-11 00:27:04+00:00,82,False,0.5258792638778687,sentence-transformers/all-mpnet-base-v2,confirmatory,False,False
1878578314115473577,MSFT,False,,58,partial,True,-0.0037256932904954,0.001130382892096,0.0,0.0008174575401678,0.0003989604251514,14622.0,0.0012105221411381,0.7843518609881308,86.71180413076186,False,20571756,2025-01-12 23:02:27+00:00,59,False,0.5110077857971191,sentence-transformers/all-mpnet-base-v2,null_baseline,False,False
1878578360445792407,MSFT,False,,58,partial,True,-0.0037256932904954,0.001130382892096,0.0,0.0008174575401678,0.0003989604251514,14622.0,0.0012105221411381,0.7843518609881308,86.71180413076186,False,20571756,2025-01-12 23:02:38+00:00,60,False,0.6792593002319336,sentence-transformers/all-mpnet-base-v2,null_baseline,False,False
1879237790015402316,MSFT,False,,55,partial,True,-0.0001741640046148,0.0003004191649981,4.0,0.0004702143088476,0.0002382934904684,10669.0,0.0006810947374758,-0.712546295392829,13.675133564532755,False,20571756,2025-01-14 18:42:58+00:00,61,False,0.4454066753387451,sentence-transformers/all-mpnet-base-v2,null_baseline,False,False
1879530451716776062,MSFT,True,"cpi(ALL, 2025-01-15 13:30:00+00:00->2025-01-15 21:00:00+00:00)",60,complete,False,0.0062894712692609,0.0010962168971096,0.0,0.0008174575401678,0.0003989604251514,14622.0,0.0012105221411381,0.6987143069037874,85.06360279031597,False,20571756,2025-01-15 14:05:54+00:00,62,False,0.2052497267723083,sentence-transformers/all-mpnet-base-v2,null_baseline,False,False
1879530496100868130,MSFT,True,"cpi(ALL, 2025-01-15 13:30:00+00:00->2025-01-15 21:00:00+00:00)",60,complete,False,0.0062894712692609,0.0010962168971096,0.0,0.0008174575401678,0.0003989604251514,14622.0,0.0012105221411381,0.6987143069037874,85.06360279031597,False,20571756,2025-01-15 14:06:04+00:00,63,False,0.6705601811408997,sentence-transformers/all-mpnet-base-v2,null_baseline,False,False
1879749726842814640,QCOM,False,,52,partial,True,-0.0063943704765443,0.0015381447513856,0.0,0.0017324859379107,0.0009055282058883,4816.0,0.0031227343684163,-0.2146163810926311,57.14285714285714,False,234930762,2025-01-16 04:37:13+00:00,80,False,0.4620346426963806,sentence-transformers/all-mpnet-base-v2,confirmatory,False,False
1879960413082947966,MSFT,False,,50,partial,True,0.0004799496194991,0.0006135324743255,4.0,0.0004702143088476,0.0002382934904684,10669.0,0.0006810947374758,0.6014355037400285,85.415690317743,False,20571756,2025-01-16 18:34:25+00:00,63,False,0.5922862887382507,sentence-transformers/all-mpnet-base-v2,null_baseline,False,False
1879960414483804169,MSFT,False,,50,partial,True,0.0004799496194991,0.0006135324743255,4.0,0.0004702143088476,0.0002382934904684,10669.0,0.0006810947374758,0.6014355037400285,85.415690317743,False,20571756,2025-01-16 18:34:25+00:00,63,False,0.6980018615722656,sentence-transformers/all-mpnet-base-v2,null_baseline,False,False
1880464541815107793,BOX,False,,41,partial,True,0.0030176388829836,0.0011483403235899,0.0,0.004194744965337,0.0002853285700803,3.0,0.0043965047038567,-10.676830017018608,0.0,False,914061,2025-01-18 03:57:38+00:00,0,True,,sentence-transformers/all-mpnet-base-v2,confirmatory,False,False
1880735272129994886,BOX,False,,41,partial,True,0.0030176388829836,0.0011483403235899,0.0,0.004194744965337,0.0002853285700803,3.0,0.0043965047038567,-10.676830017018608,0.0,False,914061,2025-01-18 21:53:25+00:00,1,True,,sentence-transformers/all-mpnet-base-v2,confirmatory,False,False
1880822344295612457,BOX,False,,41,partial,True,0.0030176388829836,0.0011483403235899,0.0,0.004194744965337,0.0002853285700803,3.0,0.0043965047038567,-10.676830017018608,0.0,False,914061,2025-01-19 03:39:25+00:00,2,True,,sentence-transformers/all-mpnet-base-v2,confirmatory,False,False
1881023026537587155,BOX,False,,41,partial,True,0.0030176388829836,0.0011483403235899,0.0,0.004194744965337,0.0002853285700803,3.0,0.0043965047038567,-10.676830017018608,0.0,False,914061,2025-01-19 16:56:51+00:00,3,True,,sentence-transformers/all-mpnet-base-v2,confirmatory,False,False
1881037508026446321,BOX,False,,41,partial,True,0.0030176388829836,0.0011483403235899,0.0,0.004194744965337,0.0002853285700803,3.0,0.0043965047038567,-10.676830017018608,0.0,False,914061,2025-01-19 17:54:24+00:00,4,True,,sentence-transformers/all-mpnet-base-v2,confirmatory,False,False
1881186954517344698,BOX,False,,41,partial,True,0.0030176388829836,0.0011483403235899,0.0,0.004194744965337,0.0002853285700803,3.0,0.0043965047038567,-10.676830017018608,0.0,False,914061,2025-01-20 03:48:15+00:00,5,True,,sentence-transformers/all-mpnet-base-v2,confirmatory,False,False
1881199738529411369,BOX,False,,41,partial,True,0.0030176388829836,0.0011483403235899,0.0,0.004194744965337,0.0002853285700803,3.0,0.0043965047038567,-10.676830017018608,0.0,False,914061,2025-01-20 04:39:03+00:00,6,True,,sentence-transformers/all-mpnet-base-v2,confirmatory,False,False
1881388865614942516,QCOM,False,,48,partial,True,0.0095357294408153,0.0016458558096049,0.0,0.0017324859379107,0.0009055282058883,4816.0,0.0031227343684163,-0.0956680617372551,60.65199335548173,False,234930762,2025-01-20 17:10:34+00:00,81,False,0.3546069860458374,sentence-transformers/all-mpnet-base-v2,confirmatory,False,False
1881395592204792285,BOX,False,,41,partial,True,0.0030176388829836,0.0011483403235899,0.0,0.004194744965337,0.0002853285700803,3.0,0.0043965047038567,-10.676830017018608,0.0,False,914061,2025-01-20 17:37:18+00:00,7,True,,sentence-transformers/all-mpnet-base-v2,confirmatory,False,False
1881403007214272738,BOX,False,,41,partial,True,0.0030176388829836,0.0011483403235899,0.0,0.004194744965337,0.0002853285700803,3.0,0.0043965047038567,-10.676830017018608,0.0,False,914061,2025-01-20 18:06:46+00:00,8,True,,sentence-transformers/all-mpnet-base-v2,confirmatory,False,False
1881422295413280932,MSFT,False,,60,complete,True,-0.0050012643952013,0.0010932571543532,0.0,0.0008174575401678,0.0003989604251514,14622.0,0.0012105221411381,0.6912956694406203,84.93366160579949,False,20571756,2025-01-20 19:23:25+00:00,64,False,0.5569485425949097,sentence-transformers/all-mpnet-base-v2,null_baseline,False,False
1881531209387507872,BOX,False,,41,partial,True,0.0030176388829836,0.0011483403235899,0.0,0.004194744965337,0.0002853285700803,3.0,0.0043965047038567,-10.676830017018608,0.0,False,914061,2025-01-21 02:36:12+00:00,9,True,,sentence-transformers/all-mpnet-base-v2,confirmatory,False,False
1881805198651429331,BOX,False,,13,insufficient,False,-0.0019271573369744,0.0004190738556176,6.0,,,,,,,False,914061,2025-01-21 20:44:56+00:00,10,True,,sentence-transformers/all-mpnet-base-v2,confirmatory,False,False
1881833898839290354,QCOM,False,,57,partial,True,0.0111573265018936,0.0013487445683405,0.0,0.0017324859379107,0.0009055282058883,4816.0,0.0031227343684163,-0.423776274526674,44.642857142857146,False,234930762,2025-01-21 22:38:58+00:00,81,False,0.4611132740974426,sentence-transformers/all-mpnet-base-v2,confirmatory,False,False
1881835414656549313,QCOM,False,,57,partial,True,0.0111573265018936,0.0013487445683405,0.0,0.0017324859379107,0.0009055282058883,4816.0,0.0031227343684163,-0.423776274526674,44.642857142857146,False,234930762,2025-01-21 22:45:00+00:00,82,False,0.3635035753250122,sentence-transformers/all-mpnet-base-v2,confirmatory,False,False
1881836421520007604,QCOM,False,,57,partial,True,0.0111573265018936,0.0013487445683405,0.0,0.0017324859379107,0.0009055282058883,4816.0,0.0031227343684163,-0.423776274526674,44.642857142857146,False,234930762,2025-01-21 22:49:00+00:00,83,False,0.3092161417007446,sentence-transformers/all-mpnet-base-v2,confirmatory,False,False
1881838470429319235,BOX,False,,23,insufficient,False,-0.0014314613060761,0.0011014869236122,0.0,0.004194744965337,0.0002853285700803,3.0,0.0043965047038567,-10.841038599301523,0.0,False,914061,2025-01-21 22:57:08+00:00,11,True,,sentence-transformers/all-mpnet-base-v2,confirmatory,False,False
1881921540494918086,BOX,False,,23,insufficient,False,-0.0014314613060761,0.0011014869236122,0.0,0.004194744965337,0.0002853285700803,3.0,0.0043965047038567,-10.841038599301523,0.0,False,914061,2025-01-22 04:27:14+00:00,12,True,,sentence-transformers/all-mpnet-base-v2,confirmatory,False,False
1882122449934053859,BOX,False,,34,partial,True,-0.00229190861599,0.0006411572848384,3.0,,,,,,,False,914061,2025-01-22 17:45:34+00:00,13,True,,sentence-transformers/all-mpnet-base-v2,confirmatory,False,False
1882182667632095735,QCOM,False,,54,partial,True,0.0058947360234482,0.0009167815218876,0.0,0.0017324859379107,0.0009055282058883,4816.0,0.0031227343684163,-0.90080508891809,16.590531561461795,False,234930762,2025-01-22 21:44:51+00:00,83,False,0.4901959896087646,sentence-transformers/all-mpnet-base-v2,confirmatory,False,False
1882183346824036392,QCOM,False,,54,partial,True,0.0058947360234482,0.0009167815218876,0.0,0.0017324859379107,0.0009055282058883,4816.0,0.0031227343684163,-0.90080508891809,16.590531561461795,False,234930762,2025-01-22 21:47:33+00:00,84,False,0.354211688041687,sentence-transformers/all-mpnet-base-v2,confirmatory,False,False
1882240165865025711,BOX,False,,22,insufficient,False,-0.0056793655403616,0.0010135700901719,0.0,0.004194744965337,0.0002853285700803,3.0,0.0043965047038567,-11.14916348639419,0.0,False,914061,2025-01-23 01:33:20+00:00,14,True,,sentence-transformers/all-mpnet-base-v2,confirmatory,False,False
1882373967127933007,QCOM,False,,54,partial,True,0.0058947360234482,0.0009167815218876,0.0,0.0017324859379107,0.0009055282058883,4816.0,0.0031227343684163,-0.90080508891809,16.590531561461795,False,234930762,2025-01-23 10:25:01+00:00,85,False,0.4987387061119079,sentence-transformers/all-mpnet-base-v2,confirmatory,False,False
1882377738725544305,QCOM,False,,54,partial,True,0.0058947360234482,0.0009167815218876,0.0,0.0017324859379107,0.0009055282058883,4816.0,0.0031227343684163,-0.90080508891809,16.590531561461795,False,234930762,2025-01-23 10:40:00+00:00,86,False,0.3612774610519409,sentence-transformers/all-mpnet-base-v2,confirmatory,False,False
1882439604768215166,QCOM,False,,55,partial,True,0.0041547760922722,0.0008560957056247,0.0,0.0017324859379107,0.0009055282058883,4816.0,0.0031227343684163,-0.967822124796395,11.5656146179402,False,234930762,2025-01-23 14:45:50+00:00,87,False,0.335462212562561,sentence-transformers/all-mpnet-base-v2,confirmatory,False,False
1882444244796768710,QCOM,False,,54,partial,True,0.0050895638699031,0.0008128998513796,0.0,0.0017324859379107,0.0009055282058883,4816.0,0.0031227343684163,-1.0155245088461409,9.364617940199334,False,234930762,2025-01-23 15:04:16+00:00,88,False,0.2585246562957763,sentence-transformers/all-mpnet-base-v2,confirmatory,False,False
1882454494589624601,QCOM,False,,51,partial,True,0.0054847393732153,0.0006269550817641,1.0,0.0014049941536428,0.0008717321533434,3575.0,0.0024544828179355,-0.8925207919595096,13.202797202797203,False,234930762,2025-01-23 15:45:00+00:00,89,False,0.2728564739227295,sentence-transformers/all-mpnet-base-v2,confirmatory,False,False
1882523238586368057,BOX,False,,32,partial,True,-0.0006812364014312,0.0006153991022186,5.0,0.0011560845445843,0.0002470170345756,55.0,0.001531028419464,-2.1888589315084954,0.0,False,914061,2025-01-23 20:18:10+00:00,15,True,,sentence-transformers/all-mpnet-base-v2,confirmatory,False,False
1882615281639702554,BOX,False,,26,insufficient,False,0.0030966010498152,0.0011464868174954,0.0,0.004194744965337,0.0002853285700803,3.0,0.0043965047038567,-10.683326058035227,0.0,False,914061,2025-01-24 02:23:55+00:00,16,True,,sentence-transformers/all-mpnet-base-v2,confirmatory,False,False
1882854375368151487,BOX,False,,27,insufficient,False,0.0012361893872382,0.0003222033191564,3.0,,,,,,,False,914061,2025-01-24 18:13:59+00:00,17,True,,sentence-transformers/all-mpnet-base-v2,confirmatory,False,False
1882867955131900004,BOX,False,,23,insufficient,False,-0.0010059370201299,0.000356546025596,4.0,0.0006705297706363,0.0,1.0,0.0006705297706363,,0.0,False,914061,2025-01-24 19:07:57+00:00,18,True,,sentence-transformers/all-mpnet-base-v2,confirmatory,False,False
1882918743409676719,MSFT,False,,60,complete,True,-0.0145664463403254,0.0012063277754004,0.0,0.0008174575401678,0.0003989604251514,14622.0,0.0012105221411381,0.97470879495113,89.80987553002325,False,20571756,2025-01-24 22:29:46+00:00,64,False,0.7643073201179504,sentence-transformers/all-mpnet-base-v2,null_baseline,False,False
1883003257729216946,BOX,False,,42,partial,True,0.044736265931017,0.0015066011335048,0.0,0.004194744965337,0.0002853285700803,3.0,0.0043965047038567,-9.421222105711244,0.0,False,914061,2025-01-25 04:05:35+00:00,19,True,,sentence-transformers/all-mpnet-base-v2,confirmatory,False,False
1883254205936529616,BOX,False,,42,partial,True,0.044736265931017,0.0015066011335048,0.0,0.004194744965337,0.0002853285700803,3.0,0.0043965047038567,-9.421222105711244,0.0,False,914061,2025-01-25 20:42:46+00:00,20,False,0.3590942621231079,sentence-transformers/all-mpnet-base-v2,confirmatory,False,False
1883561338561315005,BOX,False,,42,partial,True,0.044736265931017,0.0015066011335048,0.0,0.004194744965337,0.0002853285700803,3.0,0.0043965047038567,-9.421222105711244,0.0,False,914061,2025-01-26 17:03:12+00:00,21,False,0.5826946496963501,sentence-transformers/all-mpnet-base-v2,confirmatory,False,False
1883638050712080431,BOX,False,,42,partial,True,0.044736265931017,0.0015066011335048,0.0,0.004194744965337,0.0002853285700803,3.0,0.0043965047038567,-9.421222105711244,0.0,False,914061,2025-01-26 22:08:02+00:00,22,False,0.7953784465789795,sentence-transformers/all-mpnet-base-v2,confirmatory,False,False
1883703145790062714,BOX,False,,42,partial,True,0.044736265931017,0.0015066011335048,0.0,0.004194744965337,0.0002853285700803,3.0,0.0043965047038567,-9.421222105711244,0.0,False,914061,2025-01-27 02:26:42+00:00,23,False,0.3888901472091675,sentence-transformers/all-mpnet-base-v2,confirmatory,False,False
1883732583068127480,BOX,False,,42,partial,True,0.044736265931017,0.0015066011335048,0.0,0.004194744965337,0.0002853285700803,3.0,0.0043965047038567,-9.421222105711244,0.0,False,914061,2025-01-27 04:23:40+00:00,24,False,0.5487382411956787,sentence-transformers/all-mpnet-base-v2,confirmatory,False,False
1883753899255046301,MSFT,False,,60,complete,True,-0.0145664463403254,0.0012063277754004,0.0,0.0008174575401678,0.0003989604251514,14622.0,0.0012105221411381,0.97470879495113,89.80987553002325,False,20571756,2025-01-27 05:48:22+00:00,65,False,0.3900694847106933,sentence-transformers/all-mpnet-base-v2,null_baseline,False,False
1883911644776206370,BOX,False,,25,insufficient,False,-0.0027358589077114,0.0008537665899766,1.0,0.0013670565185054,9.769056425029918e-05,43.0,0.0014788781460496,-5.254242643268336,0.0,False,914061,2025-01-27 16:15:12+00:00,25,False,0.5391745567321777,sentence-transformers/all-mpnet-base-v2,confirmatory,False,False
1884053695626875123,BOX,False,,27,insufficient,False,0.0123295439240023,0.0010040499360412,0.0,0.004194744965337,0.0002853285700803,3.0,0.0043965047038567,-11.182529069546217,0.0,False,914061,2025-01-28 01:39:39+00:00,26,False,0.4074161648750305,sentence-transformers/all-mpnet-base-v2,confirmatory,False,False
1884271546665165269,BOX,False,,34,partial,True,0.008570217846469,0.0008823450092109,1.0,0.0013670565185054,9.769056425029918e-05,43.0,0.0014788781460496,-4.9617024224836115,0.0,False,914061,2025-01-28 16:05:19+00:00,27,False,0.426210880279541,sentence-transformers/all-mpnet-base-v2,confirmatory,False,False
1884455057527275697,BOX,False,,29,partial,True,-0.00367404798167,0.0015660100534136,0.0,0.004194744965337,0.0002853285700803,3.0,0.0043965047038567,-9.213009798433244,0.0,False,914061,2025-01-29 04:14:31+00:00,28,False,0.3004244565963745,sentence-transformers/all-mpnet-base-v2,confirmatory,False,False
1884474153979502726,BOX,False,,29,partial,True,-0.00367404798167,0.0015660100534136,0.0,0.004194744965337,0.0002853285700803,3.0,0.0043965047038567,-9.213009798433244,0.0,False,914061,2025-01-29 05:30:24+00:00,29,False,0.6375836730003357,sentence-transformers/all-mpnet-base-v2,confirmatory,False,False
1884650574316204399,QCOM,False,,41,partial,True,0.0014036686038408,0.0008151943072034,2.0,0.001322062776426,0.0006958446398886,1733.0,0.002085494805309,-0.7284218921390738,23.889209463358338,False,234930762,2025-01-29 17:11:26+00:00,85,False,0.4815326333045959,sentence-transformers/all-mpnet-base-v2,confirmatory,False,False
1884786461784039792,BOX,False,,38,partial,True,0.0001274837855715,0.0021766554290188,0.0,0.004194744965337,0.0002853285700803,3.0,0.0043965047038567,-7.072861773883118,0.0,False,914061,2025-01-30 02:11:24+00:00,30,False,0.3490443229675293,sentence-transformers/all-mpnet-base-v2,confirmatory,False,False
1885146393406587192,BOX,False,,18,insufficient,False,-0.0035476533986367,0.0013250114402187,0.0,0.004194744965337,0.0002853285700803,3.0,0.0043965047038567,-10.05764520640176,0.0,False,914061,2025-01-31 02:01:39+00:00,31,False,0.3052576780319214,sentence-transformers/all-mpnet-base-v2,confirmatory,False,False
1885197788155408542,BOX,False,,18,insufficient,False,-0.0035476533986367,0.0013250114402187,0.0,0.004194744965337,0.0002853285700803,3.0,0.0043965047038567,-10.05764520640176,0.0,False,914061,2025-01-31 05:25:52+00:00,32,False,0.2469034194946289,sentence-transformers/all-mpnet-base-v2,confirmatory,False,False
1885351425016029321,MSFT,False,,60,complete,True,-0.0025309190582446,0.0005716858983488,1.0,0.0006167743380345,0.0002611472895039,13108.0,0.0008656246689829,-0.1726552083742309,49.382056759231006,False,20571756,2025-01-31 15:36:22+00:00,65,False,0.6442378163337708,sentence-transformers/all-mpnet-base-v2,null_baseline,False,False
1885417368865955954,QCOM,False,,59,partial,True,0.0002229651484798,0.0010451236203093,5.0,0.0010843439815498,0.0007001409905529,2330.0,0.0016392129234955,-0.0560178046561087,57.42489270386266,False,234930762,2025-01-31 19:58:24+00:00,86,False,0.3597532510757446,sentence-transformers/all-mpnet-base-v2,confirmatory,False,False
1885442033617338795,MSFT,False,,60,complete,True,0.0004234813054088,0.00123962548357,0.0,0.0008174575401678,0.0003989604251514,14622.0,0.0012105221411381,1.058169975735972,91.06825331691972,True,20571756,2025-01-31 21:36:25+00:00,66,False,0.3887999653816223,sentence-transformers/all-mpnet-base-v2,null_baseline,False,False
1885540822747406372,QCOM,False,,60,complete,True,-0.002499521442754,0.0014464629548553,0.0,0.0017324859379107,0.0009055282058883,4816.0,0.0031227343684163,-0.3158631406459646,52.2217607973422,False,234930762,2025-02-01 04:08:58+00:00,87,False,0.4270373582839966,sentence-transformers/all-mpnet-base-v2,confirmatory,False,False
1885547937180377237,BOX,False,,27,insufficient,False,0.014941692713536,0.0013673158004571,0.0,0.004194744965337,0.0002853285700803,3.0,0.0043965047038567,-9.909379786550842,0.0,False,914061,2025-02-01 04:37:14+00:00,33,False,0.5155640840530396,sentence-transformers/all-mpnet-base-v2,confirmatory,False,False
1885791033805643860,BOX,False,,27,insufficient,False,0.014941692713536,0.0013673158004571,0.0,0.004194744965337,0.0002853285700803,3.0,0.0043965047038567,-9.909379786550842,0.0,False,914061,2025-02-01 20:43:13+00:00,34,False,0.8749439716339111,sentence-transformers/all-mpnet-base-v2,confirmatory,False,False
1885829441353646239,BOX,False,,27,insufficient,False,0.014941692713536,0.0013673158004571,0.0,0.004194744965337,0.0002853285700803,3.0,0.0043965047038567,-9.909379786550842,0.0,False,914061,2025-02-01 23:15:50+00:00,35,False,0.4020898938179016,sentence-transformers/all-mpnet-base-v2,confirmatory,False,False
1885932322106798562,BOX,False,,27,insufficient,False,0.014941692713536,0.0013673158004571,0.0,0.004194744965337,0.0002853285700803,3.0,0.0043965047038567,-9.909379786550842,0.0,False,914061,2025-02-02 06:04:39+00:00,36,False,0.2638759613037109,sentence-transformers/all-mpnet-base-v2,confirmatory,False,False
1886099361853276163,BOX,False,,27,insufficient,False,0.014941692713536,0.0013673158004571,0.0,0.004194744965337,0.0002853285700803,3.0,0.0043965047038567,-9.909379786550842,0.0,False,914061,2025-02-02 17:08:24+00:00,37,False,0.3738906979560852,sentence-transformers/all-mpnet-base-v2,confirmatory,False,False
1886277540152737976,BOX,False,,27,insufficient,False,0.014941692713536,0.0013673158004571,0.0,0.004194744965337,0.0002853285700803,3.0,0.0043965047038567,-9.909379786550842,0.0,False,914061,2025-02-03 04:56:25+00:00,38,False,0.2532737851142883,sentence-transformers/all-mpnet-base-v2,confirmatory,False,False
1886605881154134195,BOX,False,,12,insufficient,False,0.0029578505013183,0.0019673093302482,0.0,0.004194744965337,0.0002853285700803,3.0,0.0043965047038567,-7.806563620535307,0.0,False,914061,2025-02-04 02:41:08+00:00,39,False,0.2905888557434082,sentence-transformers/all-mpnet-base-v2,confirmatory,False,False
1886660365351837805,BOX,False,,12,insufficient,False,0.0029578505013183,0.0019673093302482,0.0,0.004194744965337,0.0002853285700803,3.0,0.0043965047038567,-7.806563620535307,0.0,False,914061,2025-02-04 06:17:38+00:00,40,False,0.3651850819587707,sentence-transformers/all-mpnet-base-v2,confirmatory,False,False
1886876005513748539,BOX,False,,25,insufficient,False,-0.0013606922515916,0.000856325981958,6.0,,,,,,,False,914061,2025-02-04 20:34:30+00:00,41,False,0.3761983513832092,sentence-transformers/all-mpnet-base-v2,confirmatory,False,False
1886947986418360440,BOX,False,,10,insufficient,False,-0.0021987213464647,0.0017694441477137,0.0,0.004194744965337,0.0002853285700803,3.0,0.0043965047038567,-8.500027939508835,0.0,False,914061,2025-02-05 01:20:32+00:00,42,False,0.2853756546974182,sentence-transformers/all-mpnet-base-v2,confirmatory,False,False
1886967543665189097,BOX,False,,10,insufficient,False,-0.0021987213464647,0.0017694441477137,0.0,0.004194744965337,0.0002853285700803,3.0,0.0043965047038567,-8.500027939508835,0.0,False,914061,2025-02-05 02:38:15+00:00,43,False,0.2979252338409424,sentence-transformers/all-mpnet-base-v2,confirmatory,False,False
1887195521254891720,BOX,False,,30,partial,True,0.0028129227965612,0.0006262083989897,3.0,,,,,,,False,914061,2025-02-05 17:44:09+00:00,44,False,0.4798460006713867,sentence-transformers/all-mpnet-base-v2,confirmatory,False,False
1887274386492899565,BOX,False,,18,insufficient,False,0.0076055892405895,0.0019206248281712,0.0,0.004194744965337,0.0002853285700803,3.0,0.0043965047038567,-7.970180261041771,0.0,False,914061,2025-02-05 22:57:32+00:00,45,False,0.2828333377838135,sentence-transformers/all-mpnet-base-v2,confirmatory,False,False
1887575416514158696,BOX,False,,30,partial,True,0.0025477982974688,0.0004779801625454,4.0,0.0006705297706363,0.0,1.0,0.0006705297706363,,0.0,False,914061,2025-02-06 18:53:43+00:00,46,False,0.3277163505554199,sentence-transformers/all-mpnet-base-v2,confirmatory,False,False
1887587703665139765,MSFT,False,,56,partial,True,-0.0028547619114553,0.0002638495360874,5.0,0.000494370972611,0.0002392654254598,7142.0,0.0007939814404011,-0.9634548580538758,6.706804816577989,False,20571756,2025-02-06 19:42:32+00:00,67,False,0.4506863355636596,sentence-transformers/all-mpnet-base-v2,null_baseline,False,False
1887602132582604976,MSFT,False,,20,insufficient,False,0.002796619471894,0.0005759675685543,6.0,,,,,,,False,20571756,2025-02-06 20:39:53+00:00,68,False,0.2686865925788879,sentence-transformers/all-mpnet-base-v2,null_baseline,False,False
1887654055599874081,BOX,True,"jobs_report(ALL, 2025-02-07 13:30:00+00:00->2025-02-07 21:00:00+00:00)",17,insufficient,False,0.0104884587971141,0.0018699562478108,0.0,0.004194744965337,0.0002853285700803,3.0,0.0043965047038567,-8.147760025823331,0.0,False,914061,2025-02-07 00:06:12+00:00,47,False,0.3626599907875061,sentence-transformers/all-mpnet-base-v2,confirmatory,False,False
1887931096605802524,BOX,True,"jobs_report(ALL, 2025-02-07 13:30:00+00:00->2025-02-07 21:00:00+00:00)",18,insufficient,False,-0.0037185020097435,0.0008027634744196,4.0,0.0006705297706363,0.0,1.0,0.0006705297706363,,100.0,True,914061,2025-02-07 18:27:04+00:00,48,False,0.4795318841934204,sentence-transformers/all-mpnet-base-v2,confirmatory,False,False
1888004670809047367,QCOM,False,,49,partial,True,0.0040660678168296,0.0015505589795273,0.0,0.0017324859379107,0.0009055282058883,4816.0,0.0031227343684163,-0.2009070034487183,57.412790697674424,False,234930762,2025-02-07 23:19:25+00:00,87,False,0.238273799419403,sentence-transformers/all-mpnet-base-v2,confirmatory,False,False
1888347334330978448,BOX,False,,23,insufficient,False,0.0002553992932528,0.0026281077060684,0.0,0.004194744965337,0.0002853285700803,3.0,0.0043965047038567,-5.490642801130392,0.0,False,914061,2025-02-08 22:01:02+00:00,49,False,0.2313106060028076,sentence-transformers/all-mpnet-base-v2,confirmatory,False,False
1888366263510196449,BOX,False,,23,insufficient,False,0.0002553992932528,0.0026281077060684,0.0,0.004194744965337,0.0002853285700803,3.0,0.0043965047038567,-5.490642801130392,0.0,False,914061,2025-02-08 23:16:16+00:00,50,False,0.3352358937263489,sentence-transformers/all-mpnet-base-v2,confirmatory,False,False
1888683513593077782,BOX,False,,23,insufficient,False,0.0002553992932528,0.0026281077060684,0.0,0.004194744965337,0.0002853285700803,3.0,0.0043965047038567,-5.490642801130392,0.0,False,914061,2025-02-09 20:16:54+00:00,51,False,0.2821800112724304,sentence-transformers/all-mpnet-base-v2,confirmatory,False,False
1888802531343769729,BOX,False,,23,insufficient,False,0.0002553992932528,0.0026281077060684,0.0,0.004194744965337,0.0002853285700803,3.0,0.0043965047038567,-5.490642801130392,0.0,False,914061,2025-02-10 04:09:50+00:00,52,False,0.3264803290367126,sentence-transformers/all-mpnet-base-v2,confirmatory,False,False
1889125076114735360,BOX,False,,26,insufficient,False,0.0007654697012825,0.0010518128954263,0.0,0.004194744965337,0.0002853285700803,3.0,0.0043965047038567,-11.015132725844616,0.0,False,914061,2025-02-11 01:31:31+00:00,53,False,0.4168730974197387,sentence-transformers/all-mpnet-base-v2,confirmatory,False,False
1889189450045177893,BOX,False,,26,insufficient,False,0.0007654697012825,0.0010518128954263,0.0,0.004194744965337,0.0002853285700803,3.0,0.0043965047038567,-11.015132725844616,0.0,False,914061,2025-02-11 05:47:18+00:00,54,False,0.6120425462722778,sentence-transformers/all-mpnet-base-v2,confirmatory,False,False
1889198176172921122,BOX,False,,26,insufficient,False,0.0007654697012825,0.0010518128954263,0.0,0.004194744965337,0.0002853285700803,3.0,0.0043965047038567,-11.015132725844616,0.0,False,914061,2025-02-11 06:21:59+00:00,55,False,0.3892387747764587,sentence-transformers/all-mpnet-base-v2,confirmatory,False,False
1889344109376311483,BOX,False,,18,insufficient,False,0.0025360772668661,0.000598903354628,1.0,0.0013670565185054,9.769056425029918e-05,43.0,0.0014788781460496,-7.863125469408801,0.0,False,914061,2025-02-11 16:01:52+00:00,56,False,0.3539439439773559,sentence-transformers/all-mpnet-base-v2,confirmatory,False,False
1889396545038196936,BOX,False,,22,insufficient,False,0.0010571296857009,0.0003963624592658,4.0,0.0006705297706363,0.0,1.0,0.0006705297706363,,0.0,False,914061,2025-02-11 19:30:14+00:00,57,False,0.2214674949645996,sentence-transformers/all-mpnet-base-v2,confirmatory,False,False
1889486654043463741,BOX,True,"cpi(ALL, 2025-02-12 13:30:00+00:00->2025-02-12 21:00:00+00:00)",26,insufficient,False,0.0039901052056525,0.0013575836443945,0.0,0.004194744965337,0.0002853285700803,3.0,0.0043965047038567,-9.943488379531551,0.0,False,914061,2025-02-12 01:28:17+00:00,58,False,0.5299234986305237,sentence-transformers/all-mpnet-base-v2,confirmatory,False,False
1889525710617977174,BOX,True,"cpi(ALL, 2025-02-12 13:30:00+00:00->2025-02-12 21:00:00+00:00)",26,insufficient,False,0.0039901052056525,0.0013575836443945,0.0,0.004194744965337,0.0002853285700803,3.0,0.0043965047038567,-9.943488379531551,0.0,False,914061,2025-02-12 04:03:29+00:00,59,False,0.251596450805664,sentence-transformers/all-mpnet-base-v2,confirmatory,False,False
1889748479041478712,BOX,True,"cpi(ALL, 2025-02-12 13:30:00+00:00->2025-02-12 21:00:00+00:00)",10,insufficient,False,-0.002222631117894,0.0005594503525387,4.0,0.0006705297706363,0.0,1.0,0.0006705297706363,,0.0,False,914061,2025-02-12 18:48:41+00:00,60,False,0.2883637547492981,sentence-transformers/all-mpnet-base-v2,confirmatory,False,False
1889902458786423125,BOX,False,,16,insufficient,False,-0.0078028585993407,0.0017797038501652,0.0,0.004194744965337,0.0002853285700803,3.0,0.0043965047038567,-8.46407043813213,0.0,False,914061,2025-02-13 05:00:33+00:00,61,False,0.2871012687683105,sentence-transformers/all-mpnet-base-v2,confirmatory,False,False
1889940246969852413,BOX,False,,16,insufficient,False,-0.0078028585993407,0.0017797038501652,0.0,0.004194744965337,0.0002853285700803,3.0,0.0043965047038567,-8.46407043813213,0.0,False,914061,2025-02-13 07:30:42+00:00,62,False,0.2399004101753235,sentence-transformers/all-mpnet-base-v2,confirmatory,False,False
1890254251580125222,BOX,False,,18,insufficient,False,-0.0014883874653633,0.001268737134278,0.0,0.004194744965337,0.0002853285700803,3.0,0.0043965047038567,-10.254871533666511,0.0,False,914061,2025-02-14 04:18:27+00:00,63,False,0.3444831967353821,sentence-transformers/all-mpnet-base-v2,confirmatory,False,False
1890293306321695066,BOX,False,,18,insufficient,False,-0.0014883874653633,0.001268737134278,0.0,0.004194744965337,0.0002853285700803,3.0,0.0043965047038567,-10.254871533666511,0.0,False,914061,2025-02-14 06:53:38+00:00,64,False,0.4653506278991699,sentence-transformers/all-mpnet-base-v2,confirmatory,False,False
1890462605627490502,BOX,False,,23,insufficient,False,-0.002175922449793,0.0005124500275689,3.0,,,,,,,False,914061,2025-02-14 18:06:22+00:00,65,False,0.6414915323257446,sentence-transformers/all-mpnet-base-v2,confirmatory,False,False
1890472994436243707,QCOM,False,,48,partial,True,0.0022543710803444,0.0003445931726033,4.0,0.0009476882220797,0.0005636901752572,2138.0,0.0014189505937958,-1.0699051996093003,0.7015902712815716,False,234930762,2025-02-14 18:47:39+00:00,82,False,0.3304115533828735,sentence-transformers/all-mpnet-base-v2,confirmatory,False,False
1890500778839712173,BOX,False,,16,insufficient,False,0.00142758479847,0.0005391433360735,6.0,,,,,,,False,914061,2025-02-14 20:38:04+00:00,66,False,0.7674630880355835,sentence-transformers/all-mpnet-base-v2,confirmatory,False,False
1890602936889204839,BOX,False,,25,insufficient,False,-0.0015715501020119,0.0011819106436326,0.0,0.004194744965337,0.0002853285700803,3.0,0.0043965047038567,-10.55917506212477,0.0,False,914061,2025-02-15 03:24:00+00:00,67,False,0.8055300116539001,sentence-transformers/all-mpnet-base-v2,confirmatory,False,False
1890804783214104816,BOX,False,,25,insufficient,False,-0.0015715501020119,0.0011819106436326,0.0,0.004194744965337,0.0002853285700803,3.0,0.0043965047038567,-10.55917506212477,0.0,False,914061,2025-02-15 16:46:04+00:00,68,False,0.66091388463974,sentence-transformers/all-mpnet-base-v2,confirmatory,False,False
1890905974036176943,BOX,False,,25,insufficient,False,-0.0015715501020119,0.0011819106436326,0.0,0.004194744965337,0.0002853285700803,3.0,0.0043965047038567,-10.55917506212477,0.0,False,914061,2025-02-15 23:28:10+00:00,69,False,0.2812072038650512,sentence-transformers/all-mpnet-base-v2,confirmatory,False,False
1890962024319856775,BOX,False,,25,insufficient,False,-0.0015715501020119,0.0011819106436326,0.0,0.004194744965337,0.0002853285700803,3.0,0.0043965047038567,-10.55917506212477,0.0,False,914061,2025-02-16 03:10:53+00:00,70,False,0.6153310537338257,sentence-transformers/all-mpnet-base-v2,confirmatory,False,False
1891007199868072406,BOX,False,,25,insufficient,False,-0.0015715501020119,0.0011819106436326,0.0,0.004194744965337,0.0002853285700803,3.0,0.0043965047038567,-10.55917506212477,0.0,False,914061,2025-02-16 06:10:24+00:00,71,False,0.502861499786377,sentence-transformers/all-mpnet-base-v2,confirmatory,False,False
1891283040707490045,BOX,False,,25,insufficient,False,-0.0015715501020119,0.0011819106436326,0.0,0.004194744965337,0.0002853285700803,3.0,0.0043965047038567,-10.55917506212477,0.0,False,914061,2025-02-17 00:26:29+00:00,72,False,0.3288064002990722,sentence-transformers/all-mpnet-base-v2,confirmatory,False,False
1891291958275883406,BOX,False,,25,insufficient,False,-0.0015715501020119,0.0011819106436326,0.0,0.004194744965337,0.0002853285700803,3.0,0.0043965047038567,-10.55917506212477,0.0,False,914061,2025-02-17 01:01:56+00:00,73,False,0.2750239968299866,sentence-transformers/all-mpnet-base-v2,confirmatory,False,False
1891358026470420716,BOX,False,,25,insufficient,False,-0.0015715501020119,0.0011819106436326,0.0,0.004194744965337,0.0002853285700803,3.0,0.0043965047038567,-10.55917506212477,0.0,False,914061,2025-02-17 05:24:27+00:00,74,False,0.3182415962219238,sentence-transformers/all-mpnet-base-v2,confirmatory,False,False
1891543665106940226,BOX,False,,25,insufficient,False,-0.0015715501020119,0.0011819106436326,0.0,0.004194744965337,0.0002853285700803,3.0,0.0043965047038567,-10.55917506212477,0.0,False,914061,2025-02-17 17:42:07+00:00,75,False,0.2373725175857544,sentence-transformers/all-mpnet-base-v2,confirmatory,False,False
1891587229048336741,BOX,False,,25,insufficient,False,-0.0015715501020119,0.0011819106436326,0.0,0.004194744965337,0.0002853285700803,3.0,0.0043965047038567,-10.55917506212477,0.0,False,914061,2025-02-17 20:35:14+00:00,76,False,0.4620555639266968,sentence-transformers/all-mpnet-base-v2,confirmatory,False,False
1891645445056712930,BOX,False,,25,insufficient,False,-0.0015715501020119,0.0011819106436326,0.0,0.004194744965337,0.0002853285700803,3.0,0.0043965047038567,-10.55917506212477,0.0,False,914061,2025-02-18 00:26:33+00:00,77,False,0.2580354213714599,sentence-transformers/all-mpnet-base-v2,confirmatory,False,False
1891709981998596565,BOX,False,,25,insufficient,False,-0.0015715501020119,0.0011819106436326,0.0,0.004194744965337,0.0002853285700803,3.0,0.0043965047038567,-10.55917506212477,0.0,False,914061,2025-02-18 04:43:00+00:00,78,False,0.3722310662269592,sentence-transformers/all-mpnet-base-v2,confirmatory,False,False
1891889293184074047,BOX,False,,19,insufficient,False,0.0030377326112001,0.0005962776348261,1.0,0.0013670565185054,9.769056425029918e-05,43.0,0.0014788781460496,-7.890003395870465,0.0,False,914061,2025-02-18 16:35:31+00:00,79,False,0.2488141655921936,sentence-transformers/all-mpnet-base-v2,confirmatory,False,False
1891902408940265497,BOX,False,,23,insufficient,False,-0.0023923821757156,0.0005104748065221,2.0,,,,,,,False,914061,2025-02-18 17:27:38+00:00,80,False,0.625864565372467,sentence-transformers/all-mpnet-base-v2,confirmatory,False,False
1892013405990683014,BOX,False,,23,insufficient,False,-0.0059189818896923,0.0013202043028098,0.0,0.004194744965337,0.0002853285700803,3.0,0.0043965047038567,-10.074492931841831,0.0,False,914061,2025-02-19 00:48:42+00:00,81,False,0.3093962669372558,sentence-transformers/all-mpnet-base-v2,confirmatory,False,False
1892242895094313420,MSFT,False,,59,partial,True,0.0035452976157861,0.0008532941066842,1.0,0.0006167743380345,0.0002611472895039,13108.0,0.0008656246689829,0.9056949015208132,89.48733597802868,False,20571756,2025-02-19 16:00:37+00:00,69,False,0.5944492816925049,sentence-transformers/all-mpnet-base-v2,null_baseline,False,False
1892242897216450621,MSFT,False,,59,partial,True,0.0035452976157861,0.0008532941066842,1.0,0.0006167743380345,0.0002611472895039,13108.0,0.0008656246689829,0.9056949015208132,89.48733597802868,False,20571756,2025-02-19 16:00:37+00:00,69,False,0.6123089790344238,sentence-transformers/all-mpnet-base-v2,null_baseline,False,False
1892244164814725387,MSFT,False,,59,partial,True,0.0048208114924657,0.0008252767516074,1.0,0.0006167743380345,0.0002611472895039,13108.0,0.0008656246689829,0.7984092577370604,87.82422947818127,False,20571756,2025-02-19 16:05:39+00:00,71,False,0.4965519905090332,sentence-transformers/all-mpnet-base-v2,null_baseline,False,False
1892244167079923825,MSFT,False,,59,partial,True,0.0048208114924657,0.0008252767516074,1.0,0.0006167743380345,0.0002611472895039,13108.0,0.0008656246689829,0.7984092577370604,87.82422947818127,False,20571756,2025-02-19 16:05:40+00:00,72,False,0.705870509147644,sentence-transformers/all-mpnet-base-v2,null_baseline,False,False
1892305489532506469,MSFT,False,,50,partial,True,0.0006883814263873,0.0005830766938473,5.0,0.000494370972611,0.0002392654254598,7142.0,0.0007939814404011,0.3707419116899114,76.155138616634,False,20571756,2025-02-19 20:09:20+00:00,73,False,0.1535508632659912,sentence-transformers/all-mpnet-base-v2,null_baseline,False,False
1892352586000584761,BOX,False,,35,partial,True,-0.0130765398842699,0.0015996916927237,0.0,0.004194744965337,0.0002853285700803,3.0,0.0043965047038567,-9.09496469940722,0.0,False,914061,2025-02-19 23:16:29+00:00,82,False,0.3144785165786743,sentence-transformers/all-mpnet-base-v2,confirmatory,False,False
1892434097529565547,BOX,False,,35,partial,True,-0.0130765398842699,0.0015996916927237,0.0,0.004194744965337,0.0002853285700803,3.0,0.0043965047038567,-9.09496469940722,0.0,False,914061,2025-02-20 04:40:23+00:00,83,False,0.4830003976821899,sentence-transformers/all-mpnet-base-v2,confirmatory,False,False
1892600851807498325,BOX,False,,33,partial,True,0.0027348054970127,0.0008516743894619,1.0,0.0013670565185054,9.769056425029918e-05,43.0,0.0014788781460496,-5.275659251214733,0.0,False,914061,2025-02-20 15:43:00+00:00,84,False,0.259450614452362,sentence-transformers/all-mpnet-base-v2,confirmatory,False,False
1893020560470261861,BOX,False,,44,partial,True,-0.0010136839202558,0.0005935348918407,5.0,0.0011560845445843,0.0002470170345756,55.0,0.001531028419464,-2.2773718974883415,0.0,False,914061,2025-02-21 19:30:46+00:00,85,False,0.4828724265098572,sentence-transformers/all-mpnet-base-v2,confirmatory,False,False
1893046887692788115,BOX,False,,46,partial,True,-0.0142167600199155,0.0020095328038335,0.0,0.004194744965337,0.0002853285700803,3.0,0.0043965047038567,-7.6585816866779295,0.0,False,914061,2025-02-21 21:15:23+00:00,86,False,0.2712800502777099,sentence-transformers/all-mpnet-base-v2,confirmatory,False,False
1893170662593962485,BOX,False,,46,partial,True,-0.0142167600199155,0.0020095328038335,0.0,0.004194744965337,0.0002853285700803,3.0,0.0043965047038567,-7.6585816866779295,0.0,False,914061,2025-02-22 05:27:14+00:00,87,False,0.4739031195640564,sentence-transformers/all-mpnet-base-v2,confirmatory,False,False
1893336277602443779,BOX,False,,46,partial,True,-0.0142167600199155,0.0020095328038335,0.0,0.004194744965337,0.0002853285700803,3.0,0.0043965047038567,-7.6585816866779295,0.0,False,914061,2025-02-22 16:25:19+00:00,88,False,0.67502361536026,sentence-transformers/all-mpnet-base-v2,confirmatory,False,False
1893354031323480353,BOX,False,,46,partial,True,-0.0142167600199155,0.0020095328038335,0.0,0.004194744965337,0.0002853285700803,3.0,0.0043965047038567,-7.6585816866779295,0.0,False,914061,2025-02-22 17:35:52+00:00,89,False,0.2771105170249939,sentence-transformers/all-mpnet-base-v2,confirmatory,False,False
1893489954581258505,BOX,False,,46,partial,True,-0.0142167600199155,0.0020095328038335,0.0,0.004194744965337,0.0002853285700803,3.0,0.0043965047038567,-7.6585816866779295,0.0,False,914061,2025-02-23 02:35:59+00:00,90,False,0.3445526361465454,sentence-transformers/all-mpnet-base-v2,confirmatory,False,False
1893513827422962049,BOX,False,,46,partial,True,-0.0142167600199155,0.0020095328038335,0.0,0.004194744965337,0.0002853285700803,3.0,0.0043965047038567,-7.6585816866779295,0.0,False,914061,2025-02-23 04:10:50+00:00,91,False,0.2010158896446228,sentence-transformers/all-mpnet-base-v2,confirmatory,False,False
1893838447246270806,MSFT,False,,60,complete,True,-0.0173714281341071,0.0013249605315128,0.0,0.0008174575401678,0.0003989604251514,14622.0,0.0012105221411381,1.2720634913908817,93.33880454110243,True,20571756,2025-02-24 01:40:46+00:00,74,False,0.4871281385421753,sentence-transformers/all-mpnet-base-v2,null_baseline,False,False
1893838508525011177,MSFT,False,,60,complete,True,-0.0173714281341071,0.0013249605315128,0.0,0.0008174575401678,0.0003989604251514,14622.0,0.0012105221411381,1.2720634913908817,93.33880454110243,True,20571756,2025-02-24 01:41:00+00:00,75,False,0.6319366693496704,sentence-transformers/all-mpnet-base-v2,null_baseline,False,False
1893891111745130625,BOX,False,,46,partial,True,-0.0142167600199155,0.0020095328038335,0.0,0.004194744965337,0.0002853285700803,3.0,0.0043965047038567,-7.6585816866779295,0.0,False,914061,2025-02-24 05:10:02+00:00,92,False,0.4081812500953674,sentence-transformers/all-mpnet-base-v2,confirmatory,False,False
1894071278157328650,BOX,False,,30,partial,True,0.0037014989855712,0.0007932787559329,2.0,,,,,,,False,914061,2025-02-24 17:05:57+00:00,93,False,0.5867612361907959,sentence-transformers/all-mpnet-base-v2,confirmatory,False,False
1894110480014479481,BOX,False,,28,partial,True,0.0028558249613203,0.0007868633045292,5.0,0.0011560845445843,0.0002470170345756,55.0,0.001531028419464,-1.4947197495479974,0.0,False,914061,2025-02-24 19:41:43+00:00,94,False,0.6625497341156006,sentence-transformers/all-mpnet-base-v2,confirmatory,False,False
1894124000751882310,BOX,False,,24,insufficient,False,-0.0002224547352396,0.0006732216233183,6.0,,,,,,,False,914061,2025-02-24 20:35:27+00:00,95,False,0.4859017133712768,sentence-transformers/all-mpnet-base-v2,confirmatory,False,False
1894805462404735289,BOX,False,,33,partial,True,-0.0019937936392672,0.0007303129281833,3.0,,,,,,,False,914061,2025-02-26 17:43:20+00:00,96,False,0.3801107406616211,sentence-transformers/all-mpnet-base-v2,confirmatory,False,False
1894851352565817599,BOX,False,,14,insufficient,False,-0.0037019184095657,0.0006871127483651,6.0,,,,,,,False,914061,2025-02-26 20:45:41+00:00,97,False,0.6116008162498474,sentence-transformers/all-mpnet-base-v2,confirmatory,False,False
1894863924526551502,BOX,False,,30,partial,True,0.0021438455434035,0.0020641029960059,0.0,0.004194744965337,0.0002853285700803,3.0,0.0043965047038567,-7.467327820452427,0.0,False,914061,2025-02-26 21:35:39+00:00,98,False,0.2662906646728515,sentence-transformers/all-mpnet-base-v2,confirmatory,False,False
1894876061302956372,MSFT,False,,60,complete,True,-0.0023613620333255,0.0012026926826902,0.0,0.0008174575401678,0.0003989604251514,14622.0,0.0012105221411381,0.9655973831893792,89.67309533579537,False,20571756,2025-02-26 22:23:52+00:00,76,False,0.5385908484458923,sentence-transformers/all-mpnet-base-v2,null_baseline,False,False
1894925785330524577,BOX,False,,30,partial,True,0.0021438455434035,0.0020641029960059,0.0,0.004194744965337,0.0002853285700803,3.0,0.0043965047038567,-7.467327820452427,0.0,False,914061,2025-02-27 01:41:27+00:00,99,False,0.3505095243453979,sentence-transformers/all-mpnet-base-v2,confirmatory,False,False
1894961069837475912,BOX,False,,30,partial,True,0.0021438455434035,0.0020641029960059,0.0,0.004194744965337,0.0002853285700803,3.0,0.0043965047038567,-7.467327820452427,0.0,False,914061,2025-02-27 04:01:40+00:00,100,False,0.2356264591217041,sentence-transformers/all-mpnet-base-v2,confirmatory,False,False
1894996900577001974,BOX,False,,30,partial,True,0.0021438455434035,0.0020641029960059,0.0,0.004194744965337,0.0002853285700803,3.0,0.0043965047038567,-7.467327820452427,0.0,False,914061,2025-02-27 06:24:03+00:00,101,False,0.5364823341369629,sentence-transformers/all-mpnet-base-v2,confirmatory,False,False
1895212396383478194,MSFT,False,,19,insufficient,False,-0.0009894839246107,0.0006720216241888,6.0,,,,,,,False,20571756,2025-02-27 20:40:21+00:00,77,False,0.3701215982437134,sentence-transformers/all-mpnet-base-v2,null_baseline,False,False
1895212556467479021,BOX,False,,17,insufficient,False,-0.0029036865091692,0.0006375080132167,6.0,,,,,,,False,914061,2025-02-27 20:40:59+00:00,102,False,0.4520612359046936,sentence-transformers/all-mpnet-base-v2,confirmatory,False,False
1895212584342822934,MSFT,False,,18,insufficient,False,-0.0008787348510272,0.0006834187901253,6.0,,,,,,,False,20571756,2025-02-27 20:41:06+00:00,78,False,0.6128716468811035,sentence-transformers/all-mpnet-base-v2,null_baseline,False,False
1895287650581651494,BOX,False,,22,insufficient,False,-0.0042762005919039,0.0015575756688784,0.0,0.004194744965337,0.0002853285700803,3.0,0.0043965047038567,-9.242570050786709,0.0,False,914061,2025-02-28 01:39:23+00:00,103,False,0.5757929086685181,sentence-transformers/all-mpnet-base-v2,confirmatory,False,False
1895317985281343659,BOX,False,,22,insufficient,False,-0.0042762005919039,0.0015575756688784,0.0,0.004194744965337,0.0002853285700803,3.0,0.0043965047038567,-9.242570050786709,0.0,False,914061,2025-02-28 03:39:55+00:00,104,False,0.627132773399353,sentence-transformers/all-mpnet-base-v2,confirmatory,False,False
1895362176409575936,BOX,False,,22,insufficient,False,-0.0042762005919039,0.0015575756688784,0.0,0.004194744965337,0.0002853285700803,3.0,0.0043965047038567,-9.242570050786709,0.0,False,914061,2025-02-28 06:35:31+00:00,105,False,0.3250903487205505,sentence-transformers/all-mpnet-base-v2,confirmatory,False,False
1895703228475723961,BOX,False,,42,partial,True,0.0053171550651481,0.0013335467998331,0.0,0.004194744965337,0.0002853285700803,3.0,0.0043965047038567,-10.027731063517116,0.0,False,914061,2025-03-01 05:10:44+00:00,106,False,0.3624812364578247,sentence-transformers/all-mpnet-base-v2,confirmatory,False,False
1895885433671991429,BOX,False,,42,partial,True,0.0053171550651481,0.0013335467998331,0.0,0.004194744965337,0.0002853285700803,3.0,0.0043965047038567,-10.027731063517116,0.0,False,914061,2025-03-01 17:14:45+00:00,107,False,0.3750932216644287,sentence-transformers/all-mpnet-base-v2,confirmatory,False,False
1895888843255300585,BOX,False,,42,partial,True,0.0053171550651481,0.0013335467998331,0.0,0.004194744965337,0.0002853285700803,3.0,0.0043965047038567,-10.027731063517116,0.0,False,914061,2025-03-01 17:28:18+00:00,108,False,0.3762948513031006,sentence-transformers/all-mpnet-base-v2,confirmatory,False,False
1896005470131015847,BOX,False,,42,partial,True,0.0053171550651481,0.0013335467998331,0.0,0.004194744965337,0.0002853285700803,3.0,0.0043965047038567,-10.027731063517116,0.0,False,914061,2025-03-02 01:11:44+00:00,109,False,0.4680092334747314,sentence-transformers/all-mpnet-base-v2,confirmatory,False,False
1896258239018553653,BOX,False,,42,partial,True,0.0053171550651481,0.0013335467998331,0.0,0.004194744965337,0.0002853285700803,3.0,0.0043965047038567,-10.027731063517116,0.0,False,914061,2025-03-02 17:56:09+00:00,110,False,0.1584821939468383,sentence-transformers/all-mpnet-base-v2,confirmatory,False,False
1896381948895043916,BOX,False,,42,partial,True,0.0053171550651481,0.0013335467998331,0.0,0.004194744965337,0.0002853285700803,3.0,0.0043965047038567,-10.027731063517116,0.0,False,914061,2025-03-03 02:07:44+00:00,111,False,0.181963562965393,sentence-transformers/all-mpnet-base-v2,confirmatory,False,False
1896581949298536757,MSFT,False,,54,partial,True,0.0019326089832212,0.000690358008145,0.0,0.0008174575401678,0.0003989604251514,14622.0,0.0012105221411381,-0.318576791105389,39.29694980166872,False,20571756,2025-03-03 15:22:28+00:00,78,False,0.4509304761886596,sentence-transformers/all-mpnet-base-v2,null_baseline,False,False
1896581951303405739,MSFT,False,,54,partial,True,0.0019326089832212,0.000690358008145,0.0,0.0008174575401678,0.0003989604251514,14622.0,0.0012105221411381,-0.318576791105389,39.29694980166872,False,20571756,2025-03-03 15:22:28+00:00,78,False,0.71123206615448,sentence-transformers/all-mpnet-base-v2,null_baseline,False,False
1896630503308247134,QCOM,False,,47,partial,True,0.0007542920125185,0.0010311539931119,4.0,0.0009476882220797,0.0005636901752572,2138.0,0.0014189505937958,0.1480702958750661,65.90271281571563,False,234930762,2025-03-03 18:35:24+00:00,75,False,0.3183289766311645,sentence-transformers/all-mpnet-base-v2,confirmatory,False,False
1896690704245772759,BOX,False,,53,partial,True,0.0325624750934621,0.0034380564501721,0.0,0.004194744965337,0.0002853285700803,3.0,0.0043965047038567,-2.651990002093786,0.0,False,914061,2025-03-03 22:34:37+00:00,112,False,0.2119629383087158,sentence-transformers/all-mpnet-base-v2,confirmatory,False,False
1896962302425067791,BOX,False,,40,partial,True,-0.0032355173284535,0.0012620809217217,2.0,,,,,,,False,914061,2025-03-04 16:33:51+00:00,113,False,0.4356706142425537,sentence-transformers/all-mpnet-base-v2,confirmatory,False,False
1897135250737938672,BOX,True,"earnings(BOX, 2025-03-04 21:00:00+00:00->2025-03-05 21:00:00+00:00)",58,partial,False,-0.0516850358712408,0.0042733570834949,0.0,0.004194744965337,0.0002853285700803,3.0,0.0043965047038567,0.2755143592376223,33.33333333333333,False,914061,2025-03-05 04:01:05+00:00,114,False,0.283781886100769,sentence-transformers/all-mpnet-base-v2,confirmatory,False,False
1897308312162746426,MSFT,False,,60,complete,True,0.0032624498096729,0.0007220341530657,0.0,0.0008174575401678,0.0003989604251514,14622.0,0.0012105221411381,-0.2391800817484109,44.562987279441934,False,20571756,2025-03-05 15:28:46+00:00,80,False,0.6215929985046387,sentence-transformers/all-mpnet-base-v2,null_baseline,False,False
1897318306107031628,MSFT,False,,60,complete,True,0.0015024749134766,0.0007449992906309,1.0,0.0006167743380345,0.0002611472895039,13108.0,0.0008656246689829,0.4910062548993349,80.78272810497407,False,20571756,2025-03-05 16:08:29+00:00,81,False,0.3461284041404724,sentence-transformers/all-mpnet-base-v2,null_baseline,False,False
1897351862925599227,QCOM,False,,36,partial,True,0.0035264657013904,0.0010952907066506,3.0,0.0011347929536885,0.0005617187407871,1807.0,0.0019061194460276,-0.0703238901778064,55.39568345323741,False,234930762,2025-03-05 18:21:49+00:00,74,False,0.2980427742004394,sentence-transformers/all-mpnet-base-v2,confirmatory,False,False
1897361721838198914,QCOM,False,,45,partial,True,0.005306335153727,0.000914648647218,4.0,0.0009476882220797,0.0005636901752572,2138.0,0.0014189505937958,-0.0586130046468529,60.056127221702525,False,234930762,2025-03-05 19:01:00+00:00,75,False,0.3020445108413696,sentence-transformers/all-mpnet-base-v2,confirmatory,False,False
1897408836094582903,BOX,False,,40,partial,True,0.0009051821392224,0.0027985737781736,0.0,0.004194744965337,0.0002853285700803,3.0,0.0043965047038567,-4.893205004918295,0.0,False,914061,2025-03-05 22:08:13+00:00,115,False,0.244984745979309,sentence-transformers/all-mpnet-base-v2,confirmatory,False,False
1897411815929475272,QCOM,False,,59,partial,True,-1.371588727117068e-05,0.0013268627949773,0.0,0.0017324859379107,0.0009055282058883,4816.0,0.0031227343684163,-0.4479409258549545,43.14784053156146,False,234930762,2025-03-05 22:20:03+00:00,76,False,0.3304730653762817,sentence-transformers/all-mpnet-base-v2,confirmatory,False,False
1897542826168344795,BOX,False,,40,partial,True,0.0009051821392224,0.0027985737781736,0.0,0.004194744965337,0.0002853285700803,3.0,0.0043965047038567,-4.893205004918295,0.0,False,914061,2025-03-06 07:00:39+00:00,116,False,0.3346618413925171,sentence-transformers/all-mpnet-base-v2,confirmatory,False,False
1897693955824792048,QCOM,False,,58,partial,True,0.0003282843965652,0.0010531357259932,2.0,0.001322062776426,0.0006958446398886,1733.0,0.002085494805309,-0.386475708824557,37.96884016156953,False,234930762,2025-03-06 17:01:11+00:00,77,False,0.355356752872467,sentence-transformers/all-mpnet-base-v2,confirmatory,False,False
1897711997778903443,QCOM,False,,55,partial,True,-9.396195904010083e-06,0.000952706333277,3.0,0.0011347929536885,0.0005617187407871,1807.0,0.0019061194460276,-0.3241597746165099,42.28002213613725,False,234930762,2025-03-06 18:12:52+00:00,78,False,0.5817176103591919,sentence-transformers/all-mpnet-base-v2,confirmatory,False,False
1897891141116477708,BOX,True,"jobs_report(ALL, 2025-03-07 13:30:00+00:00->2025-03-07 21:00:00+00:00)",33,partial,False,-0.0041089242064896,0.001268201689612,0.0,0.004194744965337,0.0002853285700803,3.0,0.0043965047038567,-10.256748123402676,0.0,False,914061,2025-03-07 06:04:43+00:00,117,False,0.3512663841247558,sentence-transformers/all-mpnet-base-v2,confirmatory,False,False
1898085262376538545,QCOM,True,"jobs_report(ALL, 2025-03-07 13:30:00+00:00->2025-03-07 21:00:00+00:00)",56,partial,False,0.0031357302140866,0.0008157704142625,4.0,0.0009476882220797,0.0005636901752572,2138.0,0.0014189505937958,-0.2340253806215841,51.12254443405051,False,234930762,2025-03-07 18:56:05+00:00,79,False,0.3619980812072754,sentence-transformers/all-mpnet-base-v2,confirmatory,False,False
1898135403930230974,QCOM,False,,58,partial,True,-0.0190653651402543,0.002207505027623,0.0,0.0017324859379107,0.0009055282058883,4816.0,0.0031227343684163,0.5245768012784755,73.71262458471762,False,234930762,2025-03-07 22:15:20+00:00,80,False,0.347385048866272,sentence-transformers/all-mpnet-base-v2,confirmatory,False,False
1898185082243805382,BOX,False,,36,partial,True,0.021753544581752,0.0015343928328518,0.0,0.004194744965337,0.0002853285700803,3.0,0.0043965047038567,-9.32381966424114,0.0,False,914061,2025-03-08 01:32:44+00:00,118,False,0.1844265460968017,sentence-transformers/all-mpnet-base-v2,confirmatory,False,False
1898527920219701559,BOX,False,,36,partial,True,0.021753544581752,0.0015343928328518,0.0,0.004194744965337,0.0002853285700803,3.0,0.0043965047038567,-9.32381966424114,0.0,False,914061,2025-03-09 00:15:03+00:00,119,False,0.3752742409706116,sentence-transformers/all-mpnet-base-v2,confirmatory,False,False
1898595782628114819,BOX,False,,36,partial,True,0.021753544581752,0.0015343928328518,0.0,0.004194744965337,0.0002853285700803,3.0,0.0043965047038567,-9.32381966424114,0.0,False,914061,2025-03-09 04:44:43+00:00,120,False,0.4157798886299133,sentence-transformers/all-mpnet-base-v2,confirmatory,False,False
1898774082143076453,MSFT,False,,60,complete,True,0.0070475225056944,0.0013790974535915,0.0,0.0008174575401678,0.0003989604251514,14622.0,0.0012105221411381,1.4077584592767236,94.67241143482424,True,20571756,2025-03-09 16:33:13+00:00,81,False,0.7926434278488159,sentence-transformers/all-mpnet-base-v2,null_baseline,False,False
1898822422582948204,BOX,False,,36,partial,True,0.021753544581752,0.0015343928328518,0.0,0.004194744965337,0.0002853285700803,3.0,0.0043965047038567,-9.32381966424114,0.0,False,914061,2025-03-09 19:45:18+00:00,121,False,0.2919415831565857,sentence-transformers/all-mpnet-base-v2,confirmatory,False,False
1898904236936814900,BOX,False,,36,partial,True,0.021753544581752,0.0015343928328518,0.0,0.004194744965337,0.0002853285700803,3.0,0.0043965047038567,-9.32381966424114,0.0,False,914061,2025-03-10 01:10:24+00:00,122,False,0.228472888469696,sentence-transformers/all-mpnet-base-v2,confirmatory,False,False
1899238812942999776,QCOM,False,,58,partial,True,-0.0190653651402543,0.002207505027623,0.0,0.0017324859379107,0.0009055282058883,4816.0,0.0031227343684163,0.5245768012784755,73.71262458471762,False,234930762,2025-03-10 23:19:53+00:00,79,False,0.2742372155189514,sentence-transformers/all-mpnet-base-v2,confirmatory,False,False
1899482127466705397,BOX,False,,31,partial,True,-0.0021979749306302,0.0011354493782998,1.0,0.0013670565185054,9.769056425029918e-05,43.0,0.0014788781460496,-2.3708240604713833,0.0,False,914061,2025-03-11 15:26:44+00:00,123,False,0.7971270680427551,sentence-transformers/all-mpnet-base-v2,confirmatory,False,False
1899522600172507617,BOX,False,,34,partial,True,0.0010826340024638,0.0007607798465508,4.0,0.0006705297706363,0.0,1.0,0.0006705297706363,,100.0,True,914061,2025-03-11 18:07:33+00:00,124,False,0.3711576461791992,sentence-transformers/all-mpnet-base-v2,confirmatory,False,False
1899844667811983614,BOX,True,"cpi(ALL, 2025-03-12 12:30:00+00:00->2025-03-12 20:00:00+00:00)",31,partial,False,-0.0088422826308479,0.0011016304931603,1.0,0.0013670565185054,9.769056425029918e-05,43.0,0.0014788781460496,-2.7170078029752043,0.0,False,914061,2025-03-12 15:27:20+00:00,125,False,0.4142475128173828,sentence-transformers/all-mpnet-base-v2,confirmatory,False,False
1899948377347154182,QCOM,False,,49,partial,True,0.0180302127049043,0.0014980973766901,0.0,0.0017324859379107,0.0009055282058883,4816.0,0.0031227343684163,-0.258841811548707,55.21179401993355,False,234930762,2025-03-12 22:19:27+00:00,80,False,0.3105505108833313,sentence-transformers/all-mpnet-base-v2,confirmatory,False,False
1899959924555485502,QCOM,False,,49,partial,True,0.0180302127049043,0.0014980973766901,0.0,0.0017324859379107,0.0009055282058883,4816.0,0.0031227343684163,-0.258841811548707,55.21179401993355,False,234930762,2025-03-12 23:05:20+00:00,81,False,0.3662606477737427,sentence-transformers/all-mpnet-base-v2,confirmatory,False,False
1900015612795162664,BOX,False,,38,partial,True,-0.0125569071951473,0.0015970310503926,0.0,0.004194744965337,0.0002853285700803,3.0,0.0043965047038567,-9.104289536139644,0.0,False,914061,2025-03-13 02:46:37+00:00,126,False,0.2765095829963684,sentence-transformers/all-mpnet-base-v2,confirmatory,False,False
1900209495479034021,MSFT,False,,60,complete,True,0.0015677455873324,0.0006745817451678,2.0,0.0005469180339176,0.0002536873704358,10190.0,0.0007458176265516,0.5032324274988151,82.15897939156035,False,20571756,2025-03-13 15:37:02+00:00,81,False,0.4476708173751831,sentence-transformers/all-mpnet-base-v2,null_baseline,False,False
1900209497077129468,MSFT,False,,60,complete,True,0.0015677455873324,0.0006745817451678,2.0,0.0005469180339176,0.0002536873704358,10190.0,0.0007458176265516,0.5032324274988151,82.15897939156035,False,20571756,2025-03-13 15:37:02+00:00,81,False,0.6031526327133179,sentence-transformers/all-mpnet-base-v2,null_baseline,False,False
1900360028189843677,BOX,False,,36,partial,True,-0.0004883731998257,0.0016004615401112,0.0,0.004194744965337,0.0002853285700803,3.0,0.0043965047038567,-9.092266591091848,0.0,False,914061,2025-03-14 01:35:12+00:00,127,False,0.2902457118034363,sentence-transformers/all-mpnet-base-v2,confirmatory,False,False
1900638059903021069,BOX,False,,33,partial,True,-0.0011251792808557,0.001300624337658,0.0,0.004194744965337,0.0002853285700803,3.0,0.0043965047038567,-10.143115450597223,0.0,False,914061,2025-03-14 20:00:00+00:00,128,False,0.5940910577774048,sentence-transformers/all-mpnet-base-v2,confirmatory,False,False
1900800251105058991,QCOM,False,,53,partial,True,-0.006359112798702,0.0012102108480923,0.0,0.0017324859379107,0.0009055282058883,4816.0,0.0031227343684163,-0.5767629174023895,34.8421926910299,False,234930762,2025-03-15 06:44:29+00:00,82,False,0.6912291646003723,sentence-transformers/all-mpnet-base-v2,confirmatory,False,False
1900923776851996706,BOX,False,,33,partial,True,-0.0011251792808557,0.001300624337658,0.0,0.004194744965337,0.0002853285700803,3.0,0.0043965047038567,-10.143115450597223,0.0,False,914061,2025-03-15 14:55:20+00:00,129,False,0.5673741698265076,sentence-transformers/all-mpnet-base-v2,confirmatory,False,False
1901022128604147878,BOX,False,,33,partial,True,-0.0011251792808557,0.001300624337658,0.0,0.004194744965337,0.0002853285700803,3.0,0.0043965047038567,-10.143115450597223,0.0,False,914061,2025-03-15 21:26:09+00:00,130,False,0.4434805512428283,sentence-transformers/all-mpnet-base-v2,confirmatory,False,False
1901305619581460690,BOX,False,,33,partial,True,-0.0011251792808557,0.001300624337658,0.0,0.004194744965337,0.0002853285700803,3.0,0.0043965047038567,-10.143115450597223,0.0,False,914061,2025-03-16 16:12:38+00:00,131,False,0.1697307229042053,sentence-transformers/all-mpnet-base-v2,confirmatory,False,False
1901374781800505688,BOX,False,,33,partial,True,-0.0011251792808557,0.001300624337658,0.0,0.004194744965337,0.0002853285700803,3.0,0.0043965047038567,-10.143115450597223,0.0,False,914061,2025-03-16 20:47:28+00:00,132,False,0.2172439098358154,sentence-transformers/all-mpnet-base-v2,confirmatory,False,False
1901803318051262623,BOX,False,,29,partial,True,-0.0001561073983388,0.0012330981027331,0.0,0.004194744965337,0.0002853285700803,3.0,0.0043965047038567,-10.379776766727744,0.0,False,914061,2025-03-18 01:10:19+00:00,133,False,0.631230354309082,sentence-transformers/all-mpnet-base-v2,confirmatory,False,False
1901833521146286367,BOX,False,,29,partial,True,-0.0001561073983388,0.0012330981027331,0.0,0.004194744965337,0.0002853285700803,3.0,0.0043965047038567,-10.379776766727744,0.0,False,914061,2025-03-18 03:10:20+00:00,134,False,0.3638901710510254,sentence-transformers/all-mpnet-base-v2,confirmatory,False,False
1902038012093198486,MSFT,False,,59,partial,True,-0.0002934724657018,0.0005006401866929,3.0,0.0005162286279595,0.0003998599403704,9792.0,0.0006680850669626,-0.0389847536418549,61.28472222222222,False,20571756,2025-03-18 16:42:54+00:00,80,False,0.3113360404968261,sentence-transformers/all-mpnet-base-v2,null_baseline,False,False
1902038061254639632,MSFT,False,,59,partial,True,-0.0002611785098427,0.0004878685364345,3.0,0.0005162286279595,0.0003998599403704,9792.0,0.0006680850669626,-0.0709250631576871,58.772467320261434,False,20571756,2025-03-18 16:43:06+00:00,81,False,0.6811297535896301,sentence-transformers/all-mpnet-base-v2,null_baseline,False,False
1902060094222987448,MSFT,False,,58,partial,True,-0.0005535143239121,0.0004410264105847,4.0,0.0004702143088476,0.0002382934904684,10669.0,0.0006810947374758,-0.1224871825309218,58.121660886681035,False,20571756,2025-03-18 18:10:39+00:00,82,False,0.7433696985244751,sentence-transformers/all-mpnet-base-v2,null_baseline,False,False
1902061864303096237,MSFT,False,,58,partial,True,0.0006518797155905,0.0004435156469427,4.0,0.0004702143088476,0.0002382934904684,10669.0,0.0006810947374758,-0.1120410878719911,58.843378011060075,False,20571756,2025-03-18 18:17:41+00:00,83,False,0.395181655883789,sentence-transformers/all-mpnet-base-v2,null_baseline,False,False
1902092328384528642,MSFT,False,,59,partial,True,0.0024242271153243,0.0007040624513734,0.0,0.0008174575401678,0.0003989604251514,14622.0,0.0012105221411381,-0.284226408550091,41.59485706469703,False,20571756,2025-03-18 20:18:44+00:00,84,False,0.3160144090652466,sentence-transformers/all-mpnet-base-v2,null_baseline,False,False
1902112777512128631,BOX,False,,34,partial,True,-0.0055868996655377,0.0009954241851904,0.0,0.004194744965337,0.0002853285700803,3.0,0.0043965047038567,-11.212760009435447,0.0,False,914061,2025-03-18 21:40:00+00:00,135,False,0.2875906825065613,sentence-transformers/all-mpnet-base-v2,confirmatory,False,False
1902398384360558940,BOX,False,,23,insufficient,False,-0.0012905945235974,0.0007922594287824,3.0,,,,,,,False,914061,2025-03-19 16:34:54+00:00,136,False,0.2446086406707763,sentence-transformers/all-mpnet-base-v2,confirmatory,False,False
1902457371768566226,BOX,False,,19,insufficient,False,-0.0125846742672345,0.0020840053685983,0.0,0.004194744965337,0.0002853285700803,3.0,0.0043965047038567,-7.397575350215139,0.0,False,914061,2025-03-19 20:29:18+00:00,137,False,0.3509542942047119,sentence-transformers/all-mpnet-base-v2,confirmatory,False,False
1902499895547687077,BOX,False,,19,insufficient,False,-0.0125846742672345,0.0020840053685983,0.0,0.004194744965337,0.0002853285700803,3.0,0.0043965047038567,-7.397575350215139,0.0,False,914061,2025-03-19 23:18:16+00:00,138,False,0.1941453218460083,sentence-transformers/all-mpnet-base-v2,confirmatory,False,False
1902817611588501964,BOX,False,,34,partial,True,0.0116438108943928,0.0018222139950459,0.0,0.004194744965337,0.0002853285700803,3.0,0.0043965047038567,-8.315083798382927,0.0,False,914061,2025-03-20 20:20:45+00:00,139,False,0.5233993530273438,sentence-transformers/all-mpnet-base-v2,confirmatory,False,False
1902883005959680383,BOX,False,,34,partial,True,0.0116438108943928,0.0018222139950459,0.0,0.004194744965337,0.0002853285700803,3.0,0.0043965047038567,-8.315083798382927,0.0,False,914061,2025-03-21 00:40:37+00:00,140,False,0.3111289739608764,sentence-transformers/all-mpnet-base-v2,confirmatory,False,False
1903314884525428772,BOX,False,,29,partial,True,0.0045462890843304,0.0014315716313891,0.0,0.004194744965337,0.0002853285700803,3.0,0.0043965047038567,-9.684180357997777,0.0,False,914061,2025-03-22 05:16:45+00:00,141,False,0.2737213373184204,sentence-transformers/all-mpnet-base-v2,confirmatory,False,False
1903459734885372261,BOX,False,,29,partial,True,0.0045462890843304,0.0014315716313891,0.0,0.004194744965337,0.0002853285700803,3.0,0.0043965047038567,-9.684180357997777,0.0,False,914061,2025-03-22 14:52:20+00:00,142,False,0.2547720670700073,sentence-transformers/all-mpnet-base-v2,confirmatory,False,False
1903544507880411531,BOX,False,,29,partial,True,0.0045462890843304,0.0014315716313891,0.0,0.004194744965337,0.0002853285700803,3.0,0.0043965047038567,-9.684180357997777,0.0,False,914061,2025-03-22 20:29:11+00:00,143,False,0.5895453095436096,sentence-transformers/all-mpnet-base-v2,confirmatory,False,False
1903588869301481477,BOX,False,,29,partial,True,0.0045462890843304,0.0014315716313891,0.0,0.004194744965337,0.0002853285700803,3.0,0.0043965047038567,-9.684180357997777,0.0,False,914061,2025-03-22 23:25:28+00:00,144,False,0.3472656011581421,sentence-transformers/all-mpnet-base-v2,confirmatory,False,False
1903815357888184627,BOX,False,,29,partial,True,0.0045462890843304,0.0014315716313891,0.0,0.004194744965337,0.0002853285700803,3.0,0.0043965047038567,-9.684180357997777,0.0,False,914061,2025-03-23 14:25:27+00:00,145,False,0.5994650721549988,sentence-transformers/all-mpnet-base-v2,confirmatory,False,False
1903819862000247058,BOX,False,,29,partial,True,0.0045462890843304,0.0014315716313891,0.0,0.004194744965337,0.0002853285700803,3.0,0.0043965047038567,-9.684180357997777,0.0,False,914061,2025-03-23 14:43:21+00:00,146,False,0.1586692333221435,sentence-transformers/all-mpnet-base-v2,confirmatory,False,False
1903950027149738295,BOX,False,,29,partial,True,0.0045462890843304,0.0014315716313891,0.0,0.004194744965337,0.0002853285700803,3.0,0.0043965047038567,-9.684180357997777,0.0,False,914061,2025-03-23 23:20:34+00:00,147,False,0.3446137905120849,sentence-transformers/all-mpnet-base-v2,confirmatory,False,False
1904192431832416735,BOX,False,,25,insufficient,False,-0.0050539201441619,0.0005282395442625,1.0,0.0013670565185054,9.769056425029918e-05,43.0,0.0014788781460496,-8.586468720702499,0.0,False,914061,2025-03-24 15:23:48+00:00,148,False,0.6013796329498291,sentence-transformers/all-mpnet-base-v2,confirmatory,False,False
1904208615889891725,MSFT,False,,55,partial,True,0.00043691727779,0.0002355641612611,2.0,0.0005469180339176,0.0002536873704358,10190.0,0.0007458176265516,-1.227313256161008,0.6378802747791953,False,20571756,2025-03-24 16:28:07+00:00,80,False,0.4779189229011535,sentence-transformers/all-mpnet-base-v2,null_baseline,False,False
1904373436149035048,BOX,False,,26,insufficient,False,-0.0028697528995971,0.001528654218702,0.0,0.004194744965337,0.0002853285700803,3.0,0.0043965047038567,-9.343931965467045,0.0,False,914061,2025-03-25 03:23:03+00:00,149,False,0.2683071494102478,sentence-transformers/all-mpnet-base-v2,confirmatory,False,False
1904560650950734064,BOX,False,,18,insufficient,False,0.0028213951892966,0.000615894434596,2.0,,,,,,,False,914061,2025-03-25 15:46:58+00:00,150,False,0.5095617175102234,sentence-transformers/all-mpnet-base-v2,confirmatory,False,False
1904574306878964025,BOX,False,,16,insufficient,False,-1.532670593462626e-05,0.0006495477618646,3.0,,,,,,,False,914061,2025-03-25 16:41:14+00:00,151,False,0.3033494353294372,sentence-transformers/all-mpnet-base-v2,confirmatory,False,False
1904672062695973301,BOX,False,,42,partial,True,-0.0020576112113286,0.0011342683272444,0.0,0.004194744965337,0.0002853285700803,3.0,0.0043965047038567,-10.726148584526545,0.0,False,914061,2025-03-25 23:09:41+00:00,152,False,0.3197797536849975,sentence-transformers/all-mpnet-base-v2,confirmatory,False,False
1904714535035875718,BOX,False,,42,partial,True,-0.0020576112113286,0.0011342683272444,0.0,0.004194744965337,0.0002853285700803,3.0,0.0043965047038567,-10.726148584526545,0.0,False,914061,2025-03-26 01:58:27+00:00,153,False,0.2523391842842102,sentence-transformers/all-mpnet-base-v2,confirmatory,False,False
1904739853037887716,MSFT,False,,60,complete,True,-0.0017900490111757,0.0006362592870218,0.0,0.0008174575401678,0.0003989604251514,14622.0,0.0012105221411381,-0.454176007751385,31.842429216249485,False,20571756,2025-03-26 03:39:03+00:00,81,False,0.333459734916687,sentence-transformers/all-mpnet-base-v2,null_baseline,False,False
1904767942975512933,MSFT,False,,60,complete,True,-0.0017900490111757,0.0006362592870218,0.0,0.0008174575401678,0.0003989604251514,14622.0,0.0012105221411381,-0.454176007751385,31.842429216249485,False,20571756,2025-03-26 05:30:41+00:00,82,False,0.2976425290107727,sentence-transformers/all-mpnet-base-v2,null_baseline,False,False
1905037721414013097,BOX,False,,34,partial,True,0.0059986817561981,0.0013677458512301,0.0,0.004194744965337,0.0002853285700803,3.0,0.0043965047038567,-9.907872574101354,0.0,False,914061,2025-03-26 23:22:41+00:00,154,False,0.3618786931037903,sentence-transformers/all-mpnet-base-v2,confirmatory,False,False
1905050908083339398,BOX,False,,34,partial,True,0.0059986817561981,0.0013677458512301,0.0,0.004194744965337,0.0002853285700803,3.0,0.0043965047038567,-9.907872574101354,0.0,False,914061,2025-03-27 00:15:05+00:00,155,False,0.4141859412193298,sentence-transformers/all-mpnet-base-v2,confirmatory,False,False
1905084696712843733,MSFT,False,,60,complete,True,0.00089717654842,0.0007974507472114,0.0,0.0008174575401678,0.0003989604251514,14622.0,0.0012105221411381,-0.0501473121019649,57.21515524552044,False,20571756,2025-03-27 02:29:21+00:00,83,False,0.5370647311210632,sentence-transformers/all-mpnet-base-v2,null_baseline,False,False
1905091603431145695,BOX,False,,34,partial,True,0.0059986817561981,0.0013677458512301,0.0,0.004194744965337,0.0002853285700803,3.0,0.0043965047038567,-9.907872574101354,0.0,False,914061,2025-03-27 02:56:47+00:00,156,False,0.7913710474967957,sentence-transformers/all-mpnet-base-v2,confirmatory,False,False
1905102845537640557,BOX,False,,34,partial,True,0.0059986817561981,0.0013677458512301,0.0,0.004194744965337,0.0002853285700803,3.0,0.0043965047038567,-9.907872574101354,0.0,False,914061,2025-03-27 03:41:28+00:00,157,False,0.8756946921348572,sentence-transformers/all-mpnet-base-v2,confirmatory,False,False
1905450769891135857,BOX,False,,40,partial,True,0.0038441298860112,0.0019512888748608,0.0,0.004194744965337,0.0002853285700803,3.0,0.0043965047038567,-7.862711013636805,0.0,False,914061,2025-03-28 02:43:59+00:00,158,False,0.4481217861175537,sentence-transformers/all-mpnet-base-v2,confirmatory,False,False
1905632579438739650,BOX,False,,34,partial,True,-0.0014971632949161,0.0008689374205316,1.0,0.0013670565185054,9.769056425029918e-05,43.0,0.0014788781460496,-5.098947905527124,0.0,False,914061,2025-03-28 14:46:26+00:00,159,False,0.5144389867782593,sentence-transformers/all-mpnet-base-v2,confirmatory,False,False
1905668917852602804,MSFT,False,,59,partial,True,-0.0008119570015212,0.0003765667043277,3.0,0.0005162286279595,0.0003998599403704,9792.0,0.0006680850669626,-0.3492771081355706,28.829656862745097,False,20571756,2025-03-28 17:10:50+00:00,84,False,0.2587518095970154,sentence-transformers/all-mpnet-base-v2,null_baseline,False,False
1905668970835059194,MSFT,False,,59,partial,True,-0.0004150684756576,0.000388840809098,3.0,0.0005162286279595,0.0003998599403704,9792.0,0.0006680850669626,-0.3185810980302824,33.39460784313725,False,20571756,2025-03-28 17:11:02+00:00,85,False,0.5910089015960693,sentence-transformers/all-mpnet-base-v2,null_baseline,False,False
1906011398188224919,BOX,False,,34,partial,True,-0.0028360800973173,0.0012491799252525,0.0,0.004194744965337,0.0002853285700803,3.0,0.0043965047038567,-10.32341429831162,0.0,False,914061,2025-03-29 15:51:43+00:00,160,False,0.3718343377113342,sentence-transformers/all-mpnet-base-v2,confirmatory,False,False
1906151582032654447,BOX,False,,34,partial,True,-0.0028360800973173,0.0012491799252525,0.0,0.004194744965337,0.0002853285700803,3.0,0.0043965047038567,-10.32341429831162,0.0,False,914061,2025-03-30 01:08:46+00:00,161,False,0.2866142988204956,sentence-transformers/all-mpnet-base-v2,confirmatory,False,False
1906418414622797826,BOX,False,,34,partial,True,-0.0028360800973173,0.0012491799252525,0.0,0.004194744965337,0.0002853285700803,3.0,0.0043965047038567,-10.32341429831162,0.0,False,914061,2025-03-30 18:49:04+00:00,162,False,0.2552034854888916,sentence-transformers/all-mpnet-base-v2,confirmatory,False,False
1906534143057687035,BOX,False,,34,partial,True,-0.0028360800973173,0.0012491799252525,0.0,0.004194744965337,0.0002853285700803,3.0,0.0043965047038567,-10.32341429831162,0.0,False,914061,2025-03-31 02:28:56+00:00,163,False,0.4302582740783691,sentence-transformers/all-mpnet-base-v2,confirmatory,False,False
1906810008349896742,BOX,False,,34,partial,True,0.0054517510395535,0.0013956991001653,0.0,0.004194744965337,0.0002853285700803,3.0,0.0043965047038567,-9.809903944716329,0.0,False,914061,2025-03-31 20:45:07+00:00,164,False,0.1993661522865295,sentence-transformers/all-mpnet-base-v2,confirmatory,False,False
1906828000638927015,BOX,False,,34,partial,True,0.0054517510395535,0.0013956991001653,0.0,0.004194744965337,0.0002853285700803,3.0,0.0043965047038567,-9.809903944716329,0.0,False,914061,2025-03-31 21:56:37+00:00,165,False,0.3075830936431885,sentence-transformers/all-mpnet-base-v2,confirmatory,False,False
1906917074305474831,BOX,False,,34,partial,True,0.0054517510395535,0.0013956991001653,0.0,0.004194744965337,0.0002853285700803,3.0,0.0043965047038567,-9.809903944716329,0.0,False,914061,2025-04-01 03:50:33+00:00,166,False,0.2083522081375122,sentence-transformers/all-mpnet-base-v2,confirmatory,False,False
1907100503437378006,BOX,False,,31,partial,True,-0.003167001936388,0.0005990360637585,2.0,,,,,,,False,914061,2025-04-01 15:59:26+00:00,167,False,0.3679892420768738,sentence-transformers/all-mpnet-base-v2,confirmatory,False,False
1907213443087863895,BOX,False,,26,insufficient,False,-0.0085004397476085,0.0018716266069347,0.0,0.004194744965337,0.0002853285700803,3.0,0.0043965047038567,-8.141905865746173,0.0,False,914061,2025-04-01 23:28:13+00:00,168,False,0.5766283273696899,sentence-transformers/all-mpnet-base-v2,confirmatory,False,False
1907270355124703698,BOX,False,,26,insufficient,False,-0.0085004397476085,0.0018716266069347,0.0,0.004194744965337,0.0002853285700803,3.0,0.0043965047038567,-8.141905865746173,0.0,False,914061,2025-04-02 03:14:22+00:00,169,False,0.2685188055038452,sentence-transformers/all-mpnet-base-v2,confirmatory,False,False
1907468011013025899,BOX,False,,33,partial,True,0.0060993497758048,0.0005149219090861,2.0,,,,,,,False,914061,2025-04-02 16:19:47+00:00,170,False,0.1550458669662475,sentence-transformers/all-mpnet-base-v2,confirmatory,False,False
1907503704913359245,BOX,False,,29,partial,True,-0.0024013993516031,0.000621439486879,5.0,0.0011560845445843,0.0002470170345756,55.0,0.001531028419464,-2.1644056193275625,0.0,False,914061,2025-04-02 18:41:37+00:00,171,False,0.2206208705902099,sentence-transformers/all-mpnet-base-v2,confirmatory,False,False
1907939716894437536,MSFT,True,"jobs_report(ALL, 2025-04-04 12:30:00+00:00->2025-04-04 20:00:00+00:00)",60,complete,False,0.031507182678977,0.00176128493625,0.0,0.0008174575401678,0.0003989604251514,14622.0,0.0012105221411381,2.3657168395182206,98.83736834906306,True,20571756,2025-04-03 23:34:10+00:00,83,False,0.6543048620223999,sentence-transformers/all-mpnet-base-v2,null_baseline,False,False
1907986781418688749,BOX,True,"jobs_report(ALL, 2025-04-04 12:30:00+00:00->2025-04-04 20:00:00+00:00)",43,partial,False,0.0140016379502704,0.0020532085893885,0.0,0.004194744965337,0.0002853285700803,3.0,0.0043965047038567,-7.505509789451837,0.0,False,914061,2025-04-04 02:41:12+00:00,172,False,0.7497820258140564,sentence-transformers/all-mpnet-base-v2,confirmatory,False,False
1908018205572125052,BOX,True,"jobs_report(ALL, 2025-04-04 12:30:00+00:00->2025-04-04 20:00:00+00:00)",43,partial,False,0.0140016379502704,0.0020532085893885,0.0,0.004194744965337,0.0002853285700803,3.0,0.0043965047038567,-7.505509789451837,0.0,False,914061,2025-04-04 04:46:04+00:00,173,False,0.2891784906387329,sentence-transformers/all-mpnet-base-v2,confirmatory,False,False
1908044816677744693,MSFT,True,"jobs_report(ALL, 2025-04-04 12:30:00+00:00->2025-04-04 20:00:00+00:00)",60,complete,False,0.031507182678977,0.00176128493625,0.0,0.0008174575401678,0.0003989604251514,14622.0,0.0012105221411381,2.3657168395182206,98.83736834906306,True,20571756,2025-04-04 06:31:48+00:00,84,False,0.4481852054595947,sentence-transformers/all-mpnet-base-v2,null_baseline,False,False
1908044867739210013,MSFT,True,"jobs_report(ALL, 2025-04-04 12:30:00+00:00->2025-04-04 20:00:00+00:00)",60,complete,False,0.031507182678977,0.00176128493625,0.0,0.0008174575401678,0.0003989604251514,14622.0,0.0012105221411381,2.3657168395182206,98.83736834906306,True,20571756,2025-04-04 06:32:00+00:00,85,False,0.456782579421997,sentence-transformers/all-mpnet-base-v2,null_baseline,False,False
1908138670202511767,BOX,True,"jobs_report(ALL, 2025-04-04 12:30:00+00:00->2025-04-04 20:00:00+00:00)",43,partial,False,0.0140016379502704,0.0020532085893885,0.0,0.004194744965337,0.0002853285700803,3.0,0.0043965047038567,-7.505509789451837,0.0,False,914061,2025-04-04 12:44:45+00:00,174,False,0.7919579744338989,sentence-transformers/all-mpnet-base-v2,confirmatory,False,False
1908205881835319800,MSFT,True,"jobs_report(ALL, 2025-04-04 12:30:00+00:00->2025-04-04 20:00:00+00:00)",60,complete,False,-0.0009987638790276,0.000952379714486,3.0,0.0005162286279595,0.0003998599403704,9792.0,0.0006680850669626,1.0907596447958725,96.80351307189542,True,20571756,2025-04-04 17:11:49+00:00,86,False,0.4623863697052002,sentence-transformers/all-mpnet-base-v2,null_baseline,False,False
1908205929608470587,MSFT,True,"jobs_report(ALL, 2025-04-04 12:30:00+00:00->2025-04-04 20:00:00+00:00)",60,complete,False,-0.0005622686033865,0.0009651339009272,3.0,0.0005162286279595,0.0003998599403704,9792.0,0.0006680850669626,1.1226562794759851,96.94648692810458,True,20571756,2025-04-04 17:12:01+00:00,87,False,0.4797829985618591,sentence-transformers/all-mpnet-base-v2,null_baseline,False,False
1908236714545701317,MSFT,True,"jobs_report(ALL, 2025-04-04 12:30:00+00:00->2025-04-04 20:00:00+00:00)",45,partial,False,-6.297686802558822e-05,0.0013408195597843,5.0,0.000494370972611,0.0002392654254598,7142.0,0.0007939814404011,3.53769703895284,98.05376645197424,True,20571756,2025-04-04 19:14:20+00:00,88,False,0.6503244638442993,sentence-transformers/all-mpnet-base-v2,null_baseline,False,False
1908268297063457153,QCOM,False,,60,complete,True,0.0225486688137745,0.0067687878325375,0.0,0.0017324859379107,0.0009055282058883,4816.0,0.0031227343684163,5.5617283502350725,100.0,True,234930762,2025-04-04 21:19:50+00:00,79,False,0.3077020645141601,sentence-transformers/all-mpnet-base-v2,confirmatory,False,False
1908270494379630788,MSFT,False,,2,insufficient,False,0.0071424353428284,0.0,,,,,,,,False,20571756,2025-04-04 21:28:34+00:00,89,False,0.535646378993988,sentence-transformers/all-mpnet-base-v2,null_baseline,False,False
1908357692630204920,MSFT,False,,2,insufficient,False,0.0071424353428284,0.0,,,,,,,,False,20571756,2025-04-05 03:15:04+00:00,90,False,0.3361643552780151,sentence-transformers/all-mpnet-base-v2,null_baseline,False,False
1908367300408881223,BOX,False,,49,partial,True,-0.0143643728022061,0.0049096063485541,0.0,0.004194744965337,0.0002853285700803,3.0,0.0043965047038567,2.505397139219966,100.0,True,914061,2025-04-05 03:53:14+00:00,175,False,0.6648588180541992,sentence-transformers/all-mpnet-base-v2,confirmatory,False,False
1908521866358337954,BOX,False,,49,partial,True,-0.0143643728022061,0.0049096063485541,0.0,0.004194744965337,0.0002853285700803,3.0,0.0043965047038567,2.505397139219966,100.0,True,914061,2025-04-05 14:07:26+00:00,176,False,0.7594011425971985,sentence-transformers/all-mpnet-base-v2,confirmatory,False,False
1908548840162283907,BOX,False,,49,partial,True,-0.0143643728022061,0.0049096063485541,0.0,0.004194744965337,0.0002853285700803,3.0,0.0043965047038567,2.505397139219966,100.0,True,914061,2025-04-05 15:54:37+00:00,177,False,0.7528067827224731,sentence-transformers/all-mpnet-base-v2,confirmatory,False,False
1908572050261995522,BOX,False,,49,partial,True,-0.0143643728022061,0.0049096063485541,0.0,0.004194744965337,0.0002853285700803,3.0,0.0043965047038567,2.505397139219966,100.0,True,914061,2025-04-05 17:26:50+00:00,178,False,0.6914749145507812,sentence-transformers/all-mpnet-base-v2,confirmatory,False,False
1908592499393998952,BOX,False,,49,partial,True,-0.0143643728022061,0.0049096063485541,0.0,0.004194744965337,0.0002853285700803,3.0,0.0043965047038567,2.505397139219966,100.0,True,914061,2025-04-05 18:48:06+00:00,179,False,0.3013861179351806,sentence-transformers/all-mpnet-base-v2,confirmatory,False,False
1908624434984018340,BOX,False,,49,partial,True,-0.0143643728022061,0.0049096063485541,0.0,0.004194744965337,0.0002853285700803,3.0,0.0043965047038567,2.505397139219966,100.0,True,914061,2025-04-05 20:55:00+00:00,180,False,0.5981462001800537,sentence-transformers/all-mpnet-base-v2,confirmatory,False,False
1908725272733794709,MSFT,False,,2,insufficient,False,0.0071424353428284,0.0,,,,,,,,False,20571756,2025-04-06 03:35:42+00:00,91,False,0.4327468276023865,sentence-transformers/all-mpnet-base-v2,null_baseline,False,False
1908878922839638089,BOX,False,,49,partial,True,-0.0143643728022061,0.0049096063485541,0.0,0.004194744965337,0.0002853285700803,3.0,0.0043965047038567,2.505397139219966,100.0,True,914061,2025-04-06 13:46:15+00:00,181,False,0.769676685333252,sentence-transformers/all-mpnet-base-v2,confirmatory,False,False
1908995793328955659,BOX,False,,49,partial,True,-0.0143643728022061,0.0049096063485541,0.0,0.004194744965337,0.0002853285700803,3.0,0.0043965047038567,2.505397139219966,100.0,True,914061,2025-04-06 21:30:39+00:00,182,False,0.6957645416259766,sentence-transformers/all-mpnet-base-v2,confirmatory,False,False
1909031237911507445,BOX,False,,49,partial,True,-0.0143643728022061,0.0049096063485541,0.0,0.004194744965337,0.0002853285700803,3.0,0.0043965047038567,2.505397139219966,100.0,True,914061,2025-04-06 23:51:29+00:00,183,False,0.4307715892791748,sentence-transformers/all-mpnet-base-v2,confirmatory,False,False
1909229326240727326,BOX,False,,49,partial,True,-0.0143643728022061,0.0049096063485541,0.0,0.004194744965337,0.0002853285700803,3.0,0.0043965047038567,2.505397139219966,100.0,True,914061,2025-04-07 12:58:37+00:00,184,False,0.679924488067627,sentence-transformers/all-mpnet-base-v2,confirmatory,False,False
1909242876153700395,BOX,False,,42,partial,True,-0.0268931774393235,0.0055032788613204,0.0,0.004194744965337,0.0002853285700803,3.0,0.0043965047038567,4.586059838363813,100.0,True,914061,2025-04-07 13:52:28+00:00,185,False,0.1669013500213623,sentence-transformers/all-mpnet-base-v2,confirmatory,False,False
1909459534235812088,BOX,False,,41,partial,True,-0.0133970660553703,0.0019289996030434,0.0,0.004194744965337,0.0002853285700803,3.0,0.0043965047038567,-7.940828924546106,0.0,False,914061,2025-04-08 04:13:23+00:00,186,False,0.2244284152984619,sentence-transformers/all-mpnet-base-v2,confirmatory,False,False
1909699070169395584,BOX,False,,25,insufficient,False,-0.0092195365384374,0.0032660821442006,0.0,0.004194744965337,0.0002853285700803,3.0,0.0043965047038567,-3.254713752901917,0.0,False,914061,2025-04-08 20:05:13+00:00,187,False,0.7563561201095581,sentence-transformers/all-mpnet-base-v2,confirmatory,False,False
1909731284621943192,BOX,False,,25,insufficient,False,-0.0092195365384374,0.0032660821442006,0.0,0.004194744965337,0.0002853285700803,3.0,0.0043965047038567,-3.254713752901917,0.0,False,914061,2025-04-08 22:13:14+00:00,188,False,0.7142396569252014,sentence-transformers/all-mpnet-base-v2,confirmatory,False,False
1909809962043289828,BOX,False,,25,insufficient,False,-0.0092195365384374,0.0032660821442006,0.0,0.004194744965337,0.0002853285700803,3.0,0.0043965047038567,-3.254713752901917,0.0,False,914061,2025-04-09 03:25:52+00:00,189,False,0.1525942087173462,sentence-transformers/all-mpnet-base-v2,confirmatory,False,False
1909942364874960913,BOX,False,,25,insufficient,False,-0.0092195365384374,0.0032660821442006,0.0,0.004194744965337,0.0002853285700803,3.0,0.0043965047038567,-3.254713752901917,0.0,False,914061,2025-04-09 12:11:59+00:00,190,False,0.7240606546401978,sentence-transformers/all-mpnet-base-v2,confirmatory,False,False
1910015229141958998,BOX,False,,50,partial,True,-0.0006271469152772,0.0043868293801244,3.0,,,,,,,False,914061,2025-04-09 17:01:31+00:00,191,False,0.2704777121543884,sentence-transformers/all-mpnet-base-v2,confirmatory,False,False
1910094037710701015,BOX,True,"cpi(ALL, 2025-04-10 12:30:00+00:00->2025-04-10 20:00:00+00:00)",41,partial,False,0.0068084185993162,0.002396659410277,0.0,0.004194744965337,0.0002853285700803,3.0,0.0043965047038567,-6.301806911777108,0.0,False,914061,2025-04-09 22:14:41+00:00,192,False,0.2995157241821289,sentence-transformers/all-mpnet-base-v2,confirmatory,False,False
1910369279230230784,BOX,True,"cpi(ALL, 2025-04-10 12:30:00+00:00->2025-04-10 20:00:00+00:00)",42,partial,False,0.0029089145979457,0.0020312941471128,3.0,,,,,,,False,914061,2025-04-10 16:28:23+00:00,193,False,0.7222880721092224,sentence-transformers/all-mpnet-base-v2,confirmatory,False,False
1910412772292391343,BOX,True,"cpi(ALL, 2025-04-10 12:30:00+00:00->2025-04-10 20:00:00+00:00)",27,insufficient,False,0.0026338442585588,0.0020446160385409,5.0,0.0011560845445843,0.0002470170345756,55.0,0.001531028419464,3.597045424348354,100.0,True,914061,2025-04-10 19:21:13+00:00,194,False,0.2230538129806518,sentence-transformers/all-mpnet-base-v2,confirmatory,False,False
1910528673515446683,BOX,False,,40,partial,True,-0.0081877707256889,0.0034169328773521,0.0,0.004194744965337,0.0002853285700803,3.0,0.0043965047038567,-2.726022451119545,0.0,False,914061,2025-04-11 03:01:46+00:00,195,False,0.1914973258972168,sentence-transformers/all-mpnet-base-v2,confirmatory,False,False
1910816866538258839,BOX,False,,35,partial,True,-0.0108997477821415,0.0025392742052681,0.0,0.004194744965337,0.0002853285700803,3.0,0.0043965047038567,-5.801980361106442,0.0,False,914061,2025-04-11 22:06:56+00:00,196,False,0.2693361043930053,sentence-transformers/all-mpnet-base-v2,confirmatory,False,False
1911060015105860058,BOX,False,,35,partial,True,-0.0108997477821415,0.0025392742052681,0.0,0.004194744965337,0.0002853285700803,3.0,0.0043965047038567,-5.801980361106442,0.0,False,914061,2025-04-12 14:13:08+00:00,197,False,0.595715343952179,sentence-transformers/all-mpnet-base-v2,confirmatory,False,False
1911197897091326369,BOX,False,,35,partial,True,-0.0108997477821415,0.0025392742052681,0.0,0.004194744965337,0.0002853285700803,3.0,0.0043965047038567,-5.801980361106442,0.0,False,914061,2025-04-12 23:21:01+00:00,198,False,0.250700294971466,sentence-transformers/all-mpnet-base-v2,confirmatory,False,False
1911468726140174634,BOX,False,,35,partial,True,-0.0108997477821415,0.0025392742052681,0.0,0.004194744965337,0.0002853285700803,3.0,0.0043965047038567,-5.801980361106442,0.0,False,914061,2025-04-13 17:17:12+00:00,199,False,0.3518229126930237,sentence-transformers/all-mpnet-base-v2,confirmatory,False,False
1911833204476268571,BOX,False,,28,partial,True,0.0003910557646427,0.0010092397476953,3.0,,,,,,,False,914061,2025-04-14 17:25:30+00:00,200,False,0.539355456829071,sentence-transformers/all-mpnet-base-v2,confirmatory,False,False
1911841223360524487,BOX,False,,26,insufficient,False,-0.0014022608573756,0.0010096205396932,4.0,0.0006705297706363,0.0,1.0,0.0006705297706363,,100.0,True,914061,2025-04-14 17:57:22+00:00,201,False,0.5115580558776855,sentence-transformers/all-mpnet-base-v2,confirmatory,False,False
1911860160320143407,MSFT,False,,47,partial,True,0.003726955631074,0.0006370134949918,5.0,0.000494370972611,0.0002392654254598,7142.0,0.0007939814404011,0.5961685525877786,82.00784094091291,False,20571756,2025-04-14 19:12:37+00:00,90,False,0.4025377035140991,sentence-transformers/all-mpnet-base-v2,null_baseline,False,False
1911940996436574554,BOX,False,,20,insufficient,False,-0.0037326594540525,0.0027757476893734,0.0,0.004194744965337,0.0002853285700803,3.0,0.0043965047038567,-4.973204315165008,0.0,False,914061,2025-04-15 00:33:50+00:00,202,False,0.3842052221298218,sentence-transformers/all-mpnet-base-v2,confirmatory,False,False
1912264311474631084,MSFT,False,,60,complete,True,-0.0077084562518759,0.001093716960836,0.0,0.0008174575401678,0.0003989604251514,14622.0,0.0012105221411381,0.692448180952459,84.96785665435644,False,20571756,2025-04-15 21:58:34+00:00,90,False,0.4150221347808838,sentence-transformers/all-mpnet-base-v2,null_baseline,False,False
1912324567575720289,BOX,False,,20,insufficient,False,0.0137309062514038,0.0013463509803047,0.0,0.004194744965337,0.0002853285700803,3.0,0.0043965047038567,-9.98285585011695,0.0,False,914061,2025-04-16 01:58:00+00:00,203,False,0.5578031539916992,sentence-transformers/all-mpnet-base-v2,confirmatory,False,False
1912632802425888886,MSFT,False,,60,complete,True,-0.0019223076379418,0.0010743753282786,0.0,0.0008174575401678,0.0003989604251514,14622.0,0.0012105221411381,0.643968102884505,83.97620024620434,False,20571756,2025-04-16 22:22:49+00:00,91,False,0.3695639371871948,sentence-transformers/all-mpnet-base-v2,null_baseline,False,False
1912648075971293600,QCOM,False,,49,partial,True,0.0036399915759703,0.0016393439376396,0.0,0.0017324859379107,0.0009055282058883,4816.0,0.0031227343684163,-0.1028593031839754,60.56893687707641,False,234930762,2025-04-16 23:23:31+00:00,78,False,0.5619226098060608,sentence-transformers/all-mpnet-base-v2,confirmatory,False,False
1912723392962465870,BOX,False,,16,insufficient,False,-0.0066783899207506,0.0013866644864242,0.0,0.004194744965337,0.0002853285700803,3.0,0.0043965047038567,-9.841567839217186,0.0,False,914061,2025-04-17 04:22:48+00:00,204,False,0.2492077350616455,sentence-transformers/all-mpnet-base-v2,confirmatory,False,False
1912732082910220464,BOX,False,,16,insufficient,False,-0.0066783899207506,0.0013866644864242,0.0,0.004194744965337,0.0002853285700803,3.0,0.0043965047038567,-9.841567839217186,0.0,False,914061,2025-04-17 04:57:20+00:00,205,False,0.4268802404403686,sentence-transformers/all-mpnet-base-v2,confirmatory,False,False
1912904429600424137,QCOM,False,,51,partial,True,0.003267418361758,0.0008642860564759,2.0,0.001322062776426,0.0006958446398886,1733.0,0.002085494805309,-0.6578720215812097,25.851125216387764,False,234930762,2025-04-17 16:22:10+00:00,79,False,0.2729359865188598,sentence-transformers/all-mpnet-base-v2,confirmatory,False,False
1912904433249505623,QCOM,False,,51,partial,True,0.003267418361758,0.0008642860564759,2.0,0.001322062776426,0.0006958446398886,1733.0,0.002085494805309,-0.6578720215812097,25.851125216387764,False,234930762,2025-04-17 16:22:11+00:00,80,False,0.4216012358665466,sentence-transformers/all-mpnet-base-v2,confirmatory,False,False
1912928672581038290,BOX,False,,12,insufficient,False,0.0007557908842434,0.0008532771173827,4.0,0.0006705297706363,0.0,1.0,0.0006705297706363,,100.0,True,914061,2025-04-17 17:58:30+00:00,206,False,0.3359138369560241,sentence-transformers/all-mpnet-base-v2,confirmatory,False,False
1913080949283438744,BOX,False,,27,insufficient,False,0.0050783532184511,0.0013705896695353,0.0,0.004194744965337,0.0002853285700803,3.0,0.0043965047038567,-9.897905754780112,0.0,False,914061,2025-04-18 04:03:36+00:00,207,False,0.2161850333213806,sentence-transformers/all-mpnet-base-v2,confirmatory,False,False
1913339312093241680,BOX,False,,27,insufficient,False,0.0050783532184511,0.0013705896695353,0.0,0.004194744965337,0.0002853285700803,3.0,0.0043965047038567,-9.897905754780112,0.0,False,914061,2025-04-18 21:10:14+00:00,208,False,0.5987446904182434,sentence-transformers/all-mpnet-base-v2,confirmatory,False,False
1913384293973516627,BOX,False,,27,insufficient,False,0.0050783532184511,0.0013705896695353,0.0,0.004194744965337,0.0002853285700803,3.0,0.0043965047038567,-9.897905754780112,0.0,False,914061,2025-04-19 00:08:59+00:00,209,False,0.2152445316314697,sentence-transformers/all-mpnet-base-v2,confirmatory,False,False
1913446249489117205,BOX,False,,27,insufficient,False,0.0050783532184511,0.0013705896695353,0.0,0.004194744965337,0.0002853285700803,3.0,0.0043965047038567,-9.897905754780112,0.0,False,914061,2025-04-19 04:15:10+00:00,210,False,0.5740017890930176,sentence-transformers/all-mpnet-base-v2,confirmatory,False,False
1913610656097645003,BOX,False,,27,insufficient,False,0.0050783532184511,0.0013705896695353,0.0,0.004194744965337,0.0002853285700803,3.0,0.0043965047038567,-9.897905754780112,0.0,False,914061,2025-04-19 15:08:28+00:00,211,False,0.4570007920265198,sentence-transformers/all-mpnet-base-v2,confirmatory,False,False
1913631341163483441,BOX,False,,27,insufficient,False,0.0050783532184511,0.0013705896695353,0.0,0.004194744965337,0.0002853285700803,3.0,0.0043965047038567,-9.897905754780112,0.0,False,914061,2025-04-19 16:30:39+00:00,212,False,0.2297995090484619,sentence-transformers/all-mpnet-base-v2,confirmatory,False,False
1913715060356350242,BOX,False,,27,insufficient,False,0.0050783532184511,0.0013705896695353,0.0,0.004194744965337,0.0002853285700803,3.0,0.0043965047038567,-9.897905754780112,0.0,False,914061,2025-04-19 22:03:20+00:00,213,False,0.2709686756134033,sentence-transformers/all-mpnet-base-v2,confirmatory,False,False
1913956066703946093,QCOM,False,,45,partial,True,-3.142049035387284e-05,0.001077371964284,0.0,0.0017324859379107,0.0009055282058883,4816.0,0.0031227343684163,-0.7234605939016221,27.200996677740864,False,234930762,2025-04-20 14:01:00+00:00,76,False,0.7280744314193726,sentence-transformers/all-mpnet-base-v2,confirmatory,False,False
1914017555649581510,BOX,False,,27,insufficient,False,0.0050783532184511,0.0013705896695353,0.0,0.004194744965337,0.0002853285700803,3.0,0.0043965047038567,-9.897905754780112,0.0,False,914061,2025-04-20 18:05:20+00:00,214,False,0.4247239828109741,sentence-transformers/all-mpnet-base-v2,confirmatory,False,False
1914054995273761063,BOX,False,,27,insufficient,False,0.0050783532184511,0.0013705896695353,0.0,0.004194744965337,0.0002853285700803,3.0,0.0043965047038567,-9.897905754780112,0.0,False,914061,2025-04-20 20:34:06+00:00,215,False,0.425872266292572,sentence-transformers/all-mpnet-base-v2,confirmatory,False,False
1914369229165617330,QCOM,False,,45,partial,True,0.0035398136795603,0.0008289397230216,3.0,0.0011347929536885,0.0005617187407871,1807.0,0.0019061194460276,-0.5444953291718491,35.80520199225235,False,234930762,2025-04-21 17:22:46+00:00,72,False,0.7394973039627075,sentence-transformers/all-mpnet-base-v2,confirmatory,False,False
1914460738422497468,BOX,False,,21,insufficient,False,-0.0059032939383516,0.0014551592482983,0.0,0.004194744965337,0.0002853285700803,3.0,0.0043965047038567,-9.60151209627216,0.0,False,914061,2025-04-21 23:26:23+00:00,216,False,0.3322205543518066,sentence-transformers/all-mpnet-base-v2,confirmatory,False,False
1914462142721613833,MSFT,False,,60,complete,True,-0.0068373089306563,0.0007963539163469,0.0,0.0008174575401678,0.0003989604251514,14622.0,0.0012105221411381,-0.0528965343190348,56.98946792504446,False,20571756,2025-04-21 23:31:58+00:00,88,False,0.5478100180625916,sentence-transformers/all-mpnet-base-v2,null_baseline,False,False
1914679199337746825,MSFT,False,,60,complete,True,0.0038098885473711,0.0006075012085619,0.0,0.0008174575401678,0.0003989604251514,14622.0,0.0012105221411381,-0.5262585418747872,27.814252496238545,False,20571756,2025-04-22 13:54:28+00:00,88,False,0.4520022869110107,sentence-transformers/all-mpnet-base-v2,null_baseline,False,False
1914726560336371714,MSFT,False,,58,partial,True,0.0007464699056726,0.0009032195592157,3.0,0.0005162286279595,0.0003998599403704,9792.0,0.0006680850669626,0.967816208089478,96.44607843137256,True,20571756,2025-04-22 17:02:40+00:00,89,False,0.3101061582565307,sentence-transformers/all-mpnet-base-v2,null_baseline,False,False
1914726618897268831,MSFT,False,,58,partial,True,0.0007464699056726,0.0009032195592157,3.0,0.0005162286279595,0.0003998599403704,9792.0,0.0006680850669626,0.967816208089478,96.44607843137256,True,20571756,2025-04-22 17:02:54+00:00,90,False,0.5661097764968872,sentence-transformers/all-mpnet-base-v2,null_baseline,False,False
1914797895393370161,BOX,False,,52,partial,True,-0.0043342529869965,0.0020286259898767,0.0,0.004194744965337,0.0002853285700803,3.0,0.0043965047038567,-7.591665197951124,0.0,False,914061,2025-04-22 21:46:08+00:00,217,False,0.2808974981307983,sentence-transformers/all-mpnet-base-v2,confirmatory,False,False
1915098359251247392,MSFT,False,,57,partial,True,-8.233455244277543e-05,0.000710753317354,4.0,0.0004702143088476,0.0002382934904684,10669.0,0.0006810947374758,1.009423329330382,91.34876745711875,True,20571756,2025-04-23 17:40:04+00:00,90,False,0.2684667110443115,sentence-transformers/all-mpnet-base-v2,null_baseline,False,False
1915098363080675335,MSFT,False,,57,partial,True,-8.233455244277543e-05,0.000710753317354,4.0,0.0004702143088476,0.0002382934904684,10669.0,0.0006810947374758,1.009423329330382,91.34876745711875,True,20571756,2025-04-23 17:40:05+00:00,91,False,0.3935863971710205,sentence-transformers/all-mpnet-base-v2,null_baseline,False,False
1915098365433672168,MSFT,False,,57,partial,True,-8.233455244277543e-05,0.000710753317354,4.0,0.0004702143088476,0.0002382934904684,10669.0,0.0006810947374758,1.009423329330382,91.34876745711875,True,20571756,2025-04-23 17:40:05+00:00,91,False,0.5200554132461548,sentence-transformers/all-mpnet-base-v2,null_baseline,False,False
1915098367912505644,MSFT,False,,57,partial,True,-8.233455244277543e-05,0.000710753317354,4.0,0.0004702143088476,0.0002382934904684,10669.0,0.0006810947374758,1.009423329330382,91.34876745711875,True,20571756,2025-04-23 17:40:06+00:00,93,False,0.5560439825057983,sentence-transformers/all-mpnet-base-v2,null_baseline,False,False
1915098370773037193,MSFT,False,,57,partial,True,-8.233455244277543e-05,0.000710753317354,4.0,0.0004702143088476,0.0002382934904684,10669.0,0.0006810947374758,1.009423329330382,91.34876745711875,True,20571756,2025-04-23 17:40:07+00:00,94,False,0.3260397911071777,sentence-transformers/all-mpnet-base-v2,null_baseline,False,False
1915098373176352852,MSFT,False,,57,partial,True,-8.233455244277543e-05,0.000710753317354,4.0,0.0004702143088476,0.0002382934904684,10669.0,0.0006810947374758,1.009423329330382,91.34876745711875,True,20571756,2025-04-23 17:40:07+00:00,94,False,0.5020135641098022,sentence-transformers/all-mpnet-base-v2,null_baseline,False,False
1915219359972184333,BOX,False,,19,insufficient,False,0.0050631523897621,0.0023533189052713,0.0,0.004194744965337,0.0002853285700803,3.0,0.0043965047038567,-6.4537037407328866,0.0,False,914061,2025-04-24 01:40:53+00:00,218,False,0.2691451907157898,sentence-transformers/all-mpnet-base-v2,confirmatory,False,False
1915617570318934436,BOX,False,,10,insufficient,False,-0.0015571449469196,0.0022871785083157,0.0,0.004194744965337,0.0002853285700803,3.0,0.0043965047038567,-6.685508067012112,0.0,False,914061,2025-04-25 04:03:13+00:00,219,False,0.3515481948852539,sentence-transformers/all-mpnet-base-v2,confirmatory,False,False
1915802258585038889,BOX,False,,17,insufficient,False,0.0005440132820027,0.0007445689338108,2.0,,,,,,,False,914061,2025-04-25 16:17:06+00:00,220,False,0.1768666505813598,sentence-transformers/all-mpnet-base-v2,confirmatory,False,False
1915979893101498538,BOX,False,,28,partial,True,0.0022056079311542,0.0016350800786699,0.0,0.004194744965337,0.0002853285700803,3.0,0.0043965047038567,-8.970937911846939,0.0,False,914061,2025-04-26 04:02:58+00:00,221,False,0.2888319492340088,sentence-transformers/all-mpnet-base-v2,confirmatory,False,False
1916641632193253383,BOX,False,,28,partial,True,0.0022056079311542,0.0016350800786699,0.0,0.004194744965337,0.0002853285700803,3.0,0.0043965047038567,-8.970937911846939,0.0,False,914061,2025-04-27 23:52:29+00:00,222,False,0.4029934406280517,sentence-transformers/all-mpnet-base-v2,confirmatory,False,False
1917036667787218992,BOX,False,,27,insufficient,False,0.012714427808368,0.001079097442385,0.0,0.004194744965337,0.0002853285700803,3.0,0.0043965047038567,-10.919507717276089,0.0,False,914061,2025-04-29 02:02:13+00:00,223,False,0.2409702539443969,sentence-transformers/all-mpnet-base-v2,confirmatory,False,False
1917337015949091298,BOX,False,,42,partial,True,0.0072637056422173,0.0010849569204629,0.0,0.004194744965337,0.0002853285700803,3.0,0.0043965047038567,-10.898971820445784,0.0,False,914061,2025-04-29 21:55:41+00:00,224,False,0.5163412690162659,sentence-transformers/all-mpnet-base-v2,confirmatory,False,False
1917425486244073614,BOX,False,,42,partial,True,0.0072637056422173,0.0010849569204629,0.0,0.004194744965337,0.0002853285700803,3.0,0.0043965047038567,-10.898971820445784,0.0,False,914061,2025-04-30 03:47:14+00:00,225,False,0.3291727304458618,sentence-transformers/all-mpnet-base-v2,confirmatory,False,False
1917712579113410676,MSFT,True,"earnings(MSFT, 2025-04-30 20:00:00+00:00->2025-05-01 20:00:00+00:00)",60,complete,False,0.0774111393393011,0.0020224357420694,0.0,0.0008174575401678,0.0003989604251514,14622.0,0.0012105221411381,3.0202950617070834,99.24770893174669,True,20571756,2025-04-30 22:48:02+00:00,94,False,0.5061376094818115,sentence-transformers/all-mpnet-base-v2,null_baseline,False,False
1917712581202161891,MSFT,True,"earnings(MSFT, 2025-04-30 20:00:00+00:00->2025-05-01 20:00:00+00:00)",60,complete,False,0.0774111393393011,0.0020224357420694,0.0,0.0008174575401678,0.0003989604251514,14622.0,0.0012105221411381,3.0202950617070834,99.24770893174669,True,20571756,2025-04-30 22:48:03+00:00,95,False,0.425762414932251,sentence-transformers/all-mpnet-base-v2,null_baseline,False,False
1917712583194468796,MSFT,True,"earnings(MSFT, 2025-04-30 20:00:00+00:00->2025-05-01 20:00:00+00:00)",60,complete,False,0.0774111393393011,0.0020224357420694,0.0,0.0008174575401678,0.0003989604251514,14622.0,0.0012105221411381,3.0202950617070834,99.24770893174669,True,20571756,2025-04-30 22:48:03+00:00,95,False,0.2121627330780029,sentence-transformers/all-mpnet-base-v2,null_baseline,False,False
1917712584876384589,MSFT,True,"earnings(MSFT, 2025-04-30 20:00:00+00:00->2025-05-01 20:00:00+00:00)",60,complete,False,0.0774111393393011,0.0020224357420694,0.0,0.0008174575401678,0.0003989604251514,14622.0,0.0012105221411381,3.0202950617070834,99.24770893174669,True,20571756,2025-04-30 22:48:04+00:00,97,False,0.5233359932899475,sentence-transformers/all-mpnet-base-v2,null_baseline,False,False
1917712586394722805,MSFT,True,"earnings(MSFT, 2025-04-30 20:00:00+00:00->2025-05-01 20:00:00+00:00)",60,complete,False,0.0774111393393011,0.0020224357420694,0.0,0.0008174575401678,0.0003989604251514,14622.0,0.0012105221411381,3.0202950617070834,99.24770893174669,True,20571756,2025-04-30 22:48:04+00:00,97,False,0.7057657241821289,sentence-transformers/all-mpnet-base-v2,null_baseline,False,False
1917970814441607623,BOX,False,,24,insufficient,False,0.0008434650752328,0.0006315597832961,2.0,,,,,,,False,914061,2025-05-01 15:54:10+00:00,226,False,0.257119357585907,sentence-transformers/all-mpnet-base-v2,confirmatory,False,False
1918036165237854318,MSFT,True,"jobs_report(ALL, 2025-05-02 12:30:00+00:00->2025-05-02 20:00:00+00:00)",31,partial,False,0.0181994701858276,0.0017540366918831,,,,,,,,False,20571756,2025-05-01 20:13:51+00:00,99,False,0.5067771673202515,sentence-transformers/all-mpnet-base-v2,null_baseline,False,False
1918055843695858135,QCOM,True,"jobs_report(ALL, 2025-05-02 12:30:00+00:00->2025-05-02 20:00:00+00:00)",60,complete,False,0.0178959491773524,0.0012969483017523,0.0,0.0017324859379107,0.0009055282058883,4816.0,0.0031227343684163,-0.4809763332894287,41.32059800664451,False,234930762,2025-05-01 21:32:03+00:00,58,False,0.347556471824646,sentence-transformers/all-mpnet-base-v2,confirmatory,False,False
1918071080662778220,MSFT,True,"jobs_report(ALL, 2025-05-02 12:30:00+00:00->2025-05-02 20:00:00+00:00)",31,partial,False,0.0181994701858276,0.0017540366918831,,,,,,,,False,20571756,2025-05-01 22:32:36+00:00,100,False,0.7321896553039551,sentence-transformers/all-mpnet-base-v2,null_baseline,False,False
1918157057011982666,MSFT,True,"jobs_report(ALL, 2025-05-02 12:30:00+00:00->2025-05-02 20:00:00+00:00)",31,partial,False,0.0181994701858276,0.0017540366918831,,,,,,,,False,20571756,2025-05-02 04:14:14+00:00,101,False,0.7644665241241455,sentence-transformers/all-mpnet-base-v2,null_baseline,False,False
1918512966884049076,BOX,False,,18,insufficient,False,0.0062119739687838,0.0015660164150751,0.0,0.004194744965337,0.0002853285700803,3.0,0.0043965047038567,-9.212987502518478,0.0,False,914061,2025-05-03 03:48:30+00:00,227,False,0.3467864394187927,sentence-transformers/all-mpnet-base-v2,confirmatory,False,False
1918519582261657909,BOX,False,,18,insufficient,False,0.0062119739687838,0.0015660164150751,0.0,0.004194744965337,0.0002853285700803,3.0,0.0043965047038567,-9.212987502518478,0.0,False,914061,2025-05-03 04:14:47+00:00,228,False,0.2611753940582275,sentence-transformers/all-mpnet-base-v2,confirmatory,False,False
1918812279182913572,BOX,False,,18,insufficient,False,0.0062119739687838,0.0015660164150751,0.0,0.004194744965337,0.0002853285700803,3.0,0.0043965047038567,-9.212987502518478,0.0,False,914061,2025-05-03 23:37:51+00:00,229,False,0.1425637006759643,sentence-transformers/all-mpnet-base-v2,confirmatory,False,False
1919051785114919287,BOX,False,,18,insufficient,False,0.0062119739687838,0.0015660164150751,0.0,0.004194744965337,0.0002853285700803,3.0,0.0043965047038567,-9.212987502518478,0.0,False,914061,2025-05-04 15:29:34+00:00,230,False,0.3279649019241333,sentence-transformers/all-mpnet-base-v2,confirmatory,False,False
1919239614562172962,BOX,False,,18,insufficient,False,0.0062119739687838,0.0015660164150751,0.0,0.004194744965337,0.0002853285700803,3.0,0.0043965047038567,-9.212987502518478,0.0,False,914061,2025-05-05 03:55:56+00:00,231,False,0.3419705629348755,sentence-transformers/all-mpnet-base-v2,confirmatory,False,False
1919437406706794713,QCOM,False,,47,partial,True,-0.0003150479872584,0.0004151387160379,3.0,0.0011347929536885,0.0005617187407871,1807.0,0.0019061194460276,-1.28116472781753,0.4980630879911455,False,234930762,2025-05-05 17:01:53+00:00,57,False,0.4338040351867676,sentence-transformers/all-mpnet-base-v2,confirmatory,False,False
1919573650547622130,BOX,False,,31,partial,True,0.0015514584815911,0.0011197694753532,0.0,0.004194744965337,0.0002853285700803,3.0,0.0043965047038567,-10.776963166070807,0.0,False,914061,2025-05-06 02:03:16+00:00,232,False,0.287379503250122,sentence-transformers/all-mpnet-base-v2,confirmatory,False,False
1919836301995737225,BOX,False,,20,insufficient,False,0.002189874581973,0.0006531141273362,5.0,0.0011560845445843,0.0002470170345756,55.0,0.001531028419464,-2.0361770519676297,0.0,False,914061,2025-05-06 19:26:57+00:00,233,False,0.323063850402832,sentence-transformers/all-mpnet-base-v2,confirmatory,False,False
1920150374402679220,BOX,False,,20,insufficient,False,-0.0009353901159863,0.0006694342008696,2.0,,,,,,,False,914061,2025-05-07 16:14:58+00:00,234,False,0.2526883482933044,sentence-transformers/all-mpnet-base-v2,confirmatory,False,False
1920190278000132578,MSFT,True,"fomc(ALL, 2025-05-07 18:00:00+00:00->2025-05-07 20:00:00+00:00)",58,partial,False,-0.0024760655877917,0.0012185523927936,5.0,0.000494370972611,0.0002392654254598,7142.0,0.0007939814404011,3.0266864457774334,97.66171940632876,True,20571756,2025-05-07 18:53:32+00:00,101,False,0.4266925454139709,sentence-transformers/all-mpnet-base-v2,null_baseline,False,False
1921060440248852911,BOX,False,,38,partial,True,-0.0121087295894699,0.0015062470823291,0.0,0.004194744965337,0.0002853285700803,3.0,0.0043965047038567,-9.422462959985538,0.0,False,914061,2025-05-10 04:31:15+00:00,235,False,0.3225387334823608,sentence-transformers/all-mpnet-base-v2,confirmatory,False,False
1921783416653271270,BOX,False,,38,partial,True,-0.0121087295894699,0.0015062470823291,0.0,0.004194744965337,0.0002853285700803,3.0,0.0043965047038567,-9.422462959985538,0.0,False,914061,2025-05-12 04:24:06+00:00,236,False,0.3269929885864258,sentence-transformers/all-mpnet-base-v2,confirmatory,False,False
1922066095344595222,BOX,True,"cpi(ALL, 2025-05-13 12:30:00+00:00->2025-05-13 20:00:00+00:00)",22,insufficient,False,-0.0031426867055561,0.0007917052588797,0.0,0.004194744965337,0.0002853285700803,3.0,0.0043965047038567,-11.926740128052025,0.0,False,914061,2025-05-12 23:07:22+00:00,237,False,0.4897884130477905,sentence-transformers/all-mpnet-base-v2,confirmatory,False,False
1922318628579368984,BOX,True,"cpi(ALL, 2025-05-13 12:30:00+00:00->2025-05-13 20:00:00+00:00)",26,insufficient,False,-0.001678330975643,0.0003265590577028,2.0,,,,,,,False,914061,2025-05-13 15:50:50+00:00,238,False,0.2861742973327636,sentence-transformers/all-mpnet-base-v2,confirmatory,False,False
1922359625116205140,QCOM,True,"cpi(ALL, 2025-05-13 12:30:00+00:00->2025-05-13 20:00:00+00:00)",58,partial,False,-0.0040940665478098,0.0003889667642123,5.0,0.0010843439815498,0.0007001409905529,2330.0,0.0016392129234955,-0.9931959801245412,0.3862660944206008,False,234930762,2025-05-13 18:33:44+00:00,55,False,0.2743998169898987,sentence-transformers/all-mpnet-base-v2,confirmatory,False,False
1922361643964752062,QCOM,True,"cpi(ALL, 2025-05-13 12:30:00+00:00->2025-05-13 20:00:00+00:00)",59,partial,False,-0.0030136790853154,0.0004290028275389,5.0,0.0010843439815498,0.0007001409905529,2330.0,0.0016392129234955,-0.9360131214334024,1.6738197424892705,False,234930762,2025-05-13 18:41:46+00:00,56,False,0.3697174787521362,sentence-transformers/all-mpnet-base-v2,confirmatory,False,False
1922445108143653288,BOX,False,,22,insufficient,False,-0.0010462869975965,0.0019941208478471,0.0,0.004194744965337,0.0002853285700803,3.0,0.0043965047038567,-7.712596452819527,0.0,False,914061,2025-05-14 00:13:25+00:00,239,False,0.3983657360076904,sentence-transformers/all-mpnet-base-v2,confirmatory,False,False
1922665725917028794,BOX,False,,9,insufficient,False,-0.0068575144805307,0.0011024709709543,1.0,0.0013670565185054,9.769056425029918e-05,43.0,0.0014788781460496,-2.7084043334335512,0.0,False,914061,2025-05-14 14:50:05+00:00,240,False,0.4905816912651062,sentence-transformers/all-mpnet-base-v2,confirmatory,False,False
1922846144436240547,BOX,False,,23,insufficient,False,0.0082772759239412,0.0010405082263318,0.0,0.004194744965337,0.0002853285700803,3.0,0.0043965047038567,-11.054752554631204,0.0,False,914061,2025-05-15 02:47:00+00:00,241,False,0.2564430236816406,sentence-transformers/all-mpnet-base-v2,confirmatory,False,False
1923051243552768178,BOX,False,,33,partial,True,0.0023114149737397,0.0005424020820654,2.0,,,,,,,False,914061,2025-05-15 16:21:59+00:00,242,False,0.1638729572296142,sentence-transformers/all-mpnet-base-v2,confirmatory,False,False
1923104047306859006,BOX,False,,8,insufficient,False,-0.0006087884019156,0.000909525919287,6.0,,,,,,,False,914061,2025-05-15 19:51:49+00:00,243,False,0.2721821665763855,sentence-transformers/all-mpnet-base-v2,confirmatory,False,False
1923214187733581898,BOX,False,,32,partial,True,-0.0047338852826822,0.0013308932608196,0.0,0.004194744965337,0.0002853285700803,3.0,0.0043965047038567,-10.037031005029393,0.0,False,914061,2025-05-16 03:09:28+00:00,244,False,0.2879152297973633,sentence-transformers/all-mpnet-base-v2,confirmatory,False,False
1923254002663465304,QCOM,False,,50,partial,True,-0.0032966044320582,0.001256858203125,0.0,0.0017324859379107,0.0009055282058883,4816.0,0.0031227343684163,-0.5252489449724099,38.2890365448505,False,234930762,2025-05-16 05:47:41+00:00,57,False,0.1784635782241821,sentence-transformers/all-mpnet-base-v2,confirmatory,False,False
1923276482920817054,QCOM,False,,50,partial,True,-0.0032966044320582,0.001256858203125,0.0,0.0017324859379107,0.0009055282058883,4816.0,0.0031227343684163,-0.5252489449724099,38.2890365448505,False,234930762,2025-05-16 07:17:00+00:00,58,False,0.3357758522033691,sentence-transformers/all-mpnet-base-v2,confirmatory,False,False
1923352925159526475,QCOM,False,,50,partial,True,-0.0032966044320582,0.001256858203125,0.0,0.0017324859379107,0.0009055282058883,4816.0,0.0031227343684163,-0.5252489449724099,38.2890365448505,False,234930762,2025-05-16 12:20:46+00:00,59,False,0.4743009805679321,sentence-transformers/all-mpnet-base-v2,confirmatory,False,False
1923526875244265578,BOX,False,,21,insufficient,False,-0.0025074871728378,0.0011801391730698,0.0,0.004194744965337,0.0002853285700803,3.0,0.0043965047038567,-10.565383590637452,0.0,False,914061,2025-05-16 23:51:59+00:00,245,False,0.1830207705497741,sentence-transformers/all-mpnet-base-v2,confirmatory,False,False
1923597311118287117,BOX,False,,21,insufficient,False,-0.0025074871728378,0.0011801391730698,0.0,0.004194744965337,0.0002853285700803,3.0,0.0043965047038567,-10.565383590637452,0.0,False,914061,2025-05-17 04:31:52+00:00,246,False,0.2417534589767456,sentence-transformers/all-mpnet-base-v2,confirmatory,False,False
1923735464999334355,QCOM,False,,50,partial,True,-0.0027806487587239,0.0009957986193427,0.0,0.0017324859379107,0.0009055282058883,4816.0,0.0031227343684163,-0.813544309031464,22.00996677740864,False,234930762,2025-05-17 13:40:50+00:00,60,False,0.2506476044654846,sentence-transformers/all-mpnet-base-v2,confirmatory,False,False
1923753884280930798,QCOM,False,,50,partial,True,-0.0027806487587239,0.0009957986193427,0.0,0.0017324859379107,0.0009055282058883,4816.0,0.0031227343684163,-0.813544309031464,22.00996677740864,False,234930762,2025-05-17 14:54:02+00:00,61,False,0.4300276637077331,sentence-transformers/all-mpnet-base-v2,confirmatory,False,False
1923764144655958064,BOX,False,,21,insufficient,False,-0.0025074871728378,0.0011801391730698,0.0,0.004194744965337,0.0002853285700803,3.0,0.0043965047038567,-10.565383590637452,0.0,False,914061,2025-05-17 15:34:48+00:00,247,False,0.2395370006561279,sentence-transformers/all-mpnet-base-v2,confirmatory,False,False
1923862635520590191,MSFT,False,,58,partial,True,0.0076781737913913,0.0010330015933396,0.0,0.0008174575401678,0.0003989604251514,14622.0,0.0012105221411381,0.5402642457328886,81.76036109971277,False,20571756,2025-05-17 22:06:10+00:00,99,False,0.7704057693481445,sentence-transformers/all-mpnet-base-v2,null_baseline,False,False
1923891313289855247,BOX,False,,21,insufficient,False,-0.0025074871728378,0.0011801391730698,0.0,0.004194744965337,0.0002853285700803,3.0,0.0043965047038567,-10.565383590637452,0.0,False,914061,2025-05-18 00:00:07+00:00,248,False,0.2959881424903869,sentence-transformers/all-mpnet-base-v2,confirmatory,False,False
1924066283366293971,QCOM,False,,50,partial,True,-0.0027806487587239,0.0009957986193427,0.0,0.0017324859379107,0.0009055282058883,4816.0,0.0031227343684163,-0.813544309031464,22.00996677740864,False,234930762,2025-05-18 11:35:24+00:00,60,False,0.3849972486495971,sentence-transformers/all-mpnet-base-v2,confirmatory,False,False
1924161646878138605,BOX,False,,21,insufficient,False,-0.0025074871728378,0.0011801391730698,0.0,0.004194744965337,0.0002853285700803,3.0,0.0043965047038567,-10.565383590637452,0.0,False,914061,2025-05-18 17:54:20+00:00,249,False,0.2768276333808899,sentence-transformers/all-mpnet-base-v2,confirmatory,False,False
1924264216439189795,BOX,False,,21,insufficient,False,-0.0025074871728378,0.0011801391730698,0.0,0.004194744965337,0.0002853285700803,3.0,0.0043965047038567,-10.565383590637452,0.0,False,914061,2025-05-19 00:41:54+00:00,250,False,0.4179005622863769,sentence-transformers/all-mpnet-base-v2,confirmatory,False,False
1924380659352748150,QCOM,False,,50,partial,True,-0.0027806487587239,0.0009957986193427,0.0,0.0017324859379107,0.0009055282058883,4816.0,0.0031227343684163,-0.813544309031464,22.00996677740864,False,234930762,2025-05-19 08:24:37+00:00,60,False,0.361107587814331,sentence-transformers/all-mpnet-base-v2,confirmatory,False,False
1924486590006751413,BOX,False,,15,insufficient,False,-0.002622754912368,0.0005192793264998,1.0,0.0013670565185054,9.769056425029918e-05,43.0,0.0014788781460496,-8.678189122067876,0.0,False,914061,2025-05-19 15:25:32+00:00,251,False,0.1816455125808715,sentence-transformers/all-mpnet-base-v2,confirmatory,False,False
1924535894163554561,MSFT,False,,56,partial,True,-0.0007768783492362,0.0002508104377043,5.0,0.000494370972611,0.0002392654254598,7142.0,0.0007939814404011,-1.0179512331903846,5.0966115933912075,False,20571756,2025-05-19 18:41:27+00:00,91,False,0.3517013192176819,sentence-transformers/all-mpnet-base-v2,null_baseline,False,False
1924535896139038767,MSFT,False,,56,partial,True,-0.0007768783492362,0.0002508104377043,5.0,0.000494370972611,0.0002392654254598,7142.0,0.0007939814404011,-1.0179512331903846,5.0966115933912075,False,20571756,2025-05-19 18:41:28+00:00,92,False,0.592193603515625,sentence-transformers/all-mpnet-base-v2,null_baseline,False,False
1924535898055835938,MSFT,False,,56,partial,True,-0.0007768783492362,0.0002508104377043,5.0,0.000494370972611,0.0002392654254598,7142.0,0.0007939814404011,-1.0179512331903846,5.0966115933912075,False,20571756,2025-05-19 18:41:28+00:00,92,False,0.4774985313415527,sentence-transformers/all-mpnet-base-v2,null_baseline,False,False
1924535900463366247,MSFT,False,,56,partial,True,-0.0007768783492362,0.0002508104377043,5.0,0.000494370972611,0.0002392654254598,7142.0,0.0007939814404011,-1.0179512331903846,5.0966115933912075,False,20571756,2025-05-19 18:41:29+00:00,94,False,0.3819031715393066,sentence-transformers/all-mpnet-base-v2,null_baseline,False,False
1924535902321442846,MSFT,False,,56,partial,True,-0.0007768783492362,0.0002508104377043,5.0,0.000494370972611,0.0002392654254598,7142.0,0.0007939814404011,-1.0179512331903846,5.0966115933912075,False,20571756,2025-05-19 18:41:29+00:00,94,False,0.518417477607727,sentence-transformers/all-mpnet-base-v2,null_baseline,False,False
1924535904741568522,MSFT,False,,56,partial,True,-0.0007768783492362,0.0002508104377043,5.0,0.000494370972611,0.0002392654254598,7142.0,0.0007939814404011,-1.0179512331903846,5.0966115933912075,False,20571756,2025-05-19 18:41:30+00:00,96,False,0.3659025430679321,sentence-transformers/all-mpnet-base-v2,null_baseline,False,False
1924535906574467160,MSFT,False,,56,partial,True,-0.0007768783492362,0.0002508104377043,5.0,0.000494370972611,0.0002392654254598,7142.0,0.0007939814404011,-1.0179512331903846,5.0966115933912075,False,20571756,2025-05-19 18:41:30+00:00,96,False,0.5874884724617004,sentence-transformers/all-mpnet-base-v2,null_baseline,False,False
1924551333698535722,MSFT,False,,16,insufficient,False,0.0020774699146628,0.000400718882264,6.0,,,,,,,False,20571756,2025-05-19 19:42:49+00:00,98,False,0.4293069839477539,sentence-transformers/all-mpnet-base-v2,null_baseline,False,False
1924551335804072433,MSFT,False,,16,insufficient,False,0.0020774699146628,0.000400718882264,6.0,,,,,,,False,20571756,2025-05-19 19:42:49+00:00,98,False,0.2960173487663269,sentence-transformers/all-mpnet-base-v2,null_baseline,False,False
1924573793961537785,MSFT,False,,60,complete,True,-0.003554674954471,0.0005761334688245,0.0,0.0008174575401678,0.0003989604251514,14622.0,0.0012105221411381,-0.6048822292378452,23.074818766242647,False,20571756,2025-05-19 21:12:03+00:00,100,False,0.308988094329834,sentence-transformers/all-mpnet-base-v2,null_baseline,False,False
1924573795911926093,MSFT,False,,60,complete,True,-0.003554674954471,0.0005761334688245,0.0,0.0008174575401678,0.0003989604251514,14622.0,0.0012105221411381,-0.6048822292378452,23.074818766242647,False,20571756,2025-05-19 21:12:04+00:00,101,False,0.6355224847793579,sentence-transformers/all-mpnet-base-v2,null_baseline,False,False
1924592062751756475,MSFT,False,,60,complete,True,-0.003554674954471,0.0005761334688245,0.0,0.0008174575401678,0.0003989604251514,14622.0,0.0012105221411381,-0.6048822292378452,23.074818766242647,False,20571756,2025-05-19 22:24:39+00:00,102,False,0.3372491598129272,sentence-transformers/all-mpnet-base-v2,null_baseline,False,False
1924610074603082016,MSFT,False,,60,complete,True,-0.003554674954471,0.0005761334688245,0.0,0.0008174575401678,0.0003989604251514,14622.0,0.0012105221411381,-0.6048822292378452,23.074818766242647,False,20571756,2025-05-19 23:36:13+00:00,103,False,0.495124340057373,sentence-transformers/all-mpnet-base-v2,null_baseline,False,False
1924659941769707862,BOX,False,,37,partial,True,0.0108215160278576,0.0013458270996091,0.0,0.004194744965337,0.0002853285700803,3.0,0.0043965047038567,-9.9846919112426,0.0,False,914061,2025-05-20 02:54:23+00:00,252,False,0.2042526602745056,sentence-transformers/all-mpnet-base-v2,confirmatory,False,False
1924694659739385946,MSFT,False,,60,complete,True,-0.003554674954471,0.0005761334688245,0.0,0.0008174575401678,0.0003989604251514,14622.0,0.0012105221411381,-0.6048822292378452,23.074818766242647,False,20571756,2025-05-20 05:12:20+00:00,104,False,0.2931705713272095,sentence-transformers/all-mpnet-base-v2,null_baseline,False,False
1924694661849088333,MSFT,False,,60,complete,True,-0.003554674954471,0.0005761334688245,0.0,0.0008174575401678,0.0003989604251514,14622.0,0.0012105221411381,-0.6048822292378452,23.074818766242647,False,20571756,2025-05-20 05:12:21+00:00,105,False,0.4974815845489502,sentence-transformers/all-mpnet-base-v2,null_baseline,False,False
1924844361214525781,QCOM,False,,44,partial,True,0.0003094729266047,0.0004473247115333,1.0,0.0014049941536428,0.0008717321533434,3575.0,0.0024544828179355,-1.0985822175267823,1.3706293706293706,False,234930762,2025-05-20 15:07:12+00:00,61,False,0.4937454462051391,sentence-transformers/all-mpnet-base-v2,confirmatory,False,False
1925014604205457748,BOX,False,,19,insufficient,False,0.0055936941057659,0.0013224271839903,0.0,0.004194744965337,0.0002853285700803,3.0,0.0043965047038567,-10.066702330361034,0.0,False,914061,2025-05-21 02:23:41+00:00,253,False,0.2283074855804443,sentence-transformers/all-mpnet-base-v2,confirmatory,False,False
1925221986743292209,MSFT,False,,58,partial,True,-0.0020692889124299,0.0002974793555844,2.0,0.0005469180339176,0.0002536873704358,10190.0,0.0007458176265516,-0.9832522521901113,3.4151128557409227,False,20571756,2025-05-21 16:07:45+00:00,106,False,0.5587137937545776,sentence-transformers/all-mpnet-base-v2,null_baseline,False,False
1925232544032989319,BOX,False,,28,partial,True,0.0032218593261754,0.0006886569620038,3.0,,,,,,,False,914061,2025-05-21 16:49:42+00:00,254,False,0.4673318266868591,sentence-transformers/all-mpnet-base-v2,confirmatory,False,False
1925282282325385519,BOX,False,,17,insufficient,False,-0.0017446626728747,0.0008027874835062,0.0,0.004194744965337,0.0002853285700803,3.0,0.0043965047038567,-11.88789990737831,0.0,False,914061,2025-05-21 20:07:20+00:00,255,False,0.403528094291687,sentence-transformers/all-mpnet-base-v2,confirmatory,False,False
1925337587247652928,QCOM,False,,56,partial,True,-0.0181689665081291,0.0014682131515891,0.0,0.0017324859379107,0.0009055282058883,4816.0,0.0031227343684163,-0.2918437930515391,53.50913621262458,False,234930762,2025-05-21 23:47:06+00:00,59,False,0.4714720845222473,sentence-transformers/all-mpnet-base-v2,confirmatory,False,False
1925364028324680130,BOX,False,,17,insufficient,False,-0.0017446626728747,0.0008027874835062,0.0,0.004194744965337,0.0002853285700803,3.0,0.0043965047038567,-11.88789990737831,0.0,False,914061,2025-05-22 01:32:10+00:00,256,False,0.2530955076217651,sentence-transformers/all-mpnet-base-v2,confirmatory,False,False
1925693924800082081,BOX,False,,26,insufficient,False,0.0022551794917025,0.0009549637608194,0.0,0.004194744965337,0.0002853285700803,3.0,0.0043965047038567,-11.354562929345022,0.0,False,914061,2025-05-22 23:23:03+00:00,257,False,0.3946430087089538,sentence-transformers/all-mpnet-base-v2,confirmatory,False,False
1925766270932140129,BOX,False,,26,insufficient,False,0.0022551794917025,0.0009549637608194,0.0,0.004194744965337,0.0002853285700803,3.0,0.0043965047038567,-11.354562929345022,0.0,False,914061,2025-05-23 04:10:32+00:00,258,False,0.2473849654197693,sentence-transformers/all-mpnet-base-v2,confirmatory,False,False
1926049497144021104,BOX,False,,33,partial,True,-0.0079088465818859,0.0013243667502481,0.0,0.004194744965337,0.0002853285700803,3.0,0.0043965047038567,-10.059904671587653,0.0,False,914061,2025-05-23 22:55:59+00:00,259,False,0.2746223211288452,sentence-transformers/all-mpnet-base-v2,confirmatory,False,False
1926357276870283521,BOX,False,,33,partial,True,-0.0079088465818859,0.0013243667502481,0.0,0.004194744965337,0.0002853285700803,3.0,0.0043965047038567,-10.059904671587653,0.0,False,914061,2025-05-24 19:18:59+00:00,260,False,0.395548403263092,sentence-transformers/all-mpnet-base-v2,confirmatory,False,False
1926401273261072652,BOX,False,,33,partial,True,-0.0079088465818859,0.0013243667502481,0.0,0.004194744965337,0.0002853285700803,3.0,0.0043965047038567,-10.059904671587653,0.0,False,914061,2025-05-24 22:13:49+00:00,261,False,0.2940469980239868,sentence-transformers/all-mpnet-base-v2,confirmatory,False,False
1926676115768185111,BOX,False,,33,partial,True,-0.0079088465818859,0.0013243667502481,0.0,0.004194744965337,0.0002853285700803,3.0,0.0043965047038567,-10.059904671587653,0.0,False,914061,2025-05-25 16:25:56+00:00,262,False,0.1436164379119873,sentence-transformers/all-mpnet-base-v2,confirmatory,False,False
1926987939461890415,QCOM,False,,1,insufficient,False,0.0050027680849111,,,,,,,,,False,234930762,2025-05-26 13:05:01+00:00,58,False,0.7614516019821167,sentence-transformers/all-mpnet-base-v2,confirmatory,False,False
1927028752304730444,BOX,False,,33,partial,True,-0.0079088465818859,0.0013243667502481,0.0,0.004194744965337,0.0002853285700803,3.0,0.0043965047038567,-10.059904671587653,0.0,False,914061,2025-05-26 15:47:11+00:00,263,False,0.5884315967559814,sentence-transformers/all-mpnet-base-v2,confirmatory,False,False
1927069695317840231,BOX,False,,33,partial,True,-0.0079088465818859,0.0013243667502481,0.0,0.004194744965337,0.0002853285700803,3.0,0.0043965047038567,-10.059904671587653,0.0,False,914061,2025-05-26 18:29:53+00:00,264,False,0.3817968964576721,sentence-transformers/all-mpnet-base-v2,confirmatory,False,False
1927217835123585434,BOX,False,,33,partial,True,-0.0079088465818859,0.0013243667502481,0.0,0.004194744965337,0.0002853285700803,3.0,0.0043965047038567,-10.059904671587653,0.0,False,914061,2025-05-27 04:18:32+00:00,265,False,0.2416403293609619,sentence-transformers/all-mpnet-base-v2,confirmatory,False,False
1927502700691718193,BOX,True,"earnings(BOX, 2025-05-27 20:00:00+00:00->2025-05-28 20:00:00+00:00)",60,complete,False,0.1791813867659361,0.0037883069276028,0.0,0.004194744965337,0.0002853285700803,3.0,0.0043965047038567,-1.4244561546000505,0.0,False,914061,2025-05-27 23:10:29+00:00,266,False,0.7451436519622803,sentence-transformers/all-mpnet-base-v2,confirmatory,False,False
1927547141687288099,BOX,True,"earnings(BOX, 2025-05-27 20:00:00+00:00->2025-05-28 20:00:00+00:00)",60,complete,False,0.1791813867659361,0.0037883069276028,0.0,0.004194744965337,0.0002853285700803,3.0,0.0043965047038567,-1.4244561546000505,0.0,False,914061,2025-05-28 02:07:05+00:00,267,False,0.9380418658256532,sentence-transformers/all-mpnet-base-v2,confirmatory,False,False
1927584545055846712,QCOM,False,,47,partial,True,-0.0011235590693072,0.0008909648661104,0.0,0.0017324859379107,0.0009055282058883,4816.0,0.0031227343684163,-0.9293151404098714,14.078073089700997,False,234930762,2025-05-28 04:35:42+00:00,58,False,0.2172803878784179,sentence-transformers/all-mpnet-base-v2,confirmatory,False,False
1927614666806894703,BOX,True,"earnings(BOX, 2025-05-27 20:00:00+00:00->2025-05-28 20:00:00+00:00)",60,complete,False,0.1791813867659361,0.0037883069276028,0.0,0.004194744965337,0.0002853285700803,3.0,0.0043965047038567,-1.4244561546000505,0.0,False,914061,2025-05-28 06:35:24+00:00,268,False,0.2563909292221069,sentence-transformers/all-mpnet-base-v2,confirmatory,False,False
1927740843705942104,BOX,True,"earnings(BOX, 2025-05-27 20:00:00+00:00->2025-05-28 20:00:00+00:00)",57,partial,False,0.0069238417924123,0.0016385055966854,1.0,0.0013670565185054,9.769056425029918e-05,43.0,0.0014788781460496,2.778662200010703,100.0,True,914061,2025-05-28 14:56:47+00:00,269,False,0.2780795097351074,sentence-transformers/all-mpnet-base-v2,confirmatory,False,False
1927762122873721085,QCOM,False,,29,partial,True,0.0003224584254029,0.0003874663918954,2.0,0.001322062776426,0.0006958446398886,1733.0,0.002085494805309,-1.3431107045389383,1.9042123485285631,False,234930762,2025-05-28 16:21:20+00:00,59,False,0.2628707885742187,sentence-transformers/all-mpnet-base-v2,confirmatory,False,False
1927940046684111335,BOX,False,,58,partial,True,-0.0085704280213964,0.0019795442100104,0.0,0.004194744965337,0.0002853285700803,3.0,0.0043965047038567,-7.763683653209586,0.0,False,914061,2025-05-29 04:08:21+00:00,270,False,0.2583342790603637,sentence-transformers/all-mpnet-base-v2,confirmatory,False,False
1928120473965183425,QCOM,False,,54,partial,True,6.702052103735312e-06,0.0005626157014992,2.0,0.001322062776426,0.0006958446398886,1733.0,0.002085494805309,-1.0914032118552115,9.290248124639351,False,234930762,2025-05-29 16:05:18+00:00,60,False,0.2418938875198364,sentence-transformers/all-mpnet-base-v2,confirmatory,False,False
1928524649358364740,BOX,False,,52,partial,True,-0.0043729379993241,0.0006081609589805,5.0,0.0011560845445843,0.0002470170345756,55.0,0.001531028419464,-2.2181611342916416,0.0,False,914061,2025-05-30 18:51:21+00:00,271,False,0.4484137296676636,sentence-transformers/all-mpnet-base-v2,confirmatory,False,False
1928842580092928449,BOX,False,,58,partial,True,0.0073037811150705,0.0013973962696879,0.0,0.004194744965337,0.0002853285700803,3.0,0.0043965047038567,-9.803955821392604,0.0,False,914061,2025-05-31 15:54:41+00:00,272,False,0.4280985593795776,sentence-transformers/all-mpnet-base-v2,confirmatory,False,False
1928949333140922375,HOOD,False,,3,insufficient,False,,0.0009914974807396,,,,,,,,False,605700792,2025-05-31 22:58:53+00:00,0,True,,sentence-transformers/all-mpnet-base-v2,confirmatory,False,False
1928966652223230107,BOX,False,,58,partial,True,0.0073037811150705,0.0013973962696879,0.0,0.004194744965337,0.0002853285700803,3.0,0.0043965047038567,-9.803955821392604,0.0,False,914061,2025-06-01 00:07:43+00:00,273,False,0.3256220817565918,sentence-transformers/all-mpnet-base-v2,confirmatory,False,False
1929323455545041199,BOX,False,,58,partial,True,0.0073037811150705,0.0013973962696879,0.0,0.004194744965337,0.0002853285700803,3.0,0.0043965047038567,-9.803955821392604,0.0,False,914061,2025-06-01 23:45:31+00:00,274,False,0.1995162963867187,sentence-transformers/all-mpnet-base-v2,confirmatory,False,False
1929659333220212873,HOOD,False,,6,insufficient,False,0.0275877419429886,0.002409581552198,,,,,,,,False,605700792,2025-06-02 22:00:11+00:00,1,True,,sentence-transformers/all-mpnet-base-v2,confirmatory,False,False
1929678870095212598,HOOD,False,,6,insufficient,False,0.0275877419429886,0.002409581552198,,,,,,,,False,605700792,2025-06-02 23:17:48+00:00,2,True,,sentence-transformers/all-mpnet-base-v2,confirmatory,False,False
1929705823636541489,BOX,False,,38,partial,True,0.001828865931841,0.0010717838383281,0.0,0.004194744965337,0.0002853285700803,3.0,0.0043965047038567,-10.945139935090427,0.0,False,914061,2025-06-03 01:04:55+00:00,275,False,0.2631227970123291,sentence-transformers/all-mpnet-base-v2,confirmatory,False,False
1929714923522883873,BOX,False,,38,partial,True,0.001828865931841,0.0010717838383281,0.0,0.004194744965337,0.0002853285700803,3.0,0.0043965047038567,-10.945139935090427,0.0,False,914061,2025-06-03 01:41:04+00:00,276,False,0.2055070400238037,sentence-transformers/all-mpnet-base-v2,confirmatory,False,False
1929989027803083177,HOOD,False,,9,insufficient,False,-0.0042702930672953,0.0006527340669153,6.0,,,,,,,False,605700792,2025-06-03 19:50:16+00:00,3,True,,sentence-transformers/all-mpnet-base-v2,confirmatory,False,False
1930120330846081514,BOX,False,,34,partial,True,-0.0011160910707361,0.0013057381941039,0.0,0.004194744965337,0.0002853285700803,3.0,0.0043965047038567,-10.12519275731613,0.0,False,914061,2025-06-04 04:32:01+00:00,277,False,0.3345694541931152,sentence-transformers/all-mpnet-base-v2,confirmatory,False,False
1930123083509313708,HOOD,False,,6,insufficient,False,0.0278173272294042,0.008369149498177,,,,,,,,False,605700792,2025-06-04 04:42:57+00:00,4,True,,sentence-transformers/all-mpnet-base-v2,confirmatory,False,False
1930355235505238264,BOX,False,,39,partial,True,-0.0016441787436214,0.0010158129982206,0.0,0.004194744965337,0.0002853285700803,3.0,0.0043965047038567,-11.141302696119514,0.0,False,914061,2025-06-04 20:05:27+00:00,278,False,0.3114835023880005,sentence-transformers/all-mpnet-base-v2,confirmatory,False,False
1930400246674403464,BOX,False,,39,partial,True,-0.0016441787436214,0.0010158129982206,0.0,0.004194744965337,0.0002853285700803,3.0,0.0043965047038567,-11.141302696119514,0.0,False,914061,2025-06-04 23:04:18+00:00,279,False,0.2764118313789367,sentence-transformers/all-mpnet-base-v2,confirmatory,False,False
1930453164266070287,HOOD,False,,7,insufficient,False,0.0225173297016725,0.0020537031626922,,,,,,,,False,605700792,2025-06-05 02:34:35+00:00,5,True,,sentence-transformers/all-mpnet-base-v2,confirmatory,False,False
1930764343957975528,HOOD,True,"jobs_report(ALL, 2025-06-06 12:30:00+00:00->2025-06-06 20:00:00+00:00)",7,insufficient,False,0.0163442262713884,0.0038068063697268,,,,,,,,False,605700792,2025-06-05 23:11:06+00:00,6,True,,sentence-transformers/all-mpnet-base-v2,confirmatory,False,False
1930821898335826254,BOX,True,"jobs_report(ALL, 2025-06-06 12:30:00+00:00->2025-06-06 20:00:00+00:00)",31,partial,False,-0.02729010482621,0.0020143943915503,0.0,0.004194744965337,0.0002853285700803,3.0,0.0043965047038567,-7.641543127533896,0.0,False,914061,2025-06-06 02:59:48+00:00,280,False,0.8358542919158936,sentence-transformers/all-mpnet-base-v2,confirmatory,False,False
1930830928919846967,BOX,True,"jobs_report(ALL, 2025-06-06 12:30:00+00:00->2025-06-06 20:00:00+00:00)",31,partial,False,-0.02729010482621,0.0020143943915503,0.0,0.004194744965337,0.0002853285700803,3.0,0.0043965047038567,-7.641543127533896,0.0,False,914061,2025-06-06 03:35:41+00:00,281,False,0.3206225633621216,sentence-transformers/all-mpnet-base-v2,confirmatory,False,False
1931007381728837651,HOOD,True,"jobs_report(ALL, 2025-06-06 12:30:00+00:00->2025-06-06 20:00:00+00:00)",60,complete,False,0.0212287954410613,0.0015379848982117,1.0,0.0017163780306508,0.0006345735237307,13323.0,0.0024248767060085,-0.2811228735012877,46.49853636568341,False,605700792,2025-06-06 15:16:50+00:00,7,True,,sentence-transformers/all-mpnet-base-v2,confirmatory,False,False
1931007953412542967,HOOD,True,"jobs_report(ALL, 2025-06-06 12:30:00+00:00->2025-06-06 20:00:00+00:00)",60,complete,False,0.02674597956445,0.0014008998282411,1.0,0.0017163780306508,0.0006345735237307,13323.0,0.0024248767060085,-0.4971499607405092,33.87375215792239,False,605700792,2025-06-06 15:19:07+00:00,8,True,,sentence-transformers/all-mpnet-base-v2,confirmatory,False,False
1931079784869802470,BOX,False,,24,insufficient,False,-0.0071019733035407,0.0010143351014278,0.0,0.004194744965337,0.0002853285700803,3.0,0.0043965047038567,-11.146482327421216,0.0,False,914061,2025-06-06 20:04:33+00:00,282,False,0.3156721591949463,sentence-transformers/all-mpnet-base-v2,confirmatory,False,False
1931144813816188998,MSFT,False,,58,partial,True,-0.0008359948288167,0.0005767065639236,0.0,0.0008174575401678,0.0003989604251514,14622.0,0.0012105221411381,-0.6034457581923164,23.17740391191355,False,20571756,2025-06-07 00:22:57+00:00,107,False,0.775629997253418,sentence-transformers/all-mpnet-base-v2,null_baseline,False,False
1931206440175472978,BOX,False,,24,insufficient,False,-0.0071019733035407,0.0010143351014278,0.0,0.004194744965337,0.0002853285700803,3.0,0.0043965047038567,-11.146482327421216,0.0,False,914061,2025-06-07 04:27:50+00:00,283,False,0.2736848592758178,sentence-transformers/all-mpnet-base-v2,confirmatory,False,False
1931389329429127275,BOX,False,,24,insufficient,False,-0.0071019733035407,0.0010143351014278,0.0,0.004194744965337,0.0002853285700803,3.0,0.0043965047038567,-11.146482327421216,0.0,False,914061,2025-06-07 16:34:34+00:00,284,False,0.2522075772285461,sentence-transformers/all-mpnet-base-v2,confirmatory,False,False
1931787946165981610,HOOD,False,,60,complete,True,-0.0591748702954507,0.0052126166336565,0.0,0.0024686517521656,0.0010353669234942,13891.0,0.0035687533395987,2.6502342495455404,98.6538046216975,True,605700792,2025-06-08 18:58:31+00:00,9,True,,sentence-transformers/all-mpnet-base-v2,confirmatory,False,False
1931788373393612969,BOX,False,,24,insufficient,False,-0.0071019733035407,0.0010143351014278,0.0,0.004194744965337,0.0002853285700803,3.0,0.0043965047038567,-11.146482327421216,0.0,False,914061,2025-06-08 19:00:13+00:00,285,False,0.297084093093872,sentence-transformers/all-mpnet-base-v2,confirmatory,False,False
1931800139292967389,MSFT,False,,58,partial,True,-0.0008359948288167,0.0005767065639236,0.0,0.0008174575401678,0.0003989604251514,14622.0,0.0012105221411381,-0.6034457581923164,23.17740391191355,False,20571756,2025-06-08 19:46:58+00:00,108,False,0.5455642938613892,sentence-transformers/all-mpnet-base-v2,null_baseline,False,False
1931914258528477687,BOX,False,,24,insufficient,False,-0.0071019733035407,0.0010143351014278,0.0,0.004194744965337,0.0002853285700803,3.0,0.0043965047038567,-11.146482327421216,0.0,False,914061,2025-06-09 03:20:27+00:00,286,False,0.3564903736114502,sentence-transformers/all-mpnet-base-v2,confirmatory,False,False
1932073714889466326,MSFT,False,,52,partial,True,0.0003831988589189,0.0004979391507405,0.0,0.0008174575401678,0.0003989604251514,14622.0,0.0012105221411381,-0.8008774035822913,11.60579948023526,False,20571756,2025-06-09 13:54:04+00:00,109,False,0.357799768447876,sentence-transformers/all-mpnet-base-v2,null_baseline,False,False
1932075626317435304,HOOD,False,,60,complete,True,0.00342319862381,0.0026034714932995,0.0,0.0024686517521656,0.0010353669234942,13891.0,0.0035687533395987,0.1302144564160393,65.82679432726226,False,605700792,2025-06-09 14:01:40+00:00,10,True,,sentence-transformers/all-mpnet-base-v2,confirmatory,False,False
1932102760566342093,QCOM,False,,51,partial,True,0.0017934407239659,0.0005718405424731,2.0,0.001322062776426,0.0006958446398886,1733.0,0.002085494805309,-1.0781461707786368,9.636468551644548,False,234930762,2025-06-09 15:49:29+00:00,59,False,0.3424915671348572,sentence-transformers/all-mpnet-base-v2,confirmatory,False,False
1932164762265174206,HOOD,False,,4,insufficient,False,0.012585753047162,0.0019450527105856,6.0,,,,,,,False,605700792,2025-06-09 19:55:51+00:00,11,True,,sentence-transformers/all-mpnet-base-v2,confirmatory,False,False
1932190118867087736,HOOD,False,,2,insufficient,False,-0.0013055997731415,0.0,,,,,,,,False,605700792,2025-06-09 21:36:37+00:00,12,True,,sentence-transformers/all-mpnet-base-v2,confirmatory,False,False
1932200828041105445,HOOD,False,,2,insufficient,False,-0.0013055997731415,0.0,,,,,,,,False,605700792,2025-06-09 22:19:10+00:00,13,True,,sentence-transformers/all-mpnet-base-v2,confirmatory,False,False
1932244367819018742,BOX,False,,28,partial,True,-0.0090141355948218,0.0012903452177005,0.0,0.004194744965337,0.0002853285700803,3.0,0.0043965047038567,-10.17914100511695,0.0,False,914061,2025-06-10 01:12:11+00:00,287,False,0.2278385162353515,sentence-transformers/all-mpnet-base-v2,confirmatory,False,False
1932264269854220308,BOX,False,,28,partial,True,-0.0090141355948218,0.0012903452177005,0.0,0.004194744965337,0.0002853285700803,3.0,0.0043965047038567,-10.17914100511695,0.0,False,914061,2025-06-10 02:31:16+00:00,288,False,0.2169101238250732,sentence-transformers/all-mpnet-base-v2,confirmatory,False,False
1932271098252665037,HOOD,False,,2,insufficient,False,-0.0013055997731415,0.0,,,,,,,,False,605700792,2025-06-10 02:58:24+00:00,14,True,,sentence-transformers/all-mpnet-base-v2,confirmatory,False,False
1932438854444671145,QCOM,False,,52,partial,True,0.0084032361201571,0.0007062166746015,0.0,0.0017324859379107,0.0009055282058883,4816.0,0.0031227343684163,-1.133337710118442,2.9277408637873754,False,234930762,2025-06-10 14:05:00+00:00,60,False,0.2553389072418213,sentence-transformers/all-mpnet-base-v2,confirmatory,False,False
1932454885930447172,HOOD,False,,60,complete,True,0.0019217630767722,0.00170284881034,1.0,0.0017163780306508,0.0006345735237307,13323.0,0.0024248767060085,-0.021320177733291,57.554604818734525,False,605700792,2025-06-10 15:08:42+00:00,15,True,,sentence-transformers/all-mpnet-base-v2,confirmatory,False,False
1932472719267774814,HOOD,False,,60,complete,True,-0.0046594559048308,0.0010760946934897,2.0,0.001537110318051,0.0006474939279101,10131.0,0.0021891213272673,-0.7119999195193267,21.606948968512487,False,605700792,2025-06-10 16:19:34+00:00,16,True,,sentence-transformers/all-mpnet-base-v2,confirmatory,False,False
1932515395497234434,BOX,False,,44,partial,True,-0.0042874756686976,0.000528102704935,5.0,0.0011560845445843,0.0002470170345756,55.0,0.001531028419464,-2.5422612684504293,0.0,False,914061,2025-06-10 19:09:09+00:00,289,False,0.3640371561050415,sentence-transformers/all-mpnet-base-v2,confirmatory,False,False
1932542433167872300,HOOD,True,"cpi(ALL, 2025-06-11 12:30:00+00:00->2025-06-11 20:00:00+00:00)",3,insufficient,False,0.0042386814745896,0.0085627658134184,,,,,,,,False,605700792,2025-06-10 20:56:35+00:00,17,True,,sentence-transformers/all-mpnet-base-v2,confirmatory,False,False
1932597370044494227,BOX,True,"cpi(ALL, 2025-06-11 12:30:00+00:00->2025-06-11 20:00:00+00:00)",31,partial,False,-0.0092654005093826,0.0013950502705113,0.0,0.004194744965337,0.0002853285700803,3.0,0.0043965047038567,-9.812177918380334,0.0,False,914061,2025-06-11 00:34:53+00:00,290,False,0.2464682459831237,sentence-transformers/all-mpnet-base-v2,confirmatory,False,False
1932617875358896598,BOX,True,"cpi(ALL, 2025-06-11 12:30:00+00:00->2025-06-11 20:00:00+00:00)",31,partial,False,-0.0092654005093826,0.0013950502705113,0.0,0.004194744965337,0.0002853285700803,3.0,0.0043965047038567,-9.812177918380334,0.0,False,914061,2025-06-11 01:56:22+00:00,291,False,0.3861514329910278,sentence-transformers/all-mpnet-base-v2,confirmatory,False,False
1932631759365288400,HOOD,True,"cpi(ALL, 2025-06-11 12:30:00+00:00->2025-06-11 20:00:00+00:00)",3,insufficient,False,0.0042386814745896,0.0085627658134184,,,,,,,,False,605700792,2025-06-11 02:51:32+00:00,18,True,,sentence-transformers/all-mpnet-base-v2,confirmatory,False,False
1932801241882714327,QCOM,True,"cpi(ALL, 2025-06-11 12:30:00+00:00->2025-06-11 20:00:00+00:00)",55,partial,False,0.0025220944224662,0.0006885686763095,0.0,0.0017324859379107,0.0009055282058883,4816.0,0.0031227343684163,-1.1528268858031647,2.3463455149501664,False,234930762,2025-06-11 14:05:00+00:00,61,False,0.32476806640625,sentence-transformers/all-mpnet-base-v2,confirmatory,False,False
1933012259892310243,BOX,False,,33,partial,True,-0.0042361581651114,0.0011227074883386,0.0,0.004194744965337,0.0002853285700803,3.0,0.0043965047038567,-10.766666219695727,0.0,False,914061,2025-06-12 04:03:31+00:00,292,False,0.586471676826477,sentence-transformers/all-mpnet-base-v2,confirmatory,False,False
1933163630402667006,QCOM,False,,53,partial,True,-0.0038226688608078,0.0007091159621382,0.0,0.0017324859379107,0.0009055282058883,4816.0,0.0031227343684163,-1.130135946200033,3.1146179401993357,False,234930762,2025-06-12 14:05:00+00:00,62,False,0.2790713310241699,sentence-transformers/all-mpnet-base-v2,confirmatory,False,False
1933173593921446181,HOOD,False,,57,partial,True,-0.0023896477424384,0.0010050692031371,1.0,0.0017163780306508,0.0006345735237307,13323.0,0.0024248767060085,-1.12092421274019,5.411694062898746,False,605700792,2025-06-12 14:44:36+00:00,19,True,,sentence-transformers/all-mpnet-base-v2,confirmatory,False,False
1933184769669685481,QCOM,False,,40,partial,True,0.0044802379998072,0.0006691654192692,1.0,0.0014049941536428,0.0008717321533434,3575.0,0.0024544828179355,-0.8440995683723641,17.25874125874126,False,234930762,2025-06-12 15:29:00+00:00,63,False,0.2619109153747558,sentence-transformers/all-mpnet-base-v2,confirmatory,False,False
1933190506051457217,QCOM,False,,36,partial,True,0.002072587581559,0.0007731578168182,2.0,0.001322062776426,0.0006958446398886,1733.0,0.002085494805309,-0.7888326332376515,20.542412002308136,False,234930762,2025-06-12 15:51:48+00:00,64,False,0.3596524000167846,sentence-transformers/all-mpnet-base-v2,confirmatory,False,False
1933285382009074004,QCOM,False,,52,partial,True,-0.0148196170072228,0.001183990278249,0.0,0.0017324859379107,0.0009055282058883,4816.0,0.0031227343684163,-0.6057190224390151,33.53405315614618,False,234930762,2025-06-12 22:08:48+00:00,65,False,0.2731697559356689,sentence-transformers/all-mpnet-base-v2,confirmatory,False,False
1933386098149110065,BOX,False,,29,partial,True,0.0032043698584981,0.0011593091416813,0.0,0.004194744965337,0.0002853285700803,3.0,0.0043965047038567,-10.63838725578971,0.0,False,914061,2025-06-13 04:49:01+00:00,293,False,0.2760778665542602,sentence-transformers/all-mpnet-base-v2,confirmatory,False,False
1933450447391744487,QCOM,False,,52,partial,True,-0.0148196170072228,0.001183990278249,0.0,0.0017324859379107,0.0009055282058883,4816.0,0.0031227343684163,-0.6057190224390151,33.53405315614618,False,234930762,2025-06-13 09:04:43+00:00,66,False,0.3625879287719726,sentence-transformers/all-mpnet-base-v2,confirmatory,False,False
1933462599129313699,QCOM,False,,52,partial,True,-0.0148196170072228,0.001183990278249,0.0,0.0017324859379107,0.0009055282058883,4816.0,0.0031227343684163,-0.6057190224390151,33.53405315614618,False,234930762,2025-06-13 09:53:00+00:00,67,False,0.2203484773635864,sentence-transformers/all-mpnet-base-v2,confirmatory,False,False
1933467685909897393,QCOM,False,,52,partial,True,-0.0148196170072228,0.001183990278249,0.0,0.0017324859379107,0.0009055282058883,4816.0,0.0031227343684163,-0.6057190224390151,33.53405315614618,False,234930762,2025-06-13 10:13:13+00:00,68,False,0.3433675765991211,sentence-transformers/all-mpnet-base-v2,confirmatory,False,False
1933476195670372428,QCOM,False,,52,partial,True,-0.0148196170072228,0.001183990278249,0.0,0.0017324859379107,0.0009055282058883,4816.0,0.0031227343684163,-0.6057190224390151,33.53405315614618,False,234930762,2025-06-13 10:47:01+00:00,69,False,0.7959146499633789,sentence-transformers/all-mpnet-base-v2,confirmatory,False,False
1933690879640023556,BOX,False,,38,partial,True,-0.0164047357219553,0.0010767257485429,0.0,0.004194744965337,0.0002853285700803,3.0,0.0043965047038567,-10.927819867165274,0.0,False,914061,2025-06-14 01:00:06+00:00,294,False,0.2274457216262817,sentence-transformers/all-mpnet-base-v2,confirmatory,False,False
1933701899708215740,HOOD,False,,1,insufficient,False,0.0106650879832839,,,,,,,,,False,605700792,2025-06-14 01:43:53+00:00,20,False,0.5768470168113708,sentence-transformers/all-mpnet-base-v2,confirmatory,False,False
1934059421833089444,BOX,False,,38,partial,True,-0.0164047357219553,0.0010767257485429,0.0,0.004194744965337,0.0002853285700803,3.0,0.0043965047038567,-10.927819867165274,0.0,False,914061,2025-06-15 01:24:33+00:00,295,False,0.3147878646850586,sentence-transformers/all-mpnet-base-v2,confirmatory,False,False
1934389321248989568,BOX,False,,38,partial,True,-0.0164047357219553,0.0010767257485429,0.0,0.004194744965337,0.0002853285700803,3.0,0.0043965047038567,-10.927819867165274,0.0,False,914061,2025-06-15 23:15:28+00:00,296,False,0.3289415836334228,sentence-transformers/all-mpnet-base-v2,confirmatory,False,False
1934538635615129625,MSFT,False,,59,partial,True,-0.0007406846401341,0.0007277895976106,0.0,0.0008174575401678,0.0003989604251514,14622.0,0.0012105221411381,-0.2247539778492235,45.39050745452059,False,20571756,2025-06-16 09:08:47+00:00,102,False,0.6684910655021667,sentence-transformers/all-mpnet-base-v2,null_baseline,False,False
1934538693559378025,MSFT,False,,59,partial,True,-0.0007406846401341,0.0007277895976106,0.0,0.0008174575401678,0.0003989604251514,14622.0,0.0012105221411381,-0.2247539778492235,45.39050745452059,False,20571756,2025-06-16 09:09:01+00:00,103,False,0.6302918195724487,sentence-transformers/all-mpnet-base-v2,null_baseline,False,False
1934564127588172047,MSFT,False,,59,partial,True,-0.0007406846401341,0.0007277895976106,0.0,0.0008174575401678,0.0003989604251514,14622.0,0.0012105221411381,-0.2247539778492235,45.39050745452059,False,20571756,2025-06-16 10:50:05+00:00,104,False,0.3187627792358398,sentence-transformers/all-mpnet-base-v2,null_baseline,False,False
1934824203683025166,HOOD,False,,2,insufficient,False,,0.0,,,,,,,,False,605700792,2025-06-17 04:03:32+00:00,21,False,0.5514467358589172,sentence-transformers/all-mpnet-base-v2,confirmatory,False,False
1934840940478517594,BOX,False,,36,partial,True,0.0042708942134745,0.0008476148429283,0.0,0.004194744965337,0.0002853285700803,3.0,0.0043965047038567,-11.730792053056144,0.0,False,914061,2025-06-17 05:10:02+00:00,297,False,0.1911638379096985,sentence-transformers/all-mpnet-base-v2,confirmatory,False,False
1934986518160097411,HOOD,False,,60,complete,True,-0.0110409463929922,0.0013370700286754,1.0,0.0017163780306508,0.0006345735237307,13323.0,0.0024248767060085,-0.5977368859409662,28.484575546048184,False,605700792,2025-06-17 14:48:30+00:00,22,False,0.7390683889389038,sentence-transformers/all-mpnet-base-v2,confirmatory,False,False
1935002200369242425,HOOD,False,,60,complete,True,-0.0061235332764598,0.0010782771085867,2.0,0.001537110318051,0.0006474939279101,10131.0,0.0021891213272673,-0.7086293626648938,21.91294047971572,False,605700792,2025-06-17 15:50:49+00:00,23,False,0.3965182900428772,sentence-transformers/all-mpnet-base-v2,confirmatory,False,False
1935016481944912360,HOOD,False,,59,partial,True,-0.0124980925282912,0.0010196479774086,3.0,0.0015068207603171,0.000909155016159,8915.0,0.0022131931570161,-0.5358522740892553,23.712843522153673,False,605700792,2025-06-17 16:47:34+00:00,24,False,0.6526157855987549,sentence-transformers/all-mpnet-base-v2,confirmatory,False,False
1935019324173074635,HOOD,False,,59,partial,True,-0.0024126873563602,0.0010960805815847,3.0,0.0015068207603171,0.000909155016159,8915.0,0.0022131931570161,-0.4517823379204018,31.340437464946717,False,605700792,2025-06-17 16:58:52+00:00,25,False,0.6514431238174438,sentence-transformers/all-mpnet-base-v2,confirmatory,False,False
1935151559270351077,BOX,False,,27,insufficient,False,-0.0117893461171809,0.0012483908618722,0.0,0.004194744965337,0.0002853285700803,3.0,0.0043965047038567,-10.326179753520105,0.0,False,914061,2025-06-18 01:44:19+00:00,298,False,0.2616770267486572,sentence-transformers/all-mpnet-base-v2,confirmatory,False,False
1935363704847221106,HOOD,False,,59,partial,True,0.0105708224882874,0.0014010960541192,2.0,0.001537110318051,0.0006474939279101,10131.0,0.0021891213272673,-0.2100626091905143,50.616918369361365,False,605700792,2025-06-18 15:47:19+00:00,26,False,0.3624226450920105,sentence-transformers/all-mpnet-base-v2,confirmatory,False,False
1935467911789039930,HOOD,False,,60,complete,True,-0.0268089782967516,0.0028580588103272,0.0,0.0024686517521656,0.0010353669234942,13891.0,0.0035687533395987,0.3761053683726248,74.89741559282989,False,605700792,2025-06-18 22:41:24+00:00,27,False,0.4964534044265747,sentence-transformers/all-mpnet-base-v2,confirmatory,False,False
1935468274164388180,HOOD,False,,60,complete,True,-0.0268089782967516,0.0028580588103272,0.0,0.0024686517521656,0.0010353669234942,13891.0,0.0035687533395987,0.3761053683726248,74.89741559282989,False,605700792,2025-06-18 22:42:50+00:00,28,False,0.4783322215080261,sentence-transformers/all-mpnet-base-v2,confirmatory,False,False
1935544417634631719,BOX,False,,51,partial,True,-0.0099159610860991,0.0017157869262214,0.0,0.004194744965337,0.0002853285700803,3.0,0.0043965047038567,-8.688082088720929,0.0,False,914061,2025-06-19 03:45:24+00:00,299,False,0.2524855136871338,sentence-transformers/all-mpnet-base-v2,confirmatory,False,False
1935733578324996227,BOX,False,,51,partial,True,-0.0099159610860991,0.0017157869262214,0.0,0.004194744965337,0.0002853285700803,3.0,0.0043965047038567,-8.688082088720929,0.0,False,914061,2025-06-19 16:17:03+00:00,300,False,0.2476738691329956,sentence-transformers/all-mpnet-base-v2,confirmatory,False,False
1935797232672145634,MSFT,False,,51,partial,True,0.0016456042236057,0.0005695333757417,,,,,,,,False,20571756,2025-06-19 20:30:00+00:00,103,False,0.7668590545654297,sentence-transformers/all-mpnet-base-v2,null_baseline,False,False
1935797271662412045,MSFT,False,,51,partial,True,0.0016456042236057,0.0005695333757417,,,,,,,,False,20571756,2025-06-19 20:30:09+00:00,104,False,0.5670041441917419,sentence-transformers/all-mpnet-base-v2,null_baseline,False,False
1935872789254435213,BOX,False,,51,partial,True,-0.0099159610860991,0.0017157869262214,0.0,0.004194744965337,0.0002853285700803,3.0,0.0043965047038567,-8.688082088720929,0.0,False,914061,2025-06-20 01:30:14+00:00,301,False,0.3220630288124084,sentence-transformers/all-mpnet-base-v2,confirmatory,False,False
1935898443794583950,BOX,False,,51,partial,True,-0.0099159610860991,0.0017157869262214,0.0,0.004194744965337,0.0002853285700803,3.0,0.0043965047038567,-8.688082088720929,0.0,False,914061,2025-06-20 03:12:10+00:00,302,False,0.2733068466186523,sentence-transformers/all-mpnet-base-v2,confirmatory,False,False
1936081010258833804,HOOD,False,,58,partial,True,0.0102247157762375,0.0009086645195875,1.0,0.0017163780306508,0.0006345735237307,13323.0,0.0024248767060085,-1.27284464424956,2.0190647752007806,False,605700792,2025-06-20 15:17:38+00:00,29,False,0.3319814205169678,sentence-transformers/all-mpnet-base-v2,confirmatory,False,False
1936085970128101679,BOX,False,,39,partial,True,0.0006946401063753,0.0006521458394185,2.0,,,,,,,False,914061,2025-06-20 15:37:20+00:00,303,False,0.1249483823776245,sentence-transformers/all-mpnet-base-v2,confirmatory,False,False
1936087172257567131,HOOD,False,,59,partial,True,0.0095574323069373,0.0009809470467572,2.0,0.001537110318051,0.0006474939279101,10131.0,0.0021891213272673,-0.858947470115911,11.57832395617412,False,605700792,2025-06-20 15:42:07+00:00,30,False,0.4898760318756103,sentence-transformers/all-mpnet-base-v2,confirmatory,False,False
1936227382668746861,HOOD,False,,60,complete,True,-0.0091705040251597,0.0029664532477439,0.0,0.0024686517521656,0.0010353669234942,13891.0,0.0035687533395987,0.4807971785483912,78.13692318767548,False,605700792,2025-06-21 00:59:16+00:00,31,False,0.5831007361412048,sentence-transformers/all-mpnet-base-v2,confirmatory,False,False
1936261663420039646,BOX,False,,35,partial,True,-0.010410371238878,0.0012993220522811,0.0,0.004194744965337,0.0002853285700803,3.0,0.0043965047038567,-10.1476796110543,0.0,False,914061,2025-06-21 03:15:29+00:00,304,False,0.1863877773284912,sentence-transformers/all-mpnet-base-v2,confirmatory,False,False
1936519514205946288,BOX,False,,35,partial,True,-0.010410371238878,0.0012993220522811,0.0,0.004194744965337,0.0002853285700803,3.0,0.0043965047038567,-10.1476796110543,0.0,False,914061,2025-06-21 20:20:05+00:00,305,False,0.1889838576316833,sentence-transformers/all-mpnet-base-v2,confirmatory,False,False
1936866200367280568,BOX,False,,35,partial,True,-0.010410371238878,0.0012993220522811,0.0,0.004194744965337,0.0002853285700803,3.0,0.0043965047038567,-10.1476796110543,0.0,False,914061,2025-06-22 19:17:42+00:00,306,False,0.1609130501747131,sentence-transformers/all-mpnet-base-v2,confirmatory,False,False
1936963330654228852,MSFT,False,,60,complete,True,-0.0088732174450525,0.0006800155239956,0.0,0.0008174575401678,0.0003989604251514,14622.0,0.0012105221411381,-0.3445003752440441,37.758172616605115,False,20571756,2025-06-23 01:43:39+00:00,105,False,0.7200980186462402,sentence-transformers/all-mpnet-base-v2,null_baseline,False,False
1937331467614589190,BOX,False,,38,partial,True,-0.004058891784582,0.0013021776813681,0.0,0.004194744965337,0.0002853285700803,3.0,0.0043965047038567,-10.137671398115142,0.0,False,914061,2025-06-24 02:06:30+00:00,307,False,0.206034779548645,sentence-transformers/all-mpnet-base-v2,confirmatory,True,True
1937557450078695654,BOX,False,,12,insufficient,False,0.0008370734945977,0.0006391829564673,3.0,,,,,,,False,914061,2025-06-24 17:04:28+00:00,308,False,0.3187959194183349,sentence-transformers/all-mpnet-base-v2,confirmatory,True,False
1937608061981720662,CRM,False,,50,partial,True,-0.0069074610403552,0.0011720202197112,0.0,0.0015879446050451,0.000617919264544,3112.0,0.0022651270721544,-0.6731047390808576,26.124678663239077,False,22330739,2025-06-24 20:25:35+00:00,0,True,,sentence-transformers/all-mpnet-base-v2,confirmatory,True,False
1937688942985511318,BOX,False,,24,insufficient,False,0.0045772585441863,0.0009625758353145,0.0,0.004194744965337,0.0002853285700803,3.0,0.0043965047038567,-11.327884652812967,0.0,False,914061,2025-06-25 01:46:59+00:00,309,False,0.3798427581787109,sentence-transformers/all-mpnet-base-v2,confirmatory,True,False
1937728424975696041,BOX,False,,24,insufficient,False,0.0045772585441863,0.0009625758353145,0.0,0.004194744965337,0.0002853285700803,3.0,0.0043965047038567,-11.327884652812967,0.0,False,914061,2025-06-25 04:23:52+00:00,310,False,0.3768948912620544,sentence-transformers/all-mpnet-base-v2,confirmatory,True,False
1937749363092005062,CRM,False,,50,partial,True,-0.0069074610403552,0.0011720202197112,0.0,0.0015879446050451,0.000617919264544,3112.0,0.0022651270721544,-0.6731047390808576,26.124678663239077,False,22330739,2025-06-25 05:47:04+00:00,1,True,,sentence-transformers/all-mpnet-base-v2,confirmatory,True,False
1937750866112504269,CRM,False,,50,partial,True,-0.0069074610403552,0.0011720202197112,0.0,0.0015879446050451,0.000617919264544,3112.0,0.0022651270721544,-0.6731047390808576,26.124678663239077,False,22330739,2025-06-25 05:53:02+00:00,2,True,,sentence-transformers/all-mpnet-base-v2,confirmatory,True,False
1937755467981226208,CRM,False,,50,partial,True,-0.0069074610403552,0.0011720202197112,0.0,0.0015879446050451,0.000617919264544,3112.0,0.0022651270721544,-0.6731047390808576,26.124678663239077,False,22330739,2025-06-25 06:11:19+00:00,3,True,,sentence-transformers/all-mpnet-base-v2,confirmatory,True,False
1937802660796563940,CRM,False,,50,partial,True,-0.0069074610403552,0.0011720202197112,0.0,0.0015879446050451,0.000617919264544,3112.0,0.0022651270721544,-0.6731047390808576,26.124678663239077,False,22330739,2025-06-25 09:18:51+00:00,4,True,,sentence-transformers/all-mpnet-base-v2,confirmatory,True,False
1937898616733175880,CRM,False,,31,partial,True,-3.6999003311555256e-05,0.0005628347451588,2.0,0.0010034212859758,0.0003176573568839,993.0,0.0014518555230045,-1.3869867367117117,8.25780463242699,False,22330739,2025-06-25 15:40:09+00:00,5,True,,sentence-transformers/all-mpnet-base-v2,confirmatory,True,False
1937906900211003753,BOX,False,,11,insufficient,False,-0.0047644964693176,0.0011551347389078,2.0,,,,,,,False,914061,2025-06-25 16:13:04+00:00,311,False,0.2368715405464172,sentence-transformers/all-mpnet-base-v2,confirmatory,True,False
1937932869361614881,HOOD,False,,57,partial,True,0.0023893008840347,0.0010414922618406,4.0,0.0013431431635813,0.0006582170574046,9575.0,0.0020093680065816,-0.4582848444099127,35.85378590078329,False,605700792,2025-06-25 17:56:15+00:00,32,False,0.3980597257614136,sentence-transformers/all-mpnet-base-v2,confirmatory,True,True
1937999694250287111,MSFT,False,,58,partial,True,0.0008475506198915,0.0005201621858471,0.0,0.0008174575401678,0.0003989604251514,14622.0,0.0012105221411381,-0.745175048898384,14.662836821228286,False,20571756,2025-06-25 22:21:48+00:00,106,False,0.36070317029953,sentence-transformers/all-mpnet-base-v2,null_baseline,True,False
1938093614711607466,BOX,False,,38,partial,True,-0.0146472718777203,0.0013029556077215,0.0,0.004194744965337,0.0002853285700803,3.0,0.0043965047038567,-10.134944975194449,0.0,False,914061,2025-06-26 04:35:00+00:00,312,False,0.372427761554718,sentence-transformers/all-mpnet-base-v2,confirmatory,True,True
1938110630273147262,CRM,False,,53,partial,True,-0.0086105559723472,0.0013070179728125,0.0,0.0015879446050451,0.000617919264544,3112.0,0.0022651270721544,-0.4546332318024668,33.16195372750643,False,22330739,2025-06-26 05:42:37+00:00,6,True,,sentence-transformers/all-mpnet-base-v2,confirmatory,True,False
1938111156805107750,CRM,False,,53,partial,True,-0.0086105559723472,0.0013070179728125,0.0,0.0015879446050451,0.000617919264544,3112.0,0.0022651270721544,-0.4546332318024668,33.16195372750643,False,22330739,2025-06-26 05:44:42+00:00,7,True,,sentence-transformers/all-mpnet-base-v2,confirmatory,True,False
1938222629099335931,HOOD,False,,60,complete,True,0.0076374220594375,0.0018819793379849,0.0,0.0024686517521656,0.0010353669234942,13891.0,0.0035687533395987,-0.5666323704843909,28.291699661651432,False,605700792,2025-06-26 13:07:39+00:00,33,False,0.4846143126487732,sentence-transformers/all-mpnet-base-v2,confirmatory,True,True
1938260608110973000,CRM,False,,46,partial,True,0.0022730322506747,0.0004431950127813,2.0,0.0010034212859758,0.0003176573568839,993.0,0.0014518555230045,-1.7636181283191803,1.4098690835850958,False,22330739,2025-06-26 15:38:34+00:00,8,True,,sentence-transformers/all-mpnet-base-v2,confirmatory,True,False
1938291958872740150,MSFT,False,,57,partial,True,0.0018905119809933,0.0002617767052997,4.0,0.0004702143088476,0.0002382934904684,10669.0,0.0006810947374758,-0.8747095992348184,6.711031961758366,False,20571756,2025-06-26 17:43:09+00:00,107,False,0.3486438393592834,sentence-transformers/all-mpnet-base-v2,null_baseline,True,False
1938292160966869134,MSFT,False,,57,partial,True,0.0018905119809933,0.0002617767052997,4.0,0.0004702143088476,0.0002382934904684,10669.0,0.0006810947374758,-0.8747095992348184,6.711031961758366,False,20571756,2025-06-26 17:43:57+00:00,108,False,0.7597694396972656,sentence-transformers/all-mpnet-base-v2,null_baseline,True,False
1938294131731886271,BOX,False,,17,insufficient,False,-0.0005996649800189,0.0004037302894988,4.0,0.0006705297706363,0.0,1.0,0.0006705297706363,,0.0,False,914061,2025-06-26 17:51:47+00:00,313,False,0.2929952144622803,sentence-transformers/all-mpnet-base-v2,confirmatory,True,False
1938315325155819623,QCOM,False,,38,partial,True,1.7826613258220547e-05,0.0006347356658249,5.0,0.0010843439815498,0.0007001409905529,2330.0,0.0016392129234955,-0.6421682515258965,24.892703862660944,False,234930762,2025-06-26 19:16:00+00:00,68,False,0.4015634059906006,sentence-transformers/all-mpnet-base-v2,confirmatory,True,True
1938554287166001640,HOOD,False,,3,insufficient,False,-0.0010019763946969,0.0005902491536602,,,,,,,,False,605700792,2025-06-27 11:05:33+00:00,34,False,0.681135356426239,sentence-transformers/all-mpnet-base-v2,confirmatory,True,False
1938609704361689542,CRM,False,,51,partial,True,0.0043066122164399,0.0005356599200682,1.0,0.0010705933929371,0.0003302993832515,2193.0,0.0014833660400009,-1.6195412404432152,1.0031919744642042,False,22330739,2025-06-27 14:45:45+00:00,9,True,,sentence-transformers/all-mpnet-base-v2,confirmatory,True,False
1938640085865336863,HOOD,False,,60,complete,True,-0.0040303719474937,0.0011448021859034,3.0,0.0015068207603171,0.000909155016159,8915.0,0.0022131931570161,-0.3981923522164503,35.79360628154795,False,605700792,2025-06-27 16:46:29+00:00,35,False,0.5624034404754639,sentence-transformers/all-mpnet-base-v2,confirmatory,True,True
1938647740554092586,BOX,False,,21,insufficient,False,-0.0021684951364704,0.0007523527779026,3.0,,,,,,,False,914061,2025-06-27 17:16:54+00:00,314,False,0.2169606685638427,sentence-transformers/all-mpnet-base-v2,confirmatory,True,False
1938658515658400015,QCOM,False,,39,partial,True,-0.0006229262461867,0.000673399872485,4.0,0.0009476882220797,0.0005636901752572,2138.0,0.0014189505937958,-0.4865941640183434,29.23292797006548,False,234930762,2025-06-27 17:59:43+00:00,69,False,0.5657797455787659,sentence-transformers/all-mpnet-base-v2,confirmatory,True,True
1938771411142586593,BOX,False,,27,insufficient,False,0.0003815044977986,0.0011194221962221,0.0,0.004194744965337,0.0002853285700803,3.0,0.0043965047038567,-10.778180286147396,0.0,False,914061,2025-06-28 01:28:19+00:00,315,False,0.3030524849891662,sentence-transformers/all-mpnet-base-v2,confirmatory,True,False
1939270643968544777,CRM,False,,57,partial,True,0.0038186985452741,0.0007464185741943,0.0,0.0015879446050451,0.000617919264544,3112.0,0.0022651270721544,-1.36187052117846,3.7275064267352183,False,22330739,2025-06-29 10:32:06+00:00,10,True,,sentence-transformers/all-mpnet-base-v2,confirmatory,True,False
1939350979066867790,HOOD,False,,5,insufficient,False,0.0223665782604918,0.0012621395092741,,,,,,,,False,605700792,2025-06-29 15:51:19+00:00,36,False,0.6408674120903015,sentence-transformers/all-mpnet-base-v2,confirmatory,True,False
1939458849700024500,BOX,False,,27,insufficient,False,0.0003815044977986,0.0011194221962221,0.0,0.004194744965337,0.0002853285700803,3.0,0.0043965047038567,-10.778180286147396,0.0,False,914061,2025-06-29 22:59:57+00:00,316,False,0.2624109983444214,sentence-transformers/all-mpnet-base-v2,confirmatory,True,False
1939665834420457685,HOOD,False,,60,complete,True,0.052417085310205,0.0024866505353702,0.0,0.0024686517521656,0.0010353669234942,13891.0,0.0035687533395987,0.0173839658156002,61.07551652148874,False,605700792,2025-06-30 12:42:26+00:00,37,False,0.5219876766204834,sentence-transformers/all-mpnet-base-v2,confirmatory,True,True
1939681717113192789,HOOD,False,,60,complete,True,0.0094084091757108,0.0022498647202035,0.0,0.0024686517521656,0.0010353669234942,13891.0,0.0035687533395987,-0.2113135227690422,49.18292419552228,False,605700792,2025-06-30 13:45:33+00:00,38,False,0.4467230439186096,sentence-transformers/all-mpnet-base-v2,confirmatory,True,True
1939702282838536251,HOOD,False,,60,complete,True,0.0535833841629167,0.0029035853444923,1.0,0.0017163780306508,0.0006345735237307,13323.0,0.0024248767060085,1.870874326526792,95.82676574345118,True,605700792,2025-06-30 15:07:16+00:00,39,False,0.3339366316795349,sentence-transformers/all-mpnet-base-v2,confirmatory,True,True
1939713633392480417,HOOD,False,,60,complete,True,-0.0009920240861461,0.0021183892837941,2.0,0.001537110318051,0.0006474939279101,10131.0,0.0021891213272673,0.8977365511659785,87.94788273615634,False,605700792,2025-06-30 15:52:22+00:00,40,False,0.5384647846221924,sentence-transformers/all-mpnet-base-v2,confirmatory,True,True
1939723127573139704,QCOM,False,,30,partial,True,-0.0027152659766584,0.0004946938870242,3.0,0.0011347929536885,0.0005617187407871,1807.0,0.0019061194460276,-1.1395366046844242,4.205866076369674,False,234930762,2025-06-30 16:30:06+00:00,68,False,0.318497896194458,sentence-transformers/all-mpnet-base-v2,confirmatory,True,True
1939736687539802155,MSFT,False,,49,partial,True,0.0014051099653566,0.0003100360107898,3.0,0.0005162286279595,0.0003998599403704,9792.0,0.0006680850669626,-0.5156621015317114,10.477941176470589,False,20571756,2025-06-30 17:23:59+00:00,109,False,0.4855027198791504,sentence-transformers/all-mpnet-base-v2,null_baseline,True,False
1939774275701055719,BOX,False,,5,insufficient,False,0.0032608852341463,0.0005578363380112,6.0,,,,,,,False,914061,2025-06-30 19:53:21+00:00,317,False,0.5172255635261536,sentence-transformers/all-mpnet-base-v2,confirmatory,True,False
1939783216426021339,CRM,False,,59,partial,True,0.0022054693086244,0.0008025139671293,0.0,0.0015879446050451,0.000617919264544,3112.0,0.0022651270721544,-1.2710894173132083,5.559125964010283,False,22330739,2025-06-30 20:28:52+00:00,11,True,,sentence-transformers/all-mpnet-base-v2,confirmatory,True,False
1939784914704245001,MSFT,False,,1,insufficient,False,,,,,,,,,,False,20571756,2025-06-30 20:35:37+00:00,110,False,0.415447473526001,sentence-transformers/all-mpnet-base-v2,null_baseline,True,False
1939809966669668639,BOX,False,,34,partial,True,-0.0114328723943293,0.0010088401698672,0.0,0.004194744965337,0.0002853285700803,3.0,0.0043965047038567,-11.165740586624011,0.0,False,914061,2025-06-30 22:15:10+00:00,318,False,0.1534810066223144,sentence-transformers/all-mpnet-base-v2,confirmatory,True,True
1940077885584507246,MSFT,False,,60,complete,True,0.0025947227357432,0.0003753488607561,2.0,0.0005469180339176,0.0002536873704358,10190.0,0.0007458176265516,-0.6763015946229827,18.4396467124632,False,20571756,2025-07-01 15:59:47+00:00,111,False,0.6033962965011597,sentence-transformers/all-mpnet-base-v2,null_baseline,True,False
1940106578709094717,BOX,False,,23,insufficient,False,-0.0010276291373544,0.0006480569103179,4.0,0.0006705297706363,0.0,1.0,0.0006705297706363,,0.0,False,914061,2025-07-01 17:53:48+00:00,319,False,0.2105329036712646,sentence-transformers/all-mpnet-base-v2,confirmatory,True,False
1940113755792449687,CRM,False,,35,partial,True,-0.0021953466133013,0.0004833913397748,4.0,0.0008601445308332,0.0004317505862432,1469.0,0.0011613137631727,-0.8726176710880152,6.671204901293397,False,22330739,2025-07-01 18:22:19+00:00,12,True,,sentence-transformers/all-mpnet-base-v2,confirmatory,True,False
1940113836885086539,CRM,False,,35,partial,True,-0.0021953466133013,0.0004833913397748,4.0,0.0008601445308332,0.0004317505862432,1469.0,0.0011613137631727,-0.8726176710880152,6.671204901293397,False,22330739,2025-07-01 18:22:38+00:00,13,True,,sentence-transformers/all-mpnet-base-v2,confirmatory,True,False
1940220908402061767,BOX,False,,32,partial,True,-0.0093755435635249,0.0014442146969948,0.0,0.004194744965337,0.0002853285700803,3.0,0.0043965047038567,-9.639869808927497,0.0,False,914061,2025-07-02 01:28:06+00:00,320,False,0.2831267118453979,sentence-transformers/all-mpnet-base-v2,confirmatory,True,True
1940277368167518249,BOX,False,,32,partial,True,-0.0093755435635249,0.0014442146969948,0.0,0.004194744965337,0.0002853285700803,3.0,0.0043965047038567,-9.639869808927497,0.0,False,914061,2025-07-02 05:12:27+00:00,321,False,0.1795964241027832,sentence-transformers/all-mpnet-base-v2,confirmatory,True,True
1940308314144883074,HOOD,False,,6,insufficient,False,-0.0140663742995407,0.0072113147688818,,,,,,,,False,605700792,2025-07-02 07:15:25+00:00,41,False,0.4684012532234192,sentence-transformers/all-mpnet-base-v2,confirmatory,True,False
1940344130044862860,HOOD,False,,6,insufficient,False,-0.0140663742995407,0.0072113147688818,,,,,,,,False,605700792,2025-07-02 09:37:45+00:00,42,False,0.5095001459121704,sentence-transformers/all-mpnet-base-v2,confirmatory,True,False
1940423466991378686,QCOM,False,,57,partial,True,0.0039882656320657,0.0006646660569793,1.0,0.0014049941536428,0.0008717321533434,3575.0,0.0024544828179355,-0.8492609729077012,16.97902097902098,False,234930762,2025-07-02 14:53:00+00:00,69,False,0.363203763961792,sentence-transformers/all-mpnet-base-v2,confirmatory,True,True
1940470102811648111,BOX,False,,32,partial,True,0.0021455204953229,0.0003820794348666,4.0,0.0006705297706363,0.0,1.0,0.0006705297706363,,0.0,False,914061,2025-07-02 17:58:19+00:00,322,False,0.2133682966232299,sentence-transformers/all-mpnet-base-v2,confirmatory,True,True
1940481264047501608,CRM,False,,49,partial,True,0.0045444858251038,0.000390623843493,5.0,0.000729961717102,0.0002199379010904,1654.0,0.0010283169946769,-1.5428803854480742,4.111245465538089,False,22330739,2025-07-02 18:42:40+00:00,14,True,,sentence-transformers/all-mpnet-base-v2,confirmatory,True,False
1940547859532612028,HOOD,True,"jobs_report(ALL, 2025-07-03 12:30:00+00:00->2025-07-03 20:00:00+00:00)",14,insufficient,False,-0.0266836936699437,0.0017301401710265,,,,,,,,False,605700792,2025-07-02 23:07:18+00:00,43,False,0.6728750467300415,sentence-transformers/all-mpnet-base-v2,confirmatory,True,False
1940554062619201874,BOX,True,"jobs_report(ALL, 2025-07-03 12:30:00+00:00->2025-07-03 20:00:00+00:00)",42,partial,False,1.0873447218839871e-05,0.0015841318601078,0.0,0.004194744965337,0.0002853285700803,3.0,0.0043965047038567,-9.149497733416164,0.0,False,914061,2025-07-02 23:31:56+00:00,323,False,0.5129690766334534,sentence-transformers/all-mpnet-base-v2,confirmatory,True,False
1940556310082474118,HOOD,True,"jobs_report(ALL, 2025-07-03 12:30:00+00:00->2025-07-03 20:00:00+00:00)",14,insufficient,False,-0.0266836936699437,0.0017301401710265,,,,,,,,False,605700792,2025-07-02 23:40:52+00:00,44,False,0.7171129584312439,sentence-transformers/all-mpnet-base-v2,confirmatory,True,False
1940604306245472700,BOX,True,"jobs_report(ALL, 2025-07-03 12:30:00+00:00->2025-07-03 20:00:00+00:00)",42,partial,False,1.0873447218839871e-05,0.0015841318601078,0.0,0.004194744965337,0.0002853285700803,3.0,0.0043965047038567,-9.149497733416164,0.0,False,914061,2025-07-03 02:51:35+00:00,324,False,0.2816754579544067,sentence-transformers/all-mpnet-base-v2,confirmatory,True,False
1940753870453641305,HOOD,True,"jobs_report(ALL, 2025-07-03 12:30:00+00:00->2025-07-03 20:00:00+00:00)",60,complete,False,-0.0489663833934141,0.0030563873500419,0.0,0.0024686517521656,0.0010353669234942,13891.0,0.0035687533395987,0.5676592370681958,79.97264415808797,False,605700792,2025-07-03 12:45:54+00:00,45,False,0.5521293878555298,sentence-transformers/all-mpnet-base-v2,confirmatory,True,False
1940878650695733432,BOX,False,,45,partial,True,0.0150273089059501,0.0012145519403165,0.0,0.004194744965337,0.0002853285700803,3.0,0.0043965047038567,-10.444776084571636,0.0,False,914061,2025-07-03 21:01:44+00:00,325,False,0.8086346387863159,sentence-transformers/all-mpnet-base-v2,confirmatory,True,True
1940925836015845764,BOX,False,,45,partial,True,0.0150273089059501,0.0012145519403165,0.0,0.004194744965337,0.0002853285700803,3.0,0.0043965047038567,-10.444776084571636,0.0,False,914061,2025-07-04 00:09:14+00:00,326,False,0.3435739874839782,sentence-transformers/all-mpnet-base-v2,confirmatory,True,True
1941157742053617838,QCOM,False,,51,partial,True,-0.0166490675559157,0.0012747153272817,0.0,0.0017324859379107,0.0009055282058883,4816.0,0.0031227343684163,-0.50552882577512,39.61794019933555,False,234930762,2025-07-04 15:30:45+00:00,70,False,0.6672145128250122,sentence-transformers/all-mpnet-base-v2,confirmatory,True,True
1941165369101812213,BOX,False,,45,partial,True,0.0150273089059501,0.0012145519403165,0.0,0.004194744965337,0.0002853285700803,3.0,0.0043965047038567,-10.444776084571636,0.0,False,914061,2025-07-04 16:01:03+00:00,327,False,0.4589710235595703,sentence-transformers/all-mpnet-base-v2,confirmatory,True,True
1941203632437030929,BOX,False,,45,partial,True,0.0150273089059501,0.0012145519403165,0.0,0.004194744965337,0.0002853285700803,3.0,0.0043965047038567,-10.444776084571636,0.0,False,914061,2025-07-04 18:33:06+00:00,328,False,0.2960408926010132,sentence-transformers/all-mpnet-base-v2,confirmatory,True,True
1941263575143825909,HOOD,False,,60,complete,True,0.0020061623646978,0.0028460858688365,0.0,0.0024686517521656,0.0010353669234942,13891.0,0.0035687533395987,0.3645414085637633,74.64545389100856,False,605700792,2025-07-04 22:31:17+00:00,46,False,0.4082558155059814,sentence-transformers/all-mpnet-base-v2,confirmatory,True,True
1941534707700859335,BOX,False,,45,partial,True,0.0150273089059501,0.0012145519403165,0.0,0.004194744965337,0.0002853285700803,3.0,0.0043965047038567,-10.444776084571636,0.0,False,914061,2025-07-05 16:28:40+00:00,329,False,0.3703256845474243,sentence-transformers/all-mpnet-base-v2,confirmatory,True,True
1941662312223605081,BOX,False,,45,partial,True,0.0150273089059501,0.0012145519403165,0.0,0.004194744965337,0.0002853285700803,3.0,0.0043965047038567,-10.444776084571636,0.0,False,914061,2025-07-06 00:55:44+00:00,330,False,0.1927161216735839,sentence-transformers/all-mpnet-base-v2,confirmatory,True,True
1941892310075117580,BOX,False,,45,partial,True,0.0150273089059501,0.0012145519403165,0.0,0.004194744965337,0.0002853285700803,3.0,0.0043965047038567,-10.444776084571636,0.0,False,914061,2025-07-06 16:09:39+00:00,331,False,0.2029920220375061,sentence-transformers/all-mpnet-base-v2,confirmatory,True,True
1941971854886916241,BOX,False,,45,partial,True,0.0150273089059501,0.0012145519403165,0.0,0.004194744965337,0.0002853285700803,3.0,0.0043965047038567,-10.444776084571636,0.0,False,914061,2025-07-06 21:25:44+00:00,332,False,0.1971341371536255,sentence-transformers/all-mpnet-base-v2,confirmatory,True,True
1942067809200275541,BOX,False,,45,partial,True,0.0150273089059501,0.0012145519403165,0.0,0.004194744965337,0.0002853285700803,3.0,0.0043965047038567,-10.444776084571636,0.0,False,914061,2025-07-07 03:47:02+00:00,333,False,0.2280505895614624,sentence-transformers/all-mpnet-base-v2,confirmatory,True,True
1942258834376130988,BOX,False,,33,partial,True,0.0004708464915883,0.0006208845924937,2.0,,,,,,,False,914061,2025-07-07 16:26:06+00:00,334,False,0.253808856010437,sentence-transformers/all-mpnet-base-v2,confirmatory,True,True
1942268851720269928,HOOD,False,,59,partial,True,0.0079947660791859,0.0010523178253997,3.0,0.0015068207603171,0.000909155016159,8915.0,0.0022131931570161,-0.4999179753059146,26.528323051037574,False,605700792,2025-07-07 17:05:54+00:00,47,False,0.7040268182754517,sentence-transformers/all-mpnet-base-v2,confirmatory,True,True
1942270088096240100,HOOD,False,,59,partial,True,0.0090507171393274,0.0009758477779809,3.0,0.0015068207603171,0.000909155016159,8915.0,0.0022131931570161,-0.5840290961374942,19.551318003365115,False,605700792,2025-07-07 17:10:49+00:00,48,False,0.6287930011749268,sentence-transformers/all-mpnet-base-v2,confirmatory,True,True
1942286735335108853,QCOM,False,,53,partial,True,-0.0014223338252399,0.0005124927237622,4.0,0.0009476882220797,0.0005636901752572,2138.0,0.0014189505937958,-0.7720473363207173,11.646398503274089,False,234930762,2025-07-07 18:16:58+00:00,71,False,0.4789395928382873,sentence-transformers/all-mpnet-base-v2,confirmatory,True,True
1942332421086818742,BOX,False,,25,insufficient,False,0.006174704018479,0.0010331645551916,0.0,0.004194744965337,0.0002853285700803,3.0,0.0043965047038567,-11.080490149496388,0.0,False,914061,2025-07-07 21:18:30+00:00,335,False,0.4222604036331177,sentence-transformers/all-mpnet-base-v2,confirmatory,True,False
1942418186697334895,BOX,False,,25,insufficient,False,0.006174704018479,0.0010331645551916,0.0,0.004194744965337,0.0002853285700803,3.0,0.0043965047038567,-11.080490149496388,0.0,False,914061,2025-07-08 02:59:18+00:00,336,False,0.4399974942207336,sentence-transformers/all-mpnet-base-v2,confirmatory,True,False
1942441524920475948,BOX,False,,25,insufficient,False,0.006174704018479,0.0010331645551916,0.0,0.004194744965337,0.0002853285700803,3.0,0.0043965047038567,-11.080490149496388,0.0,False,914061,2025-07-08 04:32:03+00:00,337,False,0.2293033599853515,sentence-transformers/all-mpnet-base-v2,confirmatory,True,False
1942548421937881173,HOOD,False,,31,partial,True,0.0035318649514035,0.0055083317382357,,,,,,,,False,605700792,2025-07-08 11:36:49+00:00,49,False,0.5137361884117126,sentence-transformers/all-mpnet-base-v2,confirmatory,True,True
1942632139503116622,HOOD,False,,59,partial,True,0.0071668107271818,0.0012110917903532,3.0,0.0015068207603171,0.000909155016159,8915.0,0.0022131931570161,-0.3252789290140414,40.90858104318564,False,605700792,2025-07-08 17:09:29+00:00,50,False,0.4654256105422973,sentence-transformers/all-mpnet-base-v2,confirmatory,True,True
1942788277553291481,BOX,False,,22,insufficient,False,-0.0055152236976706,0.001151434680202,0.0,0.004194744965337,0.0002853285700803,3.0,0.0043965047038567,-10.665985128225246,0.0,False,914061,2025-07-09 03:29:55+00:00,338,False,0.195000946521759,sentence-transformers/all-mpnet-base-v2,confirmatory,True,False
1942842602778415358,HOOD,False,,36,partial,True,0.0148573117602659,0.0023598935924173,,,,,,,,False,605700792,2025-07-09 07:05:47+00:00,51,False,0.6522425413131714,sentence-transformers/all-mpnet-base-v2,confirmatory,True,True
1942940277888483479,HOOD,False,,60,complete,True,0.005549534491989,0.0023016904274829,0.0,0.0024686517521656,0.0010353669234942,13891.0,0.0035687533395987,-0.1612581210526011,52.0048952559211,False,605700792,2025-07-09 13:33:54+00:00,52,False,0.4905838966369629,sentence-transformers/all-mpnet-base-v2,confirmatory,True,True
1942979082729226292,CRM,False,,46,partial,True,-0.0027739769100655,0.0004727958164938,2.0,0.0010034212859758,0.0003176573568839,993.0,0.0014518555230045,-1.6704334339588005,2.5176233635448138,False,22330739,2025-07-09 16:08:06+00:00,15,True,,sentence-transformers/all-mpnet-base-v2,confirmatory,True,False
1943029314100040191,BOX,False,,25,insufficient,False,-0.0018263018012699,0.0006130320001082,5.0,0.0011560845445843,0.0002470170345756,55.0,0.001531028419464,-2.198441679979312,0.0,False,914061,2025-07-09 19:27:42+00:00,339,False,0.4757194519042969,sentence-transformers/all-mpnet-base-v2,confirmatory,True,False
1943048586838855887,CRM,False,,52,partial,True,-0.0183572318953001,0.0017507898422643,0.0,0.0015879446050451,0.000617919264544,3112.0,0.0022651270721544,0.2635380486791834,66.4203084832905,False,22330739,2025-07-09 20:44:17+00:00,16,True,,sentence-transformers/all-mpnet-base-v2,confirmatory,True,False
1943127238632772050,BOX,False,,34,partial,True,-0.0050112270461426,0.0017713687845691,0.0,0.004194744965337,0.0002853285700803,3.0,0.0043965047038567,-8.493282604280548,0.0,False,914061,2025-07-10 01:56:49+00:00,340,False,0.5290045142173767,sentence-transformers/all-mpnet-base-v2,confirmatory,True,True
1943172009531445539,BOX,False,,34,partial,True,-0.0050112270461426,0.0017713687845691,0.0,0.004194744965337,0.0002853285700803,3.0,0.0043965047038567,-8.493282604280548,0.0,False,914061,2025-07-10 04:54:44+00:00,341,False,0.4048695564270019,sentence-transformers/all-mpnet-base-v2,confirmatory,True,True
1943238479728579033,CRM,False,,52,partial,True,-0.0183572318953001,0.0017507898422643,0.0,0.0015879446050451,0.000617919264544,3112.0,0.0022651270721544,0.2635380486791834,66.4203084832905,False,22330739,2025-07-10 09:18:51+00:00,17,True,,sentence-transformers/all-mpnet-base-v2,confirmatory,True,False
1943240168787312821,CRM,False,,52,partial,True,-0.0183572318953001,0.0017507898422643,0.0,0.0015879446050451,0.000617919264544,3112.0,0.0022651270721544,0.2635380486791834,66.4203084832905,False,22330739,2025-07-10 09:25:34+00:00,18,True,,sentence-transformers/all-mpnet-base-v2,confirmatory,True,False
1943260093702701165,CRM,False,,52,partial,True,-0.0183572318953001,0.0017507898422643,0.0,0.0015879446050451,0.000617919264544,3112.0,0.0022651270721544,0.2635380486791834,66.4203084832905,False,22330739,2025-07-10 10:44:45+00:00,19,True,,sentence-transformers/all-mpnet-base-v2,confirmatory,True,False
1943300171883757658,CRM,False,,52,partial,True,-0.0183572318953001,0.0017507898422643,0.0,0.0015879446050451,0.000617919264544,3112.0,0.0022651270721544,0.2635380486791834,66.4203084832905,False,22330739,2025-07-10 13:24:00+00:00,20,False,0.1768200993537902,sentence-transformers/all-mpnet-base-v2,confirmatory,True,True
1943300268302450854,CRM,False,,52,partial,True,-0.0183572318953001,0.0017507898422643,0.0,0.0015879446050451,0.000617919264544,3112.0,0.0022651270721544,0.2635380486791834,66.4203084832905,False,22330739,2025-07-10 13:24:23+00:00,21,False,0.156606912612915,sentence-transformers/all-mpnet-base-v2,confirmatory,True,True
1943308190554145021,CRM,False,,44,partial,True,0.0016432059561284,0.0009242892075369,0.0,0.0015879446050451,0.000617919264544,3112.0,0.0022651270721544,-1.0740163571336303,10.76478149100257,False,22330739,2025-07-10 13:55:52+00:00,22,False,0.2629836797714233,sentence-transformers/all-mpnet-base-v2,confirmatory,True,True
1943396620756009007,MSFT,False,,12,insufficient,False,0.000257616019248,0.0003760222662546,6.0,,,,,,,False,20571756,2025-07-10 19:47:15+00:00,105,False,0.7139091491699219,sentence-transformers/all-mpnet-base-v2,null_baseline,True,False
1943402639657447761,HOOD,False,,60,complete,True,0.0244532695906286,0.0028670001497229,0.0,0.0024686517521656,0.0010353669234942,13891.0,0.0035687533395987,0.3847412820693133,75.16377510618386,False,605700792,2025-07-10 20:11:10+00:00,53,False,0.7030492424964905,sentence-transformers/all-mpnet-base-v2,confirmatory,True,True
1943404400711536825,HOOD,False,,60,complete,True,0.0244532695906286,0.0028670001497229,0.0,0.0024686517521656,0.0010353669234942,13891.0,0.0035687533395987,0.3847412820693133,75.16377510618386,False,605700792,2025-07-10 20:18:10+00:00,54,False,0.4898741245269775,sentence-transformers/all-mpnet-base-v2,confirmatory,True,True
1943405387132059932,HOOD,False,,60,complete,True,0.0244532695906286,0.0028670001497229,0.0,0.0024686517521656,0.0010353669234942,13891.0,0.0035687533395987,0.3847412820693133,75.16377510618386,False,605700792,2025-07-10 20:22:05+00:00,55,False,0.6022895574569702,sentence-transformers/all-mpnet-base-v2,confirmatory,True,True
1943457476738777431,HOOD,False,,60,complete,True,0.0244532695906286,0.0028670001497229,0.0,0.0024686517521656,0.0010353669234942,13891.0,0.0035687533395987,0.3847412820693133,75.16377510618386,False,605700792,2025-07-10 23:49:04+00:00,56,False,0.7805959582328796,sentence-transformers/all-mpnet-base-v2,confirmatory,True,True
1943460219641815546,HOOD,False,,60,complete,True,0.0244532695906286,0.0028670001497229,0.0,0.0024686517521656,0.0010353669234942,13891.0,0.0035687533395987,0.3847412820693133,75.16377510618386,False,605700792,2025-07-10 23:59:58+00:00,57,False,0.6816850900650024,sentence-transformers/all-mpnet-base-v2,confirmatory,True,True
1943527967197368580,BOX,False,,30,partial,True,-0.0109070480425423,0.0010054470138189,0.0,0.004194744965337,0.0002853285700803,3.0,0.0043965047038567,-11.177632687184802,0.0,False,914061,2025-07-11 04:29:11+00:00,342,False,0.3501002192497253,sentence-transformers/all-mpnet-base-v2,confirmatory,True,True
1943634773034803437,HOOD,False,,60,complete,True,0.0244532695906286,0.0028670001497229,0.0,0.0024686517521656,0.0010353669234942,13891.0,0.0035687533395987,0.3847412820693133,75.16377510618386,False,605700792,2025-07-11 11:33:35+00:00,58,False,0.5583419799804688,sentence-transformers/all-mpnet-base-v2,confirmatory,True,True
1943751870281134442,HOOD,False,,40,partial,True,0.0016736831691134,0.0009986129516256,5.0,0.0012864632027318,0.0005528423224853,6233.0,0.0019156052701326,-0.5206733265503152,36.24257981710252,False,605700792,2025-07-11 19:18:53+00:00,59,False,0.5577216744422913,sentence-transformers/all-mpnet-base-v2,confirmatory,True,True
1943825163541524819,BOX,False,,37,partial,True,0.0015551351524674,0.0008825160871895,0.0,0.004194744965337,0.0002853285700803,3.0,0.0043965047038567,-11.608472566257651,0.0,False,914061,2025-07-12 00:10:08+00:00,343,False,0.2217148542404174,sentence-transformers/all-mpnet-base-v2,confirmatory,True,True
1943831253779673107,BOX,False,,37,partial,True,0.0015551351524674,0.0008825160871895,0.0,0.004194744965337,0.0002853285700803,3.0,0.0043965047038567,-11.608472566257651,0.0,False,914061,2025-07-12 00:34:20+00:00,344,False,0.2480629682540893,sentence-transformers/all-mpnet-base-v2,confirmatory,True,True
1944035267389927690,HOOD,False,,1,insufficient,False,,,,,,,,,,False,605700792,2025-07-12 14:05:00+00:00,60,False,0.3561063408851623,sentence-transformers/all-mpnet-base-v2,confirmatory,True,False
1944059997991870860,BOX,False,,37,partial,True,0.0015551351524674,0.0008825160871895,0.0,0.004194744965337,0.0002853285700803,3.0,0.0043965047038567,-11.608472566257651,0.0,False,914061,2025-07-12 15:43:17+00:00,345,False,0.3152658939361572,sentence-transformers/all-mpnet-base-v2,confirmatory,True,True
1944157554176626997,HOOD,False,,1,insufficient,False,,,,,,,,,,False,605700792,2025-07-12 22:10:56+00:00,61,False,0.6036050319671631,sentence-transformers/all-mpnet-base-v2,confirmatory,True,False
1944203516865859950,BOX,False,,37,partial,True,0.0015551351524674,0.0008825160871895,0.0,0.004194744965337,0.0002853285700803,3.0,0.0043965047038567,-11.608472566257651,0.0,False,914061,2025-07-13 01:13:34+00:00,346,False,0.3235087394714355,sentence-transformers/all-mpnet-base-v2,confirmatory,True,True
1944453260615594367,HOOD,False,,1,insufficient,False,,,,,,,,,,False,605700792,2025-07-13 17:45:58+00:00,62,False,0.7564924955368042,sentence-transformers/all-mpnet-base-v2,confirmatory,True,False
1944477309651784107,BOX,False,,37,partial,True,0.0015551351524674,0.0008825160871895,0.0,0.004194744965337,0.0002853285700803,3.0,0.0043965047038567,-11.608472566257651,0.0,False,914061,2025-07-13 19:21:31+00:00,347,False,0.2609022855758667,sentence-transformers/all-mpnet-base-v2,confirmatory,True,True
1944804366780915924,BOX,False,,19,insufficient,False,0.0011964844782819,0.0007516904318936,3.0,,,,,,,False,914061,2025-07-14 17:01:08+00:00,348,False,0.330338716506958,sentence-transformers/all-mpnet-base-v2,confirmatory,True,False
1944876160116253012,MSFT,True,"cpi(ALL, 2025-07-15 12:30:00+00:00->2025-07-15 20:00:00+00:00)",53,partial,False,0.0038252418614599,0.0005822990115804,,,,,,,,False,20571756,2025-07-14 21:46:25+00:00,101,False,0.3296497464179992,sentence-transformers/all-mpnet-base-v2,null_baseline,True,False
1944944667952599367,BOX,True,"cpi(ALL, 2025-07-15 12:30:00+00:00->2025-07-15 20:00:00+00:00)",36,partial,False,-0.0057915716083719,0.0010421550571933,0.0,0.004194744965337,0.0002853285700803,3.0,0.0043965047038567,-11.048980854793902,0.0,False,914061,2025-07-15 02:18:38+00:00,349,False,0.227228581905365,sentence-transformers/all-mpnet-base-v2,confirmatory,True,False
1945163574386520137,BOX,True,"cpi(ALL, 2025-07-15 12:30:00+00:00->2025-07-15 20:00:00+00:00)",20,insufficient,False,-0.0026673535638567,0.0006948408653116,3.0,,,,,,,False,914061,2025-07-15 16:48:30+00:00,350,False,0.165802776813507,sentence-transformers/all-mpnet-base-v2,confirmatory,True,False
1945286014052000113,BOX,False,,31,partial,True,0.0074883594224837,0.0007869223954783,0.0,0.004194744965337,0.0002853285700803,3.0,0.0043965047038567,-11.943502779615612,0.0,False,914061,2025-07-16 00:55:02+00:00,351,False,0.2205041050910949,sentence-transformers/all-mpnet-base-v2,confirmatory,True,True
1945343647588999517,BOX,False,,31,partial,True,0.0074883594224837,0.0007869223954783,0.0,0.004194744965337,0.0002853285700803,3.0,0.0043965047038567,-11.943502779615612,0.0,False,914061,2025-07-16 04:44:02+00:00,352,False,0.2566820979118347,sentence-transformers/all-mpnet-base-v2,confirmatory,True,True
1945596799395217450,HOOD,False,,60,complete,True,0.0236108852736898,0.0018563542137358,0.0,0.0024686517521656,0.0010353669234942,13891.0,0.0035687533395987,-0.5913821704515885,26.729537110359225,False,605700792,2025-07-16 21:29:59+00:00,63,False,0.3301558494567871,sentence-transformers/all-mpnet-base-v2,confirmatory,True,True
1945658595204591644,BOX,False,,23,insufficient,False,0.0046353929800506,0.0012399619478559,0.0,0.004194744965337,0.0002853285700803,3.0,0.0043965047038567,-10.355720833174033,0.0,False,914061,2025-07-17 01:35:32+00:00,353,False,0.2205028533935547,sentence-transformers/all-mpnet-base-v2,confirmatory,True,False
1945705670751436824,BOX,False,,23,insufficient,False,0.0046353929800506,0.0012399619478559,0.0,0.004194744965337,0.0002853285700803,3.0,0.0043965047038567,-10.355720833174033,0.0,False,914061,2025-07-17 04:42:36+00:00,353,False,0.1866724491119384,sentence-transformers/all-mpnet-base-v2,confirmatory,True,False
1945802355150393440,CRM,False,,51,partial,True,-0.0059122724107609,0.0010428196533891,0.0,0.0015879446050451,0.000617919264544,3112.0,0.0022651270721544,-0.8821944595921641,16.902313624678662,False,22330739,2025-07-17 11:06:47+00:00,23,False,0.7423513531684875,sentence-transformers/all-mpnet-base-v2,confirmatory,True,True
1945860985908080797,CRM,False,,43,partial,True,0.0030634454280265,0.0006292277885365,1.0,0.0010705933929371,0.0003302993832515,2193.0,0.0014833660400009,-1.3362592447362738,7.797537619699043,False,22330739,2025-07-17 14:59:46+00:00,24,False,0.5993348360061646,sentence-transformers/all-mpnet-base-v2,confirmatory,True,True
1945887678869959063,MSFT,False,,50,partial,True,-0.0008899780954763,0.0002913673445158,3.0,0.0005162286279595,0.0003998599403704,9792.0,0.0006680850669626,-0.5623501149811916,7.046568627450981,False,20571756,2025-07-17 16:45:50+00:00,100,False,0.4858149290084839,sentence-transformers/all-mpnet-base-v2,null_baseline,True,False
1945942543906271350,HOOD,False,,46,partial,True,0.0692389606080845,0.0038769319243914,,,,,,,,False,605700792,2025-07-17 20:23:50+00:00,64,False,0.3653703927993774,sentence-transformers/all-mpnet-base-v2,confirmatory,True,True
1945942804062142674,HOOD,False,,46,partial,True,0.0692389606080845,0.0038769319243914,,,,,,,,False,605700792,2025-07-17 20:24:53+00:00,65,False,0.6237606406211853,sentence-transformers/all-mpnet-base-v2,confirmatory,True,True
1945944660632813641,CRM,False,,38,partial,True,0.0020786847890482,0.0008954220055654,0.0,0.0015879446050451,0.000617919264544,3112.0,0.0022651270721544,-1.1207331430113965,9.383033419023135,False,22330739,2025-07-17 20:32:15+00:00,25,False,0.3778469562530517,sentence-transformers/all-mpnet-base-v2,confirmatory,True,True
1945945957050257850,CRM,False,,38,partial,True,0.0020786847890482,0.0008954220055654,0.0,0.0015879446050451,0.000617919264544,3112.0,0.0022651270721544,-1.1207331430113965,9.383033419023135,False,22330739,2025-07-17 20:37:24+00:00,26,False,0.3802199959754944,sentence-transformers/all-mpnet-base-v2,confirmatory,True,True
1945946105323147452,CRM,False,,38,partial,True,0.0020786847890482,0.0008954220055654,0.0,0.0015879446050451,0.000617919264544,3112.0,0.0022651270721544,-1.1207331430113965,9.383033419023135,False,22330739,2025-07-17 20:38:00+00:00,27,False,0.719123899936676,sentence-transformers/all-mpnet-base-v2,confirmatory,True,True
1945959318064341461,CRM,False,,38,partial,True,0.0020786847890482,0.0008954220055654,0.0,0.0015879446050451,0.000617919264544,3112.0,0.0022651270721544,-1.1207331430113965,9.383033419023135,False,22330739,2025-07-17 21:30:30+00:00,28,False,0.5674452185630798,sentence-transformers/all-mpnet-base-v2,confirmatory,True,True
1946020698411163934,HOOD,False,,46,partial,True,0.0692389606080845,0.0038769319243914,,,,,,,,False,605700792,2025-07-18 01:34:24+00:00,66,False,0.5282741785049438,sentence-transformers/all-mpnet-base-v2,confirmatory,True,True
1946022025996407186,HOOD,False,,46,partial,True,0.0692389606080845,0.0038769319243914,,,,,,,,False,605700792,2025-07-18 01:39:40+00:00,67,False,0.5372803211212158,sentence-transformers/all-mpnet-base-v2,confirmatory,True,True
1946022029804847599,HOOD,False,,46,partial,True,0.0692389606080845,0.0038769319243914,,,,,,,,False,605700792,2025-07-18 01:39:41+00:00,68,False,0.5716952681541443,sentence-transformers/all-mpnet-base-v2,confirmatory,True,True
1946227618657014138,BOX,False,,15,insufficient,False,0.0005880889607621,0.000649040873839,1.0,0.0013670565185054,9.769056425029918e-05,43.0,0.0014788781460496,-7.349897609627573,0.0,False,914061,2025-07-18 15:16:38+00:00,352,False,0.31402587890625,sentence-transformers/all-mpnet-base-v2,confirmatory,True,False
1946324991181811979,BOX,False,,34,partial,True,0.0026246521330672,0.0009508021618909,0.0,0.004194744965337,0.0002853285700803,3.0,0.0043965047038567,-11.369148215800172,0.0,False,914061,2025-07-18 21:43:33+00:00,351,False,0.233757734298706,sentence-transformers/all-mpnet-base-v2,confirmatory,True,True
1946360824739627490,HOOD,False,,6,insufficient,False,-0.0033672119989863,0.0022021165122047,,,,,,,,False,605700792,2025-07-19 00:05:56+00:00,69,False,0.8917216658592224,sentence-transformers/all-mpnet-base-v2,confirmatory,True,False
1946428061098066064,BOX,False,,34,partial,True,0.0026246521330672,0.0009508021618909,0.0,0.004194744965337,0.0002853285700803,3.0,0.0043965047038567,-11.369148215800172,0.0,False,914061,2025-07-19 04:33:07+00:00,351,False,0.2023656368255615,sentence-transformers/all-mpnet-base-v2,confirmatory,True,True
1946656962097054166,HOOD,False,,6,insufficient,False,-0.0033672119989863,0.0022021165122047,,,,,,,,False,605700792,2025-07-19 19:42:41+00:00,70,False,0.6647744178771973,sentence-transformers/all-mpnet-base-v2,confirmatory,True,False
1946693912984510767,BOX,False,,34,partial,True,0.0026246521330672,0.0009508021618909,0.0,0.004194744965337,0.0002853285700803,3.0,0.0043965047038567,-11.369148215800172,0.0,False,914061,2025-07-19 22:09:31+00:00,349,False,0.354697585105896,sentence-transformers/all-mpnet-base-v2,confirmatory,True,True
1946990049041711441,BOX,False,,34,partial,True,0.0026246521330672,0.0009508021618909,0.0,0.004194744965337,0.0002853285700803,3.0,0.0043965047038567,-11.369148215800172,0.0,False,914061,2025-07-20 17:46:15+00:00,349,False,0.2490620613098144,sentence-transformers/all-mpnet-base-v2,confirmatory,True,True
1947003139686846797,BOX,False,,34,partial,True,0.0026246521330672,0.0009508021618909,0.0,0.004194744965337,0.0002853285700803,3.0,0.0043965047038567,-11.369148215800172,0.0,False,914061,2025-07-20 18:38:16+00:00,350,False,0.3328275084495544,sentence-transformers/all-mpnet-base-v2,confirmatory,True,True
1947034762356670583,HOOD,False,,6,insufficient,False,-0.0033672119989863,0.0022021165122047,,,,,,,,False,605700792,2025-07-20 20:43:56+00:00,71,False,0.4533921480178833,sentence-transformers/all-mpnet-base-v2,confirmatory,True,False
1947089114286981418,BOX,False,,34,partial,True,0.0026246521330672,0.0009508021618909,0.0,0.004194744965337,0.0002853285700803,3.0,0.0043965047038567,-11.369148215800172,0.0,False,914061,2025-07-21 00:19:54+00:00,349,False,0.237118661403656,sentence-transformers/all-mpnet-base-v2,confirmatory,True,True
1947326228412666186,HOOD,False,,59,partial,True,-0.0024079278984333,0.0015109275247483,2.0,0.001537110318051,0.0006474939279101,10131.0,0.0021891213272673,-0.0404371256226257,58.88855986575856,False,605700792,2025-07-21 16:02:07+00:00,72,False,0.5113276243209839,sentence-transformers/all-mpnet-base-v2,confirmatory,True,True
1947340483937636363,HOOD,False,,58,partial,True,-0.0028290994732592,0.000764241862123,3.0,0.0015068207603171,0.000909155016159,8915.0,0.0022131931570161,-0.8167791905623749,4.340998317442512,False,605700792,2025-07-21 16:58:45+00:00,73,False,0.3712736368179321,sentence-transformers/all-mpnet-base-v2,confirmatory,True,True
1947384892159103285,QCOM,False,,4,insufficient,False,-1.62450453049523e-05,0.0004987466922821,6.0,,,,,,,False,234930762,2025-07-21 19:55:13+00:00,64,False,0.4301843643188476,sentence-transformers/all-mpnet-base-v2,confirmatory,True,False
1947465388843061641,BOX,False,,41,partial,True,0.0017433664307653,0.0015213674492944,0.0,0.004194744965337,0.0002853285700803,3.0,0.0043965047038567,-9.369470135043205,0.0,False,914061,2025-07-22 01:15:05+00:00,348,False,0.3112862110137939,sentence-transformers/all-mpnet-base-v2,confirmatory,True,True
1947722135876866369,BOX,False,,29,partial,True,-0.0009945288681676,0.0003737347045775,4.0,0.0006705297706363,0.0,1.0,0.0006705297706363,,0.0,False,914061,2025-07-22 18:15:18+00:00,348,False,0.6213549375534058,sentence-transformers/all-mpnet-base-v2,confirmatory,True,True
1947830617913364853,BOX,False,,27,insufficient,False,-0.0051993019841168,0.0017030836193403,0.0,0.004194744965337,0.0002853285700803,3.0,0.0043965047038567,-8.732603767280684,0.0,False,914061,2025-07-23 01:26:22+00:00,348,False,0.30080246925354,sentence-transformers/all-mpnet-base-v2,confirmatory,True,False
1948046549260648589,BOX,False,,28,partial,True,-0.0030812121893015,0.0005936746705567,2.0,,,,,,,False,914061,2025-07-23 15:44:24+00:00,348,False,0.273601233959198,sentence-transformers/all-mpnet-base-v2,confirmatory,True,True
1948101877486452897,MSFT,False,,34,partial,True,-0.0012932939096894,0.0002904920022423,5.0,0.000494370972611,0.0002392654254598,7142.0,0.0007939814404011,-0.8521037670897867,12.293475217026042,False,20571756,2025-07-23 19:24:16+00:00,100,False,0.4840471148490906,sentence-transformers/all-mpnet-base-v2,null_baseline,True,False
1948101916711625074,MSFT,False,,34,partial,True,-0.0012932939096894,0.0002904920022423,5.0,0.000494370972611,0.0002392654254598,7142.0,0.0007939814404011,-0.8521037670897867,12.293475217026042,False,20571756,2025-07-23 19:24:25+00:00,101,False,0.6149657964706421,sentence-transformers/all-mpnet-base-v2,null_baseline,True,False
1948141609167810902,CRM,False,,42,partial,True,-0.003647310501904,0.0012093331917719,0.0,0.0015879446050451,0.000617919264544,3112.0,0.0022651270721544,-0.6127198729636215,28.53470437017995,False,22330739,2025-07-23 22:02:09+00:00,29,False,0.6069987416267395,sentence-transformers/all-mpnet-base-v2,confirmatory,True,True
1948155014440165500,QCOM,False,,48,partial,True,-0.0133387818592791,0.0014901517492231,0.0,0.0017324859379107,0.0009055282058883,4816.0,0.0031227343684163,-0.2676163890995165,54.58887043189369,False,234930762,2025-07-23 22:55:25+00:00,58,False,0.2178760766983032,sentence-transformers/all-mpnet-base-v2,confirmatory,True,True
1948194160709947756,HOOD,False,,39,partial,True,-0.0067719597904789,0.0019046757406732,,,,,,,,False,605700792,2025-07-24 01:30:58+00:00,74,False,0.5635027289390564,sentence-transformers/all-mpnet-base-v2,confirmatory,True,True
1948217650984649113,BOX,False,,22,insufficient,False,-0.0108267065203248,0.001120157030548,0.0,0.004194744965337,0.0002853285700803,3.0,0.0043965047038567,-10.775604889208898,0.0,False,914061,2025-07-24 03:04:18+00:00,347,False,0.2208991050720214,sentence-transformers/all-mpnet-base-v2,confirmatory,True,False
1948222848499130396,HOOD,False,,39,partial,True,-0.0067719597904789,0.0019046757406732,,,,,,,,False,605700792,2025-07-24 03:24:57+00:00,75,False,0.4776328802108764,sentence-transformers/all-mpnet-base-v2,confirmatory,True,True
1948244333972652188,BOX,False,,22,insufficient,False,-0.0108267065203248,0.001120157030548,0.0,0.004194744965337,0.0002853285700803,3.0,0.0043965047038567,-10.775604889208898,0.0,False,914061,2025-07-24 04:50:20+00:00,347,False,0.5383350849151611,sentence-transformers/all-mpnet-base-v2,confirmatory,True,False
1948564358856147163,BOX,False,,12,insufficient,False,0.0076164589018004,0.0016448833855662,0.0,0.004194744965337,0.0002853285700803,3.0,0.0043965047038567,-8.936579954305106,0.0,False,914061,2025-07-25 02:02:00+00:00,347,False,0.2490396499633789,sentence-transformers/all-mpnet-base-v2,confirmatory,True,False
1948773113543672143,HOOD,False,,59,partial,True,-0.0045511636606951,0.0010154452908061,2.0,0.001537110318051,0.0006474939279101,10131.0,0.0021891213272673,-0.8056678290846692,15.003454742868424,False,605700792,2025-07-25 15:51:31+00:00,76,False,0.4811686277389526,sentence-transformers/all-mpnet-base-v2,confirmatory,True,True
1948854933161439314,BOX,False,,29,partial,True,0.0011894227228483,0.0012535730996407,0.0,0.004194744965337,0.0002853285700803,3.0,0.0043965047038567,-10.308017402070384,0.0,False,914061,2025-07-25 21:16:38+00:00,347,False,0.1641382575035095,sentence-transformers/all-mpnet-base-v2,confirmatory,True,True
1948936241569038571,BOX,False,,29,partial,True,0.0011894227228483,0.0012535730996407,0.0,0.004194744965337,0.0002853285700803,3.0,0.0043965047038567,-10.308017402070384,0.0,False,914061,2025-07-26 02:39:44+00:00,346,False,0.1949003934860229,sentence-transformers/all-mpnet-base-v2,confirmatory,True,True
1949147166481752523,BOX,False,,29,partial,True,0.0011894227228483,0.0012535730996407,0.0,0.004194744965337,0.0002853285700803,3.0,0.0043965047038567,-10.308017402070384,0.0,False,914061,2025-07-26 16:37:52+00:00,345,False,0.3467439413070678,sentence-transformers/all-mpnet-base-v2,confirmatory,True,True
1949225243840827830,HOOD,False,,19,insufficient,False,0.0045452189181063,0.0039102096693087,,,,,,,,False,605700792,2025-07-26 21:48:07+00:00,77,False,0.7176553010940552,sentence-transformers/all-mpnet-base-v2,confirmatory,True,False
1949504939849331122,BOX,False,,29,partial,True,0.0011894227228483,0.0012535730996407,0.0,0.004194744965337,0.0002853285700803,3.0,0.0043965047038567,-10.308017402070384,0.0,False,914061,2025-07-27 16:19:32+00:00,344,False,0.3665822744369507,sentence-transformers/all-mpnet-base-v2,confirmatory,True,True
1949575404198494526,CRM,False,,38,partial,True,-0.0051726966919136,0.0014297867827256,0.0,0.0015879446050451,0.000617919264544,3112.0,0.0022651270721544,-0.2559522439169301,44.023136246786635,False,22330739,2025-07-27 20:59:32+00:00,30,False,0.7177796959877014,sentence-transformers/all-mpnet-base-v2,confirmatory,True,True
1949585461275660422,CRM,False,,38,partial,True,-0.0051726966919136,0.0014297867827256,0.0,0.0015879446050451,0.000617919264544,3112.0,0.0022651270721544,-0.2559522439169301,44.023136246786635,False,22330739,2025-07-27 21:39:30+00:00,31,False,0.2398745417594909,sentence-transformers/all-mpnet-base-v2,confirmatory,True,True
1949585855192133892,CRM,False,,38,partial,True,-0.0051726966919136,0.0014297867827256,0.0,0.0015879446050451,0.000617919264544,3112.0,0.0022651270721544,-0.2559522439169301,44.023136246786635,False,22330739,2025-07-27 21:41:04+00:00,32,False,0.5139833688735962,sentence-transformers/all-mpnet-base-v2,confirmatory,True,True
1949623247361974697,BOX,False,,29,partial,True,0.0011894227228483,0.0012535730996407,0.0,0.004194744965337,0.0002853285700803,3.0,0.0043965047038567,-10.308017402070384,0.0,False,914061,2025-07-28 00:09:39+00:00,345,False,0.2606554627418518,sentence-transformers/all-mpnet-base-v2,confirmatory,True,True
1949881999272915212,HOOD,False,,58,partial,True,0.0025072139970457,0.0008935975993946,3.0,0.0015068207603171,0.000909155016159,8915.0,0.0022131931570161,-0.6744979129227633,12.148065058889513,False,605700792,2025-07-28 17:17:50+00:00,78,False,0.6177515983581543,sentence-transformers/all-mpnet-base-v2,confirmatory,True,True
1949884999345590406,MSFT,False,,57,partial,True,-0.0009067812729854,0.0001805215157592,4.0,0.0004702143088476,0.0002382934904684,10669.0,0.0006810947374758,-1.2156974683568775,0.5717499297028775,False,20571756,2025-07-28 17:29:45+00:00,100,False,0.5155320167541504,sentence-transformers/all-mpnet-base-v2,null_baseline,True,False
1949885049287168245,MSFT,False,,57,partial,True,-0.0009067812729854,0.0001805215157592,4.0,0.0004702143088476,0.0002382934904684,10669.0,0.0006810947374758,-1.2156974683568775,0.5717499297028775,False,20571756,2025-07-28 17:29:57+00:00,101,False,0.6656635403633118,sentence-transformers/all-mpnet-base-v2,null_baseline,True,False
1949952339369918977,HOOD,False,,1,insufficient,False,,,,,,,,,,False,605700792,2025-07-28 21:57:20+00:00,79,False,0.5706590414047241,sentence-transformers/all-mpnet-base-v2,confirmatory,True,False
1949959279353745810,BOX,False,,12,insufficient,False,-0.0077194972136086,0.0014800548600856,0.0,0.004194744965337,0.0002853285700803,3.0,0.0043965047038567,-9.51425966382108,0.0,False,914061,2025-07-28 22:24:55+00:00,344,False,0.2824543118476867,sentence-transformers/all-mpnet-base-v2,confirmatory,True,False
1949979787344093495,HOOD,False,,1,insufficient,False,,,,,,,,,,False,605700792,2025-07-28 23:46:24+00:00,80,False,0.5844296216964722,sentence-transformers/all-mpnet-base-v2,confirmatory,True,False
1949989681795682807,HOOD,False,,1,insufficient,False,,,,,,,,,,False,605700792,2025-07-29 00:25:43+00:00,81,False,0.546382486820221,sentence-transformers/all-mpnet-base-v2,confirmatory,True,False
1950197188358807831,CRM,False,,48,partial,True,-0.0055294517796998,0.0006940071011406,0.0,0.0015879446050451,0.000617919264544,3112.0,0.0022651270721544,-1.4466898107865114,2.2814910025706943,False,22330739,2025-07-29 14:10:17+00:00,33,False,0.3088752627372741,sentence-transformers/all-mpnet-base-v2,confirmatory,True,True
1950215604117414101,HOOD,False,,59,partial,True,0.0025657153340149,0.0017140674496496,1.0,0.0017163780306508,0.0006345735237307,13323.0,0.0024248767060085,-0.0036411556971159,58.32019815356902,False,605700792,2025-07-29 15:23:27+00:00,82,False,0.5649087429046631,sentence-transformers/all-mpnet-base-v2,confirmatory,True,True
1950216480387203290,CRM,False,,37,partial,True,-0.0048745043691894,0.0006022570900595,1.0,0.0010705933929371,0.0003302993832515,2193.0,0.0014833660400009,-1.41791455456895,4.924760601915184,False,22330739,2025-07-29 15:26:56+00:00,34,False,0.2915879487991333,sentence-transformers/all-mpnet-base-v2,confirmatory,True,True
1950232690088911117,HOOD,False,,56,partial,True,0.0026918016858745,0.0008698524079485,3.0,0.0015068207603171,0.000909155016159,8915.0,0.0022131931570161,-0.700615781739414,10.49915872125631,False,605700792,2025-07-29 16:31:21+00:00,83,False,0.8049604892730713,sentence-transformers/all-mpnet-base-v2,confirmatory,True,True
1950258279344423332,CRM,False,,40,partial,True,-0.001020311189036,0.000392438698668,4.0,0.0008601445308332,0.0004317505862432,1469.0,0.0011613137631727,-1.083277816099463,0.2722940776038121,False,22330739,2025-07-29 18:13:02+00:00,35,False,0.4773434400558471,sentence-transformers/all-mpnet-base-v2,confirmatory,True,True
1950354513610616943,BOX,False,,18,insufficient,False,-0.0081808404556694,0.001666321358233,0.0,0.004194744965337,0.0002853285700803,3.0,0.0043965047038567,-8.861445618263303,0.0,False,914061,2025-07-30 00:35:26+00:00,344,False,0.2547900676727295,sentence-transformers/all-mpnet-base-v2,confirmatory,True,False
1950608340947796074,BOX,True,"fomc(ALL, 2025-07-30 18:00:00+00:00->2025-07-30 20:00:00+00:00)",33,partial,False,-0.0034806295632149,0.0006186881364242,3.0,,,,,,,False,914061,2025-07-30 17:24:03+00:00,343,False,0.3432138562202453,sentence-transformers/all-mpnet-base-v2,confirmatory,True,False
1950618766653673578,QCOM,True,"fomc(ALL, 2025-07-30 18:00:00+00:00->2025-07-30 20:00:00+00:00)",57,partial,False,-0.0019134201986015,0.0008557176288461,4.0,0.0009476882220797,0.0005636901752572,2138.0,0.0014189505937958,-0.1631580560928731,54.25631431244153,False,234930762,2025-07-30 18:05:29+00:00,58,False,0.5062098503112793,sentence-transformers/all-mpnet-base-v2,confirmatory,True,False
1950631959639814302,CRM,True,"fomc(ALL, 2025-07-30 18:00:00+00:00->2025-07-30 20:00:00+00:00)",47,partial,False,-0.0006771368030085,0.0007826154862029,5.0,0.000729961717102,0.0002199379010904,1654.0,0.0010283169946769,0.2394028898149521,68.25876662636034,False,22330739,2025-07-30 18:57:54+00:00,36,False,0.267861545085907,sentence-transformers/all-mpnet-base-v2,confirmatory,True,False
1950648173091045465,QCOM,True,"earnings(QCOM, 2025-07-30 20:00:00+00:00->2025-07-31 20:00:00+00:00)",1,insufficient,False,-0.0524956233703792,,6.0,,,,,,,False,234930762,2025-07-30 20:02:20+00:00,58,False,0.1525999307632446,sentence-transformers/all-mpnet-base-v2,confirmatory,True,False
1950662709688909911,HOOD,True,"earnings(HOOD, 2025-07-30 20:00:00+00:00->2025-07-31 20:00:00+00:00)",60,complete,False,0.0062561156245324,0.004344061440747,0.0,0.0024686517521656,0.0010353669234942,13891.0,0.0035687533395987,1.8113478864595969,96.33575696494134,True,605700792,2025-07-30 21:00:06+00:00,84,False,0.3496197462081909,sentence-transformers/all-mpnet-base-v2,confirmatory,True,False
1950689581827084714,MSFT,True,"earnings(MSFT, 2025-07-30 20:00:00+00:00->2025-07-31 20:00:00+00:00)",60,complete,False,0.0414553445968548,0.0018742434789771,0.0,0.0008174575401678,0.0003989604251514,14622.0,0.0012105221411381,2.6488490391196646,99.1109287375188,True,20571756,2025-07-30 22:46:53+00:00,100,False,0.575188159942627,sentence-transformers/all-mpnet-base-v2,null_baseline,True,False
1950689583773200501,MSFT,True,"earnings(MSFT, 2025-07-30 20:00:00+00:00->2025-07-31 20:00:00+00:00)",60,complete,False,0.0414553445968548,0.0018742434789771,0.0,0.0008174575401678,0.0003989604251514,14622.0,0.0012105221411381,2.6488490391196646,99.1109287375188,True,20571756,2025-07-30 22:46:53+00:00,100,False,0.52763831615448,sentence-transformers/all-mpnet-base-v2,null_baseline,True,False
1950689585375420499,MSFT,True,"earnings(MSFT, 2025-07-30 20:00:00+00:00->2025-07-31 20:00:00+00:00)",60,complete,False,0.0414553445968548,0.0018742434789771,0.0,0.0008174575401678,0.0003989604251514,14622.0,0.0012105221411381,2.6488490391196646,99.1109287375188,True,20571756,2025-07-30 22:46:53+00:00,100,False,0.5066828727722168,sentence-transformers/all-mpnet-base-v2,null_baseline,True,False
1950689586856022192,MSFT,True,"earnings(MSFT, 2025-07-30 20:00:00+00:00->2025-07-31 20:00:00+00:00)",60,complete,False,0.0414553445968548,0.0018742434789771,0.0,0.0008174575401678,0.0003989604251514,14622.0,0.0012105221411381,2.6488490391196646,99.1109287375188,True,20571756,2025-07-30 22:46:54+00:00,103,False,0.3653932213783264,sentence-transformers/all-mpnet-base-v2,null_baseline,True,False
1950689588185583920,MSFT,True,"earnings(MSFT, 2025-07-30 20:00:00+00:00->2025-07-31 20:00:00+00:00)",60,complete,False,0.0414553445968548,0.0018742434789771,0.0,0.0008174575401678,0.0003989604251514,14622.0,0.0012105221411381,2.6488490391196646,99.1109287375188,True,20571756,2025-07-30 22:46:54+00:00,103,False,0.6265374422073364,sentence-transformers/all-mpnet-base-v2,null_baseline,True,False
1950929498356031608,HOOD,True,"earnings(HOOD, 2025-07-30 20:00:00+00:00->2025-07-31 20:00:00+00:00)",60,complete,False,0.0041984063036819,0.0024073255532762,1.0,0.0017163780306508,0.0006345735237307,13323.0,0.0024248767060085,1.0888376157947002,89.62696089469338,False,605700792,2025-07-31 14:40:13+00:00,85,False,0.5208496451377869,sentence-transformers/all-mpnet-base-v2,confirmatory,True,False
1950943213889712149,BOX,False,,19,insufficient,False,-0.0025830210682592,0.0006754768049105,2.0,,,,,,,False,914061,2025-07-31 15:34:43+00:00,343,False,0.6772386431694031,sentence-transformers/all-mpnet-base-v2,confirmatory,True,False
1950965166507708428,BOX,False,,20,insufficient,False,0.0007900208921285,0.0009468570430526,3.0,,,,,,,False,914061,2025-07-31 17:01:57+00:00,344,False,0.6584240794181824,sentence-transformers/all-mpnet-base-v2,confirmatory,True,False
1950990432294588819,QCOM,True,"earnings(QCOM, 2025-07-30 20:00:00+00:00->2025-07-31 20:00:00+00:00)",58,partial,False,-0.0005477184116964,0.0006723326747624,5.0,0.0010843439815498,0.0007001409905529,2330.0,0.0016392129234955,-0.5884690545857992,27.76824034334764,False,234930762,2025-07-31 18:42:21+00:00,58,False,0.3165900707244873,sentence-transformers/all-mpnet-base-v2,confirmatory,True,False
1951119978209615893,BOX,True,"jobs_report(ALL, 2025-08-01 12:30:00+00:00->2025-08-01 20:00:00+00:00)",40,partial,False,0.0067537114392415,0.0011571248957486,0.0,0.004194744965337,0.0002853285700803,3.0,0.0043965047038567,-10.64604245110406,0.0,False,914061,2025-08-01 03:17:07+00:00,343,False,0.1750804185867309,sentence-transformers/all-mpnet-base-v2,confirmatory,True,False
1951356948118446546,HOOD,True,"jobs_report(ALL, 2025-08-01 12:30:00+00:00->2025-08-01 20:00:00+00:00)",60,complete,False,0.0027905478175984,0.0014871461781286,5.0,0.0012864632027318,0.0005528423224853,6233.0,0.0019156052701326,0.3630021929120867,73.99326167174716,False,605700792,2025-08-01 18:58:45+00:00,86,False,0.5420464277267456,sentence-transformers/all-mpnet-base-v2,confirmatory,True,False
1951411721517584438,HOOD,False,,60,complete,True,0.017985121634567,0.0041991195849797,0.0,0.0024686517521656,0.0010353669234942,13891.0,0.0035687533395987,1.671357075010749,95.16953423079693,True,605700792,2025-08-01 22:36:24+00:00,87,False,0.3399910926818847,sentence-transformers/all-mpnet-base-v2,confirmatory,True,True
1951439420957339828,HOOD,False,,60,complete,True,0.017985121634567,0.0041991195849797,0.0,0.0024686517521656,0.0010353669234942,13891.0,0.0035687533395987,1.671357075010749,95.16953423079693,True,605700792,2025-08-02 00:26:28+00:00,88,False,0.5117861032485962,sentence-transformers/all-mpnet-base-v2,confirmatory,True,True
1951456743613145565,HOOD,False,,60,complete,True,0.017985121634567,0.0041991195849797,0.0,0.0024686517521656,0.0010353669234942,13891.0,0.0035687533395987,1.671357075010749,95.16953423079693,True,605700792,2025-08-02 01:35:18+00:00,89,False,0.6647322177886963,sentence-transformers/all-mpnet-base-v2,confirmatory,True,True
1951477125980287293,BOX,False,,44,partial,True,-0.0125627472365775,0.0013126717254366,0.0,0.004194744965337,0.0002853285700803,3.0,0.0043965047038567,-10.100892592314016,0.0,False,914061,2025-08-02 02:56:18+00:00,342,False,0.2305699586868286,sentence-transformers/all-mpnet-base-v2,confirmatory,True,True
1951666669010751594,BOX,False,,44,partial,True,-0.0125627472365775,0.0013126717254366,0.0,0.004194744965337,0.0002853285700803,3.0,0.0043965047038567,-10.100892592314016,0.0,False,914061,2025-08-02 15:29:28+00:00,342,False,0.3016209006309509,sentence-transformers/all-mpnet-base-v2,confirmatory,True,True
1951798756468564359,BOX,False,,44,partial,True,-0.0125627472365775,0.0013126717254366,0.0,0.004194744965337,0.0002853285700803,3.0,0.0043965047038567,-10.100892592314016,0.0,False,914061,2025-08-03 00:14:20+00:00,343,False,0.3128442764282226,sentence-transformers/all-mpnet-base-v2,confirmatory,True,True
1952053109666250874,BOX,False,,44,partial,True,-0.0125627472365775,0.0013126717254366,0.0,0.004194744965337,0.0002853285700803,3.0,0.0043965047038567,-10.100892592314016,0.0,False,914061,2025-08-03 17:05:03+00:00,342,False,0.1186696290969848,sentence-transformers/all-mpnet-base-v2,confirmatory,True,True
1952110754276200929,BOX,False,,44,partial,True,-0.0125627472365775,0.0013126717254366,0.0,0.004194744965337,0.0002853285700803,3.0,0.0043965047038567,-10.100892592314016,0.0,False,914061,2025-08-03 20:54:06+00:00,342,False,0.2612494826316833,sentence-transformers/all-mpnet-base-v2,confirmatory,True,True
1952500405210173516,BOX,False,,30,partial,True,0.0008996190125609,0.0011940991028471,0.0,0.004194744965337,0.0002853285700803,3.0,0.0043965047038567,-10.516457786350234,0.0,False,914061,2025-08-04 22:42:26+00:00,340,False,0.3448352813720703,sentence-transformers/all-mpnet-base-v2,confirmatory,True,True
1952509357523964091,CRM,False,,53,partial,True,-0.0038311018558597,0.0009719502230234,0.0,0.0015879446050451,0.000617919264544,3112.0,0.0022651270721544,-0.9968848964051088,12.94987146529563,False,22330739,2025-08-04 23:18:01+00:00,37,False,0.6902366876602173,sentence-transformers/all-mpnet-base-v2,confirmatory,True,True
1952530191676539031,MSFT,False,,60,complete,True,-0.0008784192988049,0.0005579425027493,0.0,0.0008174575401678,0.0003989604251514,14622.0,0.0012105221411381,-0.6504781453448154,20.18875666803447,False,20571756,2025-08-05 00:40:48+00:00,105,False,0.8157812356948853,sentence-transformers/all-mpnet-base-v2,null_baseline,True,False
1952600861089452148,BOX,False,,30,partial,True,0.0008996190125609,0.0011940991028471,0.0,0.004194744965337,0.0002853285700803,3.0,0.0043965047038567,-10.516457786350234,0.0,False,914061,2025-08-05 05:21:37+00:00,340,False,0.3140959739685058,sentence-transformers/all-mpnet-base-v2,confirmatory,True,True
1952780903086018699,BOX,False,,29,partial,True,-0.0034607855401644,0.0006859670293638,3.0,,,,,,,False,914061,2025-08-05 17:17:02+00:00,341,False,0.3512809872627258,sentence-transformers/all-mpnet-base-v2,confirmatory,True,True
1952857455417016391,BOX,False,,29,partial,True,0.0013313352972967,0.0013963309548042,0.0,0.004194744965337,0.0002853285700803,3.0,0.0043965047038567,-9.807689463920806,0.0,False,914061,2025-08-05 22:21:14+00:00,341,False,0.3537582755088806,sentence-transformers/all-mpnet-base-v2,confirmatory,True,True
1952878078050615413,MSFT,False,,59,partial,True,-0.003842543825289,0.0007178396421949,0.0,0.0008174575401678,0.0003989604251514,14622.0,0.0012105221411381,-0.2496936831144831,43.98167145397346,False,20571756,2025-08-05 23:43:11+00:00,104,False,0.4825289249420166,sentence-transformers/all-mpnet-base-v2,null_baseline,True,False
1952902698942251181,HOOD,False,,32,partial,True,-0.0089692354006348,0.0032026618219024,,,,,,,,False,605700792,2025-08-06 01:21:01+00:00,90,False,0.6362769603729248,sentence-transformers/all-mpnet-base-v2,confirmatory,True,True
1952902953180012986,HOOD,False,,32,partial,True,-0.0089692354006348,0.0032026618219024,,,,,,,,False,605700792,2025-08-06 01:22:01+00:00,91,False,0.6243069171905518,sentence-transformers/all-mpnet-base-v2,confirmatory,True,True
1953225396822163885,BOX,False,,31,partial,True,-0.0096220031832745,0.0016525486974889,0.0,0.004194744965337,0.0002853285700803,3.0,0.0043965047038567,-8.909715094888647,0.0,False,914061,2025-08-06 22:43:18+00:00,340,False,0.2520779371261596,sentence-transformers/all-mpnet-base-v2,confirmatory,True,True
1953229588064251976,HOOD,False,,45,partial,True,0.0405509040847185,0.0039029717540666,,,,,,,,False,605700792,2025-08-06 22:59:57+00:00,92,False,0.3354814648628235,sentence-transformers/all-mpnet-base-v2,confirmatory,True,True
1953505866122236089,BOX,False,,48,partial,True,-0.0002215097972458,0.0008760839657742,3.0,,,,,,,False,914061,2025-08-07 17:17:47+00:00,341,False,0.5596342086791992,sentence-transformers/all-mpnet-base-v2,confirmatory,True,True
1953511338917200071,MSFT,False,,52,partial,True,-0.0041110876034493,0.0004625425245084,4.0,0.0004702143088476,0.0002382934904684,10669.0,0.0006810947374758,-0.0321946869975696,63.6048364420283,False,20571756,2025-08-07 17:39:32+00:00,105,False,0.3496215343475342,sentence-transformers/all-mpnet-base-v2,null_baseline,True,False
1953626050757537961,BOX,False,,32,partial,True,0.0020641523007811,0.0012385972719841,0.0,0.004194744965337,0.0002853285700803,3.0,0.0043965047038567,-10.360503655558382,0.0,False,914061,2025-08-08 01:15:21+00:00,340,False,0.4495398998260498,sentence-transformers/all-mpnet-base-v2,confirmatory,True,True
1953652673770602999,CRM,False,,60,complete,True,-0.0056731755054688,0.0011163833606973,0.0,0.0015879446050451,0.000617919264544,3112.0,0.0022651270721544,-0.7631437817297628,21.947300771208223,False,22330739,2025-08-08 03:01:09+00:00,38,False,0.6092659831047058,sentence-transformers/all-mpnet-base-v2,confirmatory,True,True
1953670264988016931,BOX,False,,32,partial,True,0.0020641523007811,0.0012385972719841,0.0,0.004194744965337,0.0002853285700803,3.0,0.0043965047038567,-10.360503655558382,0.0,False,914061,2025-08-08 04:11:03+00:00,341,False,0.5756425261497498,sentence-transformers/all-mpnet-base-v2,confirmatory,True,True
1953829804899217765,QCOM,False,,42,partial,True,-0.0001038906880655,0.0004001110861441,1.0,0.0014049941536428,0.0008717321533434,3575.0,0.0024544828179355,-1.1527429195360597,0.1118881118881118,False,234930762,2025-08-08 14:45:00+00:00,58,False,0.4622921943664551,sentence-transformers/all-mpnet-base-v2,confirmatory,True,True
1953843512270614571,HOOD,False,,60,complete,True,0.0034410666900659,0.0011246154938945,2.0,0.001537110318051,0.0006474939279101,10131.0,0.0021891213272673,-0.6370636177050816,27.401046293554437,False,605700792,2025-08-08 15:39:28+00:00,93,False,0.4698714017868042,sentence-transformers/all-mpnet-base-v2,confirmatory,True,True
1953920948668969248,BOX,False,,20,insufficient,False,-0.0033237423605935,0.0017532865570977,0.0,0.004194744965337,0.0002853285700803,3.0,0.0043965047038567,-8.556655954752818,0.0,False,914061,2025-08-08 20:47:10+00:00,341,False,0.493961751461029,sentence-transformers/all-mpnet-base-v2,confirmatory,True,False
1953956848178192586,BOX,False,,20,insufficient,False,-0.0033237423605935,0.0017532865570977,0.0,0.004194744965337,0.0002853285700803,3.0,0.0043965047038567,-8.556655954752818,0.0,False,914061,2025-08-08 23:09:50+00:00,342,False,0.5440120697021484,sentence-transformers/all-mpnet-base-v2,confirmatory,True,False
1954189762505371883,HOOD,False,,51,partial,True,0.0148262410294714,0.0028120451682288,,,,,,,,False,605700792,2025-08-09 14:35:21+00:00,94,False,0.4560288190841675,sentence-transformers/all-mpnet-base-v2,confirmatory,True,True
1954201490991861783,BOX,False,,20,insufficient,False,-0.0033237423605935,0.0017532865570977,0.0,0.004194744965337,0.0002853285700803,3.0,0.0043965047038567,-8.556655954752818,0.0,False,914061,2025-08-09 15:21:57+00:00,342,False,0.5343242287635803,sentence-transformers/all-mpnet-base-v2,confirmatory,True,False
1954309317202747616,BOX,False,,20,insufficient,False,-0.0033237423605935,0.0017532865570977,0.0,0.004194744965337,0.0002853285700803,3.0,0.0043965047038567,-8.556655954752818,0.0,False,914061,2025-08-09 22:30:25+00:00,343,False,0.4109125733375549,sentence-transformers/all-mpnet-base-v2,confirmatory,True,False
1954342551668023655,BOX,False,,20,insufficient,False,-0.0033237423605935,0.0017532865570977,0.0,0.004194744965337,0.0002853285700803,3.0,0.0043965047038567,-8.556655954752818,0.0,False,914061,2025-08-10 00:42:28+00:00,344,False,0.4011867642402649,sentence-transformers/all-mpnet-base-v2,confirmatory,True,False
1954668252950589643,BOX,False,,20,insufficient,False,-0.0033237423605935,0.0017532865570977,0.0,0.004194744965337,0.0002853285700803,3.0,0.0043965047038567,-8.556655954752818,0.0,False,914061,2025-08-10 22:16:42+00:00,340,False,0.2496730089187622,sentence-transformers/all-mpnet-base-v2,confirmatory,True,False
1954731387640320012,BOX,False,,20,insufficient,False,-0.0033237423605935,0.0017532865570977,0.0,0.004194744965337,0.0002853285700803,3.0,0.0043965047038567,-8.556655954752818,0.0,False,914061,2025-08-11 02:27:34+00:00,340,False,0.2770980596542358,sentence-transformers/all-mpnet-base-v2,confirmatory,True,False
1955038477361484203,BOX,True,"cpi(ALL, 2025-08-12 12:30:00+00:00->2025-08-12 20:00:00+00:00)",44,partial,False,-0.0037442165633956,0.0013350397262133,0.0,0.004194744965337,0.0002853285700803,3.0,0.0043965047038567,-10.02249875754896,0.0,False,914061,2025-08-11 22:47:50+00:00,339,False,0.3039531707763672,sentence-transformers/all-mpnet-base-v2,confirmatory,True,False
1955485403177505020,BOX,False,,29,partial,True,0.0090290309621237,0.0013887177368689,0.0,0.004194744965337,0.0002853285700803,3.0,0.0043965047038567,-9.834371747903546,0.0,False,914061,2025-08-13 04:23:45+00:00,337,False,0.4011250734329223,sentence-transformers/all-mpnet-base-v2,confirmatory,True,True
1955761344390815995,HOOD,False,,25,insufficient,False,4.374511261351355e-05,0.0037153820773137,,,,,,,,False,605700792,2025-08-13 22:40:15+00:00,95,False,0.5876802206039429,sentence-transformers/all-mpnet-base-v2,confirmatory,True,False
1955781532330942777,HOOD,False,,25,insufficient,False,4.374511261351355e-05,0.0037153820773137,,,,,,,,False,605700792,2025-08-14 00:00:28+00:00,96,False,0.6487382650375366,sentence-transformers/all-mpnet-base-v2,confirmatory,True,False
1955828224682025020,BOX,False,,26,insufficient,False,-0.0114130134922395,0.0016768941101977,0.0,0.004194744965337,0.0002853285700803,3.0,0.0043965047038567,-8.824390962426579,0.0,False,914061,2025-08-14 03:06:00+00:00,335,False,0.5493860840797424,sentence-transformers/all-mpnet-base-v2,confirmatory,True,False
1956021327862882806,BOX,False,,23,insufficient,False,0.0010041201405492,0.0006017213518853,2.0,,,,,,,False,914061,2025-08-14 15:53:20+00:00,335,False,0.3688677549362182,sentence-transformers/all-mpnet-base-v2,confirmatory,True,False
1956034935988609253,QCOM,False,,41,partial,True,-0.0004127385562842,0.0003769326486163,3.0,0.0011347929536885,0.0005617187407871,1807.0,0.0019061194460276,-1.349181093744816,0.3320420586607637,False,234930762,2025-08-14 16:47:24+00:00,58,False,0.3244781494140625,sentence-transformers/all-mpnet-base-v2,confirmatory,True,True
1956036819864445221,HOOD,False,,58,partial,True,0.0031859559831857,0.0008037846089775,3.0,0.0015068207603171,0.000909155016159,8915.0,0.0022131931570161,-0.7732852361192817,5.866517106001122,False,605700792,2025-08-14 16:54:53+00:00,97,False,0.4279049634933471,sentence-transformers/all-mpnet-base-v2,confirmatory,True,True
1956116274158952918,HOOD,False,,3,insufficient,False,-0.0001906428093452,0.0007678431247772,,,,,,,,False,605700792,2025-08-14 22:10:37+00:00,98,False,0.5590250492095947,sentence-transformers/all-mpnet-base-v2,confirmatory,True,False
1956133244480713057,QCOM,False,,44,partial,True,-0.0015089466656601,0.0016514401155028,0.0,0.0017324859379107,0.0009055282058883,4816.0,0.0031227343684163,-0.0895011573144319,60.75581395348837,False,234930762,2025-08-14 23:18:03+00:00,59,False,0.2867237329483032,sentence-transformers/all-mpnet-base-v2,confirmatory,True,True
1956189037435478277,BOX,False,,33,partial,True,0.0029852024539575,0.0012898616758026,0.0,0.004194744965337,0.0002853285700803,3.0,0.0043965047038567,-10.180835689591692,0.0,False,914061,2025-08-15 02:59:45+00:00,334,False,0.2143354415893554,sentence-transformers/all-mpnet-base-v2,confirmatory,True,True
1956353250044915839,QCOM,False,,44,partial,True,-0.0042895114386425,0.0006692858407763,0.0,0.0017324859379107,0.0009055282058883,4816.0,0.0031227343684163,-1.1741214577533152,1.8064784053156149,False,234930762,2025-08-15 13:52:16+00:00,60,False,0.282154381275177,sentence-transformers/all-mpnet-base-v2,confirmatory,True,True
1956474493112930778,HOOD,False,,60,complete,True,-0.022345765536812,0.0026074929481368,0.0,0.0024686517521656,0.0010353669234942,13891.0,0.0035687533395987,0.1340985430581941,65.95637463105608,False,605700792,2025-08-15 21:54:03+00:00,99,False,0.6975183486938477,sentence-transformers/all-mpnet-base-v2,confirmatory,True,True
1956506467789660377,BOX,False,,19,insufficient,False,0.0018841705603861,0.0017846842492187,0.0,0.004194744965337,0.0002853285700803,3.0,0.0043965047038567,-8.44661547716537,0.0,False,914061,2025-08-16 00:01:06+00:00,333,False,0.2320911884307861,sentence-transformers/all-mpnet-base-v2,confirmatory,True,False
1956763646836838492,BOX,False,,19,insufficient,False,0.0018841705603861,0.0017846842492187,0.0,0.004194744965337,0.0002853285700803,3.0,0.0043965047038567,-8.44661547716537,0.0,False,914061,2025-08-16 17:03:02+00:00,331,False,0.4046071171760559,sentence-transformers/all-mpnet-base-v2,confirmatory,True,False
1957161995297501611,BOX,False,,19,insufficient,False,0.0018841705603861,0.0017846842492187,0.0,0.004194744965337,0.0002853285700803,3.0,0.0043965047038567,-8.44661547716537,0.0,False,914061,2025-08-17 19:25:56+00:00,326,False,0.1717368364334106,sentence-transformers/all-mpnet-base-v2,confirmatory,True,False
1957264955432223123,BOX,False,,19,insufficient,False,0.0018841705603861,0.0017846842492187,0.0,0.004194744965337,0.0002853285700803,3.0,0.0043965047038567,-8.44661547716537,0.0,False,914061,2025-08-18 02:15:04+00:00,326,False,0.2473170757293701,sentence-transformers/all-mpnet-base-v2,confirmatory,True,False
1957445998701125665,MSFT,False,,58,partial,True,-0.0031962966543629,0.0004138854853963,0.0,0.0008174575401678,0.0003989604251514,14622.0,0.0012105221411381,-1.0115591154645478,4.335932157023663,False,20571756,2025-08-18 14:14:28+00:00,106,False,0.5877008438110352,sentence-transformers/all-mpnet-base-v2,null_baseline,True,False
1957493248718680571,MSFT,False,,53,partial,True,-7.046319061743134e-05,0.0003135220058752,3.0,0.0005162286279595,0.0003998599403704,9792.0,0.0006680850669626,-0.5069440612044304,11.121323529411764,False,20571756,2025-08-18 17:22:13+00:00,103,False,0.5451560616493225,sentence-transformers/all-mpnet-base-v2,null_baseline,True,False
1957493298672857197,MSFT,False,,53,partial,True,-7.046319061743134e-05,0.0003135220058752,3.0,0.0005162286279595,0.0003998599403704,9792.0,0.0006680850669626,-0.5069440612044304,11.121323529411764,False,20571756,2025-08-18 17:22:25+00:00,104,False,0.6758815050125122,sentence-transformers/all-mpnet-base-v2,null_baseline,True,False
1957521317085012138,HOOD,False,,45,partial,True,0.0059827042841396,0.0008487066520539,5.0,0.0012864632027318,0.0005528423224853,6233.0,0.0019156052701326,-0.7918289408632778,16.139900529440077,False,605700792,2025-08-18 19:13:45+00:00,100,False,0.4379905462265014,sentence-transformers/all-mpnet-base-v2,confirmatory,True,True
1957538650717319442,HOOD,False,,42,partial,True,-0.0094108699982872,0.0042271419731446,,,,,,,,False,605700792,2025-08-18 20:22:38+00:00,101,False,0.5761795043945312,sentence-transformers/all-mpnet-base-v2,confirmatory,True,True
1957642363280801886,BOX,False,,30,partial,True,0.0045632241251111,0.0011022549537431,0.0,0.004194744965337,0.0002853285700803,3.0,0.0043965047038567,-10.83834685998257,0.0,False,914061,2025-08-19 03:14:45+00:00,326,False,0.2338954806327819,sentence-transformers/all-mpnet-base-v2,confirmatory,True,True
1957854649496867056,BOX,False,,24,insufficient,False,1.1297346803162966e-05,0.0005313587461283,3.0,,,,,,,False,914061,2025-08-19 17:18:18+00:00,325,False,0.4166681170463562,sentence-transformers/all-mpnet-base-v2,confirmatory,True,False
1957930074315059245,CRM,False,,54,partial,True,0.0053668466719917,0.0011516406934003,0.0,0.0015879446050451,0.000617919264544,3112.0,0.0022651270721544,-0.7060856274917148,24.903598971722367,False,22330739,2025-08-19 22:18:00+00:00,39,False,0.4802523851394653,sentence-transformers/all-mpnet-base-v2,confirmatory,True,True
1957955147491078402,QCOM,False,,57,partial,True,-0.0016522372605325,0.001420844675037,0.0,0.0017324859379107,0.0009055282058883,4816.0,0.0031227343684163,-0.3441541200452958,50.47757475083057,False,234930762,2025-08-19 23:57:38+00:00,61,False,0.2978469729423523,sentence-transformers/all-mpnet-base-v2,confirmatory,True,True
1957962344153448699,BOX,False,,28,partial,True,0.0011594699395761,0.0013602093882584,0.0,0.004194744965337,0.0002853285700803,3.0,0.0043965047038567,-9.934285852552987,0.0,False,914061,2025-08-20 00:26:14+00:00,326,False,0.1601873636245727,sentence-transformers/all-mpnet-base-v2,confirmatory,True,True
1958004814819762675,QCOM,False,,57,partial,True,-0.0016522372605325,0.001420844675037,0.0,0.0017324859379107,0.0009055282058883,4816.0,0.0031227343684163,-0.3441541200452958,50.47757475083057,False,234930762,2025-08-20 03:15:00+00:00,62,False,0.2025395631790161,sentence-transformers/all-mpnet-base-v2,confirmatory,True,True
1958042956751118410,HOOD,False,,15,insufficient,False,-0.0243884471379637,0.0060123813356637,,,,,,,,False,605700792,2025-08-20 05:46:34+00:00,102,False,0.6314284205436707,sentence-transformers/all-mpnet-base-v2,confirmatory,True,False
1958163571772375401,MSFT,False,,60,complete,True,0.0029292960336131,0.0007281493654057,0.0,0.0008174575401678,0.0003989604251514,14622.0,0.0012105221411381,-0.2238522147360473,45.40418547394337,False,20571756,2025-08-20 13:45:51+00:00,104,False,0.3450102210044861,sentence-transformers/all-mpnet-base-v2,null_baseline,True,False
1958199677649838125,HOOD,False,,60,complete,True,-0.0047328754766063,0.0013884182866753,2.0,0.001537110318051,0.0006474939279101,10131.0,0.0021891213272673,-0.2296423564244102,49.67920244793209,False,605700792,2025-08-20 16:09:19+00:00,103,False,0.5493748784065247,sentence-transformers/all-mpnet-base-v2,confirmatory,True,True
1958223023095599110,HOOD,False,,58,partial,True,-0.0051465705772676,0.0012818323406479,4.0,0.0013431431635813,0.0006582170574046,9575.0,0.0020093680065816,-0.0931468156949977,59.49869451697128,False,605700792,2025-08-20 17:42:05+00:00,104,False,0.50630784034729,sentence-transformers/all-mpnet-base-v2,confirmatory,True,True
1958312148935008369,BOX,False,,39,partial,True,0.0029355254548735,0.0014155269783069,0.0,0.004194744965337,0.0002853285700803,3.0,0.0043965047038567,-9.74041255752019,0.0,False,914061,2025-08-20 23:36:14+00:00,325,False,0.3205714821815491,sentence-transformers/all-mpnet-base-v2,confirmatory,True,True
1958330597895758181,CRM,False,,45,partial,True,-0.0070429729461933,0.0014420925262984,0.0,0.0015879446050451,0.000617919264544,3112.0,0.0022651270721544,-0.2360374358199408,45.46915167095115,False,22330739,2025-08-21 00:49:33+00:00,40,False,0.8023945093154907,sentence-transformers/all-mpnet-base-v2,confirmatory,True,True
1958358881694056560,CRM,False,,45,partial,True,-0.0070429729461933,0.0014420925262984,0.0,0.0015879446050451,0.000617919264544,3112.0,0.0022651270721544,-0.2360374358199408,45.46915167095115,False,22330739,2025-08-21 02:41:56+00:00,41,False,0.4319455027580261,sentence-transformers/all-mpnet-base-v2,confirmatory,True,True
1958651099889770597,QCOM,False,,56,partial,True,0.0179402378934019,0.0016938834053887,0.0,0.0017324859379107,0.0009055282058883,4816.0,0.0031227343684163,-0.0426298510316479,62.18853820598007,False,234930762,2025-08-21 22:03:06+00:00,63,False,0.2275981903076172,sentence-transformers/all-mpnet-base-v2,confirmatory,True,True
1958994061970612720,HOOD,False,,25,insufficient,False,-0.0284790214752288,0.0040918438769825,,,,,,,,False,605700792,2025-08-22 20:45:55+00:00,105,False,0.4849946498870849,sentence-transformers/all-mpnet-base-v2,confirmatory,True,False
1958994577899364843,HOOD,False,,25,insufficient,False,-0.0284790214752288,0.0040918438769825,,,,,,,,False,605700792,2025-08-22 20:47:58+00:00,106,False,0.4914892911911011,sentence-transformers/all-mpnet-base-v2,confirmatory,True,False
1959018525785563219,QCOM,False,,55,partial,True,-0.0118368005225973,0.0011846230108398,0.0,0.0017324859379107,0.0009055282058883,4816.0,0.0031227343684163,-0.6050202782290587,33.5548172757475,False,234930762,2025-08-22 22:23:08+00:00,64,False,0.4581450223922729,sentence-transformers/all-mpnet-base-v2,confirmatory,True,True
1959098026213220801,BOX,False,,32,partial,True,-0.0076065847099028,0.0011665174916882,0.0,0.004194744965337,0.0002853285700803,3.0,0.0043965047038567,-10.61312392514999,0.0,False,914061,2025-08-23 03:39:02+00:00,321,False,0.2245770692825317,sentence-transformers/all-mpnet-base-v2,confirmatory,True,True
1959660079722246546,BOX,False,,32,partial,True,-0.0076065847099028,0.0011665174916882,0.0,0.004194744965337,0.0002853285700803,3.0,0.0043965047038567,-10.61312392514999,0.0,False,914061,2025-08-24 16:52:26+00:00,318,False,0.3593320846557617,sentence-transformers/all-mpnet-base-v2,confirmatory,True,True
1959688404943421751,CRM,False,,55,partial,True,-0.0020562201279472,0.0009024777699351,0.0,0.0015879446050451,0.000617919264544,3112.0,0.0022651270721544,-1.1093145568391312,9.640102827763496,False,22330739,2025-08-24 18:44:59+00:00,42,False,0.6786787509918213,sentence-transformers/all-mpnet-base-v2,confirmatory,True,True
1959787184950788224,BOX,False,,32,partial,True,-0.0076065847099028,0.0011665174916882,0.0,0.004194744965337,0.0002853285700803,3.0,0.0043965047038567,-10.61312392514999,0.0,False,914061,2025-08-25 01:17:30+00:00,319,False,0.2247270345687866,sentence-transformers/all-mpnet-base-v2,confirmatory,True,True
1960070316111372735,BOX,False,,47,partial,True,-0.0017614198484363,0.0010153798259159,0.0,0.004194744965337,0.0002853285700803,3.0,0.0043965047038567,-11.142820848699202,0.0,False,914061,2025-08-25 20:02:34+00:00,319,False,0.3385673761367798,sentence-transformers/all-mpnet-base-v2,confirmatory,True,True
1960082176273494030,HOOD,False,,60,complete,True,-0.0055184214828846,0.0025878422504783,0.0,0.0024686517521656,0.0010353669234942,13891.0,0.0035687533395987,0.1151190902549292,65.27967748902167,False,605700792,2025-08-25 20:49:42+00:00,107,False,0.4649995565414428,sentence-transformers/all-mpnet-base-v2,confirmatory,True,True
1960196953788305568,BOX,False,,47,partial,True,-0.0017614198484363,0.0010153798259159,0.0,0.004194744965337,0.0002853285700803,3.0,0.0043965047038567,-11.142820848699202,0.0,False,914061,2025-08-26 04:25:47+00:00,316,False,0.2429982423782348,sentence-transformers/all-mpnet-base-v2,confirmatory,True,True
1960483226373513447,BOX,True,"earnings(BOX, 2025-08-26 20:00:00+00:00->2025-08-27 20:00:00+00:00)",54,partial,False,0.0159228124497472,0.0072206524397061,0.0,0.004194744965337,0.0002853285700803,3.0,0.0043965047038567,10.604992950817348,100.0,True,914061,2025-08-26 23:23:19+00:00,315,False,0.7848672866821289,sentence-transformers/all-mpnet-base-v2,confirmatory,True,False
1960491295354638519,QCOM,False,,45,partial,True,-0.0057458021357131,0.0011551847161491,0.0,0.0017324859379107,0.0009055282058883,4816.0,0.0031227343684163,-0.637529806368861,32.39202657807309,False,234930762,2025-08-26 23:55:23+00:00,65,False,0.5798388123512268,sentence-transformers/all-mpnet-base-v2,confirmatory,True,True
1960504650119176647,HOOD,False,,57,partial,True,-0.0187850202290746,0.0021618043521223,0.0,0.0024686517521656,0.0010353669234942,13891.0,0.0035687533395987,-0.2963658516419348,43.81973939961126,False,605700792,2025-08-27 00:48:27+00:00,108,False,0.5557491183280945,sentence-transformers/all-mpnet-base-v2,confirmatory,True,True
1960517443094503609,CRM,False,,46,partial,True,0.0136778927878593,0.0010084819256745,0.0,0.0015879446050451,0.000617919264544,3112.0,0.0022651270721544,-0.9377643854463952,14.845758354755784,False,22330739,2025-08-27 01:39:17+00:00,43,False,0.3335363864898681,sentence-transformers/all-mpnet-base-v2,confirmatory,True,True
1960789348133298359,MSFT,False,,20,insufficient,False,0.0032548093423152,0.0003118870076793,6.0,,,,,,,False,20571756,2025-08-27 19:39:44+00:00,100,False,0.5153379440307617,sentence-transformers/all-mpnet-base-v2,null_baseline,True,False
1960789349886517650,MSFT,False,,20,insufficient,False,0.0032548093423152,0.0003118870076793,6.0,,,,,,,False,20571756,2025-08-27 19:39:45+00:00,101,False,0.6614075899124146,sentence-transformers/all-mpnet-base-v2,null_baseline,True,False
1960789351509713245,MSFT,False,,20,insufficient,False,0.0032548093423152,0.0003118870076793,6.0,,,,,,,False,20571756,2025-08-27 19:39:45+00:00,101,False,0.4679954648017883,sentence-transformers/all-mpnet-base-v2,null_baseline,True,False
1960789352994497023,MSFT,False,,20,insufficient,False,0.0032548093423152,0.0003118870076793,6.0,,,,,,,False,20571756,2025-08-27 19:39:46+00:00,103,False,0.4976676702499389,sentence-transformers/all-mpnet-base-v2,null_baseline,True,False
1960789354579952116,MSFT,False,,20,insufficient,False,0.0032548093423152,0.0003118870076793,6.0,,,,,,,False,20571756,2025-08-27 19:39:46+00:00,103,False,0.5646190643310547,sentence-transformers/all-mpnet-base-v2,null_baseline,True,False
1960789357042000311,MSFT,False,,20,insufficient,False,0.0032548093423152,0.0003118870076793,6.0,,,,,,,False,20571756,2025-08-27 19:39:47+00:00,105,False,0.5592092275619507,sentence-transformers/all-mpnet-base-v2,null_baseline,True,False
1960789358996545694,MSFT,False,,20,insufficient,False,0.0032548093423152,0.0003118870076793,6.0,,,,,,,False,20571756,2025-08-27 19:39:47+00:00,105,False,0.6969326734542847,sentence-transformers/all-mpnet-base-v2,null_baseline,True,False
1960792131171483796,HOOD,False,,17,insufficient,False,-0.006744291884093,0.0013782357390004,6.0,,,,,,,False,605700792,2025-08-27 19:50:48+00:00,109,False,0.4886717200279236,sentence-transformers/all-mpnet-base-v2,confirmatory,True,False
1960807122666709242,BOX,False,,47,partial,True,0.002377797876032,0.0015614932171287,0.0,0.004194744965337,0.0002853285700803,3.0,0.0043965047038567,-9.228840096407326,0.0,False,914061,2025-08-27 20:50:22+00:00,313,False,0.4614153504371643,sentence-transformers/all-mpnet-base-v2,confirmatory,True,True
1960852529287455070,BOX,False,,47,partial,True,0.002377797876032,0.0015614932171287,0.0,0.004194744965337,0.0002853285700803,3.0,0.0043965047038567,-9.228840096407326,0.0,False,914061,2025-08-27 23:50:48+00:00,314,False,0.3114738464355469,sentence-transformers/all-mpnet-base-v2,confirmatory,True,True
1960917609949618412,CRM,False,,57,partial,True,0.0146395378134608,0.0010919536954505,0.0,0.0015879446050451,0.000617919264544,3112.0,0.0022651270721544,-0.802679149290874,20.533419023136247,False,22330739,2025-08-28 04:09:24+00:00,44,False,0.3421652317047119,sentence-transformers/all-mpnet-base-v2,confirmatory,True,True
1960927979753889887,QCOM,False,,49,partial,True,-0.0024920655506279,0.001044948665821,0.0,0.0017324859379107,0.0009055282058883,4816.0,0.0031227343684163,-0.7592665447843499,25.269933554817275,False,234930762,2025-08-28 04:50:37+00:00,66,False,0.2730548977851867,sentence-transformers/all-mpnet-base-v2,confirmatory,True,True
1961046699407032321,QCOM,False,,49,partial,True,-0.0024920655506279,0.001044948665821,0.0,0.0017324859379107,0.0009055282058883,4816.0,0.0031227343684163,-0.7592665447843499,25.269933554817275,False,234930762,2025-08-28 12:42:22+00:00,67,False,0.2575123310089111,sentence-transformers/all-mpnet-base-v2,confirmatory,True,True
1961112921150546063,BOX,False,,45,partial,True,-0.0064241240695477,0.0005045842825788,3.0,,,,,,,False,914061,2025-08-28 17:05:30+00:00,314,False,0.5513554811477661,sentence-transformers/all-mpnet-base-v2,confirmatory,True,True
1961172848652997063,CRM,False,,59,partial,True,0.0049981661567743,0.0011475855150283,0.0,0.0015879446050451,0.000617919264544,3112.0,0.0022651270721544,-0.7126482621346157,24.67866323907455,False,22330739,2025-08-28 21:03:38+00:00,45,False,0.4786595702171325,sentence-transformers/all-mpnet-base-v2,confirmatory,True,True
1961177427520131297,CRM,False,,59,partial,True,0.0049981661567743,0.0011475855150283,0.0,0.0015879446050451,0.000617919264544,3112.0,0.0022651270721544,-0.7126482621346157,24.67866323907455,False,22330739,2025-08-28 21:21:50+00:00,46,False,0.3646168112754822,sentence-transformers/all-mpnet-base-v2,confirmatory,True,True
1961221243417629085,CRM,False,,59,partial,True,0.0049981661567743,0.0011475855150283,0.0,0.0015879446050451,0.000617919264544,3112.0,0.0022651270721544,-0.7126482621346157,24.67866323907455,False,22330739,2025-08-29 00:15:56+00:00,47,False,0.2559363842010498,sentence-transformers/all-mpnet-base-v2,confirmatory,True,True
1961226167027208268,CRM,False,,59,partial,True,0.0049981661567743,0.0011475855150283,0.0,0.0015879446050451,0.000617919264544,3112.0,0.0022651270721544,-0.7126482621346157,24.67866323907455,False,22330739,2025-08-29 00:35:30+00:00,48,False,0.8599128127098083,sentence-transformers/all-mpnet-base-v2,confirmatory,True,True
1961252992537268515,BOX,False,,34,partial,True,0.0006458234483662,0.0013103138471911,0.0,0.004194744965337,0.0002853285700803,3.0,0.0043965047038567,-10.10915632224781,0.0,False,914061,2025-08-29 02:22:06+00:00,312,False,0.2174487113952636,sentence-transformers/all-mpnet-base-v2,confirmatory,True,True
1961287570299785320,HOOD,False,,1,insufficient,False,-0.0085301881612532,,,,,,,,,False,605700792,2025-08-29 04:39:30+00:00,110,False,0.6416990160942078,sentence-transformers/all-mpnet-base-v2,confirmatory,True,False
1961504387697893462,CRM,False,,55,partial,True,0.0019710113430242,0.000472698617142,5.0,0.000729961717102,0.0002199379010904,1654.0,0.0010283169946769,-1.1697078979315565,12.031438935912938,False,22330739,2025-08-29 19:01:03+00:00,49,False,0.4771645069122314,sentence-transformers/all-mpnet-base-v2,confirmatory,True,True
1961592190892982565,BOX,False,,38,partial,True,0.0029096768794668,0.0015697660062402,0.0,0.004194744965337,0.0002853285700803,3.0,0.0043965047038567,-9.199846192610147,0.0,False,914061,2025-08-30 00:49:57+00:00,312,False,0.1884936094284057,sentence-transformers/all-mpnet-base-v2,confirmatory,True,True
1961600363481710805,HOOD,False,,60,complete,True,-0.0277034919065169,0.0032761468026693,0.0,0.0024686517521656,0.0010353669234942,13891.0,0.0035687533395987,0.7799119637495973,85.01907710028075,False,605700792,2025-08-30 01:22:26+00:00,111,False,0.5874637961387634,sentence-transformers/all-mpnet-base-v2,confirmatory,True,True
1961844488445567067,BOX,False,,38,partial,True,0.0029096768794668,0.0015697660062402,0.0,0.004194744965337,0.0002853285700803,3.0,0.0043965047038567,-9.199846192610147,0.0,False,914061,2025-08-30 17:32:30+00:00,312,False,0.4329205751419067,sentence-transformers/all-mpnet-base-v2,confirmatory,True,True
1961884479427080255,BOX,False,,38,partial,True,0.0029096768794668,0.0015697660062402,0.0,0.004194744965337,0.0002853285700803,3.0,0.0043965047038567,-9.199846192610147,0.0,False,914061,2025-08-30 20:11:24+00:00,313,False,0.3537226915359497,sentence-transformers/all-mpnet-base-v2,confirmatory,True,True
1961900833928544628,HOOD,False,,60,complete,True,-0.0277034919065169,0.0032761468026693,0.0,0.0024686517521656,0.0010353669234942,13891.0,0.0035687533395987,0.7799119637495973,85.01907710028075,False,605700792,2025-08-30 21:16:23+00:00,112,False,0.6411436200141907,sentence-transformers/all-mpnet-base-v2,confirmatory,True,True
1962295909892653208,BOX,False,,38,partial,True,0.0029096768794668,0.0015697660062402,0.0,0.004194744965337,0.0002853285700803,3.0,0.0043965047038567,-9.199846192610147,0.0,False,914061,2025-08-31 23:26:17+00:00,312,False,0.3259812593460083,sentence-transformers/all-mpnet-base-v2,confirmatory,True,True
1962319895070458241,BOX,False,,38,partial,True,0.0029096768794668,0.0015697660062402,0.0,0.004194744965337,0.0002853285700803,3.0,0.0043965047038567,-9.199846192610147,0.0,False,914061,2025-09-01 01:01:35+00:00,313,False,0.3294389247894287,sentence-transformers/all-mpnet-base-v2,confirmatory,True,True
1962319969783546322,BOX,False,,38,partial,True,0.0029096768794668,0.0015697660062402,0.0,0.004194744965337,0.0002853285700803,3.0,0.0043965047038567,-9.199846192610147,0.0,False,914061,2025-09-01 01:01:53+00:00,314,False,0.8312735557556152,sentence-transformers/all-mpnet-base-v2,confirmatory,True,True
1962534722355241285,QCOM,False,,58,partial,True,-0.0134122144093148,0.0022091451734467,0.0,0.0017324859379107,0.0009055282058883,4816.0,0.0031227343684163,0.5263880599592938,73.71262458471762,False,234930762,2025-09-01 15:15:14+00:00,67,False,0.3969630002975464,sentence-transformers/all-mpnet-base-v2,confirmatory,True,True
1962582305526206625,BOX,False,,38,partial,True,0.0029096768794668,0.0015697660062402,0.0,0.004194744965337,0.0002853285700803,3.0,0.0043965047038567,-9.199846192610147,0.0,False,914061,2025-09-01 18:24:19+00:00,314,False,0.3958462476730346,sentence-transformers/all-mpnet-base-v2,confirmatory,True,True
1962748473138401646,BOX,False,,38,partial,True,0.0029096768794668,0.0015697660062402,0.0,0.004194744965337,0.0002853285700803,3.0,0.0043965047038567,-9.199846192610147,0.0,False,914061,2025-09-02 05:24:36+00:00,314,False,0.1720539927482605,sentence-transformers/all-mpnet-base-v2,confirmatory,True,True
1962869100860100840,MSFT,False,,60,complete,True,0.0062958856259124,0.0011758504878834,0.0,0.0008174575401678,0.0003989604251514,14622.0,0.0012105221411381,0.8983170387876357,88.49678566543564,False,20571756,2025-09-02 13:23:56+00:00,103,False,0.5953928232192993,sentence-transformers/all-mpnet-base-v2,null_baseline,True,False
1962869102697173132,MSFT,False,,60,complete,True,0.0062958856259124,0.0011758504878834,0.0,0.0008174575401678,0.0003989604251514,14622.0,0.0012105221411381,0.8983170387876357,88.49678566543564,False,20571756,2025-09-02 13:23:57+00:00,104,False,0.6345828771591187,sentence-transformers/all-mpnet-base-v2,null_baseline,True,False
1963071173060886971,BOX,False,,29,partial,True,-0.0066395673937922,0.0014518222359604,0.0,0.004194744965337,0.0002853285700803,3.0,0.0043965047038567,-9.61320742820812,0.0,False,914061,2025-09-03 02:46:54+00:00,314,False,0.278868556022644,sentence-transformers/all-mpnet-base-v2,confirmatory,True,True
1963103138485084465,CRM,False,,60,complete,True,-0.006715341207887,0.0017693496329806,0.0,0.0015879446050451,0.000617919264544,3112.0,0.0022651270721544,0.2935739963850395,67.12724935732648,False,22330739,2025-09-03 04:53:55+00:00,50,False,0.5270101428031921,sentence-transformers/all-mpnet-base-v2,confirmatory,True,True
1963264973452546482,CRM,False,,60,complete,True,0.007652183503667,0.0005358087967338,2.0,0.0010034212859758,0.0003176573568839,993.0,0.0014518555230045,-1.4720656679542163,4.33031218529708,False,22330739,2025-09-03 15:37:00+00:00,51,False,0.3153561353683471,sentence-transformers/all-mpnet-base-v2,confirmatory,True,True
1963265500210700628,MSFT,False,,59,partial,True,-0.00167106928369,0.0003798410191245,2.0,0.0005469180339176,0.0002536873704358,10190.0,0.0007458176265516,-0.6585941369727442,19.401373895976448,False,20571756,2025-09-03 15:39:05+00:00,105,False,0.6858927607536316,sentence-transformers/all-mpnet-base-v2,null_baseline,True,False
1963332098095550749,CRM,True,"earnings(CRM, 2025-09-03 20:00:00+00:00->2025-09-04 20:00:00+00:00)",60,complete,False,-0.0693073970384335,0.0021474649903824,0.0,0.0015879446050451,0.000617919264544,3112.0,0.0022651270721544,0.9054910850694644,85.53984575835476,False,22330739,2025-09-03 20:03:43+00:00,52,False,0.7542779445648193,sentence-transformers/all-mpnet-base-v2,confirmatory,True,False
1963332633154523494,CRM,True,"earnings(CRM, 2025-09-03 20:00:00+00:00->2025-09-04 20:00:00+00:00)",60,complete,False,-0.0693073970384335,0.0021474649903824,0.0,0.0015879446050451,0.000617919264544,3112.0,0.0022651270721544,0.9054910850694644,85.53984575835476,False,22330739,2025-09-03 20:05:51+00:00,53,False,0.7186195254325867,sentence-transformers/all-mpnet-base-v2,confirmatory,True,False
1963390750357438848,CRM,True,"earnings(CRM, 2025-09-03 20:00:00+00:00->2025-09-04 20:00:00+00:00)",60,complete,False,-0.0693073970384335,0.0021474649903824,0.0,0.0015879446050451,0.000617919264544,3112.0,0.0022651270721544,0.9054910850694644,85.53984575835476,False,22330739,2025-09-03 23:56:47+00:00,54,False,0.5511211156845093,sentence-transformers/all-mpnet-base-v2,confirmatory,True,False
1963452672209784850,BOX,False,,22,insufficient,False,-0.0047062471111735,0.0013728036026621,0.0,0.004194744965337,0.0002853285700803,3.0,0.0043965047038567,-9.890146513824323,0.0,False,914061,2025-09-04 04:02:50+00:00,313,False,0.3078041076660156,sentence-transformers/all-mpnet-base-v2,confirmatory,True,False
1963666553427435854,MSFT,False,,52,partial,True,-0.0010083748527659,0.0002632616677483,4.0,0.0004702143088476,0.0002382934904684,10669.0,0.0006810947374758,-0.8684779457991013,6.889118005436311,False,20571756,2025-09-04 18:12:44+00:00,106,False,0.3745796084403991,sentence-transformers/all-mpnet-base-v2,null_baseline,True,False
1963666556703154376,MSFT,False,,52,partial,True,-0.0010083748527659,0.0002632616677483,4.0,0.0004702143088476,0.0002382934904684,10669.0,0.0006810947374758,-0.8684779457991013,6.889118005436311,False,20571756,2025-09-04 18:12:44+00:00,106,False,0.4195325374603271,sentence-transformers/all-mpnet-base-v2,null_baseline,True,False
1963802448780472529,BOX,True,"jobs_report(ALL, 2025-09-05 12:30:00+00:00->2025-09-05 20:00:00+00:00)",35,partial,False,0.0039516649053602,0.0013805277441937,0.0,0.004194744965337,0.0002853285700803,3.0,0.0043965047038567,-9.863075472430376,0.0,False,914061,2025-09-05 03:12:44+00:00,313,False,0.4830701351165771,sentence-transformers/all-mpnet-base-v2,confirmatory,True,False
1964047397044310490,BOX,True,"jobs_report(ALL, 2025-09-05 12:30:00+00:00->2025-09-05 20:00:00+00:00)",28,partial,False,0.0008874155349475,0.0005678405726762,5.0,0.0011560845445843,0.0002470170345756,55.0,0.001531028419464,-2.3813903074278384,0.0,False,914061,2025-09-05 19:26:04+00:00,313,False,0.2051408290863037,sentence-transformers/all-mpnet-base-v2,confirmatory,True,False
1964090320456421593,HOOD,False,,4,insufficient,False,,0.0036597972862812,,,,,,,,False,605700792,2025-09-05 22:16:38+00:00,113,False,0.4274981021881103,sentence-transformers/all-mpnet-base-v2,confirmatory,True,False
1964123867502563519,HOOD,False,,4,insufficient,False,,0.0036597972862812,,,,,,,,False,605700792,2025-09-06 00:29:56+00:00,114,False,0.613803505897522,sentence-transformers/all-mpnet-base-v2,confirmatory,True,False
1964150875557130270,QCOM,False,,47,partial,True,-0.0085788814440485,0.001058447874363,0.0,0.0017324859379107,0.0009055282058883,4816.0,0.0031227343684163,-0.744358993087796,25.892857142857142,False,234930762,2025-09-06 02:17:15+00:00,61,False,0.2725915908813476,sentence-transformers/all-mpnet-base-v2,confirmatory,True,True
1964189550693273685,BOX,False,,36,partial,True,0.0005352729094638,0.0014419617059134,0.0,0.004194744965337,0.0002853285700803,3.0,0.0043965047038567,-9.647765937523214,0.0,False,914061,2025-09-06 04:50:56+00:00,312,False,0.2333981990814209,sentence-transformers/all-mpnet-base-v2,confirmatory,True,True
1964372070890123489,BOX,False,,36,partial,True,0.0005352729094638,0.0014419617059134,0.0,0.004194744965337,0.0002853285700803,3.0,0.0043965047038567,-9.647765937523214,0.0,False,914061,2025-09-06 16:56:12+00:00,313,False,0.8074188828468323,sentence-transformers/all-mpnet-base-v2,confirmatory,True,True
1964416419258658967,QCOM,False,,47,partial,True,-0.0085788814440485,0.001058447874363,0.0,0.0017324859379107,0.0009055282058883,4816.0,0.0031227343684163,-0.744358993087796,25.892857142857142,False,234930762,2025-09-06 19:52:26+00:00,62,False,0.6180863380432129,sentence-transformers/all-mpnet-base-v2,confirmatory,True,True
1964515570986209584,BOX,False,,36,partial,True,0.0005352729094638,0.0014419617059134,0.0,0.004194744965337,0.0002853285700803,3.0,0.0043965047038567,-9.647765937523214,0.0,False,914061,2025-09-07 02:26:25+00:00,314,False,0.2141536474227905,sentence-transformers/all-mpnet-base-v2,confirmatory,True,True
1964840098207596818,CRM,False,,59,partial,True,-0.0006731691262993,0.001836270759568,0.0,0.0015879446050451,0.000617919264544,3112.0,0.0022651270721544,0.4018747573862645,71.62596401028277,False,22330739,2025-09-07 23:55:59+00:00,55,False,0.3657910823822021,sentence-transformers/all-mpnet-base-v2,confirmatory,True,True
1964912351196717301,BOX,False,,36,partial,True,0.0005352729094638,0.0014419617059134,0.0,0.004194744965337,0.0002853285700803,3.0,0.0043965047038567,-9.647765937523214,0.0,False,914061,2025-09-08 04:43:05+00:00,313,False,0.337801992893219,sentence-transformers/all-mpnet-base-v2,confirmatory,True,True
1964917120346861626,BOX,False,,36,partial,True,0.0005352729094638,0.0014419617059134,0.0,0.004194744965337,0.0002853285700803,3.0,0.0043965047038567,-9.647765937523214,0.0,False,914061,2025-09-08 05:02:02+00:00,314,False,0.2565320134162903,sentence-transformers/all-mpnet-base-v2,confirmatory,True,True
1965127523920121893,HOOD,False,,60,complete,True,0.0096172220850663,0.0009599782494414,5.0,0.0012864632027318,0.0005528423224853,6233.0,0.0019156052701326,-0.5905570901711216,30.386651692603884,False,605700792,2025-09-08 18:58:06+00:00,115,False,0.4333560466766357,sentence-transformers/all-mpnet-base-v2,confirmatory,True,True
1965134557914824966,HOOD,False,,33,partial,True,0.0016874560028476,0.000755517171827,5.0,0.0012864632027318,0.0005528423224853,6233.0,0.0019156052701326,-0.960393242901427,7.684902935985882,False,605700792,2025-09-08 19:26:03+00:00,116,False,0.4566418528556824,sentence-transformers/all-mpnet-base-v2,confirmatory,True,True
1965171270661947474,MSFT,False,,59,partial,True,0.0053221785462467,0.0006891370633046,0.0,0.0008174575401678,0.0003989604251514,14622.0,0.0012105221411381,-0.3216371067746042,39.15333059772944,False,20571756,2025-09-08 21:51:56+00:00,107,False,0.3683217763900757,sentence-transformers/all-mpnet-base-v2,null_baseline,True,False
1965253791718191383,BOX,False,,40,partial,True,-0.0064700635861058,0.0010301387765491,0.0,0.004194744965337,0.0002853285700803,3.0,0.0043965047038567,-11.091094690925823,0.0,False,914061,2025-09-09 03:19:51+00:00,313,False,0.2427831888198852,sentence-transformers/all-mpnet-base-v2,confirmatory,True,True
1965483038797897789,QCOM,False,,35,partial,True,-0.0061767539217956,0.0003997891135173,5.0,0.0010843439815498,0.0007001409905529,2330.0,0.0016392129234955,-0.9777385944679432,0.6008583690987125,False,234930762,2025-09-09 18:30:48+00:00,60,False,0.5348234176635742,sentence-transformers/all-mpnet-base-v2,confirmatory,True,True
1965484622797840797,BOX,False,,35,partial,True,0.0023276376869223,0.0007637776745898,5.0,0.0011560845445843,0.0002470170345756,55.0,0.001531028419464,-1.5881773929817842,0.0,False,914061,2025-09-09 18:37:05+00:00,314,False,0.8429655432701111,sentence-transformers/all-mpnet-base-v2,confirmatory,True,True
1965569661304504803,HOOD,False,,10,insufficient,False,0.0057165936038809,0.0015176331105734,,,,,,,,False,605700792,2025-09-10 00:15:00+00:00,117,False,0.3690084218978882,sentence-transformers/all-mpnet-base-v2,confirmatory,True,False
1965577317935448113,BOX,False,,36,partial,True,-0.0242515400158556,0.0013491145225039,0.0,0.004194744965337,0.0002853285700803,3.0,0.0043965047038567,-9.97317037698516,0.0,False,914061,2025-09-10 00:45:25+00:00,315,False,0.728244423866272,sentence-transformers/all-mpnet-base-v2,confirmatory,True,True
1965635682271187329,BOX,False,,36,partial,True,-0.0242515400158556,0.0013491145225039,0.0,0.004194744965337,0.0002853285700803,3.0,0.0043965047038567,-9.97317037698516,0.0,False,914061,2025-09-10 04:37:21+00:00,315,False,0.4181503057479858,sentence-transformers/all-mpnet-base-v2,confirmatory,True,True
1965820822976868522,QCOM,False,,41,partial,True,0.0022206539881884,0.0005421086792111,3.0,0.0011347929536885,0.0005617187407871,1807.0,0.0019061194460276,-1.0551264030229397,10.293303818483675,False,234930762,2025-09-10 16:53:02+00:00,61,False,0.2328099608421325,sentence-transformers/all-mpnet-base-v2,confirmatory,True,True
1965943866089168959,HOOD,True,"cpi(ALL, 2025-09-11 12:30:00+00:00->2025-09-11 20:00:00+00:00)",2,insufficient,False,-0.0027483232222804,0.0,,,,,,,,False,605700792,2025-09-11 01:01:57+00:00,118,False,0.6355044841766357,sentence-transformers/all-mpnet-base-v2,confirmatory,True,False
1965944644589728222,HOOD,True,"cpi(ALL, 2025-09-11 12:30:00+00:00->2025-09-11 20:00:00+00:00)",2,insufficient,False,-0.0027483232222804,0.0,,,,,,,,False,605700792,2025-09-11 01:05:03+00:00,119,False,0.6330419182777405,sentence-transformers/all-mpnet-base-v2,confirmatory,True,False
1965945691450257873,HOOD,True,"cpi(ALL, 2025-09-11 12:30:00+00:00->2025-09-11 20:00:00+00:00)",2,insufficient,False,-0.0027483232222804,0.0,,,,,,,,False,605700792,2025-09-11 01:09:13+00:00,120,False,0.5973660349845886,sentence-transformers/all-mpnet-base-v2,confirmatory,True,False
1966175904566227366,BOX,True,"cpi(ALL, 2025-09-11 12:30:00+00:00->2025-09-11 20:00:00+00:00)",19,insufficient,False,0.0023761252321141,0.0008296546556415,2.0,,,,,,,False,914061,2025-09-11 16:24:00+00:00,314,False,0.2774749994277954,sentence-transformers/all-mpnet-base-v2,confirmatory,True,False
1966246772805980662,QCOM,False,,38,partial,True,-0.0075791069996493,0.0011988125012537,0.0,0.0017324859379107,0.0009055282058883,4816.0,0.0031227343684163,-0.5893504290497912,34.19850498338871,False,234930762,2025-09-11 21:05:36+00:00,61,False,0.2819952964782715,sentence-transformers/all-mpnet-base-v2,confirmatory,True,True
1966534842822340741,QCOM,False,,44,partial,True,-0.0003596379081041,0.0004161442332495,2.0,0.001322062776426,0.0006958446398886,1733.0,0.002085494805309,-1.301897709985092,2.7120600115406805,False,234930762,2025-09-12 16:10:17+00:00,62,False,0.5223291516304016,sentence-transformers/all-mpnet-base-v2,confirmatory,True,True
1966540183857139984,QCOM,False,,40,partial,True,0.0003763182079579,0.000480276710878,3.0,0.0011347929536885,0.0005617187407871,1807.0,0.0019061194460276,-1.1652027879525744,3.597122302158273,False,234930762,2025-09-12 16:31:31+00:00,63,False,0.3630004525184631,sentence-transformers/all-mpnet-base-v2,confirmatory,True,True
1966589471203246224,CRM,False,,12,insufficient,False,-0.0015147352945288,0.0005673338296639,6.0,,,,,,,False,22330739,2025-09-12 19:47:22+00:00,56,False,0.3387515544891357,sentence-transformers/all-mpnet-base-v2,confirmatory,True,False
1966604536593670604,CRM,False,,50,partial,True,-0.0073091932330229,0.0016203695841204,0.0,0.0015879446050451,0.000617919264544,3112.0,0.0022651270721544,0.0524744589395752,59.318766066838045,False,22330739,2025-09-12 20:47:13+00:00,57,False,0.5395538210868835,sentence-transformers/all-mpnet-base-v2,confirmatory,True,True
1966625789660852720,QCOM,False,,40,partial,True,-0.0046634159923406,0.0016352912167659,0.0,0.0017324859379107,0.0009055282058883,4816.0,0.0031227343684163,-0.1073348356382237,60.423588039867106,False,234930762,2025-09-12 22:11:41+00:00,64,False,0.5003066062927246,sentence-transformers/all-mpnet-base-v2,confirmatory,True,True
1966705068700561623,BOX,False,,20,insufficient,False,-0.0005120972211309,0.0014216436079544,0.0,0.004194744965337,0.0002853285700803,3.0,0.0043965047038567,-9.718975413508126,0.0,False,914061,2025-09-13 03:26:42+00:00,312,False,0.4276221990585327,sentence-transformers/all-mpnet-base-v2,confirmatory,True,False
1967036306888044887,BOX,False,,20,insufficient,False,-0.0005120972211309,0.0014216436079544,0.0,0.004194744965337,0.0002853285700803,3.0,0.0043965047038567,-9.718975413508126,0.0,False,914061,2025-09-14 01:22:55+00:00,312,False,0.130861759185791,sentence-transformers/all-mpnet-base-v2,confirmatory,True,False
1967342270342173050,BOX,False,,20,insufficient,False,-0.0005120972211309,0.0014216436079544,0.0,0.004194744965337,0.0002853285700803,3.0,0.0043965047038567,-9.718975413508126,0.0,False,914061,2025-09-14 21:38:43+00:00,312,False,0.319227933883667,sentence-transformers/all-mpnet-base-v2,confirmatory,True,False
1967423200327021038,CRM,False,,50,partial,True,-0.0073091932330229,0.0016203695841204,0.0,0.0015879446050451,0.000617919264544,3112.0,0.0022651270721544,0.0524744589395752,59.318766066838045,False,22330739,2025-09-15 03:00:18+00:00,58,False,0.3280320167541504,sentence-transformers/all-mpnet-base-v2,confirmatory,True,True
1967569281295716404,HOOD,False,,16,insufficient,False,0.0078344542561277,0.0024943403805062,,,,,,,,False,605700792,2025-09-15 12:40:46+00:00,121,False,0.4996563792228699,sentence-transformers/all-mpnet-base-v2,confirmatory,True,False
1967656323392405622,HOOD,False,,60,complete,True,-0.0066863455402712,0.0009539170642499,4.0,0.0013431431635813,0.0006582170574046,9575.0,0.0020093680065816,-0.5913339603595911,25.60835509138381,False,605700792,2025-09-15 18:26:39+00:00,122,False,0.5571324229240417,sentence-transformers/all-mpnet-base-v2,confirmatory,True,True
1967757615372640645,BOX,False,,24,insufficient,False,0.002460823543897,0.0010587738618227,0.0,0.004194744965337,0.0002853285700803,3.0,0.0043965047038567,-10.990736408313223,0.0,False,914061,2025-09-16 01:09:09+00:00,309,False,0.1652978658676147,sentence-transformers/all-mpnet-base-v2,confirmatory,True,False
1967980944809406501,CRM,False,,41,partial,True,0.0016330330361209,0.0006021236578635,2.0,0.0010034212859758,0.0003176573568839,993.0,0.0014518555230045,-1.263303428728306,11.48036253776435,False,22330739,2025-09-16 15:56:35+00:00,59,False,0.236208438873291,sentence-transformers/all-mpnet-base-v2,confirmatory,True,True
1967984466300899337,BOX,False,,25,insufficient,False,-0.0018423887279326,0.000833918893097,2.0,,,,,,,False,914061,2025-09-16 16:10:34+00:00,310,False,0.1424494981765747,sentence-transformers/all-mpnet-base-v2,confirmatory,True,False
1968027029686849929,QCOM,False,,54,partial,True,-0.0006889182569367,0.0006518108172561,5.0,0.0010843439815498,0.0007001409905529,2330.0,0.0016392129234955,-0.6177800901960716,26.09442060085837,False,234930762,2025-09-16 18:59:42+00:00,65,False,0.605006217956543,sentence-transformers/all-mpnet-base-v2,confirmatory,True,True
1968034916832338396,MSFT,False,,28,partial,True,-0.0031138518078909,0.0005393937222879,6.0,,,,,,,False,20571756,2025-09-16 19:31:03+00:00,101,False,0.567418098449707,sentence-transformers/all-mpnet-base-v2,null_baseline,True,False
1968034919210418352,MSFT,False,,28,partial,True,-0.0031138518078909,0.0005393937222879,6.0,,,,,,,False,20571756,2025-09-16 19:31:03+00:00,101,False,0.5630877017974854,sentence-transformers/all-mpnet-base-v2,null_baseline,True,False
1968058879515971714,CRM,False,,51,partial,True,0.0075267444863083,0.0017568765117906,0.0,0.0015879446050451,0.000617919264544,3112.0,0.0022651270721544,0.2733883153330183,66.6452442159383,False,22330739,2025-09-16 21:06:16+00:00,60,False,0.2851569056510925,sentence-transformers/all-mpnet-base-v2,confirmatory,True,True
1968135798089543869,CRM,False,,51,partial,True,0.0075267444863083,0.0017568765117906,0.0,0.0015879446050451,0.000617919264544,3112.0,0.0022651270721544,0.2733883153330183,66.6452442159383,False,22330739,2025-09-17 02:11:55+00:00,61,False,0.2018985748291015,sentence-transformers/all-mpnet-base-v2,confirmatory,True,True
1968151772746354967,BOX,False,,25,insufficient,False,0.0118268527598972,0.0013150936275447,0.0,0.004194744965337,0.0002853285700803,3.0,0.0043965047038567,-10.09240447593856,0.0,False,914061,2025-09-17 03:15:23+00:00,309,False,0.3073989748954773,sentence-transformers/all-mpnet-base-v2,confirmatory,True,False
1968155331865047432,CRM,False,,51,partial,True,0.0075267444863083,0.0017568765117906,0.0,0.0015879446050451,0.000617919264544,3112.0,0.0022651270721544,0.2733883153330183,66.6452442159383,False,22330739,2025-09-17 03:29:32+00:00,62,False,0.7784770727157593,sentence-transformers/all-mpnet-base-v2,confirmatory,True,True
1968166893799477654,CRM,False,,51,partial,True,0.0075267444863083,0.0017568765117906,0.0,0.0015879446050451,0.000617919264544,3112.0,0.0022651270721544,0.2733883153330183,66.6452442159383,False,22330739,2025-09-17 04:15:28+00:00,63,False,0.2796974778175354,sentence-transformers/all-mpnet-base-v2,confirmatory,True,True
1968171260686504274,CRM,False,,51,partial,True,0.0075267444863083,0.0017568765117906,0.0,0.0015879446050451,0.000617919264544,3112.0,0.0022651270721544,0.2733883153330183,66.6452442159383,False,22330739,2025-09-17 04:32:50+00:00,64,False,0.6338211894035339,sentence-transformers/all-mpnet-base-v2,confirmatory,True,True
1968389189940244497,QCOM,True,"fomc(ALL, 2025-09-17 18:00:00+00:00->2025-09-17 20:00:00+00:00)",56,partial,False,0.0032595047004744,0.0009654958979564,5.0,0.0010843439815498,0.0007001409905529,2330.0,0.0016392129234955,-0.1697487865973692,50.90128755364807,False,234930762,2025-09-17 18:58:48+00:00,66,False,0.3386071324348449,sentence-transformers/all-mpnet-base-v2,confirmatory,True,False
1968420057114939856,BOX,False,,36,partial,True,-0.0200432684790733,0.0013926982725532,0.0,0.004194744965337,0.0002853285700803,3.0,0.0043965047038567,-9.82042103948617,0.0,False,914061,2025-09-17 21:01:27+00:00,310,False,0.2502957582473755,sentence-transformers/all-mpnet-base-v2,confirmatory,True,True
1968466119234072707,HOOD,False,,60,complete,True,0.0211800414099845,0.0022060743635915,0.0,0.0024686517521656,0.0010353669234942,13891.0,0.0035687533395987,-0.253608052001401,46.49053343891729,False,605700792,2025-09-18 00:04:29+00:00,123,False,0.5783779621124268,sentence-transformers/all-mpnet-base-v2,confirmatory,True,True
1968466396649574680,HOOD,False,,60,complete,True,0.0211800414099845,0.0022060743635915,0.0,0.0024686517521656,0.0010353669234942,13891.0,0.0035687533395987,-0.253608052001401,46.49053343891729,False,605700792,2025-09-18 00:05:35+00:00,124,False,0.5827984809875488,sentence-transformers/all-mpnet-base-v2,confirmatory,True,True
1968512148533133810,BOX,False,,36,partial,True,-0.0200432684790733,0.0013926982725532,0.0,0.004194744965337,0.0002853285700803,3.0,0.0043965047038567,-9.82042103948617,0.0,False,914061,2025-09-18 03:07:24+00:00,311,False,0.2347189784049987,sentence-transformers/all-mpnet-base-v2,confirmatory,True,True
1968677244861379012,MSFT,False,,57,partial,True,0.0024496220344265,0.0006502344483843,0.0,0.0008174575401678,0.0003989604251514,14622.0,0.0012105221411381,-0.4191470663288214,33.93516618793599,False,20571756,2025-09-18 14:03:26+00:00,103,False,0.4844763875007629,sentence-transformers/all-mpnet-base-v2,null_baseline,True,False
1968677247784460580,MSFT,False,,57,partial,True,0.0024496220344265,0.0006502344483843,0.0,0.0008174575401678,0.0003989604251514,14622.0,0.0012105221411381,-0.4191470663288214,33.93516618793599,False,20571756,2025-09-18 14:03:26+00:00,103,False,0.7203172445297241,sentence-transformers/all-mpnet-base-v2,null_baseline,True,False
1968706806244327891,CRM,False,,45,partial,True,-0.0056887719285947,0.0004928311969736,2.0,0.0010034212859758,0.0003176573568839,993.0,0.0014518555230045,-1.6073611327965562,3.2225579053373616,False,22330739,2025-09-18 16:00:54+00:00,65,False,0.2167154550552368,sentence-transformers/all-mpnet-base-v2,confirmatory,True,True
1968719993740169305,HOOD,False,,60,complete,True,-0.007309850795273,0.0008295299342507,3.0,0.0015068207603171,0.000909155016159,8915.0,0.0022131931570161,-0.7449673752313836,7.223780145821649,False,605700792,2025-09-18 16:53:18+00:00,125,False,0.5136778950691223,sentence-transformers/all-mpnet-base-v2,confirmatory,True,True
1968720089202454691,HOOD,False,,60,complete,True,-0.007309850795273,0.0008295299342507,3.0,0.0015068207603171,0.000909155016159,8915.0,0.0022131931570161,-0.7449673752313836,7.223780145821649,False,605700792,2025-09-18 16:53:40+00:00,126,False,0.5928354859352112,sentence-transformers/all-mpnet-base-v2,confirmatory,True,True
1968720181363896782,HOOD,False,,60,complete,True,-0.008165413404126,0.0008143238525472,3.0,0.0015068207603171,0.000909155016159,8915.0,0.0022131931570161,-0.7616928856593974,6.4273696017947275,False,605700792,2025-09-18 16:54:02+00:00,127,False,0.5234701633453369,sentence-transformers/all-mpnet-base-v2,confirmatory,True,True
1968730082635301321,CRM,False,,43,partial,True,0.0007266747368297,0.0004909863321658,4.0,0.0008601445308332,0.0004317505862432,1469.0,0.0011613137631727,-0.8550265139870323,7.351940095302926,False,22330739,2025-09-18 17:33:23+00:00,66,False,0.3272383213043213,sentence-transformers/all-mpnet-base-v2,confirmatory,True,True
1968730445320741064,QCOM,False,,49,partial,True,-0.0058990629723835,0.0006992344995228,4.0,0.0009476882220797,0.0005636901752572,2138.0,0.0014189505937958,-0.4407629110149467,34.51824134705332,False,234930762,2025-09-18 17:34:50+00:00,67,False,0.4247974753379822,sentence-transformers/all-mpnet-base-v2,confirmatory,True,True
1968756357848240204,HOOD,False,,42,partial,True,-0.0035530694246981,0.0009524496913824,5.0,0.0012864632027318,0.0005528423224853,6233.0,0.0019156052701326,-0.6041750021016509,29.15129151291513,False,605700792,2025-09-18 19:17:48+00:00,128,False,0.4798351526260376,sentence-transformers/all-mpnet-base-v2,confirmatory,True,True
1968756461023977880,HOOD,False,,41,partial,True,-0.0033084881509772,0.0009633305871627,5.0,0.0012864632027318,0.0005528423224853,6233.0,0.0019156052701326,-0.5844932676580228,31.156746350072197,False,605700792,2025-09-18 19:18:12+00:00,129,False,0.7357719540596008,sentence-transformers/all-mpnet-base-v2,confirmatory,True,True
1968846217363796412,CRM,False,,49,partial,True,0.0021239863401814,0.0009323542538163,0.0,0.0015879446050451,0.000617919264544,3112.0,0.0022651270721544,-1.060964415331107,11.150385604113112,False,22330739,2025-09-19 01:14:52+00:00,67,False,0.2935953140258789,sentence-transformers/all-mpnet-base-v2,confirmatory,True,True
1968883364469129316,BOX,False,,27,insufficient,False,-0.0021393632255195,0.0013600839494139,0.0,0.004194744965337,0.0002853285700803,3.0,0.0043965047038567,-9.93472548201047,0.0,False,914061,2025-09-19 03:42:28+00:00,308,False,0.2569419145584106,sentence-transformers/all-mpnet-base-v2,confirmatory,True,False
1969102878947024946,QCOM,False,,48,partial,True,-0.001293494351181,0.0004587789704995,4.0,0.0009476882220797,0.0005636901752572,2138.0,0.0014189505937958,-0.8673368333182429,6.922357343311505,False,234930762,2025-09-19 18:14:45+00:00,68,False,0.3313396573066711,sentence-transformers/all-mpnet-base-v2,confirmatory,True,True
1969229371912356273,BOX,False,,37,partial,True,0.0091284189719871,0.001339286452381,0.0,0.004194744965337,0.0002853285700803,3.0,0.0043965047038567,-10.007615122984864,0.0,False,914061,2025-09-20 02:37:23+00:00,306,False,0.1307655572891235,sentence-transformers/all-mpnet-base-v2,confirmatory,True,True
1969627033706905984,CRM,False,,49,partial,True,-0.0017971312035724,0.0014127170681653,0.0,0.0015879446050451,0.000617919264544,3112.0,0.0022651270721544,-0.2835767501263185,42.35218508997429,False,22330739,2025-09-21 04:57:33+00:00,68,False,0.8347567915916443,sentence-transformers/all-mpnet-base-v2,confirmatory,True,True
1969839611682984194,BOX,False,,37,partial,True,0.0091284189719871,0.001339286452381,0.0,0.004194744965337,0.0002853285700803,3.0,0.0043965047038567,-10.007615122984864,0.0,False,914061,2025-09-21 19:02:15+00:00,303,False,0.6593959331512451,sentence-transformers/all-mpnet-base-v2,confirmatory,True,True
1969866932557062471,BOX,False,,37,partial,True,0.0091284189719871,0.001339286452381,0.0,0.004194744965337,0.0002853285700803,3.0,0.0043965047038567,-10.007615122984864,0.0,False,914061,2025-09-21 20:50:49+00:00,304,False,0.1741239428520202,sentence-transformers/all-mpnet-base-v2,confirmatory,True,True
1970179225669062774,MSFT,False,,51,partial,True,0.0005618850822692,0.0002105311531091,4.0,0.0004702143088476,0.0002382934904684,10669.0,0.0006810947374758,-1.0897618530326516,1.4809260474271253,False,20571756,2025-09-22 17:31:46+00:00,102,False,0.478712260723114,sentence-transformers/all-mpnet-base-v2,null_baseline,True,False
1970179227267076112,MSFT,False,,51,partial,True,0.0005618850822692,0.0002105311531091,4.0,0.0004702143088476,0.0002382934904684,10669.0,0.0006810947374758,-1.0897618530326516,1.4809260474271253,False,20571756,2025-09-22 17:31:46+00:00,102,False,0.4418050050735473,sentence-transformers/all-mpnet-base-v2,null_baseline,True,False
1970199044288057550,CRM,False,,53,partial,True,-0.001488348516931,0.0005550494176992,5.0,0.000729961717102,0.0002199379010904,1654.0,0.0010283169946769,-0.7952803883986392,20.07255139056832,False,22330739,2025-09-22 18:50:31+00:00,69,False,0.7791120409965515,sentence-transformers/all-mpnet-base-v2,confirmatory,True,True
1970234088574591261,CRM,False,,52,partial,True,-0.0106448998164868,0.0012866913807739,0.0,0.0015879446050451,0.000617919264544,3112.0,0.0022651270721544,-0.4875284548597461,31.84447300771208,False,22330739,2025-09-22 21:09:46+00:00,70,False,0.4796658754348755,sentence-transformers/all-mpnet-base-v2,confirmatory,True,True
1970271483487469628,MSFT,False,,54,partial,True,-0.0047342209102212,0.0008427800557726,,,,,,,,False,20571756,2025-09-22 23:38:22+00:00,104,False,0.4712599515914917,sentence-transformers/all-mpnet-base-v2,null_baseline,True,False
1970316300712063422,BOX,False,,14,insufficient,False,-0.0080971323741105,0.0009492286820304,0.0,0.004194744965337,0.0002853285700803,3.0,0.0043965047038567,-11.374662840080685,0.0,False,914061,2025-09-23 02:36:27+00:00,301,False,0.2500128149986267,sentence-transformers/all-mpnet-base-v2,confirmatory,True,False
1970357541290025173,QCOM,False,,31,partial,True,-0.00170854128169,0.0015772658141221,0.0,0.0017324859379107,0.0009055282058883,4816.0,0.0031227343684163,-0.1714139027136436,58.28488372093024,False,234930762,2025-09-23 05:20:19+00:00,69,False,0.399749755859375,sentence-transformers/all-mpnet-base-v2,confirmatory,True,True
1970505474601820212,MSFT,False,,59,partial,True,0.0002006994486744,0.0002546470970418,1.0,0.0006167743380345,0.0002611472895039,13108.0,0.0008656246689829,-1.3866781527027798,0.8162953921269454,False,20571756,2025-09-23 15:08:10+00:00,104,False,0.527851402759552,sentence-transformers/all-mpnet-base-v2,null_baseline,True,False
1970617421141811378,QCOM,False,,44,partial,True,0.0106766806093161,0.0011364397073941,0.0,0.0017324859379107,0.0009055282058883,4816.0,0.0031227343684163,-0.6582304412393482,31.18770764119601,False,234930762,2025-09-23 22:33:00+00:00,70,False,0.3289879560470581,sentence-transformers/all-mpnet-base-v2,confirmatory,True,True
1970701791064137877,BOX,False,,31,partial,True,0.0043156619793001,0.0012342828212544,0.0,0.004194744965337,0.0002853285700803,3.0,0.0043965047038567,-10.375624646521231,0.0,False,914061,2025-09-24 04:08:15+00:00,299,False,0.2145575284957885,sentence-transformers/all-mpnet-base-v2,confirmatory,True,True
1970845165129757011,HOOD,False,,60,complete,True,-0.003619663436349,0.0019511387389593,0.0,0.0024686517521656,0.0010353669234942,13891.0,0.0035687533395987,-0.4998353737820162,31.804765675617308,False,605700792,2025-09-24 13:37:58+00:00,130,False,0.5625665783882141,sentence-transformers/all-mpnet-base-v2,confirmatory,True,True
1970862418948718884,MSFT,False,,52,partial,True,-0.0005223232402006,0.0005340148375972,1.0,0.0006167743380345,0.0002611472895039,13108.0,0.0008656246689829,-0.3169073689965452,38.61763808361306,False,20571756,2025-09-24 14:46:32+00:00,105,False,0.3819711208343506,sentence-transformers/all-mpnet-base-v2,null_baseline,True,False
1970884338993778855,MSFT,False,,54,partial,True,-0.0023353381192394,0.0004027851172544,2.0,0.0005469180339176,0.0002536873704358,10190.0,0.0007458176265516,-0.5681517231842447,24.916584887144257,False,20571756,2025-09-24 16:13:38+00:00,106,False,0.4360783100128174,sentence-transformers/all-mpnet-base-v2,null_baseline,True,False
1970898727453016520,HOOD,False,,58,partial,True,-0.0060120058684265,0.0008264704490288,3.0,0.0015068207603171,0.000909155016159,8915.0,0.0022131931570161,-0.7483325716692856,7.0443073471676945,False,605700792,2025-09-24 17:10:48+00:00,131,False,0.4107730984687805,sentence-transformers/all-mpnet-base-v2,confirmatory,True,True
1970914244330913976,HOOD,False,,60,complete,True,0.0015818498691479,0.0006657535956797,4.0,0.0013431431635813,0.0006582170574046,9575.0,0.0020093680065816,-1.02912794538088,1.9634464751958225,False,605700792,2025-09-24 18:12:28+00:00,132,False,0.5450975298881531,sentence-transformers/all-mpnet-base-v2,confirmatory,True,True
1970989665445687464,BOX,False,,32,partial,True,-0.0018833472256946,0.001344628799008,0.0,0.004194744965337,0.0002853285700803,3.0,0.0043965047038567,-9.988891632990471,0.0,False,914061,2025-09-24 23:12:10+00:00,299,False,0.4556275606155395,sentence-transformers/all-mpnet-base-v2,confirmatory,True,True
1971066415919907096,QCOM,False,,58,partial,True,-0.0139172945296357,0.00134636122086,0.0,0.0017324859379107,0.0009055282058883,4816.0,0.0031227343684163,-0.4264082714815866,44.41445182724252,False,234930762,2025-09-25 04:17:08+00:00,71,False,0.5359891057014465,sentence-transformers/all-mpnet-base-v2,confirmatory,True,True
1971069915991007724,BOX,False,,32,partial,True,-0.0018833472256946,0.001344628799008,0.0,0.004194744965337,0.0002853285700803,3.0,0.0043965047038567,-9.988891632990471,0.0,False,914061,2025-09-25 04:31:03+00:00,300,False,0.2816749811172485,sentence-transformers/all-mpnet-base-v2,confirmatory,True,True
1971144583838048337,CRM,False,,57,partial,True,-0.0071655459782673,0.0012782807910603,0.0,0.0015879446050451,0.000617919264544,3112.0,0.0022651270721544,-0.501139601487214,31.39460154241645,False,22330739,2025-09-25 09:27:45+00:00,71,False,0.5230168104171753,sentence-transformers/all-mpnet-base-v2,confirmatory,True,True
1971144771646390712,CRM,False,,57,partial,True,-0.0071655459782673,0.0012782807910603,0.0,0.0015879446050451,0.000617919264544,3112.0,0.0022651270721544,-0.501139601487214,31.39460154241645,False,22330739,2025-09-25 09:28:30+00:00,72,False,0.5581560134887695,sentence-transformers/all-mpnet-base-v2,confirmatory,True,True
1971226298786906490,BOX,False,,18,insufficient,False,-0.0050007460055692,0.0007861416684721,1.0,0.0013670565185054,9.769056425029918e-05,43.0,0.0014788781460496,-5.946478603040433,0.0,False,914061,2025-09-25 14:52:27+00:00,301,False,0.2959328293800354,sentence-transformers/all-mpnet-base-v2,confirmatory,True,False
1971273293736051176,CRM,False,,47,partial,True,-0.0022308065221727,0.0005753995729575,4.0,0.0008601445308332,0.0004317505862432,1469.0,0.0011613137631727,-0.6595126143391028,16.882232811436353,False,22330739,2025-09-25 17:59:12+00:00,73,False,0.3573063611984253,sentence-transformers/all-mpnet-base-v2,confirmatory,True,True
1971311763972087889,HOOD,False,,8,insufficient,False,0.0038681892508314,0.002547897937834,,,,,,,,False,605700792,2025-09-25 20:32:04+00:00,133,False,0.4975031614303589,sentence-transformers/all-mpnet-base-v2,confirmatory,True,False
1971318059462951258,HOOD,False,,8,insufficient,False,0.0038681892508314,0.002547897937834,,,,,,,,False,605700792,2025-09-25 20:57:05+00:00,134,False,0.5685290694236755,sentence-transformers/all-mpnet-base-v2,confirmatory,True,False
1971349963067249136,HOOD,False,,8,insufficient,False,0.0038681892508314,0.002547897937834,,,,,,,,False,605700792,2025-09-25 23:03:51+00:00,135,False,0.4363582134246826,sentence-transformers/all-mpnet-base-v2,confirmatory,True,False
1971349964388475208,HOOD,False,,8,insufficient,False,0.0038681892508314,0.002547897937834,,,,,,,,False,605700792,2025-09-25 23:03:52+00:00,136,False,0.6118808388710022,sentence-transformers/all-mpnet-base-v2,confirmatory,True,False
1971643760418386259,QCOM,False,,38,partial,True,-6.364588252194547e-05,0.0003819084581121,5.0,0.0010843439815498,0.0007001409905529,2330.0,0.0016392129234955,-1.003277244034794,0.3862660944206008,False,234930762,2025-09-26 18:31:18+00:00,72,False,0.3413059711456299,sentence-transformers/all-mpnet-base-v2,confirmatory,True,True
1971644188371636393,HOOD,False,,57,partial,True,-0.0014216965990739,0.0005391833039249,5.0,0.0012864632027318,0.0005528423224853,6233.0,0.0019156052701326,-1.3517053026032573,0.1764800256698219,False,605700792,2025-09-26 18:33:00+00:00,137,False,0.4265427589416504,sentence-transformers/all-mpnet-base-v2,confirmatory,True,True
1971647343444611160,QCOM,False,,41,partial,True,0.0025108014232916,0.0003411219184182,5.0,0.0010843439815498,0.0007001409905529,2330.0,0.0016392129234955,-1.0615319959266387,0.0858369098712446,False,234930762,2025-09-26 18:45:32+00:00,73,False,0.3410173654556274,sentence-transformers/all-mpnet-base-v2,confirmatory,True,True
1971647347932426282,QCOM,False,,41,partial,True,0.0025108014232916,0.0003411219184182,5.0,0.0010843439815498,0.0007001409905529,2330.0,0.0016392129234955,-1.0615319959266387,0.0858369098712446,False,234930762,2025-09-26 18:45:33+00:00,74,False,0.2793489694595337,sentence-transformers/all-mpnet-base-v2,confirmatory,True,True
1971649823242952983,QCOM,False,,46,partial,True,-0.0004504605805227,0.0005331180860964,5.0,0.0010843439815498,0.0007001409905529,2330.0,0.0016392129234955,-0.7873069894367577,14.892703862660944,False,234930762,2025-09-26 18:55:24+00:00,75,False,0.3492639660835266,sentence-transformers/all-mpnet-base-v2,confirmatory,True,True
1971656850316861892,HOOD,False,,36,partial,True,5.874992268117829e-05,0.0008003053587343,5.0,0.0012864632027318,0.0005528423224853,6233.0,0.0019156052701326,-0.8793788467785578,11.647681694208249,False,605700792,2025-09-26 19:23:19+00:00,138,False,0.6736119985580444,sentence-transformers/all-mpnet-base-v2,confirmatory,True,True
1971679922151453006,CRM,False,,59,partial,True,-0.0032503104167442,0.0009187126076502,0.0,0.0015879446050451,0.000617919264544,3112.0,0.0022651270721544,-1.0830411605450143,10.604113110539846,False,22330739,2025-09-26 20:55:00+00:00,74,False,0.3212013244628906,sentence-transformers/all-mpnet-base-v2,confirmatory,True,True
1971682743399731498,CRM,False,,59,partial,True,-0.0032503104167442,0.0009187126076502,0.0,0.0015879446050451,0.000617919264544,3112.0,0.0022651270721544,-1.0830411605450143,10.604113110539846,False,22330739,2025-09-26 21:06:12+00:00,75,False,0.2836920022964477,sentence-transformers/all-mpnet-base-v2,confirmatory,True,True
1971794606154305576,CRM,False,,59,partial,True,-0.0032503104167442,0.0009187126076502,0.0,0.0015879446050451,0.000617919264544,3112.0,0.0022651270721544,-1.0830411605450143,10.604113110539846,False,22330739,2025-09-27 04:30:42+00:00,76,False,0.7311539649963379,sentence-transformers/all-mpnet-base-v2,confirmatory,True,True
1971999438622413017,HOOD,False,,60,complete,True,0.0691586017164387,0.0018287218205599,0.0,0.0024686517521656,0.0010353669234942,13891.0,0.0035687533395987,-0.6180706733860101,24.71384349578864,False,605700792,2025-09-27 18:04:38+00:00,139,False,0.49203622341156,sentence-transformers/all-mpnet-base-v2,confirmatory,True,True
1972415011227381902,BOX,False,,17,insufficient,False,-0.0060766087660905,0.0014863276837186,0.0,0.004194744965337,0.0002853285700803,3.0,0.0043965047038567,-9.492275101843267,0.0,False,914061,2025-09-28 21:35:59+00:00,294,False,0.2002019882202148,sentence-transformers/all-mpnet-base-v2,confirmatory,True,False
1972465816437490105,CRM,False,,59,partial,True,-0.0032503104167442,0.0009187126076502,0.0,0.0015879446050451,0.000617919264544,3112.0,0.0022651270721544,-1.0830411605450143,10.604113110539846,False,22330739,2025-09-29 00:57:51+00:00,77,False,0.2510894536972046,sentence-transformers/all-mpnet-base-v2,confirmatory,True,True
1972651434144674024,HOOD,False,,60,complete,True,0.0691586017164387,0.0018287218205599,0.0,0.0024686517521656,0.0010353669234942,13891.0,0.0035687533395987,-0.6180706733860101,24.71384349578864,False,605700792,2025-09-29 13:15:26+00:00,140,False,0.3736763596534729,sentence-transformers/all-mpnet-base-v2,confirmatory,True,True
1972657794584351022,MSFT,False,,58,partial,True,0.0036964994840187,0.0006765679425113,0.0,0.0008174575401678,0.0003989604251514,14622.0,0.0012105221411381,-0.3531417874417605,37.36151005334427,False,20571756,2025-09-29 13:40:43+00:00,105,False,0.5933047533035278,sentence-transformers/all-mpnet-base-v2,null_baseline,True,False
1972657799067799617,MSFT,False,,58,partial,True,0.0036964994840187,0.0006765679425113,0.0,0.0008174575401678,0.0003989604251514,14622.0,0.0012105221411381,-0.3531417874417605,37.36151005334427,False,20571756,2025-09-29 13:40:44+00:00,106,False,0.4117214679718017,sentence-transformers/all-mpnet-base-v2,null_baseline,True,False
1972657804155727957,MSFT,False,,58,partial,True,0.0036964994840187,0.0006765679425113,0.0,0.0008174575401678,0.0003989604251514,14622.0,0.0012105221411381,-0.3531417874417605,37.36151005334427,False,20571756,2025-09-29 13:40:45+00:00,107,False,0.5684424638748169,sentence-transformers/all-mpnet-base-v2,null_baseline,True,False
1972657808911802612,MSFT,False,,58,partial,True,0.0036964994840187,0.0006765679425113,0.0,0.0008174575401678,0.0003989604251514,14622.0,0.0012105221411381,-0.3531417874417605,37.36151005334427,False,20571756,2025-09-29 13:40:46+00:00,108,False,0.6751693487167358,sentence-transformers/all-mpnet-base-v2,null_baseline,True,False
1972657812946796555,MSFT,False,,58,partial,True,0.0036964994840187,0.0006765679425113,0.0,0.0008174575401678,0.0003989604251514,14622.0,0.0012105221411381,-0.3531417874417605,37.36151005334427,False,20571756,2025-09-29 13:40:47+00:00,109,False,0.4548975229263305,sentence-transformers/all-mpnet-base-v2,null_baseline,True,False
1972670680782258419,MSFT,False,,58,partial,True,-0.0027309852286301,0.0004192073216054,1.0,0.0006167743380345,0.0002611472895039,13108.0,0.0008656246689829,-0.7565348152927531,13.44980164784864,False,20571756,2025-09-29 14:31:55+00:00,110,False,0.6861675977706909,sentence-transformers/all-mpnet-base-v2,null_baseline,True,False
1972670683655319655,MSFT,False,,58,partial,True,-0.0027309852286301,0.0004192073216054,1.0,0.0006167743380345,0.0002611472895039,13108.0,0.0008656246689829,-0.7565348152927531,13.44980164784864,False,20571756,2025-09-29 14:31:56+00:00,111,False,0.5683166980743408,sentence-transformers/all-mpnet-base-v2,null_baseline,True,False
1972707360662757796,MSFT,False,,57,partial,True,-0.000302204828452,0.0002558866077474,3.0,0.0005162286279595,0.0003998599403704,9792.0,0.0006680850669626,-0.651083026649251,2.9922385620915035,False,20571756,2025-09-29 16:57:40+00:00,112,False,0.3189388513565063,sentence-transformers/all-mpnet-base-v2,null_baseline,True,False
1972765940048879698,QCOM,False,,52,partial,True,0.0069409715627622,0.0009401705769147,0.0,0.0017324859379107,0.0009055282058883,4816.0,0.0031227343684163,-0.8749759044984198,18.583887043189367,False,234930762,2025-09-29 20:50:26+00:00,76,False,0.5071026086807251,sentence-transformers/all-mpnet-base-v2,confirmatory,True,True
1972777693377949830,BOX,False,,29,partial,True,-0.0034645496901398,0.001354103037392,0.0,0.004194744965337,0.0002853285700803,3.0,0.0043965047038567,-9.955686972197856,0.0,False,914061,2025-09-29 21:37:09+00:00,291,False,0.5418144464492798,sentence-transformers/all-mpnet-base-v2,confirmatory,True,True
1972796561890607591,HOOD,False,,60,complete,True,0.0249274784456384,0.0036238122527223,0.0,0.0024686517521656,0.0010353669234942,13891.0,0.0035687533395987,1.115701568539843,90.68461593837736,True,605700792,2025-09-29 22:52:07+00:00,141,False,0.4566214680671692,sentence-transformers/all-mpnet-base-v2,confirmatory,True,True
1972796566248530329,HOOD,False,,60,complete,True,0.0249274784456384,0.0036238122527223,0.0,0.0024686517521656,0.0010353669234942,13891.0,0.0035687533395987,1.115701568539843,90.68461593837736,True,605700792,2025-09-29 22:52:08+00:00,142,False,0.79072505235672,sentence-transformers/all-mpnet-base-v2,confirmatory,True,True
1972821473132990918,CRM,False,,59,partial,True,-0.0245451024769457,0.0011201913168026,0.0,0.0015879446050451,0.000617919264544,3112.0,0.0022651270721544,-0.7569812353847248,22.332904884318765,False,22330739,2025-09-30 00:31:07+00:00,78,False,0.7582684755325317,sentence-transformers/all-mpnet-base-v2,confirmatory,True,True
1972829369187086727,CRM,False,,59,partial,True,-0.0245451024769457,0.0011201913168026,0.0,0.0015879446050451,0.000617919264544,3112.0,0.0022651270721544,-0.7569812353847248,22.332904884318765,False,22330739,2025-09-30 01:02:29+00:00,79,False,0.3746514320373535,sentence-transformers/all-mpnet-base-v2,confirmatory,True,True
1972831658157232444,BOX,False,,29,partial,True,-0.0034645496901398,0.001354103037392,0.0,0.004194744965337,0.0002853285700803,3.0,0.0043965047038567,-9.955686972197856,0.0,False,914061,2025-09-30 01:11:35+00:00,292,False,0.1483759880065918,sentence-transformers/all-mpnet-base-v2,confirmatory,True,True
1973052624208286097,QCOM,False,,38,partial,True,-0.0004481194061116,0.0004972950703739,2.0,0.001322062776426,0.0006958446398886,1733.0,0.002085494805309,-1.1852756474260335,6.462781304096941,False,234930762,2025-09-30 15:49:37+00:00,77,False,0.3285073637962341,sentence-transformers/all-mpnet-base-v2,confirmatory,True,True
1973067365395972530,MSFT,False,,53,partial,True,0.0006932927843619,0.0002955395705823,3.0,0.0005162286279595,0.0003998599403704,9792.0,0.0006680850669626,-0.5519158962828988,7.700163398692811,False,20571756,2025-09-30 16:48:12+00:00,113,False,0.5697458982467651,sentence-transformers/all-mpnet-base-v2,null_baseline,True,False
1973086952522952931,HOOD,False,,60,complete,True,0.0120025307582078,0.0010684925512372,4.0,0.0013431431635813,0.0006582170574046,9575.0,0.0020093680065816,-0.4172645015111005,38.882506527415146,False,605700792,2025-09-30 18:06:02+00:00,143,False,0.4349435567855835,sentence-transformers/all-mpnet-base-v2,confirmatory,True,True
1973087649603743851,HOOD,False,,60,complete,True,0.0135690647247392,0.0010840935329937,4.0,0.0013431431635813,0.0006582170574046,9575.0,0.0020093680065816,-0.3935626214382873,40.91906005221932,False,605700792,2025-09-30 18:08:48+00:00,144,False,0.3986988067626953,sentence-transformers/all-mpnet-base-v2,confirmatory,True,True
1973087653810626908,HOOD,False,,60,complete,True,0.0135690647247392,0.0010840935329937,4.0,0.0013431431635813,0.0006582170574046,9575.0,0.0020093680065816,-0.3935626214382873,40.91906005221932,False,605700792,2025-09-30 18:08:49+00:00,145,False,0.7729424834251404,sentence-transformers/all-mpnet-base-v2,confirmatory,True,True
1973229517213933956,BOX,False,,34,partial,True,0.010659349475295,0.0016377522712052,0.0,0.004194744965337,0.0002853285700803,3.0,0.0043965047038567,-8.961572594751104,0.0,False,914061,2025-10-01 03:32:32+00:00,292,False,0.1498934626579284,sentence-transformers/all-mpnet-base-v2,confirmatory,True,True
1973437429383405891,MSFT,False,,59,partial,True,0.0005615610697182,0.0003819034433764,3.0,0.0005162286279595,0.0003998599403704,9792.0,0.0006680850669626,-0.335930587241887,30.279820261437905,False,20571756,2025-10-01 17:18:42+00:00,109,False,0.437690258026123,sentence-transformers/all-mpnet-base-v2,null_baseline,True,False
1973437432029913495,MSFT,False,,59,partial,True,0.0005615610697182,0.0003819034433764,3.0,0.0005162286279595,0.0003998599403704,9792.0,0.0006680850669626,-0.335930587241887,30.279820261437905,False,20571756,2025-10-01 17:18:43+00:00,110,False,0.6711061596870422,sentence-transformers/all-mpnet-base-v2,null_baseline,True,False
1973470117662204372,CRM,False,,31,partial,True,0.0044705492802477,0.0006923727507781,5.0,0.000729961717102,0.0002199379010904,1654.0,0.0010283169946769,-0.1709071794244698,45.16324062877872,False,22330739,2025-10-01 19:28:36+00:00,80,False,0.7052082419395447,sentence-transformers/all-mpnet-base-v2,confirmatory,True,True
1973471766938001745,BOX,False,,24,insufficient,False,0.0038076167376167,0.0005878751155493,6.0,,,,,,,False,914061,2025-10-01 19:35:09+00:00,291,False,0.2494088411331176,sentence-transformers/all-mpnet-base-v2,confirmatory,True,False
1973495442056089733,QCOM,False,,45,partial,True,0.0151054430098364,0.0011251483032772,0.0,0.0017324859379107,0.0009055282058883,4816.0,0.0031227343684163,-0.6706998530626719,30.274086378737543,False,234930762,2025-10-01 21:09:13+00:00,78,False,0.2379449009895324,sentence-transformers/all-mpnet-base-v2,confirmatory,True,True
1973549300694298754,HOOD,False,,60,complete,True,0.0382681043109939,0.0024615610976727,0.0,0.0024686517521656,0.0010353669234942,13891.0,0.0035687533395987,-0.0068484460262345,59.959686127708586,False,605700792,2025-10-02 00:43:14+00:00,146,False,0.455678641796112,sentence-transformers/all-mpnet-base-v2,confirmatory,True,True
1973609608892784950,HOOD,False,,60,complete,True,0.0382681043109939,0.0024615610976727,0.0,0.0024686517521656,0.0010353669234942,13891.0,0.0035687533395987,-0.0068484460262345,59.959686127708586,False,605700792,2025-10-02 04:42:53+00:00,147,False,0.4759374856948852,sentence-transformers/all-mpnet-base-v2,confirmatory,True,True
1973646691569115458,HOOD,False,,60,complete,True,0.0382681043109939,0.0024615610976727,0.0,0.0024686517521656,0.0010353669234942,13891.0,0.0035687533395987,-0.0068484460262345,59.959686127708586,False,605700792,2025-10-02 07:10:14+00:00,148,False,0.6794138550758362,sentence-transformers/all-mpnet-base-v2,confirmatory,True,True
1973650654527901759,HOOD,False,,60,complete,True,0.0382681043109939,0.0024615610976727,0.0,0.0024686517521656,0.0010353669234942,13891.0,0.0035687533395987,-0.0068484460262345,59.959686127708586,False,605700792,2025-10-02 07:25:59+00:00,149,False,0.6505498886108398,sentence-transformers/all-mpnet-base-v2,confirmatory,True,True
1973651755562094734,HOOD,False,,60,complete,True,0.0382681043109939,0.0024615610976727,0.0,0.0024686517521656,0.0010353669234942,13891.0,0.0035687533395987,-0.0068484460262345,59.959686127708586,False,605700792,2025-10-02 07:30:21+00:00,150,False,0.7802587747573853,sentence-transformers/all-mpnet-base-v2,confirmatory,True,True
1973772758476902904,QCOM,False,,40,partial,True,0.0019519121024094,0.0007208656120909,2.0,0.001322062776426,0.0006958446398886,1733.0,0.002085494805309,-0.8639818860014051,16.907097518753606,False,234930762,2025-10-02 15:31:11+00:00,78,False,0.3246001005172729,sentence-transformers/all-mpnet-base-v2,confirmatory,True,True
1973820577044660242,MSFT,False,,56,partial,True,-0.0001770840557269,0.0002083023620037,5.0,0.000494370972611,0.0002392654254598,7142.0,0.0007939814404011,-1.195611986385014,1.372164659759171,False,20571756,2025-10-02 18:41:12+00:00,108,False,0.4653087854385376,sentence-transformers/all-mpnet-base-v2,null_baseline,True,False
1973820578286145548,MSFT,False,,56,partial,True,-0.0001770840557269,0.0002083023620037,5.0,0.000494370972611,0.0002392654254598,7142.0,0.0007939814404011,-1.195611986385014,1.372164659759171,False,20571756,2025-10-02 18:41:12+00:00,108,False,0.404030442237854,sentence-transformers/all-mpnet-base-v2,null_baseline,True,False
1973825561148440738,QCOM,False,,45,partial,True,-0.0008040609669353,0.0004198381162609,5.0,0.0010843439815498,0.0007001409905529,2330.0,0.0016392129234955,-0.9491029296315644,0.9012875536480688,False,234930762,2025-10-02 19:01:00+00:00,79,False,0.3911106586456299,sentence-transformers/all-mpnet-base-v2,confirmatory,True,True
1973917769558274283,MSFT,False,,59,partial,True,0.0015058811263928,0.0007018206173951,0.0,0.0008174575401678,0.0003989604251514,14622.0,0.0012105221411381,-0.2898455974145148,41.18451648201341,False,20571756,2025-10-03 01:07:24+00:00,110,False,0.4781402349472046,sentence-transformers/all-mpnet-base-v2,null_baseline,True,False
1973917771307364724,MSFT,False,,59,partial,True,0.0015058811263928,0.0007018206173951,0.0,0.0008174575401678,0.0003989604251514,14622.0,0.0012105221411381,-0.2898455974145148,41.18451648201341,False,20571756,2025-10-03 01:07:24+00:00,110,False,0.6975395679473877,sentence-transformers/all-mpnet-base-v2,null_baseline,True,False
1973971040947855474,BOX,False,,31,partial,True,1.3795945085437468e-05,0.0010780768916759,0.0,0.004194744965337,0.0002853285700803,3.0,0.0043965047038567,-10.923084473395775,0.0,False,914061,2025-10-03 04:39:05+00:00,286,False,0.1651427745819091,sentence-transformers/all-mpnet-base-v2,confirmatory,True,True
1974174821388071306,HOOD,False,,60,complete,True,0.0116457260219058,0.0008881407147246,4.0,0.0013431431635813,0.0006582170574046,9575.0,0.0020093680065816,-0.6912650526722599,19.08093994778068,False,605700792,2025-10-03 18:08:50+00:00,151,False,0.6734766960144043,sentence-transformers/all-mpnet-base-v2,confirmatory,True,True
1974177682100473974,CRM,False,,53,partial,True,-0.0010347409048786,0.0003925102066888,4.0,0.0008601445308332,0.0004317505862432,1469.0,0.0011613137631727,-1.0831121926513954,0.2722940776038121,False,22330739,2025-10-03 18:20:12+00:00,81,False,0.2777712941169739,sentence-transformers/all-mpnet-base-v2,confirmatory,True,True
1974191753021251830,HOOD,False,,43,partial,True,0.0022568063952329,0.000710074938293,5.0,0.0012864632027318,0.0005528423224853,6233.0,0.0019156052701326,-1.04259070081257,4.1713460612867,False,605700792,2025-10-03 19:16:07+00:00,152,False,0.5716214179992676,sentence-transformers/all-mpnet-base-v2,confirmatory,True,True
1974255523768799433,CRM,False,,60,complete,True,-0.0155821453905522,0.0014902146475915,0.0,0.0015879446050451,0.000617919264544,3112.0,0.0022651270721544,-0.1581597517043414,49.32519280205656,False,22330739,2025-10-03 23:29:31+00:00,82,False,0.3906804323196411,sentence-transformers/all-mpnet-base-v2,confirmatory,True,True
1974281794565615825,MSFT,False,,59,partial,True,0.0086365571736195,0.0008318843120318,0.0,0.0008174575401678,0.0003989604251514,14622.0,0.0012105221411381,0.0361609095901852,62.97360142251402,False,20571756,2025-10-04 01:13:54+00:00,111,False,0.3666682839393616,sentence-transformers/all-mpnet-base-v2,null_baseline,True,False
1974305906688225711,HOOD,False,,58,partial,True,-0.0057753646609971,0.0027988070490901,0.0,0.0024686517521656,0.0010353669234942,13891.0,0.0035687533395987,0.318877578018705,73.31365632423872,False,605700792,2025-10-04 02:49:43+00:00,153,False,0.583131730556488,sentence-transformers/all-mpnet-base-v2,confirmatory,True,True
1974344042273267766,BOX,False,,28,partial,True,-0.0030184294419924,0.0018234791720257,0.0,0.004194744965337,0.0002853285700803,3.0,0.0043965047038567,-8.310649692890355,0.0,False,914061,2025-10-04 05:21:15+00:00,284,False,0.1804201602935791,sentence-transformers/all-mpnet-base-v2,confirmatory,True,True
1974510318933201021,BOX,False,,28,partial,True,-0.0030184294419924,0.0018234791720257,0.0,0.004194744965337,0.0002853285700803,3.0,0.0043965047038567,-8.310649692890355,0.0,False,914061,2025-10-04 16:21:59+00:00,283,False,0.3071415424346924,sentence-transformers/all-mpnet-base-v2,confirmatory,True,True
1974557455725277647,MSFT,False,,59,partial,True,0.0086365571736195,0.0008318843120318,0.0,0.0008174575401678,0.0003989604251514,14622.0,0.0012105221411381,0.0361609095901852,62.97360142251402,False,20571756,2025-10-04 19:29:17+00:00,112,False,0.3669058084487915,sentence-transformers/all-mpnet-base-v2,null_baseline,True,False
1974557458996863461,MSFT,False,,59,partial,True,0.0086365571736195,0.0008318843120318,0.0,0.0008174575401678,0.0003989604251514,14622.0,0.0012105221411381,0.0361609095901852,62.97360142251402,False,20571756,2025-10-04 19:29:18+00:00,113,False,0.5010572671890259,sentence-transformers/all-mpnet-base-v2,null_baseline,True,False
1974557461458956517,MSFT,False,,59,partial,True,0.0086365571736195,0.0008318843120318,0.0,0.0008174575401678,0.0003989604251514,14622.0,0.0012105221411381,0.0361609095901852,62.97360142251402,False,20571756,2025-10-04 19:29:18+00:00,113,False,0.3677052855491638,sentence-transformers/all-mpnet-base-v2,null_baseline,True,False
1974557463895797857,MSFT,False,,59,partial,True,0.0086365571736195,0.0008318843120318,0.0,0.0008174575401678,0.0003989604251514,14622.0,0.0012105221411381,0.0361609095901852,62.97360142251402,False,20571756,2025-10-04 19:29:19+00:00,115,False,0.3128437399864197,sentence-transformers/all-mpnet-base-v2,null_baseline,True,False
1974557465854554288,MSFT,False,,59,partial,True,0.0086365571736195,0.0008318843120318,0.0,0.0008174575401678,0.0003989604251514,14622.0,0.0012105221411381,0.0361609095901852,62.97360142251402,False,20571756,2025-10-04 19:29:20+00:00,116,False,0.5307899117469788,sentence-transformers/all-mpnet-base-v2,null_baseline,True,False
1974557468333408630,MSFT,False,,59,partial,True,0.0086365571736195,0.0008318843120318,0.0,0.0008174575401678,0.0003989604251514,14622.0,0.0012105221411381,0.0361609095901852,62.97360142251402,False,20571756,2025-10-04 19:29:20+00:00,116,False,0.3952102661132812,sentence-transformers/all-mpnet-base-v2,null_baseline,True,False
1974557470149464384,MSFT,False,,59,partial,True,0.0086365571736195,0.0008318843120318,0.0,0.0008174575401678,0.0003989604251514,14622.0,0.0012105221411381,0.0361609095901852,62.97360142251402,False,20571756,2025-10-04 19:29:21+00:00,118,False,0.6354257464408875,sentence-transformers/all-mpnet-base-v2,null_baseline,True,False
1974612741974561031,MSFT,False,,59,partial,True,0.0086365571736195,0.0008318843120318,0.0,0.0008174575401678,0.0003989604251514,14622.0,0.0012105221411381,0.0361609095901852,62.97360142251402,False,20571756,2025-10-04 23:08:58+00:00,119,False,0.4211625456809997,sentence-transformers/all-mpnet-base-v2,null_baseline,True,False
1974637047257370641,BOX,False,,28,partial,True,-0.0030184294419924,0.0018234791720257,0.0,0.004194744965337,0.0002853285700803,3.0,0.0043965047038567,-8.310649692890355,0.0,False,914061,2025-10-05 00:45:33+00:00,284,False,0.1701178550720214,sentence-transformers/all-mpnet-base-v2,confirmatory,True,True
1975010765913682214,BOX,False,,28,partial,True,-0.0030184294419924,0.0018234791720257,0.0,0.004194744965337,0.0002853285700803,3.0,0.0043965047038567,-8.310649692890355,0.0,False,914061,2025-10-06 01:30:35+00:00,282,False,0.2657190561294555,sentence-transformers/all-mpnet-base-v2,confirmatory,True,True
1975267269690441862,BOX,False,,45,partial,True,0.0043034426727071,0.0007429284774006,5.0,0.0011560845445843,0.0002470170345756,55.0,0.001531028419464,-1.672581277211997,0.0,False,914061,2025-10-06 18:29:50+00:00,280,False,0.2089557647705078,sentence-transformers/all-mpnet-base-v2,confirmatory,True,True
1975274282398962099,BOX,False,,50,partial,True,-9.34566196572062e-05,0.0008091256599002,5.0,0.0011560845445843,0.0002470170345756,55.0,0.001531028419464,-1.4045949716789747,0.0,False,914061,2025-10-06 18:57:42+00:00,281,False,0.2695033550262451,sentence-transformers/all-mpnet-base-v2,confirmatory,True,True
1975401848594116920,BOX,False,,45,partial,True,-0.0047139068189038,0.0017850304023867,0.0,0.004194744965337,0.0002853285700803,3.0,0.0043965047038567,-8.445402303286704,0.0,False,914061,2025-10-07 03:24:36+00:00,281,False,0.303946852684021,sentence-transformers/all-mpnet-base-v2,confirmatory,True,True
1975637104337297839,QCOM,False,,53,partial,True,-0.0031786442933924,0.0005346959332107,5.0,0.0010843439815498,0.0007001409905529,2330.0,0.0016392129234955,-0.7850533760422282,14.97854077253219,False,234930762,2025-10-07 18:59:25+00:00,80,False,0.2424995303153991,sentence-transformers/all-mpnet-base-v2,confirmatory,True,True
1975771522758549617,BOX,False,,42,partial,True,0.0079592908794208,0.0015233517073479,0.0,0.004194744965337,0.0002853285700803,3.0,0.0043965047038567,-9.362515843529476,0.0,False,914061,2025-10-08 03:53:33+00:00,279,False,0.161633551120758,sentence-transformers/all-mpnet-base-v2,confirmatory,True,True
1976018236257751502,CRM,False,,56,partial,True,0.0125980876771596,0.0015249050827137,0.0,0.0015879446050451,0.000617919264544,3112.0,0.0022651270721544,-0.1020190273206227,51.863753213367616,False,22330739,2025-10-08 20:13:54+00:00,83,False,0.4217922687530517,sentence-transformers/all-mpnet-base-v2,confirmatory,True,True
1976067092161106038,CRM,False,,56,partial,True,0.0125980876771596,0.0015249050827137,0.0,0.0015879446050451,0.000617919264544,3112.0,0.0022651270721544,-0.1020190273206227,51.863753213367616,False,22330739,2025-10-08 23:28:02+00:00,84,False,0.542174220085144,sentence-transformers/all-mpnet-base-v2,confirmatory,True,True
1976071089974304833,HOOD,False,,60,complete,True,-0.0121999839241377,0.0019488763670275,0.0,0.0024686517521656,0.0010353669234942,13891.0,0.0035687533395987,-0.5020204657339697,31.703980994888777,False,605700792,2025-10-08 23:43:56+00:00,154,False,0.5967679023742676,sentence-transformers/all-mpnet-base-v2,confirmatory,True,True
1976073431969108078,CRM,False,,56,partial,True,0.0125980876771596,0.0015249050827137,0.0,0.0015879446050451,0.000617919264544,3112.0,0.0022651270721544,-0.1020190273206227,51.863753213367616,False,22330739,2025-10-08 23:53:14+00:00,85,False,0.5924468636512756,sentence-transformers/all-mpnet-base-v2,confirmatory,True,True
1976105792878350577,BOX,False,,28,partial,True,0.0063771052205351,0.0012038611865219,0.0,0.004194744965337,0.0002853285700803,3.0,0.0043965047038567,-10.482244305127294,0.0,False,914061,2025-10-09 02:01:49+00:00,279,False,0.2500375509262085,sentence-transformers/all-mpnet-base-v2,confirmatory,True,True
1976322455288545343,MSFT,False,,57,partial,True,-0.0003081498832219,0.0003517527768604,2.0,0.0005469180339176,0.0002536873704358,10190.0,0.0007458176265516,-0.7693140447707317,12.747791952894996,False,20571756,2025-10-09 16:22:46+00:00,120,False,0.4185856580734253,sentence-transformers/all-mpnet-base-v2,null_baseline,True,False
1976322457436041438,MSFT,False,,57,partial,True,-0.0003081498832219,0.0003517527768604,2.0,0.0005469180339176,0.0002536873704358,10190.0,0.0007458176265516,-0.7693140447707317,12.747791952894996,False,20571756,2025-10-09 16:22:46+00:00,120,False,0.4058934450149536,sentence-transformers/all-mpnet-base-v2,null_baseline,True,False
1976360528256852130,BOX,False,,30,partial,True,-0.003751563764783,0.0008911130996135,5.0,0.0011560845445843,0.0002470170345756,55.0,0.001531028419464,-1.0726849078483618,21.818181818181817,False,914061,2025-10-09 18:54:03+00:00,279,False,0.2659958600997925,sentence-transformers/all-mpnet-base-v2,confirmatory,True,True
1976462057840181320,BOX,False,,48,partial,True,-0.0050435000175577,0.0012514775982175,0.0,0.004194744965337,0.0002853285700803,3.0,0.0043965047038567,-10.31536157171515,0.0,False,914061,2025-10-10 01:37:30+00:00,279,False,0.3187622427940368,sentence-transformers/all-mpnet-base-v2,confirmatory,True,True
1976620269545603178,QCOM,False,,54,partial,True,-0.0130743618211295,0.0015324911902962,0.0,0.0017324859379107,0.0009055282058883,4816.0,0.0031227343684163,-0.2208597659509241,57.0390365448505,False,234930762,2025-10-10 12:06:10+00:00,81,False,0.3063504695892334,sentence-transformers/all-mpnet-base-v2,confirmatory,True,True
1976669390549704916,QCOM,False,,59,partial,True,-0.0030996601330777,0.0014754230106379,1.0,0.0014049941536428,0.0008717321533434,3575.0,0.0024544828179355,0.0807918541550028,63.72027972027971,False,234930762,2025-10-10 15:21:22+00:00,82,False,0.4055022001266479,sentence-transformers/all-mpnet-base-v2,confirmatory,True,True
1976697025623474529,CRM,False,,37,partial,True,-0.0001709620216121,0.0008147989064614,3.0,0.000908550209073,0.0005165549041987,1167.0,0.0014491224011171,-0.1814933937315037,48.58611825192802,False,22330739,2025-10-10 17:11:10+00:00,86,False,0.3408262729644775,sentence-transformers/all-mpnet-base-v2,confirmatory,True,True
1976726462456537300,HOOD,False,,51,partial,True,-0.0185176160592213,0.0012531643315963,5.0,0.0012864632027318,0.0005528423224853,6233.0,0.0019156052701326,-0.0602321309009384,59.20102679287662,False,605700792,2025-10-10 19:08:09+00:00,155,False,0.5157694220542908,sentence-transformers/all-mpnet-base-v2,confirmatory,True,True
1976730288492265624,HOOD,False,,36,partial,True,-0.0116673166675689,0.0013910744067232,5.0,0.0012864632027318,0.0005528423224853,6233.0,0.0019156052701326,0.1892243045377772,68.24963901812932,False,605700792,2025-10-10 19:23:21+00:00,156,False,0.5396041870117188,sentence-transformers/all-mpnet-base-v2,confirmatory,True,True
1976797887679156634,CRM,False,,54,partial,True,-0.0056375587015482,0.0017682575774154,0.0,0.0015879446050451,0.000617919264544,3112.0,0.0022651270721544,0.2918066853010615,67.09511568123393,False,22330739,2025-10-10 23:51:58+00:00,87,False,0.5051736831665039,sentence-transformers/all-mpnet-base-v2,confirmatory,True,True
1976839744194855002,BOX,False,,23,insufficient,False,-0.0170614517409066,0.0015085896884985,0.0,0.004194744965337,0.0002853285700803,3.0,0.0043965047038567,-9.414252754576411,0.0,False,914061,2025-10-11 02:38:17+00:00,279,False,0.1807660460472107,sentence-transformers/all-mpnet-base-v2,confirmatory,True,False
1977079675722801607,BOX,False,,23,insufficient,False,-0.0170614517409066,0.0015085896884985,0.0,0.004194744965337,0.0002853285700803,3.0,0.0043965047038567,-9.414252754576411,0.0,False,914061,2025-10-11 18:31:41+00:00,278,False,0.2125136852264404,sentence-transformers/all-mpnet-base-v2,confirmatory,True,False
1977088765014442080,CRM,False,,54,partial,True,-0.0056375587015482,0.0017682575774154,0.0,0.0015879446050451,0.000617919264544,3112.0,0.0022651270721544,0.2918066853010615,67.09511568123393,False,22330739,2025-10-11 19:07:48+00:00,88,False,0.2901170253753662,sentence-transformers/all-mpnet-base-v2,confirmatory,True,True
1977152030801318259,CRM,False,,54,partial,True,-0.0056375587015482,0.0017682575774154,0.0,0.0015879446050451,0.000617919264544,3112.0,0.0022651270721544,0.2918066853010615,67.09511568123393,False,22330739,2025-10-11 23:19:12+00:00,89,False,0.4650374054908752,sentence-transformers/all-mpnet-base-v2,confirmatory,True,True
1977478830974783574,MSFT,False,,56,partial,True,-0.0038195750123439,0.0008612080699555,0.0,0.0008174575401678,0.0003989604251514,14622.0,0.0012105221411381,0.1096613273636888,66.64614963753249,False,20571756,2025-10-12 20:57:47+00:00,121,False,0.3710678815841675,sentence-transformers/all-mpnet-base-v2,null_baseline,True,False
1977478833042600040,MSFT,False,,56,partial,True,-0.0038195750123439,0.0008612080699555,0.0,0.0008174575401678,0.0003989604251514,14622.0,0.0012105221411381,0.1096613273636888,66.64614963753249,False,20571756,2025-10-12 20:57:48+00:00,122,False,0.4556864500045776,sentence-transformers/all-mpnet-base-v2,null_baseline,True,False
1977478835978502274,MSFT,False,,56,partial,True,-0.0038195750123439,0.0008612080699555,0.0,0.0008174575401678,0.0003989604251514,14622.0,0.0012105221411381,0.1096613273636888,66.64614963753249,False,20571756,2025-10-12 20:57:48+00:00,122,False,0.4758909344673157,sentence-transformers/all-mpnet-base-v2,null_baseline,True,False
1977478838683939105,MSFT,False,,56,partial,True,-0.0038195750123439,0.0008612080699555,0.0,0.0008174575401678,0.0003989604251514,14622.0,0.0012105221411381,0.1096613273636888,66.64614963753249,False,20571756,2025-10-12 20:57:49+00:00,124,False,0.4689792394638061,sentence-transformers/all-mpnet-base-v2,null_baseline,True,False
1977478841213018142,MSFT,False,,56,partial,True,-0.0038195750123439,0.0008612080699555,0.0,0.0008174575401678,0.0003989604251514,14622.0,0.0012105221411381,0.1096613273636888,66.64614963753249,False,20571756,2025-10-12 20:57:50+00:00,125,False,0.4454298019409179,sentence-transformers/all-mpnet-base-v2,null_baseline,True,False
1977478844123959743,MSFT,False,,56,partial,True,-0.0038195750123439,0.0008612080699555,0.0,0.0008174575401678,0.0003989604251514,14622.0,0.0012105221411381,0.1096613273636888,66.64614963753249,False,20571756,2025-10-12 20:57:50+00:00,125,False,0.5372225046157837,sentence-transformers/all-mpnet-base-v2,null_baseline,True,False
1977478846653059085,MSFT,False,,56,partial,True,-0.0038195750123439,0.0008612080699555,0.0,0.0008174575401678,0.0003989604251514,14622.0,0.0012105221411381,0.1096613273636888,66.64614963753249,False,20571756,2025-10-12 20:57:51+00:00,127,False,0.4672942161560058,sentence-transformers/all-mpnet-base-v2,null_baseline,True,False
1977487728762884249,BOX,False,,23,insufficient,False,-0.0170614517409066,0.0015085896884985,0.0,0.004194744965337,0.0002853285700803,3.0,0.0043965047038567,-9.414252754576411,0.0,False,914061,2025-10-12 21:33:09+00:00,278,False,0.1943420171737671,sentence-transformers/all-mpnet-base-v2,confirmatory,True,False
1977506464685285781,CRM,False,,54,partial,True,-0.0056375587015482,0.0017682575774154,0.0,0.0015879446050451,0.000617919264544,3112.0,0.0022651270721544,0.2918066853010615,67.09511568123393,False,22330739,2025-10-12 22:47:36+00:00,90,False,0.5201637148857117,sentence-transformers/all-mpnet-base-v2,confirmatory,True,True
1977535866601185282,HOOD,False,,1,insufficient,False,0.0223094088931083,,,,,,,,,False,605700792,2025-10-13 00:44:26+00:00,157,False,0.6051632761955261,sentence-transformers/all-mpnet-base-v2,confirmatory,True,False
1977605722008654123,BOX,False,,23,insufficient,False,-0.0170614517409066,0.0015085896884985,0.0,0.004194744965337,0.0002853285700803,3.0,0.0043965047038567,-9.414252754576411,0.0,False,914061,2025-10-13 05:22:00+00:00,278,False,0.8862649202346802,sentence-transformers/all-mpnet-base-v2,confirmatory,True,False
1977640531460251947,CRM,False,,54,partial,True,-0.0056375587015482,0.0017682575774154,0.0,0.0015879446050451,0.000617919264544,3112.0,0.0022651270721544,0.2918066853010615,67.09511568123393,False,22330739,2025-10-13 07:40:20+00:00,91,False,0.5085613131523132,sentence-transformers/all-mpnet-base-v2,confirmatory,True,True
1977785545515516274,CRM,False,,49,partial,True,0.0130456297821524,0.0006817571771553,3.0,0.000908550209073,0.0005165549041987,1167.0,0.0014491224011171,-0.4390492280187413,31.191088260497,False,22330739,2025-10-13 17:16:34+00:00,92,False,0.4833149909973144,sentence-transformers/all-mpnet-base-v2,confirmatory,True,True
1977826790824689987,CRM,False,,57,partial,True,-0.0157204174365763,0.0019887327136015,0.0,0.0015879446050451,0.000617919264544,3112.0,0.0022651270721544,0.648609181738532,78.34190231362467,False,22330739,2025-10-13 20:00:27+00:00,93,False,0.561324417591095,sentence-transformers/all-mpnet-base-v2,confirmatory,True,True
1977828746087600536,CRM,False,,57,partial,True,-0.0157204174365763,0.0019887327136015,0.0,0.0015879446050451,0.000617919264544,3112.0,0.0022651270721544,0.648609181738532,78.34190231362467,False,22330739,2025-10-13 20:08:14+00:00,94,False,0.576894998550415,sentence-transformers/all-mpnet-base-v2,confirmatory,True,True
1977840015465202147,CRM,False,,57,partial,True,-0.0157204174365763,0.0019887327136015,0.0,0.0015879446050451,0.000617919264544,3112.0,0.0022651270721544,0.648609181738532,78.34190231362467,False,22330739,2025-10-13 20:53:00+00:00,95,False,0.5573387742042542,sentence-transformers/all-mpnet-base-v2,confirmatory,True,True
1977875995484184777,BOX,False,,26,insufficient,False,0.0040440151358727,0.0010176760480492,0.0,0.004194744965337,0.0002853285700803,3.0,0.0043965047038567,-11.134773206878153,0.0,False,914061,2025-10-13 23:15:59+00:00,279,False,0.2512373924255371,sentence-transformers/all-mpnet-base-v2,confirmatory,True,False
1977888354298720580,QCOM,False,,54,partial,True,0.0107954696182971,0.0015849739452427,0.0,0.0017324859379107,0.0009055282058883,4816.0,0.0031227343684163,-0.1629015989880289,58.65863787375415,False,234930762,2025-10-14 00:05:05+00:00,82,False,0.2791951298713684,sentence-transformers/all-mpnet-base-v2,confirmatory,True,True
1978109452210626821,CRM,False,,53,partial,True,-0.0020166861182993,0.0011117593312239,1.0,0.0010705933929371,0.0003302993832515,2193.0,0.0014833660400009,0.1246321984668407,54.0811673506612,False,22330739,2025-10-14 14:43:39+00:00,96,False,0.318877100944519,sentence-transformers/all-mpnet-base-v2,confirmatory,True,True
1978111272865460401,CRM,False,,52,partial,True,-0.0002541970311396,0.0010810323829737,1.0,0.0010705933929371,0.0003302993832515,2193.0,0.0014833660400009,0.0316046307257043,50.296397628818966,False,22330739,2025-10-14 14:50:53+00:00,97,False,0.2934968471527099,sentence-transformers/all-mpnet-base-v2,confirmatory,True,True
1978132200643260503,CRM,False,,44,partial,True,-0.002400056345694,0.0006236083227829,2.0,0.0010034212859758,0.0003176573568839,993.0,0.0014518555230045,-1.1956687133538892,13.595166163141997,False,22330739,2025-10-14 16:14:03+00:00,98,False,0.5303720831871033,sentence-transformers/all-mpnet-base-v2,confirmatory,True,True
1978165496760434953,CRM,False,,52,partial,True,-0.002339328505534,0.0006352617069972,4.0,0.0008601445308332,0.0004317505862432,1469.0,0.0011613137631727,-0.5208628106166515,26.412525527569773,False,22330739,2025-10-14 18:26:21+00:00,99,False,0.4589263796806335,sentence-transformers/all-mpnet-base-v2,confirmatory,True,True
1978166670406438942,CRM,False,,55,partial,True,-0.0035877083815983,0.0006464909096585,5.0,0.000729961717102,0.0002199379010904,1654.0,0.0010283169946769,-0.3795198873392753,34.220072551390565,False,22330739,2025-10-14 18:31:01+00:00,100,False,0.4432311058044433,sentence-transformers/all-mpnet-base-v2,confirmatory,True,True
1978167190684676214,CRM,False,,55,partial,True,-0.0035877083815983,0.0006464909096585,5.0,0.000729961717102,0.0002199379010904,1654.0,0.0010283169946769,-0.3795198873392753,34.220072551390565,False,22330739,2025-10-14 18:33:05+00:00,101,False,0.4373354315757751,sentence-transformers/all-mpnet-base-v2,confirmatory,True,True
1978174751207039375,MSFT,False,,56,partial,True,0.0023672690387875,0.000552073434261,5.0,0.000494370972611,0.0002392654254598,7142.0,0.0007939814404011,0.2411650640249868,73.22878745449454,False,20571756,2025-10-14 19:03:08+00:00,126,False,0.7491322159767151,sentence-transformers/all-mpnet-base-v2,null_baseline,True,False
1978174753752949151,MSFT,False,,56,partial,True,0.0023672690387875,0.000552073434261,5.0,0.000494370972611,0.0002392654254598,7142.0,0.0007939814404011,0.2411650640249868,73.22878745449454,False,20571756,2025-10-14 19:03:08+00:00,126,False,0.6704383492469788,sentence-transformers/all-mpnet-base-v2,null_baseline,True,False
1978176807162548656,CRM,False,,48,partial,True,-0.0116862115247704,0.0008437711482703,5.0,0.000729961717102,0.0002199379010904,1654.0,0.0010283169946769,0.5174616589688464,75.51390568319226,False,22330739,2025-10-14 19:11:18+00:00,102,False,0.3506885766983032,sentence-transformers/all-mpnet-base-v2,confirmatory,True,True
1978181412659597562,CRM,False,,30,partial,True,-0.0094753082389305,0.0009886318075902,6.0,,,,,,,False,22330739,2025-10-14 19:29:36+00:00,103,False,0.456460952758789,sentence-transformers/all-mpnet-base-v2,confirmatory,True,True
1978181780931793020,CRM,False,,28,partial,True,-0.0087055917824231,0.0010161873363812,6.0,,,,,,,False,22330739,2025-10-14 19:31:04+00:00,104,False,0.7470812797546387,sentence-transformers/all-mpnet-base-v2,confirmatory,True,True
1978218864925114709,CRM,False,,54,partial,True,-0.0077496952916937,0.0015596593459613,0.0,0.0015879446050451,0.000617919264544,3112.0,0.0022651270721544,-0.0457750076860072,54.30591259640103,False,22330739,2025-10-14 21:58:25+00:00,105,False,0.5287947654724121,sentence-transformers/all-mpnet-base-v2,confirmatory,True,True
1978222543531049351,CRM,False,,54,partial,True,-0.0077496952916937,0.0015596593459613,0.0,0.0015879446050451,0.000617919264544,3112.0,0.0022651270721544,-0.0457750076860072,54.30591259640103,False,22330739,2025-10-14 22:13:02+00:00,106,False,0.4943640232086181,sentence-transformers/all-mpnet-base-v2,confirmatory,True,True
1978242512675385538,CRM,False,,54,partial,True,-0.0077496952916937,0.0015596593459613,0.0,0.0015879446050451,0.000617919264544,3112.0,0.0022651270721544,-0.0457750076860072,54.30591259640103,False,22330739,2025-10-14 23:32:23+00:00,107,False,0.4417459964752197,sentence-transformers/all-mpnet-base-v2,confirmatory,True,True
1978324567627043210,CRM,False,,54,partial,True,-0.0077496952916937,0.0015596593459613,0.0,0.0015879446050451,0.000617919264544,3112.0,0.0022651270721544,-0.0457750076860072,54.30591259640103,False,22330739,2025-10-15 04:58:27+00:00,108,False,0.5951277017593384,sentence-transformers/all-mpnet-base-v2,confirmatory,True,True
1978369525231010260,CRM,False,,54,partial,True,-0.0077496952916937,0.0015596593459613,0.0,0.0015879446050451,0.000617919264544,3112.0,0.0022651270721544,-0.0457750076860072,54.30591259640103,False,22330739,2025-10-15 07:57:05+00:00,109,False,0.3203270435333252,sentence-transformers/all-mpnet-base-v2,confirmatory,True,True
1978503669541961752,CRM,False,,46,partial,True,-0.000364911085828,0.0009238323474737,3.0,0.000908550209073,0.0005165549041987,1167.0,0.0014491224011171,0.0295847319934312,68.808911739503,False,22330739,2025-10-15 16:50:08+00:00,110,False,0.3917485475540161,sentence-transformers/all-mpnet-base-v2,confirmatory,True,True
1978504636370948450,CRM,False,,46,partial,True,-0.0010927055615466,0.0009046748056521,3.0,0.000908550209073,0.0005165549041987,1167.0,0.0014491224011171,-0.0075024036930536,64.9528706083976,False,22330739,2025-10-15 16:53:58+00:00,111,False,0.3813859224319458,sentence-transformers/all-mpnet-base-v2,confirmatory,True,True
1978511327535759408,CRM,False,,46,partial,True,-0.0028151964013745,0.0006230371323567,3.0,0.000908550209073,0.0005165549041987,1167.0,0.0014491224011171,-0.5527255174533154,19.622964867180805,False,22330739,2025-10-15 17:20:34+00:00,112,False,0.4580248594284057,sentence-transformers/all-mpnet-base-v2,confirmatory,True,True
1978523789013999782,CRM,False,,38,partial,True,-0.0047272267539647,0.0005248254320078,4.0,0.0008601445308332,0.0004317505862432,1469.0,0.0011613137631727,-0.7766500139422309,10.483321987746766,False,22330739,2025-10-15 18:10:05+00:00,113,False,0.4786458611488342,sentence-transformers/all-mpnet-base-v2,confirmatory,True,True
1978564972532715922,MSFT,False,,58,partial,True,0.0006012532129631,0.0008359040602274,0.0,0.0008174575401678,0.0003989604251514,14622.0,0.0012105221411381,0.0462364658161558,63.63698536451922,False,20571756,2025-10-15 20:53:44+00:00,128,False,0.5192368626594543,sentence-transformers/all-mpnet-base-v2,null_baseline,True,False
1978564974805962867,MSFT,False,,58,partial,True,0.0006012532129631,0.0008359040602274,0.0,0.0008174575401678,0.0003989604251514,14622.0,0.0012105221411381,0.0462364658161558,63.63698536451922,False,20571756,2025-10-15 20:53:44+00:00,128,False,0.5442007184028625,sentence-transformers/all-mpnet-base-v2,null_baseline,True,False
1978593398648119794,MSFT,False,,58,partial,True,0.0006012532129631,0.0008359040602274,0.0,0.0008174575401678,0.0003989604251514,14622.0,0.0012105221411381,0.0462364658161558,63.63698536451922,False,20571756,2025-10-15 22:46:41+00:00,130,False,0.7448682188987732,sentence-transformers/all-mpnet-base-v2,null_baseline,True,False
1978637049705238780,CRM,False,,60,complete,True,0.0638323471763495,0.0028559080106156,0.0,0.0015879446050451,0.000617919264544,3112.0,0.0022651270721544,2.0519887925911884,97.04370179948586,True,22330739,2025-10-16 01:40:08+00:00,114,False,0.6207127571105957,sentence-transformers/all-mpnet-base-v2,confirmatory,True,True
1978646661875343729,CRM,False,,60,complete,True,0.0638323471763495,0.0028559080106156,0.0,0.0015879446050451,0.000617919264544,3112.0,0.0022651270721544,2.0519887925911884,97.04370179948586,True,22330739,2025-10-16 02:18:20+00:00,115,False,0.7742334604263306,sentence-transformers/all-mpnet-base-v2,confirmatory,True,True
1978668875307762003,CRM,False,,60,complete,True,0.0638323471763495,0.0028559080106156,0.0,0.0015879446050451,0.000617919264544,3112.0,0.0022651270721544,2.0519887925911884,97.04370179948586,True,22330739,2025-10-16 03:46:36+00:00,116,False,0.7253965139389038,sentence-transformers/all-mpnet-base-v2,confirmatory,True,True
1978669569096163384,BOX,False,,29,partial,True,-0.0044654524424886,0.001240377862807,0.0,0.004194744965337,0.0002853285700803,3.0,0.0043965047038567,-10.354263162983848,0.0,False,914061,2025-10-16 03:49:21+00:00,274,False,0.1871108412742614,sentence-transformers/all-mpnet-base-v2,confirmatory,True,True
1978671331156677010,CRM,False,,60,complete,True,0.0638323471763495,0.0028559080106156,0.0,0.0015879446050451,0.000617919264544,3112.0,0.0022651270721544,2.0519887925911884,97.04370179948586,True,22330739,2025-10-16 03:56:21+00:00,117,False,0.7505922317504883,sentence-transformers/all-mpnet-base-v2,confirmatory,True,True
1978672398028120078,CRM,False,,60,complete,True,0.0638323471763495,0.0028559080106156,0.0,0.0015879446050451,0.000617919264544,3112.0,0.0022651270721544,2.0519887925911884,97.04370179948586,True,22330739,2025-10-16 04:00:36+00:00,118,False,0.7249559164047241,sentence-transformers/all-mpnet-base-v2,confirmatory,True,True
1978672697740554254,CRM,False,,60,complete,True,0.0638323471763495,0.0028559080106156,0.0,0.0015879446050451,0.000617919264544,3112.0,0.0022651270721544,2.0519887925911884,97.04370179948586,True,22330739,2025-10-16 04:01:47+00:00,119,False,0.6263071894645691,sentence-transformers/all-mpnet-base-v2,confirmatory,True,True
1978688092761387149,CRM,False,,60,complete,True,0.0638323471763495,0.0028559080106156,0.0,0.0015879446050451,0.000617919264544,3112.0,0.0022651270721544,2.0519887925911884,97.04370179948586,True,22330739,2025-10-16 05:02:58+00:00,120,False,0.6189607977867126,sentence-transformers/all-mpnet-base-v2,confirmatory,True,True
1978689274674294956,CRM,False,,60,complete,True,0.0638323471763495,0.0028559080106156,0.0,0.0015879446050451,0.000617919264544,3112.0,0.0022651270721544,2.0519887925911884,97.04370179948586,True,22330739,2025-10-16 05:07:40+00:00,121,False,0.4005815386772156,sentence-transformers/all-mpnet-base-v2,confirmatory,True,True
1978735637348876310,CRM,False,,60,complete,True,0.0638323471763495,0.0028559080106156,0.0,0.0015879446050451,0.000617919264544,3112.0,0.0022651270721544,2.0519887925911884,97.04370179948586,True,22330739,2025-10-16 08:11:53+00:00,122,False,0.30982106924057,sentence-transformers/all-mpnet-base-v2,confirmatory,True,True
1978810256999268551,MSFT,False,,58,partial,True,0.0006012532129631,0.0008359040602274,0.0,0.0008174575401678,0.0003989604251514,14622.0,0.0012105221411381,0.0462364658161558,63.63698536451922,False,20571756,2025-10-16 13:08:24+00:00,131,False,0.3732504844665527,sentence-transformers/all-mpnet-base-v2,null_baseline,True,False
1978810259356430427,MSFT,False,,58,partial,True,0.0006012532129631,0.0008359040602274,0.0,0.0008174575401678,0.0003989604251514,14622.0,0.0012105221411381,0.0462364658161558,63.63698536451922,False,20571756,2025-10-16 13:08:25+00:00,132,False,0.4247322082519531,sentence-transformers/all-mpnet-base-v2,null_baseline,True,False
1978825644231336390,MSFT,False,,54,partial,True,-2.6942709340227463e-05,0.0005464141541261,0.0,0.0008174575401678,0.0003989604251514,14622.0,0.0012105221411381,-0.6793741157130462,18.3900971139379,False,20571756,2025-10-16 14:09:33+00:00,133,False,0.4969427585601806,sentence-transformers/all-mpnet-base-v2,null_baseline,True,False
1978825646370423095,MSFT,False,,54,partial,True,-2.6942709340227463e-05,0.0005464141541261,0.0,0.0008174575401678,0.0003989604251514,14622.0,0.0012105221411381,-0.6793741157130462,18.3900971139379,False,20571756,2025-10-16 14:09:33+00:00,133,False,0.6312921047210693,sentence-transformers/all-mpnet-base-v2,null_baseline,True,False
1978857927701340175,CRM,False,,60,complete,True,0.0116367073099699,0.0012361935880809,2.0,0.0010034212859758,0.0003176573568839,993.0,0.0014518555230045,0.7327779352835936,78.95266868076536,False,22330739,2025-10-16 16:17:50+00:00,123,False,0.3265364170074463,sentence-transformers/all-mpnet-base-v2,confirmatory,True,True
1978884550278463725,CRM,False,,60,complete,True,0.0001103419647308,0.0010085374074692,4.0,0.0008601445308332,0.0004317505862432,1469.0,0.0011613137631727,0.3437004635642726,75.49353301565691,False,22330739,2025-10-16 18:03:37+00:00,124,False,0.5665811896324158,sentence-transformers/all-mpnet-base-v2,confirmatory,True,True
1978900057761157370,HOOD,False,,53,partial,True,-0.0050396667185748,0.0013258460204194,5.0,0.0012864632027318,0.0005528423224853,6233.0,0.0019156052701326,0.0712369803935296,64.20664206642066,False,605700792,2025-10-16 19:05:14+00:00,158,False,0.6955190896987915,sentence-transformers/all-mpnet-base-v2,confirmatory,True,True
1978926937520378354,CRM,False,,60,complete,True,-0.0055019274090145,0.0020119488386889,0.0,0.0015879446050451,0.000617919264544,3112.0,0.0022651270721544,0.6861806355182183,79.37017994858611,False,22330739,2025-10-16 20:52:03+00:00,125,False,0.4334814548492431,sentence-transformers/all-mpnet-base-v2,confirmatory,True,True
1978946283214700724,CRM,False,,60,complete,True,-0.0055019274090145,0.0020119488386889,0.0,0.0015879446050451,0.000617919264544,3112.0,0.0022651270721544,0.6861806355182183,79.37017994858611,False,22330739,2025-10-16 22:08:55+00:00,126,False,0.7278434634208679,sentence-transformers/all-mpnet-base-v2,confirmatory,True,True
1978966673223807275,CRM,False,,60,complete,True,-0.0055019274090145,0.0020119488386889,0.0,0.0015879446050451,0.000617919264544,3112.0,0.0022651270721544,0.6861806355182183,79.37017994858611,False,22330739,2025-10-16 23:29:56+00:00,127,False,0.3845332860946655,sentence-transformers/all-mpnet-base-v2,confirmatory,True,True
1978968562846044611,CRM,False,,60,complete,True,-0.0055019274090145,0.0020119488386889,0.0,0.0015879446050451,0.000617919264544,3112.0,0.0022651270721544,0.6861806355182183,79.37017994858611,False,22330739,2025-10-16 23:37:27+00:00,128,False,0.388990581035614,sentence-transformers/all-mpnet-base-v2,confirmatory,True,True
1978982310113390827,BOX,False,,15,insufficient,False,-0.0016657832967366,0.0018184505490455,0.0,0.004194744965337,0.0002853285700803,3.0,0.0043965047038567,-8.328273665767579,0.0,False,914061,2025-10-17 00:32:05+00:00,271,False,0.20955890417099,sentence-transformers/all-mpnet-base-v2,confirmatory,True,False
1978985290959118396,CRM,False,,60,complete,True,-0.0055019274090145,0.0020119488386889,0.0,0.0015879446050451,0.000617919264544,3112.0,0.0022651270721544,0.6861806355182183,79.37017994858611,False,22330739,2025-10-17 00:43:55+00:00,129,False,0.6764824986457825,sentence-transformers/all-mpnet-base-v2,confirmatory,True,True
1979276817396830411,CRM,False,,58,partial,True,0.0224881113958161,0.0012462016768721,0.0,0.0015879446050451,0.000617919264544,3112.0,0.0022651270721544,-0.553054335383371,30.302056555269925,False,22330739,2025-10-17 20:02:21+00:00,130,False,0.8010920286178589,sentence-transformers/all-mpnet-base-v2,confirmatory,True,True
1979312435694834048,BOX,False,,46,partial,True,-0.0012117317335329,0.0011452018480332,0.0,0.004194744965337,0.0002853285700803,3.0,0.0043965047038567,-10.687829530862649,0.0,False,914061,2025-10-17 22:23:53+00:00,270,False,0.1889089941978454,sentence-transformers/all-mpnet-base-v2,confirmatory,True,True
1979326518271848873,CRM,False,,58,partial,True,0.0224881113958161,0.0012462016768721,0.0,0.0015879446050451,0.000617919264544,3112.0,0.0022651270721544,-0.553054335383371,30.302056555269925,False,22330739,2025-10-17 23:19:50+00:00,131,False,0.2626212239265442,sentence-transformers/all-mpnet-base-v2,confirmatory,True,True
1979347061863780699,HOOD,False,,59,partial,True,0.0432316598042228,0.0019833349914858,0.0,0.0024686517521656,0.0010353669234942,13891.0,0.0035687533395987,-0.4687389075960494,33.25174573464834,False,605700792,2025-10-18 00:41:28+00:00,159,False,0.3872213363647461,sentence-transformers/all-mpnet-base-v2,confirmatory,True,True
1979381575826706929,CRM,False,,58,partial,True,0.0224881113958161,0.0012462016768721,0.0,0.0015879446050451,0.000617919264544,3112.0,0.0022651270721544,-0.553054335383371,30.302056555269925,False,22330739,2025-10-18 02:58:37+00:00,132,False,0.4210317134857178,sentence-transformers/all-mpnet-base-v2,confirmatory,True,True
1979387296387600829,CRM,False,,58,partial,True,0.0224881113958161,0.0012462016768721,0.0,0.0015879446050451,0.000617919264544,3112.0,0.0022651270721544,-0.553054335383371,30.302056555269925,False,22330739,2025-10-18 03:21:21+00:00,133,False,0.4141367673873901,sentence-transformers/all-mpnet-base-v2,confirmatory,True,True
1979402261077033236,CRM,False,,58,partial,True,0.0224881113958161,0.0012462016768721,0.0,0.0015879446050451,0.000617919264544,3112.0,0.0022651270721544,-0.553054335383371,30.302056555269925,False,22330739,2025-10-18 04:20:49+00:00,134,False,0.26276695728302,sentence-transformers/all-mpnet-base-v2,confirmatory,True,True
1979406842645352534,CRM,False,,58,partial,True,0.0224881113958161,0.0012462016768721,0.0,0.0015879446050451,0.000617919264544,3112.0,0.0022651270721544,-0.553054335383371,30.302056555269925,False,22330739,2025-10-18 04:39:01+00:00,135,False,0.6074268817901611,sentence-transformers/all-mpnet-base-v2,confirmatory,True,True
1979597667031511064,BOX,False,,46,partial,True,-0.0012117317335329,0.0011452018480332,0.0,0.004194744965337,0.0002853285700803,3.0,0.0043965047038567,-10.687829530862649,0.0,False,914061,2025-10-18 17:17:17+00:00,271,False,0.3094955682754516,sentence-transformers/all-mpnet-base-v2,confirmatory,True,True
1979648582224658538,BOX,False,,46,partial,True,-0.0012117317335329,0.0011452018480332,0.0,0.004194744965337,0.0002853285700803,3.0,0.0043965047038567,-10.687829530862649,0.0,False,914061,2025-10-18 20:39:36+00:00,272,False,0.1935677528381347,sentence-transformers/all-mpnet-base-v2,confirmatory,True,True
1979941267753824738,BOX,False,,46,partial,True,-0.0012117317335329,0.0011452018480332,0.0,0.004194744965337,0.0002853285700803,3.0,0.0043965047038567,-10.687829530862649,0.0,False,914061,2025-10-19 16:02:38+00:00,272,False,0.2291957139968872,sentence-transformers/all-mpnet-base-v2,confirmatory,True,True
1980028936995447178,CRM,False,,58,partial,True,0.0224881113958161,0.0012462016768721,0.0,0.0015879446050451,0.000617919264544,3112.0,0.0022651270721544,-0.553054335383371,30.302056555269925,False,22330739,2025-10-19 21:51:00+00:00,136,False,0.4015548825263977,sentence-transformers/all-mpnet-base-v2,confirmatory,True,True
1980029896866103523,CRM,False,,58,partial,True,0.0224881113958161,0.0012462016768721,0.0,0.0015879446050451,0.000617919264544,3112.0,0.0022651270721544,-0.553054335383371,30.302056555269925,False,22330739,2025-10-19 21:54:49+00:00,137,False,0.2963852882385254,sentence-transformers/all-mpnet-base-v2,confirmatory,True,True
1980032245311422578,CRM,False,,58,partial,True,0.0224881113958161,0.0012462016768721,0.0,0.0015879446050451,0.000617919264544,3112.0,0.0022651270721544,-0.553054335383371,30.302056555269925,False,22330739,2025-10-19 22:04:09+00:00,138,False,0.3320309519767761,sentence-transformers/all-mpnet-base-v2,confirmatory,True,True
1980085588549362123,BOX,False,,46,partial,True,-0.0012117317335329,0.0011452018480332,0.0,0.004194744965337,0.0002853285700803,3.0,0.0043965047038567,-10.687829530862649,0.0,False,914061,2025-10-20 01:36:07+00:00,272,False,0.2342678904533386,sentence-transformers/all-mpnet-base-v2,confirmatory,True,True
1980298516963684402,QCOM,False,,46,partial,True,0.0020293522934053,0.000471735090615,2.0,0.001322062776426,0.0006958446398886,1733.0,0.002085494805309,-1.2220079556077028,5.885747259088286,False,234930762,2025-10-20 15:42:13+00:00,79,False,0.7018932104110718,sentence-transformers/all-mpnet-base-v2,confirmatory,True,True
1980435175160050092,BOX,False,,29,partial,True,0.0082701511989815,0.0014650069276422,0.0,0.004194744965337,0.0002853285700803,3.0,0.0043965047038567,-9.566998625219584,0.0,False,914061,2025-10-21 00:45:15+00:00,273,False,0.1833226680755615,sentence-transformers/all-mpnet-base-v2,confirmatory,True,True
1980708424192282692,QCOM,False,,40,partial,True,0.0002792779010667,0.0004198588915476,5.0,0.0010843439815498,0.0007001409905529,2330.0,0.0016392129234955,-0.9490732566272172,0.9012875536480688,False,234930762,2025-10-21 18:51:02+00:00,80,False,0.2160162925720214,sentence-transformers/all-mpnet-base-v2,confirmatory,True,True
1980710354016669751,BOX,False,,42,partial,True,0.00697974895661,0.0005645087756246,5.0,0.0011560845445843,0.0002470170345756,55.0,0.001531028419464,-2.3948784340961105,0.0,False,914061,2025-10-21 18:58:42+00:00,273,False,0.4121751189231872,sentence-transformers/all-mpnet-base-v2,confirmatory,True,True
1980724919995625579,CRM,False,,3,insufficient,False,-0.0004551255088127,0.0002462717441495,6.0,,,,,,,False,22330739,2025-10-21 19:56:35+00:00,139,False,0.5127831697463989,sentence-transformers/all-mpnet-base-v2,confirmatory,True,False
1980725086417219920,CRM,False,,2,insufficient,False,-0.001472495944957,0.0,6.0,,,,,,,False,22330739,2025-10-21 19:57:15+00:00,140,False,0.7264299392700195,sentence-transformers/all-mpnet-base-v2,confirmatory,True,False
1980725088967376912,CRM,False,,2,insufficient,False,-0.001472495944957,0.0,6.0,,,,,,,False,22330739,2025-10-21 19:57:15+00:00,140,False,0.614490270614624,sentence-transformers/all-mpnet-base-v2,confirmatory,True,False
1980730009280213487,CRM,False,,60,complete,True,-0.0101851619710976,0.0013367357864524,0.0,0.0015879446050451,0.000617919264544,3112.0,0.0022651270721544,-0.4065398718036078,35.443444730077125,False,22330739,2025-10-21 20:16:49+00:00,142,False,0.2681540250778198,sentence-transformers/all-mpnet-base-v2,confirmatory,True,True
1980736083714535694,MSFT,False,,60,complete,True,0.0139134622546638,0.0007883429589312,0.0,0.0008174575401678,0.0003989604251514,14622.0,0.0012105221411381,-0.0729761134216722,55.6216659827657,False,20571756,2025-10-21 20:40:57+00:00,125,False,0.3824567198753357,sentence-transformers/all-mpnet-base-v2,null_baseline,True,False
1980856705027305835,BOX,False,,36,partial,True,0.0051661116888072,0.001476395572441,0.0,0.004194744965337,0.0002853285700803,3.0,0.0043965047038567,-9.52708448414522,0.0,False,914061,2025-10-22 04:40:15+00:00,273,False,0.2013831138610839,sentence-transformers/all-mpnet-base-v2,confirmatory,True,True
1981028639048454568,QCOM,False,,50,partial,True,-0.0046139225521483,0.0012157759531854,2.0,0.001322062776426,0.0006958446398886,1733.0,0.002085494805309,-0.152745048460212,46.2204270051933,False,234930762,2025-10-22 16:03:27+00:00,81,False,0.331360399723053,sentence-transformers/all-mpnet-base-v2,confirmatory,True,True
1981043419062694123,BOX,False,,37,partial,True,0.0015498468268969,0.0008465471840685,3.0,,,,,,,False,914061,2025-10-22 17:02:11+00:00,273,False,0.2810196876525879,sentence-transformers/all-mpnet-base-v2,confirmatory,True,True
1981190193718972802,BOX,False,,32,partial,True,-0.0133878182147926,0.0014671775771906,0.0,0.004194744965337,0.0002853285700803,3.0,0.0043965047038567,-9.559391081580294,0.0,False,914061,2025-10-23 02:45:25+00:00,274,False,0.4904018640518188,sentence-transformers/all-mpnet-base-v2,confirmatory,True,True
1981385174949769533,HOOD,False,,54,partial,True,0.0077804273074351,0.0010157388859037,2.0,0.001537110318051,0.0006474939279101,10131.0,0.0021891213272673,-0.8052143961103794,15.072549600236895,False,605700792,2025-10-23 15:40:12+00:00,160,False,0.4967520833015442,sentence-transformers/all-mpnet-base-v2,confirmatory,True,True
1981403279780434058,BOX,False,,19,insufficient,False,-0.0023698183964488,0.000807242050229,3.0,,,,,,,False,914061,2025-10-23 16:52:09+00:00,274,False,0.387635588645935,sentence-transformers/all-mpnet-base-v2,confirmatory,True,False
1981405533501608229,HOOD,False,,54,partial,True,0.0024845354843185,0.0010531878401404,3.0,0.0015068207603171,0.000909155016159,8915.0,0.0022131931570161,-0.4989610265730455,26.57319125070107,False,605700792,2025-10-23 17:01:06+00:00,161,False,0.4684580564498901,sentence-transformers/all-mpnet-base-v2,confirmatory,True,True
1981408462287622378,MSFT,False,,50,partial,True,0.0007096102193784,0.0002561797994279,3.0,0.0005162286279595,0.0003998599403704,9792.0,0.0006680850669626,-0.6503497907058952,3.022875816993464,False,20571756,2025-10-23 17:12:44+00:00,126,False,0.5436939001083374,sentence-transformers/all-mpnet-base-v2,null_baseline,True,False
1981422845034188885,MSFT,False,,51,partial,True,-0.0009658318013276,0.000223801242463,4.0,0.0004702143088476,0.0002382934904684,10669.0,0.0006810947374758,-1.034073846919424,2.736901302840004,False,20571756,2025-10-23 18:09:53+00:00,127,False,0.604788064956665,sentence-transformers/all-mpnet-base-v2,null_baseline,True,False
1981422847332667690,MSFT,False,,51,partial,True,-0.0009658318013276,0.000223801242463,4.0,0.0004702143088476,0.0002382934904684,10669.0,0.0006810947374758,-1.034073846919424,2.736901302840004,False,20571756,2025-10-23 18:09:54+00:00,128,False,0.6798223853111267,sentence-transformers/all-mpnet-base-v2,null_baseline,True,False
1981465733453533574,CRM,True,"cpi(ALL, 2025-10-24 12:30:00+00:00->2025-10-24 20:00:00+00:00)",57,partial,False,-0.0032127827263421,0.0013530237797205,0.0,0.0015879446050451,0.000617919264544,3112.0,0.0022651270721544,-0.3801804520497186,36.82519280205656,False,22330739,2025-10-23 21:00:19+00:00,143,False,0.7415757775306702,sentence-transformers/all-mpnet-base-v2,confirmatory,True,False
1981466897557196837,MSFT,True,"cpi(ALL, 2025-10-24 12:30:00+00:00->2025-10-24 20:00:00+00:00)",57,partial,False,-0.002569876471524,0.0007041946985619,0.0,0.0008174575401678,0.0003989604251514,14622.0,0.0012105221411381,-0.2838949290846733,41.64273013267679,False,20571756,2025-10-23 21:04:56+00:00,129,False,0.6697776317596436,sentence-transformers/all-mpnet-base-v2,null_baseline,True,False
1981469524902957367,CRM,True,"cpi(ALL, 2025-10-24 12:30:00+00:00->2025-10-24 20:00:00+00:00)",57,partial,False,-0.0032127827263421,0.0013530237797205,0.0,0.0015879446050451,0.000617919264544,3112.0,0.0022651270721544,-0.3801804520497186,36.82519280205656,False,22330739,2025-10-23 21:15:23+00:00,144,False,0.6645539402961731,sentence-transformers/all-mpnet-base-v2,confirmatory,True,False
1981472545506525478,HOOD,True,"cpi(ALL, 2025-10-24 12:30:00+00:00->2025-10-24 20:00:00+00:00)",59,partial,False,0.0242927815367204,0.0030730049847903,0.0,0.0024686517521656,0.0010353669234942,13891.0,0.0035687533395987,0.5837092328438781,80.41897631560003,False,605700792,2025-10-23 21:27:23+00:00,162,False,0.4824286103248596,sentence-transformers/all-mpnet-base-v2,confirmatory,True,False
1981479811500724297,BOX,True,"cpi(ALL, 2025-10-24 12:30:00+00:00->2025-10-24 20:00:00+00:00)",26,insufficient,False,-0.0059690178121127,0.0010138558456366,0.0,0.004194744965337,0.0002853285700803,3.0,0.0043965047038567,-11.14816199024316,0.0,False,914061,2025-10-23 21:56:15+00:00,275,False,0.2560490369796753,sentence-transformers/all-mpnet-base-v2,confirmatory,True,False
1981494342188752983,CRM,True,"cpi(ALL, 2025-10-24 12:30:00+00:00->2025-10-24 20:00:00+00:00)",57,partial,False,-0.0032127827263421,0.0013530237797205,0.0,0.0015879446050451,0.000617919264544,3112.0,0.0022651270721544,-0.3801804520497186,36.82519280205656,False,22330739,2025-10-23 22:54:00+00:00,145,False,0.5694750547409058,sentence-transformers/all-mpnet-base-v2,confirmatory,True,False
1981530428684325094,HOOD,True,"cpi(ALL, 2025-10-24 12:30:00+00:00->2025-10-24 20:00:00+00:00)",59,partial,False,0.0242927815367204,0.0030730049847903,0.0,0.0024686517521656,0.0010353669234942,13891.0,0.0035687533395987,0.5837092328438781,80.41897631560003,False,605700792,2025-10-24 01:17:23+00:00,163,False,0.4343680739402771,sentence-transformers/all-mpnet-base-v2,confirmatory,True,False
1981530430550819291,HOOD,True,"cpi(ALL, 2025-10-24 12:30:00+00:00->2025-10-24 20:00:00+00:00)",59,partial,False,0.0242927815367204,0.0030730049847903,0.0,0.0024686517521656,0.0010353669234942,13891.0,0.0035687533395987,0.5837092328438781,80.41897631560003,False,605700792,2025-10-24 01:17:24+00:00,164,False,0.9142158627510072,sentence-transformers/all-mpnet-base-v2,confirmatory,True,False
1981552772542869574,BOX,True,"cpi(ALL, 2025-10-24 12:30:00+00:00->2025-10-24 20:00:00+00:00)",26,insufficient,False,-0.0059690178121127,0.0010138558456366,0.0,0.004194744965337,0.0002853285700803,3.0,0.0043965047038567,-11.14816199024316,0.0,False,914061,2025-10-24 02:46:11+00:00,276,False,0.2029629945755005,sentence-transformers/all-mpnet-base-v2,confirmatory,True,False
1981782892402639171,MSFT,True,"cpi(ALL, 2025-10-24 12:30:00+00:00->2025-10-24 20:00:00+00:00)",58,partial,False,0.0010616325359609,0.0002214321595167,4.0,0.0004702143088476,0.0002382934904684,10669.0,0.0006810947374758,-1.0440157170967923,2.3713562658168525,False,20571756,2025-10-24 18:00:35+00:00,130,False,0.4370612502098083,sentence-transformers/all-mpnet-base-v2,null_baseline,True,False
1981791418910949698,HOOD,True,"cpi(ALL, 2025-10-24 12:30:00+00:00->2025-10-24 20:00:00+00:00)",56,partial,False,0.004249229624711,0.0007402388704812,5.0,0.0012864632027318,0.0005528423224853,6233.0,0.0019156052701326,-0.988029154126754,6.914808278517567,False,605700792,2025-10-24 18:34:28+00:00,165,False,0.6396938562393188,sentence-transformers/all-mpnet-base-v2,confirmatory,True,False
1981824663627215012,QCOM,False,,58,partial,True,0.1824461069019376,0.0069637262647311,0.0,0.0017324859379107,0.0009055282058883,4816.0,0.0031227343684163,5.777004286341756,100.0,True,234930762,2025-10-24 20:46:34+00:00,82,False,0.4142872095108032,sentence-transformers/all-mpnet-base-v2,confirmatory,True,True
1981921855863963863,BOX,False,,25,insufficient,False,-0.014828432625619,0.0009586580401268,0.0,0.004194744965337,0.0002853285700803,3.0,0.0043965047038567,-11.341615472641395,0.0,False,914061,2025-10-25 03:12:47+00:00,276,False,0.3470644950866699,sentence-transformers/all-mpnet-base-v2,confirmatory,True,False
1982605763555246203,BOX,False,,25,insufficient,False,-0.014828432625619,0.0009586580401268,0.0,0.004194744965337,0.0002853285700803,3.0,0.0043965047038567,-11.341615472641395,0.0,False,914061,2025-10-27 00:30:23+00:00,275,False,0.1807526350021362,sentence-transformers/all-mpnet-base-v2,confirmatory,True,False
1982641501491634468,CRM,False,,52,partial,True,-0.0047234036608476,0.0013107791603653,0.0,0.0015879446050451,0.000617919264544,3112.0,0.0022651270721544,-0.4485463726143939,33.48329048843188,False,22330739,2025-10-27 02:52:24+00:00,146,False,0.4990783333778381,sentence-transformers/all-mpnet-base-v2,confirmatory,True,True
1982815909661286838,QCOM,False,,60,complete,True,-0.0471739871415441,0.0045066340863084,0.0,0.0017324859379107,0.0009055282058883,4816.0,0.0031227343684163,3.063569009069326,99.08637873754152,True,234930762,2025-10-27 14:25:26+00:00,83,False,0.4905608892440796,sentence-transformers/all-mpnet-base-v2,confirmatory,True,True
1982816909792772100,QCOM,False,,60,complete,True,-0.0460615785352106,0.0039428327312901,1.0,0.0014049941536428,0.0008717321533434,3575.0,0.0024544828179355,2.911259574301023,98.34965034965036,True,234930762,2025-10-27 14:29:24+00:00,84,False,0.3450236320495605,sentence-transformers/all-mpnet-base-v2,confirmatory,True,True
1982860556433535426,CRM,False,,33,partial,True,-0.0005158912282405,0.0004696092159463,3.0,0.000908550209073,0.0005165549041987,1167.0,0.0014491224011171,-0.8497470250670524,4.027420736932305,False,22330739,2025-10-27 17:22:51+00:00,147,False,0.5006098747253418,sentence-transformers/all-mpnet-base-v2,confirmatory,True,True
1982863923604033904,HOOD,False,,57,partial,True,0.0076624048587612,0.000761355807312,4.0,0.0013431431635813,0.0006582170574046,9575.0,0.0020093680065816,-0.8838837427932998,7.885117493472585,False,605700792,2025-10-27 17:36:13+00:00,166,False,0.5603619813919067,sentence-transformers/all-mpnet-base-v2,confirmatory,True,True
1982868323735089546,HOOD,False,,56,partial,True,0.0032979079688812,0.0006477997040848,4.0,0.0013431431635813,0.0006582170574046,9575.0,0.0020093680065816,-1.05640449707904,1.3159268929503916,False,605700792,2025-10-27 17:53:42+00:00,167,False,0.4440915584564209,sentence-transformers/all-mpnet-base-v2,confirmatory,True,True
1982868325140230506,HOOD,False,,56,partial,True,0.0032979079688812,0.0006477997040848,4.0,0.0013431431635813,0.0006582170574046,9575.0,0.0020093680065816,-1.05640449707904,1.3159268929503916,False,605700792,2025-10-27 17:53:43+00:00,168,False,0.7591270208358765,sentence-transformers/all-mpnet-base-v2,confirmatory,True,True
1982875803076702400,BOX,False,,28,partial,True,-0.0026141657771185,0.0004155769719374,4.0,0.0006705297706363,0.0,1.0,0.0006705297706363,,0.0,False,914061,2025-10-27 18:23:26+00:00,275,False,0.6692744493484497,sentence-transformers/all-mpnet-base-v2,confirmatory,True,True
1982953921590202717,MSFT,False,,33,partial,True,0.0272623596385175,0.0052254207753087,,,,,,,,False,20571756,2025-10-27 23:33:51+00:00,126,False,0.5271860361099243,sentence-transformers/all-mpnet-base-v2,null_baseline,True,False
1982953924077465850,MSFT,False,,33,partial,True,0.0272623596385175,0.0052254207753087,,,,,,,,False,20571756,2025-10-27 23:33:51+00:00,126,False,0.5816363096237183,sentence-transformers/all-mpnet-base-v2,null_baseline,True,False
1982996352641462724,BOX,False,,26,insufficient,False,-0.0020557998506224,0.0014985163040285,0.0,0.004194744965337,0.0002853285700803,3.0,0.0043965047038567,-9.44955726147236,0.0,False,914061,2025-10-28 02:22:27+00:00,276,False,0.2920693755149841,sentence-transformers/all-mpnet-base-v2,confirmatory,True,False
1983259692580364424,MSFT,False,,11,insufficient,False,-0.0022227293748855,0.000546370115686,6.0,,,,,,,False,20571756,2025-10-28 19:48:52+00:00,128,False,0.4761784076690674,sentence-transformers/all-mpnet-base-v2,null_baseline,True,False
1983269885812846764,MSFT,False,,60,complete,True,-0.0106776538554871,0.0008963128223947,0.0,0.0008174575401678,0.0003989604251514,14622.0,0.0012105221411381,0.1976518904021137,70.28450280399399,False,20571756,2025-10-28 20:29:22+00:00,128,False,0.4682939052581787,sentence-transformers/all-mpnet-base-v2,null_baseline,True,False
1983311070254239808,CRM,False,,59,partial,True,-0.0144730453643595,0.00140926979751,0.0,0.0015879446050451,0.000617919264544,3112.0,0.0022651270721544,-0.2891555868013672,42.159383033419026,False,22330739,2025-10-28 23:13:01+00:00,148,False,0.3395039439201355,sentence-transformers/all-mpnet-base-v2,confirmatory,True,True
1983320062623916277,MSFT,False,,60,complete,True,-0.0106776538554871,0.0008963128223947,0.0,0.0008174575401678,0.0003989604251514,14622.0,0.0012105221411381,0.1976518904021137,70.28450280399399,False,20571756,2025-10-28 23:48:45+00:00,128,False,0.3867833614349365,sentence-transformers/all-mpnet-base-v2,null_baseline,True,False
1983320065530572983,MSFT,False,,60,complete,True,-0.0106776538554871,0.0008963128223947,0.0,0.0008174575401678,0.0003989604251514,14622.0,0.0012105221411381,0.1976518904021137,70.28450280399399,False,20571756,2025-10-28 23:48:46+00:00,129,False,0.6620190143585205,sentence-transformers/all-mpnet-base-v2,null_baseline,True,False
1983328781524935096,HOOD,False,,58,partial,True,-0.0091388733225399,0.0025461274699009,0.0,0.0024686517521656,0.0010353669234942,13891.0,0.0035687533395987,0.0748292378066991,63.78230508962638,False,605700792,2025-10-29 00:23:24+00:00,169,False,0.681332528591156,sentence-transformers/all-mpnet-base-v2,confirmatory,True,True
1983358878843838869,CRM,False,,59,partial,True,-0.0144730453643595,0.00140926979751,0.0,0.0015879446050451,0.000617919264544,3112.0,0.0022651270721544,-0.2891555868013672,42.159383033419026,False,22330739,2025-10-29 02:23:00+00:00,149,False,0.5261445045471191,sentence-transformers/all-mpnet-base-v2,confirmatory,True,True
1983368863673921758,BOX,False,,47,partial,True,-0.0188861669174084,0.0021911682648587,0.0,0.004194744965337,0.0002853285700803,3.0,0.0043965047038567,-7.0219981823549755,0.0,False,914061,2025-10-29 03:02:40+00:00,276,False,0.32534259557724,sentence-transformers/all-mpnet-base-v2,confirmatory,True,True
1983372239052710047,MSFT,False,,60,complete,True,-0.0106776538554871,0.0008963128223947,0.0,0.0008174575401678,0.0003989604251514,14622.0,0.0012105221411381,0.1976518904021137,70.28450280399399,False,20571756,2025-10-29 03:16:05+00:00,130,False,0.4469449520111084,sentence-transformers/all-mpnet-base-v2,null_baseline,True,False
1983372241988726838,MSFT,False,,60,complete,True,-0.0106776538554871,0.0008963128223947,0.0,0.0008174575401678,0.0003989604251514,14622.0,0.0012105221411381,0.1976518904021137,70.28450280399399,False,20571756,2025-10-29 03:16:06+00:00,131,False,0.5198153853416443,sentence-transformers/all-mpnet-base-v2,null_baseline,True,False
1983670341810712849,MSFT,True,"earnings(MSFT, 2025-10-29 20:00:00+00:00->2025-10-30 20:00:00+00:00)",60,complete,False,-0.0191659001168489,0.0023249070920195,0.0,0.0008174575401678,0.0003989604251514,14622.0,0.0012105221411381,3.7784438175272874,99.52810832991383,True,20571756,2025-10-29 23:00:38+00:00,131,False,0.3013309836387634,sentence-transformers/all-mpnet-base-v2,null_baseline,True,False
1983670343098315127,MSFT,True,"earnings(MSFT, 2025-10-29 20:00:00+00:00->2025-10-30 20:00:00+00:00)",60,complete,False,-0.0191659001168489,0.0023249070920195,0.0,0.0008174575401678,0.0003989604251514,14622.0,0.0012105221411381,3.7784438175272874,99.52810832991383,True,20571756,2025-10-29 23:00:39+00:00,132,False,0.4223436117172241,sentence-transformers/all-mpnet-base-v2,null_baseline,True,False
1983670344692199680,MSFT,True,"earnings(MSFT, 2025-10-29 20:00:00+00:00->2025-10-30 20:00:00+00:00)",60,complete,False,-0.0191659001168489,0.0023249070920195,0.0,0.0008174575401678,0.0003989604251514,14622.0,0.0012105221411381,3.7784438175272874,99.52810832991383,True,20571756,2025-10-29 23:00:39+00:00,132,False,0.3418457508087158,sentence-transformers/all-mpnet-base-v2,null_baseline,True,False
1983670346164400160,MSFT,True,"earnings(MSFT, 2025-10-29 20:00:00+00:00->2025-10-30 20:00:00+00:00)",60,complete,False,-0.0191659001168489,0.0023249070920195,0.0,0.0008174575401678,0.0003989604251514,14622.0,0.0012105221411381,3.7784438175272874,99.52810832991383,True,20571756,2025-10-29 23:00:39+00:00,132,False,0.3841274380683899,sentence-transformers/all-mpnet-base-v2,null_baseline,True,False
1983670347972194551,MSFT,True,"earnings(MSFT, 2025-10-29 20:00:00+00:00->2025-10-30 20:00:00+00:00)",60,complete,False,-0.0191659001168489,0.0023249070920195,0.0,0.0008174575401678,0.0003989604251514,14622.0,0.0012105221411381,3.7784438175272874,99.52810832991383,True,20571756,2025-10-29 23:00:40+00:00,135,False,0.575279712677002,sentence-transformers/all-mpnet-base-v2,null_baseline,True,False
1983721593340875138,BOX,False,,31,partial,True,0.0102881738759549,0.0012095904041647,0.0,0.004194744965337,0.0002853285700803,3.0,0.0043965047038567,-10.462164936134686,0.0,False,914061,2025-10-30 02:24:18+00:00,277,False,0.2866195440292358,sentence-transformers/all-mpnet-base-v2,confirmatory,True,True
1983949531286008023,MSFT,True,"earnings(MSFT, 2025-10-29 20:00:00+00:00->2025-10-30 20:00:00+00:00)",59,partial,False,-0.0048039604732702,0.0006912459037403,4.0,0.0004702143088476,0.0002382934904684,10669.0,0.0006810947374758,0.9275603561733374,90.43959133939452,True,20571756,2025-10-30 17:30:02+00:00,136,False,0.4259258508682251,sentence-transformers/all-mpnet-base-v2,null_baseline,True,False
1983949591394578915,MSFT,True,"earnings(MSFT, 2025-10-29 20:00:00+00:00->2025-10-30 20:00:00+00:00)",59,partial,False,-0.0048039604732702,0.0006912459037403,4.0,0.0004702143088476,0.0002382934904684,10669.0,0.0006810947374758,0.9275603561733374,90.43959133939452,True,20571756,2025-10-30 17:30:17+00:00,137,False,0.5917611122131348,sentence-transformers/all-mpnet-base-v2,null_baseline,True,False
1983964742919319976,HOOD,False,,58,partial,True,-0.0152505087123817,0.001309863408701,5.0,0.0012864632027318,0.0005528423224853,6233.0,0.0019156052701326,0.0423270886063672,63.32424193807156,False,605700792,2025-10-30 18:30:29+00:00,170,False,0.3859052062034607,sentence-transformers/all-mpnet-base-v2,confirmatory,True,True
1984063020054798440,BOX,False,,31,partial,True,-0.000364331841663,0.0009481477908114,0.0,0.004194744965337,0.0002853285700803,3.0,0.0043965047038567,-11.378451073480182,0.0,False,914061,2025-10-31 01:01:00+00:00,275,False,0.178497314453125,sentence-transformers/all-mpnet-base-v2,confirmatory,True,True
1984385007042089328,HOOD,False,,59,partial,True,-0.0222453443650686,0.0023628462821119,0.0,0.0024686517521656,0.0010353669234942,13891.0,0.0035687533395987,-0.1021912789106164,55.050032395075945,False,605700792,2025-10-31 22:20:28+00:00,171,False,0.604714035987854,sentence-transformers/all-mpnet-base-v2,confirmatory,True,True
1984648216730878262,BOX,False,,41,partial,True,-0.0010153048575343,0.0010752810670231,0.0,0.004194744965337,0.0002853285700803,3.0,0.0043965047038567,-10.93288308785636,0.0,False,914061,2025-11-01 15:46:22+00:00,274,False,0.4193975925445556,sentence-transformers/all-mpnet-base-v2,confirmatory,True,True
1984662238914093489,BOX,False,,41,partial,True,-0.0010153048575343,0.0010752810670231,0.0,0.004194744965337,0.0002853285700803,3.0,0.0043965047038567,-10.93288308785636,0.0,False,914061,2025-11-01 16:42:05+00:00,275,False,0.2771451473236084,sentence-transformers/all-mpnet-base-v2,confirmatory,True,True
1984788764963848463,BOX,False,,41,partial,True,-0.0010153048575343,0.0010752810670231,0.0,0.004194744965337,0.0002853285700803,3.0,0.0043965047038567,-10.93288308785636,0.0,False,914061,2025-11-02 01:04:51+00:00,276,False,0.2615653872489929,sentence-transformers/all-mpnet-base-v2,confirmatory,True,True
1985052892416573932,MSFT,False,,34,partial,True,0.0087572601595377,0.0024394005802432,,,,,,,,False,20571756,2025-11-02 18:34:24+00:00,138,False,0.8650022149085999,sentence-transformers/all-mpnet-base-v2,null_baseline,True,False
1985180770785481004,BOX,False,,41,partial,True,-0.0010153048575343,0.0010752810670231,0.0,0.004194744965337,0.0002853285700803,3.0,0.0043965047038567,-10.93288308785636,0.0,False,914061,2025-11-03 03:02:33+00:00,275,False,0.2127087116241455,sentence-transformers/all-mpnet-base-v2,confirmatory,True,True
1985431247095808489,HOOD,False,,47,partial,True,-0.0006299649005977,0.0007049296120856,5.0,0.0012864632027318,0.0005528423224853,6233.0,0.0019156052701326,-1.0518977418948854,3.866516926038826,False,605700792,2025-11-03 19:37:51+00:00,172,False,0.6130477786064148,sentence-transformers/all-mpnet-base-v2,confirmatory,True,True
1985507252120535429,BOX,False,,24,insufficient,False,-0.0055193726721494,0.001015783041406,0.0,0.004194744965337,0.0002853285700803,3.0,0.0043965047038567,-11.141407686708549,0.0,False,914061,2025-11-04 00:39:52+00:00,275,False,0.5826345086097717,sentence-transformers/all-mpnet-base-v2,confirmatory,True,False
1985517602475508037,MSFT,False,,15,insufficient,False,-0.0014964372274386,0.0022164817798571,,,,,,,,False,20571756,2025-11-04 01:21:00+00:00,138,False,0.4468288421630859,sentence-transformers/all-mpnet-base-v2,null_baseline,True,False
1985566097152885126,BOX,False,,24,insufficient,False,-0.0055193726721494,0.001015783041406,0.0,0.004194744965337,0.0002853285700803,3.0,0.0043965047038567,-11.141407686708549,0.0,False,914061,2025-11-04 04:33:42+00:00,276,False,0.4015219807624817,sentence-transformers/all-mpnet-base-v2,confirmatory,True,False
1985771116691087613,HOOD,False,,54,partial,True,-0.0007406808136881,0.0013570580529961,3.0,0.0015068207603171,0.000909155016159,8915.0,0.0022131931570161,-0.1647273618460596,53.12394840157039,False,605700792,2025-11-04 18:08:22+00:00,173,False,0.7477969527244568,sentence-transformers/all-mpnet-base-v2,confirmatory,True,True
1985794602859970649,HOOD,False,,60,complete,True,-0.0031570399403162,0.0011772517549904,5.0,0.0012864632027318,0.0005528423224853,6233.0,0.0019156052701326,-0.1975453819281093,54.00288785496551,False,605700792,2025-11-04 19:41:42+00:00,174,False,0.627216100692749,sentence-transformers/all-mpnet-base-v2,confirmatory,True,True
1985807902385586516,MSFT,False,,25,insufficient,False,0.003076940983576,0.0003815263685279,6.0,,,,,,,False,20571756,2025-11-04 20:34:33+00:00,139,False,0.4457454085350036,sentence-transformers/all-mpnet-base-v2,null_baseline,True,False
1985807905145438659,MSFT,False,,25,insufficient,False,0.003076940983576,0.0003815263685279,6.0,,,,,,,False,20571756,2025-11-04 20:34:33+00:00,139,False,0.592937707901001,sentence-transformers/all-mpnet-base-v2,null_baseline,True,False
1985813706211803476,HOOD,False,,10,insufficient,False,-0.0052899619156503,0.0075076374730315,6.0,,,,,,,False,605700792,2025-11-04 20:57:36+00:00,175,False,0.2869260311126709,sentence-transformers/all-mpnet-base-v2,confirmatory,True,False
1985868555980820605,BOX,False,,39,partial,True,-0.0016471917451541,0.0013206568262379,0.0,0.004194744965337,0.0002853285700803,3.0,0.0043965047038567,-10.072906958772167,0.0,False,914061,2025-11-05 00:35:34+00:00,277,False,0.1203738451004028,sentence-transformers/all-mpnet-base-v2,confirmatory,True,True
1986112854668550308,HOOD,False,,60,complete,True,0.0041770350795071,0.0011312249897782,2.0,0.001537110318051,0.0006474939279101,10131.0,0.0021891213272673,-0.626855806328335,28.082124173329387,False,605700792,2025-11-05 16:46:19+00:00,176,False,0.6939014792442322,sentence-transformers/all-mpnet-base-v2,confirmatory,True,True
1986188497242488895,BOX,False,,25,insufficient,False,-0.0047401751994314,0.001577150879259,0.0,0.004194744965337,0.0002853285700803,3.0,0.0043965047038567,-9.173964196227248,0.0,False,914061,2025-11-05 21:46:53+00:00,278,False,0.3197073936462402,sentence-transformers/all-mpnet-base-v2,confirmatory,True,False
1986191795986780549,HOOD,True,"earnings(HOOD, 2025-11-05 21:00:00+00:00->2025-11-06 21:00:00+00:00)",60,complete,False,-0.0740124651441345,0.0044543934559478,0.0,0.0024686517521656,0.0010353669234942,13891.0,0.0035687533395987,1.91791108902785,96.71729897055648,True,605700792,2025-11-05 22:00:00+00:00,177,False,0.3052334189414978,sentence-transformers/all-mpnet-base-v2,confirmatory,True,False
1986199005538492846,QCOM,True,"earnings(QCOM, 2025-11-05 21:00:00+00:00->2025-11-06 21:00:00+00:00)",60,complete,False,-0.0283739607819085,0.0022933775550182,0.0,0.0017324859379107,0.0009055282058883,4816.0,0.0031227343684163,0.619408223245013,74.8546511627907,False,234930762,2025-11-05 22:28:39+00:00,83,False,0.2525203227996826,sentence-transformers/all-mpnet-base-v2,confirmatory,True,False
1986253067617255660,HOOD,True,"earnings(HOOD, 2025-11-05 21:00:00+00:00->2025-11-06 21:00:00+00:00)",60,complete,False,-0.0740124651441345,0.0044543934559478,0.0,0.0024686517521656,0.0010353669234942,13891.0,0.0035687533395987,1.91791108902785,96.71729897055648,True,605700792,2025-11-06 02:03:28+00:00,178,False,0.425855278968811,sentence-transformers/all-mpnet-base-v2,confirmatory,True,False
1986253069575987354,HOOD,True,"earnings(HOOD, 2025-11-05 21:00:00+00:00->2025-11-06 21:00:00+00:00)",60,complete,False,-0.0740124651441345,0.0044543934559478,0.0,0.0024686517521656,0.0010353669234942,13891.0,0.0035687533395987,1.91791108902785,96.71729897055648,True,605700792,2025-11-06 02:03:29+00:00,179,False,0.6061065196990967,sentence-transformers/all-mpnet-base-v2,confirmatory,True,False
1986272024248148335,HOOD,True,"earnings(HOOD, 2025-11-05 21:00:00+00:00->2025-11-06 21:00:00+00:00)",60,complete,False,-0.0740124651441345,0.0044543934559478,0.0,0.0024686517521656,0.0010353669234942,13891.0,0.0035687533395987,1.91791108902785,96.71729897055648,True,605700792,2025-11-06 03:18:48+00:00,180,False,0.7345803380012512,sentence-transformers/all-mpnet-base-v2,confirmatory,True,False
1986474076429566218,QCOM,True,"earnings(QCOM, 2025-11-05 21:00:00+00:00->2025-11-06 21:00:00+00:00)",56,partial,False,0.0039871175850738,0.001191576869695,2.0,0.001322062776426,0.0006958446398886,1733.0,0.002085494805309,-0.1875216093521134,43.681477207155226,False,234930762,2025-11-06 16:41:41+00:00,84,False,0.4163156151771545,sentence-transformers/all-mpnet-base-v2,confirmatory,True,False
1986536542601683162,HOOD,True,"earnings(HOOD, 2025-11-05 21:00:00+00:00->2025-11-06 21:00:00+00:00)",15,insufficient,False,0.010176124218679,0.001903203527186,6.0,,,,,,,False,605700792,2025-11-06 20:49:54+00:00,181,False,0.586205780506134,sentence-transformers/all-mpnet-base-v2,confirmatory,True,False
1986620885592113218,BOX,False,,38,partial,True,0.0043870147515678,0.0020471034108459,0.0,0.004194744965337,0.0002853285700803,3.0,0.0043965047038567,-7.526906800416565,0.0,False,914061,2025-11-07 02:25:03+00:00,278,False,0.2516677975654602,sentence-transformers/all-mpnet-base-v2,confirmatory,True,True
1986713271286817254,CRM,False,,53,partial,True,0.0042301309197831,0.0012760290879197,0.0,0.0015879446050451,0.000617919264544,3112.0,0.0022651270721544,-0.504783610129953,31.362467866323907,False,22330739,2025-11-07 08:32:09+00:00,150,False,0.6149353384971619,sentence-transformers/all-mpnet-base-v2,confirmatory,True,True
1986848329918259596,CRM,False,,53,partial,True,0.0005814563749138,0.0005705684870633,2.0,0.0010034212859758,0.0003176573568839,993.0,0.0014518555230045,-1.362640560755695,9.4662638469285,False,22330739,2025-11-07 17:28:50+00:00,151,False,0.3315820097923279,sentence-transformers/all-mpnet-base-v2,confirmatory,True,True
1986849897870729556,CRM,False,,54,partial,True,-0.0002957113868755,0.0005820435960032,3.0,0.000908550209073,0.0005165549041987,1167.0,0.0014491224011171,-0.632085012485252,14.395886889460154,False,22330739,2025-11-07 17:35:04+00:00,152,False,0.4228870272636413,sentence-transformers/all-mpnet-base-v2,confirmatory,True,True
1986850669811408940,CRM,False,,54,partial,True,-0.000723251527176,0.0005865658097011,3.0,0.000908550209073,0.0005165549041987,1167.0,0.0014491224011171,-0.6233304470729557,14.56726649528706,False,22330739,2025-11-07 17:38:08+00:00,153,False,0.5443602204322815,sentence-transformers/all-mpnet-base-v2,confirmatory,True,True
1986889205415616817,HOOD,False,,49,partial,True,0.0002142208399573,0.002895992815661,5.0,0.0012864632027318,0.0005528423224853,6233.0,0.0019156052701326,2.9113719182956745,98.2993742980908,True,605700792,2025-11-07 20:11:15+00:00,182,False,0.6383135318756104,sentence-transformers/all-mpnet-base-v2,confirmatory,True,True
1987269365725901293,BOX,False,,31,partial,True,-0.0017329174867719,0.0016366428466969,0.0,0.004194744965337,0.0002853285700803,3.0,0.0043965047038567,-8.965460829665817,0.0,False,914061,2025-11-08 21:21:53+00:00,278,False,0.2399230003356933,sentence-transformers/all-mpnet-base-v2,confirmatory,True,True
1987595537122791875,BOX,False,,31,partial,True,-0.0017329174867719,0.0016366428466969,0.0,0.004194744965337,0.0002853285700803,3.0,0.0043965047038567,-8.965460829665817,0.0,False,914061,2025-11-09 18:57:58+00:00,277,False,0.2581735849380493,sentence-transformers/all-mpnet-base-v2,confirmatory,True,True
1987635521838047459,HOOD,False,,60,complete,True,0.0322820109391501,0.0031990205307336,0.0,0.0024686517521656,0.0010353669234942,13891.0,0.0035687533395987,0.7054202350826412,83.5289036066518,False,605700792,2025-11-09 21:36:51+00:00,183,False,0.3513779044151306,sentence-transformers/all-mpnet-base-v2,confirmatory,True,True
1987636012739420357,HOOD,False,,60,complete,True,0.0322820109391501,0.0031990205307336,0.0,0.0024686517521656,0.0010353669234942,13891.0,0.0035687533395987,0.7054202350826412,83.5289036066518,False,605700792,2025-11-09 21:38:48+00:00,184,False,0.4692078828811645,sentence-transformers/all-mpnet-base-v2,confirmatory,True,True
1987945033971171705,BOX,False,,42,partial,True,0.0035678013763089,0.0005312458767208,3.0,,,,,,,False,914061,2025-11-10 18:06:44+00:00,276,False,0.2109456658363342,sentence-transformers/all-mpnet-base-v2,confirmatory,True,True
1988003557229105372,QCOM,False,,60,complete,True,0.0255301511689179,0.001328605381428,0.0,0.0017324859379107,0.0009055282058883,4816.0,0.0031227343684163,-0.4460165391384992,43.23089700996678,False,234930762,2025-11-10 21:59:18+00:00,83,False,0.4180204272270202,sentence-transformers/all-mpnet-base-v2,confirmatory,True,True
1988039525097173249,HOOD,False,,54,partial,True,-0.0256047938048474,0.002845949069087,0.0,0.0024686517521656,0.0010353669234942,13891.0,0.0035687533395987,0.3644092817337425,74.63825498524224,False,605700792,2025-11-11 00:22:13+00:00,185,False,0.649562656879425,sentence-transformers/all-mpnet-base-v2,confirmatory,True,True
1988055934946759023,HOOD,False,,54,partial,True,-0.0256047938048474,0.002845949069087,0.0,0.0024686517521656,0.0010353669234942,13891.0,0.0035687533395987,0.3644092817337425,74.63825498524224,False,605700792,2025-11-11 01:27:25+00:00,186,False,0.6880588531494141,sentence-transformers/all-mpnet-base-v2,confirmatory,True,True
1988056205751898311,CRM,False,,48,partial,True,0.0158926591208748,0.0011187694658882,0.0,0.0015879446050451,0.000617919264544,3112.0,0.0022651270721544,-0.7592822656260355,22.10796915167095,False,22330739,2025-11-11 01:28:30+00:00,154,False,0.4879778623580932,sentence-transformers/all-mpnet-base-v2,confirmatory,True,True
1988057613670772882,CRM,False,,48,partial,True,0.0158926591208748,0.0011187694658882,0.0,0.0015879446050451,0.000617919264544,3112.0,0.0022651270721544,-0.7592822656260355,22.10796915167095,False,22330739,2025-11-11 01:34:06+00:00,155,False,0.3982599973678589,sentence-transformers/all-mpnet-base-v2,confirmatory,True,True
1988105997475606611,BOX,False,,21,insufficient,False,2.2214538858644772e-05,0.0018876350963632,0.0,0.004194744965337,0.0002853285700803,3.0,0.0043965047038567,-8.08580041011646,0.0,False,914061,2025-11-11 04:46:21+00:00,276,False,0.1169410943984985,sentence-transformers/all-mpnet-base-v2,confirmatory,True,False
1988277941277782381,HOOD,False,,56,partial,True,0.002286059142186,0.0015094591973377,1.0,0.0017163780306508,0.0006345735237307,13323.0,0.0024248767060085,-0.3260754279449629,43.90902949786084,False,605700792,2025-11-11 16:09:36+00:00,187,False,0.5303324460983276,sentence-transformers/all-mpnet-base-v2,confirmatory,True,True
1988301470094295286,CRM,False,,38,partial,True,0.0019152340771408,0.000492427628358,3.0,0.000908550209073,0.0005165549041987,1167.0,0.0014491224011171,-0.8055728003599181,4.1988003427592115,False,22330739,2025-11-11 17:43:05+00:00,156,False,0.401813268661499,sentence-transformers/all-mpnet-base-v2,confirmatory,True,True
1988302701952987180,CRM,False,,42,partial,True,0.001813950117582,0.0004942882554763,3.0,0.000908550209073,0.0005165549041987,1167.0,0.0014491224011171,-0.801970807419467,4.1988003427592115,False,22330739,2025-11-11 17:47:59+00:00,157,False,0.4314566254615783,sentence-transformers/all-mpnet-base-v2,confirmatory,True,True
1988312387146133915,HOOD,False,,48,partial,True,0.0062051371966889,0.0013144505999111,3.0,0.0015068207603171,0.000909155016159,8915.0,0.0022131931570161,-0.2115922554315209,49.31015143017387,False,605700792,2025-11-11 18:26:28+00:00,188,False,0.4231281280517578,sentence-transformers/all-mpnet-base-v2,confirmatory,True,True
1988345057460826558,QCOM,False,,22,insufficient,False,0.0001190013909311,0.0006447458086641,6.0,,,,,,,False,234930762,2025-11-11 20:36:18+00:00,84,False,0.6118961572647095,sentence-transformers/all-mpnet-base-v2,confirmatory,True,False
1988429787975860655,HOOD,False,,57,partial,True,-0.0066338435350398,0.0027417878574354,0.0,0.0024686517521656,0.0010353669234942,13891.0,0.0035687533395987,0.2638060952807398,71.42754301346196,False,605700792,2025-11-12 02:12:59+00:00,189,False,0.643934965133667,sentence-transformers/all-mpnet-base-v2,confirmatory,True,True
1988438465739125201,BOX,False,,28,partial,True,0.0098937837775505,0.0017529514580198,0.0,0.004194744965337,0.0002853285700803,3.0,0.0043965047038567,-8.55783038701446,0.0,False,914061,2025-11-12 02:47:28+00:00,275,False,0.2119925618171692,sentence-transformers/all-mpnet-base-v2,confirmatory,True,True
1988653837461369307,MSFT,False,,60,complete,True,0.0070285385028718,0.0006198520623735,2.0,0.0005469180339176,0.0002536873704358,10190.0,0.0007458176265516,0.2874957012269428,74.92639842983317,False,20571756,2025-11-12 17:03:16+00:00,141,False,0.4463096261024475,sentence-transformers/all-mpnet-base-v2,null_baseline,True,False
1988660606149496961,CRM,False,,44,partial,True,-0.0017852923375893,0.000519433830534,3.0,0.000908550209073,0.0005165549041987,1167.0,0.0014491224011171,-0.7532914224144026,4.627249357326478,False,22330739,2025-11-12 17:30:10+00:00,158,False,0.5992500185966492,sentence-transformers/all-mpnet-base-v2,confirmatory,True,True
1988662096503111807,HOOD,False,,55,partial,True,0.0103298228520074,0.0015801858494283,3.0,0.0015068207603171,0.000909155016159,8915.0,0.0022131931570161,0.0806959075264869,68.8951205832866,False,605700792,2025-11-12 17:36:06+00:00,190,False,0.3846653699874878,sentence-transformers/all-mpnet-base-v2,confirmatory,True,True
1988726858872156165,CRM,False,,47,partial,True,0.0021982693328013,0.0012903997519985,0.0,0.0015879446050451,0.000617919264544,3112.0,0.0022651270721544,-0.4815270701524368,32.03727506426735,False,22330739,2025-11-12 21:53:26+00:00,159,False,0.3354359865188598,sentence-transformers/all-mpnet-base-v2,confirmatory,True,True
1988788206821863438,BOX,False,,30,partial,True,0.0140173103733256,0.0013774893115287,0.0,0.004194744965337,0.0002853285700803,3.0,0.0043965047038567,-9.8737243628099,0.0,False,914061,2025-11-13 01:57:13+00:00,274,False,0.1985201239585876,sentence-transformers/all-mpnet-base-v2,confirmatory,True,True
1989014619495755840,HOOD,False,,56,partial,True,0.0026264662118176,0.0017492654039607,2.0,0.001537110318051,0.0006474939279101,10131.0,0.0021891213272673,0.3276557150031751,72.3620570526108,False,605700792,2025-11-13 16:56:54+00:00,191,False,0.5240609645843506,sentence-transformers/all-mpnet-base-v2,confirmatory,True,True
1989051715207983511,BOX,False,,40,partial,True,-5.1509205041377903e-05,0.0006301484156723,4.0,0.0006705297706363,0.0,1.0,0.0006705297706363,,0.0,False,914061,2025-11-13 19:24:18+00:00,273,False,0.538330614566803,sentence-transformers/all-mpnet-base-v2,confirmatory,True,True
1989060437326090735,HOOD,False,,59,partial,True,0.0096154166878601,0.0019599855189249,5.0,0.0012864632027318,0.0005528423224853,6233.0,0.0019156052701326,1.2182900780193409,90.806995026472,True,605700792,2025-11-13 19:58:57+00:00,192,False,0.4497869610786438,sentence-transformers/all-mpnet-base-v2,confirmatory,True,True
1989115297010483685,QCOM,False,,55,partial,True,-0.0035266351308765,0.0016346623797644,0.0,0.0017324859379107,0.0009055282058883,4816.0,0.0031227343684163,-0.1080292778403921,60.40282392026578,False,234930762,2025-11-13 23:36:57+00:00,80,False,0.5524355173110962,sentence-transformers/all-mpnet-base-v2,confirmatory,True,True
1989195587296862319,HOOD,False,,60,complete,True,0.0106289134196062,0.005372908325135,0.0,0.0024686517521656,0.0010353669234942,13891.0,0.0035687533395987,2.8050505642656627,98.88416960621986,True,605700792,2025-11-14 04:56:00+00:00,193,False,0.4731215238571167,sentence-transformers/all-mpnet-base-v2,confirmatory,True,True
1989195734193951031,HOOD,False,,60,complete,True,0.0106289134196062,0.005372908325135,0.0,0.0024686517521656,0.0010353669234942,13891.0,0.0035687533395987,2.8050505642656627,98.88416960621986,True,605700792,2025-11-14 04:56:35+00:00,194,False,0.4771062135696411,sentence-transformers/all-mpnet-base-v2,confirmatory,True,True
1989388907155525675,QCOM,False,,27,insufficient,False,0.0009524059524899,0.0011154796589804,3.0,0.0011347929536885,0.0005617187407871,1807.0,0.0019061194460276,-0.0343825001833294,57.6092971776425,False,234930762,2025-11-14 17:44:11+00:00,80,False,0.2479077577590942,sentence-transformers/all-mpnet-base-v2,confirmatory,True,False
1989447367402426722,HOOD,False,,1,insufficient,False,-0.0024564825646117,,,,,,,,,False,605700792,2025-11-14 21:36:29+00:00,195,False,0.559968113899231,sentence-transformers/all-mpnet-base-v2,confirmatory,True,False
1989462522454528327,HOOD,False,,1,insufficient,False,-0.0024564825646117,,,,,,,,,False,605700792,2025-11-14 22:36:42+00:00,196,False,0.4980745911598205,sentence-transformers/all-mpnet-base-v2,confirmatory,True,False
1989462523910000662,HOOD,False,,1,insufficient,False,-0.0024564825646117,,,,,,,,,False,605700792,2025-11-14 22:36:42+00:00,196,False,0.6280010938644409,sentence-transformers/all-mpnet-base-v2,confirmatory,True,False
1989755076353921404,MSFT,False,,38,partial,True,-0.0040572649588054,0.0010336844480241,,,,,,,,False,20571756,2025-11-15 17:59:12+00:00,141,False,0.4509455561637878,sentence-transformers/all-mpnet-base-v2,null_baseline,True,False
1989813515650281968,BOX,False,,31,partial,True,-0.0212028144571442,0.0019480584032843,0.0,0.004194744965337,0.0002853285700803,3.0,0.0043965047038567,-7.874032948820624,0.0,False,914061,2025-11-15 21:51:25+00:00,270,False,0.2322134971618652,sentence-transformers/all-mpnet-base-v2,confirmatory,True,True
1989882407558971803,HOOD,False,,1,insufficient,False,-0.0024564825646117,,,,,,,,,False,605700792,2025-11-16 02:25:10+00:00,198,False,0.5326814651489258,sentence-transformers/all-mpnet-base-v2,confirmatory,True,False
1990158009952297028,BOX,False,,31,partial,True,-0.0212028144571442,0.0019480584032843,0.0,0.004194744965337,0.0002853285700803,3.0,0.0043965047038567,-7.874032948820624,0.0,False,914061,2025-11-16 20:40:19+00:00,270,False,0.2435724735260009,sentence-transformers/all-mpnet-base-v2,confirmatory,True,True
1990194141339484552,CRM,False,,41,partial,True,-0.0152864175232767,0.0015901972718547,0.0,0.0015879446050451,0.000617919264544,3112.0,0.0022651270721544,0.0036455681815832,56.61953727506427,False,22330739,2025-11-16 23:03:53+00:00,160,False,0.5698757767677307,sentence-transformers/all-mpnet-base-v2,confirmatory,True,True
1990211285284528272,HOOD,False,,1,insufficient,False,-0.0024564825646117,,,,,,,,,False,605700792,2025-11-17 00:12:01+00:00,199,False,0.5647427439689636,sentence-transformers/all-mpnet-base-v2,confirmatory,True,False
1990502364269429223,HOOD,False,,60,complete,True,0.0075297832676316,0.0019781511332121,4.0,0.0013431431635813,0.0006582170574046,9575.0,0.0020093680065816,0.9647394616825612,89.44125326370758,False,605700792,2025-11-17 19:28:40+00:00,200,False,0.7745310068130493,sentence-transformers/all-mpnet-base-v2,confirmatory,True,True
1990520407238324427,HOOD,False,,19,insufficient,False,0.0167168947814853,0.0020979947631857,6.0,,,,,,,False,605700792,2025-11-17 20:40:21+00:00,201,False,0.2931654453277588,sentence-transformers/all-mpnet-base-v2,confirmatory,True,False
1990571595841351924,CRM,False,,56,partial,True,-0.0057414588841205,0.0018254937694561,0.0,0.0015879446050451,0.000617919264544,3112.0,0.0022651270721544,0.3844339835986821,70.91902313624678,False,22330739,2025-11-18 00:03:46+00:00,161,False,0.4115890860557556,sentence-transformers/all-mpnet-base-v2,confirmatory,True,True
1990594635614597230,BOX,False,,43,partial,True,-0.0296179283162022,0.0020416528004165,0.0,0.004194744965337,0.0002853285700803,3.0,0.0043965047038567,-7.5460097259592285,0.0,False,914061,2025-11-18 01:35:19+00:00,267,False,0.1779335737228393,sentence-transformers/all-mpnet-base-v2,confirmatory,True,True
1990607939011555382,CRM,False,,56,partial,True,-0.0057414588841205,0.0018254937694561,0.0,0.0015879446050451,0.000617919264544,3112.0,0.0022651270721544,0.3844339835986821,70.91902313624678,False,22330739,2025-11-18 02:28:11+00:00,162,False,0.6568257808685303,sentence-transformers/all-mpnet-base-v2,confirmatory,True,True
1990612809563189305,CRM,False,,56,partial,True,-0.0057414588841205,0.0018254937694561,0.0,0.0015879446050451,0.000617919264544,3112.0,0.0022651270721544,0.3844339835986821,70.91902313624678,False,22330739,2025-11-18 02:47:32+00:00,163,False,0.5069754123687744,sentence-transformers/all-mpnet-base-v2,confirmatory,True,True
1990658075066577342,HOOD,False,,60,complete,True,-0.0097172733289232,0.0050780719182223,0.0,0.0024686517521656,0.0010353669234942,13891.0,0.0035687533395987,2.5202854242728616,98.39464401410986,True,605700792,2025-11-18 05:47:24+00:00,202,False,0.6789030432701111,sentence-transformers/all-mpnet-base-v2,confirmatory,True,True
1990797469127749692,MSFT,False,,60,complete,True,-0.0111032170368089,0.0014533096342691,0.0,0.0008174575401678,0.0003989604251514,14622.0,0.0012105221411381,1.5937723493748417,96.17015456161948,True,20571756,2025-11-18 15:01:18+00:00,126,False,0.4633494615554809,sentence-transformers/all-mpnet-base-v2,null_baseline,True,False
1990797471451394095,MSFT,False,,60,complete,True,-0.0111032170368089,0.0014533096342691,0.0,0.0008174575401678,0.0003989604251514,14622.0,0.0012105221411381,1.5937723493748417,96.17015456161948,True,20571756,2025-11-18 15:01:19+00:00,127,False,0.7329789996147156,sentence-transformers/all-mpnet-base-v2,null_baseline,True,False
1990815573471539261,CRM,False,,60,complete,True,-0.0007484229749321,0.0008615036897646,1.0,0.0010705933929371,0.0003302993832515,2193.0,0.0014833660400009,-0.6330308616204771,32.33014135886913,False,22330739,2025-11-18 16:13:14+00:00,164,False,0.4386405348777771,sentence-transformers/all-mpnet-base-v2,confirmatory,True,True
1990816753052426569,CRM,False,,60,complete,True,-0.0036650872220134,0.0008898976963687,1.0,0.0010705933929371,0.0003302993832515,2193.0,0.0014833660400009,-0.547066406208715,33.926128590971274,False,22330739,2025-11-18 16:17:56+00:00,165,False,0.4142253398895263,sentence-transformers/all-mpnet-base-v2,confirmatory,True,True
1990818684735258784,CRM,False,,59,partial,True,-0.0047578460622031,0.0008032402694565,1.0,0.0010705933929371,0.0003302993832515,2193.0,0.0014833660400009,-0.8094266506001405,26.812585499316004,False,22330739,2025-11-18 16:25:36+00:00,166,False,0.4523552656173706,sentence-transformers/all-mpnet-base-v2,confirmatory,True,True
1990820579981840746,BOX,False,,34,partial,True,0.0073093325273103,0.0009122628109107,2.0,,,,,,,False,914061,2025-11-18 16:33:08+00:00,268,False,0.478183388710022,sentence-transformers/all-mpnet-base-v2,confirmatory,True,True
1990822181304193403,HOOD,False,,60,complete,True,-0.0117926963256935,0.0020672481056384,2.0,0.001537110318051,0.0006474939279101,10131.0,0.0021891213272673,0.818753295955103,86.11193366893693,False,605700792,2025-11-18 16:39:30+00:00,203,False,0.8129682540893555,sentence-transformers/all-mpnet-base-v2,confirmatory,True,True
1990898584892444817,CRM,False,,56,partial,True,-0.0257677706607664,0.0012143039095314,0.0,0.0015879446050451,0.000617919264544,3112.0,0.0022651270721544,-0.6046755894387076,28.79177377892031,False,22330739,2025-11-18 21:43:06+00:00,167,False,0.262220561504364,sentence-transformers/all-mpnet-base-v2,confirmatory,True,True
1990903812497027495,HOOD,False,,57,partial,True,0.0255729201346974,0.0025212307512529,0.0,0.0024686517521656,0.0010353669234942,13891.0,0.0035687533395987,0.0507829619569392,62.68087250737888,False,605700792,2025-11-18 22:03:52+00:00,204,False,0.5466002821922302,sentence-transformers/all-mpnet-base-v2,confirmatory,True,True
1991117069392245062,CRM,False,,56,partial,True,-0.0257677706607664,0.0012143039095314,0.0,0.0015879446050451,0.000617919264544,3112.0,0.0022651270721544,-0.6046755894387076,28.79177377892031,False,22330739,2025-11-19 12:11:17+00:00,168,False,0.5962530970573425,sentence-transformers/all-mpnet-base-v2,confirmatory,True,True
1991119357519241302,CRM,False,,56,partial,True,-0.0257677706607664,0.0012143039095314,0.0,0.0015879446050451,0.000617919264544,3112.0,0.0022651270721544,-0.6046755894387076,28.79177377892031,False,22330739,2025-11-19 12:20:22+00:00,169,False,0.5220223665237427,sentence-transformers/all-mpnet-base-v2,confirmatory,True,True
1991122548885483888,CRM,False,,56,partial,True,-0.0257677706607664,0.0012143039095314,0.0,0.0015879446050451,0.000617919264544,3112.0,0.0022651270721544,-0.6046755894387076,28.79177377892031,False,22330739,2025-11-19 12:33:03+00:00,170,False,0.6272128820419312,sentence-transformers/all-mpnet-base-v2,confirmatory,True,True
1991124641859973573,CRM,False,,56,partial,True,-0.0257677706607664,0.0012143039095314,0.0,0.0015879446050451,0.000617919264544,3112.0,0.0022651270721544,-0.6046755894387076,28.79177377892031,False,22330739,2025-11-19 12:41:22+00:00,171,False,0.4478000402450561,sentence-transformers/all-mpnet-base-v2,confirmatory,True,True
1991125950008816107,CRM,False,,56,partial,True,-0.0257677706607664,0.0012143039095314,0.0,0.0015879446050451,0.000617919264544,3112.0,0.0022651270721544,-0.6046755894387076,28.79177377892031,False,22330739,2025-11-19 12:46:34+00:00,172,False,0.6301693916320801,sentence-transformers/all-mpnet-base-v2,confirmatory,True,True
1991175476635906246,CRM,False,,59,partial,True,0.0012892534232558,0.0009769157378251,1.0,0.0010705933929371,0.0003302993832515,2193.0,0.0014833660400009,-0.283614380958889,41.22207022343821,False,22330739,2025-11-19 16:03:22+00:00,173,False,0.3177791833877563,sentence-transformers/all-mpnet-base-v2,confirmatory,True,True
1991176047660794302,CRM,False,,59,partial,True,0.0015948284680384,0.0009934471988468,1.0,0.0010705933929371,0.0003302993832515,2193.0,0.0014833660400009,-0.2335644509257516,43.04605563155495,False,22330739,2025-11-19 16:05:38+00:00,174,False,0.3592114448547363,sentence-transformers/all-mpnet-base-v2,confirmatory,True,True
1991177800108093784,CRM,False,,58,partial,True,0.0028773525477445,0.0010104834729025,1.0,0.0010705933929371,0.0003302993832515,2193.0,0.0014833660400009,-0.1819861709785753,44.9156406748746,False,22330739,2025-11-19 16:12:36+00:00,175,False,0.3523925542831421,sentence-transformers/all-mpnet-base-v2,confirmatory,True,True
1991179419285651927,CRM,False,,57,partial,True,0.0043957938596704,0.0009638046925057,1.0,0.0010705933929371,0.0003302993832515,2193.0,0.0014833660400009,-0.3233088096626241,39.07888736890105,False,22330739,2025-11-19 16:19:02+00:00,176,False,0.8024414777755737,sentence-transformers/all-mpnet-base-v2,confirmatory,True,True
1991234095993467215,QCOM,False,,53,partial,True,-0.003867059785957,0.0008382554524347,5.0,0.0010843439815498,0.0007001409905529,2330.0,0.0016392129234955,-0.3514842473668102,42.66094420600858,False,234930762,2025-11-19 19:56:18+00:00,78,False,0.6069870591163635,sentence-transformers/all-mpnet-base-v2,confirmatory,True,True
1991237285522657661,QCOM,False,,47,partial,True,-0.0041541052437471,0.0008739278547283,5.0,0.0010843439815498,0.0007001409905529,2330.0,0.0016392129234955,-0.3005339348227616,46.09442060085837,False,234930762,2025-11-19 20:08:58+00:00,79,False,0.3986595869064331,sentence-transformers/all-mpnet-base-v2,confirmatory,True,True
1991248962049720567,QCOM,False,,4,insufficient,False,-0.0075762792533664,0.0002846781003056,6.0,,,,,,,False,234930762,2025-11-19 20:55:22+00:00,80,False,0.5847803354263306,sentence-transformers/all-mpnet-base-v2,confirmatory,True,False
1991255252952313941,QCOM,True,"jobs_report(ALL, 2025-11-20 13:30:00+00:00->2025-11-20 21:00:00+00:00)",53,partial,False,-0.0074793926721097,0.001466711094547,0.0,0.0017324859379107,0.0009055282058883,4816.0,0.0031227343684163,-0.2935025564475879,53.4468438538206,False,234930762,2025-11-19 21:20:22+00:00,81,False,0.2395585775375366,sentence-transformers/all-mpnet-base-v2,confirmatory,True,False
1991325596664885738,HOOD,True,"jobs_report(ALL, 2025-11-20 13:30:00+00:00->2025-11-20 21:00:00+00:00)",13,insufficient,False,0.0105641873189594,0.0037650385741763,,,,,,,,False,605700792,2025-11-20 01:59:53+00:00,205,False,0.6053295135498047,sentence-transformers/all-mpnet-base-v2,confirmatory,True,False
1991325899200033290,HOOD,True,"jobs_report(ALL, 2025-11-20 13:30:00+00:00->2025-11-20 21:00:00+00:00)",13,insufficient,False,0.0105641873189594,0.0037650385741763,,,,,,,,False,605700792,2025-11-20 02:01:06+00:00,206,False,0.5116784572601318,sentence-transformers/all-mpnet-base-v2,confirmatory,True,False
1991329300109488445,HOOD,True,"jobs_report(ALL, 2025-11-20 13:30:00+00:00->2025-11-20 21:00:00+00:00)",13,insufficient,False,0.0105641873189594,0.0037650385741763,,,,,,,,False,605700792,2025-11-20 02:14:36+00:00,207,False,0.7032065987586975,sentence-transformers/all-mpnet-base-v2,confirmatory,True,False
1991338259864224004,HOOD,True,"jobs_report(ALL, 2025-11-20 13:30:00+00:00->2025-11-20 21:00:00+00:00)",13,insufficient,False,0.0105641873189594,0.0037650385741763,,,,,,,,False,605700792,2025-11-20 02:50:13+00:00,208,False,0.8153060078620911,sentence-transformers/all-mpnet-base-v2,confirmatory,True,False
1991382210541416620,BOX,True,"jobs_report(ALL, 2025-11-20 13:30:00+00:00->2025-11-20 21:00:00+00:00)",34,partial,False,-0.0010666779085029,0.0020053247314728,0.0,0.004194744965337,0.0002853285700803,3.0,0.0043965047038567,-7.673329850030578,0.0,False,914061,2025-11-20 05:44:51+00:00,266,False,0.3677941560745239,sentence-transformers/all-mpnet-base-v2,confirmatory,True,False
1991610881923510385,QCOM,True,"jobs_report(ALL, 2025-11-20 13:30:00+00:00->2025-11-20 21:00:00+00:00)",6,insufficient,False,0.0018089493114099,0.0013172035414133,6.0,,,,,,,False,234930762,2025-11-20 20:53:31+00:00,82,False,0.6574621200561523,sentence-transformers/all-mpnet-base-v2,confirmatory,True,False
1991745725726879875,BOX,False,,36,partial,True,0.0072926100227583,0.002664308136528,0.0,0.004194744965337,0.0002853285700803,3.0,0.0043965047038567,-5.363770015662818,0.0,False,914061,2025-11-21 05:49:20+00:00,265,False,0.1521790623664856,sentence-transformers/all-mpnet-base-v2,confirmatory,True,True
1991923373417672717,BOX,False,,39,partial,True,0.006376701426305,0.0007827374200357,3.0,,,,,,,False,914061,2025-11-21 17:35:15+00:00,265,False,0.4192031025886535,sentence-transformers/all-mpnet-base-v2,confirmatory,True,True
1991991192066933045,BOX,False,,36,partial,True,-0.0197669827188499,0.0020391721369851,0.0,0.004194744965337,0.0002853285700803,3.0,0.0043965047038567,-7.554703784989802,0.0,False,914061,2025-11-21 22:04:44+00:00,266,False,0.8610802888870239,sentence-transformers/all-mpnet-base-v2,confirmatory,True,True
1991995565950050466,HOOD,False,,60,complete,True,0.0255786039149308,0.0033081900240226,0.0,0.0024686517521656,0.0010353669234942,13891.0,0.0035687533395987,0.810860626128284,85.7965589230437,False,605700792,2025-11-21 22:22:07+00:00,209,False,0.5958596467971802,sentence-transformers/all-mpnet-base-v2,confirmatory,True,True
1992097401671504075,BOX,False,,36,partial,True,-0.0197669827188499,0.0020391721369851,0.0,0.004194744965337,0.0002853285700803,3.0,0.0043965047038567,-7.554703784989802,0.0,False,914061,2025-11-22 05:06:46+00:00,267,False,0.5249099731445312,sentence-transformers/all-mpnet-base-v2,confirmatory,True,True
1992126539887255796,CRM,False,,53,partial,True,-0.0063781411565584,0.0013302591581548,0.0,0.0015879446050451,0.000617919264544,3112.0,0.0022651270721544,-0.4170212221502992,35.02570694087404,False,22330739,2025-11-22 07:02:33+00:00,177,False,0.7527349591255188,sentence-transformers/all-mpnet-base-v2,confirmatory,True,True
1992140602897768820,CRM,False,,53,partial,True,-0.0063781411565584,0.0013302591581548,0.0,0.0015879446050451,0.000617919264544,3112.0,0.0022651270721544,-0.4170212221502992,35.02570694087404,False,22330739,2025-11-22 07:58:26+00:00,178,False,0.7854667901992798,sentence-transformers/all-mpnet-base-v2,confirmatory,True,True
1992401666906509404,HOOD,False,,60,complete,True,0.0255786039149308,0.0033081900240226,0.0,0.0024686517521656,0.0010353669234942,13891.0,0.0035687533395987,0.810860626128284,85.7965589230437,False,605700792,2025-11-23 01:15:49+00:00,210,False,0.7083050012588501,sentence-transformers/all-mpnet-base-v2,confirmatory,True,True
1992401670345732602,HOOD,False,,60,complete,True,0.0255786039149308,0.0033081900240226,0.0,0.0024686517521656,0.0010353669234942,13891.0,0.0035687533395987,0.810860626128284,85.7965589230437,False,605700792,2025-11-23 01:15:49+00:00,210,False,0.6374722123146057,sentence-transformers/all-mpnet-base-v2,confirmatory,True,True
1992432939746066501,QCOM,False,,56,partial,True,0.0032281666787403,0.0013462882049173,0.0,0.0017324859379107,0.0009055282058883,4816.0,0.0031227343684163,-0.4264889050191888,44.39368770764119,False,234930762,2025-11-23 03:20:05+00:00,82,False,0.5048879981040955,sentence-transformers/all-mpnet-base-v2,confirmatory,True,True
1992726929204760661,CRM,False,,53,partial,True,-0.0063781411565584,0.0013302591581548,0.0,0.0015879446050451,0.000617919264544,3112.0,0.0022651270721544,-0.4170212221502992,35.02570694087404,False,22330739,2025-11-23 22:48:17+00:00,179,False,0.5830081105232239,sentence-transformers/all-mpnet-base-v2,confirmatory,True,True
1992752275669049462,BOX,False,,36,partial,True,-0.0197669827188499,0.0020391721369851,0.0,0.004194744965337,0.0002853285700803,3.0,0.0043965047038567,-7.554703784989802,0.0,False,914061,2025-11-24 00:29:00+00:00,264,False,0.2717181444168091,sentence-transformers/all-mpnet-base-v2,confirmatory,True,True
1992968981947572531,HOOD,False,,60,complete,True,0.0262059967081786,0.0022840948430968,0.0,0.0024686517521656,0.0010353669234942,13891.0,0.0035687533395987,-0.1782526608498532,50.92505939097257,False,605700792,2025-11-24 14:50:07+00:00,212,False,0.4627784490585327,sentence-transformers/all-mpnet-base-v2,confirmatory,True,True
1993021759101297087,CRM,False,,56,partial,True,-0.0057259308136353,0.0005344433902895,3.0,0.000908550209073,0.0005165549041987,1167.0,0.0014491224011171,-0.7242343761381475,5.8269065981148245,False,22330739,2025-11-24 18:19:50+00:00,180,False,0.4618435502052307,sentence-transformers/all-mpnet-base-v2,confirmatory,True,True
1993032173956559022,HOOD,False,,60,complete,True,0.0005660255936348,0.0009896255368686,4.0,0.0013431431635813,0.0006582170574046,9575.0,0.0020093680065816,-0.5370836606796643,30.13054830287206,False,605700792,2025-11-24 19:01:13+00:00,213,False,0.3004056811332702,sentence-transformers/all-mpnet-base-v2,confirmatory,True,True
1993179081266151641,BOX,False,,36,partial,True,0.0065376214749903,0.0013920390820364,0.0,0.004194744965337,0.0002853285700803,3.0,0.0043965047038567,-9.82273132519154,0.0,False,914061,2025-11-25 04:44:59+00:00,261,False,0.3778244256973266,sentence-transformers/all-mpnet-base-v2,confirmatory,True,True
1993408593752998351,HOOD,False,,59,partial,True,-0.0026324272973277,0.0009747985476833,5.0,0.0012864632027318,0.0005528423224853,6233.0,0.0019156052701326,-0.5637496305409047,32.80924113588962,False,605700792,2025-11-25 19:56:59+00:00,214,False,0.5279186367988586,sentence-transformers/all-mpnet-base-v2,confirmatory,True,True
1993465691421478944,HOOD,False,,60,complete,True,0.0632885870080917,0.0034349175280709,0.0,0.0024686517521656,0.0010353669234942,13891.0,0.0035687533395987,0.9332592668155888,87.8194514433806,False,605700792,2025-11-25 23:43:52+00:00,215,False,0.4977253079414367,sentence-transformers/all-mpnet-base-v2,confirmatory,True,True
1993466831252926864,HOOD,False,,60,complete,True,0.0632885870080917,0.0034349175280709,0.0,0.0024686517521656,0.0010353669234942,13891.0,0.0035687533395987,0.9332592668155888,87.8194514433806,False,605700792,2025-11-25 23:48:24+00:00,216,False,0.2736319899559021,sentence-transformers/all-mpnet-base-v2,confirmatory,True,True
1993536039651361023,HOOD,False,,60,complete,True,0.0632885870080917,0.0034349175280709,0.0,0.0024686517521656,0.0010353669234942,13891.0,0.0035687533395987,0.9332592668155888,87.8194514433806,False,605700792,2025-11-26 04:23:24+00:00,217,False,0.5483817458152771,sentence-transformers/all-mpnet-base-v2,confirmatory,True,True
1993548974805168280,BOX,False,,41,partial,True,0.001665383030639,0.0012082131938418,0.0,0.004194744965337,0.0002853285700803,3.0,0.0043965047038567,-10.466991688402995,0.0,False,914061,2025-11-26 05:14:48+00:00,262,False,0.2505912780761719,sentence-transformers/all-mpnet-base-v2,confirmatory,True,True
1993749333695668729,CRM,False,,27,insufficient,False,-0.0034769869307247,0.0006539899551303,4.0,0.0008601445308332,0.0004317505862432,1469.0,0.0011613137631727,-0.4774853405451593,29.748127978216477,False,22330739,2025-11-26 18:30:57+00:00,181,False,0.5618100166320801,sentence-transformers/all-mpnet-base-v2,confirmatory,True,False
1993755895608533022,QCOM,False,,29,partial,True,0.0016683376663819,0.0006048540798462,4.0,0.0009476882220797,0.0005636901752572,2138.0,0.0014189505937958,-0.6081960574833116,21.796071094480823,False,234930762,2025-11-26 18:57:02+00:00,80,False,0.4057158827781677,sentence-transformers/all-mpnet-base-v2,confirmatory,True,True
1993765804903682479,HOOD,False,,60,complete,True,-0.00064920392602,0.0009274683886989,5.0,0.0012864632027318,0.0005528423224853,6233.0,0.0019156052701326,-0.6493620322319723,25.66982191561046,False,605700792,2025-11-26 19:36:24+00:00,218,False,0.7071632146835327,sentence-transformers/all-mpnet-base-v2,confirmatory,True,True
1993906667877195970,BOX,False,,37,partial,True,-0.0058058720241739,0.000777090792546,0.0,0.004194744965337,0.0002853285700803,3.0,0.0043965047038567,-11.97795990716351,0.0,False,914061,2025-11-27 04:56:09+00:00,262,False,0.2226905822753906,sentence-transformers/all-mpnet-base-v2,confirmatory,True,True
1994083411137577126,BOX,False,,37,partial,True,-0.0058058720241739,0.000777090792546,0.0,0.004194744965337,0.0002853285700803,3.0,0.0043965047038567,-11.97795990716351,0.0,False,914061,2025-11-27 16:38:28+00:00,262,False,0.2158979177474975,sentence-transformers/all-mpnet-base-v2,confirmatory,True,True
1994108974199648351,QCOM,False,,52,partial,True,0.0039826559461721,0.0009672063825103,0.0,0.0017324859379107,0.0009055282058883,4816.0,0.0031227343684163,-0.8451195119312696,20.24501661129568,False,234930762,2025-11-27 18:20:02+00:00,81,False,0.3486783504486084,sentence-transformers/all-mpnet-base-v2,confirmatory,True,True
1994452989067633088,QCOM,False,,45,partial,True,0.002242200983247,0.0005707309605468,2.0,0.001322062776426,0.0006958446398886,1733.0,0.002085494805309,-1.079740753624712,9.578765147143685,False,234930762,2025-11-28 17:07:02+00:00,82,False,0.2782089710235595,sentence-transformers/all-mpnet-base-v2,confirmatory,True,True
1994536868395061469,BOX,False,,47,partial,True,0.0075598992062888,0.0018774181976542,0.0,0.004194744965337,0.0002853285700803,3.0,0.0043965047038567,-8.121607895872854,0.0,False,914061,2025-11-28 22:40:20+00:00,262,False,0.4042644500732422,sentence-transformers/all-mpnet-base-v2,confirmatory,True,True
1994563889657516439,BOX,False,,47,partial,True,0.0075598992062888,0.0018774181976542,0.0,0.004194744965337,0.0002853285700803,3.0,0.0043965047038567,-8.121607895872854,0.0,False,914061,2025-11-29 00:27:43+00:00,262,False,0.2247205972671508,sentence-transformers/all-mpnet-base-v2,confirmatory,True,True
1994592263230664939,CRM,False,,54,partial,True,0.0065601480156991,0.0009063958104095,0.0,0.0015879446050451,0.000617919264544,3112.0,0.0022651270721544,-1.1029738571730534,9.897172236503856,False,22330739,2025-11-29 02:20:27+00:00,182,False,0.6524354815483093,sentence-transformers/all-mpnet-base-v2,confirmatory,True,True
1994595873901494465,CRM,False,,54,partial,True,0.0065601480156991,0.0009063958104095,0.0,0.0015879446050451,0.000617919264544,3112.0,0.0022651270721544,-1.1029738571730534,9.897172236503856,False,22330739,2025-11-29 02:34:48+00:00,183,False,0.4851747155189514,sentence-transformers/all-mpnet-base-v2,confirmatory,True,True
1994600555260645629,CRM,False,,54,partial,True,0.0065601480156991,0.0009063958104095,0.0,0.0015879446050451,0.000617919264544,3112.0,0.0022651270721544,-1.1029738571730534,9.897172236503856,False,22330739,2025-11-29 02:53:24+00:00,184,False,0.3733726739883423,sentence-transformers/all-mpnet-base-v2,confirmatory,True,True
1994876287157244070,BOX,False,,47,partial,True,0.0075598992062888,0.0018774181976542,0.0,0.004194744965337,0.0002853285700803,3.0,0.0043965047038567,-8.121607895872854,0.0,False,914061,2025-11-29 21:09:04+00:00,263,False,0.4220697283744812,sentence-transformers/all-mpnet-base-v2,confirmatory,True,True
1994900315292979426,BOX,False,,47,partial,True,0.0075598992062888,0.0018774181976542,0.0,0.004194744965337,0.0002853285700803,3.0,0.0043965047038567,-8.121607895872854,0.0,False,914061,2025-11-29 22:44:33+00:00,264,False,0.116199254989624,sentence-transformers/all-mpnet-base-v2,confirmatory,True,True
1994922827208663383,HOOD,False,,60,complete,True,-0.0543944858539894,0.0027840404777919,0.0,0.0024686517521656,0.0010353669234942,13891.0,0.0035687533395987,0.3046154155300918,72.85292635519401,False,605700792,2025-11-30 00:14:00+00:00,216,False,0.7473608255386353,sentence-transformers/all-mpnet-base-v2,confirmatory,True,True
1994922834477351317,HOOD,False,,60,complete,True,-0.0543944858539894,0.0027840404777919,0.0,0.0024686517521656,0.0010353669234942,13891.0,0.0035687533395987,0.3046154155300918,72.85292635519401,False,605700792,2025-11-30 00:14:02+00:00,217,False,0.6465021967887878,sentence-transformers/all-mpnet-base-v2,confirmatory,True,True
1994963677666333024,HOOD,False,,60,complete,True,-0.0543944858539894,0.0027840404777919,0.0,0.0024686517521656,0.0010353669234942,13891.0,0.0035687533395987,0.3046154155300918,72.85292635519401,False,605700792,2025-11-30 02:56:20+00:00,218,False,0.7179644107818604,sentence-transformers/all-mpnet-base-v2,confirmatory,True,True
1994973635912597602,CRM,False,,54,partial,True,0.0065601480156991,0.0009063958104095,0.0,0.0015879446050451,0.000617919264544,3112.0,0.0022651270721544,-1.1029738571730534,9.897172236503856,False,22330739,2025-11-30 03:35:54+00:00,185,False,0.4639844894409179,sentence-transformers/all-mpnet-base-v2,confirmatory,True,True
1995208111259599257,BOX,False,,47,partial,True,0.0075598992062888,0.0018774181976542,0.0,0.004194744965337,0.0002853285700803,3.0,0.0043965047038567,-8.121607895872854,0.0,False,914061,2025-11-30 19:07:37+00:00,263,False,0.6774975061416626,sentence-transformers/all-mpnet-base-v2,confirmatory,True,True
1995265513669472492,HOOD,False,,60,complete,True,-0.0543944858539894,0.0027840404777919,0.0,0.0024686517521656,0.0010353669234942,13891.0,0.0035687533395987,0.3046154155300918,72.85292635519401,False,605700792,2025-11-30 22:55:43+00:00,218,False,0.6045989394187927,sentence-transformers/all-mpnet-base-v2,confirmatory,True,True
1995289421244244415,CRM,False,,54,partial,True,0.0065601480156991,0.0009063958104095,0.0,0.0015879446050451,0.000617919264544,3112.0,0.0022651270721544,-1.1029738571730534,9.897172236503856,False,22330739,2025-12-01 00:30:43+00:00,186,False,0.6890897750854492,sentence-transformers/all-mpnet-base-v2,confirmatory,True,True
1995616112609010075,CRM,False,,54,partial,True,0.0024670301795588,0.0010876080286712,0.0,0.0015879446050451,0.000617919264544,3112.0,0.0022651270721544,-0.8097118913150733,20.24421593830334,False,22330739,2025-12-01 22:08:52+00:00,187,False,0.4279505014419555,sentence-transformers/all-mpnet-base-v2,confirmatory,True,True
1995629080897810492,HOOD,False,,59,partial,True,0.0254356463798153,0.0023846153798285,0.0,0.0024686517521656,0.0010353669234942,13891.0,0.0035687533395987,-0.081165788118346,56.15146497732345,False,605700792,2025-12-01 23:00:24+00:00,218,False,0.6853053569793701,sentence-transformers/all-mpnet-base-v2,confirmatory,True,True
1995629083766702163,HOOD,False,,59,partial,True,0.0254356463798153,0.0023846153798285,0.0,0.0024686517521656,0.0010353669234942,13891.0,0.0035687533395987,-0.081165788118346,56.15146497732345,False,605700792,2025-12-01 23:00:25+00:00,219,False,0.7196015119552612,sentence-transformers/all-mpnet-base-v2,confirmatory,True,True
1995676190913560798,BOX,False,,47,partial,True,0.0100344970288783,0.0012917683130662,0.0,0.004194744965337,0.0002853285700803,3.0,0.0043965047038567,-10.174153438097925,0.0,False,914061,2025-12-02 02:07:36+00:00,261,False,0.2732977271080017,sentence-transformers/all-mpnet-base-v2,confirmatory,True,True
1995702688374554996,CRM,False,,54,partial,True,0.0024670301795588,0.0010876080286712,0.0,0.0015879446050451,0.000617919264544,3112.0,0.0022651270721544,-0.8097118913150733,20.24421593830334,False,22330739,2025-12-02 03:52:53+00:00,188,False,0.3745216131210327,sentence-transformers/all-mpnet-base-v2,confirmatory,True,True
1995762727004889133,CRM,False,,54,partial,True,0.0024670301795588,0.0010876080286712,0.0,0.0015879446050451,0.000617919264544,3112.0,0.0022651270721544,-0.8097118913150733,20.24421593830334,False,22330739,2025-12-02 07:51:28+00:00,189,False,0.557619571685791,sentence-transformers/all-mpnet-base-v2,confirmatory,True,True
1995870549348659609,HOOD,False,,59,partial,True,-0.0056306201764443,0.0020249655607808,0.0,0.0024686517521656,0.0010353669234942,13891.0,0.0035687533395987,-0.4285303898712137,35.79295947016053,False,605700792,2025-12-02 14:59:55+00:00,219,False,0.5600649118423462,sentence-transformers/all-mpnet-base-v2,confirmatory,True,True
1995885002249338883,HOOD,False,,59,partial,True,-0.0003366594453848,0.0017626163980804,1.0,0.0017163780306508,0.0006345735237307,13323.0,0.0024248767060085,0.0728652641505893,61.382571492907005,False,605700792,2025-12-02 15:57:20+00:00,220,False,0.3968710303306579,sentence-transformers/all-mpnet-base-v2,confirmatory,True,True
1995886909781147962,BOX,False,,52,partial,True,0.0055668460921177,0.0006455974132017,1.0,0.0013670565185054,9.769056425029918e-05,43.0,0.0014788781460496,-7.38514626095593,0.0,False,914061,2025-12-02 16:04:55+00:00,262,False,0.3553752899169922,sentence-transformers/all-mpnet-base-v2,confirmatory,True,True
1996114346423066903,BOX,True,"earnings(BOX, 2025-12-02 21:00:00+00:00->2025-12-03 21:00:00+00:00)",55,partial,False,0.0767411413666467,0.0046094487874806,0.0,0.004194744965337,0.0002853285700803,3.0,0.0043965047038567,1.4534255087977368,100.0,True,914061,2025-12-03 07:08:40+00:00,261,False,0.2921785116195678,sentence-transformers/all-mpnet-base-v2,confirmatory,True,False
1996240388940804171,BOX,True,"earnings(BOX, 2025-12-02 21:00:00+00:00->2025-12-03 21:00:00+00:00)",55,partial,False,-0.0131437452577124,0.0019624943163261,1.0,0.0013670565185054,9.769056425029918e-05,43.0,0.0014788781460496,6.095141351575146,100.0,True,914061,2025-12-03 15:29:31+00:00,262,False,0.7954596281051636,sentence-transformers/all-mpnet-base-v2,confirmatory,True,False
1996270789385969821,HOOD,False,,56,partial,True,0.0066894153176026,0.0010463862543855,3.0,0.0015068207603171,0.000909155016159,8915.0,0.0022131931570161,-0.5064422433446604,26.10207515423444,False,605700792,2025-12-03 17:30:19+00:00,218,False,0.3367939591407776,sentence-transformers/all-mpnet-base-v2,confirmatory,True,True
1996279106678497380,HOOD,False,,57,partial,True,-0.0043656122024868,0.0008790309662629,3.0,0.0015068207603171,0.000909155016159,8915.0,0.0022131931570161,-0.6905200795200523,11.104879416713406,False,605700792,2025-12-03 18:03:22+00:00,219,False,0.5629308819770813,sentence-transformers/all-mpnet-base-v2,confirmatory,True,True
1996290400601198921,CRM,False,,50,partial,True,0.0019903605302336,0.0005272089385996,4.0,0.0008601445308332,0.0004317505862432,1469.0,0.0011613137631727,-0.7711294502934584,10.619469026548671,False,22330739,2025-12-03 18:48:15+00:00,190,False,0.5013529658317566,sentence-transformers/all-mpnet-base-v2,confirmatory,True,True
1996324866434503042,CRM,True,"earnings(CRM, 2025-12-03 21:00:00+00:00->2025-12-04 21:00:00+00:00)",4,insufficient,False,0.048775979950155,0.0011772596749357,6.0,,,,,,,False,22330739,2025-12-03 21:05:12+00:00,191,False,0.4711865186691284,sentence-transformers/all-mpnet-base-v2,confirmatory,True,False
1996325288754679870,CRM,True,"earnings(CRM, 2025-12-03 21:00:00+00:00->2025-12-04 21:00:00+00:00)",4,insufficient,False,0.048775979950155,0.0011772596749357,6.0,,,,,,,False,22330739,2025-12-03 21:06:53+00:00,192,False,0.464068591594696,sentence-transformers/all-mpnet-base-v2,confirmatory,True,False
1996325436142567930,CRM,True,"earnings(CRM, 2025-12-03 21:00:00+00:00->2025-12-04 21:00:00+00:00)",4,insufficient,False,0.048775979950155,0.0011772596749357,6.0,,,,,,,False,22330739,2025-12-03 21:07:28+00:00,193,False,0.4563623666763305,sentence-transformers/all-mpnet-base-v2,confirmatory,True,False
1996358156453310773,HOOD,False,,56,partial,True,0.0128112102051283,0.0030456210154058,0.0,0.0024686517521656,0.0010353669234942,13891.0,0.0035687533395987,0.5572606678345589,79.80706932546254,False,605700792,2025-12-03 23:17:29+00:00,220,False,0.7017033100128174,sentence-transformers/all-mpnet-base-v2,confirmatory,True,True
1996360435583594905,CRM,True,"earnings(CRM, 2025-12-03 21:00:00+00:00->2025-12-04 21:00:00+00:00)",60,complete,False,0.0229900219797192,0.0039471724151837,0.0,0.0015879446050451,0.000617919264544,3112.0,0.0022651270721544,3.818019514053477,99.32519280205656,True,22330739,2025-12-03 23:26:33+00:00,194,False,0.4200595617294311,sentence-transformers/all-mpnet-base-v2,confirmatory,True,False
1996371808787071265,CRM,True,"earnings(CRM, 2025-12-03 21:00:00+00:00->2025-12-04 21:00:00+00:00)",60,complete,False,0.0229900219797192,0.0039471724151837,0.0,0.0015879446050451,0.000617919264544,3112.0,0.0022651270721544,3.818019514053477,99.32519280205656,True,22330739,2025-12-04 00:11:44+00:00,195,False,0.4908856749534607,sentence-transformers/all-mpnet-base-v2,confirmatory,True,False
1996597609587470504,MSFT,False,,60,complete,True,-0.0036788720199755,0.0004626731242627,0.0,0.0008174575401678,0.0003989604251514,14622.0,0.0012105221411381,-0.8892722023003272,7.926412255505403,False,20571756,2025-12-04 15:08:59+00:00,127,False,0.4069033861160278,sentence-transformers/all-mpnet-base-v2,null_baseline,True,False
1996635903943758100,HOOD,False,,54,partial,True,-6.540375841712631e-05,0.0007789745643499,3.0,0.0015068207603171,0.000909155016159,8915.0,0.0022131931570161,-0.8005743608413756,4.8233314638250135,False,605700792,2025-12-04 17:41:09+00:00,221,False,0.3710808157920837,sentence-transformers/all-mpnet-base-v2,confirmatory,True,True
1996640861103555013,HOOD,False,,47,partial,True,0.0020866657804948,0.0007555978158632,3.0,0.0015068207603171,0.000909155016159,8915.0,0.0022131931570161,-0.8262869709806612,3.8586651710600113,False,605700792,2025-12-04 18:00:51+00:00,222,False,0.5874444246292114,sentence-transformers/all-mpnet-base-v2,confirmatory,True,True
1996733865638117827,CRM,False,,60,complete,True,0.0348711767097453,0.002053789961732,0.0,0.0015879446050451,0.000617919264544,3112.0,0.0022651270721544,0.753893564122239,81.20179948586119,False,22330739,2025-12-05 00:10:25+00:00,196,False,0.7502565383911133,sentence-transformers/all-mpnet-base-v2,confirmatory,True,True
1996830500053532707,CRM,False,,60,complete,True,0.0348711767097453,0.002053789961732,0.0,0.0015879446050451,0.000617919264544,3112.0,0.0022651270721544,0.753893564122239,81.20179948586119,False,22330739,2025-12-05 06:34:25+00:00,197,False,0.2523200511932373,sentence-transformers/all-mpnet-base-v2,confirmatory,True,True
1997014930273587423,BOX,False,,39,partial,True,-0.0056587065266944,0.0004395989242629,4.0,0.0006705297706363,0.0,1.0,0.0006705297706363,,0.0,False,914061,2025-12-05 18:47:16+00:00,260,False,0.2929528951644897,sentence-transformers/all-mpnet-base-v2,confirmatory,True,True
1997096186981785964,HOOD,False,,58,partial,True,0.0114500144283775,0.0021746980927976,0.0,0.0024686517521656,0.0010353669234942,13891.0,0.0035687533395987,-0.2839125460719741,44.68360809157008,False,605700792,2025-12-06 00:10:09+00:00,222,False,0.7286546230316162,sentence-transformers/all-mpnet-base-v2,confirmatory,True,True
1997152030507556962,BOX,False,,36,partial,True,0.0026684242329382,0.0020095802157426,0.0,0.004194744965337,0.0002853285700803,3.0,0.0043965047038567,-7.658415520671229,0.0,False,914061,2025-12-06 03:52:04+00:00,259,False,0.2561643123626709,sentence-transformers/all-mpnet-base-v2,confirmatory,True,True
1997465631650955504,BOX,False,,36,partial,True,0.0026684242329382,0.0020095802157426,0.0,0.004194744965337,0.0002853285700803,3.0,0.0043965047038567,-7.658415520671229,0.0,False,914061,2025-12-07 00:38:12+00:00,260,False,0.2396653890609741,sentence-transformers/all-mpnet-base-v2,confirmatory,True,True
1997503730674196589,HOOD,False,,58,partial,True,0.0114500144283775,0.0021746980927976,0.0,0.0024686517521656,0.0010353669234942,13891.0,0.0035687533395987,-0.2839125460719741,44.68360809157008,False,605700792,2025-12-07 03:09:35+00:00,218,False,0.3574965000152588,sentence-transformers/all-mpnet-base-v2,confirmatory,True,True
1997768912042369366,BOX,False,,36,partial,True,0.0026684242329382,0.0020095802157426,0.0,0.004194744965337,0.0002853285700803,3.0,0.0043965047038567,-7.658415520671229,0.0,False,914061,2025-12-07 20:43:20+00:00,258,False,0.4146994352340698,sentence-transformers/all-mpnet-base-v2,confirmatory,True,True
1997881396447297603,HOOD,False,,58,partial,True,0.0114500144283775,0.0021746980927976,0.0,0.0024686517521656,0.0010353669234942,13891.0,0.0035687533395987,-0.2839125460719741,44.68360809157008,False,605700792,2025-12-08 04:10:18+00:00,215,False,0.4263725280761719,sentence-transformers/all-mpnet-base-v2,confirmatory,True,True
1997947021924422135,CRM,False,,57,partial,True,0.0068161396690396,0.0022796937599233,0.0,0.0015879446050451,0.000617919264544,3112.0,0.0022651270721544,1.119481451009056,90.3598971722365,True,22330739,2025-12-08 08:31:04+00:00,198,False,0.6821135878562927,sentence-transformers/all-mpnet-base-v2,confirmatory,True,True
1998123852615045400,HOOD,False,,43,partial,True,-0.0015894270198814,0.0009337501557283,5.0,0.0012864632027318,0.0005528423224853,6233.0,0.0019156052701326,-0.6379993583304718,26.616396598748597,False,605700792,2025-12-08 20:13:44+00:00,216,False,0.6819106936454773,sentence-transformers/all-mpnet-base-v2,confirmatory,True,True
1998167470356775347,HOOD,False,,60,complete,True,0.009391057709996,0.0020332922778555,0.0,0.0024686517521656,0.0010353669234942,13891.0,0.0035687533395987,-0.4204881037156888,36.35447411993377,False,605700792,2025-12-08 23:07:03+00:00,217,False,0.6881585717201233,sentence-transformers/all-mpnet-base-v2,confirmatory,True,True
1998247121271824796,BOX,False,,44,partial,True,-0.0030531595442429,0.0011543023869284,0.0,0.004194744965337,0.0002853285700803,3.0,0.0043965047038567,-10.655934586403784,0.0,False,914061,2025-12-09 04:23:34+00:00,256,False,0.2195206880569458,sentence-transformers/all-mpnet-base-v2,confirmatory,True,True
1998376337938039091,MSFT,False,,60,complete,True,-0.0016599438411974,0.0006098128658565,0.0,0.0008174575401678,0.0003989604251514,14622.0,0.0012105221411381,-0.5204643398714884,28.210915059499385,False,20571756,2025-12-09 12:57:01+00:00,126,False,0.4569049477577209,sentence-transformers/all-mpnet-base-v2,null_baseline,True,False
1998424249611211263,MSFT,False,,59,partial,True,0.0021035644920481,0.0002844939857565,1.0,0.0006167743380345,0.0002611472895039,13108.0,0.0008656246689829,-1.2723867550344017,2.311565456209948,False,20571756,2025-12-09 16:07:24+00:00,127,False,0.6514458656311035,sentence-transformers/all-mpnet-base-v2,null_baseline,True,False
1998424250966053164,MSFT,False,,59,partial,True,0.0021035644920481,0.0002844939857565,1.0,0.0006167743380345,0.0002611472895039,13108.0,0.0008656246689829,-1.2723867550344017,2.311565456209948,False,20571756,2025-12-09 16:07:25+00:00,128,False,0.6766045093536377,sentence-transformers/all-mpnet-base-v2,null_baseline,True,False
1998442329636745505,HOOD,False,,56,partial,True,0.0001667317175783,0.0009374186463542,2.0,0.001537110318051,0.0006474939279101,10131.0,0.0021891213272673,-0.9261734293515114,8.24202941466785,False,605700792,2025-12-09 17:19:15+00:00,217,False,0.7322568297386169,sentence-transformers/all-mpnet-base-v2,confirmatory,True,True
1998470844457402627,HOOD,False,,57,partial,True,0.0063861509378024,0.0006178572181762,4.0,0.0013431431635813,0.0006582170574046,9575.0,0.0020093680065816,-1.1018947887264057,0.3446475195822454,False,605700792,2025-12-09 19:12:33+00:00,218,False,0.6486817598342896,sentence-transformers/all-mpnet-base-v2,confirmatory,True,True
1998597578678829449,BOX,False,,42,partial,True,-0.0236334259270841,0.0014527312487385,0.0,0.004194744965337,0.0002853285700803,3.0,0.0043965047038567,-9.610021582578204,0.0,False,914061,2025-12-10 03:36:09+00:00,257,False,0.130615234375,sentence-transformers/all-mpnet-base-v2,confirmatory,True,True
1998612691603304922,HOOD,False,,59,partial,True,-0.0023400238365803,0.0021677274804904,0.0,0.0024686517521656,0.0010353669234942,13891.0,0.0035687533395987,-0.2906450504132256,44.22287812252538,False,605700792,2025-12-10 04:36:12+00:00,219,False,0.5780201554298401,sentence-transformers/all-mpnet-base-v2,confirmatory,True,True
1998643116975546493,MSFT,False,,59,partial,True,-0.0229182988566074,0.0009179940256324,,,,,,,,False,20571756,2025-12-10 06:37:06+00:00,129,False,0.4756776094436645,sentence-transformers/all-mpnet-base-v2,null_baseline,True,False
1998943350377034124,HOOD,False,,60,complete,True,-0.0629976894984933,0.0037358911022886,0.0,0.0024686517521656,0.0010353669234942,13891.0,0.0035687533395987,1.2239519356541353,91.71405946296164,True,605700792,2025-12-11 02:30:07+00:00,219,False,0.7549257278442383,sentence-transformers/all-mpnet-base-v2,confirmatory,True,True
1998948292240224313,HOOD,False,,60,complete,True,-0.0629976894984933,0.0037358911022886,0.0,0.0024686517521656,0.0010353669234942,13891.0,0.0035687533395987,1.2239519356541353,91.71405946296164,True,605700792,2025-12-11 02:49:46+00:00,220,False,0.5329791903495789,sentence-transformers/all-mpnet-base-v2,confirmatory,True,True
1998949881680113992,HOOD,False,,60,complete,True,-0.0629976894984933,0.0037358911022886,0.0,0.0024686517521656,0.0010353669234942,13891.0,0.0035687533395987,1.2239519356541353,91.71405946296164,True,605700792,2025-12-11 02:56:05+00:00,221,False,0.7018134593963623,sentence-transformers/all-mpnet-base-v2,confirmatory,True,True
1998987907131125935,MSFT,False,,60,complete,True,0.0053637224207762,0.0009223880834658,0.0,0.0008174575401678,0.0003989604251514,14622.0,0.0012105221411381,0.2630099044488095,73.09533579537683,False,20571756,2025-12-11 05:27:11+00:00,130,False,0.3630947470664978,sentence-transformers/all-mpnet-base-v2,null_baseline,True,False
1999015482482110774,HOOD,False,,60,complete,True,-0.0629976894984933,0.0037358911022886,0.0,0.0024686517521656,0.0010353669234942,13891.0,0.0035687533395987,1.2239519356541353,91.71405946296164,True,605700792,2025-12-11 07:16:45+00:00,222,False,0.6457595229148865,sentence-transformers/all-mpnet-base-v2,confirmatory,True,True
1999055307738321153,MSFT,False,,60,complete,True,0.0053637224207762,0.0009223880834658,0.0,0.0008174575401678,0.0003989604251514,14622.0,0.0012105221411381,0.2630099044488095,73.09533579537683,False,20571756,2025-12-11 09:55:00+00:00,131,False,0.3388909101486206,sentence-transformers/all-mpnet-base-v2,null_baseline,True,False
1999183430140198938,MSFT,False,,60,complete,True,0.0074179438223747,0.0005691933730956,3.0,0.0005162286279595,0.0003998599403704,9792.0,0.0006680850669626,0.1324582429713701,74.36683006535948,False,20571756,2025-12-11 18:24:07+00:00,132,False,0.4738931655883789,sentence-transformers/all-mpnet-base-v2,null_baseline,True,False
1999183482048905583,MSFT,False,,60,complete,True,0.0074179438223747,0.0005691933730956,3.0,0.0005162286279595,0.0003998599403704,9792.0,0.0006680850669626,0.1324582429713701,74.36683006535948,False,20571756,2025-12-11 18:24:19+00:00,133,False,0.492181658744812,sentence-transformers/all-mpnet-base-v2,null_baseline,True,False
1999183534053879967,MSFT,False,,60,complete,True,0.0074179438223747,0.0005691933730956,3.0,0.0005162286279595,0.0003998599403704,9792.0,0.0006680850669626,0.1324582429713701,74.36683006535948,False,20571756,2025-12-11 18:24:32+00:00,134,False,0.6120946407318115,sentence-transformers/all-mpnet-base-v2,null_baseline,True,False
1999183536277098925,MSFT,False,,60,complete,True,0.0074179438223747,0.0005691933730956,3.0,0.0005162286279595,0.0003998599403704,9792.0,0.0006680850669626,0.1324582429713701,74.36683006535948,False,20571756,2025-12-11 18:24:32+00:00,134,False,0.551134467124939,sentence-transformers/all-mpnet-base-v2,null_baseline,True,False
1999191612321391058,BOX,False,,33,partial,True,-0.0016968647166012,0.0006284425668465,4.0,0.0006705297706363,0.0,1.0,0.0006705297706363,,0.0,False,914061,2025-12-11 18:56:38+00:00,256,False,0.4354571104049682,sentence-transformers/all-mpnet-base-v2,confirmatory,True,True
1999246017506738190,QCOM,False,,55,partial,True,0.0032215523560363,0.0009944466083362,0.0,0.0017324859379107,0.0009055282058883,4816.0,0.0031227343684163,-0.8150373724144818,21.906146179401993,False,234930762,2025-12-11 22:32:49+00:00,72,False,0.3197020292282104,sentence-transformers/all-mpnet-base-v2,confirmatory,True,True
1999277930938290615,HOOD,False,,60,complete,True,-0.0110700201844428,0.0023442875168589,0.0,0.0024686517521656,0.0010353669234942,13891.0,0.0035687533395987,-0.1201160984426187,54.15016917428551,False,605700792,2025-12-12 00:39:38+00:00,223,False,0.5626744627952576,sentence-transformers/all-mpnet-base-v2,confirmatory,True,True
1999335048311636437,QCOM,False,,55,partial,True,0.0032215523560363,0.0009944466083362,0.0,0.0017324859379107,0.0009055282058883,4816.0,0.0031227343684163,-0.8150373724144818,21.906146179401993,False,234930762,2025-12-12 04:26:36+00:00,73,False,0.21445232629776,sentence-transformers/all-mpnet-base-v2,confirmatory,True,True
1999359216310714844,BOX,False,,49,partial,True,0.0093193935415203,0.0011881818750756,0.0,0.004194744965337,0.0002853285700803,3.0,0.0043965047038567,-10.537196080345351,0.0,False,914061,2025-12-12 06:02:38+00:00,256,False,0.3644287586212158,sentence-transformers/all-mpnet-base-v2,confirmatory,True,True
1999384095881884119,MSFT,False,,60,complete,True,-0.0030609132843726,0.0008109705224069,0.0,0.0008174575401678,0.0003989604251514,14622.0,0.0012105221411381,-0.0162598026069173,59.5814526056627,False,20571756,2025-12-12 07:41:29+00:00,136,False,0.5846419334411621,sentence-transformers/all-mpnet-base-v2,null_baseline,True,False
1999388548097810772,MSFT,False,,60,complete,True,-0.0030609132843726,0.0008109705224069,0.0,0.0008174575401678,0.0003989604251514,14622.0,0.0012105221411381,-0.0162598026069173,59.5814526056627,False,20571756,2025-12-12 07:59:11+00:00,137,False,0.4437130689620971,sentence-transformers/all-mpnet-base-v2,null_baseline,True,False
1999531307823780343,BOX,False,,26,insufficient,False,-0.0051669238791762,0.0006362307314606,2.0,,,,,,,False,914061,2025-12-12 17:26:27+00:00,257,False,0.3643003702163696,sentence-transformers/all-mpnet-base-v2,confirmatory,True,False
1999630132210991306,CRM,False,,59,partial,True,-0.0322050966912285,0.001624227478425,0.0,0.0015879446050451,0.000617919264544,3112.0,0.0022651270721544,0.05871782199034,59.350899742930594,False,22330739,2025-12-12 23:59:09+00:00,199,False,0.5705174803733826,sentence-transformers/all-mpnet-base-v2,confirmatory,True,True
1999672264967745792,CRM,False,,59,partial,True,-0.0322050966912285,0.001624227478425,0.0,0.0015879446050451,0.000617919264544,3112.0,0.0022651270721544,0.05871782199034,59.350899742930594,False,22330739,2025-12-13 02:46:34+00:00,200,False,0.5057112574577332,sentence-transformers/all-mpnet-base-v2,confirmatory,True,True
1999725887626125445,BOX,False,,41,partial,True,0.0019964067796364,0.0019790585445129,0.0,0.004194744965337,0.0002853285700803,3.0,0.0043965047038567,-7.765385780330418,0.0,False,914061,2025-12-13 06:19:39+00:00,257,False,0.2128269076347351,sentence-transformers/all-mpnet-base-v2,confirmatory,True,True
2000299000973660249,CRM,False,,59,partial,True,-0.0322050966912285,0.001624227478425,0.0,0.0015879446050451,0.000617919264544,3112.0,0.0022651270721544,0.05871782199034,59.350899742930594,False,22330739,2025-12-14 20:17:00+00:00,201,False,0.7176013588905334,sentence-transformers/all-mpnet-base-v2,confirmatory,True,True
2000340341132816555,CRM,False,,59,partial,True,-0.0322050966912285,0.001624227478425,0.0,0.0015879446050451,0.000617919264544,3112.0,0.0022651270721544,0.05871782199034,59.350899742930594,False,22330739,2025-12-14 23:01:16+00:00,202,False,0.6870517730712891,sentence-transformers/all-mpnet-base-v2,confirmatory,True,True
2000439482957619580,BOX,False,,41,partial,True,0.0019964067796364,0.0019790585445129,0.0,0.004194744965337,0.0002853285700803,3.0,0.0043965047038567,-7.765385780330418,0.0,False,914061,2025-12-15 05:35:13+00:00,256,False,0.1608208417892456,sentence-transformers/all-mpnet-base-v2,confirmatory,True,True
2000654136061370651,HOOD,False,,59,partial,True,-0.0164028680152562,0.001101740533862,5.0,0.0012864632027318,0.0005528423224853,6233.0,0.0019156052701326,-0.3341326475140772,46.68698860901653,False,605700792,2025-12-15 19:48:11+00:00,218,False,0.6116049289703369,sentence-transformers/all-mpnet-base-v2,confirmatory,True,True
2000683801174008242,QCOM,True,"jobs_report(ALL, 2025-12-16 13:30:00+00:00->2025-12-16 21:00:00+00:00)",57,partial,False,-0.0142834457102417,0.0014054297877187,0.0,0.0017324859379107,0.0009055282058883,4816.0,0.0031227343684163,-0.3611772091307463,49.56395348837209,False,234930762,2025-12-15 21:46:03+00:00,74,False,0.4690086841583252,sentence-transformers/all-mpnet-base-v2,confirmatory,True,False
2000772401815326894,BOX,True,"jobs_report(ALL, 2025-12-16 13:30:00+00:00->2025-12-16 21:00:00+00:00)",43,partial,False,0.0140099819803729,0.0011213002466743,0.0,0.004194744965337,0.0002853285700803,3.0,0.0043965047038567,-10.771598223749375,0.0,False,914061,2025-12-16 03:38:07+00:00,257,False,0.3487051725387573,sentence-transformers/all-mpnet-base-v2,confirmatory,True,False
2000951552060624945,QCOM,True,"jobs_report(ALL, 2025-12-16 13:30:00+00:00->2025-12-16 21:00:00+00:00)",59,partial,False,0.0007104846644869,0.0012307355278686,1.0,0.0014049941536428,0.0008717321533434,3575.0,0.0024544828179355,-0.1998992753747034,52.167832167832174,False,234930762,2025-12-16 15:30:00+00:00,75,False,0.343109130859375,sentence-transformers/all-mpnet-base-v2,confirmatory,True,False
2001079324460638565,HOOD,False,,60,complete,True,0.0431641277643504,0.0036324783297083,0.0,0.0024686517521656,0.0010353669234942,13891.0,0.0035687533395987,1.1240716224688496,90.7854006191059,True,605700792,2025-12-16 23:57:43+00:00,217,False,0.6294463872909546,sentence-transformers/all-mpnet-base-v2,confirmatory,True,True
2001108837214876066,HOOD,False,,60,complete,True,0.0431641277643504,0.0036324783297083,0.0,0.0024686517521656,0.0010353669234942,13891.0,0.0035687533395987,1.1240716224688496,90.7854006191059,True,605700792,2025-12-17 01:55:00+00:00,218,False,0.7317825555801392,sentence-transformers/all-mpnet-base-v2,confirmatory,True,True
2001271539170230505,SHOP,False,,59,partial,True,0.0430618873067265,0.0023108617466553,0.0,0.0021830597770019,0.0010972910583416,4468.0,0.0033168907278232,0.1164704375215045,66.87555953446733,False,676573,2025-12-17 12:41:31+00:00,0,True,,sentence-transformers/all-mpnet-base-v2,exploratory_only,True,False
2001343878650302667,BOX,False,,29,partial,True,-0.0019730045206414,0.0006164088090755,3.0,,,,,,,False,914061,2025-12-17 17:28:58+00:00,253,False,0.5057557821273804,sentence-transformers/all-mpnet-base-v2,confirmatory,True,True
2001419398167359612,SHOP,True,"cpi(ALL, 2025-12-18 13:30:00+00:00->2025-12-18 21:00:00+00:00)",57,partial,False,0.0376670588590275,0.0031436083347696,0.0,0.0021830597770019,0.0010972910583416,4468.0,0.0033168907278232,0.8753817416679587,87.10832587287378,False,676573,2025-12-17 22:29:03+00:00,1,True,,sentence-transformers/all-mpnet-base-v2,exploratory_only,True,False
2001447313319842258,CRM,True,"cpi(ALL, 2025-12-18 13:30:00+00:00->2025-12-18 21:00:00+00:00)",58,partial,False,-0.0094672829242345,0.0013591832805852,0.0,0.0015879446050451,0.000617919264544,3112.0,0.0022651270721544,-0.3702123199358608,37.56426735218509,False,22330739,2025-12-18 00:19:59+00:00,203,False,0.3642870187759399,sentence-transformers/all-mpnet-base-v2,confirmatory,True,False
2001471963722826117,SHOP,True,"cpi(ALL, 2025-12-18 13:30:00+00:00->2025-12-18 21:00:00+00:00)",57,partial,False,0.0376670588590275,0.0031436083347696,0.0,0.0021830597770019,0.0010972910583416,4468.0,0.0033168907278232,0.8753817416679587,87.10832587287378,False,676573,2025-12-18 01:57:56+00:00,2,True,,sentence-transformers/all-mpnet-base-v2,exploratory_only,True,False
2001485557613105175,HOOD,True,"cpi(ALL, 2025-12-18 13:30:00+00:00->2025-12-18 21:00:00+00:00)",60,complete,False,0.0472080733014446,0.0029562679289766,0.0,0.0024686517521656,0.0010353669234942,13891.0,0.0035687533395987,0.4709597783608624,77.88496148585415,False,605700792,2025-12-18 02:51:57+00:00,216,False,0.6540830731391907,sentence-transformers/all-mpnet-base-v2,confirmatory,True,False
2001487893685244103,HOOD,True,"cpi(ALL, 2025-12-18 13:30:00+00:00->2025-12-18 21:00:00+00:00)",60,complete,False,0.0472080733014446,0.0029562679289766,0.0,0.0024686517521656,0.0010353669234942,13891.0,0.0035687533395987,0.4709597783608624,77.88496148585415,False,605700792,2025-12-18 03:01:14+00:00,217,False,0.6397056579589844,sentence-transformers/all-mpnet-base-v2,confirmatory,True,False
2001678489028542736,QCOM,True,"cpi(ALL, 2025-12-18 13:30:00+00:00->2025-12-18 21:00:00+00:00)",53,partial,False,-0.0024611057002594,0.0006968608840702,1.0,0.0014049941536428,0.0008717321533434,3575.0,0.0024544828179355,-0.8123289554670776,18.48951048951049,False,234930762,2025-12-18 15:38:35+00:00,76,False,0.4032583236694336,sentence-transformers/all-mpnet-base-v2,confirmatory,True,False
2001749124593615024,BOX,True,"cpi(ALL, 2025-12-18 13:30:00+00:00->2025-12-18 21:00:00+00:00)",34,partial,False,0.0082323282915762,0.0006291811510614,5.0,0.0011560845445843,0.0002470170345756,55.0,0.001531028419464,-2.1330650107914164,0.0,False,914061,2025-12-18 20:19:16+00:00,253,False,0.5685672760009766,sentence-transformers/all-mpnet-base-v2,confirmatory,True,False
2001781015078146176,HOOD,False,,1,insufficient,False,0.0235134949233321,,,,,,,,,False,605700792,2025-12-18 22:25:59+00:00,218,False,0.3370904922485351,sentence-transformers/all-mpnet-base-v2,confirmatory,True,False
2001782195934134614,HOOD,False,,1,insufficient,False,0.0235134949233321,,,,,,,,,False,605700792,2025-12-18 22:30:41+00:00,219,False,0.5017344951629639,sentence-transformers/all-mpnet-base-v2,confirmatory,True,False
2001820756393758881,HOOD,False,,1,insufficient,False,0.0235134949233321,,,,,,,,,False,605700792,2025-12-19 01:03:55+00:00,220,False,0.6574128270149231,sentence-transformers/all-mpnet-base-v2,confirmatory,True,False
2001830061591454199,HOOD,False,,1,insufficient,False,0.0235134949233321,,,,,,,,,False,605700792,2025-12-19 01:40:53+00:00,221,False,0.6519150733947754,sentence-transformers/all-mpnet-base-v2,confirmatory,True,False
2001849089571590259,HOOD,False,,1,insufficient,False,0.0235134949233321,,,,,,,,,False,605700792,2025-12-19 02:56:30+00:00,222,False,0.5921474695205688,sentence-transformers/all-mpnet-base-v2,confirmatory,True,False
2001888559725506915,BOX,False,,34,partial,True,-0.0033886146685659,0.0009885541730133,0.0,0.004194744965337,0.0002853285700803,3.0,0.0043965047038567,-11.236837556858008,0.0,False,914061,2025-12-19 05:33:20+00:00,253,False,0.3203868865966797,sentence-transformers/all-mpnet-base-v2,confirmatory,True,True
2002114423843107255,HOOD,False,,32,partial,True,-0.0078420431019279,0.0018862731830625,6.0,,,,,,,False,605700792,2025-12-19 20:30:50+00:00,223,False,0.5000880360603333,sentence-transformers/all-mpnet-base-v2,confirmatory,True,True
2002156180559573460,HOOD,False,,59,partial,True,0.0022117092906168,0.0023000057264412,0.0,0.0024686517521656,0.0010353669234942,13891.0,0.0035687533395987,-0.1628852746765388,51.86091714059463,False,605700792,2025-12-19 23:16:46+00:00,224,False,0.5756176710128784,sentence-transformers/all-mpnet-base-v2,confirmatory,True,True
2002165900158644347,HOOD,False,,59,partial,True,0.0022117092906168,0.0023000057264412,0.0,0.0024686517521656,0.0010353669234942,13891.0,0.0035687533395987,-0.1628852746765388,51.86091714059463,False,605700792,2025-12-19 23:55:23+00:00,225,False,0.4473450779914856,sentence-transformers/all-mpnet-base-v2,confirmatory,True,True
2002233659957592280,HOOD,False,,59,partial,True,0.0022117092906168,0.0023000057264412,0.0,0.0024686517521656,0.0010353669234942,13891.0,0.0035687533395987,-0.1628852746765388,51.86091714059463,False,605700792,2025-12-20 04:24:38+00:00,226,False,0.6551297903060913,sentence-transformers/all-mpnet-base-v2,confirmatory,True,True
2002386197037924766,SHOP,False,,54,partial,True,0.0042533563594622,0.0021808789226912,0.0,0.0021830597770019,0.0010972910583416,4468.0,0.0033168907278232,-0.0019874893667389,61.369740376007165,False,676573,2025-12-20 14:30:46+00:00,3,True,,sentence-transformers/all-mpnet-base-v2,exploratory_only,True,False
2002463266698854809,SHOP,False,,54,partial,True,0.0042533563594622,0.0021808789226912,0.0,0.0021830597770019,0.0010972910583416,4468.0,0.0033168907278232,-0.0019874893667389,61.369740376007165,False,676573,2025-12-20 19:37:01+00:00,4,True,,sentence-transformers/all-mpnet-base-v2,exploratory_only,True,False
2002469986930217207,HOOD,False,,59,partial,True,0.0022117092906168,0.0023000057264412,0.0,0.0024686517521656,0.0010353669234942,13891.0,0.0035687533395987,-0.1628852746765388,51.86091714059463,False,605700792,2025-12-20 20:03:43+00:00,227,False,0.5841573476791382,sentence-transformers/all-mpnet-base-v2,confirmatory,True,True
2002476175965466736,BOX,False,,36,partial,True,0.0007568207070238,0.0012794143327004,0.0,0.004194744965337,0.0002853285700803,3.0,0.0043965047038567,-10.21745082104969,0.0,False,914061,2025-12-20 20:28:19+00:00,253,False,0.172780156135559,sentence-transformers/all-mpnet-base-v2,confirmatory,True,True
2002805101510197370,BOX,False,,36,partial,True,0.0007568207070238,0.0012794143327004,0.0,0.004194744965337,0.0002853285700803,3.0,0.0043965047038567,-10.21745082104969,0.0,False,914061,2025-12-21 18:15:21+00:00,252,False,0.3876005411148071,sentence-transformers/all-mpnet-base-v2,confirmatory,True,True
2003150133375172900,HOOD,False,,45,partial,True,0.0019581409249442,0.0009693864075057,2.0,0.001537110318051,0.0006474939279101,10131.0,0.0021891213272673,-0.8768019066645268,10.63073734083506,False,605700792,2025-12-22 17:06:23+00:00,228,False,0.4825692772865295,sentence-transformers/all-mpnet-base-v2,confirmatory,True,True
2003230394288848992,SHOP,False,,36,partial,True,-0.0118685822885332,0.0017697366382979,0.0,0.0021830597770019,0.0010972910583416,4468.0,0.0033168907278232,-0.3766759380401989,43.28558639212176,False,676573,2025-12-22 22:25:18+00:00,5,True,,sentence-transformers/all-mpnet-base-v2,exploratory_only,True,False
2003272570364198954,BOX,False,,39,partial,True,-0.0075214111605071,0.0008003185159002,0.0,0.004194744965337,0.0002853285700803,3.0,0.0043965047038567,-11.896552975682331,0.0,False,914061,2025-12-23 01:12:54+00:00,250,False,0.1171090006828308,sentence-transformers/all-mpnet-base-v2,confirmatory,True,True
2003274479678722528,HOOD,False,,59,partial,True,-0.0346849450234743,0.0018889497587369,0.0,0.0024686517521656,0.0010353669234942,13891.0,0.0035687533395987,-0.5599000511550253,28.666042761500258,False,605700792,2025-12-23 01:20:29+00:00,228,False,0.4209357500076294,sentence-transformers/all-mpnet-base-v2,confirmatory,True,True
2003533729080463698,HOOD,False,,46,partial,True,0.0012802287516808,0.0007347963484378,4.0,0.0013431431635813,0.0006582170574046,9575.0,0.0020093680065816,-0.92423435141925,6.046997389033942,False,605700792,2025-12-23 18:30:39+00:00,228,False,0.7492311000823975,sentence-transformers/all-mpnet-base-v2,confirmatory,True,True
2003547651028189685,CRM,False,,37,partial,True,0.0046704057257036,0.0004328245922755,4.0,0.0008601445308332,0.0004317505862432,1469.0,0.0011613137631727,-0.9897379463360366,2.722940776038121,False,22330739,2025-12-23 19:25:58+00:00,195,False,0.3863762617111206,sentence-transformers/all-mpnet-base-v2,confirmatory,True,True
2003586628145807568,SHOP,False,,44,partial,True,-0.0012380054165945,0.0016278482597929,0.0,0.0021830597770019,0.0010972910583416,4468.0,0.0033168907278232,-0.5059838162247019,33.460161145926584,False,676573,2025-12-23 22:00:51+00:00,6,True,,sentence-transformers/all-mpnet-base-v2,exploratory_only,True,False
2003588900523257878,BOX,False,,33,partial,True,-0.0035830077507765,0.0010431993373092,0.0,0.004194744965337,0.0002853285700803,3.0,0.0043965047038567,-11.045320933477113,0.0,False,914061,2025-12-23 22:09:53+00:00,249,False,0.3549495935440063,sentence-transformers/all-mpnet-base-v2,confirmatory,True,True
2003594067750584680,HOOD,False,,57,partial,True,-0.0046893852647632,0.0018441438496781,0.0,0.0024686517521656,0.0010353669234942,13891.0,0.0035687533395987,-0.6031754427501012,25.78648045497085,False,605700792,2025-12-23 22:30:25+00:00,229,False,0.6390733122825623,sentence-transformers/all-mpnet-base-v2,confirmatory,True,True
2003644305072881910,HOOD,False,,57,partial,True,-0.0046893852647632,0.0018441438496781,0.0,0.0024686517521656,0.0010353669234942,13891.0,0.0035687533395987,-0.6031754427501012,25.78648045497085,False,605700792,2025-12-24 01:50:02+00:00,230,False,0.6242865920066833,sentence-transformers/all-mpnet-base-v2,confirmatory,True,True
2003852375896084650,SHOP,False,,34,partial,True,-0.0035819862862633,0.0006141848720316,1.0,0.0016618307674977,0.0008094845583133,3332.0,0.0025068289212535,-1.2942135643069486,0.7202881152460985,False,676573,2025-12-24 15:36:50+00:00,7,True,,sentence-transformers/all-mpnet-base-v2,exploratory_only,True,False
2003852823013011795,SHOP,False,,35,partial,True,-0.0028400015991887,0.0006142381899936,1.0,0.0016618307674977,0.0008094845583133,3332.0,0.0025068289212535,-1.2941476977484614,0.7202881152460985,False,676573,2025-12-24 15:38:37+00:00,8,True,,sentence-transformers/all-mpnet-base-v2,exploratory_only,True,False
2003911490584432978,BOX,False,,27,insufficient,False,0.0023867897841967,0.0014219456993611,0.0,0.004194744965337,0.0002853285700803,3.0,0.0043965047038567,-9.717916664268255,0.0,False,914061,2025-12-24 19:31:44+00:00,249,False,0.1918573975563049,sentence-transformers/all-mpnet-base-v2,confirmatory,True,False
2003950726897348942,SHOP,False,,32,partial,True,-0.0060172248933377,0.0014220378237374,0.0,0.0021830597770019,0.0010972910583416,4468.0,0.0033168907278232,-0.6935461174856044,18.554162936436885,False,676573,2025-12-24 22:07:39+00:00,9,True,,sentence-transformers/all-mpnet-base-v2,exploratory_only,True,False
2004030074073526757,CRM,False,,29,partial,True,0.0009465327632802,0.0015093303037026,0.0,0.0015879446050451,0.000617919264544,3112.0,0.0022651270721544,-0.127224227910261,50.41773778920309,False,22330739,2025-12-25 03:22:57+00:00,195,False,0.6704066395759583,sentence-transformers/all-mpnet-base-v2,confirmatory,True,True
2004034924093841794,QCOM,False,,26,insufficient,False,0.0021329476347544,0.0010894303761148,0.0,0.0017324859379107,0.0009055282058883,4816.0,0.0031227343684163,-0.7101441541127805,27.927740863787378,False,234930762,2025-12-25 03:42:13+00:00,75,False,0.7790235280990601,sentence-transformers/all-mpnet-base-v2,confirmatory,True,False
2004201578459512842,SHOP,False,,32,partial,True,-0.0060172248933377,0.0014220378237374,0.0,0.0021830597770019,0.0010972910583416,4468.0,0.0033168907278232,-0.6935461174856044,18.554162936436885,False,676573,2025-12-25 14:44:27+00:00,10,True,,sentence-transformers/all-mpnet-base-v2,exploratory_only,True,False
2004280393839821311,HOOD,False,,58,partial,True,-0.0067393689478894,0.0018409300859876,0.0,0.0024686517521656,0.0010353669234942,13891.0,0.0035687533395987,-0.6062794280306617,25.563314376214812,False,605700792,2025-12-25 19:57:38+00:00,229,False,0.5983366966247559,sentence-transformers/all-mpnet-base-v2,confirmatory,True,True
2004405295775469665,HOOD,False,,58,partial,True,-0.0067393689478894,0.0018409300859876,0.0,0.0024686517521656,0.0010353669234942,13891.0,0.0035687533395987,-0.6062794280306617,25.563314376214812,False,605700792,2025-12-26 04:13:57+00:00,230,False,0.5846782326698303,sentence-transformers/all-mpnet-base-v2,confirmatory,True,True
2004406389360460070,HOOD,False,,58,partial,True,-0.0067393689478894,0.0018409300859876,0.0,0.0024686517521656,0.0010353669234942,13891.0,0.0035687533395987,-0.6062794280306617,25.563314376214812,False,605700792,2025-12-26 04:18:17+00:00,231,False,0.6789678931236267,sentence-transformers/all-mpnet-base-v2,confirmatory,True,True
2004406869939683671,HOOD,False,,58,partial,True,-0.0067393689478894,0.0018409300859876,0.0,0.0024686517521656,0.0010353669234942,13891.0,0.0035687533395987,-0.6062794280306617,25.563314376214812,False,605700792,2025-12-26 04:20:12+00:00,232,False,0.7924725413322449,sentence-transformers/all-mpnet-base-v2,confirmatory,True,True
2004590911209312586,SHOP,False,,20,insufficient,False,0.0009188739400488,0.0006196200917064,2.0,0.0014747561151007,0.0006296761045464,2272.0,0.0025959379889743,-1.3580569712270625,1.8045774647887325,False,676573,2025-12-26 16:31:31+00:00,11,True,,sentence-transformers/all-mpnet-base-v2,exploratory_only,True,False
2004631668884472086,HOOD,False,,44,partial,True,-0.0084724465220886,0.0006043807312013,4.0,0.0013431431635813,0.0006582170574046,9575.0,0.0020093680065816,-1.1223690180453632,0.2193211488250652,False,605700792,2025-12-26 19:13:28+00:00,232,False,0.4725241661071777,sentence-transformers/all-mpnet-base-v2,confirmatory,True,True
2004654686629163154,BOX,False,,15,insufficient,False,-0.0001575213636186,0.0004578452965292,6.0,,,,,,,False,914061,2025-12-26 20:44:56+00:00,249,False,0.9336712956428528,sentence-transformers/all-mpnet-base-v2,confirmatory,True,False
2004689887451308440,SHOP,False,,44,partial,True,-0.0133973179278631,0.0019021341399791,0.0,0.0021830597770019,0.0010972910583416,4468.0,0.0033168907278232,-0.2560174302772133,49.91047448522829,False,676573,2025-12-26 23:04:49+00:00,12,True,,sentence-transformers/all-mpnet-base-v2,exploratory_only,True,False
2004734227464814896,CRM,False,,39,partial,True,0.0091203078977718,0.0014108172405296,0.0,0.0015879446050451,0.000617919264544,3112.0,0.0022651270721544,-0.2866513065362753,42.19151670951157,False,22330739,2025-12-27 02:01:00+00:00,195,False,0.5360612273216248,sentence-transformers/all-mpnet-base-v2,confirmatory,True,True
2004756962890993834,HOOD,False,,60,complete,True,-0.0067054788418987,0.0022435211331186,0.0,0.0024686517521656,0.0010353669234942,13891.0,0.0035687533395987,-0.2174404203364337,48.83017781297243,False,605700792,2025-12-27 03:31:21+00:00,233,False,0.7011449337005615,sentence-transformers/all-mpnet-base-v2,confirmatory,True,True
2004993499289264254,HOOD,False,,60,complete,True,-0.0067054788418987,0.0022435211331186,0.0,0.0024686517521656,0.0010353669234942,13891.0,0.0035687533395987,-0.2174404203364337,48.83017781297243,False,605700792,2025-12-27 19:11:15+00:00,230,False,0.6154794692993164,sentence-transformers/all-mpnet-base-v2,confirmatory,True,True
2005085844722647075,HOOD,False,,60,complete,True,-0.0067054788418987,0.0022435211331186,0.0,0.0024686517521656,0.0010353669234942,13891.0,0.0035687533395987,-0.2174404203364337,48.83017781297243,False,605700792,2025-12-28 01:18:12+00:00,231,False,0.6298040151596069,sentence-transformers/all-mpnet-base-v2,confirmatory,True,True
2005095077518201221,BOX,False,,40,partial,True,0.0169045426074433,0.001279332975024,0.0,0.004194744965337,0.0002853285700803,3.0,0.0043965047038567,-10.21773595785296,0.0,False,914061,2025-12-28 01:54:54+00:00,247,False,0.2280336618423462,sentence-transformers/all-mpnet-base-v2,confirmatory,True,True
2005106172316319758,SHOP,False,,44,partial,True,-0.0133973179278631,0.0019021341399791,0.0,0.0021830597770019,0.0010972910583416,4468.0,0.0033168907278232,-0.2560174302772133,49.91047448522829,False,676573,2025-12-28 02:38:59+00:00,13,True,,sentence-transformers/all-mpnet-base-v2,exploratory_only,True,False
2005106175361372554,SHOP,False,,44,partial,True,-0.0133973179278631,0.0019021341399791,0.0,0.0021830597770019,0.0010972910583416,4468.0,0.0033168907278232,-0.2560174302772133,49.91047448522829,False,676573,2025-12-28 02:38:59+00:00,13,True,,sentence-transformers/all-mpnet-base-v2,exploratory_only,True,False
2005724537917431817,MSFT,False,,59,partial,True,0.0005720795560288,0.0001917746132313,5.0,0.000494370972611,0.0002392654254598,7142.0,0.0007939814404011,-1.2646890322667166,0.798095771492579,False,20571756,2025-12-29 19:36:09+00:00,126,False,0.4056912064552307,sentence-transformers/all-mpnet-base-v2,null_baseline,True,False
2005736558578856430,HOOD,False,,35,partial,True,0.0014003710946752,0.0006696082635274,5.0,0.0012864632027318,0.0005528423224853,6233.0,0.0019156052701326,-1.115788198760441,2.005454837157067,False,605700792,2025-12-29 20:23:55+00:00,230,False,0.6396157741546631,sentence-transformers/all-mpnet-base-v2,confirmatory,True,True
2005742822847369513,HOOD,False,,11,insufficient,False,0.003928349435997,0.0007850320025976,6.0,,,,,,,False,605700792,2025-12-29 20:48:48+00:00,231,False,0.5355923771858215,sentence-transformers/all-mpnet-base-v2,confirmatory,True,False
2005811362807833002,BOX,False,,24,insufficient,False,-0.0017677697787731,0.0012263115098887,0.0,0.004194744965337,0.0002853285700803,3.0,0.0043965047038567,-10.403561951795176,0.0,False,914061,2025-12-30 01:21:09+00:00,243,False,0.1526165604591369,sentence-transformers/all-mpnet-base-v2,confirmatory,True,False
2006160908205146195,HOOD,False,,52,partial,True,-0.0051657498942826,0.0011364071313397,0.0,0.0024686517521656,0.0010353669234942,13891.0,0.0035687533395987,-1.2867367023178131,1.0078468072852926,False,605700792,2025-12-31 00:30:07+00:00,229,False,0.7246235609054565,sentence-transformers/all-mpnet-base-v2,confirmatory,True,True
2006161471382688067,HOOD,False,,52,partial,True,-0.0051657498942826,0.0011364071313397,0.0,0.0024686517521656,0.0010353669234942,13891.0,0.0035687533395987,-1.2867367023178131,1.0078468072852926,False,605700792,2025-12-31 00:32:22+00:00,230,False,0.6089228391647339,sentence-transformers/all-mpnet-base-v2,confirmatory,True,True
2006172896453185596,BOX,False,,27,insufficient,False,-0.0086067895810656,0.0011396785902142,0.0,0.004194744965337,0.0002853285700803,3.0,0.0043965047038567,-10.707187065992745,0.0,False,914061,2025-12-31 01:17:46+00:00,241,False,0.2039016485214233,sentence-transformers/all-mpnet-base-v2,confirmatory,True,False
2006427268210721072,QCOM,False,,29,partial,True,0.0009145387005988,0.0003508926979503,3.0,0.0011347929536885,0.0005617187407871,1807.0,0.0019061194460276,-1.395538725732509,0.0,False,234930762,2025-12-31 18:08:33+00:00,73,False,0.7713834047317505,sentence-transformers/all-mpnet-base-v2,confirmatory,True,True
2006435495757361476,SHOP,False,,31,partial,True,-0.0020923584797193,0.0005619370002083,4.0,0.00134700672299,0.000850454886297,2585.0,0.0021921378277236,-0.923117422724116,3.3268858800773695,False,676573,2025-12-31 18:41:14+00:00,15,True,,sentence-transformers/all-mpnet-base-v2,exploratory_only,True,False
2006439720038052227,SHOP,False,,34,partial,True,-0.0027450950074863,0.0005201083967677,4.0,0.00134700672299,0.000850454886297,2585.0,0.0021921378277236,-0.9723012231991564,1.4700193423597678,False,676573,2025-12-31 18:58:01+00:00,16,True,,sentence-transformers/all-mpnet-base-v2,exploratory_only,True,False
2006521312693637597,BOX,False,,44,partial,True,-0.0358587992550185,0.0021758256159311,0.0,0.004194744965337,0.0002853285700803,3.0,0.0043965047038567,-7.075770045870988,0.0,False,914061,2026-01-01 00:22:14+00:00,240,False,0.2333629131317138,sentence-transformers/all-mpnet-base-v2,confirmatory,True,True
2006541263303237740,HOOD,False,,3,insufficient,False,0.0123486535575629,0.0006523640330438,,,,,,,,False,605700792,2026-01-01 01:41:31+00:00,230,False,0.5224125385284424,sentence-transformers/all-mpnet-base-v2,confirmatory,True,False
2007167802986377628,QCOM,False,,33,partial,True,0.001095582036531,0.0005635214214886,4.0,0.0009476882220797,0.0005636901752572,2138.0,0.0014189505937958,-0.6815211927647264,18.568755846585596,False,234930762,2026-01-02 19:11:10+00:00,74,False,0.4878755211830139,sentence-transformers/all-mpnet-base-v2,confirmatory,True,True
2007699154743759087,CRM,False,,54,partial,True,0.0097642262034647,0.0013234974675063,0.0,0.0015879446050451,0.000617919264544,3112.0,0.0022651270721544,-0.4279638987044527,34.41516709511568,False,22330739,2026-01-04 06:22:34+00:00,192,False,0.6264347434043884,sentence-transformers/all-mpnet-base-v2,confirmatory,True,True
2007958155137876183,BOX,False,,45,partial,True,-0.0122228715009489,0.0016852096172261,0.0,0.004194744965337,0.0002853285700803,3.0,0.0043965047038567,-8.795247343804588,0.0,False,914061,2026-01-04 23:31:44+00:00,232,False,0.9227764010429382,sentence-transformers/all-mpnet-base-v2,confirmatory,True,True
2008545543061131483,SHOP,False,,48,partial,True,-0.0173173184313549,0.0025965703509073,0.0,0.0021830597770019,0.0010972910583416,4468.0,0.0033168907278232,0.3768467543427756,77.43957027752909,False,676573,2026-01-06 14:25:49+00:00,17,True,,sentence-transformers/all-mpnet-base-v2,exploratory_only,True,False
2008698877986349383,HOOD,False,,59,partial,True,-0.0282162786381573,0.0020988280620588,0.0,0.0024686517521656,0.0010353669234942,13891.0,0.0035687533395987,-0.3571909452724836,40.01151824922612,False,605700792,2026-01-07 00:35:06+00:00,220,False,0.6597853899002075,sentence-transformers/all-mpnet-base-v2,confirmatory,True,True
2008701814028333342,SHOP,False,,47,partial,True,-0.019724402748643,0.0018463580201769,0.0,0.0021830597770019,0.0010972910583416,4468.0,0.0033168907278232,-0.3068481732948936,46.97851387645479,False,676573,2026-01-07 00:46:46+00:00,18,True,,sentence-transformers/all-mpnet-base-v2,exploratory_only,True,False
2008703788627206288,HOOD,False,,59,partial,True,-0.0282162786381573,0.0020988280620588,0.0,0.0024686517521656,0.0010353669234942,13891.0,0.0035687533395987,-0.3571909452724836,40.01151824922612,False,605700792,2026-01-07 00:54:37+00:00,221,False,0.5208871364593506,sentence-transformers/all-mpnet-base-v2,confirmatory,True,True
2008746912569283060,BOX,False,,49,partial,True,0.0100922566195202,0.0013715524369111,0.0,0.004194744965337,0.0002853285700803,3.0,0.0043965047038567,-9.894531513723445,0.0,False,914061,2026-01-07 03:45:59+00:00,229,False,0.269336462020874,sentence-transformers/all-mpnet-base-v2,confirmatory,True,True
2008943581193801844,HOOD,False,,52,partial,True,-0.0055598798980034,0.000768815163137,2.0,0.001537110318051,0.0006474939279101,10131.0,0.0021891213272673,-1.18656735113136,1.5595696377455337,False,605700792,2026-01-07 16:47:28+00:00,221,False,0.5685001611709595,sentence-transformers/all-mpnet-base-v2,confirmatory,True,True
2009012760194240891,HOOD,False,,57,partial,True,-0.0106603221899734,0.0021445434754586,0.0,0.0024686517521656,0.0010353669234942,13891.0,0.0035687533395987,-0.3130371169412591,42.69671010006479,False,605700792,2026-01-07 21:22:22+00:00,221,False,0.5646096467971802,sentence-transformers/all-mpnet-base-v2,confirmatory,True,True
2009089394318487675,SHOP,False,,54,partial,True,-0.0158681429012801,0.0021058771492574,0.0,0.0021830597770019,0.0010972910583416,4468.0,0.0033168907278232,-0.0703392478757206,57.92300805729633,False,676573,2026-01-08 02:26:53+00:00,19,True,,sentence-transformers/all-mpnet-base-v2,exploratory_only,True,False
2009125381622857783,BOX,False,,49,partial,True,-0.007512169977238,0.0014175916356183,0.0,0.004194744965337,0.0002853285700803,3.0,0.0043965047038567,-9.73317648820244,0.0,False,914061,2026-01-08 04:49:53+00:00,227,False,0.3088388442993164,sentence-transformers/all-mpnet-base-v2,confirmatory,True,True
2009283382358798785,SHOP,False,,53,partial,True,0.006449524952339,0.0012000161967949,0.0,0.0021830597770019,0.0010972910583416,4468.0,0.0033168907278232,-0.8958822481362935,7.251566696508505,False,676573,2026-01-08 15:17:43+00:00,20,False,0.4771522879600525,sentence-transformers/all-mpnet-base-v2,exploratory_only,True,False
2009311882553765914,SHOP,False,,36,partial,True,-0.0033288955201935,0.0011060789816092,2.0,0.0014747561151007,0.0006296761045464,2272.0,0.0025959379889743,-0.5855028177655487,34.066901408450704,False,676573,2026-01-08 17:10:58+00:00,21,False,0.7101993560791016,sentence-transformers/all-mpnet-base-v2,exploratory_only,True,False
2009323784009089366,BOX,False,,35,partial,True,0.0007948785251633,0.0006196103784399,3.0,,,,,,,False,914061,2026-01-08 17:58:16+00:00,227,False,0.1946746110916137,sentence-transformers/all-mpnet-base-v2,confirmatory,True,True
2009363709639143799,QCOM,False,,22,insufficient,False,0.0001127898528741,0.000745204176616,6.0,,,,,,,False,234930762,2026-01-08 20:36:55+00:00,74,False,0.3340201377868652,sentence-transformers/all-mpnet-base-v2,confirmatory,True,False
2009424123278315669,HOOD,True,"jobs_report(ALL, 2026-01-09 13:30:00+00:00->2026-01-09 21:00:00+00:00)",59,partial,False,0.0080635921290592,0.0021529536099835,0.0,0.0024686517521656,0.0010353669234942,13891.0,0.0035687533395987,-0.3049142627781144,43.11424663451155,False,605700792,2026-01-09 00:36:58+00:00,220,False,0.6032923460006714,sentence-transformers/all-mpnet-base-v2,confirmatory,True,False
2009433304307835185,QCOM,True,"jobs_report(ALL, 2026-01-09 13:30:00+00:00->2026-01-09 21:00:00+00:00)",60,complete,False,-0.0271151751064655,0.0019556823462643,0.0,0.0017324859379107,0.0009055282058883,4816.0,0.0031227343684163,0.2464820056429064,68.87458471760797,False,234930762,2026-01-09 01:13:27+00:00,75,False,0.3889321088790893,sentence-transformers/all-mpnet-base-v2,confirmatory,True,False
2009659614741315957,QCOM,True,"jobs_report(ALL, 2026-01-09 13:30:00+00:00->2026-01-09 21:00:00+00:00)",57,partial,False,-0.0016513629410953,0.0006658177805871,1.0,0.0014049941536428,0.0008717321533434,3575.0,0.0024544828179355,-0.8479397831323932,16.97902097902098,False,234930762,2026-01-09 16:12:44+00:00,76,False,0.2180503606796264,sentence-transformers/all-mpnet-base-v2,confirmatory,True,False
2009665993585664474,HOOD,True,"jobs_report(ALL, 2026-01-09 13:30:00+00:00->2026-01-09 21:00:00+00:00)",53,partial,False,-0.0090522465810057,0.0009887632769223,2.0,0.001537110318051,0.0006474939279101,10131.0,0.0021891213272673,-0.8468759589739416,12.06198795775343,False,605700792,2026-01-09 16:38:05+00:00,221,False,0.5542435646057129,sentence-transformers/all-mpnet-base-v2,confirmatory,True,False
2009686985800401396,QCOM,True,"jobs_report(ALL, 2026-01-09 13:30:00+00:00->2026-01-09 21:00:00+00:00)",48,partial,False,0.0051147912972917,0.0006258484346183,3.0,0.0011347929536885,0.0005617187407871,1807.0,0.0019061194460276,-0.9060486718976032,17.15550636413946,False,234930762,2026-01-09 18:01:30+00:00,77,False,0.4350990056991577,sentence-transformers/all-mpnet-base-v2,confirmatory,True,False
2009701959603740714,QCOM,True,"jobs_report(ALL, 2026-01-09 13:30:00+00:00->2026-01-09 21:00:00+00:00)",54,partial,False,-0.0031003539349458,0.0005412845814354,4.0,0.0009476882220797,0.0005636901752572,2138.0,0.0014189505937958,-0.7209698846689743,15.29466791393826,False,234930762,2026-01-09 19:01:00+00:00,78,False,0.3074434995651245,sentence-transformers/all-mpnet-base-v2,confirmatory,True,False
2009717059043701190,QCOM,True,"jobs_report(ALL, 2026-01-09 13:30:00+00:00->2026-01-09 21:00:00+00:00)",57,partial,False,-0.0034499718550256,0.0006991477852133,5.0,0.0010843439815498,0.0007001409905529,2330.0,0.0016392129234955,-0.5501694680558165,29.69957081545064,False,234930762,2026-01-09 20:01:00+00:00,79,False,0.2655093669891357,sentence-transformers/all-mpnet-base-v2,confirmatory,True,False
2009732158533873832,QCOM,False,,59,partial,True,-0.0300922594540521,0.0013767921405375,0.0,0.0017324859379107,0.0009055282058883,4816.0,0.0031227343684163,-0.3928025599425808,47.487541528239205,False,234930762,2026-01-09 21:01:00+00:00,80,False,0.4066877961158752,sentence-transformers/all-mpnet-base-v2,confirmatory,True,True
2009788652218695727,SHOP,False,,53,partial,True,-0.0127536013845972,0.002111715403196,0.0,0.0021830597770019,0.0010972910583416,4468.0,0.0033168907278232,-0.0650186413745642,58.21396598030438,False,676573,2026-01-10 00:45:29+00:00,22,False,0.8048306703567505,sentence-transformers/all-mpnet-base-v2,exploratory_only,True,False
2010035249967952039,HOOD,False,,20,insufficient,False,0.0095642143871528,0.004312158739618,,,,,,,,False,605700792,2026-01-10 17:05:22+00:00,221,False,1.0231484174728394,sentence-transformers/all-mpnet-base-v2,confirmatory,True,False
2010055953157357622,BOX,False,,43,partial,True,-0.0094502595794547,0.0014766903844718,0.0,0.004194744965337,0.0002853285700803,3.0,0.0043965047038567,-9.526051247162489,0.0,False,914061,2026-01-10 18:27:38+00:00,225,False,0.9039829969406128,sentence-transformers/all-mpnet-base-v2,confirmatory,True,True
2010068175627661365,HOOD,False,,20,insufficient,False,0.0095642143871528,0.004312158739618,,,,,,,,False,605700792,2026-01-10 19:16:12+00:00,222,False,0.6668106317520142,sentence-transformers/all-mpnet-base-v2,confirmatory,True,False
2010197268734095498,SHOP,False,,53,partial,True,-0.0127536013845972,0.002111715403196,0.0,0.0021830597770019,0.0010972910583416,4468.0,0.0033168907278232,-0.0650186413745642,58.21396598030438,False,676573,2026-01-11 03:49:11+00:00,23,False,0.7901880741119385,sentence-transformers/all-mpnet-base-v2,exploratory_only,True,False
2010352444967116956,SHOP,False,,53,partial,True,-0.0127536013845972,0.002111715403196,0.0,0.0021830597770019,0.0010972910583416,4468.0,0.0033168907278232,-0.0650186413745642,58.21396598030438,False,676573,2026-01-11 14:05:48+00:00,24,False,0.9019784927368164,sentence-transformers/all-mpnet-base-v2,exploratory_only,True,False
2010372642843599064,SHOP,False,,53,partial,True,-0.0127536013845972,0.002111715403196,0.0,0.0021830597770019,0.0010972910583416,4468.0,0.0033168907278232,-0.0650186413745642,58.21396598030438,False,676573,2026-01-11 15:26:03+00:00,25,False,0.6304574012756348,sentence-transformers/all-mpnet-base-v2,exploratory_only,True,False
2010372707666502108,SHOP,False,,53,partial,True,-0.0127536013845972,0.002111715403196,0.0,0.0021830597770019,0.0010972910583416,4468.0,0.0033168907278232,-0.0650186413745642,58.21396598030438,False,676573,2026-01-11 15:26:19+00:00,26,False,0.6184560656547546,sentence-transformers/all-mpnet-base-v2,exploratory_only,True,False
2010372720035504396,SHOP,False,,53,partial,True,-0.0127536013845972,0.002111715403196,0.0,0.0021830597770019,0.0010972910583416,4468.0,0.0033168907278232,-0.0650186413745642,58.21396598030438,False,676573,2026-01-11 15:26:22+00:00,27,False,0.6422724723815918,sentence-transformers/all-mpnet-base-v2,exploratory_only,True,False
2010438500609663110,SHOP,False,,53,partial,True,-0.0127536013845972,0.002111715403196,0.0,0.0021830597770019,0.0010972910583416,4468.0,0.0033168907278232,-0.0650186413745642,58.21396598030438,False,676573,2026-01-11 19:47:45+00:00,28,False,0.8867645263671875,sentence-transformers/all-mpnet-base-v2,exploratory_only,True,False
2010443433408913729,SHOP,False,,53,partial,True,-0.0127536013845972,0.002111715403196,0.0,0.0021830597770019,0.0010972910583416,4468.0,0.0033168907278232,-0.0650186413745642,58.21396598030438,False,676573,2026-01-11 20:07:21+00:00,29,False,0.5675840973854065,sentence-transformers/all-mpnet-base-v2,exploratory_only,True,False
2010454606866977064,SHOP,False,,53,partial,True,-0.0127536013845972,0.002111715403196,0.0,0.0021830597770019,0.0010972910583416,4468.0,0.0033168907278232,-0.0650186413745642,58.21396598030438,False,676573,2026-01-11 20:51:45+00:00,30,False,0.7385181188583374,sentence-transformers/all-mpnet-base-v2,exploratory_only,True,False
2010533947097407510,SHOP,False,,53,partial,True,-0.0127536013845972,0.002111715403196,0.0,0.0021830597770019,0.0010972910583416,4468.0,0.0033168907278232,-0.0650186413745642,58.21396598030438,False,676573,2026-01-12 02:07:01+00:00,31,False,0.7991000413894653,sentence-transformers/all-mpnet-base-v2,exploratory_only,True,False
2010722385692086572,SHOP,False,,52,partial,True,-0.0085229379817357,0.0017779066401075,0.0,0.0021830597770019,0.0010972910583416,4468.0,0.0033168907278232,-0.3692303275547625,43.733213965980305,False,676573,2026-01-12 14:35:48+00:00,32,False,0.6387853622436523,sentence-transformers/all-mpnet-base-v2,exploratory_only,True,False
2010813254663102569,SHOP,False,,21,insufficient,False,4.71981011274103e-05,0.0007740905819387,6.0,,,,,,,False,676573,2026-01-12 20:36:53+00:00,33,False,0.7554954290390015,sentence-transformers/all-mpnet-base-v2,exploratory_only,True,False
2010816894106767492,SHOP,False,,8,insufficient,False,-0.0012901565765609,0.0005935835610018,6.0,,,,,,,False,676573,2026-01-12 20:51:21+00:00,34,False,0.8544158339500427,sentence-transformers/all-mpnet-base-v2,exploratory_only,True,False
2010825179300069648,HOOD,True,"cpi(ALL, 2026-01-13 13:30:00+00:00->2026-01-13 21:00:00+00:00)",33,partial,False,-0.005166217357762,0.0027839091761503,,,,,,,,False,605700792,2026-01-12 21:24:16+00:00,223,False,0.4240301847457886,sentence-transformers/all-mpnet-base-v2,confirmatory,True,False
2010853052065227144,HOOD,True,"cpi(ALL, 2026-01-13 13:30:00+00:00->2026-01-13 21:00:00+00:00)",33,partial,False,-0.005166217357762,0.0027839091761503,,,,,,,,False,605700792,2026-01-12 23:15:02+00:00,223,False,0.6178088188171387,sentence-transformers/all-mpnet-base-v2,confirmatory,True,False
2010857324987236485,CRM,True,"cpi(ALL, 2026-01-13 13:30:00+00:00->2026-01-13 21:00:00+00:00)",58,partial,False,-0.037511015957687,0.0019156840715531,0.0,0.0015879446050451,0.000617919264544,3112.0,0.0022651270721544,0.5303920517024191,75.9318766066838,False,22330739,2026-01-12 23:32:00+00:00,185,False,0.2823683023452759,sentence-transformers/all-mpnet-base-v2,confirmatory,True,False
2010871340056690809,HOOD,True,"cpi(ALL, 2026-01-13 13:30:00+00:00->2026-01-13 21:00:00+00:00)",33,partial,False,-0.005166217357762,0.0027839091761503,,,,,,,,False,605700792,2026-01-13 00:27:42+00:00,224,False,0.5812653303146362,sentence-transformers/all-mpnet-base-v2,confirmatory,True,False
2010879270428819751,SHOP,True,"cpi(ALL, 2026-01-13 13:30:00+00:00->2026-01-13 21:00:00+00:00)",53,partial,False,-0.0118935662221869,0.0026445914149462,0.0,0.0021830597770019,0.0010972910583416,4468.0,0.0033168907278232,0.4206100418259945,78.64816472694717,False,676573,2026-01-13 00:59:13+00:00,35,False,0.6697719097137451,sentence-transformers/all-mpnet-base-v2,exploratory_only,True,False
2010879581650145708,SHOP,True,"cpi(ALL, 2026-01-13 13:30:00+00:00->2026-01-13 21:00:00+00:00)",53,partial,False,-0.0118935662221869,0.0026445914149462,0.0,0.0021830597770019,0.0010972910583416,4468.0,0.0033168907278232,0.4206100418259945,78.64816472694717,False,676573,2026-01-13 01:00:27+00:00,36,False,0.6263301968574524,sentence-transformers/all-mpnet-base-v2,exploratory_only,True,False
2010927960006721960,BOX,True,"cpi(ALL, 2026-01-13 13:30:00+00:00->2026-01-13 21:00:00+00:00)",56,partial,False,-0.0324284405954318,0.0021406846287524,0.0,0.004194744965337,0.0002853285700803,3.0,0.0043965047038567,-7.198929767201308,0.0,False,914061,2026-01-13 04:12:41+00:00,221,False,0.2148467302322387,sentence-transformers/all-mpnet-base-v2,confirmatory,True,False
2011056240076493155,SHOP,True,"cpi(ALL, 2026-01-13 13:30:00+00:00->2026-01-13 21:00:00+00:00)",53,partial,False,-0.0118935662221869,0.0026445914149462,0.0,0.0021830597770019,0.0010972910583416,4468.0,0.0033168907278232,0.4206100418259945,78.64816472694717,False,676573,2026-01-13 12:42:25+00:00,37,False,0.5638654232025146,sentence-transformers/all-mpnet-base-v2,exploratory_only,True,False
2011069589141279228,MSFT,True,"cpi(ALL, 2026-01-13 13:30:00+00:00->2026-01-13 21:00:00+00:00)",60,complete,False,-0.0152589373490119,0.0007611266385958,0.0,0.0008174575401678,0.0003989604251514,14622.0,0.0012105221411381,-0.141194208800558,50.88907126248119,False,20571756,2026-01-13 13:35:28+00:00,125,False,0.3577894568443298,sentence-transformers/all-mpnet-base-v2,null_baseline,True,False
2011164667083964719,SHOP,True,"cpi(ALL, 2026-01-13 13:30:00+00:00->2026-01-13 21:00:00+00:00)",39,partial,False,0.0044885288759533,0.0007924104067231,5.0,0.0011814904504143,0.0005788969127489,2397.0,0.0019690548868291,-0.6721059226998182,22.861910721735505,False,676573,2026-01-13 19:53:16+00:00,38,False,0.6818554401397705,sentence-transformers/all-mpnet-base-v2,exploratory_only,True,False
2011254615489274088,CRM,False,,59,partial,True,0.0056260177602015,0.0016060570304008,0.0,0.0015879446050451,0.000617919264544,3112.0,0.0022651270721544,0.0293119609550739,58.09768637532133,False,22330739,2026-01-14 01:50:42+00:00,180,False,0.6008489727973938,sentence-transformers/all-mpnet-base-v2,confirmatory,True,True
2011530170851869028,HOOD,False,,52,partial,True,0.0071681181530629,0.0011114349129996,5.0,0.0012864632027318,0.0005528423224853,6233.0,0.0019156052701326,-0.3165971247377504,47.63356329215466,False,605700792,2026-01-14 20:05:39+00:00,220,False,0.5305761098861694,sentence-transformers/all-mpnet-base-v2,confirmatory,True,True
2011544223888355359,QCOM,False,,57,partial,True,-0.0114925885626456,0.0014906689072674,0.0,0.0017324859379107,0.0009055282058883,4816.0,0.0031227343684163,-0.267045277077879,54.630398671096344,False,234930762,2026-01-14 21:01:30+00:00,81,False,0.3813333511352539,sentence-transformers/all-mpnet-base-v2,confirmatory,True,True
2011577496064704801,CRM,False,,59,partial,True,-0.0201287900953774,0.001599940189325,0.0,0.0015879446050451,0.000617919264544,3112.0,0.0022651270721544,0.0194128666449511,57.390745501285345,False,22330739,2026-01-14 23:13:43+00:00,181,False,0.5573074817657471,sentence-transformers/all-mpnet-base-v2,confirmatory,True,True
2011611021329514838,SHOP,False,,50,partial,True,0.0112174630595871,0.0022605024288225,0.0,0.0021830597770019,0.0010972910583416,4468.0,0.0033168907278232,0.0705762169771763,64.9059982094897,False,676573,2026-01-15 01:26:56+00:00,39,False,0.6243904232978821,sentence-transformers/all-mpnet-base-v2,exploratory_only,True,False
2011622052457783432,HOOD,False,,60,complete,True,-0.0348994519752517,0.0025631504830333,0.0,0.0024686517521656,0.0010353669234942,13891.0,0.0035687533395987,0.0912707647148117,64.33662083363329,False,605700792,2026-01-15 02:10:46+00:00,220,False,0.5365729928016663,sentence-transformers/all-mpnet-base-v2,confirmatory,True,True
2011641513969660229,BOX,False,,38,partial,True,-0.0160801240217883,0.0015235461582048,0.0,0.004194744965337,0.0002853285700803,3.0,0.0043965047038567,-9.36183434550492,0.0,False,914061,2026-01-15 03:28:06+00:00,219,False,0.1327112913131714,sentence-transformers/all-mpnet-base-v2,confirmatory,True,True
2011834003444404424,HOOD,False,,58,partial,True,0.0044608219759005,0.0008965081199779,1.0,0.0017163780306508,0.0006345735237307,13323.0,0.0024248767060085,-1.2920014466609826,1.7188320948735272,False,605700792,2026-01-15 16:12:59+00:00,221,False,0.5648818612098694,sentence-transformers/all-mpnet-base-v2,confirmatory,True,True
2011853930968596973,HOOD,False,,58,partial,True,-0.0048639715177637,0.0007476824463639,3.0,0.0015068207603171,0.000909155016159,8915.0,0.0022131931570161,-0.8349932634815289,3.5109366236679755,False,605700792,2026-01-15 17:32:10+00:00,222,False,0.6402770280838013,sentence-transformers/all-mpnet-base-v2,confirmatory,True,True
2011870566144463220,BOX,False,,38,partial,True,-0.0021273978695111,0.0007413984113628,4.0,0.0006705297706363,0.0,1.0,0.0006705297706363,,100.0,True,914061,2026-01-15 18:38:16+00:00,219,False,0.6373956203460693,sentence-transformers/all-mpnet-base-v2,confirmatory,True,True
2011932198384123975,QCOM,False,,55,partial,True,-0.0024827692004767,0.0011142232388988,0.0,0.0017324859379107,0.0009055282058883,4816.0,0.0031227343684163,-0.6827647057170526,29.505813953488374,False,234930762,2026-01-15 22:43:10+00:00,82,False,0.3831268548965454,sentence-transformers/all-mpnet-base-v2,confirmatory,True,True
2012163184107348179,SHOP,False,,44,partial,True,-0.0040437774321921,0.0022611266760333,,,,,,,,False,676573,2026-01-16 14:01:01+00:00,40,False,0.7800214290618896,sentence-transformers/all-mpnet-base-v2,exploratory_only,True,False
2012163185722200142,SHOP,False,,44,partial,True,-0.0040437774321921,0.0022611266760333,,,,,,,,False,676573,2026-01-16 14:01:02+00:00,41,False,0.642941415309906,sentence-transformers/all-mpnet-base-v2,exploratory_only,True,False
2012276791935910151,CRM,False,,60,complete,True,0.0092077593303162,0.0017583263781806,0.0,0.0015879446050451,0.000617919264544,3112.0,0.0022651270721544,0.2757346839820659,66.67737789203085,False,22330739,2026-01-16 21:32:28+00:00,182,False,0.3855674266815185,sentence-transformers/all-mpnet-base-v2,confirmatory,True,True
2012277421580632080,CRM,False,,60,complete,True,0.0092077593303162,0.0017583263781806,0.0,0.0015879446050451,0.000617919264544,3112.0,0.0022651270721544,0.2757346839820659,66.67737789203085,False,22330739,2026-01-16 21:34:58+00:00,183,False,0.4136936068534851,sentence-transformers/all-mpnet-base-v2,confirmatory,True,True
2012278162500239584,SHOP,False,,56,partial,True,-0.0183975526185486,0.0026334957682512,0.0,0.0021830597770019,0.0010972910583416,4468.0,0.0033168907278232,0.4104981880833658,78.3348254252462,False,676573,2026-01-16 21:37:54+00:00,42,False,0.4930959939956665,sentence-transformers/all-mpnet-base-v2,exploratory_only,True,False
2012280730043273547,CRM,False,,60,complete,True,0.0092077593303162,0.0017583263781806,0.0,0.0015879446050451,0.000617919264544,3112.0,0.0022651270721544,0.2757346839820659,66.67737789203085,False,22330739,2026-01-16 21:48:07+00:00,184,False,0.5488114356994629,sentence-transformers/all-mpnet-base-v2,confirmatory,True,True
2012289037235577313,BOX,False,,49,partial,True,0.0183892969409904,0.0018865606122633,0.0,0.004194744965337,0.0002853285700803,3.0,0.0043965047038567,-8.089566188284316,0.0,False,914061,2026-01-16 22:21:07+00:00,217,False,0.4011543393135071,sentence-transformers/all-mpnet-base-v2,confirmatory,True,True
2012297126211109141,HOOD,False,,60,complete,True,-0.0028470702464332,0.0029938518480609,0.0,0.0024686517521656,0.0010353669234942,13891.0,0.0035687533395987,0.5072598747145683,78.77762580087827,False,605700792,2026-01-16 22:53:16+00:00,221,False,0.5723041296005249,sentence-transformers/all-mpnet-base-v2,confirmatory,True,True
2012319341233213774,CRM,False,,60,complete,True,0.0092077593303162,0.0017583263781806,0.0,0.0015879446050451,0.000617919264544,3112.0,0.0022651270721544,0.2757346839820659,66.67737789203085,False,22330739,2026-01-17 00:21:32+00:00,185,False,0.4914463758468628,sentence-transformers/all-mpnet-base-v2,confirmatory,True,True
2012353041782263965,BOX,False,,49,partial,True,0.0183892969409904,0.0018865606122633,0.0,0.004194744965337,0.0002853285700803,3.0,0.0043965047038567,-8.089566188284316,0.0,False,914061,2026-01-17 02:35:27+00:00,217,False,0.2921826243400574,sentence-transformers/all-mpnet-base-v2,confirmatory,True,True
2012356776931348520,SHOP,False,,56,partial,True,-0.0183975526185486,0.0026334957682512,0.0,0.0021830597770019,0.0010972910583416,4468.0,0.0033168907278232,0.4104981880833658,78.3348254252462,False,676573,2026-01-17 02:50:18+00:00,43,False,0.5064547061920166,sentence-transformers/all-mpnet-base-v2,exploratory_only,True,False
2012695273550589977,HOOD,False,,60,complete,True,-0.0028470702464332,0.0029938518480609,0.0,0.0024686517521656,0.0010353669234942,13891.0,0.0035687533395987,0.5072598747145683,78.77762580087827,False,605700792,2026-01-18 01:15:21+00:00,220,False,0.664932131767273,sentence-transformers/all-mpnet-base-v2,confirmatory,True,True
2012909122589491534,SHOP,False,,56,partial,True,-0.0183975526185486,0.0026334957682512,0.0,0.0021830597770019,0.0010972910583416,4468.0,0.0033168907278232,0.4104981880833658,78.3348254252462,False,676573,2026-01-18 15:25:07+00:00,44,False,0.786974310874939,sentence-transformers/all-mpnet-base-v2,exploratory_only,True,False
2013004109818057026,CRM,False,,60,complete,True,0.0092077593303162,0.0017583263781806,0.0,0.0015879446050451,0.000617919264544,3112.0,0.0022651270721544,0.2757346839820659,66.67737789203085,False,22330739,2026-01-18 21:42:34+00:00,186,False,0.440564751625061,sentence-transformers/all-mpnet-base-v2,confirmatory,True,True
2013013617113751908,SHOP,False,,56,partial,True,-0.0183975526185486,0.0026334957682512,0.0,0.0021830597770019,0.0010972910583416,4468.0,0.0033168907278232,0.4104981880833658,78.3348254252462,False,676573,2026-01-18 22:20:20+00:00,45,False,0.595055878162384,sentence-transformers/all-mpnet-base-v2,exploratory_only,True,False
2013018817610518642,BOX,False,,49,partial,True,0.0183892969409904,0.0018865606122633,0.0,0.004194744965337,0.0002853285700803,3.0,0.0043965047038567,-8.089566188284316,0.0,False,914061,2026-01-18 22:41:00+00:00,216,False,0.945682406425476,sentence-transformers/all-mpnet-base-v2,confirmatory,True,True
2013217570912919575,SHOP,False,,56,partial,True,-0.0183975526185486,0.0026334957682512,0.0,0.0021830597770019,0.0010972910583416,4468.0,0.0033168907278232,0.4104981880833658,78.3348254252462,False,676573,2026-01-19 11:50:47+00:00,46,False,0.6082363724708557,sentence-transformers/all-mpnet-base-v2,exploratory_only,True,False
2013298662441447662,QCOM,False,,59,partial,True,-0.0155476599339172,0.0017943305878,0.0,0.0017324859379107,0.0009055282058883,4816.0,0.0031227343684163,0.0682967681041541,65.11627906976744,False,234930762,2026-01-19 17:13:01+00:00,82,False,0.3076186180114746,sentence-transformers/all-mpnet-base-v2,confirmatory,True,True
2013449759365755101,SHOP,False,,56,partial,True,-0.0183975526185486,0.0026334957682512,0.0,0.0021830597770019,0.0010972910583416,4468.0,0.0033168907278232,0.4104981880833658,78.3348254252462,False,676573,2026-01-20 03:13:25+00:00,47,False,0.5175107717514038,sentence-transformers/all-mpnet-base-v2,exploratory_only,True,False
2013538309075620062,CRM,False,,60,complete,True,0.0092077593303162,0.0017583263781806,0.0,0.0015879446050451,0.000617919264544,3112.0,0.0022651270721544,0.2757346839820659,66.67737789203085,False,22330739,2026-01-20 09:05:17+00:00,186,False,0.3730975389480591,sentence-transformers/all-mpnet-base-v2,confirmatory,True,True
2013565255062790594,QCOM,False,,59,partial,True,-0.0155476599339172,0.0017943305878,0.0,0.0017324859379107,0.0009055282058883,4816.0,0.0031227343684163,0.0682967681041541,65.11627906976744,False,234930762,2026-01-20 10:52:21+00:00,82,False,0.2919492721557617,sentence-transformers/all-mpnet-base-v2,confirmatory,True,True
2013862263522742517,CRM,False,,60,complete,True,-0.0029116672278963,0.0018879619713904,0.0,0.0015879446050451,0.000617919264544,3112.0,0.0022651270721544,0.4855284234691254,74.61439588688947,False,22330739,2026-01-21 06:32:34+00:00,187,False,0.6017628908157349,sentence-transformers/all-mpnet-base-v2,confirmatory,True,True
2013932751208996894,CRM,False,,60,complete,True,-0.0029116672278963,0.0018879619713904,0.0,0.0015879446050451,0.000617919264544,3112.0,0.0022651270721544,0.4855284234691254,74.61439588688947,False,22330739,2026-01-21 11:12:39+00:00,188,False,0.4883395433425903,sentence-transformers/all-mpnet-base-v2,confirmatory,True,True
2013963243291648146,QCOM,False,,56,partial,True,0.0056829976937875,0.0012005433929674,0.0,0.0017324859379107,0.0009055282058883,4816.0,0.0031227343684163,-0.5874389571569725,34.26079734219269,False,234930762,2026-01-21 13:13:49+00:00,83,False,0.2772084474563598,sentence-transformers/all-mpnet-base-v2,confirmatory,True,True
2014047544020705548,BOX,False,,46,partial,True,3.426874396472712e-05,0.0010458953115997,4.0,0.0006705297706363,0.0,1.0,0.0006705297706363,,100.0,True,914061,2026-01-21 18:48:48+00:00,212,False,0.2613428831100464,sentence-transformers/all-mpnet-base-v2,confirmatory,True,True
2014092626048299406,QCOM,False,,59,partial,True,0.0030875551374776,0.0012279899416412,0.0,0.0017324859379107,0.0009055282058883,4816.0,0.0031227343684163,-0.5571289695769563,36.37873754152824,False,234930762,2026-01-21 21:47:56+00:00,84,False,0.3008511662483215,sentence-transformers/all-mpnet-base-v2,confirmatory,True,True
2014115897036714205,SHOP,False,,57,partial,True,-0.002456059409849,0.0024763821459023,0.0,0.0021830597770019,0.0010972910583416,4468.0,0.0033168907278232,0.2673150087851103,73.50044762757386,False,676573,2026-01-21 23:20:24+00:00,48,False,0.5765051245689392,sentence-transformers/all-mpnet-base-v2,exploratory_only,True,False
2014169497691890139,BOX,False,,37,partial,True,0.0116211759390327,0.0016604985910284,0.0,0.004194744965337,0.0002853285700803,3.0,0.0043965047038567,-8.881852853342908,0.0,False,914061,2026-01-22 02:53:24+00:00,211,False,0.1935892105102539,sentence-transformers/all-mpnet-base-v2,confirmatory,True,True
2014231190270570557,CRM,False,,60,complete,True,0.0036568670344221,0.0016099333658743,0.0,0.0015879446050451,0.000617919264544,3112.0,0.0022651270721544,0.0355851679838038,58.51542416452442,False,22330739,2026-01-22 06:58:33+00:00,189,False,0.3829245567321777,sentence-transformers/all-mpnet-base-v2,confirmatory,True,True
2014249361308360788,CRM,False,,60,complete,True,0.0036568670344221,0.0016099333658743,0.0,0.0015879446050451,0.000617919264544,3112.0,0.0022651270721544,0.0355851679838038,58.51542416452442,False,22330739,2026-01-22 08:10:45+00:00,190,False,0.4871859550476074,sentence-transformers/all-mpnet-base-v2,confirmatory,True,True
2014285028465725840,QCOM,False,,59,partial,True,0.0030875551374776,0.0012279899416412,0.0,0.0017324859379107,0.0009055282058883,4816.0,0.0031227343684163,-0.5571289695769563,36.37873754152824,False,234930762,2026-01-22 10:32:29+00:00,85,False,0.326751708984375,sentence-transformers/all-mpnet-base-v2,confirmatory,True,True
2014337035310698974,MSFT,False,,60,complete,True,0.001397993703228,0.0011992107866203,0.0,0.0008174575401678,0.0003989604251514,14622.0,0.0012105221411381,0.9568699609930876,89.52947613185611,False,20571756,2026-01-22 13:59:08+00:00,123,False,0.6344219446182251,sentence-transformers/all-mpnet-base-v2,null_baseline,True,False
2014360953111060894,MSFT,False,,60,complete,True,0.002667638819972,0.0003918589528082,1.0,0.0006167743380345,0.0002611472895039,13108.0,0.0008656246689829,-0.8612587389036156,9.803173634421729,False,20571756,2026-01-22 15:34:10+00:00,124,False,0.4038493633270263,sentence-transformers/all-mpnet-base-v2,null_baseline,True,False
2014379893212250546,BOX,False,,34,partial,True,-0.0001597826368053,0.0005655317296265,2.0,,,,,,,False,914061,2026-01-22 16:49:26+00:00,211,False,0.2633399963378906,sentence-transformers/all-mpnet-base-v2,confirmatory,True,True
2014419936060305785,SHOP,False,,57,partial,True,0.0001936152041537,0.0005666847252003,4.0,0.00134700672299,0.000850454886297,2585.0,0.0021921378277236,-0.9175348514807868,3.5589941972920696,False,676573,2026-01-22 19:28:33+00:00,49,False,0.5788614749908447,sentence-transformers/all-mpnet-base-v2,exploratory_only,True,False
2014451475024625935,HOOD,False,,58,partial,True,0.0128641410515319,0.0023000969781314,0.0,0.0024686517521656,0.0010353669234942,13891.0,0.0035687533395987,-0.1627971400373832,51.88971276365992,False,605700792,2026-01-22 21:33:53+00:00,218,False,0.4430628418922424,sentence-transformers/all-mpnet-base-v2,confirmatory,True,True
2014491376604549135,HOOD,False,,58,partial,True,0.0128641410515319,0.0023000969781314,0.0,0.0024686517521656,0.0010353669234942,13891.0,0.0035687533395987,-0.1627971400373832,51.88971276365992,False,605700792,2026-01-23 00:12:26+00:00,218,False,0.5041473507881165,sentence-transformers/all-mpnet-base-v2,confirmatory,True,True
2014717452282638834,CRM,False,,56,partial,True,-0.0046523296127541,0.0012895015508575,0.0,0.0015879446050451,0.000617919264544,3112.0,0.0022651270721544,-0.4829806599538289,32.005141388174806,False,22330739,2026-01-23 15:10:46+00:00,191,False,0.4895046949386596,sentence-transformers/all-mpnet-base-v2,confirmatory,True,True
2014719731115475416,CRM,False,,55,partial,True,-0.0026059014367991,0.0012432605504237,0.0,0.0015879446050451,0.000617919264544,3112.0,0.0022651270721544,-0.5578140614790663,30.173521850899743,False,22330739,2026-01-23 15:19:50+00:00,192,False,0.5112985372543335,sentence-transformers/all-mpnet-base-v2,confirmatory,True,True
2014720109756219822,MSFT,False,,60,complete,True,0.008250084632112,0.0006884540049641,0.0,0.0008174575401678,0.0003989604251514,14622.0,0.0012105221411381,-0.3233492022541623,38.954999316099034,False,20571756,2026-01-23 15:21:20+00:00,125,False,0.4754266142845154,sentence-transformers/all-mpnet-base-v2,null_baseline,True,False
2014720111530410042,MSFT,False,,60,complete,True,0.008250084632112,0.0006884540049641,0.0,0.0008174575401678,0.0003989604251514,14622.0,0.0012105221411381,-0.3233492022541623,38.954999316099034,False,20571756,2026-01-23 15:21:20+00:00,125,False,0.6582520008087158,sentence-transformers/all-mpnet-base-v2,null_baseline,True,False
2014724541764010192,CRM,False,,51,partial,True,0.0011945115951035,0.00111480064251,1.0,0.0010705933929371,0.0003302993832515,2193.0,0.0014833660400009,0.1338399398077304,54.537163702690385,False,22330739,2026-01-23 15:38:57+00:00,193,False,0.4526980519294739,sentence-transformers/all-mpnet-base-v2,confirmatory,True,True
2014776723917963326,HOOD,False,,50,partial,True,-0.0071438666511958,0.0008834764506805,4.0,0.0013431431635813,0.0006582170574046,9575.0,0.0020093680065816,-0.6983512622921747,18.60052219321149,False,605700792,2026-01-23 19:06:18+00:00,219,False,0.3911539316177368,sentence-transformers/all-mpnet-base-v2,confirmatory,True,True
2014828363450614255,HOOD,False,,60,complete,True,0.0067119958416617,0.0016208982078863,0.0,0.0024686517521656,0.0010353669234942,13891.0,0.0035687533395987,-0.8187952744503509,14.77215463249586,False,605700792,2026-01-23 22:31:30+00:00,220,False,0.3748470544815063,sentence-transformers/all-mpnet-base-v2,confirmatory,True,True
2014905156664799636,CRM,False,,56,partial,True,0.0048371395113906,0.001598503236669,0.0,0.0015879446050451,0.000617919264544,3112.0,0.0022651270721544,0.017087396735702,57.19794344473008,False,22330739,2026-01-24 03:36:39+00:00,191,False,0.4876683950424194,sentence-transformers/all-mpnet-base-v2,confirmatory,True,True
2014915467258036259,CRM,False,,56,partial,True,0.0048371395113906,0.001598503236669,0.0,0.0015879446050451,0.000617919264544,3112.0,0.0022651270721544,0.017087396735702,57.19794344473008,False,22330739,2026-01-24 04:17:37+00:00,192,False,0.4172888398170471,sentence-transformers/all-mpnet-base-v2,confirmatory,True,True
2015118038408774050,SHOP,False,,57,partial,True,-0.0150464972689388,0.0015737726189435,0.0,0.0021830597770019,0.0010972910583416,4468.0,0.0033168907278232,-0.555264852863383,30.25962399283796,False,676573,2026-01-24 17:42:34+00:00,50,False,0.5879225134849548,sentence-transformers/all-mpnet-base-v2,exploratory_only,True,False
2015169527714111668,QCOM,False,,55,partial,True,-0.0064148230403396,0.0010169330539033,0.0,0.0017324859379107,0.0009055282058883,4816.0,0.0031227343684163,-0.7902049647424655,23.89950166112957,False,234930762,2026-01-24 21:07:10+00:00,86,False,0.3962074518203735,sentence-transformers/all-mpnet-base-v2,confirmatory,True,True
2015182208932130939,SHOP,False,,57,partial,True,-0.0150464972689388,0.0015737726189435,0.0,0.0021830597770019,0.0010972910583416,4468.0,0.0033168907278232,-0.555264852863383,30.25962399283796,False,676573,2026-01-24 21:57:33+00:00,51,False,0.5943150520324707,sentence-transformers/all-mpnet-base-v2,exploratory_only,True,False
2015543492643369300,HOOD,False,,60,complete,True,0.0067119958416617,0.0016208982078863,0.0,0.0024686517521656,0.0010353669234942,13891.0,0.0035687533395987,-0.8187952744503509,14.77215463249586,False,605700792,2026-01-25 21:53:10+00:00,215,False,0.602563202381134,sentence-transformers/all-mpnet-base-v2,confirmatory,True,True
2015817413200408959,MSFT,False,,60,complete,True,0.0037101635625038,0.0005779242854912,1.0,0.0006167743380345,0.0002611472895039,13108.0,0.0008656246689829,-0.1487668228035567,51.04516325907843,False,20571756,2026-01-26 16:01:38+00:00,125,False,0.5115589499473572,sentence-transformers/all-mpnet-base-v2,null_baseline,True,False
2015817415003893982,MSFT,False,,60,complete,True,0.0037101635625038,0.0005779242854912,1.0,0.0006167743380345,0.0002611472895039,13108.0,0.0008656246689829,-0.1487668228035567,51.04516325907843,False,20571756,2026-01-26 16:01:38+00:00,125,False,0.6305660009384155,sentence-transformers/all-mpnet-base-v2,null_baseline,True,False
2015848539994325075,HOOD,False,,48,partial,True,-0.0010009658440707,0.0007019952961393,3.0,0.0015068207603171,0.000909155016159,8915.0,0.0022131931570161,-0.8852455850466847,2.434099831744251,False,605700792,2026-01-26 18:05:19+00:00,216,False,0.582366406917572,sentence-transformers/all-mpnet-base-v2,confirmatory,True,True
2015860958149967887,BOX,False,,29,partial,True,0.0060215501713024,0.0006680007775117,4.0,0.0006705297706363,0.0,1.0,0.0006705297706363,,0.0,False,914061,2026-01-26 18:54:39+00:00,207,False,0.8400766849517822,sentence-transformers/all-mpnet-base-v2,confirmatory,True,True
2015861664734941365,CRM,False,,54,partial,True,0.0040503960244704,0.0003716757410388,4.0,0.0008601445308332,0.0004317505862432,1469.0,0.0011613137631727,-1.131367982715798,0.2722940776038121,False,22330739,2026-01-26 18:57:28+00:00,190,False,0.5605326890945435,sentence-transformers/all-mpnet-base-v2,confirmatory,True,True
2015873970114043942,CRM,False,,59,partial,True,-0.0024574514568859,0.0004450475894074,5.0,0.000729961717102,0.0002199379010904,1654.0,0.0010283169946769,-1.2954298748964446,9.673518742442564,False,22330739,2026-01-26 19:46:22+00:00,190,False,0.6713351011276245,sentence-transformers/all-mpnet-base-v2,confirmatory,True,True
2015907779056431249,CRM,False,,60,complete,True,-0.0085324452925799,0.0024142523198242,0.0,0.0015879446050451,0.000617919264544,3112.0,0.0022651270721544,1.337242196824653,93.12339331619538,True,22330739,2026-01-26 22:00:42+00:00,191,False,0.4892546534538269,sentence-transformers/all-mpnet-base-v2,confirmatory,True,True
2015908355446079783,HOOD,False,,60,complete,True,-0.0139603645400087,0.0021291282087832,0.0,0.0024686517521656,0.0010353669234942,13891.0,0.0035687533395987,-0.3279258161314283,41.82564250233965,False,605700792,2026-01-26 22:03:00+00:00,216,False,0.4907478094100952,sentence-transformers/all-mpnet-base-v2,confirmatory,True,True
2015910475364728968,HOOD,False,,60,complete,True,-0.0139603645400087,0.0021291282087832,0.0,0.0024686517521656,0.0010353669234942,13891.0,0.0035687533395987,-0.3279258161314283,41.82564250233965,False,605700792,2026-01-26 22:11:25+00:00,217,False,0.549439549446106,sentence-transformers/all-mpnet-base-v2,confirmatory,True,True
2015940617843704006,CRM,False,,60,complete,True,-0.0085324452925799,0.0024142523198242,0.0,0.0015879446050451,0.000617919264544,3112.0,0.0022651270721544,1.337242196824653,93.12339331619538,True,22330739,2026-01-27 00:11:12+00:00,192,False,0.5053297877311707,sentence-transformers/all-mpnet-base-v2,confirmatory,True,True
2016126697100214712,SHOP,False,,55,partial,True,0.0007381131206014,0.0021688838003326,0.0,0.0021830597770019,0.0010972910583416,4468.0,0.0033168907278232,-0.0129190669708403,60.92211280214861,False,676573,2026-01-27 12:30:37+00:00,52,False,0.6492056846618652,sentence-transformers/all-mpnet-base-v2,exploratory_only,True,False
2016130736990941190,SHOP,False,,55,partial,True,0.0007381131206014,0.0021688838003326,0.0,0.0021830597770019,0.0010972910583416,4468.0,0.0033168907278232,-0.0129190669708403,60.92211280214861,False,676573,2026-01-27 12:46:40+00:00,53,False,0.8282011151313782,sentence-transformers/all-mpnet-base-v2,exploratory_only,True,False
2016165797907853662,HOOD,False,,58,partial,True,-0.0048670602198437,0.0012781898619064,0.0,0.0024686517521656,0.0010353669234942,13891.0,0.0035687533395987,-1.149797104046462,3.189115254481319,False,605700792,2026-01-27 15:05:59+00:00,217,False,0.5254431962966919,sentence-transformers/all-mpnet-base-v2,confirmatory,True,True
2016196503644033521,HOOD,False,,59,partial,True,-0.009236233840099,0.000864968353555,2.0,0.001537110318051,0.0006474939279101,10131.0,0.0021891213272673,-1.0380668227506469,4.382588095943145,False,605700792,2026-01-27 17:08:00+00:00,218,False,0.7691189050674438,sentence-transformers/all-mpnet-base-v2,confirmatory,True,True
2016200173286764613,SHOP,False,,43,partial,True,0.0019310288923983,0.0006414013948784,2.0,0.0014747561151007,0.0006296761045464,2272.0,0.0025959379889743,-1.3234656900671349,2.3767605633802815,False,676573,2026-01-27 17:22:35+00:00,54,False,0.4664169549942016,sentence-transformers/all-mpnet-base-v2,exploratory_only,True,False
2016332563879502219,HOOD,False,,57,partial,True,-0.0020908646719908,0.0035495727244764,0.0,0.0024686517521656,0.0010353669234942,13891.0,0.0035687533395987,1.043997975773505,89.69836584839105,False,605700792,2026-01-28 02:08:39+00:00,219,False,0.7207826375961304,sentence-transformers/all-mpnet-base-v2,confirmatory,True,True
2016392874670338155,BOX,False,,23,insufficient,False,0.0087361899543951,0.0016672380379921,0.0,0.004194744965337,0.0002853285700803,3.0,0.0043965047038567,-8.858232901924245,0.0,False,914061,2026-01-28 06:08:18+00:00,205,False,0.5171723365783691,sentence-transformers/all-mpnet-base-v2,confirmatory,True,False
2016500601798992083,HOOD,False,,57,partial,True,-0.0020908646719908,0.0035495727244764,0.0,0.0024686517521656,0.0010353669234942,13891.0,0.0035687533395987,1.043997975773505,89.69836584839105,False,605700792,2026-01-28 13:16:22+00:00,220,False,0.6626356244087219,sentence-transformers/all-mpnet-base-v2,confirmatory,True,True
2016554821831229685,QCOM,False,,50,partial,True,0.0038793048031147,0.0006178738359456,2.0,0.001322062776426,0.0006958446398886,1733.0,0.002085494805309,-1.0119916143824603,11.367570686670517,False,234930762,2026-01-28 16:51:49+00:00,84,False,0.3250660300254822,sentence-transformers/all-mpnet-base-v2,confirmatory,True,True
2016581330382000331,SHOP,True,"fomc(ALL, 2026-01-28 19:00:00+00:00->2026-01-28 21:00:00+00:00)",58,partial,False,1.8477601203659155e-05,0.0018602539888885,4.0,0.00134700672299,0.000850454886297,2585.0,0.0021921378277236,0.6034973449717075,80.81237911025146,False,676573,2026-01-28 18:37:10+00:00,55,False,0.5928605198860168,sentence-transformers/all-mpnet-base-v2,exploratory_only,True,False
2016587742998909353,CRM,True,"fomc(ALL, 2026-01-28 19:00:00+00:00->2026-01-28 21:00:00+00:00)",58,partial,False,-0.0043214210798765,0.0011606933616995,4.0,0.0008601445308332,0.0004317505862432,1469.0,0.0011613137631727,0.6961167869659048,89.92511912865895,False,22330739,2026-01-28 19:02:38+00:00,193,False,0.6962665319442749,sentence-transformers/all-mpnet-base-v2,confirmatory,True,False
2016640349561639234,HOOD,False,,60,complete,True,-0.0084743754209735,0.0024068073203512,0.0,0.0024686517521656,0.0010353669234942,13891.0,0.0035687533395987,-0.0597318983357374,57.23849974803829,False,605700792,2026-01-28 22:31:41+00:00,220,False,0.5946052670478821,sentence-transformers/all-mpnet-base-v2,confirmatory,True,True
2016643357502513467,HOOD,False,,60,complete,True,-0.0084743754209735,0.0024068073203512,0.0,0.0024686517521656,0.0010353669234942,13891.0,0.0035687533395987,-0.0597318983357374,57.23849974803829,False,605700792,2026-01-28 22:43:38+00:00,220,False,0.4600775241851806,sentence-transformers/all-mpnet-base-v2,confirmatory,True,True
2016661138919047286,CRM,False,,60,complete,True,-0.0733302885005976,0.0029669034618303,0.0,0.0015879446050451,0.000617919264544,3112.0,0.0022651270721544,2.2316165491341735,97.46143958868896,True,22330739,2026-01-28 23:54:17+00:00,194,False,0.6935732364654541,sentence-transformers/all-mpnet-base-v2,confirmatory,True,True
2016670711415525770,BOX,False,,48,partial,True,-0.0305917928872281,0.0026112482986152,0.0,0.004194744965337,0.0002853285700803,3.0,0.0043965047038567,-5.549730495883304,0.0,False,914061,2026-01-29 00:32:20+00:00,206,False,0.3705260157585144,sentence-transformers/all-mpnet-base-v2,confirmatory,True,True
2016671258939937076,MSFT,True,"earnings(MSFT, 2026-01-28 21:00:00+00:00->2026-01-29 21:00:00+00:00)",60,complete,False,-0.1071165890815416,0.0024403835452503,0.0,0.0008174575401678,0.0003989604251514,14622.0,0.0012105221411381,4.067887195744508,99.58282040760496,True,20571756,2026-01-29 00:34:30+00:00,122,False,0.3448697328567505,sentence-transformers/all-mpnet-base-v2,null_baseline,True,False
2016671260382769626,MSFT,True,"earnings(MSFT, 2026-01-28 21:00:00+00:00->2026-01-29 21:00:00+00:00)",60,complete,False,-0.1071165890815416,0.0024403835452503,0.0,0.0008174575401678,0.0003989604251514,14622.0,0.0012105221411381,4.067887195744508,99.58282040760496,True,20571756,2026-01-29 00:34:31+00:00,123,False,0.5803354978561401,sentence-transformers/all-mpnet-base-v2,null_baseline,True,False
2016671261729206658,MSFT,True,"earnings(MSFT, 2026-01-28 21:00:00+00:00->2026-01-29 21:00:00+00:00)",60,complete,False,-0.1071165890815416,0.0024403835452503,0.0,0.0008174575401678,0.0003989604251514,14622.0,0.0012105221411381,4.067887195744508,99.58282040760496,True,20571756,2026-01-29 00:34:31+00:00,123,False,0.4559659957885742,sentence-transformers/all-mpnet-base-v2,null_baseline,True,False
2016671263117459675,MSFT,True,"earnings(MSFT, 2026-01-28 21:00:00+00:00->2026-01-29 21:00:00+00:00)",60,complete,False,-0.1071165890815416,0.0024403835452503,0.0,0.0008174575401678,0.0003989604251514,14622.0,0.0012105221411381,4.067887195744508,99.58282040760496,True,20571756,2026-01-29 00:34:31+00:00,123,False,0.32593834400177,sentence-transformers/all-mpnet-base-v2,null_baseline,True,False
2016671264514134137,MSFT,True,"earnings(MSFT, 2026-01-28 21:00:00+00:00->2026-01-29 21:00:00+00:00)",60,complete,False,-0.1071165890815416,0.0024403835452503,0.0,0.0008174575401678,0.0003989604251514,14622.0,0.0012105221411381,4.067887195744508,99.58282040760496,True,20571756,2026-01-29 00:34:32+00:00,126,False,0.4910717010498047,sentence-transformers/all-mpnet-base-v2,null_baseline,True,False
2016727602619453888,BOX,False,,48,partial,True,-0.0305917928872281,0.0026112482986152,0.0,0.004194744965337,0.0002853285700803,3.0,0.0043965047038567,-5.549730495883304,0.0,False,914061,2026-01-29 04:18:24+00:00,206,False,0.1856557130813598,sentence-transformers/all-mpnet-base-v2,confirmatory,True,True
2016752446446411843,SHOP,False,,59,partial,True,0.0105470986079578,0.0026979148765686,0.0,0.0021830597770019,0.0010972910583416,4468.0,0.0033168907278232,0.4692055910351002,79.52103849597135,False,676573,2026-01-29 05:57:07+00:00,56,False,0.6602137088775635,sentence-transformers/all-mpnet-base-v2,exploratory_only,True,False
2016777002758656232,SHOP,False,,59,partial,True,0.0105470986079578,0.0026979148765686,0.0,0.0021830597770019,0.0010972910583416,4468.0,0.0033168907278232,0.4692055910351002,79.52103849597135,False,676573,2026-01-29 07:34:42+00:00,57,False,0.7938077449798584,sentence-transformers/all-mpnet-base-v2,exploratory_only,True,False
2016777076045730041,SHOP,False,,59,partial,True,0.0105470986079578,0.0026979148765686,0.0,0.0021830597770019,0.0010972910583416,4468.0,0.0033168907278232,0.4692055910351002,79.52103849597135,False,676573,2026-01-29 07:34:59+00:00,58,False,0.5862549543380737,sentence-transformers/all-mpnet-base-v2,exploratory_only,True,False
2016893290398831071,SHOP,False,,58,partial,True,0.0050305445209781,0.0017532233861664,0.0,0.0021830597770019,0.0010972910583416,4468.0,0.0033168907278232,-0.3917250464841201,42.36794986571173,False,676573,2026-01-29 15:16:47+00:00,59,False,0.639340877532959,sentence-transformers/all-mpnet-base-v2,exploratory_only,True,False
2016958191871885377,HOOD,False,,58,partial,True,-0.0038724460232925,0.0008277777792332,5.0,0.0012864632027318,0.0005528423224853,6233.0,0.0019156052701326,-0.8296857979986282,14.198620247072036,False,605700792,2026-01-29 19:34:40+00:00,219,False,0.3966979384422302,sentence-transformers/all-mpnet-base-v2,confirmatory,True,True
2016963751719600320,HOOD,False,,59,partial,True,0.006634954039588,0.0009554429188666,5.0,0.0012864632027318,0.0005528423224853,6233.0,0.0019156052701326,-0.5987607504018105,29.552382480346544,False,605700792,2026-01-29 19:56:46+00:00,220,False,0.480599045753479,sentence-transformers/all-mpnet-base-v2,confirmatory,True,True
2017006454679507009,HOOD,False,,60,complete,True,0.0223773398589748,0.0025824925632526,0.0,0.0024686517521656,0.0010353669234942,13891.0,0.0035687533395987,0.1099521420897164,65.05651141026564,False,605700792,2026-01-29 22:46:27+00:00,221,False,0.5793289542198181,sentence-transformers/all-mpnet-base-v2,confirmatory,True,True
2017073570036535450,HOOD,False,,60,complete,True,0.0223773398589748,0.0025824925632526,0.0,0.0024686517521656,0.0010353669234942,13891.0,0.0035687533395987,0.1099521420897164,65.05651141026564,False,605700792,2026-01-30 03:13:09+00:00,222,False,0.5704151391983032,sentence-transformers/all-mpnet-base-v2,confirmatory,True,True
2017127995950203114,BOX,False,,40,partial,True,0.0094152011175296,0.0020072700952716,0.0,0.004194744965337,0.0002853285700803,3.0,0.0043965047038567,-7.666511872432748,0.0,False,914061,2026-01-30 06:49:25+00:00,205,False,0.4831996560096741,sentence-transformers/all-mpnet-base-v2,confirmatory,True,True
2017284898285916640,SHOP,False,,49,partial,True,-0.0116220288620028,0.0011491407746309,2.0,0.0014747561151007,0.0006296761045464,2272.0,0.0025959379889743,-0.5171156061328518,35.87147887323944,False,676573,2026-01-30 17:12:53+00:00,60,False,0.5839776396751404,sentence-transformers/all-mpnet-base-v2,exploratory_only,True,False
2017326503185522912,HOOD,False,,59,partial,True,-0.0068705215053569,0.0013916403018341,5.0,0.0012864632027318,0.0005528423224853,6233.0,0.0019156052701326,0.1902479148656495,68.3298572116156,False,605700792,2026-01-30 19:58:13+00:00,223,False,0.5965474843978882,sentence-transformers/all-mpnet-base-v2,confirmatory,True,True
2017326986092478730,HOOD,False,,58,partial,True,-0.0051489527082966,0.0014068055665996,5.0,0.0012864632027318,0.0005528423224853,6233.0,0.0019156052701326,0.2176793616789663,69.35665008824002,False,605700792,2026-01-30 20:00:08+00:00,224,False,0.5408318042755127,sentence-transformers/all-mpnet-base-v2,confirmatory,True,True
2017400526032576883,HOOD,False,,60,complete,True,-0.0866891348226772,0.0033367500072896,0.0,0.0024686517521656,0.0010353669234942,13891.0,0.0035687533395987,0.8384450337609025,86.18529983442517,False,605700792,2026-01-31 00:52:21+00:00,225,False,0.6684830188751221,sentence-transformers/all-mpnet-base-v2,confirmatory,True,True
2017408525966970907,HOOD,False,,60,complete,True,-0.0866891348226772,0.0033367500072896,0.0,0.0024686517521656,0.0010353669234942,13891.0,0.0035687533395987,0.8384450337609025,86.18529983442517,False,605700792,2026-01-31 01:24:08+00:00,226,False,0.5068026781082153,sentence-transformers/all-mpnet-base-v2,confirmatory,True,True
2017408757526106212,HOOD,False,,60,complete,True,-0.0866891348226772,0.0033367500072896,0.0,0.0024686517521656,0.0010353669234942,13891.0,0.0035687533395987,0.8384450337609025,86.18529983442517,False,605700792,2026-01-31 01:25:04+00:00,227,False,0.6288341879844666,sentence-transformers/all-mpnet-base-v2,confirmatory,True,True
2017432134198473041,BOX,False,,42,partial,True,0.0140875281852721,0.0021964561014493,0.0,0.004194744965337,0.0002853285700803,3.0,0.0043965047038567,-7.0034657353970005,0.0,False,914061,2026-01-31 02:57:57+00:00,204,False,0.9541545510292052,sentence-transformers/all-mpnet-base-v2,confirmatory,True,True
2017616594860409319,SHOP,False,,59,partial,True,0.0334147958254302,0.0022142689240361,0.0,0.0021830597770019,0.0010972910583416,4468.0,0.0033168907278232,0.028441995218108,62.66786034019696,False,676573,2026-01-31 15:10:56+00:00,61,False,0.472068190574646,sentence-transformers/all-mpnet-base-v2,exploratory_only,True,False
2017630013734912382,SHOP,False,,59,partial,True,0.0334147958254302,0.0022142689240361,0.0,0.0021830597770019,0.0010972910583416,4468.0,0.0033168907278232,0.028441995218108,62.66786034019696,False,676573,2026-01-31 16:04:15+00:00,62,False,0.6099225282669067,sentence-transformers/all-mpnet-base-v2,exploratory_only,True,False
2017673895856545891,BOX,False,,42,partial,True,0.0140875281852721,0.0021964561014493,0.0,0.004194744965337,0.0002853285700803,3.0,0.0043965047038567,-7.0034657353970005,0.0,False,914061,2026-01-31 18:58:37+00:00,205,False,0.4224895238876343,sentence-transformers/all-mpnet-base-v2,confirmatory,True,True
2017750533361070425,SHOP,False,,59,partial,True,0.0334147958254302,0.0022142689240361,0.0,0.0021830597770019,0.0010972910583416,4468.0,0.0033168907278232,0.028441995218108,62.66786034019696,False,676573,2026-02-01 00:03:09+00:00,63,False,0.7116454839706421,sentence-transformers/all-mpnet-base-v2,exploratory_only,True,False
2017751113328447896,SHOP,False,,59,partial,True,0.0334147958254302,0.0022142689240361,0.0,0.0021830597770019,0.0010972910583416,4468.0,0.0033168907278232,0.028441995218108,62.66786034019696,False,676573,2026-02-01 00:05:28+00:00,64,False,0.578539252281189,sentence-transformers/all-mpnet-base-v2,exploratory_only,True,False
2017795986966335853,SHOP,False,,59,partial,True,0.0334147958254302,0.0022142689240361,0.0,0.0021830597770019,0.0010972910583416,4468.0,0.0033168907278232,0.028441995218108,62.66786034019696,False,676573,2026-02-01 03:03:46+00:00,65,False,0.4888226985931396,sentence-transformers/all-mpnet-base-v2,exploratory_only,True,False
2018125395930091819,BOX,False,,42,partial,True,0.0140875281852721,0.0021964561014493,0.0,0.004194744965337,0.0002853285700803,3.0,0.0043965047038567,-7.0034657353970005,0.0,False,914061,2026-02-02 00:52:44+00:00,202,False,0.5263087749481201,sentence-transformers/all-mpnet-base-v2,confirmatory,True,True
2018132372747948543,CRM,False,,57,partial,True,0.0126248613561368,0.0017716984774525,0.0,0.0015879446050451,0.000617919264544,3112.0,0.0022651270721544,0.2973752121857446,67.25578406169666,False,22330739,2026-02-02 01:20:27+00:00,194,False,0.3386180400848388,sentence-transformers/all-mpnet-base-v2,confirmatory,True,True
2018149325654704487,SHOP,False,,59,partial,True,0.0334147958254302,0.0022142689240361,0.0,0.0021830597770019,0.0010972910583416,4468.0,0.0033168907278232,0.028441995218108,62.66786034019696,False,676573,2026-02-02 02:27:49+00:00,66,False,0.6184617280960083,sentence-transformers/all-mpnet-base-v2,exploratory_only,True,False
2018448321120174340,HOOD,False,,60,complete,True,0.00035542069018,0.0031368427562229,0.0,0.0024686517521656,0.0010353669234942,13891.0,0.0035687533395987,0.6453663806472757,82.0603268303218,False,605700792,2026-02-02 22:15:55+00:00,226,False,0.7300970554351807,sentence-transformers/all-mpnet-base-v2,confirmatory,True,True
2018452550689980471,HOOD,False,,60,complete,True,0.00035542069018,0.0031368427562229,0.0,0.0024686517521656,0.0010353669234942,13891.0,0.0035687533395987,0.6453663806472757,82.0603268303218,False,605700792,2026-02-02 22:32:43+00:00,227,False,0.5538620948791504,sentence-transformers/all-mpnet-base-v2,confirmatory,True,True
2018484270533427312,HOOD,False,,60,complete,True,0.00035542069018,0.0031368427562229,0.0,0.0024686517521656,0.0010353669234942,13891.0,0.0035687533395987,0.6453663806472757,82.0603268303218,False,605700792,2026-02-03 00:38:46+00:00,227,False,0.5022386312484741,sentence-transformers/all-mpnet-base-v2,confirmatory,True,True
2018506396321419760,SHOP,False,,60,complete,True,-0.0594077113903661,0.0021791668223157,0.0,0.0021830597770019,0.0010972910583416,4468.0,0.0033168907278232,-0.0035477867577779,61.32497761862131,False,676573,2026-02-03 02:06:41+00:00,67,False,0.7050468325614929,sentence-transformers/all-mpnet-base-v2,exploratory_only,True,False
2018510268414976002,BOX,False,,48,partial,True,-0.0398869523867058,0.0026539960542972,0.0,0.004194744965337,0.0002853285700803,3.0,0.0043965047038567,-5.399911094096921,0.0,False,914061,2026-02-03 02:22:04+00:00,202,False,0.4861763119697571,sentence-transformers/all-mpnet-base-v2,confirmatory,True,True
2018511810484424911,SHOP,False,,60,complete,True,-0.0594077113903661,0.0021791668223157,0.0,0.0021830597770019,0.0010972910583416,4468.0,0.0033168907278232,-0.0035477867577779,61.32497761862131,False,676573,2026-02-03 02:28:12+00:00,68,False,0.642708957195282,sentence-transformers/all-mpnet-base-v2,exploratory_only,True,False
2018539238237798595,CRM,False,,60,complete,True,-0.0531663445337449,0.002734917536144,0.0,0.0015879446050451,0.000617919264544,3112.0,0.0022651270721544,1.8561857461189304,95.8547557840617,True,22330739,2026-02-03 04:17:11+00:00,195,False,0.459058403968811,sentence-transformers/all-mpnet-base-v2,confirmatory,True,True
2018744402668372436,HOOD,False,,59,partial,True,-0.0096171771879954,0.0011740034994573,3.0,0.0015068207603171,0.000909155016159,8915.0,0.0022131931570161,-0.3660731722802408,38.29500841278743,False,605700792,2026-02-03 17:52:26+00:00,228,False,0.5809272527694702,sentence-transformers/all-mpnet-base-v2,confirmatory,True,True
2018744803081740528,HOOD,False,,58,partial,True,-0.0080988916477567,0.0011769425519036,3.0,0.0015068207603171,0.000909155016159,8915.0,0.0022131931570161,-0.3628404425541865,38.452047111609645,False,605700792,2026-02-03 17:54:02+00:00,229,False,0.5143285989761353,sentence-transformers/all-mpnet-base-v2,confirmatory,True,True
2018782718096810200,HOOD,False,,37,partial,True,0.0208603924324988,0.0015163875417644,5.0,0.0012864632027318,0.0005528423224853,6233.0,0.0019156052701326,0.4158949662155585,75.58158190277555,False,605700792,2026-02-03 20:24:41+00:00,230,False,0.7503713965415955,sentence-transformers/all-mpnet-base-v2,confirmatory,True,True
2018881321313997151,SHOP,False,,60,complete,True,-0.0492593116970704,0.0037199467515496,0.0,0.0021830597770019,0.0010972910583416,4468.0,0.0033168907278232,1.4006192457911073,94.65085049239032,True,676573,2026-02-04 02:56:30+00:00,69,False,0.5951969623565674,sentence-transformers/all-mpnet-base-v2,exploratory_only,True,False
2018881718715896301,SHOP,False,,60,complete,True,-0.0492593116970704,0.0037199467515496,0.0,0.0021830597770019,0.0010972910583416,4468.0,0.0033168907278232,1.4006192457911073,94.65085049239032,True,676573,2026-02-04 02:58:05+00:00,70,False,0.5575437545776367,sentence-transformers/all-mpnet-base-v2,exploratory_only,True,False
2018919899436093948,BOX,False,,59,partial,True,0.0120325369593805,0.0022409919823839,0.0,0.004194744965337,0.0002853285700803,3.0,0.0043965047038567,-6.8473794348837,0.0,False,914061,2026-02-04 05:29:48+00:00,200,False,0.1784812211990356,sentence-transformers/all-mpnet-base-v2,confirmatory,True,True
2019083838035579015,QCOM,False,,58,partial,True,-0.0001587082822998,0.00096011294336,1.0,0.0014049941536428,0.0008717321533434,3575.0,0.0024544828179355,-0.5103416325489868,38.74125874125875,False,234930762,2026-02-04 16:21:14+00:00,84,False,0.5378135442733765,sentence-transformers/all-mpnet-base-v2,confirmatory,True,True
2019102184651256315,BOX,False,,52,partial,True,0.0086951067166004,0.0011132354423259,3.0,,,,,,,False,914061,2026-02-04 17:34:08+00:00,201,False,0.2672736644744873,sentence-transformers/all-mpnet-base-v2,confirmatory,True,True
2019184192098087294,QCOM,True,"earnings(QCOM, 2026-02-04 21:00:00+00:00->2026-02-05 21:00:00+00:00)",60,complete,False,-0.0851013159190161,0.0042835497655062,0.0,0.0017324859379107,0.0009055282058883,4816.0,0.0031227343684163,2.8172107848289194,98.81644518272424,True,234930762,2026-02-04 23:00:00+00:00,85,False,0.3602144718170166,sentence-transformers/all-mpnet-base-v2,confirmatory,True,False
2019249827159372168,SHOP,False,,60,complete,True,-0.0197158679413018,0.0032545686776373,0.0,0.0021830597770019,0.0010972910583416,4468.0,0.0033168907278232,0.9765038113541304,88.69740376007162,False,676573,2026-02-05 03:20:49+00:00,71,False,0.4537872076034546,sentence-transformers/all-mpnet-base-v2,exploratory_only,True,False
2019479689170153599,BOX,False,,46,partial,True,-0.0032453995436666,0.0014554279869933,4.0,0.0006705297706363,0.0,1.0,0.0006705297706363,,100.0,True,914061,2026-02-05 18:34:12+00:00,199,False,0.441467821598053,sentence-transformers/all-mpnet-base-v2,confirmatory,True,True
2019524439873142888,HOOD,False,,60,complete,True,0.1035126596349667,0.0047702784033652,0.0,0.0024686517521656,0.0010353669234942,13891.0,0.0035687533395987,2.2230057759928807,97.66755453171118,True,605700792,2026-02-05 21:32:02+00:00,229,False,0.5598965287208557,sentence-transformers/all-mpnet-base-v2,confirmatory,True,True
2019532485626065317,HOOD,False,,60,complete,True,0.1035126596349667,0.0047702784033652,0.0,0.0024686517521656,0.0010353669234942,13891.0,0.0035687533395987,2.2230057759928807,97.66755453171118,True,605700792,2026-02-05 22:04:00+00:00,230,False,0.623897910118103,sentence-transformers/all-mpnet-base-v2,confirmatory,True,True
2019544061510873238,HOOD,False,,60,complete,True,0.1035126596349667,0.0047702784033652,0.0,0.0024686517521656,0.0010353669234942,13891.0,0.0035687533395987,2.2230057759928807,97.66755453171118,True,605700792,2026-02-05 22:50:00+00:00,231,False,0.601296067237854,sentence-transformers/all-mpnet-base-v2,confirmatory,True,True
2019562419132199202,SHOP,False,,59,partial,True,-0.0025591620672396,0.0034549218032693,0.0,0.0021830597770019,0.0010972910583416,4468.0,0.0033168907278232,1.1590926733602032,92.05461056401074,True,676573,2026-02-06 00:02:57+00:00,72,False,0.5542706251144409,sentence-transformers/all-mpnet-base-v2,exploratory_only,True,False
2019574512124326012,HOOD,False,,60,complete,True,0.1035126596349667,0.0047702784033652,0.0,0.0024686517521656,0.0010353669234942,13891.0,0.0035687533395987,2.2230057759928807,97.66755453171118,True,605700792,2026-02-06 00:51:00+00:00,232,False,0.8234637379646301,sentence-transformers/all-mpnet-base-v2,confirmatory,True,True
2019634114874470819,BOX,False,,40,partial,True,0.0003491739011314,0.0032113010704014,0.0,0.004194744965337,0.0002853285700803,3.0,0.0043965047038567,-3.446706702587111,0.0,False,914061,2026-02-06 04:47:50+00:00,198,False,0.4078303575515747,sentence-transformers/all-mpnet-base-v2,confirmatory,True,True
2019712015913353513,CRM,False,,60,complete,True,-0.0082575336175161,0.0025311813020718,0.0,0.0015879446050451,0.000617919264544,3112.0,0.0022651270721544,1.5264723907300703,94.18380462724936,True,22330739,2026-02-06 09:57:23+00:00,195,False,0.6177947521209717,sentence-transformers/all-mpnet-base-v2,confirmatory,True,True
2019832751168659883,HOOD,False,,60,complete,True,-0.0079585763748524,0.0013980855928435,3.0,0.0015068207603171,0.000909155016159,8915.0,0.0022131931570161,-0.1196002502774752,56.10768367919238,False,605700792,2026-02-06 17:57:09+00:00,233,False,0.6348821520805359,sentence-transformers/all-mpnet-base-v2,confirmatory,True,True
2019832811017101801,HOOD,False,,60,complete,True,-0.0079585763748524,0.0013980855928435,3.0,0.0015068207603171,0.000909155016159,8915.0,0.0022131931570161,-0.1196002502774752,56.10768367919238,False,605700792,2026-02-06 17:57:23+00:00,234,False,0.7884933352470398,sentence-transformers/all-mpnet-base-v2,confirmatory,True,True
2019871947094651215,HOOD,False,,27,insufficient,False,0.0085861384334131,0.0014865272536472,6.0,,,,,,,False,605700792,2026-02-06 20:32:54+00:00,235,False,0.5239758491516113,sentence-transformers/all-mpnet-base-v2,confirmatory,True,False
2019878279990378668,CRM,False,,1,insufficient,False,0.0029982480563045,,6.0,,,,,,,False,22330739,2026-02-06 20:58:04+00:00,196,False,0.5633411407470703,sentence-transformers/all-mpnet-base-v2,confirmatory,True,False
2019936302226108508,HOOD,False,,50,partial,True,0.0447959162423605,0.003861739164405,,,,,,,,False,605700792,2026-02-07 00:48:37+00:00,236,False,0.5954760313034058,sentence-transformers/all-mpnet-base-v2,confirmatory,True,True
2020008277325803982,BOX,False,,33,partial,True,-0.0236215401076047,0.0028970828449018,0.0,0.004194744965337,0.0002853285700803,3.0,0.0043965047038567,-4.547957185183514,0.0,False,914061,2026-02-07 05:34:37+00:00,197,False,0.181352436542511,sentence-transformers/all-mpnet-base-v2,confirmatory,True,True
2020277273899991313,CRM,False,,59,partial,True,0.0027532360700968,0.0021322369958129,0.0,0.0015879446050451,0.000617919264544,3112.0,0.0022651270721544,0.8808470976697748,85.08997429305913,False,22330739,2026-02-07 23:23:31+00:00,197,False,0.6802283525466919,sentence-transformers/all-mpnet-base-v2,confirmatory,True,True
2020380616471245259,BOX,False,,33,partial,True,-0.0236215401076047,0.0028970828449018,0.0,0.004194744965337,0.0002853285700803,3.0,0.0043965047038567,-4.547957185183514,0.0,False,914061,2026-02-08 06:14:10+00:00,197,False,0.4059927463531494,sentence-transformers/all-mpnet-base-v2,confirmatory,True,True
2020599759464194554,CRM,False,,59,partial,True,0.0027532360700968,0.0021322369958129,0.0,0.0015879446050451,0.000617919264544,3112.0,0.0022651270721544,0.8808470976697748,85.08997429305913,False,22330739,2026-02-08 20:44:58+00:00,198,False,0.6603053212165833,sentence-transformers/all-mpnet-base-v2,confirmatory,True,True
2020630810022629880,CRM,False,,59,partial,True,0.0027532360700968,0.0021322369958129,0.0,0.0015879446050451,0.000617919264544,3112.0,0.0022651270721544,0.8808470976697748,85.08997429305913,False,22330739,2026-02-08 22:48:21+00:00,199,False,0.6930034160614014,sentence-transformers/all-mpnet-base-v2,confirmatory,True,True
2020637655520985358,CRM,False,,59,partial,True,0.0027532360700968,0.0021322369958129,0.0,0.0015879446050451,0.000617919264544,3112.0,0.0022651270721544,0.8808470976697748,85.08997429305913,False,22330739,2026-02-08 23:15:33+00:00,200,False,0.6591877937316895,sentence-transformers/all-mpnet-base-v2,confirmatory,True,True
2020685677198028887,CRM,False,,59,partial,True,0.0027532360700968,0.0021322369958129,0.0,0.0015879446050451,0.000617919264544,3112.0,0.0022651270721544,0.8808470976697748,85.08997429305913,False,22330739,2026-02-09 02:26:22+00:00,201,False,0.7031816244125366,sentence-transformers/all-mpnet-base-v2,confirmatory,True,True
2020688785659535730,CRM,False,,59,partial,True,0.0027532360700968,0.0021322369958129,0.0,0.0015879446050451,0.000617919264544,3112.0,0.0022651270721544,0.8808470976697748,85.08997429305913,False,22330739,2026-02-09 02:38:43+00:00,202,False,0.7843871712684631,sentence-transformers/all-mpnet-base-v2,confirmatory,True,True
2020709207193145816,MSFT,False,,60,complete,True,0.0199642161252657,0.0014080911418708,0.0,0.0008174575401678,0.0003989604251514,14622.0,0.0012105221411381,1.480431552775467,95.363151415675,True,20571756,2026-02-09 03:59:52+00:00,124,False,0.7714674472808838,sentence-transformers/all-mpnet-base-v2,null_baseline,True,False
2020722667721052490,SHOP,False,,59,partial,True,0.0080518759085601,0.0030500644817773,0.0,0.0021830597770019,0.0010972910583416,4468.0,0.0033168907278232,0.790131932803511,85.3401969561325,False,676573,2026-02-09 04:53:21+00:00,73,False,0.6038022041320801,sentence-transformers/all-mpnet-base-v2,exploratory_only,True,False
2020983043297771958,HOOD,False,,60,complete,True,0.0079631631573511,0.0028206956958658,0.0,0.0024686517521656,0.0010353669234942,13891.0,0.0035687533395987,0.3400185342141111,74.0119501835721,False,605700792,2026-02-09 22:08:00+00:00,237,False,0.7136731147766113,sentence-transformers/all-mpnet-base-v2,confirmatory,True,True
2021064443229241718,SHOP,False,,60,complete,True,0.0725528504641803,0.0033240947206151,0.0,0.0021830597770019,0.0010972910583416,4468.0,0.0033168907278232,1.0398653437837344,90.19695613249776,True,676573,2026-02-10 03:31:27+00:00,74,False,0.6298251152038574,sentence-transformers/all-mpnet-base-v2,exploratory_only,True,False
2021090905126539398,BOX,False,,49,partial,True,0.0077904640665755,0.0017790121656459,0.0,0.004194744965337,0.0002853285700803,3.0,0.0043965047038567,-8.466494606588762,0.0,False,914061,2026-02-10 05:16:36+00:00,196,False,0.2901725769042969,sentence-transformers/all-mpnet-base-v2,confirmatory,True,True
2021111214739193886,SHOP,False,,60,complete,True,0.0725528504641803,0.0033240947206151,0.0,0.0021830597770019,0.0010972910583416,4468.0,0.0033168907278232,1.0398653437837344,90.19695613249776,True,676573,2026-02-10 06:37:18+00:00,75,False,0.6985217332839966,sentence-transformers/all-mpnet-base-v2,exploratory_only,True,False
2021280624716239320,HOOD,False,,60,complete,True,-0.0057341851025319,0.0010734212939003,3.0,0.0015068207603171,0.000909155016159,8915.0,0.0022131931570161,-0.4767057968264047,29.28771733034212,False,605700792,2026-02-10 17:50:29+00:00,235,False,0.596993625164032,sentence-transformers/all-mpnet-base-v2,confirmatory,True,True
2021343426181202354,HOOD,True,"earnings(HOOD, 2026-02-10 21:00:00+00:00->2026-02-11 21:00:00+00:00); jobs_report(ALL, 2026-02-11 13:30:00+00:00->2026-02-11 21:00:00+00:00)",60,complete,False,-0.1198812472607434,0.0041497635328026,0.0,0.0024686517521656,0.0010353669234942,13891.0,0.0035687533395987,1.6236869678659689,94.80958894248074,True,605700792,2026-02-10 22:00:02+00:00,236,False,0.657747209072113,sentence-transformers/all-mpnet-base-v2,confirmatory,True,False
2021401110129541373,HOOD,True,"earnings(HOOD, 2026-02-10 21:00:00+00:00->2026-02-11 21:00:00+00:00); jobs_report(ALL, 2026-02-11 13:30:00+00:00->2026-02-11 21:00:00+00:00)",60,complete,False,-0.1198812472607434,0.0041497635328026,0.0,0.0024686517521656,0.0010353669234942,13891.0,0.0035687533395987,1.6236869678659689,94.80958894248074,True,605700792,2026-02-11 01:49:15+00:00,236,False,0.4133838415145874,sentence-transformers/all-mpnet-base-v2,confirmatory,True,False
2021449943626711124,SHOP,True,"earnings(SHOP, 2026-02-11 14:30:00+00:00->2026-02-11 21:00:00+00:00); jobs_report(ALL, 2026-02-11 13:30:00+00:00->2026-02-11 21:00:00+00:00)",39,partial,False,-0.0725060601424896,0.01024654330596,,,,,,,,False,676573,2026-02-11 05:03:17+00:00,76,False,0.5592983961105347,sentence-transformers/all-mpnet-base-v2,exploratory_only,True,False
2021462942718349332,BOX,True,"jobs_report(ALL, 2026-02-11 13:30:00+00:00->2026-02-11 21:00:00+00:00)",54,partial,False,-0.0308899008418798,0.002631791031422,0.0,0.004194744965337,0.0002853285700803,3.0,0.0043965047038567,-5.4777337350926985,0.0,False,914061,2026-02-11 05:54:57+00:00,195,False,0.3321601152420044,sentence-transformers/all-mpnet-base-v2,confirmatory,True,False
2021597510968484177,SHOP,True,"earnings(SHOP, 2026-02-11 14:30:00+00:00->2026-02-11 21:00:00+00:00); jobs_report(ALL, 2026-02-11 13:30:00+00:00->2026-02-11 21:00:00+00:00)",60,complete,False,-0.0782761180706318,0.0034358728612751,0.0,0.0021830597770019,0.0010972910583416,4468.0,0.0033168907278232,1.1417327014098075,91.89794091316024,True,676573,2026-02-11 14:49:40+00:00,77,False,0.606926441192627,sentence-transformers/all-mpnet-base-v2,exploratory_only,True,False
2021653900617826731,BOX,True,"jobs_report(ALL, 2026-02-11 13:30:00+00:00->2026-02-11 21:00:00+00:00)",47,partial,False,0.0077370914335901,0.0012531706272811,4.0,0.0006705297706363,0.0,1.0,0.0006705297706363,,100.0,True,914061,2026-02-11 18:33:45+00:00,196,False,0.3327085375785827,sentence-transformers/all-mpnet-base-v2,confirmatory,True,False
2021817744572780985,BOX,False,,39,partial,True,-0.0135316575851938,0.0035230654019566,0.0,0.004194744965337,0.0002853285700803,3.0,0.0043965047038567,-2.3540564591592132,0.0,False,914061,2026-02-12 05:24:48+00:00,196,False,0.1795491576194763,sentence-transformers/all-mpnet-base-v2,confirmatory,True,True
2021866814637330630,CRM,False,,59,partial,True,0.0009642320117795,0.0027946153514471,0.0,0.0015879446050451,0.000617919264544,3112.0,0.0022651270721544,1.9527967740129744,96.56169665809767,True,22330739,2026-02-12 08:39:47+00:00,203,False,0.4235143661499023,sentence-transformers/all-mpnet-base-v2,confirmatory,True,True
2021996917224522025,QCOM,False,,58,partial,True,0.0018447867839476,0.0008452239685895,2.0,0.001322062776426,0.0006958446398886,1733.0,0.002085494805309,-0.6852661937766512,25.100980957876512,False,234930762,2026-02-12 17:16:46+00:00,83,False,0.2276380062103271,sentence-transformers/all-mpnet-base-v2,confirmatory,True,True
2022040725937102909,HOOD,False,,49,partial,True,0.0058873332221971,0.0012317796176685,5.0,0.0012864632027318,0.0005528423224853,6233.0,0.0019156052701326,-0.0989135289381196,58.07797208406866,False,605700792,2026-02-12 20:10:51+00:00,236,False,0.6159191131591797,sentence-transformers/all-mpnet-base-v2,confirmatory,True,True
2022128803582230859,SHOP,True,"cpi(ALL, 2026-02-13 13:30:00+00:00->2026-02-13 21:00:00+00:00)",60,complete,False,0.0012774086099824,0.0044169561010656,0.0,0.0021830597770019,0.0010972910583416,4468.0,0.0033168907278232,2.0358284222600997,97.11280214861236,True,676573,2026-02-13 02:00:50+00:00,78,False,0.6823770403862,sentence-transformers/all-mpnet-base-v2,exploratory_only,True,False
2022174379761971640,BOX,True,"cpi(ALL, 2026-02-13 13:30:00+00:00->2026-02-13 21:00:00+00:00)",55,partial,False,0.0176741627668142,0.0027734870596758,0.0,0.004194744965337,0.0002853285700803,3.0,0.0043965047038567,-4.9811272150590815,0.0,False,914061,2026-02-13 05:01:56+00:00,196,False,0.2150909304618835,sentence-transformers/all-mpnet-base-v2,confirmatory,True,False
2022363914403799365,QCOM,True,"cpi(ALL, 2026-02-13 13:30:00+00:00->2026-02-13 21:00:00+00:00)",59,partial,False,-0.0028460058148738,0.0004903165170903,3.0,0.0011347929536885,0.0005617187407871,1807.0,0.0019061194460276,-1.1473294191591088,4.095185390149418,False,234930762,2026-02-13 17:35:05+00:00,84,False,0.3679606914520263,sentence-transformers/all-mpnet-base-v2,confirmatory,True,False
2022375298097111160,BOX,True,"cpi(ALL, 2026-02-13 13:30:00+00:00->2026-02-13 21:00:00+00:00)",28,partial,False,0.0004231414605676,0.0009803854906434,3.0,,,,,,,False,914061,2026-02-13 18:20:19+00:00,197,False,0.5632896423339844,sentence-transformers/all-mpnet-base-v2,confirmatory,True,False
2022379430308647250,HOOD,True,"cpi(ALL, 2026-02-13 13:30:00+00:00->2026-02-13 21:00:00+00:00)",59,partial,False,0.0028924861252505,0.0012641423485183,4.0,0.0013431431635813,0.0006582170574046,9575.0,0.0020093680065816,-0.1200224366328057,57.75456919060053,False,605700792,2026-02-13 18:36:44+00:00,237,False,0.5671809911727905,sentence-transformers/all-mpnet-base-v2,confirmatory,True,False
2022436595266109815,SHOP,False,,60,complete,True,-0.0051490599979531,0.004569590916524,0.0,0.0021830597770019,0.0010972910583416,4468.0,0.0033168907278232,2.1749299070466983,97.26947179946283,True,676573,2026-02-13 22:23:54+00:00,79,False,0.4953279495239258,sentence-transformers/all-mpnet-base-v2,exploratory_only,True,False
2022459120050409852,HOOD,False,,60,complete,True,-0.0272202598157486,0.0048833110777404,0.0,0.0024686517521656,0.0010353669234942,13891.0,0.0035687533395987,2.3321773863759905,98.01310200849473,True,605700792,2026-02-13 23:53:24+00:00,238,False,0.7569229602813721,sentence-transformers/all-mpnet-base-v2,confirmatory,True,True
2022528168511320525,BOX,False,,43,partial,True,-0.010527316233589,0.0018930859353614,0.0,0.004194744965337,0.0002853285700803,3.0,0.0043965047038567,-8.066696683501826,0.0,False,914061,2026-02-14 04:27:46+00:00,196,False,0.2515301704406738,sentence-transformers/all-mpnet-base-v2,confirmatory,True,True
2022737438838325687,BOX,False,,43,partial,True,-0.010527316233589,0.0018930859353614,0.0,0.004194744965337,0.0002853285700803,3.0,0.0043965047038567,-8.066696683501826,0.0,False,914061,2026-02-14 18:19:20+00:00,197,False,0.2993079423904419,sentence-transformers/all-mpnet-base-v2,confirmatory,True,True
2022859327124463881,BOX,False,,43,partial,True,-0.010527316233589,0.0018930859353614,0.0,0.004194744965337,0.0002853285700803,3.0,0.0043965047038567,-8.066696683501826,0.0,False,914061,2026-02-15 02:23:41+00:00,198,False,0.3214572668075561,sentence-transformers/all-mpnet-base-v2,confirmatory,True,True
2023152367366222151,BOX,False,,43,partial,True,-0.010527316233589,0.0018930859353614,0.0,0.004194744965337,0.0002853285700803,3.0,0.0043965047038567,-8.066696683501826,0.0,False,914061,2026-02-15 21:48:07+00:00,197,False,0.3461239337921142,sentence-transformers/all-mpnet-base-v2,confirmatory,True,True
2023185534412292246,SHOP,False,,60,complete,True,-0.0051490599979531,0.004569590916524,0.0,0.0021830597770019,0.0010972910583416,4468.0,0.0033168907278232,2.1749299070466983,97.26947179946283,True,676573,2026-02-15 23:59:55+00:00,80,False,0.5894290804862976,sentence-transformers/all-mpnet-base-v2,exploratory_only,True,False
2023409268033302664,SHOP,False,,60,complete,True,-0.0051490599979531,0.004569590916524,0.0,0.0021830597770019,0.0010972910583416,4468.0,0.0033168907278232,2.1749299070466983,97.26947179946283,True,676573,2026-02-16 14:48:57+00:00,81,False,0.6068699359893799,sentence-transformers/all-mpnet-base-v2,exploratory_only,True,False
2023466837623881848,SHOP,False,,60,complete,True,-0.0051490599979531,0.004569590916524,0.0,0.0021830597770019,0.0010972910583416,4468.0,0.0033168907278232,2.1749299070466983,97.26947179946283,True,676573,2026-02-16 18:37:42+00:00,82,False,0.8005322813987732,sentence-transformers/all-mpnet-base-v2,exploratory_only,True,False
2023517423761322157,SHOP,False,,60,complete,True,-0.0051490599979531,0.004569590916524,0.0,0.0021830597770019,0.0010972910583416,4468.0,0.0033168907278232,2.1749299070466983,97.26947179946283,True,676573,2026-02-16 21:58:43+00:00,83,False,0.7043858766555786,sentence-transformers/all-mpnet-base-v2,exploratory_only,True,False
2023534200117506427,SHOP,False,,60,complete,True,-0.0051490599979531,0.004569590916524,0.0,0.0021830597770019,0.0010972910583416,4468.0,0.0033168907278232,2.1749299070466983,97.26947179946283,True,676573,2026-02-16 23:05:23+00:00,84,False,0.7925786375999451,sentence-transformers/all-mpnet-base-v2,exploratory_only,True,False
2023629431256789487,QCOM,False,,59,partial,True,0.0085157090861947,0.0019677133792752,0.0,0.0017324859379107,0.0009055282058883,4816.0,0.0031227343684163,0.2597682102390167,69.3313953488372,False,234930762,2026-02-17 05:23:48+00:00,83,False,0.6390751600265503,sentence-transformers/all-mpnet-base-v2,confirmatory,True,True
2023635013963559352,BOX,False,,43,partial,True,-0.010527316233589,0.0018930859353614,0.0,0.004194744965337,0.0002853285700803,3.0,0.0043965047038567,-8.066696683501826,0.0,False,914061,2026-02-17 05:45:59+00:00,196,False,0.4035972952842712,sentence-transformers/all-mpnet-base-v2,confirmatory,True,True
2023815960323649856,HOOD,False,,59,partial,True,0.0229305665219106,0.0013564654365325,3.0,0.0015068207603171,0.000909155016159,8915.0,0.0022131931570161,-0.1653791939902676,53.10151430173864,False,605700792,2026-02-17 17:45:00+00:00,234,False,0.589356541633606,sentence-transformers/all-mpnet-base-v2,confirmatory,True,True
2023822262097637478,BOX,False,,34,partial,True,0.0053232946127004,0.0011433711435428,3.0,,,,,,,False,914061,2026-02-17 18:10:02+00:00,197,False,0.5588722229003906,sentence-transformers/all-mpnet-base-v2,confirmatory,True,True
2023829504163279172,QCOM,False,,54,partial,True,-0.0018992804749669,0.0004838001939279,4.0,0.0009476882220797,0.0005636901752572,2138.0,0.0014189505937958,-0.8229485779844792,9.12067352666043,False,234930762,2026-02-17 18:38:49+00:00,84,False,0.7924391627311707,sentence-transformers/all-mpnet-base-v2,confirmatory,True,True
2023866218936185307,QCOM,False,,58,partial,True,0.0013885341889987,0.0013202483377685,0.0,0.0017324859379107,0.0009055282058883,4816.0,0.0031227343684163,-0.455245455041036,42.71179401993355,False,234930762,2026-02-17 21:04:42+00:00,85,False,0.3489136695861816,sentence-transformers/all-mpnet-base-v2,confirmatory,True,True
2024163804699918549,MSFT,False,,60,complete,True,0.0001567293442853,0.0003451009377149,2.0,0.0005469180339176,0.0002536873704358,10190.0,0.0007458176265516,-0.7955346608543532,11.089303238469087,False,20571756,2026-02-18 16:47:12+00:00,121,False,0.6569746732711792,sentence-transformers/all-mpnet-base-v2,null_baseline,True,False
2024284301068816570,HOOD,False,,60,complete,True,0.0030805748625493,0.0030813338323653,0.0,0.0024686517521656,0.0010353669234942,13891.0,0.0035687533395987,0.5917535767242801,80.60614786552443,False,605700792,2026-02-19 00:46:01+00:00,233,False,0.4493997693061828,sentence-transformers/all-mpnet-base-v2,confirmatory,True,True
2024335500283420836,BOX,False,,19,insufficient,False,0.0073707346309973,0.0025002778381512,0.0,0.004194744965337,0.0002853285700803,3.0,0.0043965047038567,-5.93865215358036,0.0,False,914061,2026-02-19 04:09:28+00:00,197,False,0.4704898595809936,sentence-transformers/all-mpnet-base-v2,confirmatory,True,False
2024581126719729758,MSFT,False,,34,partial,True,0.0008158494856447,0.000342126125714,5.0,0.000494370972611,0.0002392654254598,7142.0,0.0007939814404011,-0.6363010727706097,24.93699243909269,False,20571756,2026-02-19 20:25:30+00:00,122,False,0.3949002027511596,sentence-transformers/all-mpnet-base-v2,null_baseline,True,False
2024627759805505961,HOOD,False,,60,complete,True,0.0114945646144208,0.0040441248926171,0.0,0.0024686517521656,0.0010353669234942,13891.0,0.0035687533395987,1.5216568201102325,94.16168742351164,True,605700792,2026-02-19 23:30:48+00:00,234,False,0.3906436562538147,sentence-transformers/all-mpnet-base-v2,confirmatory,True,True
2024736684924158292,BOX,False,,19,insufficient,False,0.018465447657981,0.0041248698817261,0.0,0.004194744965337,0.0002853285700803,3.0,0.0043965047038567,-0.2448933998837288,33.33333333333333,False,914061,2026-02-20 06:43:38+00:00,198,False,0.2954590320587158,sentence-transformers/all-mpnet-base-v2,confirmatory,True,False
2024888735951982766,HOOD,False,,59,partial,True,-0.0140933305480068,0.001445641538869,2.0,0.001537110318051,0.0006474939279101,10131.0,0.0021891213272673,-0.1412658485884179,54.654032178462145,False,605700792,2026-02-20 16:47:49+00:00,235,False,0.4169906377792358,sentence-transformers/all-mpnet-base-v2,confirmatory,True,True
2024896700658422030,QCOM,False,,51,partial,True,-0.0053490003650421,0.0006835282642996,2.0,0.001322062776426,0.0006958446398886,1733.0,0.002085494805309,-0.9176394780141384,14.88747836122331,False,234930762,2026-02-20 17:19:28+00:00,84,False,0.3497835993766784,sentence-transformers/all-mpnet-base-v2,confirmatory,True,True
2024904942968795511,QCOM,False,,52,partial,True,0.0007178629954862,0.0009323277584236,3.0,0.0011347929536885,0.0005617187407871,1807.0,0.0019061194460276,-0.3604387401800941,40.95185390149419,False,234930762,2026-02-20 17:52:13+00:00,85,False,0.3006014823913574,sentence-transformers/all-mpnet-base-v2,confirmatory,True,True
2024912138905813077,QCOM,False,,54,partial,True,0.0020341642679728,0.0009115911688343,3.0,0.0011347929536885,0.0005617187407871,1807.0,0.0019061194460276,-0.3973550616120576,39.01494189263973,False,234930762,2026-02-20 18:20:49+00:00,86,False,0.3722206354141235,sentence-transformers/all-mpnet-base-v2,confirmatory,True,True
2024969864864301348,BOX,False,,28,partial,True,-0.0343603608997895,0.0036333054971728,0.0,0.004194744965337,0.0002853285700803,3.0,0.0043965047038567,-1.9676945354825772,0.0,False,914061,2026-02-20 22:10:12+00:00,198,False,0.22295743227005,sentence-transformers/all-mpnet-base-v2,confirmatory,True,True
2025066880566952094,HOOD,False,,60,complete,True,-0.0405290573412403,0.0021872412353495,0.0,0.0024686517521656,0.0010353669234942,13891.0,0.0035687533395987,-0.27179786260346,45.38190195090346,False,605700792,2026-02-21 04:35:42+00:00,236,False,0.6851009726524353,sentence-transformers/all-mpnet-base-v2,confirmatory,True,True
2025067088495390886,HOOD,False,,60,complete,True,-0.0405290573412403,0.0021872412353495,0.0,0.0024686517521656,0.0010353669234942,13891.0,0.0035687533395987,-0.27179786260346,45.38190195090346,False,605700792,2026-02-21 04:36:32+00:00,237,False,0.6199254393577576,sentence-transformers/all-mpnet-base-v2,confirmatory,True,True
2025093420935680379,BOX,False,,28,partial,True,-0.0343603608997895,0.0036333054971728,0.0,0.004194744965337,0.0002853285700803,3.0,0.0043965047038567,-1.9676945354825772,0.0,False,914061,2026-02-21 06:21:10+00:00,198,False,0.1806170344352722,sentence-transformers/all-mpnet-base-v2,confirmatory,True,True
2025213233867473129,SHOP,False,,60,complete,True,-0.0627530254594619,0.0023974943235247,0.0,0.0021830597770019,0.0010972910583416,4468.0,0.0033168907278232,0.1954217569647302,70.68039391226499,False,676573,2026-02-21 14:17:16+00:00,85,False,0.6237472891807556,sentence-transformers/all-mpnet-base-v2,exploratory_only,True,False
2025254192940757164,HOOD,False,,60,complete,True,-0.0405290573412403,0.0021872412353495,0.0,0.0024686517521656,0.0010353669234942,13891.0,0.0035687533395987,-0.27179786260346,45.38190195090346,False,605700792,2026-02-21 17:00:01+00:00,238,False,0.5362873673439026,sentence-transformers/all-mpnet-base-v2,confirmatory,True,True
2025297895700734259,SHOP,False,,60,complete,True,-0.0627530254594619,0.0023974943235247,0.0,0.0021830597770019,0.0010972910583416,4468.0,0.0033168907278232,0.1954217569647302,70.68039391226499,False,676573,2026-02-21 19:53:41+00:00,86,False,0.568189263343811,sentence-transformers/all-mpnet-base-v2,exploratory_only,True,False
2025385106307977366,BOX,False,,28,partial,True,-0.0343603608997895,0.0036333054971728,0.0,0.004194744965337,0.0002853285700803,3.0,0.0043965047038567,-1.9676945354825772,0.0,False,914061,2026-02-22 01:40:13+00:00,198,False,0.304082989692688,sentence-transformers/all-mpnet-base-v2,confirmatory,True,True
2025587630063173999,SHOP,False,,60,complete,True,-0.0627530254594619,0.0023974943235247,0.0,0.0021830597770019,0.0010972910583416,4468.0,0.0033168907278232,0.1954217569647302,70.68039391226499,False,676573,2026-02-22 15:04:59+00:00,87,False,0.674310564994812,sentence-transformers/all-mpnet-base-v2,exploratory_only,True,False
2025698591290052741,CRM,False,,60,complete,True,-0.0456461907976787,0.0023843188065928,0.0,0.0015879446050451,0.000617919264544,3112.0,0.0022651270721544,1.2887997627576404,92.5771208226221,True,22330739,2026-02-22 22:25:54+00:00,200,False,0.2739976048469543,sentence-transformers/all-mpnet-base-v2,confirmatory,True,True
2025716075946447194,SHOP,False,,60,complete,True,-0.0627530254594619,0.0023974943235247,0.0,0.0021830597770019,0.0010972910583416,4468.0,0.0033168907278232,0.1954217569647302,70.68039391226499,False,676573,2026-02-22 23:35:23+00:00,88,False,0.5958880186080933,sentence-transformers/all-mpnet-base-v2,exploratory_only,True,False
2025716819445645472,SHOP,False,,60,complete,True,-0.0627530254594619,0.0023974943235247,0.0,0.0021830597770019,0.0010972910583416,4468.0,0.0033168907278232,0.1954217569647302,70.68039391226499,False,676573,2026-02-22 23:38:20+00:00,89,False,0.4948386549949646,sentence-transformers/all-mpnet-base-v2,exploratory_only,True,False
2025736031283400712,BOX,False,,28,partial,True,-0.0343603608997895,0.0036333054971728,0.0,0.004194744965337,0.0002853285700803,3.0,0.0043965047038567,-1.9676945354825772,0.0,False,914061,2026-02-23 00:54:40+00:00,197,False,0.7687973976135254,sentence-transformers/all-mpnet-base-v2,confirmatory,True,True
2025809687900508666,BOX,False,,28,partial,True,-0.0343603608997895,0.0036333054971728,0.0,0.004194744965337,0.0002853285700803,3.0,0.0043965047038567,-1.9676945354825772,0.0,False,914061,2026-02-23 05:47:21+00:00,198,False,0.3014452457427978,sentence-transformers/all-mpnet-base-v2,confirmatory,True,True
2025927884402008127,QCOM,False,,55,partial,True,0.0089495018642574,0.0015348562611068,0.0,0.0017324859379107,0.0009055282058883,4816.0,0.0031227343684163,-0.2182479524312281,57.122093023255815,False,234930762,2026-02-23 13:37:02+00:00,86,False,0.2729113101959228,sentence-transformers/all-mpnet-base-v2,confirmatory,True,True
2026028297822588941,HOOD,False,,41,partial,True,0.0012329453976516,0.000978547779147,5.0,0.0012864632027318,0.0005528423224853,6233.0,0.0019156052701326,-0.5569678931247803,33.54724851596342,False,605700792,2026-02-23 20:16:02+00:00,236,False,0.4003825187683105,sentence-transformers/all-mpnet-base-v2,confirmatory,True,True
2026028329783189595,HOOD,False,,41,partial,True,0.0012329453976516,0.000978547779147,5.0,0.0012864632027318,0.0005528423224853,6233.0,0.0019156052701326,-0.5569678931247803,33.54724851596342,False,605700792,2026-02-23 20:16:10+00:00,237,False,0.6588324904441833,sentence-transformers/all-mpnet-base-v2,confirmatory,True,True
2026148524140695973,SHOP,False,,57,partial,True,0.0067333684219046,0.0030531788528938,0.0,0.0021830597770019,0.0010972910583416,4468.0,0.0033168907278232,0.7929701689239353,85.40734109221127,False,676573,2026-02-24 04:13:46+00:00,90,False,0.7222318053245544,sentence-transformers/all-mpnet-base-v2,exploratory_only,True,False
2026148694404538383,SHOP,False,,57,partial,True,0.0067333684219046,0.0030531788528938,0.0,0.0021830597770019,0.0010972910583416,4468.0,0.0033168907278232,0.7929701689239353,85.40734109221127,False,676573,2026-02-24 04:14:27+00:00,91,False,0.7517454624176025,sentence-transformers/all-mpnet-base-v2,exploratory_only,True,False
2026173183083331701,BOX,False,,53,partial,True,0.0646422890528741,0.003690321930654,0.0,0.004194744965337,0.0002853285700803,3.0,0.0043965047038567,-1.7678672505206212,0.0,False,914061,2026-02-24 05:51:45+00:00,197,False,0.3026539087295532,sentence-transformers/all-mpnet-base-v2,confirmatory,True,True
2026262832204145035,MSFT,False,,60,complete,True,0.0042169182990849,0.0015250848129796,0.0,0.0008174575401678,0.0003989604251514,14622.0,0.0012105221411381,1.7736778592590754,97.19600601832856,True,20571756,2026-02-24 11:47:59+00:00,116,False,0.5353272557258606,sentence-transformers/all-mpnet-base-v2,null_baseline,True,False
2026305871001813206,MSFT,False,,60,complete,True,-0.0070506060730265,0.0011223360158586,0.0,0.0008174575401678,0.0003989604251514,14622.0,0.0012105221411381,0.7641822508460887,86.24675147038708,False,20571756,2026-02-24 14:39:01+00:00,117,False,0.4146064519882202,sentence-transformers/all-mpnet-base-v2,null_baseline,True,False
2026407065602896040,CRM,False,,60,complete,True,0.013086782117367,0.0022380372125705,0.0,0.0015879446050451,0.000617919264544,3112.0,0.0022651270721544,1.0520672275934555,88.88174807197944,False,22330739,2026-02-24 21:21:07+00:00,198,False,0.277668833732605,sentence-transformers/all-mpnet-base-v2,confirmatory,True,True
2026426391533895962,BOX,False,,50,partial,True,-0.0121879447629061,0.0024673491880214,0.0,0.004194744965337,0.0002853285700803,3.0,0.0043965047038567,-6.05405822777937,0.0,False,914061,2026-02-24 22:37:55+00:00,197,False,0.3130869269371032,sentence-transformers/all-mpnet-base-v2,confirmatory,True,True
2026436165440778404,HOOD,False,,59,partial,True,0.0232010446983095,0.0028900207248585,0.0,0.0024686517521656,0.0010353669234942,13891.0,0.0035687533395987,0.4069755012753125,75.89806349434886,False,605700792,2026-02-24 23:16:45+00:00,238,False,0.4546012282371521,sentence-transformers/all-mpnet-base-v2,confirmatory,True,True
2026452080311824868,HOOD,False,,59,partial,True,0.0232010446983095,0.0028900207248585,0.0,0.0024686517521656,0.0010353669234942,13891.0,0.0035687533395987,0.4069755012753125,75.89806349434886,False,605700792,2026-02-25 00:20:00+00:00,239,False,0.6203498840332031,sentence-transformers/all-mpnet-base-v2,confirmatory,True,True
2026474911326159072,SHOP,False,,59,partial,True,0.0300592398762911,0.0029564739053837,0.0,0.0021830597770019,0.0010972910583416,4468.0,0.0033168907278232,0.7048395432572588,83.81826320501344,False,676573,2026-02-25 01:50:43+00:00,92,False,0.59565269947052,sentence-transformers/all-mpnet-base-v2,exploratory_only,True,False
2026707314380882347,BOX,False,,28,partial,True,0.0080744310684552,0.0011788249010366,2.0,,,,,,,False,914061,2026-02-25 17:14:12+00:00,197,False,0.4770593643188476,sentence-transformers/all-mpnet-base-v2,confirmatory,True,True
2026780435590820200,CRM,True,"earnings(CRM, 2026-02-25 21:00:00+00:00->2026-02-26 21:00:00+00:00)",60,complete,False,0.0290224226180525,0.0031685056393465,0.0,0.0015879446050451,0.000617919264544,3112.0,0.0022651270721544,2.557876287394466,98.13624678663238,True,22330739,2026-02-25 22:04:46+00:00,195,False,0.5792771577835083,sentence-transformers/all-mpnet-base-v2,confirmatory,True,False
2026793469768073459,HOOD,False,,59,partial,True,0.0069127634901481,0.003521020121019,0.0,0.0024686517521656,0.0010353669234942,13891.0,0.0035687533395987,1.0164206958648834,89.23763587934634,False,605700792,2026-02-25 22:56:33+00:00,239,False,0.4093884229660034,sentence-transformers/all-mpnet-base-v2,confirmatory,True,True
2026801430250795079,CRM,True,"earnings(CRM, 2026-02-25 21:00:00+00:00->2026-02-26 21:00:00+00:00)",60,complete,False,0.0290224226180525,0.0031685056393465,0.0,0.0015879446050451,0.000617919264544,3112.0,0.0022651270721544,2.557876287394466,98.13624678663238,True,22330739,2026-02-25 23:28:11+00:00,196,False,0.6639777421951294,sentence-transformers/all-mpnet-base-v2,confirmatory,True,False
2026801866835964305,CRM,True,"earnings(CRM, 2026-02-25 21:00:00+00:00->2026-02-26 21:00:00+00:00)",60,complete,False,0.0290224226180525,0.0031685056393465,0.0,0.0015879446050451,0.000617919264544,3112.0,0.0022651270721544,2.557876287394466,98.13624678663238,True,22330739,2026-02-25 23:29:55+00:00,197,False,0.46380615234375,sentence-transformers/all-mpnet-base-v2,confirmatory,True,False
2026801939565142521,CRM,True,"earnings(CRM, 2026-02-25 21:00:00+00:00->2026-02-26 21:00:00+00:00)",60,complete,False,0.0290224226180525,0.0031685056393465,0.0,0.0015879446050451,0.000617919264544,3112.0,0.0022651270721544,2.557876287394466,98.13624678663238,True,22330739,2026-02-25 23:30:13+00:00,198,False,0.4855861663818359,sentence-transformers/all-mpnet-base-v2,confirmatory,True,False
2026802020783632872,CRM,True,"earnings(CRM, 2026-02-25 21:00:00+00:00->2026-02-26 21:00:00+00:00)",60,complete,False,0.0290224226180525,0.0031685056393465,0.0,0.0015879446050451,0.000617919264544,3112.0,0.0022651270721544,2.557876287394466,98.13624678663238,True,22330739,2026-02-25 23:30:32+00:00,199,False,0.7524368166923523,sentence-transformers/all-mpnet-base-v2,confirmatory,True,False
2026802112588558597,CRM,True,"earnings(CRM, 2026-02-25 21:00:00+00:00->2026-02-26 21:00:00+00:00)",60,complete,False,0.0290224226180525,0.0031685056393465,0.0,0.0015879446050451,0.000617919264544,3112.0,0.0022651270721544,2.557876287394466,98.13624678663238,True,22330739,2026-02-25 23:30:54+00:00,200,False,0.5579626560211182,sentence-transformers/all-mpnet-base-v2,confirmatory,True,False
2026802311948013804,CRM,True,"earnings(CRM, 2026-02-25 21:00:00+00:00->2026-02-26 21:00:00+00:00)",60,complete,False,0.0290224226180525,0.0031685056393465,0.0,0.0015879446050451,0.000617919264544,3112.0,0.0022651270721544,2.557876287394466,98.13624678663238,True,22330739,2026-02-25 23:31:41+00:00,201,False,0.3335645198822021,sentence-transformers/all-mpnet-base-v2,confirmatory,True,False
2026803953342755116,CRM,True,"earnings(CRM, 2026-02-25 21:00:00+00:00->2026-02-26 21:00:00+00:00)",60,complete,False,0.0290224226180525,0.0031685056393465,0.0,0.0015879446050451,0.000617919264544,3112.0,0.0022651270721544,2.557876287394466,98.13624678663238,True,22330739,2026-02-25 23:38:13+00:00,202,False,0.4072129130363464,sentence-transformers/all-mpnet-base-v2,confirmatory,True,False
2026855402990629132,BOX,False,,46,partial,True,0.0422103715048544,0.003622839696779,0.0,0.004194744965337,0.0002853285700803,3.0,0.0043965047038567,-2.00437435478999,0.0,False,914061,2026-02-26 03:02:39+00:00,197,False,0.5438786149024963,sentence-transformers/all-mpnet-base-v2,confirmatory,True,True
2026863715736281537,SHOP,False,,59,partial,True,0.0389178585084418,0.0028592348890029,0.0,0.0021830597770019,0.0010972910583416,4468.0,0.0033168907278232,0.6162222018130732,82.34109221128023,False,676573,2026-02-26 03:35:41+00:00,93,False,0.559562087059021,sentence-transformers/all-mpnet-base-v2,exploratory_only,True,False
2026885050411745491,BOX,False,,46,partial,True,0.0422103715048544,0.003622839696779,0.0,0.004194744965337,0.0002853285700803,3.0,0.0043965047038567,-2.00437435478999,0.0,False,914061,2026-02-26 05:00:28+00:00,198,False,0.6822487115859985,sentence-transformers/all-mpnet-base-v2,confirmatory,True,True
2027069956152586399,CRM,True,"earnings(CRM, 2026-02-25 21:00:00+00:00->2026-02-26 21:00:00+00:00)",58,partial,False,-0.0015184667221826,0.0012082913987334,2.0,0.0010034212859758,0.0003176573568839,993.0,0.0014518555230045,0.6449405572318426,77.44209466263847,False,22330739,2026-02-26 17:15:13+00:00,203,False,0.6911099553108215,sentence-transformers/all-mpnet-base-v2,confirmatory,True,False
2027104931253997713,CRM,True,"earnings(CRM, 2026-02-25 21:00:00+00:00->2026-02-26 21:00:00+00:00)",60,complete,False,-0.0009944278304963,0.000977464811076,5.0,0.000729961717102,0.0002199379010904,1654.0,0.0010283169946769,1.1253317083912524,85.91293833131802,False,22330739,2026-02-26 19:34:12+00:00,204,False,0.4152846336364746,sentence-transformers/all-mpnet-base-v2,confirmatory,True,False
2027140612965687692,CRM,False,,60,complete,True,-0.0297299058138357,0.0020010591276421,0.0,0.0015879446050451,0.000617919264544,3112.0,0.0022651270721544,0.6685574415644856,78.88817480719794,False,22330739,2026-02-26 21:55:59+00:00,205,False,0.4986032843589782,sentence-transformers/all-mpnet-base-v2,confirmatory,True,True
2027474021910995106,BOX,False,,44,partial,True,0.0059510184449127,0.0012966130871237,5.0,0.0011560845445843,0.0002470170345756,55.0,0.001531028419464,0.5689022329201007,69.0909090909091,False,914061,2026-02-27 20:00:50+00:00,197,False,0.1698216795921325,sentence-transformers/all-mpnet-base-v2,confirmatory,True,True
2027487301232689590,SHOP,False,,6,insufficient,False,0.0060242134578666,0.0012951500422952,6.0,,,,,,,False,676573,2026-02-27 20:53:36+00:00,94,False,0.5824358463287354,sentence-transformers/all-mpnet-base-v2,exploratory_only,True,False
2027500955538010371,HOOD,False,,1,insufficient,False,,,7.0,,,,,,,False,605700792,2026-02-27 21:47:51+00:00,238,False,0.4976049661636352,sentence-transformers/all-mpnet-base-v2,confirmatory,True,False
2027544515100254411,BOX,False,,41,partial,True,0.0237435786935243,0.003742215431766,0.0,0.004194744965337,0.0002853285700803,3.0,0.0043965047038567,-1.5859944675135078,0.0,False,914061,2026-02-28 00:40:57+00:00,197,False,0.3413813710212707,sentence-transformers/all-mpnet-base-v2,confirmatory,True,True
2027720729182032171,SHOP,False,,58,partial,True,-0.0114460561254444,0.0040087191961252,0.0,0.0021830597770019,0.0010972910583416,4468.0,0.0033168907278232,1.6637877482410934,95.85944494180842,True,676573,2026-02-28 12:21:09+00:00,95,False,0.5647342205047607,sentence-transformers/all-mpnet-base-v2,exploratory_only,True,False
2027802815046029745,HOOD,False,,60,complete,True,0.0107765272375656,0.0038007234057813,0.0,0.0024686517521656,0.0010353669234942,13891.0,0.0035687533395987,1.2865696434653002,92.24677848966957,True,605700792,2026-02-28 17:47:20+00:00,239,False,0.5421748161315918,sentence-transformers/all-mpnet-base-v2,confirmatory,True,True
2027802817013158000,HOOD,False,,60,complete,True,0.0107765272375656,0.0038007234057813,0.0,0.0024686517521656,0.0010353669234942,13891.0,0.0035687533395987,1.2865696434653002,92.24677848966957,True,605700792,2026-02-28 17:47:20+00:00,239,False,0.6379734873771667,sentence-transformers/all-mpnet-base-v2,confirmatory,True,True
2027859447096246305,SHOP,False,,58,partial,True,-0.0114460561254444,0.0040087191961252,0.0,0.0021830597770019,0.0010972910583416,4468.0,0.0033168907278232,1.6637877482410934,95.85944494180842,True,676573,2026-02-28 21:32:22+00:00,96,False,0.594954252243042,sentence-transformers/all-mpnet-base-v2,exploratory_only,True,False
2027865126527721935,SHOP,False,,58,partial,True,-0.0114460561254444,0.0040087191961252,0.0,0.0021830597770019,0.0010972910583416,4468.0,0.0033168907278232,1.6637877482410934,95.85944494180842,True,676573,2026-02-28 21:54:56+00:00,97,False,0.567315399646759,sentence-transformers/all-mpnet-base-v2,exploratory_only,True,False
2027869518584852940,SHOP,False,,58,partial,True,-0.0114460561254444,0.0040087191961252,0.0,0.0021830597770019,0.0010972910583416,4468.0,0.0033168907278232,1.6637877482410934,95.85944494180842,True,676573,2026-02-28 22:12:23+00:00,98,False,0.5627443790435791,sentence-transformers/all-mpnet-base-v2,exploratory_only,True,False
2027879000215806060,SHOP,False,,58,partial,True,-0.0114460561254444,0.0040087191961252,0.0,0.0021830597770019,0.0010972910583416,4468.0,0.0033168907278232,1.6637877482410934,95.85944494180842,True,676573,2026-02-28 22:50:04+00:00,99,False,0.5516340732574463,sentence-transformers/all-mpnet-base-v2,exploratory_only,True,False
2027884295268991104,BOX,False,,41,partial,True,0.0237435786935243,0.003742215431766,0.0,0.004194744965337,0.0002853285700803,3.0,0.0043965047038567,-1.5859944675135078,0.0,False,914061,2026-02-28 23:11:06+00:00,195,False,0.2979579567909241,sentence-transformers/all-mpnet-base-v2,confirmatory,True,True
2027893294211186945,HOOD,False,,60,complete,True,0.0107765272375656,0.0038007234057813,0.0,0.0024686517521656,0.0010353669234942,13891.0,0.0035687533395987,1.2865696434653002,92.24677848966957,True,605700792,2026-02-28 23:46:52+00:00,241,False,0.6438738703727722,sentence-transformers/all-mpnet-base-v2,confirmatory,True,True
2027938039549349902,SHOP,False,,58,partial,True,-0.0114460561254444,0.0040087191961252,0.0,0.0021830597770019,0.0010972910583416,4468.0,0.0033168907278232,1.6637877482410934,95.85944494180842,True,676573,2026-03-01 02:44:40+00:00,100,False,0.7592775821685791,sentence-transformers/all-mpnet-base-v2,exploratory_only,True,False
2028246696497451365,SHOP,False,,58,partial,True,-0.0114460561254444,0.0040087191961252,0.0,0.0021830597770019,0.0010972910583416,4468.0,0.0033168907278232,1.6637877482410934,95.85944494180842,True,676573,2026-03-01 23:11:10+00:00,101,False,0.7084909677505493,sentence-transformers/all-mpnet-base-v2,exploratory_only,True,False
2028268614848303451,BOX,False,,41,partial,True,0.0237435786935243,0.003742215431766,0.0,0.004194744965337,0.0002853285700803,3.0,0.0043965047038567,-1.5859944675135078,0.0,False,914061,2026-03-02 00:38:15+00:00,195,False,0.1972976922988891,sentence-transformers/all-mpnet-base-v2,confirmatory,True,True
2028372759554769028,QCOM,False,,59,partial,True,-0.0265658531981686,0.0016374097777489,0.0,0.0017324859379107,0.0009055282058883,4816.0,0.0031227343684163,-0.1049952497818364,60.506644518272424,False,234930762,2026-03-02 07:32:05+00:00,84,False,0.384532630443573,sentence-transformers/all-mpnet-base-v2,confirmatory,True,True
2028580097700057404,SHOP,False,,58,partial,True,-0.0273348382540726,0.003072706190258,0.0,0.0021830597770019,0.0010972910583416,4468.0,0.0033168907278232,0.8107661194293341,85.72068039391226,False,676573,2026-03-02 21:15:59+00:00,102,False,0.492910623550415,sentence-transformers/all-mpnet-base-v2,exploratory_only,True,False
2028711992320835686,BOX,False,,44,partial,True,0.0173057754184139,0.0024054800429625,0.0,0.004194744965337,0.0002853285700803,3.0,0.0043965047038567,-6.270892963401953,0.0,False,914061,2026-03-03 06:00:05+00:00,194,False,0.3842185735702514,sentence-transformers/all-mpnet-base-v2,confirmatory,True,True
2028724190526779433,QCOM,False,,57,partial,True,-0.007251943938179,0.0015486918731524,0.0,0.0017324859379107,0.0009055282058883,4816.0,0.0031227343684163,-0.2029689009829924,57.3297342192691,False,234930762,2026-03-03 06:48:33+00:00,85,False,0.5925359129905701,sentence-transformers/all-mpnet-base-v2,confirmatory,True,True
2028727071665684576,QCOM,False,,57,partial,True,-0.007251943938179,0.0015486918731524,0.0,0.0017324859379107,0.0009055282058883,4816.0,0.0031227343684163,-0.2029689009829924,57.3297342192691,False,234930762,2026-03-03 07:00:00+00:00,86,False,0.3560086488723755,sentence-transformers/all-mpnet-base-v2,confirmatory,True,True
2028790035038801927,QCOM,False,,57,partial,True,-0.007251943938179,0.0015486918731524,0.0,0.0017324859379107,0.0009055282058883,4816.0,0.0031227343684163,-0.2029689009829924,57.3297342192691,False,234930762,2026-03-03 11:10:12+00:00,87,False,0.4045470952987671,sentence-transformers/all-mpnet-base-v2,confirmatory,True,True
2028795945761005667,QCOM,False,,57,partial,True,-0.007251943938179,0.0015486918731524,0.0,0.0017324859379107,0.0009055282058883,4816.0,0.0031227343684163,-0.2029689009829924,57.3297342192691,False,234930762,2026-03-03 11:33:41+00:00,88,False,0.2914847731590271,sentence-transformers/all-mpnet-base-v2,confirmatory,True,True
2028923616755368182,MSFT,False,,59,partial,True,-0.0002172994326236,0.0007061471508895,5.0,0.000494370972611,0.0002392654254598,7142.0,0.0007939814404011,0.8851098225807398,86.15233828059368,False,20571756,2026-03-03 20:01:00+00:00,113,False,0.5948922038078308,sentence-transformers/all-mpnet-base-v2,null_baseline,True,False
2028980936683946018,HOOD,False,,60,complete,True,0.0926261638792618,0.0030495719886049,0.0,0.0024686517521656,0.0010353669234942,13891.0,0.0035687533395987,0.561076680408886,79.87905838312577,False,605700792,2026-03-03 23:48:46+00:00,242,False,0.5642813444137573,sentence-transformers/all-mpnet-base-v2,confirmatory,True,True
2028980939380998628,HOOD,False,,60,complete,True,0.0926261638792618,0.0030495719886049,0.0,0.0024686517521656,0.0010353669234942,13891.0,0.0035687533395987,0.561076680408886,79.87905838312577,False,605700792,2026-03-03 23:48:47+00:00,243,False,0.6267982125282288,sentence-transformers/all-mpnet-base-v2,confirmatory,True,True
2028981421902066103,HOOD,False,,60,complete,True,0.0926261638792618,0.0030495719886049,0.0,0.0024686517521656,0.0010353669234942,13891.0,0.0035687533395987,0.561076680408886,79.87905838312577,False,605700792,2026-03-03 23:50:42+00:00,244,False,0.5792187452316284,sentence-transformers/all-mpnet-base-v2,confirmatory,True,True
2028987147005640944,BOX,True,"earnings(BOX, 2026-03-03 21:00:00+00:00->2026-03-04 21:00:00+00:00)",57,partial,False,0.060914174704939,0.0037240032347718,0.0,0.004194744965337,0.0002853285700803,3.0,0.0043965047038567,-1.649823326253654,0.0,False,914061,2026-03-04 00:13:27+00:00,195,False,0.3974586725234985,sentence-transformers/all-mpnet-base-v2,confirmatory,True,False
2029166475148161359,QCOM,False,,59,partial,True,-0.0090077620569957,0.0016824107480692,0.0,0.0017324859379107,0.0009055282058883,4816.0,0.0031227343684163,-0.0552994258112134,61.939368770764126,False,234930762,2026-03-04 12:06:02+00:00,89,False,0.2996973395347595,sentence-transformers/all-mpnet-base-v2,confirmatory,True,True
2029196693452014009,MSFT,False,,60,complete,True,-0.0054256985102845,0.0013256867060489,0.0,0.0008174575401678,0.0003989604251514,14622.0,0.0012105221411381,1.273883658230299,93.35248256052525,True,20571756,2026-03-04 14:06:07+00:00,114,False,0.4894081354141235,sentence-transformers/all-mpnet-base-v2,null_baseline,True,False
2029196695008100434,MSFT,False,,60,complete,True,-0.0054256985102845,0.0013256867060489,0.0,0.0008174575401678,0.0003989604251514,14622.0,0.0012105221411381,1.273883658230299,93.35248256052525,True,20571756,2026-03-04 14:06:07+00:00,114,False,0.6111827492713928,sentence-transformers/all-mpnet-base-v2,null_baseline,True,False
2029196696887148841,MSFT,False,,60,complete,True,-0.0054256985102845,0.0013256867060489,0.0,0.0008174575401678,0.0003989604251514,14622.0,0.0012105221411381,1.273883658230299,93.35248256052525,True,20571756,2026-03-04 14:06:07+00:00,114,False,0.6305252909660339,sentence-transformers/all-mpnet-base-v2,null_baseline,True,False
2029196698745225320,MSFT,False,,60,complete,True,-0.0054256985102845,0.0013256867060489,0.0,0.0008174575401678,0.0003989604251514,14622.0,0.0012105221411381,1.273883658230299,93.35248256052525,True,20571756,2026-03-04 14:06:08+00:00,117,False,0.5830067992210388,sentence-transformers/all-mpnet-base-v2,null_baseline,True,False
2029300753496416329,HOOD,False,,60,complete,True,-0.007793584461802,0.0030912981143453,0.0,0.0024686517521656,0.0010353669234942,13891.0,0.0035687533395987,0.6013774904826873,80.7789216039162,False,605700792,2026-03-04 20:59:36+00:00,245,False,0.6350034475326538,sentence-transformers/all-mpnet-base-v2,confirmatory,True,True
2029301551089570222,HOOD,False,,60,complete,True,-0.007793584461802,0.0030912981143453,0.0,0.0024686517521656,0.0010353669234942,13891.0,0.0035687533395987,0.6013774904826873,80.7789216039162,False,605700792,2026-03-04 21:02:47+00:00,246,False,0.5875476002693176,sentence-transformers/all-mpnet-base-v2,confirmatory,True,True
2029353701425774882,HOOD,False,,60,complete,True,-0.007793584461802,0.0030912981143453,0.0,0.0024686517521656,0.0010353669234942,13891.0,0.0035687533395987,0.6013774904826873,80.7789216039162,False,605700792,2026-03-05 00:30:00+00:00,245,False,0.6797080039978027,sentence-transformers/all-mpnet-base-v2,confirmatory,True,True
2029358591275335912,BOX,False,,55,partial,True,0.0071027492160723,0.0026336340290667,0.0,0.004194744965337,0.0002853285700803,3.0,0.0043965047038567,-5.47127452336989,0.0,False,914061,2026-03-05 00:49:26+00:00,194,False,0.2217317819595337,sentence-transformers/all-mpnet-base-v2,confirmatory,True,True
2029412625746968714,HOOD,False,,60,complete,True,-0.007793584461802,0.0030912981143453,0.0,0.0024686517521656,0.0010353669234942,13891.0,0.0035687533395987,0.6013774904826873,80.7789216039162,False,605700792,2026-03-05 04:24:09+00:00,246,False,0.5710198879241943,sentence-transformers/all-mpnet-base-v2,confirmatory,True,True
2029412774808568237,HOOD,False,,60,complete,True,-0.007793584461802,0.0030912981143453,0.0,0.0024686517521656,0.0010353669234942,13891.0,0.0035687533395987,0.6013774904826873,80.7789216039162,False,605700792,2026-03-05 04:24:44+00:00,247,False,0.4661308526992798,sentence-transformers/all-mpnet-base-v2,confirmatory,True,True
2029602337698820337,QCOM,False,,51,partial,True,-0.0026561518233835,0.000896990299766,2.0,0.001322062776426,0.0006958446398886,1733.0,0.002085494805309,-0.6108726751533232,27.466820542412,False,234930762,2026-03-05 16:58:00+00:00,89,False,0.2677005529403686,sentence-transformers/all-mpnet-base-v2,confirmatory,True,True
2029623352844054549,MSFT,False,,60,complete,True,-0.0001279720156466,0.0007175170616857,3.0,0.0005162286279595,0.0003998599403704,9792.0,0.0006680850669626,0.5033973484308205,92.99428104575163,True,20571756,2026-03-05 18:21:30+00:00,118,False,0.3648823499679565,sentence-transformers/all-mpnet-base-v2,null_baseline,True,False
2029658336065716498,BOX,False,,16,insufficient,False,-0.0004415047805476,0.0013671113542267,6.0,,,,,,,False,914061,2026-03-05 20:40:31+00:00,193,False,0.3443934917449951,sentence-transformers/all-mpnet-base-v2,confirmatory,True,False
2029694316218622104,HOOD,True,"jobs_report(ALL, 2026-03-06 13:30:00+00:00->2026-03-06 21:00:00+00:00)",60,complete,False,-0.0212811218051675,0.0026333784007191,0.0,0.0024686517521656,0.0010353669234942,13891.0,0.0035687533395987,0.1590997788470888,67.01461377870564,False,605700792,2026-03-05 23:03:29+00:00,248,False,0.6528974771499634,sentence-transformers/all-mpnet-base-v2,confirmatory,True,False
2029698309233774624,HOOD,True,"jobs_report(ALL, 2026-03-06 13:30:00+00:00->2026-03-06 21:00:00+00:00)",60,complete,False,-0.0212811218051675,0.0026333784007191,0.0,0.0024686517521656,0.0010353669234942,13891.0,0.0035687533395987,0.1590997788470888,67.01461377870564,False,605700792,2026-03-05 23:19:21+00:00,249,False,0.4672558307647705,sentence-transformers/all-mpnet-base-v2,confirmatory,True,False
2029777072953167910,BOX,True,"jobs_report(ALL, 2026-03-06 13:30:00+00:00->2026-03-06 21:00:00+00:00)",45,partial,False,-0.0046342357817902,0.0026123795498059,0.0,0.004194744965337,0.0002853285700803,3.0,0.0043965047038567,-5.545765764309482,0.0,False,914061,2026-03-06 04:32:20+00:00,193,False,0.6744371652603149,sentence-transformers/all-mpnet-base-v2,confirmatory,True,False
2029905335129882817,HOOD,True,"jobs_report(ALL, 2026-03-06 13:30:00+00:00->2026-03-06 21:00:00+00:00)",60,complete,False,-0.0212811218051675,0.0026333784007191,0.0,0.0024686517521656,0.0010353669234942,13891.0,0.0035687533395987,0.1590997788470888,67.01461377870564,False,605700792,2026-03-06 13:02:00+00:00,250,False,0.660500705242157,sentence-transformers/all-mpnet-base-v2,confirmatory,True,False
2029913136019673545,HOOD,True,"jobs_report(ALL, 2026-03-06 13:30:00+00:00->2026-03-06 21:00:00+00:00)",60,complete,False,-0.0212811218051675,0.0026333784007191,0.0,0.0024686517521656,0.0010353669234942,13891.0,0.0035687533395987,0.1590997788470888,67.01461377870564,False,605700792,2026-03-06 13:33:00+00:00,251,False,0.4461461305618286,sentence-transformers/all-mpnet-base-v2,confirmatory,True,False
2029946098337345800,HOOD,True,"jobs_report(ALL, 2026-03-06 13:30:00+00:00->2026-03-06 21:00:00+00:00)",60,complete,False,0.0011925371391183,0.0019689351219652,1.0,0.0017163780306508,0.0006345735237307,13323.0,0.0024248767060085,0.3979950027376815,73.6170532162426,False,605700792,2026-03-06 15:43:59+00:00,252,False,0.5638649463653564,sentence-transformers/all-mpnet-base-v2,confirmatory,True,False
2030049511398330663,BOX,False,,47,partial,True,-0.0152255008925578,0.0023782617879122,0.0,0.004194744965337,0.0002853285700803,3.0,0.0043965047038567,-6.366285636637027,0.0,False,914061,2026-03-06 22:34:54+00:00,194,False,0.1396748423576355,sentence-transformers/all-mpnet-base-v2,confirmatory,True,True
2030344039757934833,BOX,False,,47,partial,True,-0.0152255008925578,0.0023782617879122,0.0,0.004194744965337,0.0002853285700803,3.0,0.0043965047038567,-6.366285636637027,0.0,False,914061,2026-03-07 18:05:15+00:00,193,False,0.4668000936508178,sentence-transformers/all-mpnet-base-v2,confirmatory,True,True
2030449390188380186,SHOP,False,,60,complete,True,0.0114661146463678,0.0038526052173858,0.0,0.0021830597770019,0.0010972910583416,4468.0,0.0033168907278232,1.5215155793824933,95.367054610564,True,676573,2026-03-08 01:03:53+00:00,103,False,0.6093997955322266,sentence-transformers/all-mpnet-base-v2,exploratory_only,True,False
2030461620690821586,SHOP,False,,60,complete,True,0.0114661146463678,0.0038526052173858,0.0,0.0021830597770019,0.0010972910583416,4468.0,0.0033168907278232,1.5215155793824933,95.367054610564,True,676573,2026-03-08 01:52:29+00:00,104,False,0.5305517911911011,sentence-transformers/all-mpnet-base-v2,exploratory_only,True,False
2030461622574006467,SHOP,False,,60,complete,True,0.0114661146463678,0.0038526052173858,0.0,0.0021830597770019,0.0010972910583416,4468.0,0.0033168907278232,1.5215155793824933,95.367054610564,True,676573,2026-03-08 01:52:29+00:00,104,False,0.7828105688095093,sentence-transformers/all-mpnet-base-v2,exploratory_only,True,False
2030696738550596063,MSFT,False,,60,complete,True,0.0037537216499469,0.0013576672671336,0.0,0.0008174575401678,0.0003989604251514,14622.0,0.0012105221411381,1.3540433910472194,94.2757488715634,True,20571756,2026-03-08 17:26:45+00:00,118,False,0.7984539270401001,sentence-transformers/all-mpnet-base-v2,null_baseline,True,False
2030714592238956960,BOX,False,,47,partial,True,-0.0152255008925578,0.0023782617879122,0.0,0.004194744965337,0.0002853285700803,3.0,0.0043965047038567,-6.366285636637027,0.0,False,914061,2026-03-08 18:37:42+00:00,192,False,0.890592098236084,sentence-transformers/all-mpnet-base-v2,confirmatory,True,True
2030753154011128122,SHOP,False,,60,complete,True,0.0114661146463678,0.0038526052173858,0.0,0.0021830597770019,0.0010972910583416,4468.0,0.0033168907278232,1.5215155793824933,95.367054610564,True,676573,2026-03-08 21:10:56+00:00,106,False,0.6440171599388123,sentence-transformers/all-mpnet-base-v2,exploratory_only,True,False
2030771823151853938,SHOP,False,,60,complete,True,0.0114661146463678,0.0038526052173858,0.0,0.0021830597770019,0.0010972910583416,4468.0,0.0033168907278232,1.5215155793824933,95.367054610564,True,676573,2026-03-08 22:25:07+00:00,107,False,0.6310698986053467,sentence-transformers/all-mpnet-base-v2,exploratory_only,True,False
2030816002854838685,SHOP,False,,60,complete,True,0.0114661146463678,0.0038526052173858,0.0,0.0021830597770019,0.0010972910583416,4468.0,0.0033168907278232,1.5215155793824933,95.367054610564,True,676573,2026-03-09 01:20:40+00:00,108,False,0.5739759802818298,sentence-transformers/all-mpnet-base-v2,exploratory_only,True,False
2030820345062752546,CRM,False,,60,complete,True,-0.0084615860687289,0.0023113999265759,0.0,0.0015879446050451,0.000617919264544,3112.0,0.0022651270721544,1.1707926310805008,91.19537275064268,True,22330739,2026-03-09 01:37:55+00:00,200,False,0.3739502429962158,sentence-transformers/all-mpnet-base-v2,confirmatory,True,True
2030824452767003070,HOOD,False,,59,partial,True,0.006850582413881,0.002925027327911,0.0,0.0024686517521656,0.0010353669234942,13891.0,0.0035687533395987,0.4407863196992913,77.1650709092218,False,605700792,2026-03-09 01:54:15+00:00,250,False,0.6434003114700317,sentence-transformers/all-mpnet-base-v2,confirmatory,True,True
2030835715089514970,HOOD,False,,59,partial,True,0.006850582413881,0.002925027327911,0.0,0.0024686517521656,0.0010353669234942,13891.0,0.0035687533395987,0.4407863196992913,77.1650709092218,False,605700792,2026-03-09 02:39:00+00:00,251,False,0.3653827309608459,sentence-transformers/all-mpnet-base-v2,confirmatory,True,True
2030992877665583440,MSFT,False,,60,complete,True,0.0037537216499469,0.0013576672671336,0.0,0.0008174575401678,0.0003989604251514,14622.0,0.0012105221411381,1.3540433910472194,94.2757488715634,True,20571756,2026-03-09 13:03:30+00:00,119,False,0.3650029897689819,sentence-transformers/all-mpnet-base-v2,null_baseline,True,False
2030992879548789074,MSFT,False,,60,complete,True,0.0037537216499469,0.0013576672671336,0.0,0.0008174575401678,0.0003989604251514,14622.0,0.0012105221411381,1.3540433910472194,94.2757488715634,True,20571756,2026-03-09 13:03:31+00:00,120,False,0.6025924682617188,sentence-transformers/all-mpnet-base-v2,null_baseline,True,False
2031058192650674194,SHOP,False,,51,partial,True,-0.0012003420028012,0.0009690792888444,3.0,0.0014734619751447,0.0011711801518062,1872.0,0.0023870645160023,-0.4306619144138068,32.21153846153847,False,676573,2026-03-09 17:23:03+00:00,109,False,0.6164903044700623,sentence-transformers/all-mpnet-base-v2,exploratory_only,True,False
2031106624094613938,HOOD,False,,60,complete,True,-0.009696841867003,0.0023748687738792,0.0,0.0024686517521656,0.0010353669234942,13891.0,0.0035687533395987,-0.0905794614046797,55.63314376214815,False,605700792,2026-03-09 20:35:29+00:00,252,False,0.6164073944091797,sentence-transformers/all-mpnet-base-v2,confirmatory,True,True
2031123236184825905,SHOP,False,,59,partial,True,-0.0299615857570499,0.0025177619210325,0.0,0.0021830597770019,0.0010972910583416,4468.0,0.0033168907278232,0.3050258557073215,75.20143240823634,False,676573,2026-03-09 21:41:30+00:00,110,False,0.8771467804908752,sentence-transformers/all-mpnet-base-v2,exploratory_only,True,False
2031447767802065216,CRM,False,,47,partial,True,0.0025743051314897,0.0008873808781823,5.0,0.000729961717102,0.0002199379010904,1654.0,0.0010283169946769,0.7157436726453472,80.04836759371221,False,22330739,2026-03-10 19:11:04+00:00,201,False,0.244186520576477,sentence-transformers/all-mpnet-base-v2,confirmatory,True,True
2031479027316179341,SHOP,True,"cpi(ALL, 2026-03-11 12:30:00+00:00->2026-03-11 20:00:00+00:00)",59,partial,False,-0.0056176000077989,0.0026172043893496,0.0,0.0021830597770019,0.0010972910583416,4468.0,0.0033168907278232,0.3956512805307072,77.86481647269471,False,676573,2026-03-10 21:15:17+00:00,111,False,0.7238629460334778,sentence-transformers/all-mpnet-base-v2,exploratory_only,True,False
2031479029249806840,SHOP,True,"cpi(ALL, 2026-03-11 12:30:00+00:00->2026-03-11 20:00:00+00:00)",59,partial,False,-0.0056176000077989,0.0026172043893496,0.0,0.0021830597770019,0.0010972910583416,4468.0,0.0033168907278232,0.3956512805307072,77.86481647269471,False,676573,2026-03-10 21:15:18+00:00,112,False,0.5513427257537842,sentence-transformers/all-mpnet-base-v2,exploratory_only,True,False
2031503194384413175,HOOD,True,"cpi(ALL, 2026-03-11 12:30:00+00:00->2026-03-11 20:00:00+00:00)",60,complete,False,-0.0036169184130051,0.0024387618082859,0.0,0.0024686517521656,0.0010353669234942,13891.0,0.0035687533395987,-0.0288689383458268,58.78626448779786,False,605700792,2026-03-10 22:51:19+00:00,250,False,0.6716541647911072,sentence-transformers/all-mpnet-base-v2,confirmatory,True,False
2031536615529570583,SHOP,True,"cpi(ALL, 2026-03-11 12:30:00+00:00->2026-03-11 20:00:00+00:00)",59,partial,False,-0.0056176000077989,0.0026172043893496,0.0,0.0021830597770019,0.0010972910583416,4468.0,0.0033168907278232,0.3956512805307072,77.86481647269471,False,676573,2026-03-11 01:04:07+00:00,113,False,0.894223153591156,sentence-transformers/all-mpnet-base-v2,exploratory_only,True,False
2031575412967616632,BOX,True,"cpi(ALL, 2026-03-11 12:30:00+00:00->2026-03-11 20:00:00+00:00)",36,partial,False,-0.00799918153125,0.0018900315693012,0.0,0.004194744965337,0.0002853285700803,3.0,0.0043965047038567,-8.07740141615196,0.0,False,914061,2026-03-11 03:38:17+00:00,190,False,0.3239910006523132,sentence-transformers/all-mpnet-base-v2,confirmatory,True,False
2031580721702416848,HOOD,True,"cpi(ALL, 2026-03-11 12:30:00+00:00->2026-03-11 20:00:00+00:00)",60,complete,False,-0.0036169184130051,0.0024387618082859,0.0,0.0024686517521656,0.0010353669234942,13891.0,0.0035687533395987,-0.0288689383458268,58.78626448779786,False,605700792,2026-03-11 03:59:23+00:00,251,False,0.5028609037399292,sentence-transformers/all-mpnet-base-v2,confirmatory,True,False
2031872496186900875,BOX,False,,39,partial,True,0.0269322800406581,0.0019618098989155,0.0,0.004194744965337,0.0002853285700803,3.0,0.0043965047038567,-7.825837650231032,0.0,False,914061,2026-03-11 23:18:48+00:00,191,False,0.2750552892684936,sentence-transformers/all-mpnet-base-v2,confirmatory,True,True
2031874122947707207,HOOD,False,,54,partial,True,-0.0155283094331895,0.002350646146216,,,,,,,,False,605700792,2026-03-11 23:25:15+00:00,252,False,0.4017608165740967,sentence-transformers/all-mpnet-base-v2,confirmatory,True,True
2031889821988200552,SHOP,False,,52,partial,True,0.0031070255920808,0.0029273010099828,0.0,0.0021830597770019,0.0010972910583416,4468.0,0.0033168907278232,0.6782532558915758,83.3930170098478,False,676573,2026-03-12 00:27:38+00:00,114,False,0.6009178757667542,sentence-transformers/all-mpnet-base-v2,exploratory_only,True,False
2031933672337674517,SHOP,False,,52,partial,True,0.0031070255920808,0.0029273010099828,0.0,0.0021830597770019,0.0010972910583416,4468.0,0.0033168907278232,0.6782532558915758,83.3930170098478,False,676573,2026-03-12 03:21:53+00:00,115,False,0.5662937164306641,sentence-transformers/all-mpnet-base-v2,exploratory_only,True,False
2032143283951190098,HOOD,False,,53,partial,True,-0.0022703470142763,0.0012184092445088,3.0,0.0015068207603171,0.000909155016159,8915.0,0.0022131931570161,-0.3172302970144408,41.39091418956814,False,605700792,2026-03-12 17:14:48+00:00,253,False,0.5223886966705322,sentence-transformers/all-mpnet-base-v2,confirmatory,True,True
2032151165237149718,QCOM,False,,57,partial,True,-0.0054664393504347,0.0006394256150407,4.0,0.0009476882220797,0.0005636901752572,2138.0,0.0014189505937958,-0.5468653181658605,24.46211412535079,False,234930762,2026-03-12 17:46:07+00:00,83,False,0.3790215849876404,sentence-transformers/all-mpnet-base-v2,confirmatory,True,True
2032161195533242422,CRM,False,,52,partial,True,-0.0016862674323063,0.0010761847442864,4.0,0.0008601445308332,0.0004317505862432,1469.0,0.0011613137631727,0.5003819805619977,82.23281143635126,False,22330739,2026-03-12 18:25:59+00:00,200,False,0.4101054072380066,sentence-transformers/all-mpnet-base-v2,confirmatory,True,True
2032200335218131055,MSFT,False,,60,complete,True,-0.0061638405628875,0.0007632686454905,0.0,0.0008174575401678,0.0003989604251514,14622.0,0.0012105221411381,-0.1358252379462093,51.217343728628094,False,20571756,2026-03-12 21:01:31+00:00,121,False,0.6132992506027222,sentence-transformers/all-mpnet-base-v2,null_baseline,True,False
2032212531846971413,SHOP,False,,41,partial,True,0.0083145136859275,0.0026836832906934,0.0,0.0021830597770019,0.0010972910583416,4468.0,0.0033168907278232,0.4562358454357101,79.18531781557743,False,676573,2026-03-12 21:49:58+00:00,116,False,0.7681930065155029,sentence-transformers/all-mpnet-base-v2,exploratory_only,True,False
2032212535160496637,SHOP,False,,41,partial,True,0.0083145136859275,0.0026836832906934,0.0,0.0021830597770019,0.0010972910583416,4468.0,0.0033168907278232,0.4562358454357101,79.18531781557743,False,676573,2026-03-12 21:49:59+00:00,117,False,0.50071120262146,sentence-transformers/all-mpnet-base-v2,exploratory_only,True,False
2032212536716578932,SHOP,False,,41,partial,True,0.0083145136859275,0.0026836832906934,0.0,0.0021830597770019,0.0010972910583416,4468.0,0.0033168907278232,0.4562358454357101,79.18531781557743,False,676573,2026-03-12 21:50:00+00:00,118,False,0.7197962999343872,sentence-transformers/all-mpnet-base-v2,exploratory_only,True,False
2032217673593921697,SHOP,False,,41,partial,True,0.0083145136859275,0.0026836832906934,0.0,0.0021830597770019,0.0010972910583416,4468.0,0.0033168907278232,0.4562358454357101,79.18531781557743,False,676573,2026-03-12 22:10:24+00:00,119,False,0.785403311252594,sentence-transformers/all-mpnet-base-v2,exploratory_only,True,False
2032329562390970811,BOX,False,,39,partial,True,0.0207981946942303,0.0019046578956777,0.0,0.004194744965337,0.0002853285700803,3.0,0.0043965047038567,-8.026140070776114,0.0,False,914061,2026-03-13 05:35:01+00:00,190,False,0.3398546576499939,sentence-transformers/all-mpnet-base-v2,confirmatory,True,True
2032493789965676876,SHOP,False,,44,partial,True,-0.0004400984704158,0.0015281367651153,2.0,0.0014747561151007,0.0006296761045464,2272.0,0.0025959379889743,0.0847747748868418,64.30457746478874,False,676573,2026-03-13 16:27:36+00:00,120,False,0.4578840732574463,sentence-transformers/all-mpnet-base-v2,exploratory_only,True,False
2032515189086761005,MSFT,False,,59,partial,True,-0.000743152734135,0.000476737575875,4.0,0.0004702143088476,0.0002382934904684,10669.0,0.0006810947374758,0.0273749275088026,66.94160652357297,False,20571756,2026-03-13 17:52:38+00:00,122,False,0.3793774843215942,sentence-transformers/all-mpnet-base-v2,null_baseline,True,False
2032521471634071802,HOOD,False,,59,partial,True,-0.0031939673054778,0.0010531934149983,4.0,0.0013431431635813,0.0006582170574046,9575.0,0.0020093680065816,-0.4405078010683413,37.0443864229765,False,605700792,2026-03-13 18:17:35+00:00,254,False,0.6814508438110352,sentence-transformers/all-mpnet-base-v2,confirmatory,True,True
2032584581699015050,HOOD,False,,1,insufficient,False,0.0147213533969186,,,,,,,,,False,605700792,2026-03-13 22:28:22+00:00,255,False,0.5452853441238403,sentence-transformers/all-mpnet-base-v2,confirmatory,True,False
2032652452395434196,BOX,False,,38,partial,True,-0.0192497707258124,0.0013380405632252,0.0,0.004194744965337,0.0002853285700803,3.0,0.0043965047038567,-10.011981629835018,0.0,False,914061,2026-03-14 02:58:04+00:00,190,False,0.1629866957664489,sentence-transformers/all-mpnet-base-v2,confirmatory,True,True
2032889536066498595,BOX,False,,38,partial,True,-0.0192497707258124,0.0013380405632252,0.0,0.004194744965337,0.0002853285700803,3.0,0.0043965047038567,-10.011981629835018,0.0,False,914061,2026-03-14 18:40:09+00:00,191,False,0.1740800738334655,sentence-transformers/all-mpnet-base-v2,confirmatory,True,True
2032931369752330539,SHOP,False,,46,partial,True,0.0149874414669781,0.0023793948697427,0.0,0.0021830597770019,0.0010972910583416,4468.0,0.0033168907278232,0.1789270870734848,70.09847806624889,False,676573,2026-03-14 21:26:23+00:00,121,False,0.5625882148742676,sentence-transformers/all-mpnet-base-v2,exploratory_only,True,False
2033187856370557379,MSFT,False,,4,insufficient,False,-0.002651300409636,0.0003393093107344,,,,,,,,False,20571756,2026-03-15 14:25:34+00:00,123,False,0.5711444616317749,sentence-transformers/all-mpnet-base-v2,null_baseline,True,False
2033187858522255605,MSFT,False,,4,insufficient,False,-0.002651300409636,0.0003393093107344,,,,,,,,False,20571756,2026-03-15 14:25:34+00:00,123,False,0.5958863496780396,sentence-transformers/all-mpnet-base-v2,null_baseline,True,False
2033332698404851860,BOX,False,,38,partial,True,-0.0192497707258124,0.0013380405632252,0.0,0.004194744965337,0.0002853285700803,3.0,0.0043965047038567,-10.011981629835018,0.0,False,914061,2026-03-16 00:01:07+00:00,190,False,0.2899837493896484,sentence-transformers/all-mpnet-base-v2,confirmatory,True,True
2033380989276217383,SHOP,False,,46,partial,True,0.0149874414669781,0.0023793948697427,0.0,0.0021830597770019,0.0010972910583416,4468.0,0.0033168907278232,0.1789270870734848,70.09847806624889,False,676573,2026-03-16 03:13:00+00:00,122,False,0.4818043708801269,sentence-transformers/all-mpnet-base-v2,exploratory_only,True,False
2033736673197232267,HOOD,False,,60,complete,True,0.0143741688019931,0.0023627291843273,0.0,0.0024686517521656,0.0010353669234942,13891.0,0.0035687533395987,-0.1023043767718912,55.050032395075945,False,605700792,2026-03-17 02:46:22+00:00,252,False,0.5935132503509521,sentence-transformers/all-mpnet-base-v2,confirmatory,True,True
2033749314997280850,BOX,False,,41,partial,True,0.0096745140139886,0.0017328470971684,0.0,0.004194744965337,0.0002853285700803,3.0,0.0043965047038567,-8.62829077184633,0.0,False,914061,2026-03-17 03:36:36+00:00,188,False,0.7522139549255371,sentence-transformers/all-mpnet-base-v2,confirmatory,True,True
2033784669079277621,HOOD,False,,60,complete,True,0.0143741688019931,0.0023627291843273,0.0,0.0024686517521656,0.0010353669234942,13891.0,0.0035687533395987,-0.1023043767718912,55.050032395075945,False,605700792,2026-03-17 05:57:05+00:00,253,False,0.4196370840072632,sentence-transformers/all-mpnet-base-v2,confirmatory,True,True
2033947181389144469,HOOD,False,,55,partial,True,0.0062372856939094,0.0009552514612615,3.0,0.0015068207603171,0.000909155016159,8915.0,0.0022131931570161,-0.6066834469943416,17.52103196859226,False,605700792,2026-03-17 16:42:51+00:00,254,False,0.4973146915435791,sentence-transformers/all-mpnet-base-v2,confirmatory,True,True
2034018646188822664,CRM,False,,57,partial,True,-0.0038895342499817,0.001458094641242,0.0,0.0015879446050451,0.000617919264544,3112.0,0.0022651270721544,-0.2101406627917738,46.72236503856041,False,22330739,2026-03-17 21:26:50+00:00,192,False,0.4207820296287536,sentence-transformers/all-mpnet-base-v2,confirmatory,True,True
2034023235654980049,BOX,False,,29,partial,True,-0.0027908678596512,0.0024311541899518,0.0,0.004194744965337,0.0002853285700803,3.0,0.0043965047038567,-6.180911974179247,0.0,False,914061,2026-03-17 21:45:04+00:00,189,False,0.632075309753418,sentence-transformers/all-mpnet-base-v2,confirmatory,True,True
2034032880188592131,HOOD,False,,59,partial,True,-0.0149131930158202,0.0022734003729265,0.0,0.0024686517521656,0.0010353669234942,13891.0,0.0035687533395987,-0.1885818204237365,50.34914692966669,False,605700792,2026-03-17 22:23:23+00:00,250,False,0.5109758973121643,sentence-transformers/all-mpnet-base-v2,confirmatory,True,True
2034072777347539078,SHOP,False,,39,partial,True,-0.0022605709851792,0.0029263579158194,0.0,0.0021830597770019,0.0010972910583416,4468.0,0.0033168907278232,0.6773937809544737,83.3930170098478,False,676573,2026-03-18 01:01:56+00:00,123,False,0.6481872200965881,sentence-transformers/all-mpnet-base-v2,exploratory_only,True,False
2034079258121806180,SHOP,False,,39,partial,True,-0.0022605709851792,0.0029263579158194,0.0,0.0021830597770019,0.0010972910583416,4468.0,0.0033168907278232,0.6773937809544737,83.3930170098478,False,676573,2026-03-18 01:27:41+00:00,124,False,0.6947288513183594,sentence-transformers/all-mpnet-base-v2,exploratory_only,True,False
2034101337198367068,HOOD,False,,59,partial,True,-0.0149131930158202,0.0022734003729265,0.0,0.0024686517521656,0.0010353669234942,13891.0,0.0035687533395987,-0.1885818204237365,50.34914692966669,False,605700792,2026-03-18 02:55:25+00:00,251,False,0.6671739816665649,sentence-transformers/all-mpnet-base-v2,confirmatory,True,True
2034283304401113453,BOX,False,,37,partial,True,0.0101978226808838,0.0009829541412803,1.0,0.0013670565185054,9.769056425029918e-05,43.0,0.0014788781460496,-3.931826785655763,0.0,False,914061,2026-03-18 14:58:29+00:00,189,False,0.2835900783538818,sentence-transformers/all-mpnet-base-v2,confirmatory,True,True
2034346503528210621,HOOD,True,"fomc(ALL, 2026-03-18 18:00:00+00:00->2026-03-18 20:00:00+00:00)",48,partial,False,-0.0058687779666537,0.0008516139554815,5.0,0.0012864632027318,0.0005528423224853,6233.0,0.0019156052701326,-0.7865701115200376,16.34846783250441,False,605700792,2026-03-18 19:09:37+00:00,252,False,0.5564745664596558,sentence-transformers/all-mpnet-base-v2,confirmatory,True,False
2034359937325822181,HOOD,False,,2,insufficient,False,-0.0017608708129168,0.0,6.0,,,,,,,False,605700792,2026-03-18 20:03:00+00:00,253,False,0.385270357131958,sentence-transformers/all-mpnet-base-v2,confirmatory,True,False
2034484203522261293,BOX,False,,35,partial,True,-0.0029207946232004,0.0020335198216911,0.0,0.004194744965337,0.0002853285700803,3.0,0.0043965047038567,-7.574513631905594,0.0,False,914061,2026-03-19 04:16:47+00:00,189,False,0.325946569442749,sentence-transformers/all-mpnet-base-v2,confirmatory,True,True
2034486015725834283,SHOP,False,,52,partial,True,-0.0099701320465691,0.0035081736359708,0.0,0.0021830597770019,0.0010972910583416,4468.0,0.0033168907278232,1.207622944610151,92.90510295434198,True,676573,2026-03-19 04:23:59+00:00,125,False,0.5751432180404663,sentence-transformers/all-mpnet-base-v2,exploratory_only,True,False
2034649088684069280,SHOP,False,,34,partial,True,-0.0062234307572188,0.00164168792468,1.0,0.0016618307674977,0.0008094845583133,3332.0,0.0025068289212535,-0.0248835417685054,59.21368547418968,False,676573,2026-03-19 15:11:59+00:00,126,False,0.4939966797828674,sentence-transformers/all-mpnet-base-v2,exploratory_only,True,False
2034682749240713260,MSFT,False,,60,complete,True,-0.0006958263904852,0.000407369741509,3.0,0.0005162286279595,0.0003998599403704,9792.0,0.0006680850669626,-0.2722425416000422,40.0531045751634,False,20571756,2026-03-19 17:25:44+00:00,121,False,0.317306637763977,sentence-transformers/all-mpnet-base-v2,null_baseline,True,False
2034760343772094905,SHOP,False,,45,partial,True,-0.0082338046144672,0.0027948164374496,0.0,0.0021830597770019,0.0010972910583416,4468.0,0.0033168907278232,0.5575153973935345,81.17726051924798,False,676573,2026-03-19 22:34:04+00:00,127,False,0.6174168586730957,sentence-transformers/all-mpnet-base-v2,exploratory_only,True,False
2034787423880691951,SHOP,False,,45,partial,True,-0.0082338046144672,0.0027948164374496,0.0,0.0021830597770019,0.0010972910583416,4468.0,0.0033168907278232,0.5575153973935345,81.17726051924798,False,676573,2026-03-20 00:21:41+00:00,128,False,0.5162642002105713,sentence-transformers/all-mpnet-base-v2,exploratory_only,True,False
2034792767357063497,SHOP,False,,45,partial,True,-0.0082338046144672,0.0027948164374496,0.0,0.0021830597770019,0.0010972910583416,4468.0,0.0033168907278232,0.5575153973935345,81.17726051924798,False,676573,2026-03-20 00:42:55+00:00,129,False,0.5731462240219116,sentence-transformers/all-mpnet-base-v2,exploratory_only,True,False
2034796296842743898,SHOP,False,,45,partial,True,-0.0082338046144672,0.0027948164374496,0.0,0.0021830597770019,0.0010972910583416,4468.0,0.0033168907278232,0.5575153973935345,81.17726051924798,False,676573,2026-03-20 00:56:56+00:00,130,False,0.7216351628303528,sentence-transformers/all-mpnet-base-v2,exploratory_only,True,False
2034833274506281061,BOX,False,,44,partial,True,0.0390827383858981,0.0028736889072959,0.0,0.004194744965337,0.0002853285700803,3.0,0.0043965047038567,-4.6299466529726,0.0,False,914061,2026-03-20 03:23:52+00:00,190,False,0.2466691136360168,sentence-transformers/all-mpnet-base-v2,confirmatory,True,True
2035098172700467279,HOOD,False,,60,complete,True,0.0112940474007279,0.0018136592041231,0.0,0.0024686517521656,0.0010353669234942,13891.0,0.0035687533395987,-0.6326187684574629,23.785184651932905,False,605700792,2026-03-20 20:56:29+00:00,254,False,0.6085174083709717,sentence-transformers/all-mpnet-base-v2,confirmatory,True,True
2035098174294303207,HOOD,False,,60,complete,True,0.0112940474007279,0.0018136592041231,0.0,0.0024686517521656,0.0010353669234942,13891.0,0.0035687533395987,-0.6326187684574629,23.785184651932905,False,605700792,2026-03-20 20:56:29+00:00,254,False,0.6609671115875244,sentence-transformers/all-mpnet-base-v2,confirmatory,True,True
2035098175661645961,HOOD,False,,60,complete,True,0.0112940474007279,0.0018136592041231,0.0,0.0024686517521656,0.0010353669234942,13891.0,0.0035687533395987,-0.6326187684574629,23.785184651932905,False,605700792,2026-03-20 20:56:30+00:00,256,False,0.7098587155342102,sentence-transformers/all-mpnet-base-v2,confirmatory,True,True
2035098177079304309,HOOD,False,,60,complete,True,0.0112940474007279,0.0018136592041231,0.0,0.0024686517521656,0.0010353669234942,13891.0,0.0035687533395987,-0.6326187684574629,23.785184651932905,False,605700792,2026-03-20 20:56:30+00:00,256,False,0.8033386468887329,sentence-transformers/all-mpnet-base-v2,confirmatory,True,True
2035098178484412802,HOOD,False,,60,complete,True,0.0112940474007279,0.0018136592041231,0.0,0.0024686517521656,0.0010353669234942,13891.0,0.0035687533395987,-0.6326187684574629,23.785184651932905,False,605700792,2026-03-20 20:56:30+00:00,256,False,0.7430276274681091,sentence-transformers/all-mpnet-base-v2,confirmatory,True,True
2035098179876921595,HOOD,False,,60,complete,True,0.0112940474007279,0.0018136592041231,0.0,0.0024686517521656,0.0010353669234942,13891.0,0.0035687533395987,-0.6326187684574629,23.785184651932905,False,605700792,2026-03-20 20:56:31+00:00,259,False,0.7068899869918823,sentence-transformers/all-mpnet-base-v2,confirmatory,True,True
2035098181378482478,HOOD,False,,60,complete,True,0.0112940474007279,0.0018136592041231,0.0,0.0024686517521656,0.0010353669234942,13891.0,0.0035687533395987,-0.6326187684574629,23.785184651932905,False,605700792,2026-03-20 20:56:31+00:00,259,False,0.8366317749023438,sentence-transformers/all-mpnet-base-v2,confirmatory,True,True
2035098183270068713,HOOD,False,,60,complete,True,0.0112940474007279,0.0018136592041231,0.0,0.0024686517521656,0.0010353669234942,13891.0,0.0035687533395987,-0.6326187684574629,23.785184651932905,False,605700792,2026-03-20 20:56:31+00:00,259,False,0.795745849609375,sentence-transformers/all-mpnet-base-v2,confirmatory,True,True
2035098184801034642,HOOD,False,,60,complete,True,0.0112940474007279,0.0018136592041231,0.0,0.0024686517521656,0.0010353669234942,13891.0,0.0035687533395987,-0.6326187684574629,23.785184651932905,False,605700792,2026-03-20 20:56:32+00:00,262,False,0.5887099504470825,sentence-transformers/all-mpnet-base-v2,confirmatory,True,True
2035171720945115469,BOX,False,,51,partial,True,-0.019808469184022,0.0022745952718167,0.0,0.004194744965337,0.0002853285700803,3.0,0.0043965047038567,-6.729608931133011,0.0,False,914061,2026-03-21 01:48:44+00:00,189,False,0.2519558668136596,sentence-transformers/all-mpnet-base-v2,confirmatory,True,True
2035451316445512143,SHOP,False,,58,partial,True,0.0162590123656931,0.0023271718864165,0.0,0.0021830597770019,0.0010972910583416,4468.0,0.0033168907278232,0.1313344425064531,67.591763652641,False,676573,2026-03-21 20:19:45+00:00,131,False,0.6459770202636719,sentence-transformers/all-mpnet-base-v2,exploratory_only,True,False
2035478403995087152,HOOD,False,,60,complete,True,0.0112940474007279,0.0018136592041231,0.0,0.0024686517521656,0.0010353669234942,13891.0,0.0035687533395987,-0.6326187684574629,23.785184651932905,False,605700792,2026-03-21 22:07:23+00:00,263,False,0.5201557278633118,sentence-transformers/all-mpnet-base-v2,confirmatory,True,True
2035762343502836020,BOX,False,,51,partial,True,-0.019808469184022,0.0022745952718167,0.0,0.004194744965337,0.0002853285700803,3.0,0.0043965047038567,-6.729608931133011,0.0,False,914061,2026-03-22 16:55:39+00:00,189,False,0.1692128181457519,sentence-transformers/all-mpnet-base-v2,confirmatory,True,True
2035871150841221156,HOOD,False,,60,complete,True,0.0112940474007279,0.0018136592041231,0.0,0.0024686517521656,0.0010353669234942,13891.0,0.0035687533395987,-0.6326187684574629,23.785184651932905,False,605700792,2026-03-23 00:08:01+00:00,264,False,0.6094726324081421,sentence-transformers/all-mpnet-base-v2,confirmatory,True,True
2035873089045909973,HOOD,False,,60,complete,True,0.0112940474007279,0.0018136592041231,0.0,0.0024686517521656,0.0010353669234942,13891.0,0.0035687533395987,-0.6326187684574629,23.785184651932905,False,605700792,2026-03-23 00:15:43+00:00,265,False,0.6907858848571777,sentence-transformers/all-mpnet-base-v2,confirmatory,True,True
2035964924309217615,SHOP,False,,58,partial,True,0.0162590123656931,0.0023271718864165,0.0,0.0021830597770019,0.0010972910583416,4468.0,0.0033168907278232,0.1313344425064531,67.591763652641,False,676573,2026-03-23 06:20:39+00:00,132,False,0.6344544291496277,sentence-transformers/all-mpnet-base-v2,exploratory_only,True,False
2036252519308075219,CRM,False,,59,partial,True,-0.043828530813716,0.0025473513907472,0.0,0.0015879446050451,0.000617919264544,3112.0,0.0022651270721544,1.5526410014261462,94.31233933161953,True,22330739,2026-03-24 01:23:27+00:00,189,False,0.6300628185272217,sentence-transformers/all-mpnet-base-v2,confirmatory,True,True
2036290915950797314,BOX,False,,44,partial,True,-0.0274812079579118,0.0026455485581666,0.0,0.004194744965337,0.0002853285700803,3.0,0.0043965047038567,-5.429517299070523,0.0,False,914061,2026-03-24 03:56:01+00:00,188,False,0.2875242233276367,sentence-transformers/all-mpnet-base-v2,confirmatory,True,True
2036475068117819522,CRM,False,,58,partial,True,-0.0021268622904995,0.0009241085497157,2.0,0.0010034212859758,0.0003176573568839,993.0,0.0014518555230045,-0.2496801491964015,42.69889224572004,False,22330739,2026-03-24 16:07:46+00:00,188,False,0.6977145671844482,sentence-transformers/all-mpnet-base-v2,confirmatory,True,True
2036478998667207012,BOX,False,,42,partial,True,0.0096726575995137,0.0008957434481198,2.0,,,,,,,False,914061,2026-03-24 16:23:23+00:00,187,False,0.2844302654266357,sentence-transformers/all-mpnet-base-v2,confirmatory,True,True
2036507410399920520,SHOP,False,,55,partial,True,-0.0002528889404094,0.0015713977644772,4.0,0.00134700672299,0.000850454886297,2585.0,0.0021921378277236,0.2638482594464236,71.52804642166343,False,676573,2026-03-24 18:16:17+00:00,133,False,0.4817413091659546,sentence-transformers/all-mpnet-base-v2,exploratory_only,True,False
2036748608129671263,SHOP,False,,54,partial,True,0.0182531641339658,0.0023618300486963,0.0,0.0021830597770019,0.0010972910583416,4468.0,0.0033168907278232,0.1629196468297622,69.33751119068936,False,676573,2026-03-25 10:14:43+00:00,134,False,0.6905688047409058,sentence-transformers/all-mpnet-base-v2,exploratory_only,True,False
2036832183131033977,BOX,False,,23,insufficient,False,0.0058650061853557,0.0011584817599062,2.0,,,,,,,False,914061,2026-03-25 15:46:49+00:00,188,False,0.2881000638008117,sentence-transformers/all-mpnet-base-v2,confirmatory,True,False
2036915091120284091,HOOD,False,,59,partial,True,-0.0012344539180711,0.0020606759052965,0.0,0.0024686517521656,0.0010353669234942,13891.0,0.0035687533395987,-0.3940398689695258,37.73666402706788,False,605700792,2026-03-25 21:16:16+00:00,257,False,0.4759199023246765,sentence-transformers/all-mpnet-base-v2,confirmatory,True,True
2036935885267120476,SHOP,False,,60,complete,True,0.0127575102078102,0.0025230947986989,0.0,0.0021830597770019,0.0010972910583416,4468.0,0.0033168907278232,0.3098858950066457,75.35810205908685,False,676573,2026-03-25 22:38:54+00:00,135,False,0.622032880783081,sentence-transformers/all-mpnet-base-v2,exploratory_only,True,False
2036936395650949614,SHOP,False,,60,complete,True,0.0127575102078102,0.0025230947986989,0.0,0.0021830597770019,0.0010972910583416,4468.0,0.0033168907278232,0.3098858950066457,75.35810205908685,False,676573,2026-03-25 22:40:55+00:00,136,False,0.4866617321968078,sentence-transformers/all-mpnet-base-v2,exploratory_only,True,False
2037200776389681499,BOX,False,,43,partial,True,0.0038981627133772,0.0010713503287725,2.0,,,,,,,False,914061,2026-03-26 16:11:29+00:00,189,False,0.3874740600585937,sentence-transformers/all-mpnet-base-v2,confirmatory,True,True
2037236594164252944,SHOP,False,,59,partial,True,-0.0057054535164383,0.0008224961856244,5.0,0.0011814904504143,0.0005788969127489,2397.0,0.0019690548868291,-0.620135048026346,25.698790154359617,False,676573,2026-03-26 18:33:48+00:00,137,False,0.4619157314300537,sentence-transformers/all-mpnet-base-v2,exploratory_only,True,False
2037321515528835517,HOOD,False,,60,complete,True,-0.0487336875181121,0.002609685890507,0.0,0.0024686517521656,0.0010353669234942,13891.0,0.0035687533395987,0.13621657708117,65.9923691598877,False,605700792,2026-03-27 00:11:15+00:00,257,False,0.5934694409370422,sentence-transformers/all-mpnet-base-v2,confirmatory,True,True
2037321516904509538,HOOD,False,,60,complete,True,-0.0487336875181121,0.002609685890507,0.0,0.0024686517521656,0.0010353669234942,13891.0,0.0035687533395987,0.13621657708117,65.9923691598877,False,605700792,2026-03-27 00:11:15+00:00,257,False,0.5388346910476685,sentence-transformers/all-mpnet-base-v2,confirmatory,True,True
2037383187245273477,BOX,False,,44,partial,True,-0.012138812074087,0.0025464793015363,0.0,0.004194744965337,0.0002853285700803,3.0,0.0043965047038567,-5.776728433946921,0.0,False,914061,2026-03-27 04:16:19+00:00,190,False,0.625640869140625,sentence-transformers/all-mpnet-base-v2,confirmatory,True,True
2037564090978361407,HOOD,False,,50,partial,True,-0.0013690421422477,0.0010222490700775,2.0,0.001537110318051,0.0006474939279101,10131.0,0.0021891213272673,-0.7951599633301975,15.822722337380318,False,605700792,2026-03-27 16:15:10+00:00,259,False,0.3876899480819702,sentence-transformers/all-mpnet-base-v2,confirmatory,True,True
2037642603835896236,SHOP,False,,57,partial,True,-0.0023833310382955,0.002780114442398,0.0,0.0021830597770019,0.0010972910583416,4468.0,0.0033168907278232,0.5441169513387745,80.97582811101164,False,676573,2026-03-27 21:27:08+00:00,138,False,0.6282386779785156,sentence-transformers/all-mpnet-base-v2,exploratory_only,True,False
2037666308389806090,HOOD,False,,11,insufficient,False,0.0135061985881363,0.0036131376878231,,,,,,,,False,605700792,2026-03-27 23:01:20+00:00,260,False,0.5574148893356323,sentence-transformers/all-mpnet-base-v2,confirmatory,True,False
2037674629108736429,CRM,False,,51,partial,True,0.019540134904264,0.0021110200657737,0.0,0.0015879446050451,0.000617919264544,3112.0,0.0022651270721544,0.8465110100015932,84.38303341902314,False,22330739,2026-03-27 23:34:24+00:00,185,False,0.3844006061553955,sentence-transformers/all-mpnet-base-v2,confirmatory,True,True
2037744753073385518,BOX,False,,33,partial,True,0.0184186374240176,0.0025304911376034,0.0,0.004194744965337,0.0002853285700803,3.0,0.0043965047038567,-5.832762654173792,0.0,False,914061,2026-03-28 04:13:03+00:00,190,False,0.3268167376518249,sentence-transformers/all-mpnet-base-v2,confirmatory,True,True
2037928306977509601,BOX,False,,33,partial,True,0.0184186374240176,0.0025304911376034,0.0,0.004194744965337,0.0002853285700803,3.0,0.0043965047038567,-5.832762654173792,0.0,False,914061,2026-03-28 16:22:25+00:00,191,False,0.9360847473144532,sentence-transformers/all-mpnet-base-v2,confirmatory,True,True
2037974787176214855,SHOP,False,,57,partial,True,-0.0023833310382955,0.002780114442398,0.0,0.0021830597770019,0.0010972910583416,4468.0,0.0033168907278232,0.5441169513387745,80.97582811101164,False,676573,2026-03-28 19:27:07+00:00,139,False,0.609112560749054,sentence-transformers/all-mpnet-base-v2,exploratory_only,True,False
2037975214437417159,SHOP,False,,57,partial,True,-0.0023833310382955,0.002780114442398,0.0,0.0021830597770019,0.0010972910583416,4468.0,0.0033168907278232,0.5441169513387745,80.97582811101164,False,676573,2026-03-28 19:28:49+00:00,140,False,0.8124334812164307,sentence-transformers/all-mpnet-base-v2,exploratory_only,True,False
2038263457125142742,BOX,False,,33,partial,True,0.0184186374240176,0.0025304911376034,0.0,0.004194744965337,0.0002853285700803,3.0,0.0043965047038567,-5.832762654173792,0.0,False,914061,2026-03-29 14:34:11+00:00,190,False,0.1399805545806884,sentence-transformers/all-mpnet-base-v2,confirmatory,True,True
2038450129825378779,SHOP,False,,57,partial,True,-0.0023833310382955,0.002780114442398,0.0,0.0021830597770019,0.0010972910583416,4468.0,0.0033168907278232,0.5441169513387745,80.97582811101164,False,676573,2026-03-30 02:55:58+00:00,141,False,0.4750874042510986,sentence-transformers/all-mpnet-base-v2,exploratory_only,True,False
2038468564500537416,BOX,False,,33,partial,True,0.0184186374240176,0.0025304911376034,0.0,0.004194744965337,0.0002853285700803,3.0,0.0043965047038567,-5.832762654173792,0.0,False,914061,2026-03-30 04:09:13+00:00,190,False,0.3074710369110107,sentence-transformers/all-mpnet-base-v2,confirmatory,True,True
2038604619795042716,MSFT,False,,60,complete,True,0.0136206373527933,0.0011504571232804,0.0,0.0008174575401678,0.0003989604251514,14622.0,0.0012105221411381,0.8346682079711037,87.52564628641773,False,20571756,2026-03-30 13:09:51+00:00,107,False,0.481073260307312,sentence-transformers/all-mpnet-base-v2,null_baseline,True,False
2038604621279793575,MSFT,False,,60,complete,True,0.0136206373527933,0.0011504571232804,0.0,0.0008174575401678,0.0003989604251514,14622.0,0.0012105221411381,0.8346682079711037,87.52564628641773,False,20571756,2026-03-30 13:09:51+00:00,107,False,0.4812988042831421,sentence-transformers/all-mpnet-base-v2,null_baseline,True,False
2038604622978494538,MSFT,False,,60,complete,True,0.0136206373527933,0.0011504571232804,0.0,0.0008174575401678,0.0003989604251514,14622.0,0.0012105221411381,0.8346682079711037,87.52564628641773,False,20571756,2026-03-30 13:09:52+00:00,109,False,0.6094960570335388,sentence-transformers/all-mpnet-base-v2,null_baseline,True,False
2038677637644922943,MSFT,False,,60,complete,True,-0.0020241549951355,0.0007737409037199,4.0,0.0004702143088476,0.0002382934904684,10669.0,0.0006810947374758,1.2737510969165895,93.80448026994095,True,20571756,2026-03-30 18:00:00+00:00,108,False,0.5149374008178711,sentence-transformers/all-mpnet-base-v2,null_baseline,True,False
2038677639511359939,MSFT,False,,60,complete,True,-0.0020241549951355,0.0007737409037199,4.0,0.0004702143088476,0.0002382934904684,10669.0,0.0006810947374758,1.2737510969165895,93.80448026994095,True,20571756,2026-03-30 18:00:00+00:00,108,False,0.6144669651985168,sentence-transformers/all-mpnet-base-v2,null_baseline,True,False
2038812115033534561,SHOP,False,,60,complete,True,0.0192099235020832,0.003096452960339,0.0,0.0021830597770019,0.0010972910583416,4468.0,0.0033168907278232,0.8324073876237866,86.39212175470009,False,676573,2026-03-31 02:54:22+00:00,142,False,0.5535930395126343,sentence-transformers/all-mpnet-base-v2,exploratory_only,True,False
2038816649927913834,BOX,False,,47,partial,True,-0.0021520528296874,0.0020679019206776,0.0,0.004194744965337,0.0002853285700803,3.0,0.0043965047038567,-7.454013609854503,0.0,False,914061,2026-03-31 03:12:23+00:00,190,False,0.3127502799034118,sentence-transformers/all-mpnet-base-v2,confirmatory,True,True
2039039355747221519,CRM,False,,55,partial,True,-0.0020364236003158,0.0007871066878098,4.0,0.0008601445308332,0.0004317505862432,1469.0,0.0011613137631727,-0.1691667489300929,52.688904016337645,False,22330739,2026-03-31 17:57:20+00:00,182,False,0.3544321060180664,sentence-transformers/all-mpnet-base-v2,confirmatory,True,True
2039060932895113299,HOOD,False,,37,partial,True,0.0081531706279296,0.0010355317273926,5.0,0.0012864632027318,0.0005528423224853,6233.0,0.0019156052701326,-0.4538933890067023,40.04492218835232,False,605700792,2026-03-31 19:23:04+00:00,250,False,0.5303094983100891,sentence-transformers/all-mpnet-base-v2,confirmatory,True,True
2039065077870157987,BOX,False,,18,insufficient,False,-0.003021500752426,0.0006285346858393,6.0,,,,,,,False,914061,2026-03-31 19:39:33+00:00,191,False,0.309752881526947,sentence-transformers/all-mpnet-base-v2,confirmatory,True,False
2039084177317126236,HOOD,False,,60,complete,True,0.0031543819617787,0.0027900480481735,0.0,0.0024686517521656,0.0010353669234942,13891.0,0.0035687533395987,0.3104177743318504,73.06889352818372,False,605700792,2026-03-31 20:55:26+00:00,251,False,0.5574703216552734,sentence-transformers/all-mpnet-base-v2,confirmatory,True,True
2039170032668729631,SHOP,False,,50,partial,True,0.0009857639812265,0.0031626145408564,0.0,0.0021830597770019,0.0010972910583416,4468.0,0.0033168907278232,0.8927027668802884,87.26499552372427,False,676573,2026-04-01 02:36:36+00:00,143,False,0.4818589687347412,sentence-transformers/all-mpnet-base-v2,exploratory_only,True,False
2039216522028257549,BOX,False,,49,partial,True,-0.010944070666813,0.0015034196494454,0.0,0.004194744965337,0.0002853285700803,3.0,0.0043965047038567,-9.432372352805508,0.0,False,914061,2026-04-01 05:41:20+00:00,191,False,0.3345197439193725,sentence-transformers/all-mpnet-base-v2,confirmatory,True,True
2039335171913076791,SHOP,False,,50,partial,True,-0.0079313349063099,0.0031263178250836,0.0,0.0021830597770019,0.0010972910583416,4468.0,0.0033168907278232,0.8596242910311106,86.8845120859445,False,676573,2026-04-01 13:32:48+00:00,144,False,0.7153400778770447,sentence-transformers/all-mpnet-base-v2,exploratory_only,True,False
2039414479084278239,BOX,False,,43,partial,True,-0.002200051945671,0.0007239574330351,5.0,0.0011560845445843,0.0002470170345756,55.0,0.001531028419464,-1.7493818282267997,0.0,False,914061,2026-04-01 18:47:56+00:00,192,False,0.8469438552856445,sentence-transformers/all-mpnet-base-v2,confirmatory,True,True
2039443986415534426,HOOD,False,,3,insufficient,False,-0.0355452278181435,0.00037550463166,,,,,,,,False,605700792,2026-04-01 20:45:12+00:00,250,False,0.6567791700363159,sentence-transformers/all-mpnet-base-v2,confirmatory,True,False
2039474710249865385,SHOP,False,,56,partial,True,-0.0116698771509798,0.0024961396171576,0.0,0.0021830597770019,0.0010972910583416,4468.0,0.0033168907278232,0.2853206884132895,74.37332139659803,False,676573,2026-04-01 22:47:17+00:00,145,False,0.579851508140564,sentence-transformers/all-mpnet-base-v2,exploratory_only,True,False
2039481815795376334,SHOP,False,,56,partial,True,-0.0116698771509798,0.0024961396171576,0.0,0.0021830597770019,0.0010972910583416,4468.0,0.0033168907278232,0.2853206884132895,74.37332139659803,False,676573,2026-04-01 23:15:31+00:00,146,False,0.875318169593811,sentence-transformers/all-mpnet-base-v2,exploratory_only,True,False
2039518836873974027,SHOP,False,,56,partial,True,-0.0116698771509798,0.0024961396171576,0.0,0.0021830597770019,0.0010972910583416,4468.0,0.0033168907278232,0.2853206884132895,74.37332139659803,False,676573,2026-04-02 01:42:37+00:00,147,False,0.7238597273826599,sentence-transformers/all-mpnet-base-v2,exploratory_only,True,False
2039711802259542302,MSFT,False,,60,complete,True,0.0033661529187187,0.0010852012681231,1.0,0.0006167743380345,0.0002611472895039,13108.0,0.0008656246689829,1.793726946116482,96.81873664937444,True,20571756,2026-04-02 14:29:24+00:00,105,False,0.5335960388183594,sentence-transformers/all-mpnet-base-v2,null_baseline,True,False
2039722279014432932,BOX,False,,44,partial,True,0.0024844627356386,0.0010930564656667,1.0,0.0013670565185054,9.769056425029918e-05,43.0,0.0014788781460496,-2.8047750050523823,0.0,False,914061,2026-04-02 15:11:02+00:00,192,False,0.5300905108451843,sentence-transformers/all-mpnet-base-v2,confirmatory,True,True
2039740336541475090,SHOP,False,,45,partial,True,0.0039934931074583,0.0014649327522916,2.0,0.0014747561151007,0.0006296761045464,2272.0,0.0025959379889743,-0.0156006599872193,58.934859154929576,False,676573,2026-04-02 16:22:47+00:00,148,False,0.5318461656570435,sentence-transformers/all-mpnet-base-v2,exploratory_only,True,False
2039801627838738926,HOOD,False,,60,complete,True,0.0147716346872994,0.0033642616270852,0.0,0.0024686517521656,0.0010353669234942,13891.0,0.0035687533395987,0.8650168887925207,86.61723418040458,False,605700792,2026-04-02 20:26:20+00:00,250,False,0.6629665493965149,sentence-transformers/all-mpnet-base-v2,confirmatory,True,True
2039846200812208537,SHOP,False,,40,partial,True,0.0041283712384239,0.0024298109311185,0.0,0.0021830597770019,0.0010972910583416,4468.0,0.0033168907278232,0.2248730200076217,71.911369740376,False,676573,2026-04-02 23:23:27+00:00,149,False,0.5244505405426025,sentence-transformers/all-mpnet-base-v2,exploratory_only,True,False
2039931799414194621,BOX,False,,49,partial,True,0.0033776360546247,0.0017425691186608,0.0,0.004194744965337,0.0002853285700803,3.0,0.0043965047038567,-8.594217697812141,0.0,False,914061,2026-04-03 05:03:35+00:00,191,False,0.2339850664138794,sentence-transformers/all-mpnet-base-v2,confirmatory,True,True
2040059243462537227,HOOD,False,,60,complete,True,0.0147716346872994,0.0033642616270852,0.0,0.0024686517521656,0.0010353669234942,13891.0,0.0035687533395987,0.8650168887925207,86.61723418040458,False,605700792,2026-04-03 13:30:00+00:00,251,False,0.6392592787742615,sentence-transformers/all-mpnet-base-v2,confirmatory,True,True
2040259593779958081,SHOP,False,,40,partial,True,0.0041283712384239,0.0024298109311185,0.0,0.0021830597770019,0.0010972910583416,4468.0,0.0033168907278232,0.2248730200076217,71.911369740376,False,676573,2026-04-04 02:46:08+00:00,150,False,0.5722367763519287,sentence-transformers/all-mpnet-base-v2,exploratory_only,True,False
2040264454982480138,BOX,False,,49,partial,True,0.0033776360546247,0.0017425691186608,0.0,0.004194744965337,0.0002853285700803,3.0,0.0043965047038567,-8.594217697812141,0.0,False,914061,2026-04-04 03:05:27+00:00,191,False,0.5843042731285095,sentence-transformers/all-mpnet-base-v2,confirmatory,True,True
2040528801386361128,BOX,False,,49,partial,True,0.0033776360546247,0.0017425691186608,0.0,0.004194744965337,0.0002853285700803,3.0,0.0043965047038567,-8.594217697812141,0.0,False,914061,2026-04-04 20:35:52+00:00,190,False,0.2908494472503662,sentence-transformers/all-mpnet-base-v2,confirmatory,True,True
2040650799550722243,BOX,False,,49,partial,True,0.0033776360546247,0.0017425691186608,0.0,0.004194744965337,0.0002853285700803,3.0,0.0043965047038567,-8.594217697812141,0.0,False,914061,2026-04-05 04:40:38+00:00,190,False,0.2565090656280517,sentence-transformers/all-mpnet-base-v2,confirmatory,True,True
2040791818640777610,QCOM,False,,49,partial,True,-0.000929413838455,0.0025273791205356,0.0,0.0017324859379107,0.0009055282058883,4816.0,0.0031227343684163,0.877822664668008,78.7375415282392,False,234930762,2026-04-05 14:01:00+00:00,68,False,0.7780665755271912,sentence-transformers/all-mpnet-base-v2,confirmatory,True,True
2040852493253443616,SHOP,False,,40,partial,True,0.0041283712384239,0.0024298109311185,0.0,0.0021830597770019,0.0010972910583416,4468.0,0.0033168907278232,0.2248730200076217,71.911369740376,False,676573,2026-04-05 18:02:06+00:00,151,False,0.7688322067260742,sentence-transformers/all-mpnet-base-v2,exploratory_only,True,False
2040910116707537261,HOOD,False,,60,complete,True,0.0147716346872994,0.0033642616270852,0.0,0.0024686517521656,0.0010353669234942,13891.0,0.0035687533395987,0.8650168887925207,86.61723418040458,False,605700792,2026-04-05 21:51:04+00:00,252,False,0.6377387642860413,sentence-transformers/all-mpnet-base-v2,confirmatory,True,True
2040934208495821140,SHOP,False,,40,partial,True,0.0041283712384239,0.0024298109311185,0.0,0.0021830597770019,0.0010972910583416,4468.0,0.0033168907278232,0.2248730200076217,71.911369740376,False,676573,2026-04-05 23:26:48+00:00,152,False,0.7204129695892334,sentence-transformers/all-mpnet-base-v2,exploratory_only,True,False
2040934209628336302,SHOP,False,,40,partial,True,0.0041283712384239,0.0024298109311185,0.0,0.0021830597770019,0.0010972910583416,4468.0,0.0033168907278232,0.2248730200076217,71.911369740376,False,676573,2026-04-05 23:26:48+00:00,152,False,0.5876275300979614,sentence-transformers/all-mpnet-base-v2,exploratory_only,True,False
2040948112185827465,SHOP,False,,40,partial,True,0.0041283712384239,0.0024298109311185,0.0,0.0021830597770019,0.0010972910583416,4468.0,0.0033168907278232,0.2248730200076217,71.911369740376,False,676573,2026-04-06 00:22:03+00:00,154,False,0.5854883193969727,sentence-transformers/all-mpnet-base-v2,exploratory_only,True,False
2040967947275948357,BOX,False,,49,partial,True,0.0033776360546247,0.0017425691186608,0.0,0.004194744965337,0.0002853285700803,3.0,0.0043965047038567,-8.594217697812141,0.0,False,914061,2026-04-06 01:40:52+00:00,191,False,0.2295703887939453,sentence-transformers/all-mpnet-base-v2,confirmatory,True,True
2041163324440903877,HOOD,False,,58,partial,True,-0.0050249775585885,0.0015679062035771,1.0,0.0017163780306508,0.0006345735237307,13323.0,0.0024248767060085,-0.2339710396374847,48.72025820010508,False,605700792,2026-04-06 14:37:14+00:00,253,False,0.3216152191162109,sentence-transformers/all-mpnet-base-v2,confirmatory,True,True
2041221757705789598,HOOD,False,,58,partial,True,-0.002870646690394,0.0006451998796702,5.0,0.0012864632027318,0.0005528423224853,6233.0,0.0019156052701326,-1.159938913827674,1.2353601796887534,False,605700792,2026-04-06 18:29:25+00:00,254,False,0.5802090764045715,sentence-transformers/all-mpnet-base-v2,confirmatory,True,True
2041324561958862895,SHOP,False,,48,partial,True,-0.0170416775708002,0.0025480036145366,0.0,0.0021830597770019,0.0010972910583416,4468.0,0.0033168907278232,0.3325861764391996,76.11906893464638,False,676573,2026-04-07 01:17:56+00:00,155,False,0.5362501740455627,sentence-transformers/all-mpnet-base-v2,exploratory_only,True,False
2041337455849132296,SHOP,False,,48,partial,True,-0.0170416775708002,0.0025480036145366,0.0,0.0021830597770019,0.0010972910583416,4468.0,0.0033168907278232,0.3325861764391996,76.11906893464638,False,676573,2026-04-07 02:09:10+00:00,156,False,0.5362650752067566,sentence-transformers/all-mpnet-base-v2,exploratory_only,True,False
2041347596342460439,BOX,False,,47,partial,True,0.0112021282711637,0.0019094948101167,0.0,0.004194744965337,0.0002853285700803,3.0,0.0043965047038567,-8.009187984843592,0.0,False,914061,2026-04-07 02:49:28+00:00,190,False,0.2622214555740356,sentence-transformers/all-mpnet-base-v2,confirmatory,True,True
2041456620467589157,SHOP,False,,48,partial,True,-0.0170416775708002,0.0025480036145366,0.0,0.0021830597770019,0.0010972910583416,4468.0,0.0033168907278232,0.3325861764391996,76.11906893464638,False,676573,2026-04-07 10:02:41+00:00,157,False,0.5228506326675415,sentence-transformers/all-mpnet-base-v2,exploratory_only,True,False
2041512156693201176,BOX,False,,49,partial,True,-0.0015914908204935,0.0012537853249199,0.0,0.004194744965337,0.0002853285700803,3.0,0.0043965047038567,-10.307273609469732,0.0,False,914061,2026-04-07 13:43:22+00:00,191,False,0.2164164781570434,sentence-transformers/all-mpnet-base-v2,confirmatory,True,True
2041573811590721647,HOOD,False,,50,partial,True,-0.0019599542994356,0.0007694713126229,4.0,0.0013431431635813,0.0006582170574046,9575.0,0.0020093680065816,-0.8715542152923866,8.240208877284596,False,605700792,2026-04-07 17:48:21+00:00,254,False,0.5596244931221008,sentence-transformers/all-mpnet-base-v2,confirmatory,True,True
2041588565499359718,SHOP,False,,51,partial,True,0.0085743604186234,0.001565726544992,5.0,0.0011814904504143,0.0005788969127489,2397.0,0.0019690548868291,0.6637383722657993,80.26700041718814,False,676573,2026-04-07 18:46:59+00:00,158,False,0.5136051177978516,sentence-transformers/all-mpnet-base-v2,exploratory_only,True,False
2041623199344136421,HOOD,False,,60,complete,True,0.0369803895835909,0.0025480795891416,0.0,0.0024686517521656,0.0010353669234942,13891.0,0.0035687533395987,0.0767146749366515,63.83989633575696,False,605700792,2026-04-07 21:04:36+00:00,255,False,0.5285918116569519,sentence-transformers/all-mpnet-base-v2,confirmatory,True,True
2041719844920283326,SHOP,False,,58,partial,True,0.0381001716114237,0.0019134251601826,0.0,0.0021830597770019,0.0010972910583416,4468.0,0.0033168907278232,-0.2457275257731171,50.47000895255148,False,676573,2026-04-08 03:28:39+00:00,159,False,0.5306155681610107,sentence-transformers/all-mpnet-base-v2,exploratory_only,True,False
2041732610179703100,BOX,False,,53,partial,True,-0.0149708312398162,0.0016805554151846,0.0,0.004194744965337,0.0002853285700803,3.0,0.0043965047038567,-8.81155907185944,0.0,False,914061,2026-04-08 04:19:22+00:00,190,False,0.4555866122245788,sentence-transformers/all-mpnet-base-v2,confirmatory,True,True
2041847569140035630,SHOP,False,,58,partial,True,0.0381001716114237,0.0019134251601826,0.0,0.0021830597770019,0.0010972910583416,4468.0,0.0033168907278232,-0.2457275257731171,50.47000895255148,False,676573,2026-04-08 11:56:10+00:00,160,False,0.5445683002471924,sentence-transformers/all-mpnet-base-v2,exploratory_only,True,False
2041940987912871982,HOOD,False,,60,complete,True,-0.0200019021131466,0.0010142988483548,4.0,0.0013431431635813,0.0006582170574046,9575.0,0.0020093680065816,-0.4995985921773256,32.71018276762402,False,605700792,2026-04-08 18:07:23+00:00,256,False,0.5396857857704163,sentence-transformers/all-mpnet-base-v2,confirmatory,True,True
2041975669928702370,BOX,False,,44,partial,True,-0.0298704440061938,0.0032008860410243,0.0,0.004194744965337,0.0002853285700803,3.0,0.0043965047038567,-3.4832085831180315,0.0,False,914061,2026-04-08 20:25:12+00:00,191,False,0.4270275831222534,sentence-transformers/all-mpnet-base-v2,confirmatory,True,True
2042227945763160561,SHOP,False,,59,partial,True,-0.0450926531783787,0.0036052293678001,0.0,0.0021830597770019,0.0010972910583416,4468.0,0.0033168907278232,1.2960732523854115,93.75559534467324,True,676573,2026-04-09 13:07:39+00:00,161,False,0.5203931331634521,sentence-transformers/all-mpnet-base-v2,exploratory_only,True,False
2042255729805897733,SHOP,False,,54,partial,True,-0.0031848988066094,0.001589098308828,1.0,0.0016618307674977,0.0008094845583133,3332.0,0.0025068289212535,-0.0898503349109611,54.65186074429772,False,676573,2026-04-09 14:58:03+00:00,162,False,0.7031651139259338,sentence-transformers/all-mpnet-base-v2,exploratory_only,True,False
2042255953836298385,SHOP,False,,54,partial,True,-0.0031848988066094,0.001589098308828,1.0,0.0016618307674977,0.0008094845583133,3332.0,0.0025068289212535,-0.0898503349109611,54.65186074429772,False,676573,2026-04-09 14:58:57+00:00,163,False,0.6236354112625122,sentence-transformers/all-mpnet-base-v2,exploratory_only,True,False
2042285272985931972,BOX,False,,47,partial,True,-0.0121895913923715,0.0009324607577068,3.0,,,,,,,False,914061,2026-04-09 16:55:27+00:00,191,False,0.4194416999816894,sentence-transformers/all-mpnet-base-v2,confirmatory,True,True
2042343980742951264,BOX,True,"cpi(ALL, 2026-04-10 12:30:00+00:00->2026-04-10 20:00:00+00:00)",53,partial,False,-0.0252946856245656,0.0028921986635713,0.0,0.004194744965337,0.0002853285700803,3.0,0.0043965047038567,-4.565074928875249,0.0,False,914061,2026-04-09 20:48:44+00:00,191,False,0.2591434717178345,sentence-transformers/all-mpnet-base-v2,confirmatory,True,False
2042392664943870443,BOX,True,"cpi(ALL, 2026-04-10 12:30:00+00:00->2026-04-10 20:00:00+00:00)",53,partial,False,-0.0252946856245656,0.0028921986635713,0.0,0.004194744965337,0.0002853285700803,3.0,0.0043965047038567,-4.565074928875249,0.0,False,914061,2026-04-10 00:02:11+00:00,192,False,0.2322670817375183,sentence-transformers/all-mpnet-base-v2,confirmatory,True,False
2042412534217441570,SHOP,True,"cpi(ALL, 2026-04-10 12:30:00+00:00->2026-04-10 20:00:00+00:00)",59,partial,False,-0.0030219401551095,0.0021592760276155,0.0,0.0021830597770019,0.0010972910583416,4468.0,0.0033168907278232,-0.0216749687383185,60.340196956132495,False,676573,2026-04-10 01:21:09+00:00,164,False,0.4525262117385864,sentence-transformers/all-mpnet-base-v2,exploratory_only,True,False
2042460500785602648,BOX,True,"cpi(ALL, 2026-04-10 12:30:00+00:00->2026-04-10 20:00:00+00:00)",53,partial,False,-0.0252946856245656,0.0028921986635713,0.0,0.004194744965337,0.0002853285700803,3.0,0.0043965047038567,-4.565074928875249,0.0,False,914061,2026-04-10 04:31:45+00:00,193,False,0.5537043213844299,sentence-transformers/all-mpnet-base-v2,confirmatory,True,False
2042469771275329594,BOX,True,"cpi(ALL, 2026-04-10 12:30:00+00:00->2026-04-10 20:00:00+00:00)",53,partial,False,-0.0252946856245656,0.0028921986635713,0.0,0.004194744965337,0.0002853285700803,3.0,0.0043965047038567,-4.565074928875249,0.0,False,914061,2026-04-10 05:08:35+00:00,194,False,0.3813507556915283,sentence-transformers/all-mpnet-base-v2,confirmatory,True,False
2042488444451242232,CRM,True,"cpi(ALL, 2026-04-10 12:30:00+00:00->2026-04-10 20:00:00+00:00)",60,complete,False,-0.0340955724252691,0.0020842129578753,0.0,0.0015879446050451,0.000617919264544,3112.0,0.0022651270721544,0.8031281452219872,82.58354755784062,False,22330739,2026-04-10 06:22:47+00:00,174,False,0.4632250070571899,sentence-transformers/all-mpnet-base-v2,confirmatory,True,False
2042704969443549595,HOOD,False,,60,complete,True,0.0209713774550068,0.0021282023816992,0.0,0.0024686517521656,0.0010353669234942,13891.0,0.0035687533395987,-0.3288200180448017,41.77525016197538,False,605700792,2026-04-10 20:43:10+00:00,255,False,0.5169116258621216,sentence-transformers/all-mpnet-base-v2,confirmatory,True,True
2042748720358510752,MSFT,False,,60,complete,True,0.0177355444259139,0.0012464383498995,0.0,0.0008174575401678,0.0003989604251514,14622.0,0.0012105221411381,1.075246522430794,91.22555054028176,True,20571756,2026-04-10 23:37:02+00:00,89,False,0.6019071340560913,sentence-transformers/all-mpnet-base-v2,null_baseline,True,False
2042759653281456218,BOX,False,,50,partial,True,0.0055026024425917,0.0020665643099908,0.0,0.004194744965337,0.0002853285700803,3.0,0.0043965047038567,-7.458701576034621,0.0,False,914061,2026-04-11 00:20:28+00:00,194,False,0.4987457990646362,sentence-transformers/all-mpnet-base-v2,confirmatory,True,True
2042798214718308530,SHOP,False,,58,partial,True,0.0371795515398241,0.0033468361457155,0.0,0.0021830597770019,0.0010972910583416,4468.0,0.0033168907278232,1.060590405678259,90.51029543419877,True,676573,2026-04-11 02:53:42+00:00,165,False,0.5952544212341309,sentence-transformers/all-mpnet-base-v2,exploratory_only,True,False
2043051227387433144,BOX,False,,50,partial,True,0.0055026024425917,0.0020665643099908,0.0,0.004194744965337,0.0002853285700803,3.0,0.0043965047038567,-7.458701576034621,0.0,False,914061,2026-04-11 19:39:05+00:00,194,False,0.4237170219421386,sentence-transformers/all-mpnet-base-v2,confirmatory,True,True
2043067264505630979,SHOP,False,,58,partial,True,0.0371795515398241,0.0033468361457155,0.0,0.0021830597770019,0.0010972910583416,4468.0,0.0033168907278232,1.060590405678259,90.51029543419877,True,676573,2026-04-11 20:42:48+00:00,166,False,0.6896063089370728,sentence-transformers/all-mpnet-base-v2,exploratory_only,True,False
2043097760937680953,SHOP,False,,58,partial,True,0.0371795515398241,0.0033468361457155,0.0,0.0021830597770019,0.0010972910583416,4468.0,0.0033168907278232,1.060590405678259,90.51029543419877,True,676573,2026-04-11 22:43:59+00:00,167,False,0.6906793713569641,sentence-transformers/all-mpnet-base-v2,exploratory_only,True,False
2043107157063725255,SHOP,False,,58,partial,True,0.0371795515398241,0.0033468361457155,0.0,0.0021830597770019,0.0010972910583416,4468.0,0.0033168907278232,1.060590405678259,90.51029543419877,True,676573,2026-04-11 23:21:19+00:00,168,False,0.5334094762802124,sentence-transformers/all-mpnet-base-v2,exploratory_only,True,False
2043117930842304920,SHOP,False,,58,partial,True,0.0371795515398241,0.0033468361457155,0.0,0.0021830597770019,0.0010972910583416,4468.0,0.0033168907278232,1.060590405678259,90.51029543419877,True,676573,2026-04-12 00:04:08+00:00,169,False,0.6342755556106567,sentence-transformers/all-mpnet-base-v2,exploratory_only,True,False
2043133889774825738,SHOP,False,,58,partial,True,0.0371795515398241,0.0033468361457155,0.0,0.0021830597770019,0.0010972910583416,4468.0,0.0033168907278232,1.060590405678259,90.51029543419877,True,676573,2026-04-12 01:07:33+00:00,170,False,0.4989653825759887,sentence-transformers/all-mpnet-base-v2,exploratory_only,True,False
2043158266725675260,SHOP,False,,58,partial,True,0.0371795515398241,0.0033468361457155,0.0,0.0021830597770019,0.0010972910583416,4468.0,0.0033168907278232,1.060590405678259,90.51029543419877,True,676573,2026-04-12 02:44:25+00:00,171,False,0.6414593458175659,sentence-transformers/all-mpnet-base-v2,exploratory_only,True,False
2043192337111924930,BOX,False,,50,partial,True,0.0055026024425917,0.0020665643099908,0.0,0.004194744965337,0.0002853285700803,3.0,0.0043965047038567,-7.458701576034621,0.0,False,914061,2026-04-12 04:59:48+00:00,194,False,0.3257834911346435,sentence-transformers/all-mpnet-base-v2,confirmatory,True,True
2043318118169354302,BOX,False,,50,partial,True,0.0055026024425917,0.0020665643099908,0.0,0.004194744965337,0.0002853285700803,3.0,0.0043965047038567,-7.458701576034621,0.0,False,914061,2026-04-12 13:19:37+00:00,195,False,0.4104300737380981,sentence-transformers/all-mpnet-base-v2,confirmatory,True,True
2043352615941988855,SHOP,False,,58,partial,True,0.0371795515398241,0.0033468361457155,0.0,0.0021830597770019,0.0010972910583416,4468.0,0.0033168907278232,1.060590405678259,90.51029543419877,True,676573,2026-04-12 15:36:41+00:00,172,False,0.4628117084503174,sentence-transformers/all-mpnet-base-v2,exploratory_only,True,False
2043426157367095397,BOX,False,,50,partial,True,0.0055026024425917,0.0020665643099908,0.0,0.004194744965337,0.0002853285700803,3.0,0.0043965047038567,-7.458701576034621,0.0,False,914061,2026-04-12 20:28:55+00:00,196,False,0.2201459407806396,sentence-transformers/all-mpnet-base-v2,confirmatory,True,True
2043883641366032638,BOX,False,,56,partial,True,0.0007417491858678,0.0015555892155831,0.0,0.004194744965337,0.0002853285700803,3.0,0.0043965047038567,-9.249532036033107,0.0,False,914061,2026-04-14 02:46:48+00:00,197,False,0.2869306206703186,sentence-transformers/all-mpnet-base-v2,confirmatory,True,True
2044090233478885398,MSFT,False,,60,complete,True,-0.0014691820124325,0.0003025711206493,2.0,0.0005469180339176,0.0002536873704358,10190.0,0.0007458176265516,-0.9631812291186098,4.268891069676154,False,20571756,2026-04-14 16:27:43+00:00,81,False,0.5114966034889221,sentence-transformers/all-mpnet-base-v2,null_baseline,True,False
2044116974331113806,MSFT,False,,60,complete,True,0.0020032914484953,0.0003647883013818,4.0,0.0004702143088476,0.0002382934904684,10669.0,0.0006810947374758,-0.4424208452296342,33.292717218108535,False,20571756,2026-04-14 18:13:59+00:00,82,False,0.6179208159446716,sentence-transformers/all-mpnet-base-v2,null_baseline,True,False
2044116976247996679,MSFT,False,,60,complete,True,0.0020032914484953,0.0003647883013818,4.0,0.0004702143088476,0.0002382934904684,10669.0,0.0006810947374758,-0.4424208452296342,33.292717218108535,False,20571756,2026-04-14 18:13:59+00:00,82,False,0.5751829147338867,sentence-transformers/all-mpnet-base-v2,null_baseline,True,False
2044199889006145875,QCOM,False,,45,partial,True,0.0007474412515235,0.0009177837700284,0.0,0.0017324859379107,0.0009055282058883,4816.0,0.0031227343684163,-0.8996982784020536,16.756644518272427,False,234930762,2026-04-14 23:43:27+00:00,65,False,0.3450630903244018,sentence-transformers/all-mpnet-base-v2,confirmatory,True,True
2044199891787030970,QCOM,False,,45,partial,True,0.0007474412515235,0.0009177837700284,0.0,0.0017324859379107,0.0009055282058883,4816.0,0.0031227343684163,-0.8996982784020536,16.756644518272427,False,234930762,2026-04-14 23:43:28+00:00,66,False,0.5392226576805115,sentence-transformers/all-mpnet-base-v2,confirmatory,True,True
2044199893817000037,QCOM,False,,45,partial,True,0.0007474412515235,0.0009177837700284,0.0,0.0017324859379107,0.0009055282058883,4816.0,0.0031227343684163,-0.8996982784020536,16.756644518272427,False,234930762,2026-04-14 23:43:28+00:00,66,False,0.5184441804885864,sentence-transformers/all-mpnet-base-v2,confirmatory,True,True
2044199895838666911,QCOM,False,,45,partial,True,0.0007474412515235,0.0009177837700284,0.0,0.0017324859379107,0.0009055282058883,4816.0,0.0031227343684163,-0.8996982784020536,16.756644518272427,False,234930762,2026-04-14 23:43:29+00:00,68,False,0.423957347869873,sentence-transformers/all-mpnet-base-v2,confirmatory,True,True
2044199898183283189,QCOM,False,,45,partial,True,0.0007474412515235,0.0009177837700284,0.0,0.0017324859379107,0.0009055282058883,4816.0,0.0031227343684163,-0.8996982784020536,16.756644518272427,False,234930762,2026-04-14 23:43:29+00:00,68,False,0.4008015394210815,sentence-transformers/all-mpnet-base-v2,confirmatory,True,True
2044199900121067796,QCOM,False,,45,partial,True,0.0007474412515235,0.0009177837700284,0.0,0.0017324859379107,0.0009055282058883,4816.0,0.0031227343684163,-0.8996982784020536,16.756644518272427,False,234930762,2026-04-14 23:43:30+00:00,70,False,0.5740479230880737,sentence-transformers/all-mpnet-base-v2,confirmatory,True,True
2044199902117539946,QCOM,False,,45,partial,True,0.0007474412515235,0.0009177837700284,0.0,0.0017324859379107,0.0009055282058883,4816.0,0.0031227343684163,-0.8996982784020536,16.756644518272427,False,234930762,2026-04-14 23:43:30+00:00,70,False,0.6862856149673462,sentence-transformers/all-mpnet-base-v2,confirmatory,True,True
2044199903879147601,QCOM,False,,45,partial,True,0.0007474412515235,0.0009177837700284,0.0,0.0017324859379107,0.0009055282058883,4816.0,0.0031227343684163,-0.8996982784020536,16.756644518272427,False,234930762,2026-04-14 23:43:31+00:00,72,False,0.5791743397712708,sentence-transformers/all-mpnet-base-v2,confirmatory,True,True
2044225408972009842,BOX,False,,56,partial,True,0.0411022987682705,0.0024442785610641,0.0,0.004194744965337,0.0002853285700803,3.0,0.0043965047038567,-6.134914578585236,0.0,False,914061,2026-04-15 01:24:52+00:00,196,False,0.193629503250122,sentence-transformers/all-mpnet-base-v2,confirmatory,True,True
2044446135906119717,SHOP,False,,50,partial,True,0.007324794869662,0.000838255475699,2.0,0.0014747561151007,0.0006296761045464,2272.0,0.0025959379889743,-1.0108381671243578,8.934859154929578,False,676573,2026-04-15 16:01:57+00:00,173,False,0.4712400436401367,sentence-transformers/all-mpnet-base-v2,exploratory_only,True,False
2044459356557873387,SHOP,False,,47,partial,True,0.0073867922979988,0.0008881785661397,3.0,0.0014734619751447,0.0011711801518062,1872.0,0.0023870645160023,-0.499738155656331,26.282051282051285,False,676573,2026-04-15 16:54:29+00:00,174,False,0.614123523235321,sentence-transformers/all-mpnet-base-v2,exploratory_only,True,False
2044548316084535628,SHOP,False,,54,partial,True,-0.005470328713817,0.0021841404539761,0.0,0.0021830597770019,0.0010972910583416,4468.0,0.0033168907278232,0.0009848589998133,61.54879140555059,False,676573,2026-04-15 22:47:59+00:00,175,False,0.4740815758705139,sentence-transformers/all-mpnet-base-v2,exploratory_only,True,False
2044550039058403765,SHOP,False,,54,partial,True,-0.005470328713817,0.0021841404539761,0.0,0.0021830597770019,0.0010972910583416,4468.0,0.0033168907278232,0.0009848589998133,61.54879140555059,False,676573,2026-04-15 22:54:49+00:00,176,False,0.5071979761123657,sentence-transformers/all-mpnet-base-v2,exploratory_only,True,False
2044621545348481285,BOX,False,,54,partial,True,0.0023949979078198,0.0020796246032579,0.0,0.004194744965337,0.0002853285700803,3.0,0.0043965047038567,-7.412928756077107,0.0,False,914061,2026-04-16 03:38:58+00:00,196,False,0.3062673807144165,sentence-transformers/all-mpnet-base-v2,confirmatory,True,True
2044767391293509761,MSFT,False,,60,complete,True,0.0099269188604406,0.0012538925469029,0.0,0.0008174575401678,0.0003989604251514,14622.0,0.0012105221411381,1.0939305736136395,91.5127889481603,True,20571756,2026-04-16 13:18:30+00:00,84,False,0.5081441402435303,sentence-transformers/all-mpnet-base-v2,null_baseline,True,False
2044814755072987637,QCOM,False,,46,partial,True,-0.004095772701771,0.0006659837561741,2.0,0.001322062776426,0.0006958446398886,1733.0,0.002085494805309,-0.9428527326973049,14.25274091171379,False,234930762,2026-04-16 16:26:43+00:00,73,False,0.4352109432220459,sentence-transformers/all-mpnet-base-v2,confirmatory,True,True
2044855448722100720,BOX,False,,45,partial,True,-0.0002320130554083,0.0005990148898592,5.0,0.0011560845445843,0.0002470170345756,55.0,0.001531028419464,-2.2551872006801545,0.0,False,914061,2026-04-16 19:08:25+00:00,196,False,0.2558626532554626,sentence-transformers/all-mpnet-base-v2,confirmatory,True,True
2044919594867978721,SHOP,False,,58,partial,True,0.0300260093938291,0.0019996806461622,0.0,0.0021830597770019,0.0010972910583416,4468.0,0.0033168907278232,-0.1671198625429282,54.162936436884515,False,676573,2026-04-16 23:23:18+00:00,177,False,0.4724618196487427,sentence-transformers/all-mpnet-base-v2,exploratory_only,True,False
2044923459399197175,HOOD,False,,4,insufficient,False,0.0321891760684247,0.0136069110393873,,,,,,,,False,605700792,2026-04-16 23:38:40+00:00,253,False,0.585145115852356,sentence-transformers/all-mpnet-base-v2,confirmatory,True,False
2044925534724079661,HOOD,False,,4,insufficient,False,0.0321891760684247,0.0136069110393873,,,,,,,,False,605700792,2026-04-16 23:46:55+00:00,254,False,0.5316359996795654,sentence-transformers/all-mpnet-base-v2,confirmatory,True,False
2044970372987318726,HOOD,False,,4,insufficient,False,0.0321891760684247,0.0136069110393873,,,,,,,,False,605700792,2026-04-17 02:45:05+00:00,255,False,0.6623576879501343,sentence-transformers/all-mpnet-base-v2,confirmatory,True,False
2044981547267395620,CRM,False,,60,complete,True,0.0167827793731896,0.0014518697308151,0.0,0.0015879446050451,0.000617919264544,3112.0,0.0022651270721544,-0.2202146494500484,46.27249357326478,False,22330739,2026-04-17 03:29:29+00:00,129,False,0.5054388046264648,sentence-transformers/all-mpnet-base-v2,confirmatory,True,True
2045137708620906573,BOX,False,,51,partial,True,-0.0062203962982009,0.0010444865905188,0.0,0.004194744965337,0.0002853285700803,3.0,0.0043965047038567,-11.040809456728644,0.0,False,914061,2026-04-17 13:50:01+00:00,196,False,0.2634539604187011,sentence-transformers/all-mpnet-base-v2,confirmatory,True,True
2045355693050655048,BOX,False,,47,partial,True,0.0067726100516808,0.0026506646653253,0.0,0.004194744965337,0.0002853285700803,3.0,0.0043965047038567,-5.411586717645421,0.0,False,914061,2026-04-18 04:16:12+00:00,195,False,0.4781537055969238,sentence-transformers/all-mpnet-base-v2,confirmatory,True,True
2045616837787070695,BOX,False,,47,partial,True,0.0067726100516808,0.0026506646653253,0.0,0.004194744965337,0.0002853285700803,3.0,0.0043965047038567,-5.411586717645421,0.0,False,914061,2026-04-18 21:33:54+00:00,196,False,0.2262799739837646,sentence-transformers/all-mpnet-base-v2,confirmatory,True,True
2045632406372397293,HOOD,False,,26,insufficient,False,0.0135967327438486,0.0049083306888946,,,,,,,,False,605700792,2026-04-18 22:35:46+00:00,256,False,0.6629430055618286,sentence-transformers/all-mpnet-base-v2,confirmatory,True,False
2045680043607941548,BOX,False,,47,partial,True,0.0067726100516808,0.0026506646653253,0.0,0.004194744965337,0.0002853285700803,3.0,0.0043965047038567,-5.411586717645421,0.0,False,914061,2026-04-19 01:45:03+00:00,196,False,0.2578597664833069,sentence-transformers/all-mpnet-base-v2,confirmatory,True,True
2045965514686730330,HOOD,False,,26,insufficient,False,0.0135967327438486,0.0049083306888946,,,,,,,,False,605700792,2026-04-19 20:39:25+00:00,257,False,0.5055642127990723,sentence-transformers/all-mpnet-base-v2,confirmatory,True,False
2045994527689978184,MSFT,False,,3,insufficient,False,-0.002132031221086,0.0012972030999383,,,,,,,,False,20571756,2026-04-19 22:34:42+00:00,84,False,0.596558153629303,sentence-transformers/all-mpnet-base-v2,null_baseline,True,False
2046047262732616170,SHOP,False,,57,partial,True,0.0095044068915827,0.0023355691436122,0.0,0.0021830597770019,0.0010972910583416,4468.0,0.0033168907278232,0.1389871588316744,68.01700984780662,False,676573,2026-04-20 02:04:15+00:00,178,False,0.65286785364151,sentence-transformers/all-mpnet-base-v2,exploratory_only,True,False
2046067263326028108,BOX,False,,47,partial,True,0.0067726100516808,0.0026506646653253,0.0,0.004194744965337,0.0002853285700803,3.0,0.0043965047038567,-5.411586717645421,0.0,False,914061,2026-04-20 03:23:44+00:00,196,False,0.239674687385559,sentence-transformers/all-mpnet-base-v2,confirmatory,True,True
2046077126944948428,CRM,False,,60,complete,True,0.0251077364976944,0.002062564020581,0.0,0.0015879446050451,0.000617919264544,3112.0,0.0022651270721544,0.7680929253534424,81.74807197943444,False,22330739,2026-04-20 04:02:55+00:00,123,False,0.5302899479866028,sentence-transformers/all-mpnet-base-v2,confirmatory,True,True
2046301753273151996,HOOD,False,,57,partial,True,0.0065728590236858,0.000672497793913,5.0,0.0012864632027318,0.0005528423224853,6233.0,0.0019156052701326,-1.110561517900284,2.101716669340606,False,605700792,2026-04-20 18:55:31+00:00,258,False,0.6294300556182861,sentence-transformers/all-mpnet-base-v2,confirmatory,True,True
2046327072898052197,HOOD,False,,60,complete,True,-0.0170745227438463,0.0020692417341104,0.0,0.0024686517521656,0.0010353669234942,13891.0,0.0035687533395987,-0.3857666388522401,38.18299618457994,False,605700792,2026-04-20 20:36:07+00:00,259,False,0.6035075187683105,sentence-transformers/all-mpnet-base-v2,confirmatory,True,True
2046327074953244727,HOOD,False,,60,complete,True,-0.0170745227438463,0.0020692417341104,0.0,0.0024686517521656,0.0010353669234942,13891.0,0.0035687533395987,-0.3857666388522401,38.18299618457994,False,605700792,2026-04-20 20:36:08+00:00,260,False,0.6781871318817139,sentence-transformers/all-mpnet-base-v2,confirmatory,True,True
2046372861829640492,MSFT,False,,60,complete,True,0.0141824664636187,0.0011413428956288,0.0,0.0008174575401678,0.0003989604251514,14622.0,0.0012105221411381,0.8118232662751176,87.06059362604294,False,20571756,2026-04-20 23:38:04+00:00,85,False,0.3205246329307556,sentence-transformers/all-mpnet-base-v2,null_baseline,True,False
2046372864857890884,MSFT,False,,60,complete,True,0.0141824664636187,0.0011413428956288,0.0,0.0008174575401678,0.0003989604251514,14622.0,0.0012105221411381,0.8118232662751176,87.06059362604294,False,20571756,2026-04-20 23:38:05+00:00,86,False,0.5779904723167419,sentence-transformers/all-mpnet-base-v2,null_baseline,True,False
2046376034099171359,QCOM,False,,46,partial,True,-0.0029359870139034,0.0018677789404996,0.0,0.0017324859379107,0.0009055282058883,4816.0,0.0031227343684163,0.1494078281704697,66.77740863787376,False,234930762,2026-04-20 23:50:41+00:00,71,False,0.4754723906517029,sentence-transformers/all-mpnet-base-v2,confirmatory,True,True
2046397816755634340,BOX,False,,48,partial,True,0.0265879921631966,0.0019629769521656,0.0,0.004194744965337,0.0002853285700803,3.0,0.0043965047038567,-7.821747442055267,0.0,False,914061,2026-04-21 01:17:14+00:00,195,False,0.2859848141670227,sentence-transformers/all-mpnet-base-v2,confirmatory,True,True
2046595385943281813,QCOM,False,,42,partial,True,-0.0020030502954669,0.0008788914291831,0.0,0.0017324859379107,0.0009055282058883,4816.0,0.0031227343684163,-0.9426481728309524,12.956810631229237,False,234930762,2026-04-21 14:22:18+00:00,72,False,0.5137089490890503,sentence-transformers/all-mpnet-base-v2,confirmatory,True,True
2046703249223495820,HOOD,False,,60,complete,True,0.0280046939954896,0.0021321310857679,0.0,0.0024686517521656,0.0010353669234942,13891.0,0.0035687533395987,-0.3250255139134042,42.00561514649773,False,605700792,2026-04-21 21:30:55+00:00,258,False,0.8109668493270874,sentence-transformers/all-mpnet-base-v2,confirmatory,True,True
2046730273862390231,HOOD,False,,60,complete,True,0.0280046939954896,0.0021321310857679,0.0,0.0024686517521656,0.0010353669234942,13891.0,0.0035687533395987,-0.3250255139134042,42.00561514649773,False,605700792,2026-04-21 23:18:18+00:00,259,False,0.8053220510482788,sentence-transformers/all-mpnet-base-v2,confirmatory,True,True
2046773191402496111,SHOP,False,,43,partial,True,0.0033852142266757,0.0022247374334622,0.0,0.0021830597770019,0.0010972910583416,4468.0,0.0033168907278232,0.0379823166729263,63.00358102059087,False,676573,2026-04-22 02:08:50+00:00,179,False,0.5109736323356628,sentence-transformers/all-mpnet-base-v2,exploratory_only,True,False
2046805326784319663,BOX,False,,51,partial,True,-0.0025976694657559,0.0018220948307749,0.0,0.004194744965337,0.0002853285700803,3.0,0.0043965047038567,-8.31550143714571,0.0,False,914061,2026-04-22 04:16:32+00:00,192,False,0.2941266298294067,sentence-transformers/all-mpnet-base-v2,confirmatory,True,True
2046951776780439823,HOOD,False,,60,complete,True,-0.0091104117245834,0.0016466226686245,0.0,0.0024686517521656,0.0010353669234942,13891.0,0.0035687533395987,-0.7939495312123888,15.729609099416887,False,605700792,2026-04-22 13:58:28+00:00,258,False,0.3916224837303161,sentence-transformers/all-mpnet-base-v2,confirmatory,True,True
2046999495393874233,CRM,False,,59,partial,True,-0.0062912386304927,0.0008684079206077,3.0,0.000908550209073,0.0005165549041987,1167.0,0.0014491224011171,-0.0777115620025583,60.06855184233076,False,22330739,2026-04-22 17:08:05+00:00,121,False,0.6395159363746643,sentence-transformers/all-mpnet-base-v2,confirmatory,True,True
2047028112626749645,BOX,False,,51,partial,True,0.0076786270526911,0.0006730489608596,5.0,0.0011560845445843,0.0002470170345756,55.0,0.001531028419464,-1.9554747896412843,0.0,False,914061,2026-04-22 19:01:48+00:00,193,False,0.3788923025131225,sentence-transformers/all-mpnet-base-v2,confirmatory,True,True
2047033636923568440,MSFT,False,,42,partial,True,-0.0147287787381231,0.0017284867122277,5.0,0.000494370972611,0.0002392654254598,7142.0,0.0007939814404011,5.157935950188562,99.8319798375805,True,20571756,2026-04-22 19:23:45+00:00,82,False,0.5801538228988647,sentence-transformers/all-mpnet-base-v2,null_baseline,True,False
2047105085172511013,MSFT,False,,60,complete,True,-0.0312780412052479,0.0010877135082037,0.0,0.0008174575401678,0.0003989604251514,14622.0,0.0012105221411381,0.6774004412425038,84.5643550813842,False,20571756,2026-04-23 00:07:40+00:00,83,False,0.4146630764007568,sentence-transformers/all-mpnet-base-v2,null_baseline,True,False
2047118960941023552,MSFT,False,,60,complete,True,-0.0312780412052479,0.0010877135082037,0.0,0.0008174575401678,0.0003989604251514,14622.0,0.0012105221411381,0.6774004412425038,84.5643550813842,False,20571756,2026-04-23 01:02:48+00:00,84,False,0.4802337884902954,sentence-transformers/all-mpnet-base-v2,null_baseline,True,False
2047133338150842676,SHOP,False,,54,partial,True,-0.0589437534939747,0.0026796366429921,0.0,0.0021830597770019,0.0010972910583416,4468.0,0.0033168907278232,0.4525479928185476,79.09579230080574,False,676573,2026-04-23 01:59:56+00:00,180,False,0.4609012603759765,sentence-transformers/all-mpnet-base-v2,exploratory_only,True,False
2047159807208214766,MSFT,False,,60,complete,True,-0.0312780412052479,0.0010877135082037,0.0,0.0008174575401678,0.0003989604251514,14622.0,0.0012105221411381,0.6774004412425038,84.5643550813842,False,20571756,2026-04-23 03:45:07+00:00,85,False,0.4370491504669189,sentence-transformers/all-mpnet-base-v2,null_baseline,True,False
2047160006488014873,MSFT,False,,60,complete,True,-0.0312780412052479,0.0010877135082037,0.0,0.0008174575401678,0.0003989604251514,14622.0,0.0012105221411381,0.6774004412425038,84.5643550813842,False,20571756,2026-04-23 03:45:54+00:00,86,False,0.769944429397583,sentence-transformers/all-mpnet-base-v2,null_baseline,True,False
2047299355887988847,SHOP,False,,54,partial,True,-0.0589437534939747,0.0026796366429921,0.0,0.0021830597770019,0.0010972910583416,4468.0,0.0033168907278232,0.4525479928185476,79.09579230080574,False,676573,2026-04-23 12:59:38+00:00,181,False,0.6850036978721619,sentence-transformers/all-mpnet-base-v2,exploratory_only,True,False
2047353327730754011,HOOD,False,,59,partial,True,-0.0157957466176235,0.0014716152124137,3.0,0.0015068207603171,0.000909155016159,8915.0,0.0022131931570161,-0.0387233720077404,61.97420078519349,False,605700792,2026-04-23 16:34:05+00:00,258,False,0.5760418772697449,sentence-transformers/all-mpnet-base-v2,confirmatory,True,True
2047353329383309382,HOOD,False,,59,partial,True,-0.0157957466176235,0.0014716152124137,3.0,0.0015068207603171,0.000909155016159,8915.0,0.0022131931570161,-0.0387233720077404,61.97420078519349,False,605700792,2026-04-23 16:34:06+00:00,259,False,0.6579160690307617,sentence-transformers/all-mpnet-base-v2,confirmatory,True,True
2047353331404964341,HOOD,False,,59,partial,True,-0.0157957466176235,0.0014716152124137,3.0,0.0015068207603171,0.000909155016159,8915.0,0.0022131931570161,-0.0387233720077404,61.97420078519349,False,605700792,2026-04-23 16:34:06+00:00,259,False,0.6775879859924316,sentence-transformers/all-mpnet-base-v2,confirmatory,True,True
2047353333468610723,HOOD,False,,59,partial,True,-0.0157957466176235,0.0014716152124137,3.0,0.0015068207603171,0.000909155016159,8915.0,0.0022131931570161,-0.0387233720077404,61.97420078519349,False,605700792,2026-04-23 16:34:07+00:00,261,False,0.645862340927124,sentence-transformers/all-mpnet-base-v2,confirmatory,True,True
2047353335536357724,HOOD,False,,59,partial,True,-0.0157957466176235,0.0014716152124137,3.0,0.0015068207603171,0.000909155016159,8915.0,0.0022131931570161,-0.0387233720077404,61.97420078519349,False,605700792,2026-04-23 16:34:07+00:00,261,False,0.5271615386009216,sentence-transformers/all-mpnet-base-v2,confirmatory,True,True
2047387742951313910,BOX,False,,56,partial,True,0.0065620110471505,0.0008678814608631,5.0,0.0011560845445843,0.0002470170345756,55.0,0.001531028419464,-1.166733639306594,12.727272727272728,False,914061,2026-04-23 18:50:51+00:00,193,False,0.5932774543762207,sentence-transformers/all-mpnet-base-v2,confirmatory,True,True
2047428766390157688,BOX,False,,43,partial,True,0.0026554700027972,0.0015766206758953,0.0,0.004194744965337,0.0002853285700803,3.0,0.0043965047038567,-9.1758224166063,0.0,False,914061,2026-04-23 21:33:51+00:00,194,False,0.7583204507827759,sentence-transformers/all-mpnet-base-v2,confirmatory,True,True
2047461630578160039,HOOD,False,,2,insufficient,False,0.0169643941776831,0.0,,,,,,,,False,605700792,2026-04-23 23:44:27+00:00,263,False,0.6293660402297974,sentence-transformers/all-mpnet-base-v2,confirmatory,True,False
2047461655026762103,HOOD,False,,2,insufficient,False,0.0169643941776831,0.0,,,,,,,,False,605700792,2026-04-23 23:44:33+00:00,264,False,0.7856369018554688,sentence-transformers/all-mpnet-base-v2,confirmatory,True,False
2047490547808395363,SHOP,False,,46,partial,True,-0.020336379991815,0.0019822454444061,0.0,0.0021830597770019,0.0010972910583416,4468.0,0.0033168907278232,-0.1830091761608504,53.53625783348255,False,676573,2026-04-24 01:39:21+00:00,182,False,0.5476667284965515,sentence-transformers/all-mpnet-base-v2,exploratory_only,True,False
2047504081493868930,HOOD,False,,2,insufficient,False,0.0169643941776831,0.0,,,,,,,,False,605700792,2026-04-24 02:33:08+00:00,265,False,0.5669053792953491,sentence-transformers/all-mpnet-base-v2,confirmatory,True,False
2047540230694350958,BOX,False,,43,partial,True,0.0026554700027972,0.0015766206758953,0.0,0.004194744965337,0.0002853285700803,3.0,0.0043965047038567,-9.1758224166063,0.0,False,914061,2026-04-24 04:56:47+00:00,195,False,0.2223021388053894,sentence-transformers/all-mpnet-base-v2,confirmatory,True,True
2047740014126325970,HOOD,False,,55,partial,True,-0.0012964341131821,0.0006222775254572,4.0,0.0013431431635813,0.0006582170574046,9575.0,0.0020093680065816,-1.0951792118035115,0.4699738903394256,False,605700792,2026-04-24 18:10:39+00:00,266,False,0.795346736907959,sentence-transformers/all-mpnet-base-v2,confirmatory,True,True
2047743651053556126,MSFT,False,,60,complete,True,0.0030217373190555,0.0003174301581144,4.0,0.0004702143088476,0.0002382934904684,10669.0,0.0006810947374758,-0.6411595651765537,17.180616740088105,False,20571756,2026-04-24 18:25:06+00:00,87,False,0.470023512840271,sentence-transformers/all-mpnet-base-v2,null_baseline,True,False
2047743653045837988,MSFT,False,,60,complete,True,0.0030217373190555,0.0003174301581144,4.0,0.0004702143088476,0.0002382934904684,10669.0,0.0006810947374758,-0.6411595651765537,17.180616740088105,False,20571756,2026-04-24 18:25:06+00:00,87,False,0.5310109853744507,sentence-transformers/all-mpnet-base-v2,null_baseline,True,False
2047743655587504507,MSFT,False,,60,complete,True,0.0030217373190555,0.0003174301581144,4.0,0.0004702143088476,0.0002382934904684,10669.0,0.0006810947374758,-0.6411595651765537,17.180616740088105,False,20571756,2026-04-24 18:25:07+00:00,89,False,0.5877790451049805,sentence-transformers/all-mpnet-base-v2,null_baseline,True,False
2047743658527789565,MSFT,False,,60,complete,True,0.0030217373190555,0.0003174301581144,4.0,0.0004702143088476,0.0002382934904684,10669.0,0.0006810947374758,-0.6411595651765537,17.180616740088105,False,20571756,2026-04-24 18:25:08+00:00,90,False,0.3873653411865234,sentence-transformers/all-mpnet-base-v2,null_baseline,True,False
2047747142308274645,BOX,False,,46,partial,True,0.0057859252078371,0.0007040449044036,5.0,0.0011560845445843,0.0002470170345756,55.0,0.001531028419464,-1.8299937935744504,0.0,False,914061,2026-04-24 18:38:58+00:00,196,False,0.3387216329574585,sentence-transformers/all-mpnet-base-v2,confirmatory,True,True
2047852518651359260,CRM,False,,60,complete,True,0.0336435746986615,0.0024493703965794,0.0,0.0015879446050451,0.000617919264544,3112.0,0.0022651270721544,1.3940749883724657,93.54113110539843,True,22330739,2026-04-25 01:37:42+00:00,122,False,0.3156082034111023,sentence-transformers/all-mpnet-base-v2,confirmatory,True,True
2048094614054142251,SHOP,False,,47,partial,True,-0.0031423796921591,0.0035972063877725,0.0,0.0021830597770019,0.0010972910583416,4468.0,0.0033168907278232,1.2887616280295715,93.7332139659803,True,676573,2026-04-25 17:39:42+00:00,183,False,0.6684486865997314,sentence-transformers/all-mpnet-base-v2,exploratory_only,True,False
2048194324391936364,MSFT,False,,60,complete,True,0.0011586425097706,0.0012508340192619,0.0,0.0008174575401678,0.0003989604251514,14622.0,0.0012105221411381,1.0862643304271646,91.36233073450964,True,20571756,2026-04-26 00:15:55+00:00,89,False,0.5766649842262268,sentence-transformers/all-mpnet-base-v2,null_baseline,True,False
2048194326946308453,MSFT,False,,60,complete,True,0.0011586425097706,0.0012508340192619,0.0,0.0008174575401678,0.0003989604251514,14622.0,0.0012105221411381,1.0862643304271646,91.36233073450964,True,20571756,2026-04-26 00:15:55+00:00,89,False,0.5758707523345947,sentence-transformers/all-mpnet-base-v2,null_baseline,True,False
2048198394091393284,SHOP,False,,47,partial,True,-0.0031423796921591,0.0035972063877725,0.0,0.0021830597770019,0.0010972910583416,4468.0,0.0033168907278232,1.2887616280295715,93.7332139659803,True,676573,2026-04-26 00:32:05+00:00,184,False,0.4867727756500244,sentence-transformers/all-mpnet-base-v2,exploratory_only,True,False
2048223146063609965,BOX,False,,49,partial,True,0.0121413192264641,0.0030174995942345,0.0,0.004194744965337,0.0002853285700803,3.0,0.0043965047038567,-4.125928822237889,0.0,False,914061,2026-04-26 02:10:26+00:00,195,False,0.2817380428314209,sentence-transformers/all-mpnet-base-v2,confirmatory,True,True
2048503798143017382,SHOP,False,,47,partial,True,-0.0031423796921591,0.0035972063877725,0.0,0.0021830597770019,0.0010972910583416,4468.0,0.0033168907278232,1.2887616280295715,93.7332139659803,True,676573,2026-04-26 20:45:39+00:00,185,False,0.5284359455108643,sentence-transformers/all-mpnet-base-v2,exploratory_only,True,False
2048537503972684252,BOX,False,,49,partial,True,0.0121413192264641,0.0030174995942345,0.0,0.004194744965337,0.0002853285700803,3.0,0.0043965047038567,-4.125928822237889,0.0,False,914061,2026-04-26 22:59:35+00:00,195,False,0.297274112701416,sentence-transformers/all-mpnet-base-v2,confirmatory,True,True
2048576989930619185,BOX,False,,49,partial,True,0.0121413192264641,0.0030174995942345,0.0,0.004194744965337,0.0002853285700803,3.0,0.0043965047038567,-4.125928822237889,0.0,False,914061,2026-04-27 01:36:29+00:00,196,False,0.3317103385925293,sentence-transformers/all-mpnet-base-v2,confirmatory,True,True
2048582660684124263,HOOD,False,,60,complete,True,-0.0025128251603865,0.0023254950309506,0.0,0.0024686517521656,0.0010353669234942,13891.0,0.0035687533395987,-0.13826665500561,53.09912893240227,False,605700792,2026-04-27 01:59:01+00:00,263,False,0.4452947378158569,sentence-transformers/all-mpnet-base-v2,confirmatory,True,True
2048584630178332674,HOOD,False,,60,complete,True,-0.0025128251603865,0.0023254950309506,0.0,0.0024686517521656,0.0010353669234942,13891.0,0.0035687533395987,-0.13826665500561,53.09912893240227,False,605700792,2026-04-27 02:06:51+00:00,264,False,0.7714272141456604,sentence-transformers/all-mpnet-base-v2,confirmatory,True,True
2048729178661421061,SHOP,False,,47,partial,True,-0.0031423796921591,0.0035972063877725,0.0,0.0021830597770019,0.0010972910583416,4468.0,0.0033168907278232,1.2887616280295715,93.7332139659803,True,676573,2026-04-27 11:41:14+00:00,186,False,0.6025660634040833,sentence-transformers/all-mpnet-base-v2,exploratory_only,True,False
2048829906478682304,MSFT,False,,60,complete,True,-0.0029973490536492,0.0004297346479123,4.0,0.0004702143088476,0.0002382934904684,10669.0,0.0006810947374758,-0.1698731293739855,53.82884993907583,False,20571756,2026-04-27 18:21:29+00:00,85,False,0.3711128234863281,sentence-transformers/all-mpnet-base-v2,null_baseline,True,False
2048882283164389661,MSFT,False,,2,insufficient,False,-0.0066954524197727,0.0,,,,,,,,False,20571756,2026-04-27 21:49:37+00:00,86,False,0.5920563340187073,sentence-transformers/all-mpnet-base-v2,null_baseline,True,False
2048882284548534346,MSFT,False,,2,insufficient,False,-0.0066954524197727,0.0,,,,,,,,False,20571756,2026-04-27 21:49:37+00:00,86,False,0.5156315565109253,sentence-transformers/all-mpnet-base-v2,null_baseline,True,False
2048950940661932319,BOX,False,,57,partial,True,0.0258802218826705,0.0023748729142214,0.0,0.004194744965337,0.0002853285700803,3.0,0.0043965047038567,-6.378162728684838,0.0,False,914061,2026-04-28 02:22:26+00:00,196,False,0.9248234629631042,sentence-transformers/all-mpnet-base-v2,confirmatory,True,True
2048966332876828859,MSFT,False,,2,insufficient,False,-0.0066954524197727,0.0,,,,,,,,False,20571756,2026-04-28 03:23:36+00:00,83,False,0.357751727104187,sentence-transformers/all-mpnet-base-v2,null_baseline,True,False
2049163935182733396,BOX,False,,35,partial,True,0.0019634310168689,0.0004163996019409,2.0,,,,,,,False,914061,2026-04-28 16:28:48+00:00,196,False,0.3306556940078735,sentence-transformers/all-mpnet-base-v2,confirmatory,True,True
2049223735912337474,HOOD,True,"earnings(HOOD, 2026-04-28 20:00:00+00:00->2026-04-29 20:00:00+00:00)",60,complete,False,-0.1355299589458393,0.0040832332941116,0.0,0.0024686517521656,0.0010353669234942,13891.0,0.0035687533395987,1.5594293243375383,94.3992513138003,True,605700792,2026-04-28 20:26:26+00:00,264,False,0.6818272471427917,sentence-transformers/all-mpnet-base-v2,confirmatory,True,False
2049228409172333016,HOOD,True,"earnings(HOOD, 2026-04-28 20:00:00+00:00->2026-04-29 20:00:00+00:00)",60,complete,False,-0.1355299589458393,0.0040832332941116,0.0,0.0024686517521656,0.0010353669234942,13891.0,0.0035687533395987,1.5594293243375383,94.3992513138003,True,605700792,2026-04-28 20:45:00+00:00,265,False,0.629081666469574,sentence-transformers/all-mpnet-base-v2,confirmatory,True,False
2049333853777764495,BOX,False,,47,partial,True,-0.0056327888559823,0.0021124192641477,0.0,0.004194744965337,0.0002853285700803,3.0,0.0043965047038567,-7.297992278175127,0.0,False,914061,2026-04-29 03:44:00+00:00,196,False,0.34231036901474,sentence-transformers/all-mpnet-base-v2,confirmatory,True,True
2049610712646140247,QCOM,True,"earnings(QCOM, 2026-04-29 20:00:00+00:00->2026-04-30 20:00:00+00:00)",60,complete,False,0.1323199148312364,0.0047429733247974,0.0,0.0017324859379107,0.0009055282058883,4816.0,0.0031227343684163,3.3245650078158833,99.66777408637874,True,234930762,2026-04-29 22:04:08+00:00,70,False,0.4066610932350158,sentence-transformers/all-mpnet-base-v2,confirmatory,True,False
2049622812680409373,MSFT,True,"earnings(MSFT, 2026-04-29 20:00:00+00:00->2026-04-30 20:00:00+00:00)",60,complete,False,-0.055329419273149,0.0024418362272723,0.0,0.0008174575401678,0.0003989604251514,14622.0,0.0012105221411381,4.071528363966762,99.58282040760496,True,20571756,2026-04-29 22:52:13+00:00,82,False,0.3417948484420776,sentence-transformers/all-mpnet-base-v2,null_baseline,True,False
2049622814790152567,MSFT,True,"earnings(MSFT, 2026-04-29 20:00:00+00:00->2026-04-30 20:00:00+00:00)",60,complete,False,-0.055329419273149,0.0024418362272723,0.0,0.0008174575401678,0.0003989604251514,14622.0,0.0012105221411381,4.071528363966762,99.58282040760496,True,20571756,2026-04-29 22:52:13+00:00,82,False,0.3077292442321777,sentence-transformers/all-mpnet-base-v2,null_baseline,True,False
2049622816207814788,MSFT,True,"earnings(MSFT, 2026-04-29 20:00:00+00:00->2026-04-30 20:00:00+00:00)",60,complete,False,-0.055329419273149,0.0024418362272723,0.0,0.0008174575401678,0.0003989604251514,14622.0,0.0012105221411381,4.071528363966762,99.58282040760496,True,20571756,2026-04-29 22:52:14+00:00,84,False,0.3102256059646606,sentence-transformers/all-mpnet-base-v2,null_baseline,True,False
2049622817659142284,MSFT,True,"earnings(MSFT, 2026-04-29 20:00:00+00:00->2026-04-30 20:00:00+00:00)",60,complete,False,-0.055329419273149,0.0024418362272723,0.0,0.0008174575401678,0.0003989604251514,14622.0,0.0012105221411381,4.071528363966762,99.58282040760496,True,20571756,2026-04-29 22:52:14+00:00,84,False,0.5689813494682312,sentence-transformers/all-mpnet-base-v2,null_baseline,True,False
2049685958602162410,SHOP,False,,53,partial,True,-0.0130876461484993,0.0025558149697268,0.0,0.0021830597770019,0.0010972910583416,4468.0,0.0033168907278232,0.3397049396249514,76.45478961504028,False,676573,2026-04-30 03:03:08+00:00,187,False,0.8028143644332886,sentence-transformers/all-mpnet-base-v2,exploratory_only,True,False
2049714403050918067,BOX,False,,44,partial,True,-0.0292293376640676,0.0023060576747142,0.0,0.004194744965337,0.0002853285700803,3.0,0.0043965047038567,-6.619341659654891,0.0,False,914061,2026-04-30 04:56:10+00:00,197,False,0.3393797278404236,sentence-transformers/all-mpnet-base-v2,confirmatory,True,True
2049817934604763199,SHOP,False,,53,partial,True,-0.0130876461484993,0.0025558149697268,0.0,0.0021830597770019,0.0010972910583416,4468.0,0.0033168907278232,0.3397049396249514,76.45478961504028,False,676573,2026-04-30 11:47:34+00:00,188,False,0.6308145523071289,sentence-transformers/all-mpnet-base-v2,exploratory_only,True,False
2049924686331429219,SHOP,False,,53,partial,True,-0.0054621349860329,0.0007444391818765,5.0,0.0011814904504143,0.0005788969127489,2397.0,0.0019690548868291,-0.7549725329547327,17.39674593241552,False,676573,2026-04-30 18:51:45+00:00,189,False,0.7049603462219238,sentence-transformers/all-mpnet-base-v2,exploratory_only,True,False
2049928302538723382,SHOP,False,,49,partial,True,-0.0042490992465958,0.0007332202897434,5.0,0.0011814904504143,0.0005788969127489,2397.0,0.0019690548868291,-0.7743523083275473,16.14518147684606,False,676573,2026-04-30 19:06:07+00:00,190,False,0.4309725761413574,sentence-transformers/all-mpnet-base-v2,exploratory_only,True,False
2050051426446152159,BOX,False,,49,partial,True,0.0060295352416357,0.0022042809690877,0.0,0.004194744965337,0.0002853285700803,3.0,0.0043965047038567,-6.976041676053166,0.0,False,914061,2026-05-01 03:15:22+00:00,195,False,0.401518702507019,sentence-transformers/all-mpnet-base-v2,confirmatory,True,True
2050240083325030404,BOX,False,,42,partial,True,0.0064803291320262,0.0006653624974652,2.0,,,,,,,False,914061,2026-05-01 15:45:02+00:00,196,False,0.207282543182373,sentence-transformers/all-mpnet-base-v2,confirmatory,True,True
2050251014691840015,MSFT,False,,60,complete,True,0.0002632293434983,0.0004589330154701,2.0,0.0005469180339176,0.0002536873704358,10190.0,0.0007458176265516,-0.3468245908194043,39.47006869479882,False,20571756,2026-05-01 16:28:28+00:00,86,False,0.4462496638298034,sentence-transformers/all-mpnet-base-v2,null_baseline,True,False
2050295657836277764,BOX,False,,34,partial,True,-0.0002382682017485,0.00108176846451,5.0,0.0011560845445843,0.0002470170345756,55.0,0.001531028419464,-0.3008540694446771,36.36363636363637,False,914061,2026-05-01 19:25:52+00:00,197,False,0.2963898181915283,sentence-transformers/all-mpnet-base-v2,confirmatory,True,True
2050299817256186348,QCOM,False,,17,insufficient,False,0.0054509502388127,0.0013027400603317,6.0,,,,,,,False,234930762,2026-05-01 19:42:23+00:00,71,False,0.3299298882484436,sentence-transformers/all-mpnet-base-v2,confirmatory,True,False
2050300588026695793,QCOM,False,,14,insufficient,False,0.0048953604444832,0.0014212618085615,6.0,,,,,,,False,234930762,2026-05-01 19:45:27+00:00,72,False,0.2737098932266235,sentence-transformers/all-mpnet-base-v2,confirmatory,True,False
2050320060703793175,CRM,False,,60,complete,True,0.0333859729585142,0.0022164320018789,0.0,0.0015879446050451,0.000617919264544,3112.0,0.0022651270721544,1.0171027719901615,88.07840616966581,False,22330739,2026-05-01 21:02:50+00:00,119,False,0.474373459815979,sentence-transformers/all-mpnet-base-v2,confirmatory,True,True
2050321017982292384,HOOD,False,,1,insufficient,False,0.0198856598035358,,,,,,,,,False,605700792,2026-05-01 21:06:38+00:00,265,False,0.5253105163574219,sentence-transformers/all-mpnet-base-v2,confirmatory,True,False
2050324213748449747,HOOD,False,,1,insufficient,False,0.0198856598035358,,,,,,,,,False,605700792,2026-05-01 21:19:20+00:00,266,False,0.6023685336112976,sentence-transformers/all-mpnet-base-v2,confirmatory,True,False
2050324214847345123,HOOD,False,,1,insufficient,False,0.0198856598035358,,,,,,,,,False,605700792,2026-05-01 21:19:20+00:00,266,False,0.6394996643066406,sentence-transformers/all-mpnet-base-v2,confirmatory,True,False
2050324216357282248,HOOD,False,,1,insufficient,False,0.0198856598035358,,,,,,,,,False,605700792,2026-05-01 21:19:21+00:00,268,False,0.6140769720077515,sentence-transformers/all-mpnet-base-v2,confirmatory,True,False
2050324217921749208,HOOD,False,,1,insufficient,False,0.0198856598035358,,,,,,,,,False,605700792,2026-05-01 21:19:21+00:00,268,False,0.6139620542526245,sentence-transformers/all-mpnet-base-v2,confirmatory,True,False
2050324219456839858,HOOD,False,,1,insufficient,False,0.0198856598035358,,,,,,,,,False,605700792,2026-05-01 21:19:21+00:00,268,False,0.6690057516098022,sentence-transformers/all-mpnet-base-v2,confirmatory,True,False
2050352176929857700,QCOM,False,,60,complete,True,-0.0435329227810294,0.004410872834621,0.0,0.0017324859379107,0.0009055282058883,4816.0,0.0031227343684163,2.957817193648583,99.0033222591362,True,234930762,2026-05-01 23:10:27+00:00,73,False,0.3137601017951965,sentence-transformers/all-mpnet-base-v2,confirmatory,True,True
2050355012899881227,SHOP,False,,54,partial,True,0.0062162913560077,0.0028874526605517,0.0,0.0021830597770019,0.0010972910583416,4468.0,0.0033168907278232,0.6419380511625077,82.58728737690242,False,676573,2026-05-01 23:21:43+00:00,191,False,0.5227915048599243,sentence-transformers/all-mpnet-base-v2,exploratory_only,True,False
2050362890633592936,CRM,False,,60,complete,True,0.0333859729585142,0.0022164320018789,0.0,0.0015879446050451,0.000617919264544,3112.0,0.0022651270721544,1.0171027719901615,88.07840616966581,False,22330739,2026-05-01 23:53:01+00:00,120,False,0.4190150499343872,sentence-transformers/all-mpnet-base-v2,confirmatory,True,True
2050386663155905002,CRM,False,,60,complete,True,0.0333859729585142,0.0022164320018789,0.0,0.0015879446050451,0.000617919264544,3112.0,0.0022651270721544,1.0171027719901615,88.07840616966581,False,22330739,2026-05-02 01:27:29+00:00,121,False,0.4057924151420593,sentence-transformers/all-mpnet-base-v2,confirmatory,True,True
2050548824368873498,MSFT,False,,60,complete,True,0.013120911055187,0.0014043138364768,0.0,0.0008174575401678,0.0003989604251514,14622.0,0.0012105221411381,1.4709636828920554,95.27424428942687,True,20571756,2026-05-02 12:11:51+00:00,86,False,0.3478075265884399,sentence-transformers/all-mpnet-base-v2,null_baseline,True,False
2050684160151617603,BOX,False,,49,partial,True,0.025868589525068,0.0022393974714049,0.0,0.004194744965337,0.0002853285700803,3.0,0.0043965047038567,-6.852967767585885,0.0,False,914061,2026-05-02 21:09:38+00:00,197,False,0.3284230232238769,sentence-transformers/all-mpnet-base-v2,confirmatory,True,True
2050696874332758446,CRM,False,,60,complete,True,0.0333859729585142,0.0022164320018789,0.0,0.0015879446050451,0.000617919264544,3112.0,0.0022651270721544,1.0171027719901615,88.07840616966581,False,22330739,2026-05-02 22:00:09+00:00,122,False,0.4015300273895263,sentence-transformers/all-mpnet-base-v2,confirmatory,True,True
2050932144730460321,SHOP,False,,54,partial,True,0.0062162913560077,0.0028874526605517,0.0,0.0021830597770019,0.0010972910583416,4468.0,0.0033168907278232,0.6419380511625077,82.58728737690242,False,676573,2026-05-03 13:35:02+00:00,192,False,0.7383526563644409,sentence-transformers/all-mpnet-base-v2,exploratory_only,True,False
2050995457011384495,HOOD,False,,1,insufficient,False,0.0198856598035358,,,,,,,,,False,605700792,2026-05-03 17:46:37+00:00,270,False,0.5263217091560364,sentence-transformers/all-mpnet-base-v2,confirmatory,True,False
2051009208393589096,BOX,False,,49,partial,True,0.025868589525068,0.0022393974714049,0.0,0.004194744965337,0.0002853285700803,3.0,0.0043965047038567,-6.852967767585885,0.0,False,914061,2026-05-03 18:41:15+00:00,196,False,0.339497447013855,sentence-transformers/all-mpnet-base-v2,confirmatory,True,True
2051057677984469277,BOX,False,,49,partial,True,0.025868589525068,0.0022393974714049,0.0,0.004194744965337,0.0002853285700803,3.0,0.0043965047038567,-6.852967767585885,0.0,False,914061,2026-05-03 21:53:51+00:00,197,False,0.2436598539352417,sentence-transformers/all-mpnet-base-v2,confirmatory,True,True
2051344780328858040,BOX,False,,46,partial,True,0.001514850172368,0.0005832547832438,3.0,,,,,,,False,914061,2026-05-04 16:54:42+00:00,197,False,0.168142557144165,sentence-transformers/all-mpnet-base-v2,confirmatory,True,True
2051354922969698316,HOOD,False,,60,complete,True,-0.0043453283940395,0.0010012835057056,4.0,0.0013431431635813,0.0006582170574046,9575.0,0.0020093680065816,-0.5193722253621853,31.321148825065276,False,605700792,2026-05-04 17:35:00+00:00,267,False,0.598365306854248,sentence-transformers/all-mpnet-base-v2,confirmatory,True,True
2051354924278264116,HOOD,False,,60,complete,True,-0.0043453283940395,0.0010012835057056,4.0,0.0013431431635813,0.0006582170574046,9575.0,0.0020093680065816,-0.5193722253621853,31.321148825065276,False,605700792,2026-05-04 17:35:00+00:00,267,False,0.5649322271347046,sentence-transformers/all-mpnet-base-v2,confirmatory,True,True
2051372902747181454,QCOM,False,,60,complete,True,-0.0008656104238013,0.0005678571817497,5.0,0.0010843439815498,0.0007001409905529,2330.0,0.0016392129234955,-0.7376897036014199,18.326180257510728,False,234930762,2026-05-04 18:46:27+00:00,74,False,0.6561775803565979,sentence-transformers/all-mpnet-base-v2,confirmatory,True,True
2051712533174931707,MSFT,False,,60,complete,True,0.0009680761906223,0.0003860448277854,3.0,0.0005162286279595,0.0003998599403704,9792.0,0.0006680850669626,-0.3255734996947141,32.005718954248366,False,20571756,2026-05-05 17:16:01+00:00,84,False,0.5174475908279419,sentence-transformers/all-mpnet-base-v2,null_baseline,True,False
2051712534638637234,MSFT,False,,60,complete,True,0.0009680761906223,0.0003860448277854,3.0,0.0005162286279595,0.0003998599403704,9792.0,0.0006680850669626,-0.3255734996947141,32.005718954248366,False,20571756,2026-05-05 17:16:01+00:00,84,False,0.6140069365501404,sentence-transformers/all-mpnet-base-v2,null_baseline,True,False
2051787232043020719,MSFT,False,,60,complete,True,0.0026491567516806,0.0013327075533271,0.0,0.0008174575401678,0.0003989604251514,14622.0,0.0012105221411381,1.2914815121415393,93.64655997811518,True,20571756,2026-05-05 22:12:51+00:00,86,False,0.4205839037895202,sentence-transformers/all-mpnet-base-v2,null_baseline,True,False
2052006315686310398,SHOP,False,,60,complete,True,-0.002093845392844,0.0035461840307922,0.0,0.0021830597770019,0.0010972910583416,4468.0,0.0033168907278232,1.2422631565507358,93.3974932855864,True,676573,2026-05-06 12:43:24+00:00,193,False,0.5233311057090759,sentence-transformers/all-mpnet-base-v2,exploratory_only,True,False
2052067593578549739,HOOD,False,,60,complete,True,-0.0048747195214765,0.0010396708839655,3.0,0.0015068207603171,0.000909155016159,8915.0,0.0022131931570161,-0.5138286299351329,25.54122265844083,False,605700792,2026-05-06 16:46:54+00:00,264,False,0.4762195348739624,sentence-transformers/all-mpnet-base-v2,confirmatory,True,True
2052071639337337288,BOX,False,,40,partial,True,-0.0049041133090119,0.0006961584542204,3.0,,,,,,,False,914061,2026-05-06 17:02:59+00:00,196,False,0.358471155166626,sentence-transformers/all-mpnet-base-v2,confirmatory,True,True
2052138354620203174,SHOP,False,,4,insufficient,False,0.0223890040495973,0.0010392468217011,,,,,,,,False,676573,2026-05-06 21:28:05+00:00,194,False,0.6274951696395874,sentence-transformers/all-mpnet-base-v2,exploratory_only,True,False
2052369354851832005,SHOP,False,,60,complete,True,0.0220119133997056,0.0024371458330257,0.0,0.0021830597770019,0.0010972910583416,4468.0,0.0033168907278232,0.2315575745307477,72.11280214861236,False,676573,2026-05-07 12:46:00+00:00,195,False,0.7631465196609497,sentence-transformers/all-mpnet-base-v2,exploratory_only,True,False
2052439738062123152,SHOP,False,,60,complete,True,0.0056874908185492,0.0014870274705103,3.0,0.0014734619751447,0.0011711801518062,1872.0,0.0023870645160023,0.0115827572254368,71.74145299145299,False,676573,2026-05-07 17:25:40+00:00,196,False,0.7600614428520203,sentence-transformers/all-mpnet-base-v2,exploratory_only,True,False
2052465911832171001,MSFT,False,,51,partial,True,-0.0059811369445147,0.0005490163487412,5.0,0.000494370972611,0.0002392654254598,7142.0,0.0007939814404011,0.2283881008931422,73.04676561187343,False,20571756,2026-05-07 19:09:41+00:00,87,False,0.5262994766235352,sentence-transformers/all-mpnet-base-v2,null_baseline,True,False
2052465914210398325,MSFT,False,,51,partial,True,-0.0059811369445147,0.0005490163487412,5.0,0.000494370972611,0.0002392654254598,7142.0,0.0007939814404011,0.2283881008931422,73.04676561187343,False,20571756,2026-05-07 19:09:41+00:00,87,False,0.6886109709739685,sentence-transformers/all-mpnet-base-v2,null_baseline,True,False
2052511267651453273,HOOD,True,"jobs_report(ALL, 2026-05-08 12:30:00+00:00->2026-05-08 20:00:00+00:00)",60,complete,False,-0.0217051635018076,0.0020013516730849,0.0,0.0024686517521656,0.0010353669234942,13891.0,0.0035687533395987,-0.4513376547742428,34.41796846879274,False,605700792,2026-05-07 22:09:54+00:00,264,False,0.359245240688324,sentence-transformers/all-mpnet-base-v2,confirmatory,True,False
2052526042959732745,QCOM,True,"jobs_report(ALL, 2026-05-08 12:30:00+00:00->2026-05-08 20:00:00+00:00)",6,insufficient,False,0.0627891309319956,0.0040071025252448,,,,,,,,False,234930762,2026-05-07 23:08:37+00:00,73,False,0.2576688528060913,sentence-transformers/all-mpnet-base-v2,confirmatory,True,False
2052566788236509254,BOX,True,"jobs_report(ALL, 2026-05-08 12:30:00+00:00->2026-05-08 20:00:00+00:00)",43,partial,False,-0.0281224162843467,0.0021488497870675,0.0,0.004194744965337,0.0002853285700803,3.0,0.0043965047038567,-7.1703130804365065,0.0,False,914061,2026-05-08 01:50:31+00:00,196,False,0.2586955428123474,sentence-transformers/all-mpnet-base-v2,confirmatory,True,False
2052714349471338867,SHOP,True,"jobs_report(ALL, 2026-05-08 12:30:00+00:00->2026-05-08 20:00:00+00:00)",60,complete,False,-0.0347800242228962,0.0024169095664778,0.0,0.0021830597770019,0.0010972910583416,4468.0,0.0033168907278232,0.2131155518841024,71.37421665174574,False,676573,2026-05-08 11:36:53+00:00,197,False,0.6717845797538757,sentence-transformers/all-mpnet-base-v2,exploratory_only,True,False
2052887141894799538,HOOD,False,,60,complete,True,0.0026439315654767,0.002559269554291,0.0,0.0024686517521656,0.0010353669234942,13891.0,0.0035687533395987,0.0875224039605058,64.22143834137212,False,605700792,2026-05-08 23:03:30+00:00,263,False,0.5572117567062378,sentence-transformers/all-mpnet-base-v2,confirmatory,True,True
2052903105256382679,BOX,False,,48,partial,True,-0.0327838392098633,0.0023652903307349,0.0,0.004194744965337,0.0002853285700803,3.0,0.0043965047038567,-6.41174710996086,0.0,False,914061,2026-05-09 00:06:56+00:00,196,False,0.4739378690719604,sentence-transformers/all-mpnet-base-v2,confirmatory,True,True
2053121182044451016,SHOP,False,,60,complete,True,-0.0413770109308423,0.0020859738466986,0.0,0.0021830597770019,0.0010972910583416,4468.0,0.0033168907278232,-0.0884778287084591,57.18442256042973,False,676573,2026-05-09 14:33:29+00:00,198,False,0.5638599395751953,sentence-transformers/all-mpnet-base-v2,exploratory_only,True,False
2053267097493573921,BOX,False,,48,partial,True,-0.0327838392098633,0.0023652903307349,0.0,0.004194744965337,0.0002853285700803,3.0,0.0043965047038567,-6.41174710996086,0.0,False,914061,2026-05-10 00:13:18+00:00,196,False,0.2386344671249389,sentence-transformers/all-mpnet-base-v2,confirmatory,True,True
2053334532666081624,MSFT,False,,60,complete,True,-0.012046110323469,0.0013382719210688,0.0,0.0008174575401678,0.0003989604251514,14622.0,0.0012105221411381,1.305428679306238,93.79017918205444,True,20571756,2026-05-10 04:41:16+00:00,89,False,0.4891312718391418,sentence-transformers/all-mpnet-base-v2,null_baseline,True,False
2053473802193883353,SHOP,False,,60,complete,True,-0.0413770109308423,0.0020859738466986,0.0,0.0021830597770019,0.0010972910583416,4468.0,0.0033168907278232,-0.0884778287084591,57.18442256042973,False,676573,2026-05-10 13:54:40+00:00,199,False,0.6539078950881958,sentence-transformers/all-mpnet-base-v2,exploratory_only,True,False
2053672965125140915,BOX,False,,48,partial,True,-0.0327838392098633,0.0023652903307349,0.0,0.004194744965337,0.0002853285700803,3.0,0.0043965047038567,-6.41174710996086,0.0,False,914061,2026-05-11 03:06:04+00:00,195,False,0.2060047388076782,sentence-transformers/all-mpnet-base-v2,confirmatory,True,True
2053888702427115811,BOX,False,,40,partial,True,-0.0046272657238893,0.0008892326325223,3.0,,,,,,,False,914061,2026-05-11 17:23:20+00:00,196,False,0.3363441824913025,sentence-transformers/all-mpnet-base-v2,confirmatory,True,True
2053962576610935274,SHOP,True,"cpi(ALL, 2026-05-12 12:30:00+00:00->2026-05-12 20:00:00+00:00)",58,partial,False,0.0113668512906528,0.0022589501492379,0.0,0.0021830597770019,0.0010972910583416,4468.0,0.0033168907278232,0.0691615699035699,64.88361683079677,False,676573,2026-05-11 22:16:53+00:00,200,False,0.4196486473083496,sentence-transformers/all-mpnet-base-v2,exploratory_only,True,False
2054277953794847152,BOX,True,"cpi(ALL, 2026-05-12 12:30:00+00:00->2026-05-12 20:00:00+00:00)",46,partial,False,-0.002964379547743,0.000783150208222,5.0,0.0011560845445843,0.0002470170345756,55.0,0.001531028419464,-1.5097514914423649,0.0,False,914061,2026-05-12 19:10:05+00:00,196,False,0.2131387591361999,sentence-transformers/all-mpnet-base-v2,confirmatory,True,False
2054279004484751510,HOOD,True,"cpi(ALL, 2026-05-12 12:30:00+00:00->2026-05-12 20:00:00+00:00)",45,partial,False,0.0019014969241459,0.000760106897659,5.0,0.0012864632027318,0.0005528423224853,6233.0,0.0019156052701326,-0.9520911906790992,8.118081180811808,False,605700792,2026-05-12 19:14:15+00:00,257,False,0.6413394212722778,sentence-transformers/all-mpnet-base-v2,confirmatory,True,False
2054279092816761193,HOOD,True,"cpi(ALL, 2026-05-12 12:30:00+00:00->2026-05-12 20:00:00+00:00)",45,partial,False,0.0019014969241459,0.000760106897659,5.0,0.0012864632027318,0.0005528423224853,6233.0,0.0019156052701326,-0.9520911906790992,8.118081180811808,False,605700792,2026-05-12 19:14:37+00:00,258,False,0.6915868520736694,sentence-transformers/all-mpnet-base-v2,confirmatory,True,False
2054279202325909795,HOOD,True,"cpi(ALL, 2026-05-12 12:30:00+00:00->2026-05-12 20:00:00+00:00)",44,partial,False,0.0036487567155794,0.0007524046226126,5.0,0.0012864632027318,0.0005528423224853,6233.0,0.0019156052701326,-0.966023327805856,7.396117439435264,False,605700792,2026-05-12 19:15:03+00:00,259,False,0.627293586730957,sentence-transformers/all-mpnet-base-v2,confirmatory,True,False
2054291305790849334,SHOP,False,,60,complete,True,-0.0252712665694019,0.0022037988312251,0.0,0.0021830597770019,0.0010972910583416,4468.0,0.0033168907278232,0.0189002307688517,62.153088630259624,False,676573,2026-05-12 20:03:08+00:00,201,False,0.6029822826385498,sentence-transformers/all-mpnet-base-v2,exploratory_only,True,False
2054334791823360303,HOOD,False,,60,complete,True,-0.0141394775094283,0.0020326544160444,0.0,0.0024686517521656,0.0010353669234942,13891.0,0.0035687533395987,-0.421104176913218,36.30408177956951,False,605700792,2026-05-12 22:55:56+00:00,259,False,0.6601790189743042,sentence-transformers/all-mpnet-base-v2,confirmatory,True,True
2054351354156794163,MSFT,False,,60,complete,True,-0.0111632745024371,0.0009533348811969,0.0,0.0008174575401678,0.0003989604251514,14622.0,0.0012105221411381,0.3405784946651302,76.09082204896731,False,20571756,2026-05-13 00:01:45+00:00,89,False,0.5089663863182068,sentence-transformers/all-mpnet-base-v2,null_baseline,True,False
2054398342852194386,BOX,False,,40,partial,True,-0.0158538281179179,0.0019826769184681,0.0,0.004194744965337,0.0002853285700803,3.0,0.0043965047038567,-7.752704351498322,0.0,False,914061,2026-05-13 03:08:28+00:00,196,False,0.314425528049469,sentence-transformers/all-mpnet-base-v2,confirmatory,True,True
2054729966630441007,BOX,False,,35,partial,True,0.0128817872553863,0.0024840337816179,0.0,0.004194744965337,0.0002853285700803,3.0,0.0043965047038567,-5.995583208639857,0.0,False,914061,2026-05-14 01:06:13+00:00,197,False,0.6774007678031921,sentence-transformers/all-mpnet-base-v2,confirmatory,True,True
2054797602219262039,HOOD,False,,60,complete,True,-0.0120593574838301,0.0021486403459973,0.0,0.0024686517521656,0.0010353669234942,13891.0,0.0035687533395987,-0.3090801907098682,42.95587070765244,False,605700792,2026-05-14 05:34:59+00:00,255,False,0.6222931146621704,sentence-transformers/all-mpnet-base-v2,confirmatory,True,True
2054985595030847868,HOOD,False,,59,partial,True,0.0080501303803832,0.001204004663329,4.0,0.0013431431635813,0.0006582170574046,9575.0,0.0020093680065816,-0.2113869561521814,51.72845953002611,False,605700792,2026-05-14 18:02:00+00:00,256,False,0.3850165605545044,sentence-transformers/all-mpnet-base-v2,confirmatory,True,True
2055012020790112480,HOOD,False,,13,insufficient,False,-0.0052624668137987,0.00092051876517,6.0,,,,,,,False,605700792,2026-05-14 19:47:00+00:00,257,False,0.5461928844451904,sentence-transformers/all-mpnet-base-v2,confirmatory,True,False
2055051110604247413,SHOP,False,,60,complete,True,0.0193356453927988,0.0033626700210084,0.0,0.0021830597770019,0.0010972910583416,4468.0,0.0033168907278232,1.075020374074042,90.75649059982096,True,676573,2026-05-14 22:22:20+00:00,202,False,0.599759578704834,sentence-transformers/all-mpnet-base-v2,exploratory_only,True,False
2055097431847481660,SHOP,False,,60,complete,True,0.0193356453927988,0.0033626700210084,0.0,0.0021830597770019,0.0010972910583416,4468.0,0.0033168907278232,1.075020374074042,90.75649059982096,True,676573,2026-05-15 01:26:24+00:00,203,False,0.6452476978302002,sentence-transformers/all-mpnet-base-v2,exploratory_only,True,False
2055136119969529993,BOX,False,,44,partial,True,0.0277510480132658,0.0023388809807424,0.0,0.004194744965337,0.0002853285700803,3.0,0.0043965047038567,-6.504304788237056,0.0,False,914061,2026-05-15 04:00:08+00:00,197,False,0.4816620349884033,sentence-transformers/all-mpnet-base-v2,confirmatory,True,True
2055143231625818554,BOX,False,,44,partial,True,0.0277510480132658,0.0023388809807424,0.0,0.004194744965337,0.0002853285700803,3.0,0.0043965047038567,-6.504304788237056,0.0,False,914061,2026-05-15 04:28:23+00:00,198,False,0.2441684007644653,sentence-transformers/all-mpnet-base-v2,confirmatory,True,True
2055285042193072457,SHOP,False,,60,complete,True,0.021190535795055,0.0024252516313344,0.0,0.0021830597770019,0.0010972910583416,4468.0,0.0033168907278232,0.2207179694861657,71.68755595344673,False,676573,2026-05-15 13:51:54+00:00,204,False,0.5750471353530884,sentence-transformers/all-mpnet-base-v2,exploratory_only,True,False
2055290775772987547,QCOM,False,,59,partial,True,-0.0020180513872425,0.0020990840257732,0.0,0.0017324859379107,0.0009055282058883,4816.0,0.0031227343684163,0.404844471413137,72.15531561461795,False,234930762,2026-05-15 14:14:41+00:00,70,False,0.2732886075973511,sentence-transformers/all-mpnet-base-v2,confirmatory,True,True
2055300379739373975,SHOP,False,,60,complete,True,0.0072797992411067,0.0016645461877399,1.0,0.0016618307674977,0.0008094845583133,3332.0,0.0025068289212535,0.0033545053013201,61.13445378151261,False,676573,2026-05-15 14:52:50+00:00,205,False,0.8261118531227112,sentence-transformers/all-mpnet-base-v2,exploratory_only,True,False
2055322366839001470,HOOD,False,,60,complete,True,0.0074536627069081,0.00080758140628,2.0,0.001537110318051,0.0006474939279101,10131.0,0.0021891213272673,-1.1266961438937315,2.6650873556411017,False,605700792,2026-05-15 16:20:12+00:00,257,False,0.5978864431381226,sentence-transformers/all-mpnet-base-v2,confirmatory,True,True
2055357619888595271,BOX,False,,37,partial,True,-0.0012904454558532,0.0007794223990372,5.0,0.0011560845445843,0.0002470170345756,55.0,0.001531028419464,-1.5248427955348156,0.0,False,914061,2026-05-15 18:40:17+00:00,199,False,0.6120515465736389,sentence-transformers/all-mpnet-base-v2,confirmatory,True,True
2055394139026632757,CRM,False,,60,complete,True,0.0379229458787917,0.0024319968920914,0.0,0.0015879446050451,0.000617919264544,3112.0,0.0022651270721544,1.36595884847369,93.31619537275064,True,22330739,2026-05-15 21:05:24+00:00,113,False,0.6910243034362793,sentence-transformers/all-mpnet-base-v2,confirmatory,True,True
2055428789669343455,CRM,False,,60,complete,True,0.0379229458787917,0.0024319968920914,0.0,0.0015879446050451,0.000617919264544,3112.0,0.0022651270721544,1.36595884847369,93.31619537275064,True,22330739,2026-05-15 23:23:06+00:00,113,False,0.5044555068016052,sentence-transformers/all-mpnet-base-v2,confirmatory,True,True
2055433428439568819,HOOD,False,,50,partial,True,0.0241668536483146,0.0030081961154255,,,,,,,,False,605700792,2026-05-15 23:41:32+00:00,258,False,0.4773448705673218,sentence-transformers/all-mpnet-base-v2,confirmatory,True,True
2055501840419328286,BOX,False,,44,partial,True,0.026922271364246,0.0017517386333669,0.0,0.004194744965337,0.0002853285700803,3.0,0.0043965047038567,-8.56208101166298,0.0,False,914061,2026-05-16 04:13:22+00:00,199,False,0.3912896513938904,sentence-transformers/all-mpnet-base-v2,confirmatory,True,True
2055656117120778446,SHOP,False,,60,complete,True,0.0183712477428754,0.0030373426066483,0.0,0.0021830597770019,0.0010972910583416,4468.0,0.0033168907278232,0.7785380397955434,84.95971351835273,False,676573,2026-05-16 14:26:25+00:00,206,False,0.6054021120071411,sentence-transformers/all-mpnet-base-v2,exploratory_only,True,False
2055657385318895695,SHOP,False,,60,complete,True,0.0183712477428754,0.0030373426066483,0.0,0.0021830597770019,0.0010972910583416,4468.0,0.0033168907278232,0.7785380397955434,84.95971351835273,False,676573,2026-05-16 14:31:27+00:00,207,False,0.6256822347640991,sentence-transformers/all-mpnet-base-v2,exploratory_only,True,False
2055697492117708843,SHOP,False,,60,complete,True,0.0183712477428754,0.0030373426066483,0.0,0.0021830597770019,0.0010972910583416,4468.0,0.0033168907278232,0.7785380397955434,84.95971351835273,False,676573,2026-05-16 17:10:49+00:00,208,False,0.8660427331924438,sentence-transformers/all-mpnet-base-v2,exploratory_only,True,False
2056051851439857933,BOX,False,,44,partial,True,0.026922271364246,0.0017517386333669,0.0,0.004194744965337,0.0002853285700803,3.0,0.0043965047038567,-8.56208101166298,0.0,False,914061,2026-05-17 16:38:55+00:00,198,False,0.3781847953796386,sentence-transformers/all-mpnet-base-v2,confirmatory,True,True
2056115497226096716,SHOP,False,,60,complete,True,0.0183712477428754,0.0030373426066483,0.0,0.0021830597770019,0.0010972910583416,4468.0,0.0033168907278232,0.7785380397955434,84.95971351835273,False,676573,2026-05-17 20:51:49+00:00,209,False,0.5326574444770813,sentence-transformers/all-mpnet-base-v2,exploratory_only,True,False
2056159037671256568,HOOD,False,,50,partial,True,0.0241668536483146,0.0030081961154255,,,,,,,,False,605700792,2026-05-17 23:44:50+00:00,253,False,0.5553188323974609,sentence-transformers/all-mpnet-base-v2,confirmatory,True,True
2056198717225464307,SHOP,False,,60,complete,True,0.0183712477428754,0.0030373426066483,0.0,0.0021830597770019,0.0010972910583416,4468.0,0.0033168907278232,0.7785380397955434,84.95971351835273,False,676573,2026-05-18 02:22:31+00:00,210,False,0.8179827928543091,sentence-transformers/all-mpnet-base-v2,exploratory_only,True,False
2056219645796090197,BOX,False,,44,partial,True,0.026922271364246,0.0017517386333669,0.0,0.004194744965337,0.0002853285700803,3.0,0.0043965047038567,-8.56208101166298,0.0,False,914061,2026-05-18 03:45:40+00:00,199,False,0.6282473802566528,sentence-transformers/all-mpnet-base-v2,confirmatory,True,True
2056331541895143469,SHOP,False,,60,complete,True,0.0183712477428754,0.0030373426066483,0.0,0.0021830597770019,0.0010972910583416,4468.0,0.0033168907278232,0.7785380397955434,84.95971351835273,False,676573,2026-05-18 11:10:19+00:00,211,False,0.6487290859222412,sentence-transformers/all-mpnet-base-v2,exploratory_only,True,False
2056409938260619586,QCOM,False,,54,partial,True,0.0012414329078708,0.0014977684272007,2.0,0.001322062776426,0.0006958446398886,1733.0,0.002085494805309,0.2525070119141506,67.97461050201962,False,234930762,2026-05-18 16:21:50+00:00,71,False,0.1834989190101623,sentence-transformers/all-mpnet-base-v2,confirmatory,True,True
2056494739155984524,HOOD,False,,60,complete,True,-0.0338853307974772,0.0024174147592116,0.0,0.0024686517521656,0.0010353669234942,13891.0,0.0035687533395987,-0.0494867971839991,57.648837376718745,False,605700792,2026-05-18 21:58:48+00:00,254,False,0.63694167137146,sentence-transformers/all-mpnet-base-v2,confirmatory,True,True
2056514143872548929,SHOP,False,,60,complete,True,0.0185241385869026,0.0027890648998034,0.0,0.0021830597770019,0.0010972910583416,4468.0,0.0033168907278232,0.552273818504828,81.06535362578335,False,676573,2026-05-18 23:15:54+00:00,212,False,0.4958680868148803,sentence-transformers/all-mpnet-base-v2,exploratory_only,True,False
2056560793034830011,SHOP,False,,60,complete,True,0.0185241385869026,0.0027890648998034,0.0,0.0021830597770019,0.0010972910583416,4468.0,0.0033168907278232,0.552273818504828,81.06535362578335,False,676573,2026-05-19 02:21:16+00:00,213,False,0.6875824332237244,sentence-transformers/all-mpnet-base-v2,exploratory_only,True,False
2056574979236409521,BOX,False,,49,partial,True,0.0263508000532537,0.0029349559878632,0.0,0.004194744965337,0.0002853285700803,3.0,0.0043965047038567,-4.415221991681364,0.0,False,914061,2026-05-19 03:17:39+00:00,200,False,0.3210589289665222,sentence-transformers/all-mpnet-base-v2,confirmatory,True,True
2056804573449474527,BOX,False,,49,partial,True,0.002972822957744,0.0009131090298445,5.0,0.0011560845445843,0.0002470170345756,55.0,0.001531028419464,-0.9836386998863484,30.909090909090907,False,914061,2026-05-19 18:29:58+00:00,200,False,0.4307019114494324,sentence-transformers/all-mpnet-base-v2,confirmatory,True,True
2056895988195807428,SHOP,False,,51,partial,True,0.006309654660844,0.0037317972455858,0.0,0.0021830597770019,0.0010972910583416,4468.0,0.0033168907278232,1.4114190185095905,94.7851387645479,True,676573,2026-05-20 00:33:13+00:00,214,False,0.6283043622970581,sentence-transformers/all-mpnet-base-v2,exploratory_only,True,False
2056909794972516732,HOOD,False,,60,complete,True,0.0072030354416339,0.0025601568562906,0.0,0.0024686517521656,0.0010353669234942,13891.0,0.0035687533395987,0.0883793967613069,64.23583615290475,False,605700792,2026-05-20 01:28:05+00:00,251,False,0.5286707282066345,sentence-transformers/all-mpnet-base-v2,confirmatory,True,True
2056965292753146019,BOX,False,,37,partial,True,-0.0173194605788922,0.0034523645349911,0.0,0.004194744965337,0.0002853285700803,3.0,0.0043965047038567,-2.6018440078987943,0.0,False,914061,2026-05-20 05:08:37+00:00,201,False,0.4571095705032348,sentence-transformers/all-mpnet-base-v2,confirmatory,True,True
2057094727380402683,SHOP,False,,52,partial,True,0.009227228635261,0.002721252408332,0.0,0.0021830597770019,0.0010972910583416,4468.0,0.0033168907278232,0.4904739059329238,79.87914055505819,False,676573,2026-05-20 13:42:56+00:00,215,False,0.917717218399048,sentence-transformers/all-mpnet-base-v2,exploratory_only,True,False
2057107846358049006,SHOP,False,,52,partial,True,0.0111786007569627,0.0014689434408742,1.0,0.0016618307674977,0.0008094845583133,3332.0,0.0025068289212535,-0.2382841335793317,44.5078031212485,False,676573,2026-05-20 14:35:04+00:00,216,False,0.5571097135543823,sentence-transformers/all-mpnet-base-v2,exploratory_only,True,False
2057108476560642402,SHOP,False,,51,partial,True,0.0083931227092937,0.0014330903368512,1.0,0.0016618307674977,0.0008094845583133,3332.0,0.0025068289212535,-0.2825754096200886,42.857142857142854,False,676573,2026-05-20 14:37:34+00:00,217,False,0.7455413937568665,sentence-transformers/all-mpnet-base-v2,exploratory_only,True,False
2057134907344777468,SHOP,False,,51,partial,True,-0.00023705240261,0.0011924278262765,2.0,0.0014747561151007,0.0006296761045464,2272.0,0.0025959379889743,-0.4483706572089561,37.36795774647887,False,676573,2026-05-20 16:22:36+00:00,218,False,0.6973915100097656,sentence-transformers/all-mpnet-base-v2,exploratory_only,True,False
2057173169614815598,CRM,False,,60,complete,True,0.0078975708441122,0.0006890301357351,5.0,0.000729961717102,0.0002199379010904,1654.0,0.0010283169946769,-0.1861051740695209,44.01451027811367,False,22330739,2026-05-20 18:54:38+00:00,98,False,0.611931562423706,sentence-transformers/all-mpnet-base-v2,confirmatory,True,True
2057176156433154454,CRM,False,,53,partial,True,0.0100961741076046,0.000643024377611,5.0,0.000729961717102,0.0002199379010904,1654.0,0.0010283169946769,-0.3952813001303845,33.675937122128175,False,22330739,2026-05-20 19:06:30+00:00,99,False,0.4005127549171448,sentence-transformers/all-mpnet-base-v2,confirmatory,True,True
2057176633048809978,CRM,False,,51,partial,True,0.011578796786924,0.0006404060977638,5.0,0.000729961717102,0.0002199379010904,1654.0,0.0010283169946769,-0.4071859324573134,32.82950423216445,False,22330739,2026-05-20 19:08:24+00:00,100,False,0.5932047963142395,sentence-transformers/all-mpnet-base-v2,confirmatory,True,True
2057176703907320031,CRM,False,,51,partial,True,0.011578796786924,0.0006404060977638,5.0,0.000729961717102,0.0002199379010904,1654.0,0.0010283169946769,-0.4071859324573134,32.82950423216445,False,22330739,2026-05-20 19:08:41+00:00,101,False,0.5769878625869751,sentence-transformers/all-mpnet-base-v2,confirmatory,True,True
2057196657536553338,SHOP,False,,57,partial,True,-0.0099258882081872,0.0017342324845089,0.0,0.0021830597770019,0.0010972910583416,4468.0,0.0033168907278232,-0.4090321242308657,41.58460161145926,False,676573,2026-05-20 20:27:58+00:00,219,False,0.5174773335456848,sentence-transformers/all-mpnet-base-v2,exploratory_only,True,False
2057315272156135501,BOX,False,,29,partial,True,-0.008263712513119,0.0030309295798287,0.0,0.004194744965337,0.0002853285700803,3.0,0.0043965047038567,-4.078860329971336,0.0,False,914061,2026-05-21 04:19:18+00:00,199,False,0.2944452166557312,sentence-transformers/all-mpnet-base-v2,confirmatory,True,True
2057470953471234071,SHOP,False,,52,partial,True,0.0006952782135556,0.0010979060137058,1.0,0.0016618307674977,0.0008094845583133,3332.0,0.0025068289212535,-0.6966467093170708,22.178871548619448,False,676573,2026-05-21 14:37:55+00:00,220,False,0.5586541891098022,sentence-transformers/all-mpnet-base-v2,exploratory_only,True,False
2057474133324095668,SHOP,False,,51,partial,True,0.0039181436137947,0.0010050824003677,1.0,0.0016618307674977,0.0008094845583133,3332.0,0.0025068289212535,-0.8113167328336183,16.926770708283314,False,676573,2026-05-21 14:50:34+00:00,221,False,0.5355787873268127,sentence-transformers/all-mpnet-base-v2,exploratory_only,True,False
2057484512024580379,SHOP,False,,50,partial,True,-0.002719746338751,0.000862686438662,2.0,0.0014747561151007,0.0006296761045464,2272.0,0.0025959379889743,-0.972038913370598,11.267605633802818,False,676573,2026-05-21 15:31:48+00:00,222,False,0.5126945376396179,sentence-transformers/all-mpnet-base-v2,exploratory_only,True,False
2057500244569473477,SHOP,False,,52,partial,True,0.012853376093151,0.0015236399812521,3.0,0.0014734619751447,0.0011711801518062,1872.0,0.0023870645160023,0.0428439689914572,72.32905982905983,False,676573,2026-05-21 16:34:19+00:00,223,False,0.6295197606086731,sentence-transformers/all-mpnet-base-v2,exploratory_only,True,False
2057522254431633867,CRM,False,,56,partial,True,-0.0015999323182367,0.000722971598313,4.0,0.0008601445308332,0.0004317505862432,1469.0,0.0011613137631727,-0.3177133671404079,39.48264125255276,False,22330739,2026-05-21 18:01:47+00:00,100,False,0.354560375213623,sentence-transformers/all-mpnet-base-v2,confirmatory,True,True
2057617107500900469,CRM,False,,59,partial,True,0.005725532933926,0.0019810883582771,0.0,0.0015879446050451,0.000617919264544,3112.0,0.0022651270721544,0.6362380585788653,78.08483290488432,False,22330739,2026-05-22 00:18:41+00:00,101,False,0.4041687250137329,sentence-transformers/all-mpnet-base-v2,confirmatory,True,True
2057618489825960180,CRM,False,,59,partial,True,0.005725532933926,0.0019810883582771,0.0,0.0015879446050451,0.000617919264544,3112.0,0.0022651270721544,0.6362380585788653,78.08483290488432,False,22330739,2026-05-22 00:24:11+00:00,102,False,0.6106499433517456,sentence-transformers/all-mpnet-base-v2,confirmatory,True,True
2057659936033878155,CRM,False,,59,partial,True,0.005725532933926,0.0019810883582771,0.0,0.0015879446050451,0.000617919264544,3112.0,0.0022651270721544,0.6362380585788653,78.08483290488432,False,22330739,2026-05-22 03:08:52+00:00,103,False,0.3700909614562988,sentence-transformers/all-mpnet-base-v2,confirmatory,True,True
2057663408376516703,BOX,False,,40,partial,True,0.0063651231240238,0.0018366765151969,0.0,0.004194744965337,0.0002853285700803,3.0,0.0043965047038567,-8.26439654982982,0.0,False,914061,2026-05-22 03:22:40+00:00,199,False,0.2489782571792602,sentence-transformers/all-mpnet-base-v2,confirmatory,True,True
2057698598977180129,CRM,False,,59,partial,True,0.005725532933926,0.0019810883582771,0.0,0.0015879446050451,0.000617919264544,3112.0,0.0022651270721544,0.6362380585788653,78.08483290488432,False,22330739,2026-05-22 05:42:30+00:00,104,False,0.4223086237907409,sentence-transformers/all-mpnet-base-v2,confirmatory,True,True
2057725709250928641,CRM,False,,59,partial,True,0.005725532933926,0.0019810883582771,0.0,0.0015879446050451,0.000617919264544,3112.0,0.0022651270721544,0.6362380585788653,78.08483290488432,False,22330739,2026-05-22 07:30:14+00:00,105,False,0.4055898189544678,sentence-transformers/all-mpnet-base-v2,confirmatory,True,True
2057809101669671312,SHOP,False,,58,partial,True,-0.003640439922018,0.0023591277800926,0.0,0.0021830597770019,0.0010972910583416,4468.0,0.0033168907278232,0.1604569742478484,69.24798567591763,False,676573,2026-05-22 13:01:36+00:00,224,False,0.5759469866752625,sentence-transformers/all-mpnet-base-v2,exploratory_only,True,False
2057813294556106753,SHOP,False,,58,partial,True,-0.003640439922018,0.0023591277800926,0.0,0.0021830597770019,0.0010972910583416,4468.0,0.0033168907278232,0.1604569742478484,69.24798567591763,False,676573,2026-05-22 13:18:16+00:00,225,False,0.7255449891090393,sentence-transformers/all-mpnet-base-v2,exploratory_only,True,False
2057813615005053062,SHOP,False,,58,partial,True,-0.003640439922018,0.0023591277800926,0.0,0.0021830597770019,0.0010972910583416,4468.0,0.0033168907278232,0.1604569742478484,69.24798567591763,False,676573,2026-05-22 13:19:32+00:00,226,False,0.6856997609138489,sentence-transformers/all-mpnet-base-v2,exploratory_only,True,False
2057859046976401897,CRM,False,,45,partial,True,0.0029464257108657,0.0005149679812368,2.0,0.0010034212859758,0.0003176573568839,993.0,0.0014518555230045,-1.5376735156725854,3.2225579053373616,False,22330739,2026-05-22 16:20:04+00:00,106,False,0.2887954115867615,sentence-transformers/all-mpnet-base-v2,confirmatory,True,True
2057978005000003819,SHOP,False,,60,complete,True,0.0047746624400066,0.0027064903369707,0.0,0.0021830597770019,0.0010972910583416,4468.0,0.0033168907278232,0.4770207102205651,79.61056401074306,False,676573,2026-05-23 00:12:46+00:00,227,False,0.6019686460494995,sentence-transformers/all-mpnet-base-v2,exploratory_only,True,False
2057980041951363152,HOOD,False,,60,complete,True,0.0022449521927063,0.0023807814391857,0.0,0.0024686517521656,0.0010353669234942,13891.0,0.0035687533395987,-0.0848687658316457,55.89230436973581,False,605700792,2026-05-23 00:20:52+00:00,249,False,0.5744569301605225,sentence-transformers/all-mpnet-base-v2,confirmatory,True,True
2058006473620463985,BOX,False,,60,complete,True,-0.0021858046005391,0.0019460439944765,0.0,0.004194744965337,0.0002853285700803,3.0,0.0043965047038567,-7.881092910629768,0.0,False,914061,2026-05-23 02:05:53+00:00,199,False,0.6365734934806824,sentence-transformers/all-mpnet-base-v2,confirmatory,True,True
2058223867815227756,BOX,False,,60,complete,True,-0.0021858046005391,0.0019460439944765,0.0,0.004194744965337,0.0002853285700803,3.0,0.0043965047038567,-7.881092910629768,0.0,False,914061,2026-05-23 16:29:44+00:00,200,False,0.4365372657775879,sentence-transformers/all-mpnet-base-v2,confirmatory,True,True
2058308828848914713,SHOP,False,,60,complete,True,0.0047746624400066,0.0027064903369707,0.0,0.0021830597770019,0.0010972910583416,4468.0,0.0033168907278232,0.4770207102205651,79.61056401074306,False,676573,2026-05-23 22:07:20+00:00,228,False,0.605469286441803,sentence-transformers/all-mpnet-base-v2,exploratory_only,True,False
2058582370253701432,BOX,False,,60,complete,True,-0.0021858046005391,0.0019460439944765,0.0,0.004194744965337,0.0002853285700803,3.0,0.0043965047038567,-7.881092910629768,0.0,False,914061,2026-05-24 16:14:18+00:00,200,False,0.3954594731330871,sentence-transformers/all-mpnet-base-v2,confirmatory,True,True
2058599175982289095,SHOP,False,,60,complete,True,0.0047746624400066,0.0027064903369707,0.0,0.0021830597770019,0.0010972910583416,4468.0,0.0033168907278232,0.4770207102205651,79.61056401074306,False,676573,2026-05-24 17:21:05+00:00,229,False,0.5409533977508545,sentence-transformers/all-mpnet-base-v2,exploratory_only,True,False
2058641165830758433,SHOP,False,,60,complete,True,0.0047746624400066,0.0027064903369707,0.0,0.0021830597770019,0.0010972910583416,4468.0,0.0033168907278232,0.4770207102205651,79.61056401074306,False,676573,2026-05-24 20:07:56+00:00,230,False,0.7881461381912231,sentence-transformers/all-mpnet-base-v2,exploratory_only,True,False
2058972842700767608,QCOM,False,,60,complete,True,0.00912906598088,0.0051809229857775,0.0,0.0017324859379107,0.0009055282058883,4816.0,0.0031227343684163,3.808205007246307,99.89617940199336,True,234930762,2026-05-25 18:05:54+00:00,66,False,0.6572985649108887,sentence-transformers/all-mpnet-base-v2,confirmatory,True,True
2059002125682720919,SHOP,False,,60,complete,True,0.0047746624400066,0.0027064903369707,0.0,0.0021830597770019,0.0010972910583416,4468.0,0.0033168907278232,0.4770207102205651,79.61056401074306,False,676573,2026-05-25 20:02:15+00:00,231,False,0.5905424356460571,sentence-transformers/all-mpnet-base-v2,exploratory_only,True,False
2059004281638797476,SHOP,False,,60,complete,True,0.0047746624400066,0.0027064903369707,0.0,0.0021830597770019,0.0010972910583416,4468.0,0.0033168907278232,0.4770207102205651,79.61056401074306,False,676573,2026-05-25 20:10:49+00:00,232,False,0.5799108743667603,sentence-transformers/all-mpnet-base-v2,exploratory_only,True,False
2059025559896883489,BOX,False,,60,complete,True,-0.0021858046005391,0.0019460439944765,0.0,0.004194744965337,0.0002853285700803,3.0,0.0043965047038567,-7.881092910629768,0.0,False,914061,2026-05-25 21:35:22+00:00,200,False,0.3079574108123779,sentence-transformers/all-mpnet-base-v2,confirmatory,True,True
2059026399030071806,SHOP,False,,60,complete,True,0.0047746624400066,0.0027064903369707,0.0,0.0021830597770019,0.0010972910583416,4468.0,0.0033168907278232,0.4770207102205651,79.61056401074306,False,676573,2026-05-25 21:38:43+00:00,233,False,0.5014291405677795,sentence-transformers/all-mpnet-base-v2,exploratory_only,True,False
2059340250720469045,HOOD,False,,60,complete,True,-0.0043661989518034,0.0006843783711553,4.0,0.0013431431635813,0.0006582170574046,9575.0,0.0020093680065816,-1.0008321495395622,3.0182767624020888,False,605700792,2026-05-26 18:25:51+00:00,243,False,0.6053903102874756,sentence-transformers/all-mpnet-base-v2,confirmatory,True,True
2059362089072787900,SHOP,False,,7,insufficient,False,0.0012707347829937,0.0006426838698857,6.0,,,,,,,False,676573,2026-05-26 19:52:37+00:00,234,False,0.4214460849761963,sentence-transformers/all-mpnet-base-v2,exploratory_only,True,False
2059482349977653619,BOX,True,"earnings(BOX, 2026-05-26 20:00:00+00:00->2026-05-27 20:00:00+00:00)",36,partial,False,-0.037927003392598,0.006049819308697,,,,,,,,False,914061,2026-05-27 03:50:30+00:00,199,False,0.2849381566047668,sentence-transformers/all-mpnet-base-v2,confirmatory,True,False
2059659590745424213,HOOD,False,,60,complete,True,0.0069870180987243,0.0013280719551775,2.0,0.001537110318051,0.0006474939279101,10131.0,0.0021891213272673,-0.3228421979928074,44.724114105221595,False,605700792,2026-05-27 15:34:47+00:00,244,False,0.475447416305542,sentence-transformers/all-mpnet-base-v2,confirmatory,True,True
2059721027647905890,HOOD,False,,23,insufficient,False,-0.0038661495675774,0.0007979471898108,6.0,,,,,,,False,605700792,2026-05-27 19:38:55+00:00,245,False,0.5700094699859619,sentence-transformers/all-mpnet-base-v2,confirmatory,True,False
2059730190377636066,CRM,True,"earnings(CRM, 2026-05-27 20:00:00+00:00->2026-05-28 20:00:00+00:00)",59,partial,False,0.0109897158808833,0.0033268090267013,0.0,0.0015879446050451,0.000617919264544,3112.0,0.0022651270721544,2.8140641042149825,98.7146529562982,True,22330739,2026-05-27 20:15:19+00:00,104,False,0.3286151885986328,sentence-transformers/all-mpnet-base-v2,confirmatory,True,False
2059730473870573749,CRM,True,"earnings(CRM, 2026-05-27 20:00:00+00:00->2026-05-28 20:00:00+00:00)",59,partial,False,0.0109897158808833,0.0033268090267013,0.0,0.0015879446050451,0.000617919264544,3112.0,0.0022651270721544,2.8140641042149825,98.7146529562982,True,22330739,2026-05-27 20:16:27+00:00,105,False,0.3222910761833191,sentence-transformers/all-mpnet-base-v2,confirmatory,True,False
2059734714806857867,HOOD,False,,60,complete,True,0.02796011303416,0.0029184689197846,0.0,0.0024686517521656,0.0010353669234942,13891.0,0.0035687533395987,0.4344519391260109,76.97070045353107,False,605700792,2026-05-27 20:33:18+00:00,246,False,0.6806140542030334,sentence-transformers/all-mpnet-base-v2,confirmatory,True,True
2059748159610556924,CRM,True,"earnings(CRM, 2026-05-27 20:00:00+00:00->2026-05-28 20:00:00+00:00)",59,partial,False,0.0109897158808833,0.0033268090267013,0.0,0.0015879446050451,0.000617919264544,3112.0,0.0022651270721544,2.8140641042149825,98.7146529562982,True,22330739,2026-05-27 21:26:44+00:00,106,False,0.4362293481826782,sentence-transformers/all-mpnet-base-v2,confirmatory,True,False
2059800497494819131,CRM,True,"earnings(CRM, 2026-05-27 20:00:00+00:00->2026-05-28 20:00:00+00:00)",59,partial,False,0.0109897158808833,0.0033268090267013,0.0,0.0015879446050451,0.000617919264544,3112.0,0.0022651270721544,2.8140641042149825,98.7146529562982,True,22330739,2026-05-28 00:54:42+00:00,107,False,0.4114620089530945,sentence-transformers/all-mpnet-base-v2,confirmatory,True,False
2059805480403587181,SHOP,False,,8,insufficient,False,0.0092153811839476,0.0051896019058009,,,,,,,,False,676573,2026-05-28 01:14:30+00:00,235,False,0.5419039130210876,sentence-transformers/all-mpnet-base-v2,exploratory_only,True,False
2059839815273824423,BOX,False,,52,partial,True,0.0245566068780287,0.0027846551286624,0.0,0.004194744965337,0.0002853285700803,3.0,0.0043965047038567,-4.941986132960344,0.0,False,914061,2026-05-28 03:30:56+00:00,198,False,0.3685951828956604,sentence-transformers/all-mpnet-base-v2,confirmatory,True,True
2059879170575122892,CRM,True,"earnings(CRM, 2026-05-27 20:00:00+00:00->2026-05-28 20:00:00+00:00)",59,partial,False,0.0109897158808833,0.0033268090267013,0.0,0.0015879446050451,0.000617919264544,3112.0,0.0022651270721544,2.8140641042149825,98.7146529562982,True,22330739,2026-05-28 06:07:19+00:00,105,False,0.3408153057098388,sentence-transformers/all-mpnet-base-v2,confirmatory,True,False
2059881098386280734,CRM,True,"earnings(CRM, 2026-05-27 20:00:00+00:00->2026-05-28 20:00:00+00:00)",59,partial,False,0.0109897158808833,0.0033268090267013,0.0,0.0015879446050451,0.000617919264544,3112.0,0.0022651270721544,2.8140641042149825,98.7146529562982,True,22330739,2026-05-28 06:14:59+00:00,106,False,0.3528218269348144,sentence-transformers/all-mpnet-base-v2,confirmatory,True,False
2060011381072773619,HOOD,False,,60,complete,True,0.030896457618212,0.001430646521294,1.0,0.0017163780306508,0.0006345735237307,13323.0,0.0024248767060085,-0.4502732917013957,36.59836373189221,False,605700792,2026-05-28 14:52:41+00:00,247,False,0.7078231573104858,sentence-transformers/all-mpnet-base-v2,confirmatory,True,True
2060011382716977412,HOOD,False,,60,complete,True,0.030896457618212,0.001430646521294,1.0,0.0017163780306508,0.0006345735237307,13323.0,0.0024248767060085,-0.4502732917013957,36.59836373189221,False,605700792,2026-05-28 14:52:41+00:00,247,False,0.6245957016944885,sentence-transformers/all-mpnet-base-v2,confirmatory,True,True
2060050593474093065,MSFT,False,,60,complete,True,0.0012815556039398,0.0005028607929408,3.0,0.0005162286279595,0.0003998599403704,9792.0,0.0006680850669626,-0.0334312934832234,61.58088235294118,False,20571756,2026-05-28 17:28:30+00:00,87,False,0.4395970106124878,sentence-transformers/all-mpnet-base-v2,null_baseline,True,False
2060091844361683063,BOX,False,,50,partial,True,0.0214315374425295,0.002093492924221,0.0,0.004194744965337,0.0002853285700803,3.0,0.0043965047038567,-7.364324016077631,0.0,False,914061,2026-05-28 20:12:25+00:00,199,False,0.3654482364654541,sentence-transformers/all-mpnet-base-v2,confirmatory,True,True
2060229087113904144,HOOD,False,,60,complete,True,0.0161178531219448,0.0035963544809321,0.0,0.0024686517521656,0.0010353669234942,13891.0,0.0035687533395987,1.08918172212872,90.39665970772442,True,605700792,2026-05-29 05:17:46+00:00,246,False,0.4279590249061584,sentence-transformers/all-mpnet-base-v2,confirmatory,True,True
2060525104384418271,BOX,False,,52,partial,True,0.0211239103460457,0.0035107412665428,0.0,0.004194744965337,0.0002853285700803,3.0,0.0043965047038567,-2.397249243570422,0.0,False,914061,2026-05-30 00:54:02+00:00,197,False,0.5256583094596863,sentence-transformers/all-mpnet-base-v2,confirmatory,True,True
2060923684295221390,BOX,False,,52,partial,True,0.0211239103460457,0.0035107412665428,0.0,0.004194744965337,0.0002853285700803,3.0,0.0043965047038567,-2.397249243570422,0.0,False,914061,2026-05-31 03:17:51+00:00,197,False,0.371744155883789,sentence-transformers/all-mpnet-base-v2,confirmatory,True,True
2061085542478192968,QCOM,False,,60,complete,True,-0.0603787002069962,0.0041972160288771,0.0,0.0017324859379107,0.0009055282058883,4816.0,0.0031227343684163,2.7218700366692343,98.67109634551495,True,234930762,2026-05-31 14:01:01+00:00,64,False,0.3647924661636352,sentence-transformers/all-mpnet-base-v2,confirmatory,True,True
2061247380897579500,BOX,False,,52,partial,True,0.0211239103460457,0.0035107412665428,0.0,0.004194744965337,0.0002853285700803,3.0,0.0043965047038567,-2.397249243570422,0.0,False,914061,2026-06-01 00:44:06+00:00,197,False,0.4254661798477173,sentence-transformers/all-mpnet-base-v2,confirmatory,True,True
2061315017589600699,MSFT,False,,60,complete,True,0.0283426186525942,0.0019464037156426,0.0,0.0008174575401678,0.0003989604251514,14622.0,0.0012105221411381,2.829719702264167,99.19299685405554,True,20571756,2026-06-01 05:12:52+00:00,88,False,0.5456408262252808,sentence-transformers/all-mpnet-base-v2,null_baseline,True,False
2061327347777998985,QCOM,False,,60,complete,True,-0.0603787002069962,0.0041972160288771,0.0,0.0017324859379107,0.0009055282058883,4816.0,0.0031227343684163,2.7218700366692343,98.67109634551495,True,234930762,2026-06-01 06:01:51+00:00,65,False,0.3861887454986572,sentence-transformers/all-mpnet-base-v2,confirmatory,True,True
2061420773600854289,CRM,False,,8,insufficient,False,0.0542869075076081,0.0041723421564512,,,,,,,,False,22330739,2026-06-01 12:13:06+00:00,102,False,0.524775505065918,sentence-transformers/all-mpnet-base-v2,confirmatory,True,False
2061506033420283936,CRM,False,,57,partial,True,0.0027424009087484,0.0006148716795431,4.0,0.0008601445308332,0.0004317505862432,1469.0,0.0011613137631727,-0.5680892142482337,22.94077603812117,False,22330739,2026-06-01 17:51:53+00:00,103,False,0.5985634326934814,sentence-transformers/all-mpnet-base-v2,confirmatory,True,True
2061554505674793217,HOOD,False,,60,complete,True,-0.0482625173078462,0.0030131846725927,0.0,0.0024686517521656,0.0010353669234942,13891.0,0.0035687533395987,0.5259323125654833,79.11597437189548,False,605700792,2026-06-01 21:04:30+00:00,240,False,0.5818336009979248,sentence-transformers/all-mpnet-base-v2,confirmatory,True,True
2061581929049112803,SHOP,False,,58,partial,True,-0.0477231444926045,0.0025845327301709,0.0,0.0021830597770019,0.0010972910583416,4468.0,0.0033168907278232,0.3658764464696873,77.17099373321396,False,676573,2026-06-01 22:53:28+00:00,236,False,0.6989691257476807,sentence-transformers/all-mpnet-base-v2,exploratory_only,True,False
2061612625574944804,BOX,False,,35,partial,True,-0.041212438940079,0.0027801173610435,0.0,0.004194744965337,0.0002853285700803,3.0,0.0043965047038567,-4.957889789638246,0.0,False,914061,2026-06-02 00:55:27+00:00,196,False,0.5444761514663696,sentence-transformers/all-mpnet-base-v2,confirmatory,True,True
2061650162460839954,MSFT,False,,60,complete,True,-0.0355537648177866,0.001579934531652,0.0,0.0008174575401678,0.0003989604251514,14622.0,0.0012105221411381,1.9111594619810224,97.73628778552865,True,20571756,2026-06-02 03:24:36+00:00,89,False,0.4877848625183105,sentence-transformers/all-mpnet-base-v2,null_baseline,True,False
2061662386680127688,BOX,False,,35,partial,True,-0.041212438940079,0.0027801173610435,0.0,0.004194744965337,0.0002853285700803,3.0,0.0043965047038567,-4.957889789638246,0.0,False,914061,2026-06-02 04:13:11+00:00,197,False,0.3467933535575866,sentence-transformers/all-mpnet-base-v2,confirmatory,True,True
2061822671084798120,HOOD,False,,59,partial,True,-0.0029493290406613,0.0012728879073264,1.0,0.0017163780306508,0.0006345735237307,13323.0,0.0024248767060085,-0.6988790214836057,22.88523605794491,False,605700792,2026-06-02 14:50:06+00:00,240,False,0.3594847917556762,sentence-transformers/all-mpnet-base-v2,confirmatory,True,True
2061860614755213809,QCOM,False,,54,partial,True,-0.0017358458019013,0.0013284507380001,3.0,0.0011347929536885,0.0005617187407871,1807.0,0.0019061194460276,0.3447593435110155,72.77255118981738,False,234930762,2026-06-02 17:20:52+00:00,66,False,0.5569448471069336,sentence-transformers/all-mpnet-base-v2,confirmatory,True,True
2061896503304806521,MSFT,False,,19,insufficient,False,-0.0014689350454549,0.0008457270124028,6.0,,,,,,,False,20571756,2026-06-02 19:43:29+00:00,89,False,0.3856675028800964,sentence-transformers/all-mpnet-base-v2,null_baseline,True,False
2061896505481658767,MSFT,False,,19,insufficient,False,-0.0014689350454549,0.0008457270124028,6.0,,,,,,,False,20571756,2026-06-02 19:43:29+00:00,89,False,0.3310130834579468,sentence-transformers/all-mpnet-base-v2,null_baseline,True,False
2061896508287725888,MSFT,False,,19,insufficient,False,-0.0014689350454549,0.0008457270124028,6.0,,,,,,,False,20571756,2026-06-02 19:43:30+00:00,91,False,0.4953449368476867,sentence-transformers/all-mpnet-base-v2,null_baseline,True,False
2061896510250668490,MSFT,False,,19,insufficient,False,-0.0014689350454549,0.0008457270124028,6.0,,,,,,,False,20571756,2026-06-02 19:43:30+00:00,91,False,0.3468696475028991,sentence-transformers/all-mpnet-base-v2,null_baseline,True,False
2061896512934949105,MSFT,False,,19,insufficient,False,-0.0014689350454549,0.0008457270124028,6.0,,,,,,,False,20571756,2026-06-02 19:43:31+00:00,93,False,0.4093725681304931,sentence-transformers/all-mpnet-base-v2,null_baseline,True,False
2061896515057258562,MSFT,False,,19,insufficient,False,-0.0014689350454549,0.0008457270124028,6.0,,,,,,,False,20571756,2026-06-02 19:43:32+00:00,94,False,0.4146435260772705,sentence-transformers/all-mpnet-base-v2,null_baseline,True,False
2061896517854875837,MSFT,False,,19,insufficient,False,-0.0014689350454549,0.0008457270124028,6.0,,,,,,,False,20571756,2026-06-02 19:43:32+00:00,94,False,0.6513148546218872,sentence-transformers/all-mpnet-base-v2,null_baseline,True,False
2061896520333684886,MSFT,False,,19,insufficient,False,-0.0014689350454549,0.0008457270124028,6.0,,,,,,,False,20571756,2026-06-02 19:43:33+00:00,96,False,0.7399120330810547,sentence-transformers/all-mpnet-base-v2,null_baseline,True,False
2061905160088240305,HOOD,False,,60,complete,True,-0.0429429145870868,0.0021602551705773,0.0,0.0024686517521656,0.0010353669234942,13891.0,0.0035687533395987,-0.2978621149568203,43.70455690735008,False,605700792,2026-06-02 20:17:53+00:00,239,False,0.6172612905502319,sentence-transformers/all-mpnet-base-v2,confirmatory,True,True
2061916071326613512,SHOP,False,,58,partial,True,-0.0228853353578841,0.0015948862949291,0.0,0.0021830597770019,0.0010972910583416,4468.0,0.0033168907278232,-0.5360232160842887,31.5129811996419,False,676573,2026-06-02 21:01:14+00:00,237,False,0.6516088247299194,sentence-transformers/all-mpnet-base-v2,exploratory_only,True,False
2061942751860769094,MSFT,False,,60,complete,True,-0.0208220767681962,0.0011855011716492,0.0,0.0008174575401678,0.0003989604251514,14622.0,0.0012105221411381,0.9225066153907624,88.83189714129394,False,20571756,2026-06-02 22:47:15+00:00,97,False,0.3964346647262573,sentence-transformers/all-mpnet-base-v2,null_baseline,True,False
2061957236167950646,SHOP,False,,58,partial,True,-0.0228853353578841,0.0015948862949291,0.0,0.0021830597770019,0.0010972910583416,4468.0,0.0033168907278232,-0.5360232160842887,31.5129811996419,False,676573,2026-06-02 23:44:49+00:00,238,False,0.4775846004486084,sentence-transformers/all-mpnet-base-v2,exploratory_only,True,False
2061974298760495132,BOX,False,,40,partial,True,-0.0321872800880365,0.002740264721877,0.0,0.004194744965337,0.0002853285700803,3.0,0.0043965047038567,-5.097562585654601,0.0,False,914061,2026-06-03 00:52:37+00:00,198,False,0.4876837730407715,sentence-transformers/all-mpnet-base-v2,confirmatory,True,True
2061993322072469649,MSFT,False,,60,complete,True,-0.0208220767681962,0.0011855011716492,0.0,0.0008174575401678,0.0003989604251514,14622.0,0.0012105221411381,0.9225066153907624,88.83189714129394,False,20571756,2026-06-03 02:08:12+00:00,98,False,0.4058839082717895,sentence-transformers/all-mpnet-base-v2,null_baseline,True,False
2061993323901137339,MSFT,False,,60,complete,True,-0.0208220767681962,0.0011855011716492,0.0,0.0008174575401678,0.0003989604251514,14622.0,0.0012105221411381,0.9225066153907624,88.83189714129394,False,20571756,2026-06-03 02:08:13+00:00,99,False,0.5773735046386719,sentence-transformers/all-mpnet-base-v2,null_baseline,True,False
2062022060176801826,MSFT,False,,60,complete,True,-0.0208220767681962,0.0011855011716492,0.0,0.0008174575401678,0.0003989604251514,14622.0,0.0012105221411381,0.9225066153907624,88.83189714129394,False,20571756,2026-06-03 04:02:24+00:00,100,False,0.2822512984275818,sentence-transformers/all-mpnet-base-v2,null_baseline,True,False
2062097720219992176,QCOM,False,,60,complete,True,0.0476353287693694,0.0051629372239879,0.0,0.0017324859379107,0.0009055282058883,4816.0,0.0031227343684163,3.788342829930699,99.89617940199336,True,234930762,2026-06-03 09:03:03+00:00,67,False,0.3431445360183716,sentence-transformers/all-mpnet-base-v2,confirmatory,True,True
2062198005948923925,HOOD,False,,59,partial,True,0.001543662193867,0.0010640248766978,2.0,0.001537110318051,0.0006474939279101,10131.0,0.0021891213272673,-0.7306407380222351,20.047379330766955,False,605700792,2026-06-03 15:41:33+00:00,240,False,0.4518047571182251,sentence-transformers/all-mpnet-base-v2,confirmatory,True,True
2062252757722296705,MSFT,False,,42,partial,True,-0.0006633175905638,0.0005528960345014,5.0,0.000494370972611,0.0002392654254598,7142.0,0.0007939814404011,0.244603087879669,73.29879585550266,False,20571756,2026-06-03 19:19:06+00:00,101,False,0.4580610990524292,sentence-transformers/all-mpnet-base-v2,null_baseline,True,False
2062280745889222937,BOX,False,,34,partial,True,0.0116596682597727,0.0049537316725755,0.0,0.004194744965337,0.0002853285700803,3.0,0.0043965047038567,2.6600445480265464,100.0,True,914061,2026-06-03 21:10:19+00:00,198,False,0.433208167552948,sentence-transformers/all-mpnet-base-v2,confirmatory,True,True
2062289097784173047,CRM,False,,60,complete,True,0.0087399698713177,0.0022831888695661,0.0,0.0015879446050451,0.000617919264544,3112.0,0.0022651270721544,1.12513770716314,90.39203084832906,True,22330739,2026-06-03 21:43:31+00:00,96,False,0.5289949178695679,sentence-transformers/all-mpnet-base-v2,confirmatory,True,True
2062291326662553763,CRM,False,,60,complete,True,0.0087399698713177,0.0022831888695661,0.0,0.0015879446050451,0.000617919264544,3112.0,0.0022651270721544,1.12513770716314,90.39203084832906,True,22330739,2026-06-03 21:52:22+00:00,97,False,0.5205598473548889,sentence-transformers/all-mpnet-base-v2,confirmatory,True,True
2062316429211295774,SHOP,False,,57,partial,True,0.0349357988742065,0.0023779412682067,0.0,0.0021830597770019,0.0010972910583416,4468.0,0.0033168907278232,0.1776023687820555,70.0313339301701,False,676573,2026-06-03 23:32:07+00:00,239,False,0.7021375894546509,sentence-transformers/all-mpnet-base-v2,exploratory_only,True,False
2062335852379066698,BOX,False,,34,partial,True,0.0116596682597727,0.0049537316725755,0.0,0.004194744965337,0.0002853285700803,3.0,0.0043965047038567,2.6600445480265464,100.0,True,914061,2026-06-04 00:49:18+00:00,199,False,0.2879151105880737,sentence-transformers/all-mpnet-base-v2,confirmatory,True,True
2062530235266957749,HOOD,False,,60,complete,True,-0.0047680788170524,0.0022258042017614,0.0,0.0024686517521656,0.0010353669234942,13891.0,0.0035687533395987,-0.2345521620341369,47.64235836152905,False,605700792,2026-06-04 13:41:42+00:00,240,False,0.5938748121261597,sentence-transformers/all-mpnet-base-v2,confirmatory,True,True
2062536245969096917,QCOM,False,,58,partial,True,0.0201596128679326,0.0017522035081812,0.0,0.0017324859379107,0.0009055282058883,4816.0,0.0031227343684163,0.0217746616199439,64.05730897009967,False,234930762,2026-06-04 14:05:35+00:00,68,False,0.2310323715209961,sentence-transformers/all-mpnet-base-v2,confirmatory,True,True
2062578615695364133,SHOP,False,,46,partial,True,-0.0046740370168305,0.0006989441698422,3.0,0.0014734619751447,0.0011711801518062,1872.0,0.0023870645160023,-0.6613139781339435,9.882478632478632,False,676573,2026-06-04 16:53:57+00:00,240,False,0.5323657989501953,sentence-transformers/all-mpnet-base-v2,exploratory_only,True,False
2062728257359790292,BOX,True,"jobs_report(ALL, 2026-06-05 12:30:00+00:00->2026-06-05 20:00:00+00:00)",50,partial,False,0.0042353253983393,0.0024623258825825,0.0,0.004194744965337,0.0002853285700803,3.0,0.0043965047038567,-6.07166356410257,0.0,False,914061,2026-06-05 02:48:34+00:00,198,False,0.2460783720016479,sentence-transformers/all-mpnet-base-v2,confirmatory,True,False
2062736952638550097,HOOD,True,"jobs_report(ALL, 2026-06-05 12:30:00+00:00->2026-06-05 20:00:00+00:00)",60,complete,False,-0.0362638448212757,0.0029286380496846,0.0,0.0024686517521656,0.0010353669234942,13891.0,0.0035687533395987,0.4442737034389631,77.258656684184,False,605700792,2026-06-05 03:23:07+00:00,240,False,0.5061692595481873,sentence-transformers/all-mpnet-base-v2,confirmatory,True,False
2062905722023620624,CRM,True,"jobs_report(ALL, 2026-06-05 12:30:00+00:00->2026-06-05 20:00:00+00:00)",57,partial,False,-0.0072784986249148,0.0008951594662065,1.0,0.0010705933929371,0.0003302993832515,2193.0,0.0014833660400009,-0.5311361014470033,34.382124943000456,False,22330739,2026-06-05 14:33:45+00:00,98,False,0.4530803561210632,sentence-transformers/all-mpnet-base-v2,confirmatory,True,False
2062935998648942960,SHOP,True,"jobs_report(ALL, 2026-06-05 12:30:00+00:00->2026-06-05 20:00:00+00:00)",53,partial,False,-0.0051017323520388,0.0006770754722973,3.0,0.0014734619751447,0.0011711801518062,1872.0,0.0023870645160023,-0.6799863382411242,7.745726495726496,False,676573,2026-06-05 16:34:04+00:00,241,False,0.4481728076934814,sentence-transformers/all-mpnet-base-v2,exploratory_only,True,False
2063055332545540096,BOX,False,,33,partial,True,-0.0008460829063259,0.001772326196165,0.0,0.004194744965337,0.0002853285700803,3.0,0.0043965047038567,-8.489927133793936,0.0,False,914061,2026-06-06 00:28:15+00:00,198,False,0.2460331916809082,sentence-transformers/all-mpnet-base-v2,confirmatory,True,True
2063209546068205938,SHOP,False,,43,partial,True,0.0145767470122075,0.005244732087257,,,,,,,,False,676573,2026-06-06 10:41:03+00:00,242,False,0.5555227994918823,sentence-transformers/all-mpnet-base-v2,exploratory_only,True,False
2063224212806914340,QCOM,False,,60,complete,True,-0.0033500161344035,0.0032506447772027,0.0,0.0017324859379107,0.0009055282058883,4816.0,0.0031227343684163,1.6765450589169144,91.86046511627907,True,234930762,2026-06-06 11:39:19+00:00,69,False,0.7676007151603699,sentence-transformers/all-mpnet-base-v2,confirmatory,True,True
2063263077701697632,CRM,False,,58,partial,True,-0.0197930771552243,0.002473458811098,0.0,0.0015879446050451,0.000617919264544,3112.0,0.0022651270721544,1.4330580981421763,93.73393316195371,True,22330739,2026-06-06 14:13:45+00:00,98,False,0.4195237159729004,sentence-transformers/all-mpnet-base-v2,confirmatory,True,True
2063266602922213430,QCOM,False,,60,complete,True,-0.0033500161344035,0.0032506447772027,0.0,0.0017324859379107,0.0009055282058883,4816.0,0.0031227343684163,1.6765450589169144,91.86046511627907,True,234930762,2026-06-06 14:27:46+00:00,70,False,0.3572490811347961,sentence-transformers/all-mpnet-base-v2,confirmatory,True,True
2063319636758683668,SHOP,False,,43,partial,True,0.0145767470122075,0.005244732087257,,,,,,,,False,676573,2026-06-06 17:58:30+00:00,243,False,0.5497807264328003,sentence-transformers/all-mpnet-base-v2,exploratory_only,True,False
2063320673217609936,BOX,False,,33,partial,True,-0.0008460829063259,0.001772326196165,0.0,0.004194744965337,0.0002853285700803,3.0,0.0043965047038567,-8.489927133793936,0.0,False,914061,2026-06-06 18:02:37+00:00,199,False,0.3918710947036743,sentence-transformers/all-mpnet-base-v2,confirmatory,True,True
2063340695297913005,SHOP,False,,43,partial,True,0.0145767470122075,0.005244732087257,,,,,,,,False,676573,2026-06-06 19:22:11+00:00,244,False,0.6017459630966187,sentence-transformers/all-mpnet-base-v2,exploratory_only,True,False
2063368679866208664,HOOD,False,,60,complete,True,0.0174063600202525,0.0030599453241462,0.0,0.0024686517521656,0.0010353669234942,13891.0,0.0035687533395987,0.5710956749372869,80.1022244618818,False,605700792,2026-06-06 21:13:23+00:00,239,False,0.4534730911254883,sentence-transformers/all-mpnet-base-v2,confirmatory,True,True
2063633495302533158,MSFT,False,,60,complete,True,-0.0166218188690848,0.0012042807098371,0.0,0.0008174575401678,0.0003989604251514,14622.0,0.0012105221411381,0.9695777958988134,89.71412939406373,False,20571756,2026-06-07 14:45:40+00:00,101,False,0.4239470958709717,sentence-transformers/all-mpnet-base-v2,null_baseline,True,False
2063649508681224367,BOX,False,,33,partial,True,-0.0008460829063259,0.001772326196165,0.0,0.004194744965337,0.0002853285700803,3.0,0.0043965047038567,-8.489927133793936,0.0,False,914061,2026-06-07 15:49:18+00:00,199,False,0.8058860301971436,sentence-transformers/all-mpnet-base-v2,confirmatory,True,True
2063756386572681606,BOX,False,,33,partial,True,-0.0008460829063259,0.001772326196165,0.0,0.004194744965337,0.0002853285700803,3.0,0.0043965047038567,-8.489927133793936,0.0,False,914061,2026-06-07 22:53:59+00:00,200,False,0.3038649559020996,sentence-transformers/all-mpnet-base-v2,confirmatory,True,True
2063835799096090749,BOX,False,,33,partial,True,-0.0008460829063259,0.001772326196165,0.0,0.004194744965337,0.0002853285700803,3.0,0.0043965047038567,-8.489927133793936,0.0,False,914061,2026-06-08 04:09:33+00:00,200,False,0.4377842545509338,sentence-transformers/all-mpnet-base-v2,confirmatory,True,True
2063971896316637593,CRM,False,,58,partial,True,-0.0197930771552243,0.002473458811098,0.0,0.0015879446050451,0.000617919264544,3112.0,0.0022651270721544,1.4330580981421763,93.73393316195371,True,22330739,2026-06-08 13:10:21+00:00,99,False,0.6347614526748657,sentence-transformers/all-mpnet-base-v2,confirmatory,True,True
2064054943435092125,CRM,False,,51,partial,True,-5.216776337635398e-05,0.0004712466902133,5.0,0.000729961717102,0.0002199379010904,1654.0,0.0010283169946769,-1.1763094291890128,12.031438935912938,False,22330739,2026-06-08 18:40:21+00:00,100,False,0.4256900548934936,sentence-transformers/all-mpnet-base-v2,confirmatory,True,True
2064186766907887941,BOX,False,,54,partial,True,-0.0044496283721803,0.0017264402089756,0.0,0.004194744965337,0.0002853285700803,3.0,0.0043965047038567,-8.650745194097077,0.0,False,914061,2026-06-09 03:24:10+00:00,201,False,0.4362926483154297,sentence-transformers/all-mpnet-base-v2,confirmatory,True,True
2064379199629181139,BOX,False,,48,partial,True,0.0095388289682372,0.0009412421562182,2.0,,,,,,,False,914061,2026-06-09 16:08:50+00:00,202,False,0.7908718585968018,sentence-transformers/all-mpnet-base-v2,confirmatory,True,True
2064395257148834152,MSFT,False,,60,complete,True,-0.000904456077496,0.0005363636505864,3.0,0.0005162286279595,0.0003998599403704,9792.0,0.0006680850669626,0.0503551883897577,67.8921568627451,False,20571756,2026-06-09 17:12:38+00:00,97,False,0.646103024482727,sentence-transformers/all-mpnet-base-v2,null_baseline,True,False
2064396746953023647,BOX,False,,44,partial,True,0.0045490404993191,0.0006229723127841,3.0,,,,,,,False,914061,2026-06-09 17:18:33+00:00,203,False,0.1913065314292907,sentence-transformers/all-mpnet-base-v2,confirmatory,True,True
2064405257749242032,HOOD,False,,60,complete,True,0.0121693983959672,0.0013005634626237,4.0,0.0013431431635813,0.0006582170574046,9575.0,0.0020093680065816,-0.0646894523297184,61.07571801566579,False,605700792,2026-06-09 17:52:22+00:00,232,False,0.3253992795944214,sentence-transformers/all-mpnet-base-v2,confirmatory,True,True
2064405466126434309,HOOD,False,,60,complete,True,0.0128269151424516,0.0012778575549337,4.0,0.0013431431635813,0.0006582170574046,9575.0,0.0020093680065816,-0.0991855314490954,59.070496083550914,False,605700792,2026-06-09 17:53:12+00:00,233,False,0.6824015378952026,sentence-transformers/all-mpnet-base-v2,confirmatory,True,True
2064409512455393388,HOOD,False,,60,complete,True,0.0064084230668508,0.0013020522297213,4.0,0.0013431431635813,0.0006582170574046,9575.0,0.0020093680065816,-0.06242763446756,61.221932114882506,False,605700792,2026-06-09 18:09:17+00:00,234,False,0.6472076177597046,sentence-transformers/all-mpnet-base-v2,confirmatory,True,True
2064436578177397150,SHOP,False,,3,insufficient,False,0.0009195904676064,0.0001133713446028,6.0,,,,,,,False,676573,2026-06-09 19:56:50+00:00,245,False,0.6447886824607849,sentence-transformers/all-mpnet-base-v2,exploratory_only,True,False
2064569513023328268,BOX,True,"cpi(ALL, 2026-06-10 12:30:00+00:00->2026-06-10 20:00:00+00:00)",40,partial,False,-0.0073038234497225,0.0023069567663096,0.0,0.004194744965337,0.0002853285700803,3.0,0.0043965047038567,-6.6161905851055165,0.0,False,914061,2026-06-10 04:45:04+00:00,203,False,0.2816294431686401,sentence-transformers/all-mpnet-base-v2,confirmatory,True,False
2064651007158579416,SHOP,True,"cpi(ALL, 2026-06-10 12:30:00+00:00->2026-06-10 20:00:00+00:00)",55,partial,False,-0.0165343294267821,0.0029753332508341,0.0,0.0021830597770019,0.0010972910583416,4468.0,0.0033168907278232,0.7220267291976113,84.08683974932856,False,676573,2026-06-10 10:08:54+00:00,246,False,0.4509889483451843,sentence-transformers/all-mpnet-base-v2,exploratory_only,True,False
2064784637340070013,SHOP,True,"cpi(ALL, 2026-06-10 12:30:00+00:00->2026-06-10 20:00:00+00:00)",58,partial,False,-0.0051067463673077,0.0009135630894658,5.0,0.0011814904504143,0.0005788969127489,2397.0,0.0019690548868291,-0.4628239588913432,40.13350020859407,False,676573,2026-06-10 18:59:54+00:00,247,False,0.6410054564476013,sentence-transformers/all-mpnet-base-v2,exploratory_only,True,False
2064785896507875795,SHOP,True,"cpi(ALL, 2026-06-10 12:30:00+00:00->2026-06-10 20:00:00+00:00)",54,partial,False,-0.0024203094699418,0.0009184658365059,5.0,0.0011814904504143,0.0005788969127489,2397.0,0.0019690548868291,-0.4543548395506003,40.92615769712141,False,676573,2026-06-10 19:04:54+00:00,248,False,0.5271162390708923,sentence-transformers/all-mpnet-base-v2,exploratory_only,True,False
2064922814688481678,BOX,False,,55,partial,True,-0.0376587317144593,0.0022033910932458,0.0,0.004194744965337,0.0002853285700803,3.0,0.0043965047038567,-6.979160451861804,0.0,False,914061,2026-06-11 04:08:58+00:00,202,False,0.4690858125686645,sentence-transformers/all-mpnet-base-v2,confirmatory,True,True
2065111629742723104,SHOP,False,,45,partial,True,0.0109714471017579,0.0025788877156721,3.0,0.0014734619751447,0.0011711801518062,1872.0,0.0023870645160023,0.9438562793456996,92.46794871794872,True,676573,2026-06-11 16:39:15+00:00,249,False,0.5125489830970764,sentence-transformers/all-mpnet-base-v2,exploratory_only,True,False
2065287110744297809,BOX,False,,35,partial,True,-0.0101424633785403,0.0037222589258972,0.0,0.004194744965337,0.0002853285700803,3.0,0.0043965047038567,-1.655936660344688,0.0,False,914061,2026-06-12 04:16:33+00:00,202,False,0.2455962896347046,sentence-transformers/all-mpnet-base-v2,confirmatory,True,True
2065342900427264484,SHOP,False,,13,insufficient,False,-0.0197860647458107,0.0033613145078444,,,,,,,,False,676573,2026-06-12 07:58:14+00:00,250,False,0.683574378490448,sentence-transformers/all-mpnet-base-v2,exploratory_only,True,False
2065351060143698307,SHOP,False,,13,insufficient,False,-0.0197860647458107,0.0033613145078444,,,,,,,,False,676573,2026-06-12 08:30:39+00:00,251,False,0.6093354225158691,sentence-transformers/all-mpnet-base-v2,exploratory_only,True,False
2065384054652821981,SHOP,False,,13,insufficient,False,-0.0197860647458107,0.0033613145078444,,,,,,,,False,676573,2026-06-12 10:41:46+00:00,252,False,0.8811303973197937,sentence-transformers/all-mpnet-base-v2,exploratory_only,True,False
2065433020283113524,CRM,False,,56,partial,True,-0.0009117839467025,0.0011186230202628,0.0,0.0015879446050451,0.000617919264544,3112.0,0.0022651270721544,-0.7595192636187069,22.10796915167095,False,22330739,2026-06-12 13:56:20+00:00,99,False,0.4485377073287964,sentence-transformers/all-mpnet-base-v2,confirmatory,True,True
2065442952806027320,HOOD,False,,60,complete,True,0.0157778936302219,0.0028046092592272,1.0,0.0017163780306508,0.0006345735237307,13323.0,0.0024248767060085,1.7149017219920295,95.0536665916085,True,605700792,2026-06-12 14:35:48+00:00,234,False,0.4587775468826294,sentence-transformers/all-mpnet-base-v2,confirmatory,True,True
2065469347712401712,BOX,False,,24,insufficient,False,-0.0033434515102037,0.0007514675398325,2.0,,,,,,,False,914061,2026-06-12 16:20:41+00:00,203,False,0.6260098218917847,sentence-transformers/all-mpnet-base-v2,confirmatory,True,False
2065520628057174414,SHOP,False,,15,insufficient,False,-1.302893247245862e-05,0.0007141581204651,6.0,,,,,,,False,676573,2026-06-12 19:44:27+00:00,253,False,0.7671797871589661,sentence-transformers/all-mpnet-base-v2,exploratory_only,True,False
2065594956186865815,BOX,False,,43,partial,True,-0.011091794220599,0.0022070316595803,0.0,0.004194744965337,0.0002853285700803,3.0,0.0043965047038567,-6.966401244701052,0.0,False,914061,2026-06-13 00:39:49+00:00,204,False,0.8790256381034851,sentence-transformers/all-mpnet-base-v2,confirmatory,True,True
2065616509666472329,BOX,False,,43,partial,True,-0.011091794220599,0.0022070316595803,0.0,0.004194744965337,0.0002853285700803,3.0,0.0043965047038567,-6.966401244701052,0.0,False,914061,2026-06-13 02:05:27+00:00,205,False,0.3671145439147949,sentence-transformers/all-mpnet-base-v2,confirmatory,True,True
2065713528162373705,SHOP,False,,46,partial,True,0.0204719599996956,0.0028898930401183,0.0,0.0021830597770019,0.0010972910583416,4468.0,0.0033168907278232,0.6441620550382894,82.63205013428828,False,676573,2026-06-13 08:30:58+00:00,254,False,0.5801127552986145,sentence-transformers/all-mpnet-base-v2,exploratory_only,True,False
2065729598977941955,SHOP,False,,46,partial,True,0.0204719599996956,0.0028898930401183,0.0,0.0021830597770019,0.0010972910583416,4468.0,0.0033168907278232,0.6441620550382894,82.63205013428828,False,676573,2026-06-13 09:34:50+00:00,255,False,0.5502074956893921,sentence-transformers/all-mpnet-base-v2,exploratory_only,True,False
2065842361834651996,BOX,False,,43,partial,True,-0.011091794220599,0.0022070316595803,0.0,0.004194744965337,0.0002853285700803,3.0,0.0043965047038567,-6.966401244701052,0.0,False,914061,2026-06-13 17:02:55+00:00,205,False,0.4816157221794128,sentence-transformers/all-mpnet-base-v2,confirmatory,True,True
2065929194102456363,HOOD,False,,4,insufficient,False,0.0350761929600955,0.0012327333599884,,,,,,,,False,605700792,2026-06-13 22:47:57+00:00,234,False,0.5878223776817322,sentence-transformers/all-mpnet-base-v2,confirmatory,True,False
2065964446489710939,BOX,False,,43,partial,True,-0.011091794220599,0.0022070316595803,0.0,0.004194744965337,0.0002853285700803,3.0,0.0043965047038567,-6.966401244701052,0.0,False,914061,2026-06-14 01:08:02+00:00,206,False,0.4631212949752807,sentence-transformers/all-mpnet-base-v2,confirmatory,True,True
2065989559905812973,BOX,False,,43,partial,True,-0.011091794220599,0.0022070316595803,0.0,0.004194744965337,0.0002853285700803,3.0,0.0043965047038567,-6.966401244701052,0.0,False,914061,2026-06-14 02:47:49+00:00,207,False,0.3408859372138977,sentence-transformers/all-mpnet-base-v2,confirmatory,True,True
2066037598208905245,SHOP,False,,46,partial,True,0.0204719599996956,0.0028898930401183,0.0,0.0021830597770019,0.0010972910583416,4468.0,0.0033168907278232,0.6441620550382894,82.63205013428828,False,676573,2026-06-14 05:58:43+00:00,256,False,0.5684622526168823,sentence-transformers/all-mpnet-base-v2,exploratory_only,True,False
2066044269534622087,SHOP,False,,46,partial,True,0.0204719599996956,0.0028898930401183,0.0,0.0021830597770019,0.0010972910583416,4468.0,0.0033168907278232,0.6441620550382894,82.63205013428828,False,676573,2026-06-14 06:25:13+00:00,257,False,0.5822254419326782,sentence-transformers/all-mpnet-base-v2,exploratory_only,True,False
2066071564852834685,HOOD,False,,4,insufficient,False,0.0350761929600955,0.0012327333599884,,,,,,,,False,605700792,2026-06-14 08:13:41+00:00,235,False,0.4918287992477417,sentence-transformers/all-mpnet-base-v2,confirmatory,True,False
2066167615618466060,BOX,False,,43,partial,True,-0.011091794220599,0.0022070316595803,0.0,0.004194744965337,0.0002853285700803,3.0,0.0043965047038567,-6.966401244701052,0.0,False,914061,2026-06-14 14:35:21+00:00,207,False,0.6652841567993164,sentence-transformers/all-mpnet-base-v2,confirmatory,True,True
2066182223213293753,MSFT,False,,60,complete,True,0.0032930590770057,0.0011898105769198,0.0,0.0008174575401678,0.0003989604251514,14622.0,0.0012105221411381,0.9333082012097096,88.989194364656,False,20571756,2026-06-14 15:33:24+00:00,92,False,0.7609794735908508,sentence-transformers/all-mpnet-base-v2,null_baseline,True,False
2066197628975824924,SHOP,False,,46,partial,True,0.0204719599996956,0.0028898930401183,0.0,0.0021830597770019,0.0010972910583416,4468.0,0.0033168907278232,0.6441620550382894,82.63205013428828,False,676573,2026-06-14 16:34:37+00:00,258,False,0.7782391905784607,sentence-transformers/all-mpnet-base-v2,exploratory_only,True,False
2066237607244427761,BOX,False,,43,partial,True,-0.011091794220599,0.0022070316595803,0.0,0.004194744965337,0.0002853285700803,3.0,0.0043965047038567,-6.966401244701052,0.0,False,914061,2026-06-14 19:13:29+00:00,208,False,0.2704155445098877,sentence-transformers/all-mpnet-base-v2,confirmatory,True,True
2066251482832208367,SHOP,False,,46,partial,True,0.0204719599996956,0.0028898930401183,0.0,0.0021830597770019,0.0010972910583416,4468.0,0.0033168907278232,0.6441620550382894,82.63205013428828,False,676573,2026-06-14 20:08:37+00:00,259,False,0.5259445905685425,sentence-transformers/all-mpnet-base-v2,exploratory_only,True,False
2066257376991158384,SHOP,False,,46,partial,True,0.0204719599996956,0.0028898930401183,0.0,0.0021830597770019,0.0010972910583416,4468.0,0.0033168907278232,0.6441620550382894,82.63205013428828,False,676573,2026-06-14 20:32:02+00:00,260,False,0.6166620254516602,sentence-transformers/all-mpnet-base-v2,exploratory_only,True,False
2066449672026145193,SHOP,False,,46,partial,True,0.0204719599996956,0.0028898930401183,0.0,0.0021830597770019,0.0010972910583416,4468.0,0.0033168907278232,0.6441620550382894,82.63205013428828,False,676573,2026-06-15 09:16:09+00:00,261,False,0.4761257767677307,sentence-transformers/all-mpnet-base-v2,exploratory_only,True,False
2066493350039937093,SHOP,False,,46,partial,True,0.0204719599996956,0.0028898930401183,0.0,0.0021830597770019,0.0010972910583416,4468.0,0.0033168907278232,0.6441620550382894,82.63205013428828,False,676573,2026-06-15 12:09:42+00:00,262,False,0.4875869750976562,sentence-transformers/all-mpnet-base-v2,exploratory_only,True,False
2066498557150998570,HOOD,False,,60,complete,True,0.0540108476152363,0.0032221185360184,0.0,0.0024686517521656,0.0010353669234942,13891.0,0.0035687533395987,0.727729239514462,83.89604780073428,False,605700792,2026-06-15 12:30:24+00:00,234,False,0.4670650959014892,sentence-transformers/all-mpnet-base-v2,confirmatory,True,True
2066505950039527712,HOOD,False,,60,complete,True,0.0540108476152363,0.0032221185360184,0.0,0.0024686517521656,0.0010353669234942,13891.0,0.0035687533395987,0.727729239514462,83.89604780073428,False,605700792,2026-06-15 12:59:46+00:00,235,False,0.4773434996604919,sentence-transformers/all-mpnet-base-v2,confirmatory,True,True
2066522147153916069,CRM,False,,59,partial,True,-0.0050235822078427,0.001151836795957,0.0,0.0015879446050451,0.000617919264544,3112.0,0.0022651270721544,-0.7057682679789645,24.967866323907455,False,22330739,2026-06-15 14:04:08+00:00,98,False,0.2760548591613769,sentence-transformers/all-mpnet-base-v2,confirmatory,True,True
2066526720480690221,BOX,False,,40,partial,True,0.0050192408175571,0.0008839348746061,0.0,0.004194744965337,0.0002853285700803,3.0,0.0043965047038567,-11.60350009744304,0.0,False,914061,2026-06-15 14:22:19+00:00,209,False,0.6273516416549683,sentence-transformers/all-mpnet-base-v2,confirmatory,True,True
2066531788550295920,HOOD,False,,60,complete,True,-0.0032507390561018,0.0017169862572999,1.0,0.0017163780306508,0.0006345735237307,13323.0,0.0024248767060085,0.0009584809741074,58.500337761765365,False,605700792,2026-06-15 14:42:27+00:00,236,False,0.3806090354919433,sentence-transformers/all-mpnet-base-v2,confirmatory,True,True
2066546446036333001,SHOP,False,,60,complete,True,-0.0069358730275982,0.0008166643628769,2.0,0.0014747561151007,0.0006296761045464,2272.0,0.0025959379889743,-1.0451274035528604,6.690140845070422,False,676573,2026-06-15 15:40:41+00:00,262,False,0.6049565076828003,sentence-transformers/all-mpnet-base-v2,exploratory_only,True,False
2066554018953146689,BOX,False,,31,partial,True,-0.0137061113828308,0.0007411243074318,2.0,,,,,,,False,914061,2026-06-15 16:10:47+00:00,210,False,0.4918431043624878,sentence-transformers/all-mpnet-base-v2,confirmatory,True,True
2066572580207636791,SHOP,False,,54,partial,True,-0.0014349853361182,0.0005599968576089,3.0,0.0014734619751447,0.0011711801518062,1872.0,0.0023870645160023,-0.779952696540338,3.205128205128205,False,676573,2026-06-15 17:24:32+00:00,263,False,0.8706819415092468,sentence-transformers/all-mpnet-base-v2,exploratory_only,True,False
2066735879213994434,BOX,False,,34,partial,True,0.0058644147762806,0.0022979443741781,0.0,0.004194744965337,0.0002853285700803,3.0,0.0043965047038567,-6.647776598833541,0.0,False,914061,2026-06-16 04:13:26+00:00,210,False,0.2309385538101196,sentence-transformers/all-mpnet-base-v2,confirmatory,True,True
2066904633910640931,SHOP,False,,30,partial,True,-0.0071273873770324,0.0011581818692484,1.0,0.0016618307674977,0.0008094845583133,3332.0,0.0025068289212535,-0.6221846891048071,27.25090036014406,False,676573,2026-06-16 15:24:00+00:00,262,False,0.656185507774353,sentence-transformers/all-mpnet-base-v2,exploratory_only,True,False
2066904645767930043,SHOP,False,,29,partial,True,-0.0071141043421246,0.0011785743792438,1.0,0.0016618307674977,0.0008094845583133,3332.0,0.0025068289212535,-0.5969927199856871,28.841536614645857,False,676573,2026-06-16 15:24:03+00:00,263,False,0.587059736251831,sentence-transformers/all-mpnet-base-v2,exploratory_only,True,False
2066908002809221496,BOX,False,,27,insufficient,False,-0.0047123398168934,0.0006010290544205,2.0,,,,,,,False,914061,2026-06-16 15:37:23+00:00,211,False,0.4328271746635437,sentence-transformers/all-mpnet-base-v2,confirmatory,True,False
2066911399494963335,MSFT,False,,60,complete,True,-0.0045267585652087,0.0004254980468717,2.0,0.0005469180339176,0.0002536873704358,10190.0,0.0007458176265516,-0.4786205432195386,30.96172718351325,False,20571756,2026-06-16 15:50:53+00:00,93,False,0.3721615076065063,sentence-transformers/all-mpnet-base-v2,null_baseline,True,False
2067003017480581157,SHOP,False,,58,partial,True,-0.005531811117151,0.002792623219963,0.0,0.0021830597770019,0.0010972910583416,4468.0,0.0033168907278232,0.5555166410290732,81.15487914055505,False,676573,2026-06-16 21:54:57+00:00,264,False,0.7600693702697754,sentence-transformers/all-mpnet-base-v2,exploratory_only,True,False
2067020073408368664,MSFT,False,,60,complete,True,-0.0183772215016291,0.0010692878369392,0.0,0.0008174575401678,0.0003989604251514,14622.0,0.0012105221411381,0.6312162332284259,83.76419094515114,False,20571756,2026-06-16 23:02:43+00:00,94,False,0.4562594890594482,sentence-transformers/all-mpnet-base-v2,null_baseline,True,False
2067070918300664161,BOX,False,,29,partial,True,-0.0135112582435428,0.0035383535143973,0.0,0.004194744965337,0.0002853285700803,3.0,0.0043965047038567,-2.300475731381438,0.0,False,914061,2026-06-17 02:24:45+00:00,211,False,0.4966862201690674,sentence-transformers/all-mpnet-base-v2,confirmatory,True,True
2067133050765361432,CRM,False,,58,partial,True,-0.0106967658450868,0.0019391224014222,0.0,0.0015879446050451,0.000617919264544,3112.0,0.0022651270721544,0.5683231071234769,76.6388174807198,False,22330739,2026-06-17 06:31:39+00:00,98,False,0.6123172640800476,sentence-transformers/all-mpnet-base-v2,confirmatory,True,True
2067204120121885032,CRM,False,,58,partial,True,-0.0106967658450868,0.0019391224014222,0.0,0.0015879446050451,0.000617919264544,3112.0,0.0022651270721544,0.5683231071234769,76.6388174807198,False,22330739,2026-06-17 11:14:03+00:00,99,False,0.304078459739685,sentence-transformers/all-mpnet-base-v2,confirmatory,True,True
2067248713991352352,CRM,False,,57,partial,True,-0.0062238220021738,0.0009672923250204,0.0,0.0015879446050451,0.000617919264544,3112.0,0.0022651270721544,-1.0044229329582246,12.75706940874036,False,22330739,2026-06-17 14:11:15+00:00,100,False,0.4545131325721741,sentence-transformers/all-mpnet-base-v2,confirmatory,True,True
2067258671025770787,CRM,False,,58,partial,True,-0.004935742238055,0.0007593646358601,1.0,0.0010705933929371,0.0003302993832515,2193.0,0.0014833660400009,-0.9422626043475256,21.751025991792066,False,22330739,2026-06-17 14:50:49+00:00,101,False,0.7092294692993164,sentence-transformers/all-mpnet-base-v2,confirmatory,True,True
2067277141990056114,SHOP,False,,47,partial,True,-0.0041325829268981,0.0007925701907326,2.0,0.0014747561151007,0.0006296761045464,2272.0,0.0025959379889743,-1.0833917937216384,6.25,False,676573,2026-06-17 16:04:13+00:00,265,False,0.5674933195114136,sentence-transformers/all-mpnet-base-v2,exploratory_only,True,False
2067277220515922315,SHOP,False,,47,partial,True,-0.0041325829268981,0.0007925701907326,2.0,0.0014747561151007,0.0006296761045464,2272.0,0.0025959379889743,-1.0833917937216384,6.25,False,676573,2026-06-17 16:04:32+00:00,266,False,0.7351800203323364,sentence-transformers/all-mpnet-base-v2,exploratory_only,True,False
2067277302640361942,SHOP,False,,47,partial,True,-0.0041325829268981,0.0007925701907326,2.0,0.0014747561151007,0.0006296761045464,2272.0,0.0025959379889743,-1.0833917937216384,6.25,False,676573,2026-06-17 16:04:51+00:00,267,False,0.7253669500350952,sentence-transformers/all-mpnet-base-v2,exploratory_only,True,False
2067277372035150322,SHOP,False,,47,partial,True,-0.0029812734418788,0.0008120754331915,2.0,0.0014747561151007,0.0006296761045464,2272.0,0.0025959379889743,-1.0524151657091123,6.558098591549295,False,676573,2026-06-17 16:05:08+00:00,268,False,0.7466386556625366,sentence-transformers/all-mpnet-base-v2,exploratory_only,True,False
2067277489584701912,SHOP,False,,47,partial,True,-0.0029812734418788,0.0008120754331915,2.0,0.0014747561151007,0.0006296761045464,2272.0,0.0025959379889743,-1.0524151657091123,6.558098591549295,False,676573,2026-06-17 16:05:36+00:00,269,False,0.7884674072265625,sentence-transformers/all-mpnet-base-v2,exploratory_only,True,False
2067277565929394645,SHOP,False,,47,partial,True,-0.0029812734418788,0.0008120754331915,2.0,0.0014747561151007,0.0006296761045464,2272.0,0.0025959379889743,-1.0524151657091123,6.558098591549295,False,676573,2026-06-17 16:05:54+00:00,270,False,0.7437912225723267,sentence-transformers/all-mpnet-base-v2,exploratory_only,True,False
2067277638444753239,SHOP,False,,47,partial,True,-0.00276442217621,0.0008223657054064,2.0,0.0014747561151007,0.0006296761045464,2272.0,0.0025959379889743,-1.0360729984573085,7.086267605633803,False,676573,2026-06-17 16:06:11+00:00,271,False,0.7552701234817505,sentence-transformers/all-mpnet-base-v2,exploratory_only,True,False
2067277722691465501,SHOP,False,,47,partial,True,-0.00276442217621,0.0008223657054064,2.0,0.0014747561151007,0.0006296761045464,2272.0,0.0025959379889743,-1.0360729984573085,7.086267605633803,False,676573,2026-06-17 16:06:31+00:00,272,False,0.625409722328186,sentence-transformers/all-mpnet-base-v2,exploratory_only,True,False
2067277793717805137,SHOP,False,,47,partial,True,-0.00276442217621,0.0008223657054064,2.0,0.0014747561151007,0.0006296761045464,2272.0,0.0025959379889743,-1.0360729984573085,7.086267605633803,False,676573,2026-06-17 16:06:48+00:00,273,False,0.7705712914466858,sentence-transformers/all-mpnet-base-v2,exploratory_only,True,False
2067277805507985796,SHOP,False,,47,partial,True,-0.00276442217621,0.0008223657054064,2.0,0.0014747561151007,0.0006296761045464,2272.0,0.0025959379889743,-1.0360729984573085,7.086267605633803,False,676573,2026-06-17 16:06:51+00:00,274,False,0.6238511204719543,sentence-transformers/all-mpnet-base-v2,exploratory_only,True,False
2067326045368484137,HOOD,True,"fomc(ALL, 2026-06-17 18:00:00+00:00->2026-06-17 20:00:00+00:00)",42,partial,False,-0.0209649228928777,0.0026040681007059,5.0,0.0012864632027318,0.0005528423224853,6233.0,0.0019156052701326,2.383328562926729,96.58270495748437,True,605700792,2026-06-17 19:18:32+00:00,230,False,0.577024519443512,sentence-transformers/all-mpnet-base-v2,confirmatory,True,False
2067455756795039957,BOX,False,,39,partial,True,-0.0162483987524623,0.0019353405403772,0.0,0.004194744965337,0.0002853285700803,3.0,0.0043965047038567,-7.918605642341991,0.0,False,914061,2026-06-18 03:53:58+00:00,211,False,0.2402012944221496,sentence-transformers/all-mpnet-base-v2,confirmatory,True,True
2067584164564512814,SHOP,False,,55,partial,True,-0.0084875752623853,0.0029460834464384,0.0,0.0021830597770019,0.0010972910583416,4468.0,0.0033168907278232,0.695370351955444,83.61683079677708,False,676573,2026-06-18 12:24:13+00:00,275,False,0.5511698722839355,sentence-transformers/all-mpnet-base-v2,exploratory_only,True,False
2067634505914155336,HOOD,False,,59,partial,True,0.002317408082274,0.0013128449597162,2.0,0.001537110318051,0.0006474939279101,10131.0,0.0021891213272673,-0.3463590138345361,43.67782055078472,False,605700792,2026-06-18 15:44:15+00:00,227,False,0.6549399495124817,sentence-transformers/all-mpnet-base-v2,confirmatory,True,True
2067687737868640720,SHOP,False,,43,partial,True,-0.0057645219825632,0.0011837332583783,5.0,0.0011814904504143,0.0005788969127489,2397.0,0.0019690548868291,0.0038742786748153,67.37588652482269,False,676573,2026-06-18 19:15:47+00:00,275,False,0.4678876399993896,sentence-transformers/all-mpnet-base-v2,exploratory_only,True,False
2067704868643738008,HOOD,False,,60,complete,True,0.0020289184665384,0.0035112579292447,0.0,0.0024686517521656,0.0010353669234942,13891.0,0.0035687533395987,1.006991969147062,89.05766323518826,False,605700792,2026-06-18 20:23:51+00:00,227,False,0.4822659492492676,sentence-transformers/all-mpnet-base-v2,confirmatory,True,True
2067754874813710593,HOOD,False,,60,complete,True,0.0020289184665384,0.0035112579292447,0.0,0.0024686517521656,0.0010353669234942,13891.0,0.0035687533395987,1.006991969147062,89.05766323518826,False,605700792,2026-06-18 23:42:33+00:00,228,False,0.5406808853149414,sentence-transformers/all-mpnet-base-v2,confirmatory,True,True
2067754876109774854,HOOD,False,,60,complete,True,0.0020289184665384,0.0035112579292447,0.0,0.0024686517521656,0.0010353669234942,13891.0,0.0035687533395987,1.006991969147062,89.05766323518826,False,605700792,2026-06-18 23:42:34+00:00,229,False,0.5770021677017212,sentence-transformers/all-mpnet-base-v2,confirmatory,True,True
2067802697324212562,BOX,False,,39,partial,True,-0.0008672144334442,0.0029212481284242,0.0,0.004194744965337,0.0002853285700803,3.0,0.0043965047038567,-4.463264357137863,0.0,False,914061,2026-06-19 02:52:35+00:00,211,False,0.3912466764450073,sentence-transformers/all-mpnet-base-v2,confirmatory,True,True
2067821985342878180,BOX,False,,39,partial,True,-0.0008672144334442,0.0029212481284242,0.0,0.004194744965337,0.0002853285700803,3.0,0.0043965047038567,-4.463264357137863,0.0,False,914061,2026-06-19 04:09:14+00:00,212,False,0.4057047367095947,sentence-transformers/all-mpnet-base-v2,confirmatory,True,True
2068041675264688273,HOOD,False,,60,complete,True,0.0020289184665384,0.0035112579292447,0.0,0.0024686517521656,0.0010353669234942,13891.0,0.0035687533395987,1.006991969147062,89.05766323518826,False,605700792,2026-06-19 18:42:12+00:00,230,False,0.5259802937507629,sentence-transformers/all-mpnet-base-v2,confirmatory,True,True
2068068247413694532,BOX,False,,39,partial,True,-0.0008672144334442,0.0029212481284242,0.0,0.004194744965337,0.0002853285700803,3.0,0.0043965047038567,-4.463264357137863,0.0,False,914061,2026-06-19 20:27:47+00:00,212,False,0.30426025390625,sentence-transformers/all-mpnet-base-v2,confirmatory,True,True
2068372053766369290,SHOP,False,,60,complete,True,-0.0003607760121525,0.0032418049034738,0.0,0.0021830597770019,0.0010972910583416,4468.0,0.0033168907278232,0.9648717342799618,88.5183527305282,False,676573,2026-06-20 16:35:00+00:00,275,False,0.5783445239067078,sentence-transformers/all-mpnet-base-v2,exploratory_only,True,False
2068434042148782515,BOX,False,,39,partial,True,-0.0008672144334442,0.0029212481284242,0.0,0.004194744965337,0.0002853285700803,3.0,0.0043965047038567,-4.463264357137863,0.0,False,914061,2026-06-20 20:41:19+00:00,213,False,0.413920521736145,sentence-transformers/all-mpnet-base-v2,confirmatory,True,True
2068462305398899059,SHOP,False,,60,complete,True,-0.0003607760121525,0.0032418049034738,0.0,0.0021830597770019,0.0010972910583416,4468.0,0.0033168907278232,0.9648717342799618,88.5183527305282,False,676573,2026-06-20 22:33:38+00:00,275,False,0.5571902990341187,sentence-transformers/all-mpnet-base-v2,exploratory_only,True,False
2068471946237358379,SHOP,False,,60,complete,True,-0.0003607760121525,0.0032418049034738,0.0,0.0021830597770019,0.0010972910583416,4468.0,0.0033168907278232,0.9648717342799618,88.5183527305282,False,676573,2026-06-20 23:11:56+00:00,276,False,0.6008338332176208,sentence-transformers/all-mpnet-base-v2,exploratory_only,True,False
2068792523753996518,QCOM,False,,60,complete,True,0.0173525403628979,0.0049522501222424,0.0,0.0017324859379107,0.0009055282058883,4816.0,0.0031227343684163,3.5556751997282623,99.87541528239204,True,234930762,2026-06-21 20:25:48+00:00,66,False,0.562706708908081,sentence-transformers/all-mpnet-base-v2,confirmatory,True,True
2068795171823608227,QCOM,False,,60,complete,True,0.0173525403628979,0.0049522501222424,0.0,0.0017324859379107,0.0009055282058883,4816.0,0.0031227343684163,3.5556751997282623,99.87541528239204,True,234930762,2026-06-21 20:36:19+00:00,67,False,0.4666038155555725,sentence-transformers/all-mpnet-base-v2,confirmatory,True,True
2068806527004348577,QCOM,False,,60,complete,True,0.0173525403628979,0.0049522501222424,0.0,0.0017324859379107,0.0009055282058883,4816.0,0.0031227343684163,3.5556751997282623,99.87541528239204,True,234930762,2026-06-21 21:21:27+00:00,68,False,0.5637722015380859,sentence-transformers/all-mpnet-base-v2,confirmatory,True,True
2068851573175021864,BOX,False,,39,partial,True,-0.0008672144334442,0.0029212481284242,0.0,0.004194744965337,0.0002853285700803,3.0,0.0043965047038567,-4.463264357137863,0.0,False,914061,2026-06-22 00:20:27+00:00,212,False,0.2079763412475586,sentence-transformers/all-mpnet-base-v2,confirmatory,True,True
2068887258149871697,HOOD,False,,60,complete,True,0.0020289184665384,0.0035112579292447,0.0,0.0024686517521656,0.0010353669234942,13891.0,0.0035687533395987,1.006991969147062,89.05766323518826,False,605700792,2026-06-22 02:42:15+00:00,226,False,0.6468163132667542,sentence-transformers/all-mpnet-base-v2,confirmatory,True,True
2068917230570795178,BOX,False,,39,partial,True,-0.0008672144334442,0.0029212481284242,0.0,0.004194744965337,0.0002853285700803,3.0,0.0043965047038567,-4.463264357137863,0.0,False,914061,2026-06-22 04:41:21+00:00,213,False,0.3508557081222534,sentence-transformers/all-mpnet-base-v2,confirmatory,True,True
2069036531071754525,CRM,False,,31,partial,True,0.0063742668070791,0.002773207694098,,,,,,,,False,22330739,2026-06-22 12:35:24+00:00,101,False,0.3542153239250183,sentence-transformers/all-mpnet-base-v2,confirmatory,True,True
2069083242704273719,HOOD,False,,58,partial,True,-0.0051045887010955,0.00164397690192,2.0,0.001537110318051,0.0006474939279101,10131.0,0.0021891213272673,0.1650464649357324,66.53834764583951,False,605700792,2026-06-22 15:41:01+00:00,227,False,0.8059067726135254,sentence-transformers/all-mpnet-base-v2,confirmatory,True,True
2069088587619193173,QCOM,False,,52,partial,True,0.0085971934557422,0.0013969523853293,2.0,0.001322062776426,0.0006958446398886,1733.0,0.002085494805309,0.1076240364736833,63.93537218695903,False,234930762,2026-06-22 16:02:15+00:00,69,False,0.5443283319473267,sentence-transformers/all-mpnet-base-v2,confirmatory,True,True
2069140445205348432,BOX,False,,28,partial,True,0.0060131764800623,0.0010968861456372,6.0,,,,,,,False,914061,2026-06-22 19:28:19+00:00,214,False,0.562000036239624,sentence-transformers/all-mpnet-base-v2,confirmatory,True,True
2069216058926637078,HOOD,False,,1,insufficient,False,-0.0294365280293564,,,,,,,,,False,605700792,2026-06-23 00:28:47+00:00,228,False,0.6251155734062195,sentence-transformers/all-mpnet-base-v2,confirmatory,True,False
2069228335255949775,BOX,False,,37,partial,True,0.0206653740132504,0.0024194900932836,0.0,0.004194744965337,0.0002853285700803,3.0,0.0043965047038567,-6.221791500070761,0.0,False,914061,2026-06-23 01:17:34+00:00,214,False,0.3338119983673095,sentence-transformers/all-mpnet-base-v2,confirmatory,True,True
2069480886211346895,CRM,False,,56,partial,True,0.0013136087855565,0.0005437007386752,4.0,0.0008601445308332,0.0004317505862432,1469.0,0.0011613137631727,-0.7329319339469833,13.002042205582027,False,22330739,2026-06-23 18:01:07+00:00,101,False,0.5895993709564209,sentence-transformers/all-mpnet-base-v2,confirmatory,True,True
2069596515560267891,BOX,False,,34,partial,True,0.0169993809908912,0.0035530101173353,0.0,0.004194744965337,0.0002853285700803,3.0,0.0043965047038567,-2.2491082747898097,0.0,False,914061,2026-06-24 01:40:35+00:00,215,False,0.4437873959541321,sentence-transformers/all-mpnet-base-v2,confirmatory,True,True
2069598972579029422,QCOM,False,,60,complete,True,-0.0424397880899374,0.0041169860851887,0.0,0.0017324859379107,0.0009055282058883,4816.0,0.0031227343684163,2.633269876931916,98.58803986710964,True,234930762,2026-06-24 01:50:21+00:00,69,False,0.3460927009582519,sentence-transformers/all-mpnet-base-v2,confirmatory,True,True
2069639600310767616,BOX,False,,34,partial,True,0.0169993809908912,0.0035530101173353,0.0,0.004194744965337,0.0002853285700803,3.0,0.0043965047038567,-2.2491082747898097,0.0,False,914061,2026-06-24 04:31:47+00:00,216,False,0.5006713271141052,sentence-transformers/all-mpnet-base-v2,confirmatory,True,True
2069822102660640873,QCOM,False,,59,partial,True,-0.0001897484490741,0.0017744591625277,3.0,0.0011347929536885,0.0005617187407871,1807.0,0.0019061194460276,1.1387660093782417,88.32318760376315,False,234930762,2026-06-24 16:36:59+00:00,70,False,0.5993733406066895,sentence-transformers/all-mpnet-base-v2,confirmatory,True,True
2069956584495591537,SHOP,False,,60,complete,True,0.0028542406501155,0.0031194088542021,0.0,0.0021830597770019,0.0010972910583416,4468.0,0.0033168907278232,0.8533279024576583,86.83974932855864,False,676573,2026-06-25 01:31:22+00:00,270,False,0.6136453151702881,sentence-transformers/all-mpnet-base-v2,exploratory_only,True,False
2069975251476422664,BOX,False,,29,partial,True,-0.0044114835149826,0.0030692981648478,0.0,0.004194744965337,0.0002853285700803,3.0,0.0043965047038567,-3.944388745130377,0.0,False,914061,2026-06-25 02:45:32+00:00,216,False,0.5193912982940674,sentence-transformers/all-mpnet-base-v2,confirmatory,True,True
2070160108424663202,HOOD,False,,59,partial,True,0.002152246722472,0.0016036326930405,1.0,0.0017163780306508,0.0006345735237307,13323.0,0.0024248767060085,-0.1776710395155228,51.19717781280493,False,605700792,2026-06-25 15:00:06+00:00,223,False,0.3186230659484863,sentence-transformers/all-mpnet-base-v2,confirmatory,True,True
2070180313654063255,MSFT,False,,60,complete,True,-0.0019958118752485,0.0006437082448844,2.0,0.0005469180339176,0.0002536873704358,10190.0,0.0007458176265516,0.3815334236011345,78.21393523061825,False,20571756,2026-06-25 16:20:23+00:00,95,False,0.3662438988685608,sentence-transformers/all-mpnet-base-v2,null_baseline,True,False
2070180315117875587,MSFT,False,,60,complete,True,-0.0019958118752485,0.0006437082448844,2.0,0.0005469180339176,0.0002536873704358,10190.0,0.0007458176265516,0.3815334236011345,78.21393523061825,False,20571756,2026-06-25 16:20:23+00:00,95,False,0.6540771126747131,sentence-transformers/all-mpnet-base-v2,null_baseline,True,False
2070186626928529892,HOOD,False,,56,partial,True,0.0007434154630416,0.0011272369773041,3.0,0.0015068207603171,0.000909155016159,8915.0,0.0022131931570161,-0.4175127192463245,34.234436343241725,False,605700792,2026-06-25 16:45:28+00:00,224,False,0.4526238441467285,sentence-transformers/all-mpnet-base-v2,confirmatory,True,True
2070186628589449475,HOOD,False,,56,partial,True,0.0007434154630416,0.0011272369773041,3.0,0.0015068207603171,0.000909155016159,8915.0,0.0022131931570161,-0.4175127192463245,34.234436343241725,False,605700792,2026-06-25 16:45:29+00:00,225,False,0.6973667740821838,sentence-transformers/all-mpnet-base-v2,confirmatory,True,True
2070196046106349977,SHOP,False,,48,partial,True,-4.680960447012161e-05,0.001317972909215,3.0,0.0014734619751447,0.0011711801518062,1872.0,0.0023870645160023,-0.1327627228739246,59.56196581196581,False,676573,2026-06-25 17:22:54+00:00,271,False,0.4842466115951538,sentence-transformers/all-mpnet-base-v2,exploratory_only,True,False
2070300449756840419,CRM,False,,56,partial,True,0.0376703886974789,0.0023831343750494,0.0,0.0015879446050451,0.000617919264544,3112.0,0.0022651270721544,1.2868829564507285,92.5771208226221,True,22330739,2026-06-26 00:17:46+00:00,101,False,0.5292602777481079,sentence-transformers/all-mpnet-base-v2,confirmatory,True,True
2070303126280605811,QCOM,False,,60,complete,True,0.0054836570695306,0.0037734324456061,0.0,0.0017324859379107,0.0009055282058883,4816.0,0.0031227343684163,2.253874031116625,97.17607973421929,True,234930762,2026-06-26 00:28:24+00:00,71,False,0.2581630945205688,sentence-transformers/all-mpnet-base-v2,confirmatory,True,True
2070304246935765210,QCOM,False,,60,complete,True,0.0054836570695306,0.0037734324456061,0.0,0.0017324859379107,0.0009055282058883,4816.0,0.0031227343684163,2.253874031116625,97.17607973421929,True,234930762,2026-06-26 00:32:51+00:00,72,False,0.5191929340362549,sentence-transformers/all-mpnet-base-v2,confirmatory,True,True
2070310706369712272,BOX,False,,45,partial,True,0.0367875059106288,0.002101692181556,0.0,0.004194744965337,0.0002853285700803,3.0,0.0043965047038567,-7.335587821406891,0.0,False,914061,2026-06-26 00:58:31+00:00,217,False,0.3787072896957397,sentence-transformers/all-mpnet-base-v2,confirmatory,True,True
2070370225271251161,BOX,False,,45,partial,True,0.0367875059106288,0.002101692181556,0.0,0.004194744965337,0.0002853285700803,3.0,0.0043965047038567,-7.335587821406891,0.0,False,914061,2026-06-26 04:55:01+00:00,217,False,0.4399229288101196,sentence-transformers/all-mpnet-base-v2,confirmatory,True,True
2070563281916620895,BOX,False,,32,partial,True,0.0020416488607228,0.0007289942477859,4.0,0.0006705297706363,0.0,1.0,0.0006705297706363,,100.0,True,914061,2026-06-26 17:42:10+00:00,218,False,0.4181019067764282,sentence-transformers/all-mpnet-base-v2,confirmatory,True,True
2070563776420782115,HOOD,False,,60,complete,True,-0.0017815249274562,0.0010055505659486,4.0,0.0013431431635813,0.0006582170574046,9575.0,0.0020093680065816,-0.5128894698714237,31.66579634464752,False,605700792,2026-06-26 17:44:08+00:00,224,False,0.5532206296920776,sentence-transformers/all-mpnet-base-v2,confirmatory,True,True
2070576615852024289,SHOP,False,,53,partial,True,0.0018977019340821,0.0010013623399328,5.0,0.0011814904504143,0.0005788969127489,2397.0,0.0019690548868291,-0.3111574902449272,51.18898623279099,False,676573,2026-06-26 18:35:09+00:00,270,False,0.5536905527114868,sentence-transformers/all-mpnet-base-v2,exploratory_only,True,False
2070587111884120130,HOOD,False,,43,partial,True,0.022119496759164,0.0038886132840084,5.0,0.0012864632027318,0.0005528423224853,6233.0,0.0019156052701326,4.706857589300469,99.11759987165088,True,605700792,2026-06-26 19:16:51+00:00,225,False,0.6767047047615051,sentence-transformers/all-mpnet-base-v2,confirmatory,True,True
2070682290464919874,BOX,False,,52,partial,True,0.0241436045959901,0.0022470679186399,0.0,0.004194744965337,0.0002853285700803,3.0,0.0043965047038567,-6.8260849102788805,0.0,False,914061,2026-06-27 01:35:04+00:00,219,False,0.9186336994171144,sentence-transformers/all-mpnet-base-v2,confirmatory,True,True
2070937863806751154,BOX,False,,52,partial,True,0.0241436045959901,0.0022470679186399,0.0,0.004194744965337,0.0002853285700803,3.0,0.0043965047038567,-6.8260849102788805,0.0,False,914061,2026-06-27 18:30:37+00:00,220,False,0.4325286149978637,sentence-transformers/all-mpnet-base-v2,confirmatory,True,True
2071253118252356001,BOX,False,,52,partial,True,0.0241436045959901,0.0022470679186399,0.0,0.004194744965337,0.0002853285700803,3.0,0.0043965047038567,-6.8260849102788805,0.0,False,914061,2026-06-28 15:23:20+00:00,220,False,0.5626777410507202,sentence-transformers/all-mpnet-base-v2,confirmatory,True,True
2071630137414619508,HOOD,False,,57,partial,True,0.0071325837544296,0.0011074544901165,2.0,0.001537110318051,0.0006474939279101,10131.0,0.0021891213272673,-0.6635673469885173,25.19988155167308,False,605700792,2026-06-29 16:21:28+00:00,222,False,0.778538703918457,sentence-transformers/all-mpnet-base-v2,confirmatory,True,True
2071692785460072819,HOOD,False,,60,complete,True,-0.0014644142437032,0.0030925641182741,0.0,0.0024686517521656,0.0010353669234942,13891.0,0.0035687533395987,0.6026002491975283,80.79331941544885,False,605700792,2026-06-29 20:30:24+00:00,223,False,0.464065670967102,sentence-transformers/all-mpnet-base-v2,confirmatory,True,True
2071730234622418994,QCOM,False,,60,complete,True,0.0188477487382248,0.0035003593024579,0.0,0.0017324859379107,0.0009055282058883,4816.0,0.0031227343684163,1.952311759094131,95.16196013289036,True,234930762,2026-06-29 22:59:13+00:00,72,False,0.3685703873634338,sentence-transformers/all-mpnet-base-v2,confirmatory,True,True
2071775583072375214,BOX,False,,27,insufficient,False,-0.0008476380646544,0.0022602199118325,0.0,0.004194744965337,0.0002853285700803,3.0,0.0043965047038567,-6.779990706712644,0.0,False,914061,2026-06-30 01:59:25+00:00,219,False,0.5347771048545837,sentence-transformers/all-mpnet-base-v2,confirmatory,True,False
2071992799109824562,BOX,False,,34,partial,True,0.0034173996779043,0.0008072886477088,2.0,,,,,,,False,914061,2026-06-30 16:22:33+00:00,220,False,0.3026903867721557,sentence-transformers/all-mpnet-base-v2,confirmatory,True,True
2072013455394062434,SHOP,False,,54,partial,True,-0.0069108423848195,0.0006748063111587,4.0,0.00134700672299,0.000850454886297,2585.0,0.0021921378277236,-0.7904010226317163,9.555125725338492,False,676573,2026-06-30 17:44:38+00:00,269,False,0.4972167611122131,sentence-transformers/all-mpnet-base-v2,exploratory_only,True,False
2072046374045249671,BOX,False,,4,insufficient,False,-0.0025077869296051,0.0003199988457651,6.0,,,,,,,False,914061,2026-06-30 19:55:26+00:00,221,False,0.4345458149909973,sentence-transformers/all-mpnet-base-v2,confirmatory,True,False
2072172275017879829,BOX,False,,44,partial,True,0.0351080387967656,0.0025582921058625,0.0,0.004194744965337,0.0002853285700803,3.0,0.0043965047038567,-5.735327727656488,0.0,False,914061,2026-07-01 04:15:44+00:00,222,False,0.5972697734832764,sentence-transformers/all-mpnet-base-v2,confirmatory,True,True
2072311376295379123,SHOP,False,,60,complete,True,0.0500949804708933,0.0030045977243665,0.0,0.0021830597770019,0.0010972910583416,4468.0,0.0033168907278232,0.7486964749409787,84.46732318710832,False,676573,2026-07-01 13:28:28+00:00,270,False,0.5556522607803345,sentence-transformers/all-mpnet-base-v2,exploratory_only,True,False
2072311562220576905,SHOP,False,,60,complete,True,0.0500949804708933,0.0030045977243665,0.0,0.0021830597770019,0.0010972910583416,4468.0,0.0033168907278232,0.7486964749409787,84.46732318710832,False,676573,2026-07-01 13:29:12+00:00,271,False,0.7306352853775024,sentence-transformers/all-mpnet-base-v2,exploratory_only,True,False
2072357156012081527,HOOD,False,,60,complete,True,-0.0004538807033851,0.0010653588097577,3.0,0.0015068207603171,0.000909155016159,8915.0,0.0022131931570161,-0.4855739040240568,28.379136287156477,False,605700792,2026-07-01 16:30:23+00:00,223,False,0.7107043266296387,sentence-transformers/all-mpnet-base-v2,confirmatory,True,True
2072368961795039694,SHOP,False,,57,partial,True,0.0029588868028875,0.0006359901058719,3.0,0.0014734619751447,0.0011711801518062,1872.0,0.0023870645160023,-0.7150666513441192,4.967948717948718,False,676573,2026-07-01 17:17:17+00:00,272,False,0.7585758566856384,sentence-transformers/all-mpnet-base-v2,exploratory_only,True,False
2072372393038028973,QCOM,False,,59,partial,True,0.0097352032016964,0.0048205867228125,4.0,0.0009476882220797,0.0005636901752572,2138.0,0.0014189505937958,6.870615580562973,99.62581852198316,True,234930762,2026-07-01 17:30:55+00:00,73,False,0.350844144821167,sentence-transformers/all-mpnet-base-v2,confirmatory,True,True
2072375574035583273,HOOD,False,,60,complete,True,-0.0045204029694519,0.0013259609770642,4.0,0.0013431431635813,0.0006582170574046,9575.0,0.0020093680065816,-0.0261041343790761,62.96605744125326,False,605700792,2026-07-01 17:43:34+00:00,224,False,0.5900067090988159,sentence-transformers/all-mpnet-base-v2,confirmatory,True,True
2072375933915525312,HOOD,False,,60,complete,True,-0.0059836354860519,0.0013230572461096,4.0,0.0013431431635813,0.0006582170574046,9575.0,0.0020093680065816,-0.0305156441111731,62.79895561357702,False,605700792,2026-07-01 17:45:00+00:00,225,False,0.6479310989379883,sentence-transformers/all-mpnet-base-v2,confirmatory,True,True
2072378897912455230,HOOD,False,,60,complete,True,-0.0042498509960873,0.0014102247507382,4.0,0.0013431431635813,0.0006582170574046,9575.0,0.0020093680065816,0.1019140819920649,68.50130548302872,False,605700792,2026-07-01 17:56:46+00:00,226,False,0.644833505153656,sentence-transformers/all-mpnet-base-v2,confirmatory,True,True
2072519377371459836,BOX,True,"jobs_report(ALL, 2026-07-02 12:30:00+00:00->2026-07-02 20:00:00+00:00)",34,partial,False,0.0061681383755805,0.0025308319130946,0.0,0.004194744965337,0.0002853285700803,3.0,0.0043965047038567,-5.831568327608146,0.0,False,914061,2026-07-02 03:14:59+00:00,223,False,0.306393027305603,sentence-transformers/all-mpnet-base-v2,confirmatory,True,False
2072708957077176563,MSFT,True,"jobs_report(ALL, 2026-07-02 12:30:00+00:00->2026-07-02 20:00:00+00:00)",60,complete,False,0.0073036953359335,0.0007471153684062,2.0,0.0005469180339176,0.0002536873704358,10190.0,0.0007458176265516,0.7891497875699318,90.03925417075564,True,20571756,2026-07-02 15:48:19+00:00,96,False,0.3896251916885376,sentence-transformers/all-mpnet-base-v2,null_baseline,True,False
2072748263208616222,QCOM,True,"jobs_report(ALL, 2026-07-02 12:30:00+00:00->2026-07-02 20:00:00+00:00)",60,complete,False,-0.0010531215158134,0.0015086104410165,4.0,0.0009476882220797,0.0005636901752572,2138.0,0.0014189505937958,0.9950895785628484,91.90832553788589,True,234930762,2026-07-02 18:24:30+00:00,73,False,0.2670648097991943,sentence-transformers/all-mpnet-base-v2,confirmatory,True,False
2072875685811716182,BOX,False,,21,insufficient,False,-0.0158473653996865,0.0026201056202725,0.0,0.004194744965337,0.0002853285700803,3.0,0.0043965047038567,-5.518687962516289,0.0,False,914061,2026-07-03 02:50:50+00:00,224,False,0.2373631596565246,sentence-transformers/all-mpnet-base-v2,confirmatory,True,False
2073138135014502777,BOX,False,,21,insufficient,False,-0.0158473653996865,0.0026201056202725,0.0,0.004194744965337,0.0002853285700803,3.0,0.0043965047038567,-5.518687962516289,0.0,False,914061,2026-07-03 20:13:43+00:00,225,False,0.2706818580627441,sentence-transformers/all-mpnet-base-v2,confirmatory,True,False
2073423003514225056,CRM,False,,60,complete,True,-0.0190640229508639,0.0020348889532013,0.0,0.0015879446050451,0.000617919264544,3112.0,0.0022651270721544,0.7233054118906042,80.46272493573264,False,22330739,2026-07-04 15:05:41+00:00,101,False,0.5628275871276855,sentence-transformers/all-mpnet-base-v2,confirmatory,True,True
2073453889068695799,HOOD,False,,60,complete,True,0.0151124632745913,0.0028493204902436,0.0,0.0024686517521656,0.0010353669234942,13891.0,0.0035687533395987,0.3676655390856996,74.71024404290549,False,605700792,2026-07-04 17:08:24+00:00,227,False,0.4438644647598266,sentence-transformers/all-mpnet-base-v2,confirmatory,True,True
2073465899575820371,QCOM,False,,60,complete,True,0.0498673233344713,0.0028007597856446,0.0,0.0017324859379107,0.0009055282058883,4816.0,0.0031227343684163,1.1797245417506186,83.74169435215947,False,234930762,2026-07-04 17:56:08+00:00,74,False,0.6657921075820923,sentence-transformers/all-mpnet-base-v2,confirmatory,True,True
2073483292054032599,CRM,False,,60,complete,True,-0.0190640229508639,0.0020348889532013,0.0,0.0015879446050451,0.000617919264544,3112.0,0.0022651270721544,0.7233054118906042,80.46272493573264,False,22330739,2026-07-04 19:05:14+00:00,102,False,0.5579061508178711,sentence-transformers/all-mpnet-base-v2,confirmatory,True,True
2073776496859082949,SHOP,False,,59,partial,True,-0.0323444369581151,0.0025677694832377,0.0,0.0021830597770019,0.0010972910583416,4468.0,0.0033168907278232,0.3505995089554991,76.6338406445837,False,676573,2026-07-05 14:30:20+00:00,272,False,0.51725172996521,sentence-transformers/all-mpnet-base-v2,exploratory_only,True,False
2074163686990913576,BOX,False,,37,partial,True,0.0090081109647373,0.0006024923344507,2.0,,,,,,,False,914061,2026-07-06 16:08:53+00:00,224,False,0.2951445579528808,sentence-transformers/all-mpnet-base-v2,confirmatory,True,True
2074205699123327371,HOOD,False,,60,complete,True,0.0040670498478204,0.001262492118542,5.0,0.0012864632027318,0.0005528423224853,6233.0,0.0019156052701326,-0.0433597125524554,59.73046686988609,False,605700792,2026-07-06 18:55:50+00:00,225,False,0.5331999063491821,sentence-transformers/all-mpnet-base-v2,confirmatory,True,True
2074329479451640156,HOOD,False,,28,partial,True,-0.0039409047095675,0.0039873507485037,,,,,,,,False,605700792,2026-07-07 03:07:41+00:00,225,False,0.7024013996124268,sentence-transformers/all-mpnet-base-v2,confirmatory,True,True
2074329947280195668,HOOD,False,,28,partial,True,-0.0039409047095675,0.0039873507485037,,,,,,,,False,605700792,2026-07-07 03:09:33+00:00,226,False,0.5550544261932373,sentence-transformers/all-mpnet-base-v2,confirmatory,True,True
2074493694137258222,SHOP,False,,58,partial,True,-0.0037612815559591,0.0018929680769049,0.0,0.0021830597770019,0.0010972910583416,4468.0,0.0033168907278232,-0.2643707864851691,49.59713518352731,False,676573,2026-07-07 14:00:13+00:00,271,False,0.5048915147781372,sentence-transformers/all-mpnet-base-v2,exploratory_only,True,False
2074493890124816461,QCOM,False,,60,complete,True,-0.0086990054067094,0.0019689395306606,0.0,0.0017324859379107,0.0009055282058883,4816.0,0.0031227343684163,0.2611222833395147,69.39368770764119,False,234930762,2026-07-07 14:01:00+00:00,75,False,0.5012940764427185,sentence-transformers/all-mpnet-base-v2,confirmatory,True,True
2074528241990394178,BOX,False,,37,partial,True,-0.0071975841010173,0.0008760686837433,2.0,,,,,,,False,914061,2026-07-07 16:17:30+00:00,224,False,0.4583836197853088,sentence-transformers/all-mpnet-base-v2,confirmatory,True,True
2074587444595560870,HOOD,False,,59,partial,True,-0.0021235216023228,0.003191854216059,0.0,0.0024686517521656,0.0010353669234942,13891.0,0.0035687533395987,0.6984987133380253,83.42092002015694,False,605700792,2026-07-07 20:12:45+00:00,227,False,0.6666631698608398,sentence-transformers/all-mpnet-base-v2,confirmatory,True,True
2074588628270137489,HOOD,False,,59,partial,True,-0.0021235216023228,0.003191854216059,0.0,0.0024686517521656,0.0010353669234942,13891.0,0.0035687533395987,0.6984987133380253,83.42092002015694,False,605700792,2026-07-07 20:17:27+00:00,228,False,0.472615122795105,sentence-transformers/all-mpnet-base-v2,confirmatory,True,True
2074588631457841308,HOOD,False,,59,partial,True,-0.0021235216023228,0.003191854216059,0.0,0.0024686517521656,0.0010353669234942,13891.0,0.0035687533395987,0.6984987133380253,83.42092002015694,False,605700792,2026-07-07 20:17:28+00:00,229,False,0.6423287987709045,sentence-transformers/all-mpnet-base-v2,confirmatory,True,True
2074646246476890610,HOOD,False,,59,partial,True,-0.0021235216023228,0.003191854216059,0.0,0.0024686517521656,0.0010353669234942,13891.0,0.0035687533395987,0.6984987133380253,83.42092002015694,False,605700792,2026-07-08 00:06:24+00:00,230,False,0.5414695739746094,sentence-transformers/all-mpnet-base-v2,confirmatory,True,True
2074695821896065360,HOOD,False,,59,partial,True,-0.0021235216023228,0.003191854216059,0.0,0.0024686517521656,0.0010353669234942,13891.0,0.0035687533395987,0.6984987133380253,83.42092002015694,False,605700792,2026-07-08 03:23:24+00:00,230,False,0.5648269653320312,sentence-transformers/all-mpnet-base-v2,confirmatory,True,True
2074719479377109312,BOX,False,,36,partial,True,-0.0044694244630392,0.0013869958739709,0.0,0.004194744965337,0.0002853285700803,3.0,0.0043965047038567,-9.840406414875462,0.0,False,914061,2026-07-08 04:57:24+00:00,224,False,0.3234699964523315,sentence-transformers/all-mpnet-base-v2,confirmatory,True,True
2074791252931858578,CRM,False,,56,partial,True,-0.0171681617100406,0.0017111290861499,0.0,0.0015879446050451,0.000617919264544,3112.0,0.0022651270721544,0.1993536828726989,64.26735218508998,False,22330739,2026-07-08 09:42:37+00:00,103,False,0.4582196474075317,sentence-transformers/all-mpnet-base-v2,confirmatory,True,True
2074813788864328162,CRM,False,,56,partial,True,-0.0171681617100406,0.0017111290861499,0.0,0.0015879446050451,0.000617919264544,3112.0,0.0022651270721544,0.1993536828726989,64.26735218508998,False,22330739,2026-07-08 11:12:10+00:00,104,False,0.3652554750442505,sentence-transformers/all-mpnet-base-v2,confirmatory,True,True
2074904379572764929,CRM,False,,57,partial,True,0.0058825129419586,0.0004400720557838,3.0,0.000908550209073,0.0005165549041987,1167.0,0.0014491224011171,-0.9069280912469144,2.913453299057412,False,22330739,2026-07-08 17:12:08+00:00,105,False,0.563363254070282,sentence-transformers/all-mpnet-base-v2,confirmatory,True,True
2074922515328348610,HOOD,False,,60,complete,True,0.0170157893929682,0.0009796793149031,4.0,0.0013431431635813,0.0006582170574046,9575.0,0.0020093680065816,-0.552194514847805,28.71018276762402,False,605700792,2026-07-08 18:24:12+00:00,230,False,0.6508319973945618,sentence-transformers/all-mpnet-base-v2,confirmatory,True,True
2074952799121776709,HOOD,False,,60,complete,True,0.0161830813398968,0.0026628211378524,0.0,0.0024686517521656,0.0010353669234942,13891.0,0.0035687533395987,0.1875367865061473,68.18083651285005,False,605700792,2026-07-08 20:24:32+00:00,231,False,0.5626349449157715,sentence-transformers/all-mpnet-base-v2,confirmatory,True,True
2074952874346578107,HOOD,False,,60,complete,True,0.0161830813398968,0.0026628211378524,0.0,0.0024686517521656,0.0010353669234942,13891.0,0.0035687533395987,0.1875367865061473,68.18083651285005,False,605700792,2026-07-08 20:24:50+00:00,232,False,0.4425647258758545,sentence-transformers/all-mpnet-base-v2,confirmatory,True,True
2074953820690587714,HOOD,False,,60,complete,True,0.0161830813398968,0.0026628211378524,0.0,0.0024686517521656,0.0010353669234942,13891.0,0.0035687533395987,0.1875367865061473,68.18083651285005,False,605700792,2026-07-08 20:28:36+00:00,233,False,0.5790697336196899,sentence-transformers/all-mpnet-base-v2,confirmatory,True,True
2075005637852020928,HOOD,False,,60,complete,True,0.0161830813398968,0.0026628211378524,0.0,0.0024686517521656,0.0010353669234942,13891.0,0.0035687533395987,0.1875367865061473,68.18083651285005,False,605700792,2026-07-08 23:54:30+00:00,234,False,0.5625771284103394,sentence-transformers/all-mpnet-base-v2,confirmatory,True,True
2075073587015516228,BOX,False,,40,partial,True,-0.0118697135373661,0.0018245872423456,0.0,0.004194744965337,0.0002853285700803,3.0,0.0043965047038567,-8.306766204042505,0.0,False,914061,2026-07-09 04:24:30+00:00,225,False,0.2987070083618164,sentence-transformers/all-mpnet-base-v2,confirmatory,True,True
2075218665826636038,QCOM,False,,59,partial,True,0.0152615238612339,0.0022976470796401,0.0,0.0017324859379107,0.0009055282058883,4816.0,0.0031227343684163,0.6241231781123388,74.89617940199335,False,234930762,2026-07-09 14:01:00+00:00,69,False,0.4565922021865845,sentence-transformers/all-mpnet-base-v2,confirmatory,True,True
2075287443411222628,BOX,False,,39,partial,True,-0.0039493865503287,0.0005334032105041,5.0,0.0011560845445843,0.0002470170345756,55.0,0.001531028419464,-2.5208032116076557,0.0,False,914061,2026-07-09 18:34:18+00:00,225,False,0.4286808967590332,sentence-transformers/all-mpnet-base-v2,confirmatory,True,True
2075310357493796969,HOOD,False,,60,complete,True,-0.033214863939766,0.0040895547642181,0.0,0.0024686517521656,0.0010353669234942,13891.0,0.0035687533395987,1.5655348604166912,94.42084803109928,True,605700792,2026-07-09 20:05:21+00:00,233,False,0.4379448294639587,sentence-transformers/all-mpnet-base-v2,confirmatory,True,True
2075318015063925053,MSFT,False,,2,insufficient,False,,0.0,,,,,,,,False,20571756,2026-07-09 20:35:46+00:00,97,False,0.2810914516448974,sentence-transformers/all-mpnet-base-v2,null_baseline,True,False
2075318017068863653,MSFT,False,,2,insufficient,False,,0.0,,,,,,,,False,20571756,2026-07-09 20:35:47+00:00,98,False,0.6856537461280823,sentence-transformers/all-mpnet-base-v2,null_baseline,True,False
2075416313481290077,BOX,False,,35,partial,True,0.0028446684139529,0.0021823155293634,0.0,0.004194744965337,0.0002853285700803,3.0,0.0043965047038567,-7.053024642456014,0.0,False,914061,2026-07-10 03:06:23+00:00,226,False,0.2990648746490478,sentence-transformers/all-mpnet-base-v2,confirmatory,True,True
2075424700059333035,HOOD,False,,60,complete,True,-0.033214863939766,0.0040895547642181,0.0,0.0024686517521656,0.0010353669234942,13891.0,0.0035687533395987,1.5655348604166912,94.42084803109928,True,605700792,2026-07-10 03:39:42+00:00,234,False,0.6577941179275513,sentence-transformers/all-mpnet-base-v2,confirmatory,True,True
2075424842959175952,HOOD,False,,60,complete,True,-0.033214863939766,0.0040895547642181,0.0,0.0024686517521656,0.0010353669234942,13891.0,0.0035687533395987,1.5655348604166912,94.42084803109928,True,605700792,2026-07-10 03:40:16+00:00,235,False,0.5982170104980469,sentence-transformers/all-mpnet-base-v2,confirmatory,True,True
2075425035062509812,HOOD,False,,60,complete,True,-0.033214863939766,0.0040895547642181,0.0,0.0024686517521656,0.0010353669234942,13891.0,0.0035687533395987,1.5655348604166912,94.42084803109928,True,605700792,2026-07-10 03:41:02+00:00,236,False,0.6770272850990295,sentence-transformers/all-mpnet-base-v2,confirmatory,True,True
2075425266030293407,HOOD,False,,60,complete,True,-0.033214863939766,0.0040895547642181,0.0,0.0024686517521656,0.0010353669234942,13891.0,0.0035687533395987,1.5655348604166912,94.42084803109928,True,605700792,2026-07-10 03:41:57+00:00,237,False,0.8412863612174988,sentence-transformers/all-mpnet-base-v2,confirmatory,True,True
2075425431793377704,HOOD,False,,60,complete,True,-0.033214863939766,0.0040895547642181,0.0,0.0024686517521656,0.0010353669234942,13891.0,0.0035687533395987,1.5655348604166912,94.42084803109928,True,605700792,2026-07-10 03:42:37+00:00,238,False,0.6409757733345032,sentence-transformers/all-mpnet-base-v2,confirmatory,True,True
2075616733503853044,MSFT,False,,60,complete,True,0.0004249581518704,0.0003859942700432,2.0,0.0005469180339176,0.0002536873704358,10190.0,0.0007458176265516,-0.6343388856839252,20.932286555446517,False,20571756,2026-07-10 16:22:47+00:00,99,False,0.3440011739730835,sentence-transformers/all-mpnet-base-v2,null_baseline,True,False
2075655202724815315,BOX,False,,48,partial,True,-0.0045601007525293,0.0008452272432896,5.0,0.0011560845445843,0.0002470170345756,55.0,0.001531028419464,-1.258444794419343,7.272727272727272,False,914061,2026-07-10 18:55:38+00:00,227,False,0.2767623662948608,sentence-transformers/all-mpnet-base-v2,confirmatory,True,True
2075775949552165365,HOOD,False,,24,insufficient,False,-0.0169440653056833,0.0054930088385639,,,,,,,,False,605700792,2026-07-11 02:55:27+00:00,239,False,0.4710344672203064,sentence-transformers/all-mpnet-base-v2,confirmatory,True,False
2075857273415504357,CRM,False,,1,insufficient,False,0.0150137564905068,,,,,,,,,False,22330739,2026-07-11 08:18:36+00:00,106,False,0.5543214082717896,sentence-transformers/all-mpnet-base-v2,confirmatory,True,False
2075963779599466894,BOX,False,,32,partial,True,0.0165098623478736,0.0011779786264378,0.0,0.004194744965337,0.0002853285700803,3.0,0.0043965047038567,-10.572955726268338,0.0,False,914061,2026-07-11 15:21:49+00:00,228,False,0.3239365816116333,sentence-transformers/all-mpnet-base-v2,confirmatory,True,True
2076051101879820304,HOOD,False,,24,insufficient,False,-0.0169440653056833,0.0054930088385639,,,,,,,,False,605700792,2026-07-11 21:08:48+00:00,240,False,0.6765613555908203,sentence-transformers/all-mpnet-base-v2,confirmatory,True,False
2076097329610850724,SHOP,False,,40,partial,True,0.0065159122321282,0.002942612074833,,,,,,,,False,676573,2026-07-12 00:12:30+00:00,257,False,0.7545120716094971,sentence-transformers/all-mpnet-base-v2,exploratory_only,True,False
2076112365402169373,SHOP,False,,40,partial,True,0.0065159122321282,0.002942612074833,,,,,,,,False,676573,2026-07-12 01:12:14+00:00,256,False,0.5449313521385193,sentence-transformers/all-mpnet-base-v2,exploratory_only,True,False
2076116544980214164,BOX,False,,32,partial,True,0.0165098623478736,0.0011779786264378,0.0,0.004194744965337,0.0002853285700803,3.0,0.0043965047038567,-10.572955726268338,0.0,False,914061,2026-07-12 01:28:51+00:00,229,False,0.289529800415039,sentence-transformers/all-mpnet-base-v2,confirmatory,True,True
2076323181154230284,MSFT,False,,37,partial,True,0.0073189841164443,0.0017763439004148,,,,,,,,False,20571756,2026-07-12 15:09:57+00:00,99,False,0.6994404196739197,sentence-transformers/all-mpnet-base-v2,null_baseline,True,False
2076338364635287637,BOX,False,,32,partial,True,0.0165098623478736,0.0011779786264378,0.0,0.004194744965337,0.0002853285700803,3.0,0.0043965047038567,-10.572955726268338,0.0,False,914061,2026-07-12 16:10:17+00:00,229,False,0.2610414624214172,sentence-transformers/all-mpnet-base-v2,confirmatory,True,True
2076409729094455359,CRM,False,,1,insufficient,False,0.0150137564905068,,,,,,,,,False,22330739,2026-07-12 20:53:51+00:00,106,False,0.4999092817306518,sentence-transformers/all-mpnet-base-v2,confirmatory,True,False
2076411790561288265,CRM,False,,1,insufficient,False,0.0150137564905068,,,,,,,,,False,22330739,2026-07-12 21:02:03+00:00,107,False,0.5321491956710815,sentence-transformers/all-mpnet-base-v2,confirmatory,True,False
2076518587783926044,HOOD,False,,24,insufficient,False,-0.0169440653056833,0.0054930088385639,,,,,,,,False,605700792,2026-07-13 04:06:25+00:00,238,False,0.4622278213500976,sentence-transformers/all-mpnet-base-v2,confirmatory,True,False
2076666114801877310,HOOD,False,,60,complete,True,0.0134191449933688,0.0031702570533368,0.0,0.0024686517521656,0.0010353669234942,13891.0,0.0035687533395987,0.677639284441733,82.88820099344899,False,605700792,2026-07-13 13:52:39+00:00,239,False,0.4953278303146362,sentence-transformers/all-mpnet-base-v2,confirmatory,True,True
2076688119404081650,BOX,False,,31,partial,True,0.0049125757836293,0.0008154058989081,1.0,0.0013670565185054,9.769056425029918e-05,43.0,0.0014788781460496,-5.646918142307971,0.0,False,914061,2026-07-13 15:20:05+00:00,230,False,0.2443485856056213,sentence-transformers/all-mpnet-base-v2,confirmatory,True,True
2076764958579446006,BOX,False,,41,partial,True,0.0010715328590427,0.0026359239143957,0.0,0.004194744965337,0.0002853285700803,3.0,0.0043965047038567,-5.463249090345804,0.0,False,914061,2026-07-13 20:25:25+00:00,231,False,0.4657667875289917,sentence-transformers/all-mpnet-base-v2,confirmatory,True,True
2076839463410671637,BOX,False,,41,partial,True,0.0010715328590427,0.0026359239143957,0.0,0.004194744965337,0.0002853285700803,3.0,0.0043965047038567,-5.463249090345804,0.0,False,914061,2026-07-14 01:21:28+00:00,232,False,0.520380437374115,sentence-transformers/all-mpnet-base-v2,confirmatory,True,True
2076874033522495636,SHOP,False,,53,partial,True,-0.0021616885409336,0.0028573211238115,0.0,0.0021830597770019,0.0010972910583416,4468.0,0.0033168907278232,0.6144781201704806,82.2515666965085,False,676573,2026-07-14 03:38:50+00:00,254,False,0.4749996066093445,sentence-transformers/all-mpnet-base-v2,exploratory_only,True,False
2076882332821373381,BOX,False,,41,partial,True,0.0010715328590427,0.0026359239143957,0.0,0.004194744965337,0.0002853285700803,3.0,0.0043965047038567,-5.463249090345804,0.0,False,914061,2026-07-14 04:11:49+00:00,232,False,0.3604827523231506,sentence-transformers/all-mpnet-base-v2,confirmatory,True,True
2077043523703243070,BOX,False,,44,partial,True,-0.0002271296185554,0.0008859526906142,1.0,0.0013670565185054,9.769056425029918e-05,43.0,0.0014788781460496,-4.9247727411885425,0.0,False,914061,2026-07-14 14:52:20+00:00,233,False,0.3451049327850342,sentence-transformers/all-mpnet-base-v2,confirmatory,True,True
2077043524172755148,SHOP,False,,50,partial,True,-0.0013625603385646,0.0013995609412637,1.0,0.0016618307674977,0.0008094845583133,3332.0,0.0025068289212535,-0.3239960831130528,40.216086434573825,False,676573,2026-07-14 14:52:20+00:00,255,False,0.6043664813041687,sentence-transformers/all-mpnet-base-v2,exploratory_only,True,False
2077063479232795024,MSFT,False,,60,complete,True,0.0033234203957643,0.0004051981199888,2.0,0.0005469180339176,0.0002536873704358,10190.0,0.0007458176265516,-0.558640005157877,25.564278704612363,False,20571756,2026-07-14 16:11:38+00:00,100,False,0.5382815599441528,sentence-transformers/all-mpnet-base-v2,null_baseline,True,False
2077201458546745553,BOX,False,,51,partial,True,0.0303893512732558,0.0020648416929199,0.0,0.004194744965337,0.0002853285700803,3.0,0.0043965047038567,-7.464738886180168,0.0,False,914061,2026-07-15 01:19:54+00:00,233,False,0.4303407669067383,sentence-transformers/all-mpnet-base-v2,confirmatory,True,True
2077266840477479424,HOOD,False,,40,partial,True,0.003866017363683,0.0040805541260272,,,,,,,,False,605700792,2026-07-15 05:39:43+00:00,236,False,0.5607028007507324,sentence-transformers/all-mpnet-base-v2,confirmatory,True,True
2077397393801150864,SHOP,False,,57,partial,True,0.0212313780752623,0.0016727274235798,0.0,0.0021830597770019,0.0010972910583416,4468.0,0.0033168907278232,-0.4650838531331492,37.04118173679499,False,676573,2026-07-15 14:18:29+00:00,254,False,0.5441803932189941,sentence-transformers/all-mpnet-base-v2,exploratory_only,True,False
2077427804631650737,SHOP,False,,52,partial,True,-0.0093332527375824,0.000938245174901,2.0,0.0014747561151007,0.0006296761045464,2272.0,0.0025959379889743,-0.8520427189883434,20.554577464788732,False,676573,2026-07-15 16:19:20+00:00,255,False,0.6546233296394348,sentence-transformers/all-mpnet-base-v2,exploratory_only,True,False
2077471148699439152,BOX,False,,47,partial,True,-0.0046764876415689,0.000893744730358,5.0,0.0011560845445843,0.0002470170345756,55.0,0.001531028419464,-1.0620312671023897,21.818181818181817,False,914061,2026-07-15 19:11:34+00:00,234,False,0.3529459238052368,sentence-transformers/all-mpnet-base-v2,confirmatory,True,True
2077526010753581156,BOX,False,,50,partial,True,0.0054963811879555,0.0013957884170267,0.0,0.004194744965337,0.0002853285700803,3.0,0.0043965047038567,-9.809590913107211,0.0,False,914061,2026-07-15 22:49:34+00:00,234,False,0.3677018284797668,sentence-transformers/all-mpnet-base-v2,confirmatory,True,True
2077782120232350205,BOX,False,,47,partial,True,0.0108333101044681,0.0009687654233459,2.0,,,,,,,False,914061,2026-07-16 15:47:15+00:00,234,False,0.3770116567611694,sentence-transformers/all-mpnet-base-v2,confirmatory,True,True
2077814433762451646,HOOD,False,,60,complete,True,-0.0010037825346727,0.0014342789018213,4.0,0.0013431431635813,0.0006582170574046,9575.0,0.0020093680065816,0.1384584875380984,70.01566579634465,False,605700792,2026-07-16 17:55:39+00:00,236,False,0.5215152502059937,sentence-transformers/all-mpnet-base-v2,confirmatory,True,True
2077843264409944092,SHOP,False,,9,insufficient,False,-0.0034347135733086,0.0010495499901992,6.0,,,,,,,False,676573,2026-07-16 19:50:13+00:00,254,False,0.5747271180152893,sentence-transformers/all-mpnet-base-v2,exploratory_only,True,False
2077857617859535112,BOX,False,,54,partial,True,0.0007979537912523,0.0018780642050587,0.0,0.004194744965337,0.0002853285700803,3.0,0.0043965047038567,-8.119343813434819,0.0,False,914061,2026-07-16 20:47:15+00:00,235,False,0.3224107027053833,sentence-transformers/all-mpnet-base-v2,confirmatory,True,True
2077862721563828422,SHOP,False,,54,partial,True,-0.0151504878154384,0.0027123749978072,0.0,0.0021830597770019,0.0010972910583416,4468.0,0.0033168907278232,0.4823836089627013,79.7224709042077,False,676573,2026-07-16 21:07:32+00:00,255,False,0.7976826429367065,sentence-transformers/all-mpnet-base-v2,exploratory_only,True,False
2078100488017334434,SHOP,False,,54,partial,True,-0.0151504878154384,0.0027123749978072,0.0,0.0021830597770019,0.0010972910583416,4468.0,0.0033168907278232,0.4823836089627013,79.7224709042077,False,676573,2026-07-17 12:52:20+00:00,256,False,0.7351338863372803,sentence-transformers/all-mpnet-base-v2,exploratory_only,False,False
2078139206946459853,BOX,False,,48,partial,True,-0.0034318701526326,0.0007480189527426,1.0,0.0013670565185054,9.769056425029918e-05,43.0,0.0014788781460496,-6.336718090569773,0.0,False,914061,2026-07-17 15:26:11+00:00,236,False,0.2927449345588684,sentence-transformers/all-mpnet-base-v2,confirmatory,False,False
2078200377309090285,SHOP,False,,30,partial,True,-0.0019928424337259,0.0007775284947814,6.0,,,,,,,False,676573,2026-07-17 19:29:15+00:00,256,False,0.6848652362823486,sentence-transformers/all-mpnet-base-v2,exploratory_only,False,False
2078219943863009404,HOOD,False,,0,insufficient,False,,,,,,,,,,False,605700792,2026-07-17 20:47:00+00:00,236,False,0.4067375063896179,sentence-transformers/all-mpnet-base-v2,confirmatory,False,False
2078234040646218181,SHOP,False,,0,insufficient,False,,,,,,,,,,False,676573,2026-07-17 21:43:01+00:00,257,False,0.5054001212120056,sentence-transformers/all-mpnet-base-v2,exploratory_only,False,False
2078250427741556805,HOOD,False,,0,insufficient,False,,,,,,,,,,False,605700792,2026-07-17 22:48:08+00:00,237,False,0.7156782746315002,sentence-transformers/all-mpnet-base-v2,confirmatory,False,False
