post_id,ticker,excluded_flag,excluded_reason,bars_found,window_quality,confirmatory_eligible,market_adjusted_return,raw_volatility,time_bucket,baseline_mean,baseline_std,baseline_n,baseline_p_threshold,vol_zscore,vol_percentile_rank,abnormal_volatility_flag,author_id,created_at_utc,n_prior_posts_180d,insufficient_history,deviation_score,embedding_model,tier,in_shared_window,final_confirmatory_eligible
1744772206369079649,MSFT,False,,9,partial,True,-0.0002990498925959,0.0004513695528293,5.0,0.0004669323990018,0.0002276766504381,8901.0,0.0007157854781702,-0.0683550383520899,56.982361532412085,False,20571756,2024-01-09 17:24:44+00:00,0,True,,sentence-transformers/all-mpnet-base-v2,null_baseline,False,False
1744856756482879957,MSFT,False,,15,complete,True,0.0094311361541858,0.0007733874832445,0.0,0.0009394249546098,0.0004120387512163,14653.0,0.0014739637379442,-0.4029656697946876,39.752951614003955,False,20571756,2024-01-09 23:00:43+00:00,1,True,,sentence-transformers/all-mpnet-base-v2,null_baseline,False,False
1745496546949644397,MSFT,True,"cpi(ALL, 2024-01-11 13:30:00+00:00->2024-01-11 21:00:00+00:00)",12,partial,False,-0.000639629327324,0.0003735163996586,5.0,0.0004669323990018,0.0002276766504381,8901.0,0.0007157854781702,-0.4103011844364783,38.613638916975624,False,20571756,2024-01-11 17:23:01+00:00,2,True,,sentence-transformers/all-mpnet-base-v2,null_baseline,False,False
1746944456493072495,MSFT,False,,13,partial,True,0.0091387313867338,0.0011742479063617,,,,,,,,False,20571756,2024-01-15 17:16:29+00:00,3,True,,sentence-transformers/all-mpnet-base-v2,null_baseline,False,False
1747000699664429075,MSFT,False,,13,partial,True,0.0091387313867338,0.0011742479063617,,,,,,,,False,20571756,2024-01-15 20:59:59+00:00,4,True,,sentence-transformers/all-mpnet-base-v2,null_baseline,False,False
1747153222035485180,MSFT,False,,13,partial,True,0.0091387313867338,0.0011742479063617,,,,,,,,False,20571756,2024-01-16 07:06:03+00:00,5,True,,sentence-transformers/all-mpnet-base-v2,null_baseline,False,False
1753147910865535215,MSFT,False,,13,partial,True,-0.0007982600435877,0.0004294722096781,11.0,0.0004038797262934,0.0002294343287601,11546.0,0.0006587422095737,0.1115460076224217,67.74640568162134,False,20571756,2024-02-01 20:06:48+00:00,6,True,,sentence-transformers/all-mpnet-base-v2,null_baseline,False,False
1755104278925255077,MSFT,False,,14,partial,True,0.0076077604297508,0.0005543164910694,0.0,0.0009394249546098,0.0004120387512163,14653.0,0.0014739637379442,-0.9346413714815291,13.082645192110832,False,20571756,2024-02-07 05:40:43+00:00,7,True,,sentence-transformers/all-mpnet-base-v2,null_baseline,False,False
1755258763962118367,MSFT,False,,13,partial,True,0.0001189606874,0.0005686878033104,2.0,0.0006057041346892,0.0002952066746145,12430.0,0.0009465478368274,-0.125391241329793,54.41673370876911,False,20571756,2024-02-07 15:54:35+00:00,8,True,,sentence-transformers/all-mpnet-base-v2,null_baseline,False,False
1755464663385711093,MSFT,False,,15,complete,True,0.0029448323595144,0.000747888075172,0.0,0.0009394249546098,0.0004120387512163,14653.0,0.0014739637379442,-0.4648516161947059,36.28608476079984,False,20571756,2024-02-08 05:32:45+00:00,9,True,,sentence-transformers/all-mpnet-base-v2,null_baseline,False,False
1757476882646450454,MSFT,True,"cpi(ALL, 2024-02-13 13:30:00+00:00->2024-02-13 21:00:00+00:00)",15,complete,False,-0.0007692681202234,0.000288170876269,8.0,0.0004359674633041,0.0002723261052547,8669.0,0.0006549754573286,-0.5427191304219887,23.808974506863535,False,20571756,2024-02-13 18:48:35+00:00,10,True,,sentence-transformers/all-mpnet-base-v2,null_baseline,False,False
1759806782632079789,MSFT,False,,15,complete,True,0.0027507685015705,0.0016641085269502,0.0,0.0009394249546098,0.0004120387512163,14653.0,0.0014739637379442,1.758775285579948,94.04217566368662,True,20571756,2024-02-20 05:06:47+00:00,11,True,,sentence-transformers/all-mpnet-base-v2,null_baseline,False,False
1762165185513722057,MSFT,False,,12,partial,True,0.0005897816841615,0.0003988681283654,5.0,0.0004669323990018,0.0002276766504381,8901.0,0.0007157854781702,-0.2989514757242543,45.028648466464446,False,20571756,2024-02-26 17:18:14+00:00,12,True,,sentence-transformers/all-mpnet-base-v2,null_baseline,False,False
1762525817836638357,MSFT,False,,11,partial,True,-0.001624986971341,0.0002963672411748,5.0,0.0004669323990018,0.0002276766504381,8901.0,0.0007157854781702,-0.7491552493365258,19.77305920683069,False,20571756,2024-02-27 17:11:15+00:00,13,True,,sentence-transformers/all-mpnet-base-v2,null_baseline,False,False
1763250537309565236,MSFT,False,,14,partial,True,0.0010304307120314,0.0003217255298761,5.0,0.0004669323990018,0.0002276766504381,8901.0,0.0007157854781702,-0.6377767278562781,25.716211661611055,False,20571756,2024-02-29 17:11:02+00:00,14,True,,sentence-transformers/all-mpnet-base-v2,null_baseline,False,False
1763294026810495267,MSFT,False,,13,partial,True,8.190068950386653e-05,0.0001884964825519,11.0,0.0004038797262934,0.0002294343287601,11546.0,0.0006587422095737,-0.9387577042431656,7.188636757318552,False,20571756,2024-02-29 20:03:51+00:00,15,True,,sentence-transformers/all-mpnet-base-v2,null_baseline,False,False
1765796164660867353,MSFT,False,,14,partial,True,-0.0006494868151043,0.0002954155277302,6.0,0.0004600824102499,0.0002678715459743,8323.0,0.0007238162459618,-0.6147233067276856,23.020545476390726,False,20571756,2024-03-07 17:46:27+00:00,16,True,,sentence-transformers/all-mpnet-base-v2,null_baseline,False,False
1767246756419608682,MSFT,False,,13,partial,True,0.0013939721654616,0.0003400951217791,8.0,0.0004359674633041,0.0002723261052547,8669.0,0.0006549754573286,-0.3520497656119606,37.62833083400623,False,20571756,2024-03-11 17:50:35+00:00,17,True,,sentence-transformers/all-mpnet-base-v2,null_baseline,False,False
1767946880913412533,MSFT,False,,12,partial,True,0.0002727071096462,0.0002891238141907,5.0,0.0004669323990018,0.0002276766504381,8901.0,0.0007157854781702,-0.7809697853030683,17.806987978878777,False,20571756,2024-03-13 16:12:37+00:00,18,True,,sentence-transformers/all-mpnet-base-v2,null_baseline,False,False
1769850474528952779,MSFT,False,,15,complete,True,0.0028421874458348,0.0014598679831319,0.0,0.0009394249546098,0.0004120387512163,14653.0,0.0014739637379442,1.263092432412789,89.58575035828841,False,20571756,2024-03-18 22:16:50+00:00,19,True,,sentence-transformers/all-mpnet-base-v2,null_baseline,False,False
1770132249029357569,MSFT,False,,15,complete,True,-0.0005117860558532,0.0005095412453034,6.0,0.0004600824102499,0.0002678715459743,8323.0,0.0007238162459618,0.1846363893321479,70.45536465216868,False,20571756,2024-03-19 16:56:30+00:00,20,False,0.2188987135887146,sentence-transformers/all-mpnet-base-v2,null_baseline,False,False
1770496554589372568,MSFT,False,,10,partial,True,-0.000918737293392,0.0002150154441021,7.0,0.0004485307556491,0.0004097469845394,8216.0,0.0006639670621169,-0.569901232609503,6.828140214216163,False,20571756,2024-03-20 17:04:07+00:00,21,False,0.5858742594718933,sentence-transformers/all-mpnet-base-v2,null_baseline,False,False
1770882661483184130,MSFT,False,,12,partial,True,0.0002762777417746,0.0003518599475348,10.0,0.0004132226291285,0.0002187907982828,9445.0,0.0006671494974963,-0.2804628077383336,46.36315510852303,False,20571756,2024-03-21 18:38:22+00:00,22,False,0.2756295204162597,sentence-transformers/all-mpnet-base-v2,null_baseline,False,False
1773063169138671984,MSFT,False,,12,partial,True,0.0002708573483015,0.0004498427871408,11.0,0.0004038797262934,0.0002294343287601,11546.0,0.0006587422095737,0.200332099803128,71.176164905595,False,20571756,2024-03-27 19:02:56+00:00,23,False,0.440332293510437,sentence-transformers/all-mpnet-base-v2,null_baseline,False,False
1774581166039015641,MSFT,False,,15,complete,True,0.0080169954401243,0.001518315221131,0.0,0.0009394249546098,0.0004120387512163,14653.0,0.0014739637379442,1.4049413187774074,91.23046475124548,True,20571756,2024-03-31 23:34:54+00:00,24,False,0.4781471490859985,sentence-transformers/all-mpnet-base-v2,null_baseline,False,False
1775212618581676406,MSFT,False,,13,partial,True,0.0011402689340791,0.0001985219684662,7.0,0.0004485307556491,0.0004097469845394,8216.0,0.0006639670621169,-0.6101540624245254,4.90506329113924,False,20571756,2024-04-02 17:24:04+00:00,25,False,0.3345685005187988,sentence-transformers/all-mpnet-base-v2,null_baseline,False,False
1775539553715265614,MSFT,False,,15,complete,True,-0.0006301830583869,0.0002749973624162,3.0,0.0005387284302434,0.0002832804516851,11561.0,0.0008166489641596,-0.9309892943843756,7.542600121096792,False,20571756,2024-04-03 15:03:12+00:00,26,False,0.6016011238098145,sentence-transformers/all-mpnet-base-v2,null_baseline,False,False
1775988939079450886,MSFT,True,"jobs_report(ALL, 2024-04-05 12:30:00+00:00->2024-04-05 20:00:00+00:00)",14,partial,False,0.0040919518610369,0.0011073327625281,0.0,0.0009394249546098,0.0004120387512163,14653.0,0.0014739637379442,0.4075048946796593,73.8620077799768,False,20571756,2024-04-04 20:48:54+00:00,27,False,0.5695253014564514,sentence-transformers/all-mpnet-base-v2,null_baseline,False,False
1777751428947378575,MSFT,False,,11,partial,True,-0.0001064834545446,0.0004149197614727,8.0,0.0004359674633041,0.0002723261052547,8669.0,0.0006549754573286,-0.077288594171697,57.44607221132772,False,20571756,2024-04-09 17:32:24+00:00,28,False,0.3939583897590637,sentence-transformers/all-mpnet-base-v2,null_baseline,False,False
1782779420950011950,MSFT,False,,14,partial,True,-0.001599439048208,0.0004304982787004,2.0,0.0006057041346892,0.0002952066746145,12430.0,0.0009465478368274,-0.5935023529446787,27.64279967819791,False,20571756,2024-04-23 14:31:51+00:00,29,False,0.2327157258987426,sentence-transformers/all-mpnet-base-v2,null_baseline,False,False
1784976536120267130,MSFT,False,,14,partial,True,0.0008276991416606,0.0003280050034759,5.0,0.0004669323990018,0.0002276766504381,8901.0,0.0007157854781702,-0.6101960620846684,27.266599258510283,False,20571756,2024-04-29 16:02:24+00:00,30,False,0.3290039896965027,sentence-transformers/all-mpnet-base-v2,null_baseline,False,False
1784982781338210563,MSFT,False,,11,partial,True,-0.0008379561540846,0.0002199531121486,5.0,0.0004669323990018,0.0002276766504381,8901.0,0.0007157854781702,-1.0847809223212488,5.179193349061903,False,20571756,2024-04-29 16:27:13+00:00,31,False,0.4411243200302124,sentence-transformers/all-mpnet-base-v2,null_baseline,False,False
1785164742170194234,MSFT,False,,15,complete,True,-0.0038338798340669,0.0011240042874037,0.0,0.0009394249546098,0.0004120387512163,14653.0,0.0014739637379442,0.4479659552628324,75.06312700470893,False,20571756,2024-04-30 04:30:15+00:00,32,False,0.3646062016487121,sentence-transformers/all-mpnet-base-v2,null_baseline,False,False
1785174185842769981,MSFT,False,,15,complete,True,-0.0038338798340669,0.0011240042874037,0.0,0.0009394249546098,0.0004120387512163,14653.0,0.0014739637379442,0.4479659552628324,75.06312700470893,False,20571756,2024-04-30 05:07:47+00:00,33,False,0.4135940074920654,sentence-transformers/all-mpnet-base-v2,null_baseline,False,False
1785196931876368513,MSFT,False,,15,complete,True,-0.0038338798340669,0.0011240042874037,0.0,0.0009394249546098,0.0004120387512163,14653.0,0.0014739637379442,0.4479659552628324,75.06312700470893,False,20571756,2024-04-30 06:38:10+00:00,34,False,0.3966534733772278,sentence-transformers/all-mpnet-base-v2,null_baseline,False,False
1785524632298365097,MSFT,False,,15,complete,True,0.0109355955978635,0.0016092899740342,0.0,0.0009394249546098,0.0004120387512163,14653.0,0.0014739637379442,1.6257330589587824,93.10721353988944,True,20571756,2024-05-01 04:20:20+00:00,35,False,0.4366321563720703,sentence-transformers/all-mpnet-base-v2,null_baseline,False,False
1785714562601529831,MSFT,False,,14,partial,True,0.0016722081177781,0.0002991363455759,6.0,0.0004600824102499,0.0002678715459743,8323.0,0.0007238162459618,-0.6008330003417517,23.909647963474708,False,20571756,2024-05-01 16:55:03+00:00,36,False,0.2311878204345703,sentence-transformers/all-mpnet-base-v2,null_baseline,False,False
1785892561300885522,MSFT,False,,15,complete,True,-0.0007575740608138,0.0011928644614018,0.0,0.0009394249546098,0.0004120387512163,14653.0,0.0014739637379442,0.6150865811621998,79.2602197502218,False,20571756,2024-05-02 04:42:21+00:00,37,False,0.306992769241333,sentence-transformers/all-mpnet-base-v2,null_baseline,False,False
1788209533850108264,MSFT,False,,15,complete,True,0.0029619194881058,0.0003777390056039,1.0,0.0007149928506676,0.0003994200585477,13614.0,0.0010838534439855,-0.8443588093443137,7.866901718818863,False,20571756,2024-05-08 14:09:10+00:00,38,False,0.305277943611145,sentence-transformers/all-mpnet-base-v2,null_baseline,False,False
1788338535499808903,MSFT,False,,14,partial,True,-0.0007331835720502,0.0006827805827948,0.0,0.0009394249546098,0.0004120387512163,14653.0,0.0014739637379442,-0.6228646481850242,28.383266225346343,False,20571756,2024-05-08 22:41:47+00:00,39,False,0.2997114658355713,sentence-transformers/all-mpnet-base-v2,null_baseline,False,False
1790063618916000046,MSFT,False,,12,partial,True,-0.0018364854114356,0.0003371084802264,6.0,0.0004600824102499,0.0002678715459743,8323.0,0.0007238162459618,-0.459077986712415,33.55761143818335,False,20571756,2024-05-13 16:56:39+00:00,40,False,0.2634209394454956,sentence-transformers/all-mpnet-base-v2,null_baseline,False,False
1792617851385426024,MSFT,False,,14,partial,True,-2.970418891368176e-05,0.0005155423538843,9.0,0.0004130497589246,0.0002313650987548,9133.0,0.000642585773961,0.4429907341742108,78.73645023541005,False,20571756,2024-05-20 18:06:15+00:00,41,False,0.3448915481567383,sentence-transformers/all-mpnet-base-v2,null_baseline,False,False
1792932914268713025,MSFT,False,,13,partial,True,0.0004273423970279,0.0003286371328729,2.0,0.0006057041346892,0.0002952066746145,12430.0,0.0009465478368274,-0.9385526332628312,10.498793242156074,False,20571756,2024-05-21 14:58:12+00:00,42,False,0.3466554880142212,sentence-transformers/all-mpnet-base-v2,null_baseline,False,False
1792970481336983820,MSFT,False,,15,complete,True,-0.0001745410976738,0.0002617210832579,7.0,0.0004485307556491,0.0004097469845394,8216.0,0.0006639670621169,-0.4559146972153466,15.591528724440115,False,20571756,2024-05-21 17:27:29+00:00,43,False,0.4316155910491943,sentence-transformers/all-mpnet-base-v2,null_baseline,False,False
1792995324480348390,MSFT,False,,12,partial,True,-0.0004330138130108,0.000260165205759,11.0,0.0004038797262934,0.0002294343287601,11546.0,0.0006587422095737,-0.6263863010865935,24.68387320284081,False,20571756,2024-05-21 19:06:12+00:00,44,False,0.2785276174545288,sentence-transformers/all-mpnet-base-v2,null_baseline,False,False
1793054879608651886,MSFT,False,,15,complete,True,0.0056269441653564,0.0009868849745451,0.0,0.0009394249546098,0.0004120387512163,14653.0,0.0014739637379442,0.1151833894148656,64.48508837780659,False,20571756,2024-05-21 23:02:51+00:00,45,False,0.6497746706008911,sentence-transformers/all-mpnet-base-v2,null_baseline,False,False
1793066495435813188,MSFT,False,,15,complete,True,0.0056269441653564,0.0009868849745451,0.0,0.0009394249546098,0.0004120387512163,14653.0,0.0014739637379442,0.1151833894148656,64.48508837780659,False,20571756,2024-05-21 23:49:00+00:00,46,False,0.1962058544158935,sentence-transformers/all-mpnet-base-v2,null_baseline,False,False
1796600812388639221,MSFT,False,,11,partial,True,-0.0002766212834948,0.0003600332024537,8.0,0.0004359674633041,0.0002723261052547,8669.0,0.0006549754573286,-0.2788357758772842,43.26911985234744,False,20571756,2024-05-31 17:53:07+00:00,47,False,0.3615388870239258,sentence-transformers/all-mpnet-base-v2,null_baseline,False,False
1797726803483865237,MSFT,False,,13,partial,True,-0.0032362799688735,0.000993589691902,0.0,0.0009394249546098,0.0004120387512163,14653.0,0.0014739637379442,0.1314554447423839,65.16071794171842,False,20571756,2024-06-03 20:27:24+00:00,48,False,0.3117415308952331,sentence-transformers/all-mpnet-base-v2,null_baseline,False,False
1799927810422943838,MSFT,False,,15,complete,True,0.0040672212966812,0.0005438472598648,0.0,0.0009394249546098,0.0004120387512163,14653.0,0.0014739637379442,-0.9600497370144035,12.086262198867123,False,20571756,2024-06-09 22:13:25+00:00,49,False,0.6075878143310547,sentence-transformers/all-mpnet-base-v2,null_baseline,False,False
1802747537721618694,MSFT,False,,12,partial,True,0.0007970437598063,0.0002632758580332,6.0,0.0004600824102499,0.0002678715459743,8323.0,0.0007238162459618,-0.7347049553203138,15.835636188874206,False,20571756,2024-06-17 16:58:01+00:00,50,False,0.3694821000099182,sentence-transformers/all-mpnet-base-v2,null_baseline,False,False
1803053504224968853,MSFT,False,,15,complete,True,-0.0002781492982395,0.0012654586904711,0.0,0.0009394249546098,0.0004120387512163,14653.0,0.0014739637379442,0.7912695951507693,83.10926090220433,False,20571756,2024-06-18 13:13:49+00:00,51,False,0.2352188229560852,sentence-transformers/all-mpnet-base-v2,null_baseline,False,False
1803112708591718871,MSFT,False,,7,insufficient,False,0.0009320361383891,0.0003069570870705,7.0,0.0004485307556491,0.0004097469845394,8216.0,0.0006639670621169,-0.34551485165344,29.06523855890945,False,20571756,2024-06-18 17:09:04+00:00,52,False,0.3622392416000366,sentence-transformers/all-mpnet-base-v2,null_baseline,False,False
1806053061905023266,MSFT,False,,7,insufficient,False,0.0029615113605556,0.0007422048962713,12.0,0.0005219968721894,0.0003165024684274,8336.0,0.000856845378084,0.6957545234199584,84.29702495201535,False,20571756,2024-06-26 19:52:59+00:00,53,False,0.2369863986968994,sentence-transformers/all-mpnet-base-v2,null_baseline,False,False
1806826769837945235,QCOM,False,,14,partial,True,-0.0122644642582319,0.0023966121005959,0.0,0.0017823192627403,0.0010698256208132,8499.0,0.0032347960452871,0.5741990338469155,78.79750558889282,False,234930762,2024-06-28 23:07:25+00:00,0,True,,sentence-transformers/all-mpnet-base-v2,confirmatory,False,False
1807114709499523208,MSFT,False,,15,complete,True,-4.681074657608697e-05,0.001048642338442,0.0,0.0009394249546098,0.0004120387512163,14653.0,0.0014739637379442,0.2650658063344403,69.6034941650174,False,20571756,2024-06-29 18:11:35+00:00,54,False,0.8706757426261902,sentence-transformers/all-mpnet-base-v2,null_baseline,False,False
1807791281374192093,QCOM,False,,13,partial,True,0.0009895788247531,0.0004439606153231,3.0,0.0010311291761511,0.0006898259524185,6467.0,0.0018718779491643,-0.8511836337402892,8.303695685789393,False,234930762,2024-07-01 15:00:03+00:00,1,True,,sentence-transformers/all-mpnet-base-v2,confirmatory,False,False
1808152901422141556,QCOM,False,,14,partial,True,0.0007908397517342,0.0005096426050805,2.0,0.0011865487468786,0.000799503699653,7176.0,0.0022010986042174,-0.8466579230238707,6.77257525083612,False,234930762,2024-07-02 14:57:00+00:00,2,True,,sentence-transformers/all-mpnet-base-v2,confirmatory,False,False
1808514534174560631,QCOM,False,,11,partial,True,0.0042427952886259,0.0005402670331697,2.0,0.0011865487468786,0.000799503699653,7176.0,0.0022010986042174,-0.8083536248667524,9.364548494983277,False,234930762,2024-07-03 14:54:00+00:00,3,True,,sentence-transformers/all-mpnet-base-v2,confirmatory,False,False
1808876670549401695,QCOM,True,"jobs_report(ALL, 2024-07-05 12:30:00+00:00->2024-07-05 20:00:00+00:00)",1,insufficient,False,,,,,,,,,,False,234930762,2024-07-04 14:53:00+00:00,4,True,,sentence-transformers/all-mpnet-base-v2,confirmatory,False,False
1811817809875243201,QCOM,False,,14,partial,True,0.0029560204501861,0.0003832926963866,8.0,0.0008611830211537,0.0006334579657316,3701.0,0.0014154386593569,-0.7544152108265589,9.943258578762498,False,234930762,2024-07-12 17:40:02+00:00,5,True,,sentence-transformers/all-mpnet-base-v2,confirmatory,False,False
1811837999665016915,QCOM,False,,14,partial,True,-0.0005787956830444,0.000412556776266,11.0,0.0007986318391369,0.0005063543907869,7480.0,0.0014103354945072,-0.7624601857819344,16.25668449197861,False,234930762,2024-07-12 19:00:16+00:00,6,True,,sentence-transformers/all-mpnet-base-v2,confirmatory,False,False
1811868188067484089,QCOM,False,,14,partial,True,0.000516125920952,0.0022325478989522,0.0,0.0017823192627403,0.0010698256208132,8499.0,0.0032347960452871,0.4208430116579282,76.35015884221673,False,234930762,2024-07-12 21:00:13+00:00,7,True,,sentence-transformers/all-mpnet-base-v2,confirmatory,False,False
1811883285670154734,QCOM,False,,14,partial,True,0.000516125920952,0.0022325478989522,0.0,0.0017823192627403,0.0010698256208132,8499.0,0.0032347960452871,0.4208430116579282,76.35015884221673,False,234930762,2024-07-12 22:00:13+00:00,8,True,,sentence-transformers/all-mpnet-base-v2,confirmatory,False,False
1812296545725006290,MSFT,False,,15,complete,True,-0.0001530335991104,0.0008694044817358,0.0,0.0009394249546098,0.0004120387512163,14653.0,0.0014739637379442,-0.1699366204448382,52.2691598989968,False,20571756,2024-07-14 01:22:21+00:00,50,False,0.8040561676025391,sentence-transformers/all-mpnet-base-v2,null_baseline,False,False
1812517278237536480,QCOM,False,,14,partial,True,0.000516125920952,0.0022325478989522,0.0,0.0017823192627403,0.0010698256208132,8499.0,0.0032347960452871,0.4208430116579282,76.35015884221673,False,234930762,2024-07-14 15:59:28+00:00,9,True,,sentence-transformers/all-mpnet-base-v2,confirmatory,False,False
1812912531117166937,QCOM,False,,11,partial,True,0.0002509007171147,0.000578822866458,9.0,0.0007471375969065,0.0004867566519591,4287.0,0.0012808820130418,-0.3457882491610865,42.92045719617448,False,234930762,2024-07-15 18:10:04+00:00,10,True,,sentence-transformers/all-mpnet-base-v2,confirmatory,False,False
1812942714905755768,QCOM,False,,14,partial,True,0.0084647919510247,0.00207060031816,0.0,0.0017823192627403,0.0010698256208132,8499.0,0.0032347960452871,0.2694654622316959,73.19684668784564,False,234930762,2024-07-15 20:10:00+00:00,11,True,,sentence-transformers/all-mpnet-base-v2,confirmatory,False,False
1812979205832839255,QCOM,False,,14,partial,True,0.0084647919510247,0.00207060031816,0.0,0.0017823192627403,0.0010698256208132,8499.0,0.0032347960452871,0.2694654622316959,73.19684668784564,False,234930762,2024-07-15 22:35:00+00:00,12,True,,sentence-transformers/all-mpnet-base-v2,confirmatory,False,False
1814329337451344250,MSFT,False,,7,insufficient,False,-0.0013953132383969,0.0004387246212874,5.0,0.0004669323990018,0.0002276766504381,8901.0,0.0007157854781702,-0.1238940298014483,54.54443320975171,False,20571756,2024-07-19 15:59:57+00:00,50,False,0.6496246457099915,sentence-transformers/all-mpnet-base-v2,null_baseline,False,False
1816154169809723412,MSFT,False,,13,partial,True,0.0005460954303857,0.0003916064526425,6.0,0.0004600824102499,0.0002678715459743,8323.0,0.0007238162459618,-0.2556298294328799,46.82205935359846,False,20571756,2024-07-24 16:51:11+00:00,51,False,0.5064243078231812,sentence-transformers/all-mpnet-base-v2,null_baseline,False,False
1816523129126314396,QCOM,False,,14,partial,True,-0.0031565838631635,0.0013560941791652,7.0,0.0009048983721937,0.0008558936060872,3602.0,0.0015296819716376,0.5271634275130697,86.6740699611327,False,234930762,2024-07-25 17:17:18+00:00,13,True,,sentence-transformers/all-mpnet-base-v2,confirmatory,False,False
1816551955046744502,MSFT,False,,15,complete,True,-0.0011557459083155,0.00058645339895,11.0,0.0004038797262934,0.0002294343287601,11546.0,0.0006587422095737,0.795755690280901,85.6400485016456,False,20571756,2024-07-25 19:11:50+00:00,52,False,0.3443973660469055,sentence-transformers/all-mpnet-base-v2,null_baseline,False,False
1816885049075335568,QCOM,False,,14,partial,True,0.0002096029666804,0.0004376562151667,7.0,0.0009048983721937,0.0008558936060872,3602.0,0.0015296819716376,-0.5459114937931152,18.18434203220433,False,234930762,2024-07-26 17:15:26+00:00,14,True,,sentence-transformers/all-mpnet-base-v2,confirmatory,False,False
1818411073638482059,QCOM,False,,15,complete,True,0.0324917133019317,0.0032112874474642,0.0,0.0017823192627403,0.0010698256208132,8499.0,0.0032347960452871,1.3357019657443132,89.71643722790917,False,234930762,2024-07-30 22:19:19+00:00,15,True,,sentence-transformers/all-mpnet-base-v2,confirmatory,False,False
1818687573868659132,QCOM,False,,15,complete,True,-0.0021191299220052,0.0005813787409379,6.0,0.0008811222698987,0.0005506822930134,3296.0,0.0015689675970311,-0.5443129963751192,34.61771844660194,False,234930762,2024-07-31 16:38:01+00:00,16,True,,sentence-transformers/all-mpnet-base-v2,confirmatory,False,False
1818776067135643649,QCOM,True,"earnings(QCOM, 2024-07-31 20:00:00+00:00->2024-08-01 20:00:00+00:00)",5,insufficient,False,-0.046116787279108,0.0075134680035656,,,,,,,,False,234930762,2024-07-31 22:29:40+00:00,17,True,,sentence-transformers/all-mpnet-base-v2,confirmatory,False,False
1819048640545235018,MSFT,False,,13,partial,True,0.0003933716293731,0.0006300345581645,6.0,0.0004600824102499,0.0002678715459743,8323.0,0.0007238162459618,0.6344539032560204,83.79190195842845,False,20571756,2024-08-01 16:32:46+00:00,52,False,0.4561142921447754,sentence-transformers/all-mpnet-base-v2,null_baseline,False,False
1819070403123597550,QCOM,True,"earnings(QCOM, 2024-07-31 20:00:00+00:00->2024-08-01 20:00:00+00:00)",15,complete,False,-0.0004244662257255,0.0016392728280544,9.0,0.0007471375969065,0.0004867566519591,4287.0,0.0012808820130418,1.832815694571531,96.22113365990202,True,234930762,2024-08-01 17:59:15+00:00,18,True,,sentence-transformers/all-mpnet-base-v2,confirmatory,False,False
1819149489342763078,QCOM,True,"jobs_report(ALL, 2024-08-02 12:30:00+00:00->2024-08-02 20:00:00+00:00)",15,complete,False,0.0030384320950659,0.004748974976058,0.0,0.0017823192627403,0.0010698256208132,8499.0,0.0032347960452871,2.7730273566102284,97.2467349099894,True,234930762,2024-08-01 23:13:31+00:00,19,True,,sentence-transformers/all-mpnet-base-v2,confirmatory,False,False
1820579508682145835,QCOM,False,,15,complete,True,-0.0084071251801735,0.0036331560352717,0.0,0.0017823192627403,0.0010698256208132,8499.0,0.0032347960452871,1.7300359390574425,92.77562066125428,True,234930762,2024-08-05 21:55:54+00:00,20,False,0.5727149844169617,sentence-transformers/all-mpnet-base-v2,confirmatory,False,False
1823058215476899951,QCOM,False,,15,complete,True,-0.0006341094931988,0.000754552452938,9.0,0.0007471375969065,0.0004867566519591,4287.0,0.0012808820130418,0.0152331889078684,65.19710753440634,False,234930762,2024-08-12 18:05:24+00:00,21,False,0.4587997198104858,sentence-transformers/all-mpnet-base-v2,confirmatory,False,False
1823434481363247279,QCOM,False,,15,complete,True,0.0003797437349283,0.0005540927592762,11.0,0.0007986318391369,0.0005063543907869,7480.0,0.0014103354945072,-0.4829405734602448,39.5855614973262,False,234930762,2024-08-13 19:00:32+00:00,22,False,0.3998206257820129,sentence-transformers/all-mpnet-base-v2,confirmatory,False,False
1823465802227450310,QCOM,True,"cpi(ALL, 2024-08-14 12:30:00+00:00->2024-08-14 20:00:00+00:00)",15,complete,False,-0.0038097698327235,0.001483245568921,0.0,0.0017823192627403,0.0010698256208132,8499.0,0.0032347960452871,-0.2795536842648605,53.11213083892222,False,234930762,2024-08-13 21:05:00+00:00,23,False,0.1701464056968689,sentence-transformers/all-mpnet-base-v2,confirmatory,False,False
1823796801176297492,QCOM,True,"cpi(ALL, 2024-08-14 12:30:00+00:00->2024-08-14 20:00:00+00:00)",15,complete,False,-0.0016159239092755,0.0008003420744924,11.0,0.0007986318391369,0.0005063543907869,7480.0,0.0014103354945072,0.0033775462137973,63.729946524064175,False,234930762,2024-08-14 19:00:16+00:00,24,False,0.3865781426429748,sentence-transformers/all-mpnet-base-v2,confirmatory,False,False
1824149760523243790,QCOM,False,,15,complete,True,-0.0025784592950292,0.0006516084521295,9.0,0.0007471375969065,0.0004867566519591,4287.0,0.0012808820130418,-0.1962564751658067,53.16071845113133,False,234930762,2024-08-15 18:22:48+00:00,25,False,0.5890177488327026,sentence-transformers/all-mpnet-base-v2,confirmatory,False,False
1824233907681890717,QCOM,False,,14,partial,True,-0.0071649248863636,0.0018500037842537,0.0,0.0017823192627403,0.0010698256208132,8499.0,0.0032347960452871,0.0632668728403863,67.64325214731144,False,234930762,2024-08-15 23:57:10+00:00,26,False,0.4203187227249145,sentence-transformers/all-mpnet-base-v2,confirmatory,False,False
1826647244575240290,QCOM,False,,15,complete,True,-0.0007437467607978,0.001418269008646,4.0,0.0009588256463958,0.0006455232522669,5120.0,0.0016981298558523,0.7117378973363376,82.5390625,False,234930762,2024-08-22 15:46:55+00:00,27,False,0.2031068801879882,sentence-transformers/all-mpnet-base-v2,confirmatory,False,False
1828101623337656606,QCOM,False,,15,complete,True,0.0003541552562957,0.000687338917373,5.0,0.0008809439772216,0.0005446211250859,4216.0,0.0015541749889803,-0.3554857697047172,45.63567362428842,False,234930762,2024-08-26 16:06:06+00:00,28,False,0.3355582356452942,sentence-transformers/all-mpnet-base-v2,confirmatory,False,False
1828460988112478638,QCOM,False,,14,partial,True,-0.0007140561962228,0.0003088644514738,4.0,0.0009588256463958,0.0006455232522669,5120.0,0.0016981298558523,-1.0068749539840676,1.328125,False,234930762,2024-08-27 15:54:05+00:00,29,False,0.381039023399353,sentence-transformers/all-mpnet-base-v2,confirmatory,False,False
1828801208938827794,QCOM,False,,15,complete,True,-0.0069068983622538,0.0008021109418712,1.0,0.0013793563903108,0.0009345661372343,7985.0,0.0026135186706023,-0.6176614211037856,26.637445209768316,False,234930762,2024-08-28 14:26:00+00:00,30,False,0.4524715542793274,sentence-transformers/all-mpnet-base-v2,confirmatory,False,False
1830493776919368008,QCOM,False,,15,complete,True,-0.023546904493427,0.0020004642651595,0.0,0.0017823192627403,0.0010698256208132,8499.0,0.0032347960452871,0.2039070650162385,71.83198023296859,False,234930762,2024-09-02 06:31:40+00:00,31,False,0.3535550832748413,sentence-transformers/all-mpnet-base-v2,confirmatory,False,False
1830610380424712509,QCOM,False,,15,complete,True,-0.023546904493427,0.0020004642651595,0.0,0.0017823192627403,0.0010698256208132,8499.0,0.0032347960452871,0.2039070650162385,71.83198023296859,False,234930762,2024-09-02 14:15:00+00:00,32,False,0.4080777764320373,sentence-transformers/all-mpnet-base-v2,confirmatory,False,False
1830903867766145359,QCOM,False,,15,complete,True,-0.023546904493427,0.0020004642651595,0.0,0.0017823192627403,0.0010698256208132,8499.0,0.0032347960452871,0.2039070650162385,71.83198023296859,False,234930762,2024-09-03 09:41:13+00:00,33,False,0.2607749700546264,sentence-transformers/all-mpnet-base-v2,confirmatory,False,False
1831026125289693263,MSFT,False,,14,partial,True,0.0007766424622286,0.0003095061228462,8.0,0.0004359674633041,0.0002723261052547,8669.0,0.0006549754573286,-0.4643746523660713,29.54204637213058,False,20571756,2024-09-03 17:47:01+00:00,43,False,0.3487452864646911,sentence-transformers/all-mpnet-base-v2,null_baseline,False,False
1831262426106343438,QCOM,False,,15,complete,True,0.0090874140941261,0.0022607229420653,0.0,0.0017823192627403,0.0010698256208132,8499.0,0.0032347960452871,0.4471791196786961,76.82080244734675,False,234930762,2024-09-04 09:26:00+00:00,34,False,0.4983804821968078,sentence-transformers/all-mpnet-base-v2,confirmatory,False,False
1831581873325146143,QCOM,False,,15,complete,True,-0.0099140899699133,0.0012946314026022,0.0,0.0017823192627403,0.0010698256208132,8499.0,0.0032347960452871,-0.4558573384766766,42.39322273208613,False,234930762,2024-09-05 06:35:22+00:00,35,False,0.2801673412322998,sentence-transformers/all-mpnet-base-v2,confirmatory,False,False
1831633680315355438,QCOM,False,,15,complete,True,-0.0099140899699133,0.0012946314026022,0.0,0.0017823192627403,0.0010698256208132,8499.0,0.0032347960452871,-0.4558573384766766,42.39322273208613,False,234930762,2024-09-05 10:01:14+00:00,36,False,0.2992457747459411,sentence-transformers/all-mpnet-base-v2,confirmatory,False,False
1832212940461904246,MSFT,False,,15,complete,True,0.0086850927555042,0.0015572034103455,0.0,0.0009394249546098,0.0004120387512163,14653.0,0.0014739637379442,1.4993212505184506,92.06305875929844,True,20571756,2024-09-07 00:23:00+00:00,44,False,0.1827622652053833,sentence-transformers/all-mpnet-base-v2,null_baseline,False,False
1833555602997674312,MSFT,False,,11,partial,True,0.0006468356307702,0.0007427204615325,7.0,0.0004485307556491,0.0004097469845394,8216.0,0.0006639670621169,0.717978940623698,93.48831548198638,True,20571756,2024-09-10 17:18:16+00:00,43,False,0.639167308807373,sentence-transformers/all-mpnet-base-v2,null_baseline,False,False
1833918398453219353,QCOM,True,"cpi(ALL, 2024-09-11 12:30:00+00:00->2024-09-11 20:00:00+00:00)",15,complete,False,0.001908514337148,0.0006734325326962,7.0,0.0009048983721937,0.0008558936060872,3602.0,0.0015296819716376,-0.2704376313263111,48.22320932815103,False,234930762,2024-09-11 17:19:53+00:00,37,False,0.2885829210281372,sentence-transformers/all-mpnet-base-v2,confirmatory,False,False
1834003482476744904,QCOM,False,,15,complete,True,-0.0121789185898424,0.0019173616562123,0.0,0.0017823192627403,0.0010698256208132,8499.0,0.0032347960452871,0.126228415963093,69.66701964937052,False,234930762,2024-09-11 22:57:59+00:00,38,False,0.3215346932411194,sentence-transformers/all-mpnet-base-v2,confirmatory,False,False
1835699037569441844,MSFT,False,,13,partial,True,0.0001601195014426,0.0005339527456036,3.0,0.0005387284302434,0.0002832804516851,11561.0,0.0008166489641596,-0.0168585040423305,59.65746907706946,False,20571756,2024-09-16 15:15:30+00:00,42,False,0.3527863025665283,sentence-transformers/all-mpnet-base-v2,null_baseline,False,False
1835703768677339207,MSFT,False,,15,complete,True,-0.0023343943485694,0.0004869433402915,4.0,0.0004949532677144,0.0002172916540038,9968.0,0.0007665003294922,-0.0368625636340174,57.05256821829856,False,20571756,2024-09-16 15:34:18+00:00,43,False,0.3845119476318359,sentence-transformers/all-mpnet-base-v2,null_baseline,False,False
1835711224174305419,MSFT,False,,15,complete,True,-0.000724949528896,0.0004732957205062,5.0,0.0004669323990018,0.0002276766504381,8901.0,0.0007157854781702,0.0279489420283821,61.229075384788224,False,20571756,2024-09-16 16:03:56+00:00,44,False,0.4705204963684082,sentence-transformers/all-mpnet-base-v2,null_baseline,False,False
1835803853062836666,QCOM,False,,15,complete,True,0.0041156377978952,0.0014038750835522,0.0,0.0017823192627403,0.0010698256208132,8499.0,0.0032347960452871,-0.3537437988261506,48.758677491469584,False,234930762,2024-09-16 22:12:00+00:00,39,False,0.3378301858901977,sentence-transformers/all-mpnet-base-v2,confirmatory,False,False
1835819956727857551,QCOM,False,,15,complete,True,0.0041156377978952,0.0014038750835522,0.0,0.0017823192627403,0.0010698256208132,8499.0,0.0032347960452871,-0.3537437988261506,48.758677491469584,False,234930762,2024-09-16 23:16:00+00:00,40,False,0.3491864204406738,sentence-transformers/all-mpnet-base-v2,confirmatory,False,False
1836084806117134699,QCOM,False,,14,partial,True,0.0018291222646477,0.000817579409355,6.0,0.0008811222698987,0.0005506822930134,3296.0,0.0015689675970311,-0.1153893294734064,58.58616504854369,False,234930762,2024-09-17 16:48:25+00:00,41,False,0.3363082408905029,sentence-transformers/all-mpnet-base-v2,confirmatory,False,False
1838245008249671890,MSFT,False,,10,partial,True,-0.0006724477802299,0.0003389505947621,4.0,0.0004949532677144,0.0002172916540038,9968.0,0.0007665003294922,-0.717941393872133,24.398073836276083,False,20571756,2024-09-23 15:52:17+00:00,43,False,0.482405424118042,sentence-transformers/all-mpnet-base-v2,null_baseline,False,False
1838600423407784446,MSFT,False,,14,partial,True,-0.0017086862781673,0.0004189443927408,3.0,0.0005387284302434,0.0002832804516851,11561.0,0.0008166489641596,-0.4228461116539819,33.89845169103019,False,20571756,2024-09-24 15:24:35+00:00,43,False,0.2021358013153076,sentence-transformers/all-mpnet-base-v2,null_baseline,False,False
1838630817339445706,MSFT,False,,13,partial,True,0.0002182986827437,0.0001446910404892,7.0,0.0004485307556491,0.0004097469845394,8216.0,0.0006639670621169,-0.7415300822811086,1.0467380720545278,False,20571756,2024-09-24 17:25:21+00:00,44,False,0.2945026159286499,sentence-transformers/all-mpnet-base-v2,null_baseline,False,False
1838660210250125760,MSFT,False,,15,complete,True,0.0001145526628744,0.000140299837685,11.0,0.0004038797262934,0.0002294343287601,11546.0,0.0006587422095737,-1.1488249820014516,1.9054217910964837,False,20571756,2024-09-24 19:22:09+00:00,45,False,0.3509938716888428,sentence-transformers/all-mpnet-base-v2,null_baseline,False,False
1838975273653702753,MSFT,False,,13,partial,True,0.0009098685999244,0.0002591827881077,5.0,0.0004669323990018,0.0002276766504381,8901.0,0.0007157854781702,-0.9124765780519912,12.07729468599034,False,20571756,2024-09-25 16:14:06+00:00,46,False,0.3788871765136719,sentence-transformers/all-mpnet-base-v2,null_baseline,False,False
1841142540806078913,MSFT,False,,11,partial,True,0.0008495975173505,0.000393801504616,4.0,0.0004949532677144,0.0002172916540038,9968.0,0.0007665003294922,-0.4655114968043613,36.45666131621188,False,20571756,2024-10-01 15:46:03+00:00,44,False,0.3287545442581177,sentence-transformers/all-mpnet-base-v2,null_baseline,False,False
1841173011732562217,MSFT,False,,15,complete,True,0.0011018238818671,0.0003184442638216,8.0,0.0004359674633041,0.0002723261052547,8669.0,0.0006549754573286,-0.4315531901449292,32.0221478832622,False,20571756,2024-10-01 17:47:07+00:00,45,False,0.2806599140167236,sentence-transformers/all-mpnet-base-v2,null_baseline,False,False
1841589429502411220,MSFT,False,,15,complete,True,0.0004540219445373,0.0008864976823858,0.0,0.0009394249546098,0.0004120387512163,14653.0,0.0014739637379442,-0.1284521712283582,54.15955776973998,False,20571756,2024-10-02 21:21:49+00:00,45,False,0.3337950110435486,sentence-transformers/all-mpnet-base-v2,null_baseline,False,False
1841611740699902131,QCOM,False,,10,partial,True,0.0025029211669947,0.001935582201066,0.0,0.0017823192627403,0.0010698256208132,8499.0,0.0032347960452871,0.1432597381704645,70.13766325450052,False,234930762,2024-10-02 22:50:29+00:00,42,False,0.3322154283523559,sentence-transformers/all-mpnet-base-v2,confirmatory,False,False
1843321386946724169,QCOM,False,,8,partial,True,0.0009757603671352,0.0010155355312936,5.0,0.0008809439772216,0.0005446211250859,4216.0,0.0015541749889803,0.2471287797562724,70.4696394686907,False,234930762,2024-10-07 16:04:00+00:00,43,False,0.3943405151367187,sentence-transformers/all-mpnet-base-v2,confirmatory,False,False
1843676169071468585,MSFT,False,,13,partial,True,0.0010955483392752,0.000344674164495,4.0,0.0004949532677144,0.0002172916540038,9968.0,0.0007665003294922,-0.6916008988397784,25.692215088282506,False,20571756,2024-10-08 15:33:47+00:00,45,False,0.2776253819465637,sentence-transformers/all-mpnet-base-v2,null_baseline,False,False
1845135794580734347,QCOM,False,,14,partial,True,0.0068594445321097,0.0010223718435737,0.0,0.0017823192627403,0.0010698256208132,8499.0,0.0032347960452871,-0.7103469989705591,22.555594775855983,False,234930762,2024-10-12 16:13:49+00:00,44,False,0.5241248607635498,sentence-transformers/all-mpnet-base-v2,confirmatory,False,False
1846596104215056674,MSFT,False,,12,partial,True,-0.0003248791662734,0.0004011079574462,6.0,0.0004600824102499,0.0002678715459743,8323.0,0.0007238162459618,-0.2201594521328882,49.06884536825664,False,20571756,2024-10-16 16:56:33+00:00,46,False,0.5177552700042725,sentence-transformers/all-mpnet-base-v2,null_baseline,False,False
1846980279107571867,MSFT,False,,10,partial,True,0.0004913839168394,0.0001964552223466,9.0,0.0004130497589246,0.0002313650987548,9133.0,0.000642585773961,-0.9361590738777804,6.909011277783861,False,20571756,2024-10-17 18:23:08+00:00,47,False,0.3378739356994629,sentence-transformers/all-mpnet-base-v2,null_baseline,False,False
1848185252239303044,QCOM,False,,12,partial,True,-0.0077140075339078,0.0016404532758924,0.0,0.0017823192627403,0.0010698256208132,8499.0,0.0032347960452871,-0.1326066455017123,60.26591363689846,False,234930762,2024-10-21 02:11:16+00:00,45,False,0.2150052785873413,sentence-transformers/all-mpnet-base-v2,confirmatory,False,False
1848204446683066580,QCOM,False,,12,partial,True,-0.0077140075339078,0.0016404532758924,0.0,0.0017823192627403,0.0010698256208132,8499.0,0.0032347960452871,-0.1326066455017123,60.26591363689846,False,234930762,2024-10-21 03:27:32+00:00,46,False,0.4873374700546264,sentence-transformers/all-mpnet-base-v2,confirmatory,False,False
1848310867709862137,MSFT,False,,15,complete,True,-0.002542460517819,0.0013425905982457,0.0,0.0009394249546098,0.0004120387512163,14653.0,0.0014739637379442,0.9784653565856318,85.94826997884392,False,20571756,2024-10-21 10:30:25+00:00,47,False,0.3190104961395263,sentence-transformers/all-mpnet-base-v2,null_baseline,False,False
1848325890779787685,MSFT,False,,15,complete,True,-0.002542460517819,0.0013425905982457,0.0,0.0009394249546098,0.0004120387512163,14653.0,0.0014739637379442,0.9784653565856318,85.94826997884392,False,20571756,2024-10-21 11:30:07+00:00,48,False,0.337285041809082,sentence-transformers/all-mpnet-base-v2,null_baseline,False,False
1848441369389633687,QCOM,False,,14,partial,True,0.0004704453341197,0.0005686877258092,11.0,0.0007986318391369,0.0005063543907869,7480.0,0.0014103354945072,-0.4541169534846518,41.53743315508021,False,234930762,2024-10-21 19:08:59+00:00,47,False,0.310526967048645,sentence-transformers/all-mpnet-base-v2,confirmatory,False,False
1848457143927615530,QCOM,False,,13,partial,True,0.0053463715074257,0.0009232065443368,0.0,0.0017823192627403,0.0010698256208132,8499.0,0.0032347960452871,-0.8030399550072322,14.648782209671726,False,234930762,2024-10-21 20:11:40+00:00,48,False,0.3663685321807861,sentence-transformers/all-mpnet-base-v2,confirmatory,False,False
1848463245092467026,QCOM,False,,13,partial,True,0.0053463715074257,0.0009232065443368,0.0,0.0017823192627403,0.0010698256208132,8499.0,0.0032347960452871,-0.8030399550072322,14.648782209671726,False,234930762,2024-10-21 20:35:55+00:00,49,False,0.3129570484161377,sentence-transformers/all-mpnet-base-v2,confirmatory,False,False
1848731073670484418,MSFT,False,,15,complete,True,0.0041198433209682,0.000709752872063,1.0,0.0007149928506676,0.0003994200585477,13614.0,0.0010838534439855,-0.0131189670935295,59.159688555898335,False,20571756,2024-10-22 14:20:10+00:00,49,False,0.2599591612815857,sentence-transformers/all-mpnet-base-v2,null_baseline,False,False
1848799996260585558,QCOM,False,,15,complete,True,0.0017010151530794,0.0005318418537404,10.0,0.0008381018115482,0.0007442819782589,4975.0,0.0014326202346469,-0.4114837746362892,33.80904522613065,False,234930762,2024-10-22 18:54:02+00:00,50,False,0.2088822126388549,sentence-transformers/all-mpnet-base-v2,confirmatory,False,False
1848809969422110771,QCOM,False,,15,complete,True,0.0001719444379946,0.0004478770958081,12.0,0.0008976044924825,0.000539949574948,5494.0,0.0015152023013888,-0.8329062889208937,13.633054240990171,False,234930762,2024-10-22 19:33:40+00:00,51,False,0.2746031284332275,sentence-transformers/all-mpnet-base-v2,confirmatory,False,False
1848866393338613839,QCOM,False,,15,complete,True,-0.0196191912066988,0.0020768458467082,0.0,0.0017823192627403,0.0010698256208132,8499.0,0.0032347960452871,0.2753033562086924,73.33803976938464,False,234930762,2024-10-22 23:17:53+00:00,52,False,0.2874550819396972,sentence-transformers/all-mpnet-base-v2,confirmatory,False,False
1848909732331069866,QCOM,False,,15,complete,True,-0.0196191912066988,0.0020768458467082,0.0,0.0017823192627403,0.0010698256208132,8499.0,0.0032347960452871,0.2753033562086924,73.33803976938464,False,234930762,2024-10-23 02:10:05+00:00,53,False,0.2441473007202148,sentence-transformers/all-mpnet-base-v2,confirmatory,False,False
1849022176118337890,MSFT,False,,15,complete,True,0.003618967938431,0.00126364787184,0.0,0.0009394249546098,0.0004120387512163,14653.0,0.0014739637379442,0.7868748176551335,82.99324370436089,False,20571756,2024-10-23 09:36:54+00:00,50,False,0.324700117111206,sentence-transformers/all-mpnet-base-v2,null_baseline,False,False
1849096439940644909,QCOM,False,,10,partial,True,0.000480252132065,0.0010316825199895,2.0,0.0011865487468786,0.000799503699653,7176.0,0.0022010986042174,-0.1937029521643903,56.93979933110368,False,234930762,2024-10-23 14:32:00+00:00,54,False,0.2280505895614624,sentence-transformers/all-mpnet-base-v2,confirmatory,False,False
1849204814418468972,QCOM,False,,14,partial,True,0.004041553753215,0.0021112734058265,0.0,0.0017823192627403,0.0010698256208132,8499.0,0.0032347960452871,0.3074838896044744,74.1028356277209,False,234930762,2024-10-23 21:42:38+00:00,55,False,0.2555368542671203,sentence-transformers/all-mpnet-base-v2,confirmatory,False,False
1849210440993354015,QCOM,False,,14,partial,True,0.004041553753215,0.0021112734058265,0.0,0.0017823192627403,0.0010698256208132,8499.0,0.0032347960452871,0.3074838896044744,74.1028356277209,False,234930762,2024-10-23 22:05:00+00:00,56,False,0.2246659994125366,sentence-transformers/all-mpnet-base-v2,confirmatory,False,False
1849367916707545417,MSFT,False,,15,complete,True,-0.003218250726368,0.0013757229729143,0.0,0.0009394249546098,0.0004120387512163,14653.0,0.0014739637379442,1.0588761785550274,87.07431925203029,False,20571756,2024-10-24 08:30:45+00:00,51,False,0.4098697304725647,sentence-transformers/all-mpnet-base-v2,null_baseline,False,False
1849564114181554651,MSFT,False,,15,complete,True,0.0068158668784092,0.000723213340021,0.0,0.0009394249546098,0.0004120387512163,14653.0,0.0014739637379442,-0.5247361175388313,33.31740940421757,False,20571756,2024-10-24 21:30:22+00:00,52,False,0.3224630355834961,sentence-transformers/all-mpnet-base-v2,null_baseline,False,False
1849864484078354956,QCOM,False,,11,partial,True,-0.0019660594514009,0.0006081072438513,7.0,0.0009048983721937,0.0008558936060872,3602.0,0.0015296819716376,-0.3467617075669095,40.338700721821205,False,234930762,2024-10-25 17:23:56+00:00,57,False,0.3069033622741699,sentence-transformers/all-mpnet-base-v2,confirmatory,False,False
1849888407725752802,QCOM,False,,13,partial,True,-0.0016135721255075,0.0008957290062024,10.0,0.0008381018115482,0.0007442819782589,4975.0,0.0014326202346469,0.0774265618912205,70.99497487437186,False,234930762,2024-10-25 18:59:00+00:00,58,False,0.4308950901031494,sentence-transformers/all-mpnet-base-v2,confirmatory,False,False
1850943664597651734,QCOM,False,,10,partial,True,-0.0007757759910486,0.0002824612441884,6.0,0.0008811222698987,0.0005506822930134,3296.0,0.0015689675970311,-1.087125976821155,2.0024271844660197,False,234930762,2024-10-28 16:52:13+00:00,59,False,0.2672853469848633,sentence-transformers/all-mpnet-base-v2,confirmatory,False,False
1851301277801857439,MSFT,False,,14,partial,True,0.0022397929930009,0.0003825583817117,6.0,0.0004600824102499,0.0002678715459743,8323.0,0.0007238162459618,-0.2894074779617311,44.767511714526016,False,20571756,2024-10-29 16:33:14+00:00,45,False,0.3776642084121704,sentence-transformers/all-mpnet-base-v2,null_baseline,False,False
1851306694997164398,MSFT,False,,14,partial,True,0.0007268175418784,0.0002727030165216,6.0,0.0004600824102499,0.0002678715459743,8323.0,0.0007238162459618,-0.6995121226729547,17.962273218791303,False,20571756,2024-10-29 16:54:46+00:00,46,False,0.2284573316574096,sentence-transformers/all-mpnet-base-v2,null_baseline,False,False
1851326584101515385,QCOM,False,,13,partial,True,0.0014392711460744,0.0002300668417412,9.0,0.0007471375969065,0.0004867566519591,4287.0,0.0012808820130418,-1.0622777379293544,1.2362957779332866,False,234930762,2024-10-29 18:13:48+00:00,60,False,0.2368186712265014,sentence-transformers/all-mpnet-base-v2,confirmatory,False,False
1851326586471268821,QCOM,False,,13,partial,True,0.0014392711460744,0.0002300668417412,9.0,0.0007471375969065,0.0004867566519591,4287.0,0.0012808820130418,-1.0622777379293544,1.2362957779332866,False,234930762,2024-10-29 18:13:48+00:00,60,False,0.5064916610717773,sentence-transformers/all-mpnet-base-v2,confirmatory,False,False
1851683234486038754,QCOM,False,,13,partial,True,-0.0030854736545522,0.0002820473814507,8.0,0.0008611830211537,0.0006334579657316,3701.0,0.0014154386593569,-0.9142447818683442,2.5938935422858687,False,234930762,2024-10-30 17:51:00+00:00,62,False,0.3645884990692138,sentence-transformers/all-mpnet-base-v2,confirmatory,False,False
1851712928451563792,QCOM,False,,11,partial,True,-0.0030482418505843,0.0005860586981668,12.0,0.0008976044924825,0.000539949574948,5494.0,0.0015152023013888,-0.5769905353583047,30.706224972697488,False,234930762,2024-10-30 19:48:59+00:00,63,False,0.2951842546463012,sentence-transformers/all-mpnet-base-v2,confirmatory,False,False
1852009552897806493,QCOM,False,,15,complete,True,-0.0026136900883164,0.0005859451433587,3.0,0.0010311291761511,0.0006898259524185,6467.0,0.0018718779491643,-0.645357037136079,24.060615432194215,False,234930762,2024-10-31 15:27:40+00:00,64,False,0.6985068917274475,sentence-transformers/all-mpnet-base-v2,confirmatory,False,False
1852076598234878458,QCOM,False,,5,insufficient,False,-0.0020414254607964,0.0011251288415415,12.0,0.0008976044924825,0.000539949574948,5494.0,0.0015152023013888,0.4213807355638171,76.82926829268293,False,234930762,2024-10-31 19:54:05+00:00,65,False,0.169192373752594,sentence-transformers/all-mpnet-base-v2,confirmatory,False,False
1852076601888194991,QCOM,False,,5,insufficient,False,-0.0020414254607964,0.0011251288415415,12.0,0.0008976044924825,0.000539949574948,5494.0,0.0015152023013888,0.4213807355638171,76.82926829268293,False,234930762,2024-10-31 19:54:06+00:00,66,False,0.4851815104484558,sentence-transformers/all-mpnet-base-v2,confirmatory,False,False
1852076603377095034,QCOM,False,,5,insufficient,False,-0.0020414254607964,0.0011251288415415,12.0,0.0008976044924825,0.000539949574948,5494.0,0.0015152023013888,0.4213807355638171,76.82926829268293,False,234930762,2024-10-31 19:54:06+00:00,66,False,0.2946047782897949,sentence-transformers/all-mpnet-base-v2,confirmatory,False,False
1852076605046427698,QCOM,False,,5,insufficient,False,-0.0020414254607964,0.0011251288415415,12.0,0.0008976044924825,0.000539949574948,5494.0,0.0015152023013888,0.4213807355638171,76.82926829268293,False,234930762,2024-10-31 19:54:07+00:00,68,False,0.4971673488616943,sentence-transformers/all-mpnet-base-v2,confirmatory,False,False
1852076606682206528,QCOM,False,,5,insufficient,False,-0.0020414254607964,0.0011251288415415,12.0,0.0008976044924825,0.000539949574948,5494.0,0.0015152023013888,0.4213807355638171,76.82926829268293,False,234930762,2024-10-31 19:54:07+00:00,68,False,0.2435795068740844,sentence-transformers/all-mpnet-base-v2,confirmatory,False,False
1853929697023082972,QCOM,False,,14,partial,True,0.0088053670205205,0.0024690295501333,0.0,0.0017823192627403,0.0010698256208132,8499.0,0.0032347960452871,0.6418899248935424,79.9388163313331,False,234930762,2024-11-05 22:37:38+00:00,70,False,0.5144580006599426,sentence-transformers/all-mpnet-base-v2,confirmatory,False,False
1854199310499340631,QCOM,False,,15,complete,True,-0.0010253195735118,0.0007154064089177,3.0,0.0010311291761511,0.0006898259524185,6467.0,0.0018718779491643,-0.4576846755713624,40.18865006958404,False,234930762,2024-11-06 16:28:59+00:00,71,False,0.5617873668670654,sentence-transformers/all-mpnet-base-v2,confirmatory,False,False
1854216231991271547,MSFT,False,,14,partial,True,0.0006146613593533,0.0003622188159374,6.0,0.0004600824102499,0.0002678715459743,8323.0,0.0007238162459618,-0.3653377739560484,39.721254355400696,False,20571756,2024-11-06 17:36:14+00:00,45,False,0.5100322961807251,sentence-transformers/all-mpnet-base-v2,null_baseline,False,False
1856029758083178814,QCOM,False,,11,partial,True,-0.0008519083655059,0.0005220276744193,6.0,0.0008811222698987,0.0005506822930134,3296.0,0.0015689675970311,-0.6520903251026636,26.72936893203883,False,234930762,2024-11-11 17:42:32+00:00,72,False,0.2058025598526001,sentence-transformers/all-mpnet-base-v2,confirmatory,False,False
1856041040291217654,QCOM,False,,9,partial,True,0.0014964379110133,0.0007390810648913,7.0,0.0009048983721937,0.0008558936060872,3602.0,0.0015296819716376,-0.1937358874083765,54.85841199333703,False,234930762,2024-11-11 18:27:22+00:00,73,False,0.7042593955993652,sentence-transformers/all-mpnet-base-v2,confirmatory,False,False
1856440392956485655,MSFT,False,,5,insufficient,False,-0.0015729572567766,0.0004046481043642,12.0,0.0005219968721894,0.0003165024684274,8336.0,0.000856845378084,-0.3707673068339721,42.202495201535505,False,20571756,2024-11-12 20:54:15+00:00,45,False,0.1697642207145691,sentence-transformers/all-mpnet-base-v2,null_baseline,False,False
1856757431302590649,MSFT,True,"cpi(ALL, 2024-11-13 13:30:00+00:00->2024-11-13 21:00:00+00:00)",15,complete,False,0.0001887705775418,0.0004211863146617,6.0,0.0004600824102499,0.0002678715459743,8323.0,0.0007238162459618,-0.1452042823238164,53.49032800672834,False,20571756,2024-11-13 17:54:03+00:00,46,False,0.2895219922065735,sentence-transformers/all-mpnet-base-v2,null_baseline,False,False
1856830227424710803,QCOM,False,,15,complete,True,0.0119316524746326,0.0022114186650648,0.0,0.0017823192627403,0.0010698256208132,8499.0,0.0032347960452871,0.4010928453913381,75.93834568772797,False,234930762,2024-11-13 22:43:19+00:00,74,False,0.3779929876327514,sentence-transformers/all-mpnet-base-v2,confirmatory,False,False
1857123978399318389,MSFT,False,,15,complete,True,0.0042931536752188,0.0008511135690461,7.0,0.0004485307556491,0.0004097469845394,8216.0,0.0006639670621169,0.9825156220477655,96.61635832521908,True,20571756,2024-11-14 18:10:34+00:00,47,False,0.5685149431228638,sentence-transformers/all-mpnet-base-v2,null_baseline,False,False
1858598137079676978,QCOM,False,,15,complete,True,-0.0005971319869327,0.0005205972299364,10.0,0.0008381018115482,0.0007442819782589,4975.0,0.0014326202346469,-0.4265917903245237,31.819095477386934,False,234930762,2024-11-18 19:48:21+00:00,75,False,0.5339601039886475,sentence-transformers/all-mpnet-base-v2,confirmatory,False,False
1858598139357524192,QCOM,False,,15,complete,True,-0.0005971319869327,0.0005205972299364,10.0,0.0008381018115482,0.0007442819782589,4975.0,0.0014326202346469,-0.4265917903245237,31.819095477386934,False,234930762,2024-11-18 19:48:22+00:00,76,False,0.3069820404052734,sentence-transformers/all-mpnet-base-v2,confirmatory,False,False
1858657006405509524,MSFT,False,,15,complete,True,-0.0022411761718791,0.0011343413990099,0.0,0.0009394249546098,0.0004120387512163,14653.0,0.0014739637379442,0.4730536723177891,75.68416024022385,False,20571756,2024-11-18 23:42:17+00:00,42,False,0.4081075191497803,sentence-transformers/all-mpnet-base-v2,null_baseline,False,False
1858850089256841612,QCOM,False,,14,partial,True,-0.0008338417696849,0.0023792860566448,0.0,0.0017823192627403,0.0010698256208132,8499.0,0.0032347960452871,0.5580038300547294,78.5857159665843,False,234930762,2024-11-19 12:29:31+00:00,77,False,0.4266078472137451,sentence-transformers/all-mpnet-base-v2,confirmatory,False,False
1858945678338138244,MSFT,False,,15,complete,True,-0.0006141465303938,0.0002206751962642,8.0,0.0004359674633041,0.0002723261052547,8669.0,0.0006549754573286,-0.7905678628881131,7.9017187680239935,False,20571756,2024-11-19 18:49:21+00:00,43,False,0.3187965154647827,sentence-transformers/all-mpnet-base-v2,null_baseline,False,False
1858945679567015967,MSFT,False,,15,complete,True,-0.0006141465303938,0.0002206751962642,8.0,0.0004359674633041,0.0002723261052547,8669.0,0.0006549754573286,-0.7905678628881131,7.9017187680239935,False,20571756,2024-11-19 18:49:22+00:00,44,False,0.4560592174530029,sentence-transformers/all-mpnet-base-v2,null_baseline,False,False
1858945681223720965,MSFT,False,,15,complete,True,-0.0006141465303938,0.0002206751962642,8.0,0.0004359674633041,0.0002723261052547,8669.0,0.0006549754573286,-0.7905678628881131,7.9017187680239935,False,20571756,2024-11-19 18:49:22+00:00,44,False,0.300143301486969,sentence-transformers/all-mpnet-base-v2,null_baseline,False,False
1858945683048313066,MSFT,False,,15,complete,True,-0.0006141465303938,0.0002206751962642,8.0,0.0004359674633041,0.0002723261052547,8669.0,0.0006549754573286,-0.7905678628881131,7.9017187680239935,False,20571756,2024-11-19 18:49:23+00:00,46,False,0.5805721879005432,sentence-transformers/all-mpnet-base-v2,null_baseline,False,False
1858945684604420311,MSFT,False,,15,complete,True,-0.0006141465303938,0.0002206751962642,8.0,0.0004359674633041,0.0002723261052547,8669.0,0.0006549754573286,-0.7905678628881131,7.9017187680239935,False,20571756,2024-11-19 18:49:23+00:00,46,False,0.3165071010589599,sentence-transformers/all-mpnet-base-v2,null_baseline,False,False
1858945686009455050,MSFT,False,,15,complete,True,-0.0006141465303938,0.0002206751962642,8.0,0.0004359674633041,0.0002723261052547,8669.0,0.0006549754573286,-0.7905678628881131,7.9017187680239935,False,20571756,2024-11-19 18:49:23+00:00,46,False,0.6181630492210388,sentence-transformers/all-mpnet-base-v2,null_baseline,False,False
1858985696830386451,MSFT,False,,15,complete,True,-0.0030004371348825,0.0006696920009851,0.0,0.0009394249546098,0.0004120387512163,14653.0,0.0014739637379442,-0.6546300628968315,26.492868354603154,False,20571756,2024-11-19 21:28:23+00:00,49,False,0.2156293392181396,sentence-transformers/all-mpnet-base-v2,null_baseline,False,False
1859033782067884050,MSFT,False,,15,complete,True,-0.0030004371348825,0.0006696920009851,0.0,0.0009394249546098,0.0004120387512163,14653.0,0.0014739637379442,-0.6546300628968315,26.492868354603154,False,20571756,2024-11-20 00:39:27+00:00,50,False,0.2322808504104614,sentence-transformers/all-mpnet-base-v2,null_baseline,False,False
1860020031314362618,QCOM,False,,10,partial,True,0.0004014366908295,0.0004645242382115,7.0,0.0009048983721937,0.0008558936060872,3602.0,0.0015296819716376,-0.5145197146587325,20.68295391449195,False,234930762,2024-11-22 17:58:27+00:00,78,False,0.3916547298431396,sentence-transformers/all-mpnet-base-v2,confirmatory,False,False
1860020033709285498,QCOM,False,,10,partial,True,0.0004014366908295,0.0004645242382115,7.0,0.0009048983721937,0.0008558936060872,3602.0,0.0015296819716376,-0.5145197146587325,20.68295391449195,False,234930762,2024-11-22 17:58:28+00:00,79,False,0.2462853193283081,sentence-transformers/all-mpnet-base-v2,confirmatory,False,False
1860020035810693614,QCOM,False,,10,partial,True,0.0004014366908295,0.0004645242382115,7.0,0.0009048983721937,0.0008558936060872,3602.0,0.0015296819716376,-0.5145197146587325,20.68295391449195,False,234930762,2024-11-22 17:58:28+00:00,79,False,0.3899069428443908,sentence-transformers/all-mpnet-base-v2,confirmatory,False,False
1860710468337430668,QCOM,False,,13,partial,True,0.004025937473552,0.0017820430982844,0.0,0.0017823192627403,0.0010698256208132,8499.0,0.0032347960452871,-0.0002581396916443,65.31356630191787,False,234930762,2024-11-24 15:42:00+00:00,81,False,0.5117778778076172,sentence-transformers/all-mpnet-base-v2,confirmatory,False,False
1861433482452341200,QCOM,False,,15,complete,True,-0.00142763801568,0.0008660694957981,2.0,0.0011865487468786,0.000799503699653,7176.0,0.0022010986042174,-0.4008477399412193,44.91360089186176,False,234930762,2024-11-26 15:35:00+00:00,82,False,0.2228010296821594,sentence-transformers/all-mpnet-base-v2,confirmatory,False,False
1862143157749915990,QCOM,False,,14,partial,True,0.0196852732380699,0.0014870446277626,0.0,0.0017823192627403,0.0010698256208132,8499.0,0.0032347960452871,-0.2760025832557408,53.28862219084598,False,234930762,2024-11-28 14:35:00+00:00,83,False,0.4956406354904175,sentence-transformers/all-mpnet-base-v2,confirmatory,False,False
1866188916732416116,QCOM,False,,9,partial,True,0.0010464665226592,0.0003449471405971,8.0,0.0008611830211537,0.0006334579657316,3701.0,0.0014154386593569,-0.814948912924923,6.376654958119427,False,234930762,2024-12-09 18:31:24+00:00,84,False,0.5881924629211426,sentence-transformers/all-mpnet-base-v2,confirmatory,False,False
1866218763487424550,QCOM,False,,14,partial,True,0.0015591690793154,0.0004604727429796,12.0,0.0008976044924825,0.000539949574948,5494.0,0.0015152023013888,-0.8095788380702064,14.925373134328357,False,234930762,2024-12-09 20:30:00+00:00,85,False,0.3496714830398559,sentence-transformers/all-mpnet-base-v2,confirmatory,False,False
1867273195331760371,MSFT,False,,14,partial,True,-0.000843219228691,0.0003069701446647,7.0,0.0004485307556491,0.0004097469845394,8216.0,0.0006639670621169,-0.3454829841970588,29.06523855890945,False,20571756,2024-12-12 18:19:56+00:00,48,False,0.3838075399398803,sentence-transformers/all-mpnet-base-v2,null_baseline,False,False
1867383293655888160,MSFT,False,,15,complete,True,-0.0012364047338446,0.0008555385186764,0.0,0.0009394249546098,0.0004120387512163,14653.0,0.0014739637379442,-0.2035887053966725,50.426533815600905,False,20571756,2024-12-13 01:37:26+00:00,49,False,0.4814170002937317,sentence-transformers/all-mpnet-base-v2,null_baseline,False,False
1867383295128084989,MSFT,False,,15,complete,True,-0.0012364047338446,0.0008555385186764,0.0,0.0009394249546098,0.0004120387512163,14653.0,0.0014739637379442,-0.2035887053966725,50.426533815600905,False,20571756,2024-12-13 01:37:26+00:00,49,False,0.8111909031867981,sentence-transformers/all-mpnet-base-v2,null_baseline,False,False
1867622807213158699,MSFT,False,,15,complete,True,0.0005341475010759,0.0002482738042443,6.0,0.0004600824102499,0.0002678715459743,8323.0,0.0007238162459618,-0.7907096113368045,12.60362849933918,False,20571756,2024-12-13 17:29:10+00:00,51,False,0.360761284828186,sentence-transformers/all-mpnet-base-v2,null_baseline,False,False
1867622809851367866,MSFT,False,,15,complete,True,0.0005341475010759,0.0002482738042443,6.0,0.0004600824102499,0.0002678715459743,8323.0,0.0007238162459618,-0.7907096113368045,12.60362849933918,False,20571756,2024-12-13 17:29:11+00:00,52,False,0.6969440579414368,sentence-transformers/all-mpnet-base-v2,null_baseline,False,False
1868532219519869209,MSFT,False,,1,insufficient,False,,,,,,,,,,False,20571756,2024-12-16 05:42:51+00:00,50,False,0.8339624404907227,sentence-transformers/all-mpnet-base-v2,null_baseline,False,False
1869080969728422079,MSFT,False,,15,complete,True,0.00108053155796,0.0001995509386116,7.0,0.0004485307556491,0.0004097469845394,8216.0,0.0006639670621169,-0.6076428294338737,5.0146056475170395,False,20571756,2024-12-17 18:03:23+00:00,51,False,0.2011154890060424,sentence-transformers/all-mpnet-base-v2,null_baseline,False,False
1869081030839390572,MSFT,False,,15,complete,True,0.00108053155796,0.0001995509386116,7.0,0.0004485307556491,0.0004097469845394,8216.0,0.0006639670621169,-0.6076428294338737,5.0146056475170395,False,20571756,2024-12-17 18:03:38+00:00,52,False,0.7139257192611694,sentence-transformers/all-mpnet-base-v2,null_baseline,False,False
1869445091213095140,MSFT,False,,12,partial,True,0.0008569593144485,0.0002741804061924,7.0,0.0004485307556491,0.0004097469845394,8216.0,0.0006639670621169,-0.4255073399813459,18.6222005842259,False,20571756,2024-12-18 18:10:17+00:00,53,False,0.6087677478790283,sentence-transformers/all-mpnet-base-v2,null_baseline,False,False
1869445092832059804,MSFT,False,,12,partial,True,0.0008569593144485,0.0002741804061924,7.0,0.0004485307556491,0.0004097469845394,8216.0,0.0006639670621169,-0.4255073399813459,18.6222005842259,False,20571756,2024-12-18 18:10:17+00:00,53,False,0.6456273198127747,sentence-transformers/all-mpnet-base-v2,null_baseline,False,False
1871934174573081021,QCOM,False,,4,insufficient,False,-0.0018238349391541,0.0021798599300818,0.0,0.0017823192627403,0.0010698256208132,8499.0,0.0032347960452871,0.3715938930676666,75.4559359924697,False,234930762,2024-12-25 15:01:00+00:00,86,False,0.7733783721923828,sentence-transformers/all-mpnet-base-v2,confirmatory,False,False
1872711206152356057,QCOM,False,,7,insufficient,False,0.0013812407416053,0.0006194475075067,8.0,0.0008611830211537,0.0006334579657316,3701.0,0.0014154386593569,-0.3816125563562306,38.42204809510943,False,234930762,2024-12-27 18:28:39+00:00,86,False,0.816990852355957,sentence-transformers/all-mpnet-base-v2,confirmatory,False,False
1873809864147034411,QCOM,False,,13,partial,True,-0.000789463032617,0.0004332036425403,9.0,0.0007471375969065,0.0004867566519591,4287.0,0.0012808820130418,-0.6449505170655364,22.64987170515512,False,234930762,2024-12-30 19:14:19+00:00,84,False,0.5629332661628723,sentence-transformers/all-mpnet-base-v2,confirmatory,False,False
1873809865522708537,QCOM,False,,13,partial,True,-0.000789463032617,0.0004332036425403,9.0,0.0007471375969065,0.0004867566519591,4287.0,0.0012808820130418,-0.6449505170655364,22.64987170515512,False,234930762,2024-12-30 19:14:20+00:00,85,False,0.3501166105270386,sentence-transformers/all-mpnet-base-v2,confirmatory,False,False
1875265482498220525,MSFT,False,,12,partial,True,-0.0003699155934027,0.0002559956385444,10.0,0.0004132226291285,0.0002187907982828,9445.0,0.0006671494974963,-0.7186179300867487,21.302276336686077,False,20571756,2025-01-03 19:38:26+00:00,53,False,0.2842906713485718,sentence-transformers/all-mpnet-base-v2,null_baseline,False,False
1876279310300103067,MSFT,False,,15,complete,True,0.0012774990779711,0.0013212252459772,0.0,0.0009394249546098,0.0004120387512163,14653.0,0.0014739637379442,0.9266125825310758,85.23851770968403,False,20571756,2025-01-06 14:47:01+00:00,54,False,0.414789080619812,sentence-transformers/all-mpnet-base-v2,null_baseline,False,False
1876556891041792195,MSFT,False,,15,complete,True,0.0007459026614453,0.001224861642913,0.0,0.0009394249546098,0.0004120387512163,14653.0,0.0014739637379442,0.69274233906555,81.13014399781615,False,20571756,2025-01-07 09:10:02+00:00,55,False,0.2429720163345337,sentence-transformers/all-mpnet-base-v2,null_baseline,False,False
1876583121195552929,MSFT,False,,15,complete,True,0.0007459026614453,0.001224861642913,0.0,0.0009394249546098,0.0004120387512163,14653.0,0.0014739637379442,0.69274233906555,81.13014399781615,False,20571756,2025-01-07 10:54:15+00:00,56,False,0.3498438000679016,sentence-transformers/all-mpnet-base-v2,null_baseline,False,False
1876669948912861497,MSFT,False,,13,partial,True,0.0011262029732894,0.0004026622840806,4.0,0.0004949532677144,0.0002172916540038,9968.0,0.0007665003294922,-0.4247332188479357,38.64365971107544,False,20571756,2025-01-07 16:39:17+00:00,57,False,0.4247462749481201,sentence-transformers/all-mpnet-base-v2,null_baseline,False,False
1876877914324476183,MSFT,False,,15,complete,True,0.0075670565793453,0.0009154529885116,0.0,0.0009394249546098,0.0004120387512163,14653.0,0.0014739637379442,-0.0581789116374758,57.36709206305875,False,20571756,2025-01-08 06:25:40+00:00,58,False,0.3443717956542969,sentence-transformers/all-mpnet-base-v2,null_baseline,False,False
1877097533719326850,QCOM,False,,1,insufficient,False,0.002631077278531,,12.0,,,,,,,False,234930762,2025-01-08 20:58:21+00:00,83,False,0.7783461809158325,sentence-transformers/all-mpnet-base-v2,confirmatory,False,False
1877174465865318721,MSFT,True,"jobs_report(ALL, 2025-01-10 13:30:00+00:00->2025-01-10 21:00:00+00:00)",2,insufficient,False,-0.0007450887945236,0.0,,,,,,,,False,20571756,2025-01-09 02:04:03+00:00,59,False,0.4863173961639404,sentence-transformers/all-mpnet-base-v2,null_baseline,False,False
1877438270612603226,QCOM,True,"jobs_report(ALL, 2025-01-10 13:30:00+00:00->2025-01-10 21:00:00+00:00)",15,complete,False,0.0006984069460592,0.0022127747262626,0.0,0.0017823192627403,0.0010698256208132,8499.0,0.0032347960452871,0.4023603988798132,75.96187786798447,False,234930762,2025-01-09 19:32:19+00:00,82,False,0.2862752676010132,sentence-transformers/all-mpnet-base-v2,confirmatory,False,False
1877874836069900596,QCOM,False,,13,partial,True,0.0001502793652272,0.0020539858532434,0.0,0.0017823192627403,0.0010698256208132,8499.0,0.0032347960452871,0.2539353939725493,72.87916225438286,False,234930762,2025-01-11 00:27:04+00:00,82,False,0.5258792638778687,sentence-transformers/all-mpnet-base-v2,confirmatory,False,False
1878578314115473577,MSFT,False,,15,complete,True,-0.0005677637406383,0.0016573619411806,0.0,0.0009394249546098,0.0004120387512163,14653.0,0.0014739637379442,1.7424016174485355,93.95345663004164,True,20571756,2025-01-12 23:02:27+00:00,59,False,0.5110077857971191,sentence-transformers/all-mpnet-base-v2,null_baseline,False,False
1878578360445792407,MSFT,False,,15,complete,True,-0.0005677637406383,0.0016573619411806,0.0,0.0009394249546098,0.0004120387512163,14653.0,0.0014739637379442,1.7424016174485355,93.95345663004164,True,20571756,2025-01-12 23:02:38+00:00,60,False,0.6792593002319336,sentence-transformers/all-mpnet-base-v2,null_baseline,False,False
1879237790015402316,MSFT,False,,15,complete,True,0.0003809577551812,0.0002921173061381,8.0,0.0004359674633041,0.0002723261052547,8669.0,0.0006549754573286,-0.5282275712472735,24.77794439958473,False,20571756,2025-01-14 18:42:58+00:00,61,False,0.4454066753387451,sentence-transformers/all-mpnet-base-v2,null_baseline,False,False
1879530451716776062,MSFT,True,"cpi(ALL, 2025-01-15 13:30:00+00:00->2025-01-15 21:00:00+00:00)",15,complete,False,0.0030260979654808,0.0017110752101718,0.0,0.0009394249546098,0.0004120387512163,14653.0,0.0014739637379442,1.8727613684007052,94.90206783593804,True,20571756,2025-01-15 14:05:54+00:00,62,False,0.2052497267723083,sentence-transformers/all-mpnet-base-v2,null_baseline,False,False
1879530496100868130,MSFT,True,"cpi(ALL, 2025-01-15 13:30:00+00:00->2025-01-15 21:00:00+00:00)",15,complete,False,0.0030260979654808,0.0017110752101718,0.0,0.0009394249546098,0.0004120387512163,14653.0,0.0014739637379442,1.8727613684007052,94.90206783593804,True,20571756,2025-01-15 14:06:04+00:00,63,False,0.6705601811408997,sentence-transformers/all-mpnet-base-v2,null_baseline,False,False
1879749726842814640,QCOM,False,,14,partial,True,-0.0100178676503265,0.0017048425655242,0.0,0.0017823192627403,0.0010698256208132,8499.0,0.0032347960452871,-0.0724199306025221,62.59559948229203,False,234930762,2025-01-16 04:37:13+00:00,80,False,0.4620346426963806,sentence-transformers/all-mpnet-base-v2,confirmatory,False,False
1879960413082947966,MSFT,False,,12,partial,True,-0.0012947496069103,0.0004452803962906,8.0,0.0004359674633041,0.0002723261052547,8669.0,0.0006549754573286,0.0341977240037132,64.75948783019956,False,20571756,2025-01-16 18:34:25+00:00,63,False,0.5922862887382507,sentence-transformers/all-mpnet-base-v2,null_baseline,False,False
1879960414483804169,MSFT,False,,12,partial,True,-0.0012947496069103,0.0004452803962906,8.0,0.0004359674633041,0.0002723261052547,8669.0,0.0006549754573286,0.0341977240037132,64.75948783019956,False,20571756,2025-01-16 18:34:25+00:00,63,False,0.6980018615722656,sentence-transformers/all-mpnet-base-v2,null_baseline,False,False
1880464541815107793,BOX,False,,13,partial,True,0.0059929326322956,0.0014342152379201,0.0,0.0023659974273463,0.00134124926425,472.0,0.0040409491025227,-0.6947121718998387,20.55084745762712,False,914061,2025-01-18 03:57:38+00:00,0,True,,sentence-transformers/all-mpnet-base-v2,confirmatory,False,False
1880735272129994886,BOX,False,,13,partial,True,0.0059929326322956,0.0014342152379201,0.0,0.0023659974273463,0.00134124926425,472.0,0.0040409491025227,-0.6947121718998387,20.55084745762712,False,914061,2025-01-18 21:53:25+00:00,1,True,,sentence-transformers/all-mpnet-base-v2,confirmatory,False,False
1880822344295612457,BOX,False,,13,partial,True,0.0059929326322956,0.0014342152379201,0.0,0.0023659974273463,0.00134124926425,472.0,0.0040409491025227,-0.6947121718998387,20.55084745762712,False,914061,2025-01-19 03:39:25+00:00,2,True,,sentence-transformers/all-mpnet-base-v2,confirmatory,False,False
1881023026537587155,BOX,False,,13,partial,True,0.0059929326322956,0.0014342152379201,0.0,0.0023659974273463,0.00134124926425,472.0,0.0040409491025227,-0.6947121718998387,20.55084745762712,False,914061,2025-01-19 16:56:51+00:00,3,True,,sentence-transformers/all-mpnet-base-v2,confirmatory,False,False
1881037508026446321,BOX,False,,13,partial,True,0.0059929326322956,0.0014342152379201,0.0,0.0023659974273463,0.00134124926425,472.0,0.0040409491025227,-0.6947121718998387,20.55084745762712,False,914061,2025-01-19 17:54:24+00:00,4,True,,sentence-transformers/all-mpnet-base-v2,confirmatory,False,False
1881186954517344698,BOX,False,,13,partial,True,0.0059929326322956,0.0014342152379201,0.0,0.0023659974273463,0.00134124926425,472.0,0.0040409491025227,-0.6947121718998387,20.55084745762712,False,914061,2025-01-20 03:48:15+00:00,5,True,,sentence-transformers/all-mpnet-base-v2,confirmatory,False,False
1881199738529411369,BOX,False,,13,partial,True,0.0059929326322956,0.0014342152379201,0.0,0.0023659974273463,0.00134124926425,472.0,0.0040409491025227,-0.6947121718998387,20.55084745762712,False,914061,2025-01-20 04:39:03+00:00,6,True,,sentence-transformers/all-mpnet-base-v2,confirmatory,False,False
1881388865614942516,QCOM,False,,13,partial,True,0.0011914889920952,0.0023324198024208,0.0,0.0017823192627403,0.0010698256208132,8499.0,0.0032347960452871,0.514196453121354,77.80915401811977,False,234930762,2025-01-20 17:10:34+00:00,81,False,0.3546069860458374,sentence-transformers/all-mpnet-base-v2,confirmatory,False,False
1881395592204792285,BOX,False,,13,partial,True,0.0059929326322956,0.0014342152379201,0.0,0.0023659974273463,0.00134124926425,472.0,0.0040409491025227,-0.6947121718998387,20.55084745762712,False,914061,2025-01-20 17:37:18+00:00,7,True,,sentence-transformers/all-mpnet-base-v2,confirmatory,False,False
1881403007214272738,BOX,False,,13,partial,True,0.0059929326322956,0.0014342152379201,0.0,0.0023659974273463,0.00134124926425,472.0,0.0040409491025227,-0.6947121718998387,20.55084745762712,False,914061,2025-01-20 18:06:46+00:00,8,True,,sentence-transformers/all-mpnet-base-v2,confirmatory,False,False
1881422295413280932,MSFT,False,,15,complete,True,-0.0094769891102723,0.0013503978174172,0.0,0.0009394249546098,0.0004120387512163,14653.0,0.0014739637379442,0.9974131355224491,86.2280761618781,False,20571756,2025-01-20 19:23:25+00:00,64,False,0.5569485425949097,sentence-transformers/all-mpnet-base-v2,null_baseline,False,False
1881531209387507872,BOX,False,,13,partial,True,0.0059929326322956,0.0014342152379201,0.0,0.0023659974273463,0.00134124926425,472.0,0.0040409491025227,-0.6947121718998387,20.55084745762712,False,914061,2025-01-21 02:36:12+00:00,9,True,,sentence-transformers/all-mpnet-base-v2,confirmatory,False,False
1881805198651429331,BOX,False,,13,partial,True,-0.0017114076066616,0.0004190738556176,12.0,0.0008875319452804,0.000413202305816,1815.0,0.0013487540138926,-1.133725739350795,5.7300275482093666,False,914061,2025-01-21 20:44:56+00:00,10,True,,sentence-transformers/all-mpnet-base-v2,confirmatory,False,False
1881833898839290354,QCOM,False,,15,complete,True,0.0136660312213556,0.001920185226998,0.0,0.0017823192627403,0.0010698256208132,8499.0,0.0032347960452871,0.1288676972915696,69.73761619014002,False,234930762,2025-01-21 22:38:58+00:00,81,False,0.4611132740974426,sentence-transformers/all-mpnet-base-v2,confirmatory,False,False
1881835414656549313,QCOM,False,,15,complete,True,0.0136660312213556,0.001920185226998,0.0,0.0017823192627403,0.0010698256208132,8499.0,0.0032347960452871,0.1288676972915696,69.73761619014002,False,234930762,2025-01-21 22:45:00+00:00,82,False,0.3635035753250122,sentence-transformers/all-mpnet-base-v2,confirmatory,False,False
1881836421520007604,QCOM,False,,15,complete,True,0.0136660312213556,0.001920185226998,0.0,0.0017823192627403,0.0010698256208132,8499.0,0.0032347960452871,0.1288676972915696,69.73761619014002,False,234930762,2025-01-21 22:49:00+00:00,83,False,0.3092161417007446,sentence-transformers/all-mpnet-base-v2,confirmatory,False,False
1881838470429319235,BOX,False,,7,insufficient,False,-0.007174052543783,0.0008853263891048,0.0,0.0023659974273463,0.00134124926425,472.0,0.0040409491025227,-1.1039491895410964,2.11864406779661,False,914061,2025-01-21 22:57:08+00:00,11,True,,sentence-transformers/all-mpnet-base-v2,confirmatory,False,False
1881921540494918086,BOX,False,,7,insufficient,False,-0.007174052543783,0.0008853263891048,0.0,0.0023659974273463,0.00134124926425,472.0,0.0040409491025227,-1.1039491895410964,2.11864406779661,False,914061,2025-01-22 04:27:14+00:00,12,True,,sentence-transformers/all-mpnet-base-v2,confirmatory,False,False
1882122449934053859,BOX,False,,10,partial,True,-0.0013807324529371,0.0003875682250056,6.0,0.0008828791634215,0.0002489084372389,101.0,0.0011867096342035,-1.9899322976366245,1.98019801980198,False,914061,2025-01-22 17:45:34+00:00,13,True,,sentence-transformers/all-mpnet-base-v2,confirmatory,False,False
1882182667632095735,QCOM,False,,13,partial,True,0.0003751190304394,0.0012899634386837,0.0,0.0017823192627403,0.0010698256208132,8499.0,0.0032347960452871,-0.4602206326693862,42.06377220849512,False,234930762,2025-01-22 21:44:51+00:00,83,False,0.4901959896087646,sentence-transformers/all-mpnet-base-v2,confirmatory,False,False
1882183346824036392,QCOM,False,,13,partial,True,0.0003751190304394,0.0012899634386837,0.0,0.0017823192627403,0.0010698256208132,8499.0,0.0032347960452871,-0.4602206326693862,42.06377220849512,False,234930762,2025-01-22 21:47:33+00:00,84,False,0.354211688041687,sentence-transformers/all-mpnet-base-v2,confirmatory,False,False
1882240165865025711,BOX,False,,6,insufficient,False,-0.0074303553219219,0.0006608029343925,0.0,0.0023659974273463,0.00134124926425,472.0,0.0040409491025227,-1.2713479428502903,0.847457627118644,False,914061,2025-01-23 01:33:20+00:00,14,True,,sentence-transformers/all-mpnet-base-v2,confirmatory,False,False
1882373967127933007,QCOM,False,,13,partial,True,0.0003751190304394,0.0012899634386837,0.0,0.0017823192627403,0.0010698256208132,8499.0,0.0032347960452871,-0.4602206326693862,42.06377220849512,False,234930762,2025-01-23 10:25:01+00:00,85,False,0.4987387061119079,sentence-transformers/all-mpnet-base-v2,confirmatory,False,False
1882377738725544305,QCOM,False,,13,partial,True,0.0003751190304394,0.0012899634386837,0.0,0.0017823192627403,0.0010698256208132,8499.0,0.0032347960452871,-0.4602206326693862,42.06377220849512,False,234930762,2025-01-23 10:40:00+00:00,86,False,0.3612774610519409,sentence-transformers/all-mpnet-base-v2,confirmatory,False,False
1882439604768215166,QCOM,False,,14,partial,True,0.001823430194475,0.0008030355531526,0.0,0.0017823192627403,0.0010698256208132,8499.0,0.0032347960452871,-0.9153675987337616,7.636192493234498,False,234930762,2025-01-23 14:45:50+00:00,87,False,0.335462212562561,sentence-transformers/all-mpnet-base-v2,confirmatory,False,False
1882444244796768710,QCOM,False,,14,partial,True,0.0035534400229944,0.0008411472283943,1.0,0.0013793563903108,0.0009345661372343,7985.0,0.0026135186706023,-0.5758920000132697,30.093926111458984,False,234930762,2025-01-23 15:04:16+00:00,88,False,0.2585246562957763,sentence-transformers/all-mpnet-base-v2,confirmatory,False,False
1882454494589624601,QCOM,False,,13,partial,True,-0.0006227604181624,0.0005116591328114,2.0,0.0011865487468786,0.000799503699653,7176.0,0.0022010986042174,-0.8441356986341902,6.911928651059086,False,234930762,2025-01-23 15:45:00+00:00,89,False,0.2728564739227295,sentence-transformers/all-mpnet-base-v2,confirmatory,False,False
1882523238586368057,BOX,False,,10,partial,True,1.058409637588742e-05,0.0004022566466419,11.0,0.0008934168611414,0.0005987207556726,755.0,0.0013152033478981,-0.8203494030330484,7.152317880794702,False,914061,2025-01-23 20:18:10+00:00,15,True,,sentence-transformers/all-mpnet-base-v2,confirmatory,False,False
1882615281639702554,BOX,False,,7,insufficient,False,-0.0001170808720436,0.0011873249330826,0.0,0.0023659974273463,0.00134124926425,472.0,0.0040409491025227,-0.8787870574696542,7.838983050847458,False,914061,2025-01-24 02:23:55+00:00,16,True,,sentence-transformers/all-mpnet-base-v2,confirmatory,False,False
1882854375368151487,BOX,False,,7,insufficient,False,0.0016258760460192,0.0002119562515744,7.0,0.0010747703904457,0.0006370892637828,158.0,0.0018873071630307,-1.3543065123215776,0.0,False,914061,2025-01-24 18:13:59+00:00,17,True,,sentence-transformers/all-mpnet-base-v2,confirmatory,False,False
1882867955131900004,BOX,False,,6,insufficient,False,0.0006964080293471,0.0002529194676456,9.0,0.0007694987405448,0.0002384235737868,150.0,0.0011138224769505,-2.166645121094526,0.0,False,914061,2025-01-24 19:07:57+00:00,18,True,,sentence-transformers/all-mpnet-base-v2,confirmatory,False,False
1882918743409676719,MSFT,False,,15,complete,True,-0.0204679358931846,0.0013525970550959,0.0,0.0009394249546098,0.0004120387512163,14653.0,0.0014739637379442,1.002750589031833,86.28949703132464,False,20571756,2025-01-24 22:29:46+00:00,64,False,0.7643073201179504,sentence-transformers/all-mpnet-base-v2,null_baseline,False,False
1883003257729216946,BOX,False,,7,insufficient,False,0.0341929793595069,0.0012278429454906,0.0,0.0023659974273463,0.00134124926425,472.0,0.0040409491025227,-0.8485778983759825,8.686440677966102,False,914061,2025-01-25 04:05:35+00:00,19,True,,sentence-transformers/all-mpnet-base-v2,confirmatory,False,False
1883254205936529616,BOX,False,,7,insufficient,False,0.0341929793595069,0.0012278429454906,0.0,0.0023659974273463,0.00134124926425,472.0,0.0040409491025227,-0.8485778983759825,8.686440677966102,False,914061,2025-01-25 20:42:46+00:00,20,False,0.3590942621231079,sentence-transformers/all-mpnet-base-v2,confirmatory,False,False
1883561338561315005,BOX,False,,7,insufficient,False,0.0341929793595069,0.0012278429454906,0.0,0.0023659974273463,0.00134124926425,472.0,0.0040409491025227,-0.8485778983759825,8.686440677966102,False,914061,2025-01-26 17:03:12+00:00,21,False,0.5826946496963501,sentence-transformers/all-mpnet-base-v2,confirmatory,False,False
1883638050712080431,BOX,False,,7,insufficient,False,0.0341929793595069,0.0012278429454906,0.0,0.0023659974273463,0.00134124926425,472.0,0.0040409491025227,-0.8485778983759825,8.686440677966102,False,914061,2025-01-26 22:08:02+00:00,22,False,0.7953784465789795,sentence-transformers/all-mpnet-base-v2,confirmatory,False,False
1883703145790062714,BOX,False,,7,insufficient,False,0.0341929793595069,0.0012278429454906,0.0,0.0023659974273463,0.00134124926425,472.0,0.0040409491025227,-0.8485778983759825,8.686440677966102,False,914061,2025-01-27 02:26:42+00:00,23,False,0.3888901472091675,sentence-transformers/all-mpnet-base-v2,confirmatory,False,False
1883732583068127480,BOX,False,,7,insufficient,False,0.0341929793595069,0.0012278429454906,0.0,0.0023659974273463,0.00134124926425,472.0,0.0040409491025227,-0.8485778983759825,8.686440677966102,False,914061,2025-01-27 04:23:40+00:00,24,False,0.5487382411956787,sentence-transformers/all-mpnet-base-v2,confirmatory,False,False
1883753899255046301,MSFT,False,,15,complete,True,-0.0204679358931846,0.0013525970550959,0.0,0.0009394249546098,0.0004120387512163,14653.0,0.0014739637379442,1.002750589031833,86.28949703132464,False,20571756,2025-01-27 05:48:22+00:00,65,False,0.3900694847106933,sentence-transformers/all-mpnet-base-v2,null_baseline,False,False
1883911644776206370,BOX,False,,7,insufficient,False,-0.0020695500992935,0.0003308573182972,3.0,0.0009537606446885,0.0003292884701768,271.0,0.0014873582929398,-1.8916645519252084,0.3690036900369003,False,914061,2025-01-27 16:15:12+00:00,25,False,0.5391745567321777,sentence-transformers/all-mpnet-base-v2,confirmatory,False,False
1884053695626875123,BOX,False,,4,insufficient,False,0.0047563251843845,0.0013891283174024,0.0,0.0023659974273463,0.00134124926425,472.0,0.0040409491025227,-0.7283277881162848,18.008474576271187,False,914061,2025-01-28 01:39:39+00:00,26,False,0.4074161648750305,sentence-transformers/all-mpnet-base-v2,confirmatory,False,False
1884271546665165269,BOX,False,,10,partial,True,0.0024714704224033,0.0006551806694895,3.0,0.0009537606446885,0.0003292884701768,271.0,0.0014873582929398,-0.9067428781778636,15.498154981549815,False,914061,2025-01-28 16:05:19+00:00,27,False,0.426210880279541,sentence-transformers/all-mpnet-base-v2,confirmatory,False,False
1884455057527275697,BOX,False,,10,partial,True,-0.0045593434006114,0.0016821219012678,0.0,0.0023659974273463,0.00134124926425,472.0,0.0040409491025227,-0.5098795162887532,38.771186440677965,False,914061,2025-01-29 04:14:31+00:00,28,False,0.3004244565963745,sentence-transformers/all-mpnet-base-v2,confirmatory,False,False
1884474153979502726,BOX,False,,10,partial,True,-0.0045593434006114,0.0016821219012678,0.0,0.0023659974273463,0.00134124926425,472.0,0.0040409491025227,-0.5098795162887532,38.771186440677965,False,914061,2025-01-29 05:30:24+00:00,29,False,0.6375836730003357,sentence-transformers/all-mpnet-base-v2,confirmatory,False,False
1884650574316204399,QCOM,False,,8,partial,True,0.0030377620230503,0.0004135951956658,5.0,0.0008809439772216,0.0005446211250859,4216.0,0.0015541749889803,-0.8581172489076377,12.02561669829222,False,234930762,2025-01-29 17:11:26+00:00,85,False,0.4815326333045959,sentence-transformers/all-mpnet-base-v2,confirmatory,False,False
1884786461784039792,BOX,False,,9,partial,True,0.0016314021886332,0.0034511466702741,0.0,0.0023659974273463,0.00134124926425,472.0,0.0040409491025227,0.8090585932470634,83.05084745762711,False,914061,2025-01-30 02:11:24+00:00,30,False,0.3490443229675293,sentence-transformers/all-mpnet-base-v2,confirmatory,False,False
1885146393406587192,BOX,False,,4,insufficient,False,-0.0027336034084171,0.0016319026468668,0.0,0.0023659974273463,0.00134124926425,472.0,0.0040409491025227,-0.5473216649926665,34.95762711864407,False,914061,2025-01-31 02:01:39+00:00,31,False,0.3052576780319214,sentence-transformers/all-mpnet-base-v2,confirmatory,False,False
1885197788155408542,BOX,False,,4,insufficient,False,-0.0027336034084171,0.0016319026468668,0.0,0.0023659974273463,0.00134124926425,472.0,0.0040409491025227,-0.5473216649926665,34.95762711864407,False,914061,2025-01-31 05:25:52+00:00,32,False,0.2469034194946289,sentence-transformers/all-mpnet-base-v2,confirmatory,False,False
1885351425016029321,MSFT,False,,15,complete,True,4.174595000816517e-05,0.0008188578577017,2.0,0.0006057041346892,0.0002952066746145,12430.0,0.0009465478368274,0.7220491314799639,83.52373290426388,False,20571756,2025-01-31 15:36:22+00:00,65,False,0.6442378163337708,sentence-transformers/all-mpnet-base-v2,null_baseline,False,False
1885417368865955954,QCOM,False,,15,complete,True,-0.0026073082358953,0.0008524358253209,11.0,0.0007986318391369,0.0005063543907869,7480.0,0.0014103354945072,0.1062575681438057,67.28609625668449,False,234930762,2025-01-31 19:58:24+00:00,86,False,0.3597532510757446,sentence-transformers/all-mpnet-base-v2,confirmatory,False,False
1885442033617338795,MSFT,False,,15,complete,True,0.0083565373766174,0.0018120277639373,0.0,0.0009394249546098,0.0004120387512163,14653.0,0.0014739637379442,2.1177687942011487,96.26697604586091,True,20571756,2025-01-31 21:36:25+00:00,66,False,0.3887999653816223,sentence-transformers/all-mpnet-base-v2,null_baseline,False,False
1885540822747406372,QCOM,False,,15,complete,True,-0.0098910138283773,0.0011188402737246,0.0,0.0017823192627403,0.0010698256208132,8499.0,0.0032347960452871,-0.6201748921578956,30.215319449346985,False,234930762,2025-02-01 04:08:58+00:00,87,False,0.4270373582839966,sentence-transformers/all-mpnet-base-v2,confirmatory,False,False
1885547937180377237,BOX,False,,7,insufficient,False,0.0068145739007365,0.001279180722754,0.0,0.0023659974273463,0.00134124926425,472.0,0.0040409491025227,-0.8103018085903052,12.28813559322034,False,914061,2025-02-01 04:37:14+00:00,33,False,0.5155640840530396,sentence-transformers/all-mpnet-base-v2,confirmatory,False,False
1885791033805643860,BOX,False,,7,insufficient,False,0.0068145739007365,0.001279180722754,0.0,0.0023659974273463,0.00134124926425,472.0,0.0040409491025227,-0.8103018085903052,12.28813559322034,False,914061,2025-02-01 20:43:13+00:00,34,False,0.8749439716339111,sentence-transformers/all-mpnet-base-v2,confirmatory,False,False
1885829441353646239,BOX,False,,7,insufficient,False,0.0068145739007365,0.001279180722754,0.0,0.0023659974273463,0.00134124926425,472.0,0.0040409491025227,-0.8103018085903052,12.28813559322034,False,914061,2025-02-01 23:15:50+00:00,35,False,0.4020898938179016,sentence-transformers/all-mpnet-base-v2,confirmatory,False,False
1885932322106798562,BOX,False,,7,insufficient,False,0.0068145739007365,0.001279180722754,0.0,0.0023659974273463,0.00134124926425,472.0,0.0040409491025227,-0.8103018085903052,12.28813559322034,False,914061,2025-02-02 06:04:39+00:00,36,False,0.2638759613037109,sentence-transformers/all-mpnet-base-v2,confirmatory,False,False
1886099361853276163,BOX,False,,7,insufficient,False,0.0068145739007365,0.001279180722754,0.0,0.0023659974273463,0.00134124926425,472.0,0.0040409491025227,-0.8103018085903052,12.28813559322034,False,914061,2025-02-02 17:08:24+00:00,37,False,0.3738906979560852,sentence-transformers/all-mpnet-base-v2,confirmatory,False,False
1886277540152737976,BOX,False,,7,insufficient,False,0.0068145739007365,0.001279180722754,0.0,0.0023659974273463,0.00134124926425,472.0,0.0040409491025227,-0.8103018085903052,12.28813559322034,False,914061,2025-02-03 04:56:25+00:00,38,False,0.2532737851142883,sentence-transformers/all-mpnet-base-v2,confirmatory,False,False
1886605881154134195,BOX,False,,2,insufficient,False,0.005184392686454,0.0,0.0,0.0023659974273463,0.00134124926425,472.0,0.0040409491025227,-1.764025144624585,0.0,False,914061,2025-02-04 02:41:08+00:00,39,False,0.2905888557434082,sentence-transformers/all-mpnet-base-v2,confirmatory,False,False
1886660365351837805,BOX,False,,2,insufficient,False,0.005184392686454,0.0,0.0,0.0023659974273463,0.00134124926425,472.0,0.0040409491025227,-1.764025144624585,0.0,False,914061,2025-02-04 06:17:38+00:00,40,False,0.3651850819587707,sentence-transformers/all-mpnet-base-v2,confirmatory,False,False
1886876005513748539,BOX,False,,15,complete,True,-0.0037233999566358,0.0008928479717509,12.0,0.0008875319452804,0.000413202305816,1815.0,0.0013487540138926,0.0128654327326831,57.96143250688706,False,914061,2025-02-04 20:34:30+00:00,41,False,0.3761983513832092,sentence-transformers/all-mpnet-base-v2,confirmatory,False,False
1886947986418360440,BOX,False,,5,insufficient,False,0.0020582665573164,0.0006944649560089,0.0,0.0023659974273463,0.00134124926425,472.0,0.0040409491025227,-1.2462504292757022,0.847457627118644,False,914061,2025-02-05 01:20:32+00:00,42,False,0.2853756546974182,sentence-transformers/all-mpnet-base-v2,confirmatory,False,False
1886967543665189097,BOX,False,,5,insufficient,False,0.0020582665573164,0.0006944649560089,0.0,0.0023659974273463,0.00134124926425,472.0,0.0040409491025227,-1.2462504292757022,0.847457627118644,False,914061,2025-02-05 02:38:15+00:00,43,False,0.2979252338409424,sentence-transformers/all-mpnet-base-v2,confirmatory,False,False
1887195521254891720,BOX,False,,8,partial,True,0.0012653797880386,0.000547007219634,6.0,0.0008828791634215,0.0002489084372389,101.0,0.0011867096342035,-1.3493795048224189,2.9702970297029703,False,914061,2025-02-05 17:44:09+00:00,44,False,0.4798460006713867,sentence-transformers/all-mpnet-base-v2,confirmatory,False,False
1887274386492899565,BOX,False,,4,insufficient,False,0.000258991096953,0.0027088703002087,0.0,0.0023659974273463,0.00134124926425,472.0,0.0040409491025227,0.2556369513120434,73.09322033898306,False,914061,2025-02-05 22:57:32+00:00,45,False,0.2828333377838135,sentence-transformers/all-mpnet-base-v2,confirmatory,False,False
1887575416514158696,BOX,False,,8,partial,True,-0.0016773748719953,0.0006247582592028,8.0,0.0011208349410239,0.0005122699327436,159.0,0.0015615102713901,-0.9683892223856176,12.57861635220126,False,914061,2025-02-06 18:53:43+00:00,46,False,0.3277163505554199,sentence-transformers/all-mpnet-base-v2,confirmatory,False,False
1887587703665139765,MSFT,False,,13,partial,True,-0.0004255107718629,0.0002614438283226,10.0,0.0004132226291285,0.0002187907982828,9445.0,0.0006671494974963,-0.6937165639371788,22.572789835892006,False,20571756,2025-02-06 19:42:32+00:00,67,False,0.4506863355636596,sentence-transformers/all-mpnet-base-v2,null_baseline,False,False
1887602132582604976,MSFT,False,,15,complete,True,0.0010247691128975,0.0005807200031919,12.0,0.0005219968721894,0.0003165024684274,8336.0,0.000856845378084,0.1855376714573781,70.62140115163147,False,20571756,2025-02-06 20:39:53+00:00,68,False,0.2686865925788879,sentence-transformers/all-mpnet-base-v2,null_baseline,False,False
1887654055599874081,BOX,True,"jobs_report(ALL, 2025-02-07 13:30:00+00:00->2025-02-07 21:00:00+00:00)",4,insufficient,False,0.0038393144916597,0.0022819701189666,0.0,0.0023659974273463,0.00134124926425,472.0,0.0040409491025227,-0.0626485401479057,62.71186440677966,False,914061,2025-02-07 00:06:12+00:00,47,False,0.3626599907875061,sentence-transformers/all-mpnet-base-v2,confirmatory,False,False
1887931096605802524,BOX,True,"jobs_report(ALL, 2025-02-07 13:30:00+00:00->2025-02-07 21:00:00+00:00)",6,insufficient,False,0.0001614904835197,0.0003936176090564,8.0,0.0011208349410239,0.0005122699327436,159.0,0.0015615102713901,-1.4195979218858834,2.515723270440252,False,914061,2025-02-07 18:27:04+00:00,48,False,0.4795318841934204,sentence-transformers/all-mpnet-base-v2,confirmatory,False,False
1888004670809047367,QCOM,False,,13,partial,True,0.0096728794067402,0.0025788631453692,0.0,0.0017823192627403,0.0010698256208132,8499.0,0.0032347960452871,0.7445548761707517,81.72726203082715,False,234930762,2025-02-07 23:19:25+00:00,87,False,0.238273799419403,sentence-transformers/all-mpnet-base-v2,confirmatory,False,False
1888347334330978448,BOX,False,,7,insufficient,False,0.0024436528281785,0.0035903566161886,0.0,0.0023659974273463,0.00134124926425,472.0,0.0040409491025227,0.9128498493729892,84.7457627118644,False,914061,2025-02-08 22:01:02+00:00,49,False,0.2313106060028076,sentence-transformers/all-mpnet-base-v2,confirmatory,False,False
1888366263510196449,BOX,False,,7,insufficient,False,0.0024436528281785,0.0035903566161886,0.0,0.0023659974273463,0.00134124926425,472.0,0.0040409491025227,0.9128498493729892,84.7457627118644,False,914061,2025-02-08 23:16:16+00:00,50,False,0.3352358937263489,sentence-transformers/all-mpnet-base-v2,confirmatory,False,False
1888683513593077782,BOX,False,,7,insufficient,False,0.0024436528281785,0.0035903566161886,0.0,0.0023659974273463,0.00134124926425,472.0,0.0040409491025227,0.9128498493729892,84.7457627118644,False,914061,2025-02-09 20:16:54+00:00,51,False,0.2821800112724304,sentence-transformers/all-mpnet-base-v2,confirmatory,False,False
1888802531343769729,BOX,False,,7,insufficient,False,0.0024436528281785,0.0035903566161886,0.0,0.0023659974273463,0.00134124926425,472.0,0.0040409491025227,0.9128498493729892,84.7457627118644,False,914061,2025-02-10 04:09:50+00:00,52,False,0.3264803290367126,sentence-transformers/all-mpnet-base-v2,confirmatory,False,False
1889125076114735360,BOX,False,,8,partial,True,0.0005470626270405,0.0009726507083905,0.0,0.0023659974273463,0.00134124926425,472.0,0.0040409491025227,-1.0388424852071547,2.9661016949152543,False,914061,2025-02-11 01:31:31+00:00,53,False,0.4168730974197387,sentence-transformers/all-mpnet-base-v2,confirmatory,False,False
1889189450045177893,BOX,False,,8,partial,True,0.0005470626270405,0.0009726507083905,0.0,0.0023659974273463,0.00134124926425,472.0,0.0040409491025227,-1.0388424852071547,2.9661016949152543,False,914061,2025-02-11 05:47:18+00:00,54,False,0.6120425462722778,sentence-transformers/all-mpnet-base-v2,confirmatory,False,False
1889198176172921122,BOX,False,,8,partial,True,0.0005470626270405,0.0009726507083905,0.0,0.0023659974273463,0.00134124926425,472.0,0.0040409491025227,-1.0388424852071547,2.9661016949152543,False,914061,2025-02-11 06:21:59+00:00,55,False,0.3892387747764587,sentence-transformers/all-mpnet-base-v2,confirmatory,False,False
1889344109376311483,BOX,False,,4,insufficient,False,-0.0010467172419431,0.0008515540521941,3.0,0.0009537606446885,0.0003292884701768,271.0,0.0014873582929398,-0.3103861864326044,42.80442804428044,False,914061,2025-02-11 16:01:52+00:00,56,False,0.3539439439773559,sentence-transformers/all-mpnet-base-v2,confirmatory,False,False
1889396545038196936,BOX,False,,4,insufficient,False,0.0009409853405444,0.0001361066121166,9.0,0.0007694987405448,0.0002384235737868,150.0,0.0011138224769505,-2.656583484460356,0.0,False,914061,2025-02-11 19:30:14+00:00,57,False,0.2214674949645996,sentence-transformers/all-mpnet-base-v2,confirmatory,False,False
1889486654043463741,BOX,True,"cpi(ALL, 2025-02-12 13:30:00+00:00->2025-02-12 21:00:00+00:00)",4,insufficient,False,-0.0012113140970907,0.0012203132391165,0.0,0.0023659974273463,0.00134124926425,472.0,0.0040409491025227,-0.8541918484260241,8.050847457627118,False,914061,2025-02-12 01:28:17+00:00,58,False,0.5299234986305237,sentence-transformers/all-mpnet-base-v2,confirmatory,False,False
1889525710617977174,BOX,True,"cpi(ALL, 2025-02-12 13:30:00+00:00->2025-02-12 21:00:00+00:00)",4,insufficient,False,-0.0012113140970907,0.0012203132391165,0.0,0.0023659974273463,0.00134124926425,472.0,0.0040409491025227,-0.8541918484260241,8.050847457627118,False,914061,2025-02-12 04:03:29+00:00,59,False,0.251596450805664,sentence-transformers/all-mpnet-base-v2,confirmatory,False,False
1889748479041478712,BOX,True,"cpi(ALL, 2025-02-12 13:30:00+00:00->2025-02-12 21:00:00+00:00)",3,insufficient,False,0.001037315765988,4.1097657943467425e-08,8.0,0.0011208349410239,0.0005122699327436,159.0,0.0015615102713901,-2.187896988923875,0.0,False,914061,2025-02-12 18:48:41+00:00,60,False,0.2883637547492981,sentence-transformers/all-mpnet-base-v2,confirmatory,False,False
1889902458786423125,BOX,False,,5,insufficient,False,0.0017153276094927,0.0025894482716319,0.0,0.0023659974273463,0.00134124926425,472.0,0.0040409491025227,0.1665990433258915,70.12711864406779,False,914061,2025-02-13 05:00:33+00:00,61,False,0.2871012687683105,sentence-transformers/all-mpnet-base-v2,confirmatory,False,False
1889940246969852413,BOX,False,,5,insufficient,False,0.0017153276094927,0.0025894482716319,0.0,0.0023659974273463,0.00134124926425,472.0,0.0040409491025227,0.1665990433258915,70.12711864406779,False,914061,2025-02-13 07:30:42+00:00,62,False,0.2399004101753235,sentence-transformers/all-mpnet-base-v2,confirmatory,False,False
1890254251580125222,BOX,False,,6,insufficient,False,-0.000528696214636,0.0019198935631482,0.0,0.0023659974273463,0.00134124926425,472.0,0.0040409491025227,-0.3326032498869816,52.96610169491526,False,914061,2025-02-14 04:18:27+00:00,63,False,0.3444831967353821,sentence-transformers/all-mpnet-base-v2,confirmatory,False,False
1890293306321695066,BOX,False,,6,insufficient,False,-0.000528696214636,0.0019198935631482,0.0,0.0023659974273463,0.00134124926425,472.0,0.0040409491025227,-0.3326032498869816,52.96610169491526,False,914061,2025-02-14 06:53:38+00:00,64,False,0.4653506278991699,sentence-transformers/all-mpnet-base-v2,confirmatory,False,False
1890462605627490502,BOX,False,,7,insufficient,False,-0.0007068136839128,0.0003333902899391,7.0,0.0010747703904457,0.0006370892637828,158.0,0.0018873071630307,-1.1636989393048496,0.6329113924050633,False,914061,2025-02-14 18:06:22+00:00,65,False,0.6414915323257446,sentence-transformers/all-mpnet-base-v2,confirmatory,False,False
1890472994436243707,QCOM,False,,13,partial,True,0.0008983275094994,0.0003268358391873,8.0,0.0008611830211537,0.0006334579657316,3701.0,0.0014154386593569,-0.843540078226416,4.674412320994326,False,234930762,2025-02-14 18:47:39+00:00,82,False,0.3304115533828735,sentence-transformers/all-mpnet-base-v2,confirmatory,False,False
1890500778839712173,BOX,False,,10,partial,True,0.000369530104153,0.0005846110623739,12.0,0.0008875319452804,0.000413202305816,1815.0,0.0013487540138926,-0.7331054997582487,19.669421487603305,False,914061,2025-02-14 20:38:04+00:00,66,False,0.7674630880355835,sentence-transformers/all-mpnet-base-v2,confirmatory,False,False
1890602936889204839,BOX,False,,5,insufficient,False,-0.0002458613342075,0.0013368122934498,0.0,0.0023659974273463,0.00134124926425,472.0,0.0040409491025227,-0.7673332327767586,16.3135593220339,False,914061,2025-02-15 03:24:00+00:00,67,False,0.8055300116539001,sentence-transformers/all-mpnet-base-v2,confirmatory,False,False
1890804783214104816,BOX,False,,5,insufficient,False,-0.0002458613342075,0.0013368122934498,0.0,0.0023659974273463,0.00134124926425,472.0,0.0040409491025227,-0.7673332327767586,16.3135593220339,False,914061,2025-02-15 16:46:04+00:00,68,False,0.66091388463974,sentence-transformers/all-mpnet-base-v2,confirmatory,False,False
1890905974036176943,BOX,False,,5,insufficient,False,-0.0002458613342075,0.0013368122934498,0.0,0.0023659974273463,0.00134124926425,472.0,0.0040409491025227,-0.7673332327767586,16.3135593220339,False,914061,2025-02-15 23:28:10+00:00,69,False,0.2812072038650512,sentence-transformers/all-mpnet-base-v2,confirmatory,False,False
1890962024319856775,BOX,False,,5,insufficient,False,-0.0002458613342075,0.0013368122934498,0.0,0.0023659974273463,0.00134124926425,472.0,0.0040409491025227,-0.7673332327767586,16.3135593220339,False,914061,2025-02-16 03:10:53+00:00,70,False,0.6153310537338257,sentence-transformers/all-mpnet-base-v2,confirmatory,False,False
1891007199868072406,BOX,False,,5,insufficient,False,-0.0002458613342075,0.0013368122934498,0.0,0.0023659974273463,0.00134124926425,472.0,0.0040409491025227,-0.7673332327767586,16.3135593220339,False,914061,2025-02-16 06:10:24+00:00,71,False,0.502861499786377,sentence-transformers/all-mpnet-base-v2,confirmatory,False,False
1891283040707490045,BOX,False,,5,insufficient,False,-0.0002458613342075,0.0013368122934498,0.0,0.0023659974273463,0.00134124926425,472.0,0.0040409491025227,-0.7673332327767586,16.3135593220339,False,914061,2025-02-17 00:26:29+00:00,72,False,0.3288064002990722,sentence-transformers/all-mpnet-base-v2,confirmatory,False,False
1891291958275883406,BOX,False,,5,insufficient,False,-0.0002458613342075,0.0013368122934498,0.0,0.0023659974273463,0.00134124926425,472.0,0.0040409491025227,-0.7673332327767586,16.3135593220339,False,914061,2025-02-17 01:01:56+00:00,73,False,0.2750239968299866,sentence-transformers/all-mpnet-base-v2,confirmatory,False,False
1891358026470420716,BOX,False,,5,insufficient,False,-0.0002458613342075,0.0013368122934498,0.0,0.0023659974273463,0.00134124926425,472.0,0.0040409491025227,-0.7673332327767586,16.3135593220339,False,914061,2025-02-17 05:24:27+00:00,74,False,0.3182415962219238,sentence-transformers/all-mpnet-base-v2,confirmatory,False,False
1891543665106940226,BOX,False,,5,insufficient,False,-0.0002458613342075,0.0013368122934498,0.0,0.0023659974273463,0.00134124926425,472.0,0.0040409491025227,-0.7673332327767586,16.3135593220339,False,914061,2025-02-17 17:42:07+00:00,75,False,0.2373725175857544,sentence-transformers/all-mpnet-base-v2,confirmatory,False,False
1891587229048336741,BOX,False,,5,insufficient,False,-0.0002458613342075,0.0013368122934498,0.0,0.0023659974273463,0.00134124926425,472.0,0.0040409491025227,-0.7673332327767586,16.3135593220339,False,914061,2025-02-17 20:35:14+00:00,76,False,0.4620555639266968,sentence-transformers/all-mpnet-base-v2,confirmatory,False,False
1891645445056712930,BOX,False,,5,insufficient,False,-0.0002458613342075,0.0013368122934498,0.0,0.0023659974273463,0.00134124926425,472.0,0.0040409491025227,-0.7673332327767586,16.3135593220339,False,914061,2025-02-18 00:26:33+00:00,77,False,0.2580354213714599,sentence-transformers/all-mpnet-base-v2,confirmatory,False,False
1891709981998596565,BOX,False,,5,insufficient,False,-0.0002458613342075,0.0013368122934498,0.0,0.0023659974273463,0.00134124926425,472.0,0.0040409491025227,-0.7673332327767586,16.3135593220339,False,914061,2025-02-18 04:43:00+00:00,78,False,0.3722310662269592,sentence-transformers/all-mpnet-base-v2,confirmatory,False,False
1891889293184074047,BOX,False,,7,insufficient,False,0.0014871206557536,0.0003530841299331,3.0,0.0009537606446885,0.0003292884701768,271.0,0.0014873582929398,-1.8241650381282863,0.7380073800738007,False,914061,2025-02-18 16:35:31+00:00,79,False,0.2488141655921936,sentence-transformers/all-mpnet-base-v2,confirmatory,False,False
1891902408940265497,BOX,False,,7,insufficient,False,0.001013959563491,0.0003306460768362,5.0,0.0008476673880137,0.0003763439537565,100.0,0.0012922168242674,-1.3737999668035772,0.0,False,914061,2025-02-18 17:27:38+00:00,80,False,0.625864565372467,sentence-transformers/all-mpnet-base-v2,confirmatory,False,False
1892013405990683014,BOX,False,,6,insufficient,False,-0.0083737573322077,0.0012299492248225,0.0,0.0023659974273463,0.00134124926425,472.0,0.0040409491025227,-0.8470075121785862,8.686440677966102,False,914061,2025-02-19 00:48:42+00:00,81,False,0.3093962669372558,sentence-transformers/all-mpnet-base-v2,confirmatory,False,False
1892242895094313420,MSFT,False,,15,complete,True,0.0065684739447222,0.0010341608610592,3.0,0.0005387284302434,0.0002832804516851,11561.0,0.0008166489641596,1.7489114687182177,96.71308710319175,True,20571756,2025-02-19 16:00:37+00:00,69,False,0.5944492816925049,sentence-transformers/all-mpnet-base-v2,null_baseline,False,False
1892242897216450621,MSFT,False,,15,complete,True,0.0065684739447222,0.0010341608610592,3.0,0.0005387284302434,0.0002832804516851,11561.0,0.0008166489641596,1.7489114687182177,96.71308710319175,True,20571756,2025-02-19 16:00:37+00:00,69,False,0.6123089790344238,sentence-transformers/all-mpnet-base-v2,null_baseline,False,False
1892244164814725387,MSFT,False,,15,complete,True,0.0062650679207041,0.0012766883142343,3.0,0.0005387284302434,0.0002832804516851,11561.0,0.0008166489641596,2.6050505059599005,98.8841795692414,True,20571756,2025-02-19 16:05:39+00:00,71,False,0.4965519905090332,sentence-transformers/all-mpnet-base-v2,null_baseline,False,False
1892244167079923825,MSFT,False,,15,complete,True,0.0062650679207041,0.0012766883142343,3.0,0.0005387284302434,0.0002832804516851,11561.0,0.0008166489641596,2.6050505059599005,98.8841795692414,True,20571756,2025-02-19 16:05:40+00:00,72,False,0.705870509147644,sentence-transformers/all-mpnet-base-v2,null_baseline,False,False
1892305489532506469,MSFT,False,,15,complete,True,0.0020236318471784,0.0003579697012799,11.0,0.0004038797262934,0.0002294343287601,11546.0,0.0006587422095737,-0.2001009406987176,52.13926901091287,False,20571756,2025-02-19 20:09:20+00:00,73,False,0.1535508632659912,sentence-transformers/all-mpnet-base-v2,null_baseline,False,False
1892352586000584761,BOX,False,,7,insufficient,False,-0.0084582365095917,0.001650339203371,0.0,0.0023659974273463,0.00134124926425,472.0,0.0040409491025227,-0.533575855771623,36.228813559322035,False,914061,2025-02-19 23:16:29+00:00,82,False,0.3144785165786743,sentence-transformers/all-mpnet-base-v2,confirmatory,False,False
1892434097529565547,BOX,False,,7,insufficient,False,-0.0084582365095917,0.001650339203371,0.0,0.0023659974273463,0.00134124926425,472.0,0.0040409491025227,-0.533575855771623,36.228813559322035,False,914061,2025-02-20 04:40:23+00:00,83,False,0.4830003976821899,sentence-transformers/all-mpnet-base-v2,confirmatory,False,False
1892600851807498325,BOX,False,,10,partial,True,0.0032469115826913,0.0009394741605798,2.0,0.0012459311727754,0.0005641575098515,353.0,0.0020798702764527,-0.5432117925297908,33.711048158640224,False,914061,2025-02-20 15:43:00+00:00,84,False,0.259450614452362,sentence-transformers/all-mpnet-base-v2,confirmatory,False,False
1893020560470261861,BOX,False,,10,partial,True,0.0004602597534446,0.0007232615743161,10.0,0.0008190620321485,0.0003124081692805,265.0,0.0012370491267267,-0.3066515771756778,41.13207547169811,False,914061,2025-02-21 19:30:46+00:00,85,False,0.4828724265098572,sentence-transformers/all-mpnet-base-v2,confirmatory,False,False
1893046887692788115,BOX,False,,13,partial,True,0.0006065098332086,0.0022196968354208,0.0,0.0023659974273463,0.00134124926425,472.0,0.0040409491025227,-0.1090778543742713,60.80508474576271,False,914061,2025-02-21 21:15:23+00:00,86,False,0.2712800502777099,sentence-transformers/all-mpnet-base-v2,confirmatory,False,False
1893170662593962485,BOX,False,,13,partial,True,0.0006065098332086,0.0022196968354208,0.0,0.0023659974273463,0.00134124926425,472.0,0.0040409491025227,-0.1090778543742713,60.80508474576271,False,914061,2025-02-22 05:27:14+00:00,87,False,0.4739031195640564,sentence-transformers/all-mpnet-base-v2,confirmatory,False,False
1893336277602443779,BOX,False,,13,partial,True,0.0006065098332086,0.0022196968354208,0.0,0.0023659974273463,0.00134124926425,472.0,0.0040409491025227,-0.1090778543742713,60.80508474576271,False,914061,2025-02-22 16:25:19+00:00,88,False,0.67502361536026,sentence-transformers/all-mpnet-base-v2,confirmatory,False,False
1893354031323480353,BOX,False,,13,partial,True,0.0006065098332086,0.0022196968354208,0.0,0.0023659974273463,0.00134124926425,472.0,0.0040409491025227,-0.1090778543742713,60.80508474576271,False,914061,2025-02-22 17:35:52+00:00,89,False,0.2771105170249939,sentence-transformers/all-mpnet-base-v2,confirmatory,False,False
1893489954581258505,BOX,False,,13,partial,True,0.0006065098332086,0.0022196968354208,0.0,0.0023659974273463,0.00134124926425,472.0,0.0040409491025227,-0.1090778543742713,60.80508474576271,False,914061,2025-02-23 02:35:59+00:00,90,False,0.3445526361465454,sentence-transformers/all-mpnet-base-v2,confirmatory,False,False
1893513827422962049,BOX,False,,13,partial,True,0.0006065098332086,0.0022196968354208,0.0,0.0023659974273463,0.00134124926425,472.0,0.0040409491025227,-0.1090778543742713,60.80508474576271,False,914061,2025-02-23 04:10:50+00:00,91,False,0.2010158896446228,sentence-transformers/all-mpnet-base-v2,confirmatory,False,False
1893838447246270806,MSFT,False,,15,complete,True,-0.0204202201650626,0.0013028666261427,0.0,0.0009394249546098,0.0004120387512163,14653.0,0.0014739637379442,0.8820570163850491,84.63113355626834,False,20571756,2025-02-24 01:40:46+00:00,74,False,0.4871281385421753,sentence-transformers/all-mpnet-base-v2,null_baseline,False,False
1893838508525011177,MSFT,False,,15,complete,True,-0.0204202201650626,0.0013028666261427,0.0,0.0009394249546098,0.0004120387512163,14653.0,0.0014739637379442,0.8820570163850491,84.63113355626834,False,20571756,2025-02-24 01:41:00+00:00,75,False,0.6319366693496704,sentence-transformers/all-mpnet-base-v2,null_baseline,False,False
1893891111745130625,BOX,False,,13,partial,True,0.0006065098332086,0.0022196968354208,0.0,0.0023659974273463,0.00134124926425,472.0,0.0040409491025227,-0.1090778543742713,60.80508474576271,False,914061,2025-02-24 05:10:02+00:00,92,False,0.4081812500953674,sentence-transformers/all-mpnet-base-v2,confirmatory,False,False
1894071278157328650,BOX,False,,10,partial,True,0.0002393274280321,0.0004012625617089,5.0,0.0008476673880137,0.0003763439537565,100.0,0.0012922168242674,-1.1861618124827682,2.0,False,914061,2025-02-24 17:05:57+00:00,93,False,0.5867612361907959,sentence-transformers/all-mpnet-base-v2,confirmatory,False,False
1894110480014479481,BOX,False,,5,insufficient,False,0.0024866965790063,0.0003661423043072,10.0,0.0008190620321485,0.0003124081692805,265.0,0.0012370491267267,-1.4497691557950902,4.528301886792453,False,914061,2025-02-24 19:41:43+00:00,94,False,0.6625497341156006,sentence-transformers/all-mpnet-base-v2,confirmatory,False,False
1894124000751882310,BOX,False,,15,complete,True,0.0021414269173303,0.0006349701751034,12.0,0.0008875319452804,0.000413202305816,1815.0,0.0013487540138926,-0.6112303020144461,25.6198347107438,False,914061,2025-02-24 20:35:27+00:00,95,False,0.4859017133712768,sentence-transformers/all-mpnet-base-v2,confirmatory,False,False
1894805462404735289,BOX,False,,11,partial,True,-0.0005592188560681,0.0005996841134405,6.0,0.0008828791634215,0.0002489084372389,101.0,0.0011867096342035,-1.1377478928493068,7.920792079207921,False,914061,2025-02-26 17:43:20+00:00,96,False,0.3801107406616211,sentence-transformers/all-mpnet-base-v2,confirmatory,False,False
1894851352565817599,BOX,False,,14,partial,True,-0.0025084605756076,0.0006871127483651,12.0,0.0008875319452804,0.000413202305816,1815.0,0.0013487540138926,-0.4850389121606336,32.34159779614325,False,914061,2025-02-26 20:45:41+00:00,97,False,0.6116008162498474,sentence-transformers/all-mpnet-base-v2,confirmatory,False,False
1894863924526551502,BOX,False,,5,insufficient,False,-0.0030162205016248,0.0030566870137229,0.0,0.0023659974273463,0.00134124926425,472.0,0.0040409491025227,0.5149598995402384,79.02542372881356,False,914061,2025-02-26 21:35:39+00:00,98,False,0.2662906646728515,sentence-transformers/all-mpnet-base-v2,confirmatory,False,False
1894876061302956372,MSFT,False,,15,complete,True,0.0052349079195206,0.0016213996832495,0.0,0.0009394249546098,0.0004120387512163,14653.0,0.0014739637379442,1.6551227927630292,93.31194977137788,True,20571756,2025-02-26 22:23:52+00:00,76,False,0.5385908484458923,sentence-transformers/all-mpnet-base-v2,null_baseline,False,False
1894925785330524577,BOX,False,,5,insufficient,False,-0.0030162205016248,0.0030566870137229,0.0,0.0023659974273463,0.00134124926425,472.0,0.0040409491025227,0.5149598995402384,79.02542372881356,False,914061,2025-02-27 01:41:27+00:00,99,False,0.3505095243453979,sentence-transformers/all-mpnet-base-v2,confirmatory,False,False
1894961069837475912,BOX,False,,5,insufficient,False,-0.0030162205016248,0.0030566870137229,0.0,0.0023659974273463,0.00134124926425,472.0,0.0040409491025227,0.5149598995402384,79.02542372881356,False,914061,2025-02-27 04:01:40+00:00,100,False,0.2356264591217041,sentence-transformers/all-mpnet-base-v2,confirmatory,False,False
1894996900577001974,BOX,False,,5,insufficient,False,-0.0030162205016248,0.0030566870137229,0.0,0.0023659974273463,0.00134124926425,472.0,0.0040409491025227,0.5149598995402384,79.02542372881356,False,914061,2025-02-27 06:24:03+00:00,101,False,0.5364823341369629,sentence-transformers/all-mpnet-base-v2,confirmatory,False,False
1895212396383478194,MSFT,False,,15,complete,True,-0.0003856467544398,0.0007388329343326,12.0,0.0005219968721894,0.0003165024684274,8336.0,0.000856845378084,0.685100698331451,84.12907869481766,False,20571756,2025-02-27 20:40:21+00:00,77,False,0.3701215982437134,sentence-transformers/all-mpnet-base-v2,null_baseline,False,False
1895212556467479021,BOX,False,,13,partial,True,-0.0011458534846336,0.000670873500085,12.0,0.0008875319452804,0.000413202305816,1815.0,0.0013487540138926,-0.5243398745501218,30.633608815427,False,914061,2025-02-27 20:40:59+00:00,102,False,0.4520612359046936,sentence-transformers/all-mpnet-base-v2,confirmatory,False,False
1895212584342822934,MSFT,False,,15,complete,True,-0.0003062711941141,0.0007341586676384,12.0,0.0005219968721894,0.0003165024684274,8336.0,0.000856845378084,0.6703321983655512,83.88915547024952,False,20571756,2025-02-27 20:41:06+00:00,78,False,0.6128716468811035,sentence-transformers/all-mpnet-base-v2,null_baseline,False,False
1895287650581651494,BOX,False,,5,insufficient,False,-0.0031537055565276,0.0024516242586766,0.0,0.0023659974273463,0.00134124926425,472.0,0.0040409491025227,0.0638411021818337,68.22033898305084,False,914061,2025-02-28 01:39:23+00:00,103,False,0.5757929086685181,sentence-transformers/all-mpnet-base-v2,confirmatory,False,False
1895317985281343659,BOX,False,,5,insufficient,False,-0.0031537055565276,0.0024516242586766,0.0,0.0023659974273463,0.00134124926425,472.0,0.0040409491025227,0.0638411021818337,68.22033898305084,False,914061,2025-02-28 03:39:55+00:00,104,False,0.627132773399353,sentence-transformers/all-mpnet-base-v2,confirmatory,False,False
1895362176409575936,BOX,False,,5,insufficient,False,-0.0031537055565276,0.0024516242586766,0.0,0.0023659974273463,0.00134124926425,472.0,0.0040409491025227,0.0638411021818337,68.22033898305084,False,914061,2025-02-28 06:35:31+00:00,105,False,0.3250903487205505,sentence-transformers/all-mpnet-base-v2,confirmatory,False,False
1895703228475723961,BOX,False,,12,partial,True,0.0049148875626578,0.0017446936834643,0.0,0.0023659974273463,0.00134124926425,472.0,0.0040409491025227,-0.4632276493581955,42.58474576271186,False,914061,2025-03-01 05:10:44+00:00,106,False,0.3624812364578247,sentence-transformers/all-mpnet-base-v2,confirmatory,False,False
1895885433671991429,BOX,False,,12,partial,True,0.0049148875626578,0.0017446936834643,0.0,0.0023659974273463,0.00134124926425,472.0,0.0040409491025227,-0.4632276493581955,42.58474576271186,False,914061,2025-03-01 17:14:45+00:00,107,False,0.3750932216644287,sentence-transformers/all-mpnet-base-v2,confirmatory,False,False
1895888843255300585,BOX,False,,12,partial,True,0.0049148875626578,0.0017446936834643,0.0,0.0023659974273463,0.00134124926425,472.0,0.0040409491025227,-0.4632276493581955,42.58474576271186,False,914061,2025-03-01 17:28:18+00:00,108,False,0.3762948513031006,sentence-transformers/all-mpnet-base-v2,confirmatory,False,False
1896005470131015847,BOX,False,,12,partial,True,0.0049148875626578,0.0017446936834643,0.0,0.0023659974273463,0.00134124926425,472.0,0.0040409491025227,-0.4632276493581955,42.58474576271186,False,914061,2025-03-02 01:11:44+00:00,109,False,0.4680092334747314,sentence-transformers/all-mpnet-base-v2,confirmatory,False,False
1896258239018553653,BOX,False,,12,partial,True,0.0049148875626578,0.0017446936834643,0.0,0.0023659974273463,0.00134124926425,472.0,0.0040409491025227,-0.4632276493581955,42.58474576271186,False,914061,2025-03-02 17:56:09+00:00,110,False,0.1584821939468383,sentence-transformers/all-mpnet-base-v2,confirmatory,False,False
1896381948895043916,BOX,False,,12,partial,True,0.0049148875626578,0.0017446936834643,0.0,0.0023659974273463,0.00134124926425,472.0,0.0040409491025227,-0.4632276493581955,42.58474576271186,False,914061,2025-03-03 02:07:44+00:00,111,False,0.181963562965393,sentence-transformers/all-mpnet-base-v2,confirmatory,False,False
1896581949298536757,MSFT,False,,15,complete,True,0.0004371688994255,0.0008512246270863,1.0,0.0007149928506676,0.0003994200585477,13614.0,0.0010838534439855,0.3410739483490136,75.87042750110182,False,20571756,2025-03-03 15:22:28+00:00,78,False,0.4509304761886596,sentence-transformers/all-mpnet-base-v2,null_baseline,False,False
1896581951303405739,MSFT,False,,15,complete,True,0.0004371688994255,0.0008512246270863,1.0,0.0007149928506676,0.0003994200585477,13614.0,0.0010838534439855,0.3410739483490136,75.87042750110182,False,20571756,2025-03-03 15:22:28+00:00,78,False,0.71123206615448,sentence-transformers/all-mpnet-base-v2,null_baseline,False,False
1896630503308247134,QCOM,False,,13,partial,True,-0.0003301031432847,0.0015804531162607,8.0,0.0008611830211537,0.0006334579657316,3701.0,0.0014154386593569,1.1354661777380817,94.1637395298568,True,234930762,2025-03-03 18:35:24+00:00,75,False,0.3183289766311645,sentence-transformers/all-mpnet-base-v2,confirmatory,False,False
1896690704245772759,BOX,False,,11,partial,True,0.0376475751333111,0.0065762478496304,0.0,0.0023659974273463,0.00134124926425,472.0,0.0040409491025227,3.1390514310091415,98.51694915254238,True,914061,2025-03-03 22:34:37+00:00,112,False,0.2119629383087158,sentence-transformers/all-mpnet-base-v2,confirmatory,False,False
1896962302425067791,BOX,False,,12,partial,True,-0.0083659757417027,0.0009888180089072,4.0,0.0009576938331044,0.0005641838163725,206.0,0.0015407005801061,0.0551667291751072,65.53398058252428,False,914061,2025-03-04 16:33:51+00:00,113,False,0.4356706142425537,sentence-transformers/all-mpnet-base-v2,confirmatory,False,False
1897135250737938672,BOX,True,"earnings(BOX, 2025-03-04 21:00:00+00:00->2025-03-05 21:00:00+00:00)",14,partial,False,-0.0425798283933571,0.0068943107091769,0.0,0.0023659974273463,0.00134124926425,472.0,0.0040409491025227,3.3761906921623273,99.36440677966102,True,914061,2025-03-05 04:01:05+00:00,114,False,0.283781886100769,sentence-transformers/all-mpnet-base-v2,confirmatory,False,False
1897308312162746426,MSFT,False,,15,complete,True,4.7593640471133014e-05,0.0008534203299191,1.0,0.0007149928506676,0.0003994200585477,13614.0,0.0010838534439855,0.3465711756059288,76.03937123549287,False,20571756,2025-03-05 15:28:46+00:00,80,False,0.6215929985046387,sentence-transformers/all-mpnet-base-v2,null_baseline,False,False
1897318306107031628,MSFT,False,,15,complete,True,0.0011733099984846,0.0007881694936745,3.0,0.0005387284302434,0.0002832804516851,11561.0,0.0008166489641596,0.8805445696913679,88.123864717585,False,20571756,2025-03-05 16:08:29+00:00,81,False,0.3461284041404724,sentence-transformers/all-mpnet-base-v2,null_baseline,False,False
1897351862925599227,QCOM,False,,12,partial,True,-0.0001901156816955,0.0011028170863977,7.0,0.0009048983721937,0.0008558936060872,3602.0,0.0015296819716376,0.2312421927168296,77.81787895613547,False,234930762,2025-03-05 18:21:49+00:00,74,False,0.2980427742004394,sentence-transformers/all-mpnet-base-v2,confirmatory,False,False
1897361721838198914,QCOM,False,,8,partial,True,0.0021142551311781,0.0007468519400106,9.0,0.0007471375969065,0.0004867566519591,4287.0,0.0012808820130418,-0.0005868577138141,64.66060181945417,False,234930762,2025-03-05 19:01:00+00:00,75,False,0.3020445108413696,sentence-transformers/all-mpnet-base-v2,confirmatory,False,False
1897408836094582903,BOX,False,,8,partial,True,0.0071996368115136,0.0048214611686012,0.0,0.0023659974273463,0.00134124926425,472.0,0.0040409491025227,1.8307288635329015,91.94915254237289,True,914061,2025-03-05 22:08:13+00:00,115,False,0.244984745979309,sentence-transformers/all-mpnet-base-v2,confirmatory,False,False
1897411815929475272,QCOM,False,,15,complete,True,0.0017959739063697,0.0013074999819168,0.0,0.0017823192627403,0.0010698256208132,8499.0,0.0032347960452871,-0.4438286685100292,43.11095422990939,False,234930762,2025-03-05 22:20:03+00:00,76,False,0.3304730653762817,sentence-transformers/all-mpnet-base-v2,confirmatory,False,False
1897542826168344795,BOX,False,,8,partial,True,0.0071996368115136,0.0048214611686012,0.0,0.0023659974273463,0.00134124926425,472.0,0.0040409491025227,1.8307288635329015,91.94915254237289,True,914061,2025-03-06 07:00:39+00:00,116,False,0.3346618413925171,sentence-transformers/all-mpnet-base-v2,confirmatory,False,False
1897693955824792048,QCOM,False,,15,complete,True,0.0009466175799911,0.0012165315770921,5.0,0.0008809439772216,0.0005446211250859,4216.0,0.0015541749889803,0.6161854258177775,79.98102466793169,False,234930762,2025-03-06 17:01:11+00:00,77,False,0.355356752872467,sentence-transformers/all-mpnet-base-v2,confirmatory,False,False
1897711997778903443,QCOM,False,,15,complete,True,0.0001831345351113,0.0008209740086048,7.0,0.0009048983721937,0.0008558936060872,3602.0,0.0015296819716376,-0.0980546682345403,61.410327595780124,False,234930762,2025-03-06 18:12:52+00:00,78,False,0.5817176103591919,sentence-transformers/all-mpnet-base-v2,confirmatory,False,False
1897891141116477708,BOX,True,"jobs_report(ALL, 2025-03-07 13:30:00+00:00->2025-03-07 21:00:00+00:00)",4,insufficient,False,-0.0064896770607811,0.0009879034534951,0.0,0.0023659974273463,0.00134124926425,472.0,0.0040409491025227,-1.0274704416122895,3.1779661016949152,False,914061,2025-03-07 06:04:43+00:00,117,False,0.3512663841247558,sentence-transformers/all-mpnet-base-v2,confirmatory,False,False
1898085262376538545,QCOM,True,"jobs_report(ALL, 2025-03-07 13:30:00+00:00->2025-03-07 21:00:00+00:00)",14,partial,False,-1.0069708683113632e-05,0.0008641496660667,8.0,0.0008611830211537,0.0006334579657316,3701.0,0.0014154386593569,0.004683254570164,62.604701432045395,False,234930762,2025-03-07 18:56:05+00:00,79,False,0.3619980812072754,sentence-transformers/all-mpnet-base-v2,confirmatory,False,False
1898135403930230974,QCOM,False,,14,partial,True,-0.0203664017298358,0.002760766045712,0.0,0.0017823192627403,0.0010698256208132,8499.0,0.0032347960452871,0.9145852968335958,84.33933403929873,False,234930762,2025-03-07 22:15:20+00:00,80,False,0.347385048866272,sentence-transformers/all-mpnet-base-v2,confirmatory,False,False
1898185082243805382,BOX,False,,7,insufficient,False,0.0208516254378153,0.0020517961635529,0.0,0.0023659974273463,0.00134124926425,472.0,0.0040409491025227,-0.2342601574279848,57.20338983050848,False,914061,2025-03-08 01:32:44+00:00,118,False,0.1844265460968017,sentence-transformers/all-mpnet-base-v2,confirmatory,False,False
1898527920219701559,BOX,False,,7,insufficient,False,0.0208516254378153,0.0020517961635529,0.0,0.0023659974273463,0.00134124926425,472.0,0.0040409491025227,-0.2342601574279848,57.20338983050848,False,914061,2025-03-09 00:15:03+00:00,119,False,0.3752742409706116,sentence-transformers/all-mpnet-base-v2,confirmatory,False,False
1898595782628114819,BOX,False,,7,insufficient,False,0.0208516254378153,0.0020517961635529,0.0,0.0023659974273463,0.00134124926425,472.0,0.0040409491025227,-0.2342601574279848,57.20338983050848,False,914061,2025-03-09 04:44:43+00:00,120,False,0.4157798886299133,sentence-transformers/all-mpnet-base-v2,confirmatory,False,False
1898774082143076453,MSFT,False,,15,complete,True,-0.006082037597075,0.0018316680910125,0.0,0.0009394249546098,0.0004120387512163,14653.0,0.0014739637379442,2.165435007675574,96.47171227734935,True,20571756,2025-03-09 16:33:13+00:00,81,False,0.7926434278488159,sentence-transformers/all-mpnet-base-v2,null_baseline,False,False
1898822422582948204,BOX,False,,7,insufficient,False,0.0208516254378153,0.0020517961635529,0.0,0.0023659974273463,0.00134124926425,472.0,0.0040409491025227,-0.2342601574279848,57.20338983050848,False,914061,2025-03-09 19:45:18+00:00,121,False,0.2919415831565857,sentence-transformers/all-mpnet-base-v2,confirmatory,False,False
1898904236936814900,BOX,False,,7,insufficient,False,0.0208516254378153,0.0020517961635529,0.0,0.0023659974273463,0.00134124926425,472.0,0.0040409491025227,-0.2342601574279848,57.20338983050848,False,914061,2025-03-10 01:10:24+00:00,122,False,0.228472888469696,sentence-transformers/all-mpnet-base-v2,confirmatory,False,False
1899238812942999776,QCOM,False,,14,partial,True,-0.0203664017298358,0.002760766045712,0.0,0.0017823192627403,0.0010698256208132,8499.0,0.0032347960452871,0.9145852968335958,84.33933403929873,False,234930762,2025-03-10 23:19:53+00:00,79,False,0.2742372155189514,sentence-transformers/all-mpnet-base-v2,confirmatory,False,False
1899482127466705397,BOX,False,,9,partial,True,-0.0004824373913101,0.0010289937225132,3.0,0.0009537606446885,0.0003292884701768,271.0,0.0014873582929398,0.2284716430682801,69.37269372693727,False,914061,2025-03-11 15:26:44+00:00,123,False,0.7971270680427551,sentence-transformers/all-mpnet-base-v2,confirmatory,False,False
1899522600172507617,BOX,False,,9,partial,True,-0.0010657597020715,0.0006109427515702,9.0,0.0007694987405448,0.0002384235737868,150.0,0.0011138224769505,-0.6650180871644195,26.0,False,914061,2025-03-11 18:07:33+00:00,124,False,0.3711576461791992,sentence-transformers/all-mpnet-base-v2,confirmatory,False,False
1899844667811983614,BOX,True,"cpi(ALL, 2025-03-12 12:30:00+00:00->2025-03-12 20:00:00+00:00)",9,partial,False,0.0017382941391719,0.0008050848528708,3.0,0.0009537606446885,0.0003292884701768,271.0,0.0014873582929398,-0.4515062180521713,36.53136531365313,False,914061,2025-03-12 15:27:20+00:00,125,False,0.4142475128173828,sentence-transformers/all-mpnet-base-v2,confirmatory,False,False
1899948377347154182,QCOM,False,,10,partial,True,0.0076322195744603,0.0018085203532913,0.0,0.0017823192627403,0.0010698256208132,8499.0,0.0032347960452871,0.0244909918414009,66.29015178256266,False,234930762,2025-03-12 22:19:27+00:00,80,False,0.3105505108833313,sentence-transformers/all-mpnet-base-v2,confirmatory,False,False
1899959924555485502,QCOM,False,,10,partial,True,0.0076322195744603,0.0018085203532913,0.0,0.0017823192627403,0.0010698256208132,8499.0,0.0032347960452871,0.0244909918414009,66.29015178256266,False,234930762,2025-03-12 23:05:20+00:00,81,False,0.3662606477737427,sentence-transformers/all-mpnet-base-v2,confirmatory,False,False
1900015612795162664,BOX,False,,8,partial,True,-0.0061567520272894,0.0020339243952489,0.0,0.0023659974273463,0.00134124926425,472.0,0.0040409491025227,-0.2475848754952289,57.20338983050848,False,914061,2025-03-13 02:46:37+00:00,126,False,0.2765095829963684,sentence-transformers/all-mpnet-base-v2,confirmatory,False,False
1900209495479034021,MSFT,False,,15,complete,True,0.0016237869230686,0.0007996278085543,4.0,0.0004949532677144,0.0002172916540038,9968.0,0.0007665003294922,1.402145619613131,91.59309791332262,True,20571756,2025-03-13 15:37:02+00:00,81,False,0.4476708173751831,sentence-transformers/all-mpnet-base-v2,null_baseline,False,False
1900209497077129468,MSFT,False,,15,complete,True,0.0016237869230686,0.0007996278085543,4.0,0.0004949532677144,0.0002172916540038,9968.0,0.0007665003294922,1.402145619613131,91.59309791332262,True,20571756,2025-03-13 15:37:02+00:00,81,False,0.6031526327133179,sentence-transformers/all-mpnet-base-v2,null_baseline,False,False
1900360028189843677,BOX,False,,6,insufficient,False,-0.0027029311958322,0.0016606279390918,0.0,0.0023659974273463,0.00134124926425,472.0,0.0040409491025227,-0.5259048463663879,36.86440677966102,False,914061,2025-03-14 01:35:12+00:00,127,False,0.2902457118034363,sentence-transformers/all-mpnet-base-v2,confirmatory,False,False
1900638059903021069,BOX,False,,3,insufficient,False,-0.0031910921656879,0.0027273736131372,0.0,0.0023659974273463,0.00134124926425,472.0,0.0040409491025227,0.2694325323585234,73.51694915254238,False,914061,2025-03-14 20:00:00+00:00,128,False,0.5940910577774048,sentence-transformers/all-mpnet-base-v2,confirmatory,False,False
1900800251105058991,QCOM,False,,15,complete,True,-0.0073415492357625,0.0014291687835535,0.0,0.0017823192627403,0.0010698256208132,8499.0,0.0032347960452871,-0.3301009737627619,50.276503118013885,False,234930762,2025-03-15 06:44:29+00:00,82,False,0.6912291646003723,sentence-transformers/all-mpnet-base-v2,confirmatory,False,False
1900923776851996706,BOX,False,,3,insufficient,False,-0.0031910921656879,0.0027273736131372,0.0,0.0023659974273463,0.00134124926425,472.0,0.0040409491025227,0.2694325323585234,73.51694915254238,False,914061,2025-03-15 14:55:20+00:00,129,False,0.5673741698265076,sentence-transformers/all-mpnet-base-v2,confirmatory,False,False
1901022128604147878,BOX,False,,3,insufficient,False,-0.0031910921656879,0.0027273736131372,0.0,0.0023659974273463,0.00134124926425,472.0,0.0040409491025227,0.2694325323585234,73.51694915254238,False,914061,2025-03-15 21:26:09+00:00,130,False,0.4434805512428283,sentence-transformers/all-mpnet-base-v2,confirmatory,False,False
1901305619581460690,BOX,False,,3,insufficient,False,-0.0031910921656879,0.0027273736131372,0.0,0.0023659974273463,0.00134124926425,472.0,0.0040409491025227,0.2694325323585234,73.51694915254238,False,914061,2025-03-16 16:12:38+00:00,131,False,0.1697307229042053,sentence-transformers/all-mpnet-base-v2,confirmatory,False,False
1901374781800505688,BOX,False,,3,insufficient,False,-0.0031910921656879,0.0027273736131372,0.0,0.0023659974273463,0.00134124926425,472.0,0.0040409491025227,0.2694325323585234,73.51694915254238,False,914061,2025-03-16 20:47:28+00:00,132,False,0.2172439098358154,sentence-transformers/all-mpnet-base-v2,confirmatory,False,False
1901803318051262623,BOX,False,,7,insufficient,False,0.0048552644821282,0.0010156463177641,0.0,0.0023659974273463,0.00134124926425,472.0,0.0040409491025227,-1.0067860953028958,3.6016949152542375,False,914061,2025-03-18 01:10:19+00:00,133,False,0.631230354309082,sentence-transformers/all-mpnet-base-v2,confirmatory,False,False
1901833521146286367,BOX,False,,7,insufficient,False,0.0048552644821282,0.0010156463177641,0.0,0.0023659974273463,0.00134124926425,472.0,0.0040409491025227,-1.0067860953028958,3.6016949152542375,False,914061,2025-03-18 03:10:20+00:00,134,False,0.3638901710510254,sentence-transformers/all-mpnet-base-v2,confirmatory,False,False
1902038012093198486,MSFT,False,,15,complete,True,-0.0011522113084536,0.0004216008497263,6.0,0.0004600824102499,0.0002678715459743,8323.0,0.0007238162459618,-0.1436567679614954,53.586447194521206,False,20571756,2025-03-18 16:42:54+00:00,80,False,0.3113360404968261,sentence-transformers/all-mpnet-base-v2,null_baseline,False,False
1902038061254639632,MSFT,False,,15,complete,True,-0.0010451984023601,0.0003937534830028,6.0,0.0004600824102499,0.0002678715459743,8323.0,0.0007238162459618,-0.2476146804090196,47.25459569866635,False,20571756,2025-03-18 16:43:06+00:00,81,False,0.6811297535896301,sentence-transformers/all-mpnet-base-v2,null_baseline,False,False
1902060094222987448,MSFT,False,,15,complete,True,-0.0004789589020668,0.0003619172352779,9.0,0.0004130497589246,0.0002313650987548,9133.0,0.000642585773961,-0.221003616889079,50.30110587977663,False,20571756,2025-03-18 18:10:39+00:00,82,False,0.7433696985244751,sentence-transformers/all-mpnet-base-v2,null_baseline,False,False
1902061864303096237,MSFT,False,,15,complete,True,0.000392097892623,0.0005022719612058,9.0,0.0004130497589246,0.0002313650987548,9133.0,0.000642585773961,0.3856338002638225,76.96266287090769,False,20571756,2025-03-18 18:17:41+00:00,83,False,0.395181655883789,sentence-transformers/all-mpnet-base-v2,null_baseline,False,False
1902092328384528642,MSFT,False,,15,complete,True,0.0006376762736817,0.0009340682505649,0.0,0.0009394249546098,0.0004120387512163,14653.0,0.0014739637379442,-0.0130004860685115,59.33938442639733,False,20571756,2025-03-18 20:18:44+00:00,84,False,0.3160144090652466,sentence-transformers/all-mpnet-base-v2,null_baseline,False,False
1902112777512128631,BOX,False,,8,partial,True,-0.0004262707695701,0.0009015527702752,0.0,0.0023659974273463,0.00134124926425,472.0,0.0040409491025227,-1.0918512286304087,2.11864406779661,False,914061,2025-03-18 21:40:00+00:00,135,False,0.2875906825065613,sentence-transformers/all-mpnet-base-v2,confirmatory,False,False
1902398384360558940,BOX,False,,8,partial,True,-0.0005164141452759,0.0001825672083829,6.0,0.0008828791634215,0.0002489084372389,101.0,0.0011867096342035,-2.8135324089735523,0.0,False,914061,2025-03-19 16:34:54+00:00,136,False,0.2446086406707763,sentence-transformers/all-mpnet-base-v2,confirmatory,False,False
1902457371768566226,BOX,False,,7,insufficient,False,-0.005315395177058,0.0025701292036773,0.0,0.0023659974273463,0.00134124926425,472.0,0.0040409491025227,0.1521952568936586,69.91525423728814,False,914061,2025-03-19 20:29:18+00:00,137,False,0.3509542942047119,sentence-transformers/all-mpnet-base-v2,confirmatory,False,False
1902499895547687077,BOX,False,,7,insufficient,False,-0.005315395177058,0.0025701292036773,0.0,0.0023659974273463,0.00134124926425,472.0,0.0040409491025227,0.1521952568936586,69.91525423728814,False,914061,2025-03-19 23:18:16+00:00,138,False,0.1941453218460083,sentence-transformers/all-mpnet-base-v2,confirmatory,False,False
1902817611588501964,BOX,False,,9,partial,True,0.0128877591385104,0.0024138065307566,0.0,0.0023659974273463,0.00134124926425,472.0,0.0040409491025227,0.0356452038294475,67.16101694915254,False,914061,2025-03-20 20:20:45+00:00,139,False,0.5233993530273438,sentence-transformers/all-mpnet-base-v2,confirmatory,False,False
1902883005959680383,BOX,False,,9,partial,True,0.0128877591385104,0.0024138065307566,0.0,0.0023659974273463,0.00134124926425,472.0,0.0040409491025227,0.0356452038294475,67.16101694915254,False,914061,2025-03-21 00:40:37+00:00,140,False,0.3111289739608764,sentence-transformers/all-mpnet-base-v2,confirmatory,False,False
1903314884525428772,BOX,False,,5,insufficient,False,4.211554585697996e-05,0.0008986584522865,0.0,0.0023659974273463,0.00134124926425,472.0,0.0040409491025227,-1.0940091556212392,2.11864406779661,False,914061,2025-03-22 05:16:45+00:00,141,False,0.2737213373184204,sentence-transformers/all-mpnet-base-v2,confirmatory,False,False
1903459734885372261,BOX,False,,5,insufficient,False,4.211554585697996e-05,0.0008986584522865,0.0,0.0023659974273463,0.00134124926425,472.0,0.0040409491025227,-1.0940091556212392,2.11864406779661,False,914061,2025-03-22 14:52:20+00:00,142,False,0.2547720670700073,sentence-transformers/all-mpnet-base-v2,confirmatory,False,False
1903544507880411531,BOX,False,,5,insufficient,False,4.211554585697996e-05,0.0008986584522865,0.0,0.0023659974273463,0.00134124926425,472.0,0.0040409491025227,-1.0940091556212392,2.11864406779661,False,914061,2025-03-22 20:29:11+00:00,143,False,0.5895453095436096,sentence-transformers/all-mpnet-base-v2,confirmatory,False,False
1903588869301481477,BOX,False,,5,insufficient,False,4.211554585697996e-05,0.0008986584522865,0.0,0.0023659974273463,0.00134124926425,472.0,0.0040409491025227,-1.0940091556212392,2.11864406779661,False,914061,2025-03-22 23:25:28+00:00,144,False,0.3472656011581421,sentence-transformers/all-mpnet-base-v2,confirmatory,False,False
1903815357888184627,BOX,False,,5,insufficient,False,4.211554585697996e-05,0.0008986584522865,0.0,0.0023659974273463,0.00134124926425,472.0,0.0040409491025227,-1.0940091556212392,2.11864406779661,False,914061,2025-03-23 14:25:27+00:00,145,False,0.5994650721549988,sentence-transformers/all-mpnet-base-v2,confirmatory,False,False
1903819862000247058,BOX,False,,5,insufficient,False,4.211554585697996e-05,0.0008986584522865,0.0,0.0023659974273463,0.00134124926425,472.0,0.0040409491025227,-1.0940091556212392,2.11864406779661,False,914061,2025-03-23 14:43:21+00:00,146,False,0.1586692333221435,sentence-transformers/all-mpnet-base-v2,confirmatory,False,False
1903950027149738295,BOX,False,,5,insufficient,False,4.211554585697996e-05,0.0008986584522865,0.0,0.0023659974273463,0.00134124926425,472.0,0.0040409491025227,-1.0940091556212392,2.11864406779661,False,914061,2025-03-23 23:20:34+00:00,147,False,0.3446137905120849,sentence-transformers/all-mpnet-base-v2,confirmatory,False,False
1904192431832416735,BOX,False,,5,insufficient,False,-0.0007848860451316,0.0008271329103946,3.0,0.0009537606446885,0.0003292884701768,271.0,0.0014873582929398,-0.384549553848201,39.85239852398524,False,914061,2025-03-24 15:23:48+00:00,148,False,0.6013796329498291,sentence-transformers/all-mpnet-base-v2,confirmatory,False,False
1904208615889891725,MSFT,False,,15,complete,True,0.0005871918975206,0.0003133151774201,5.0,0.0004669323990018,0.0002276766504381,8901.0,0.0007157854781702,-0.6747166267870428,23.9298955173576,False,20571756,2025-03-24 16:28:07+00:00,80,False,0.4779189229011535,sentence-transformers/all-mpnet-base-v2,null_baseline,False,False
1904373436149035048,BOX,False,,7,insufficient,False,0.0053575034631909,0.002609561674024,0.0,0.0023659974273463,0.00134124926425,472.0,0.0040409491025227,0.1815950645191508,70.33898305084746,False,914061,2025-03-25 03:23:03+00:00,149,False,0.2683071494102478,sentence-transformers/all-mpnet-base-v2,confirmatory,False,False
1904560650950734064,BOX,False,,5,insufficient,False,0.0007847438036965,0.0003347411913452,4.0,0.0009576938331044,0.0005641838163725,206.0,0.0015407005801061,-1.1041660956611172,0.4854368932038834,False,914061,2025-03-25 15:46:58+00:00,150,False,0.5095617175102234,sentence-transformers/all-mpnet-base-v2,confirmatory,False,False
1904574306878964025,BOX,False,,5,insufficient,False,0.0001596169768154,0.0008039803775056,6.0,0.0008828791634215,0.0002489084372389,101.0,0.0011867096342035,-0.3169791542269058,44.554455445544555,False,914061,2025-03-25 16:41:14+00:00,151,False,0.3033494353294372,sentence-transformers/all-mpnet-base-v2,confirmatory,False,False
1904672062695973301,BOX,False,,8,partial,True,0.0018858778699516,0.001384279547484,0.0,0.0023659974273463,0.00134124926425,472.0,0.0040409491025227,-0.7319429028064783,17.796610169491526,False,914061,2025-03-25 23:09:41+00:00,152,False,0.3197797536849975,sentence-transformers/all-mpnet-base-v2,confirmatory,False,False
1904714535035875718,BOX,False,,8,partial,True,0.0018858778699516,0.001384279547484,0.0,0.0023659974273463,0.00134124926425,472.0,0.0040409491025227,-0.7319429028064783,17.796610169491526,False,914061,2025-03-26 01:58:27+00:00,153,False,0.2523391842842102,sentence-transformers/all-mpnet-base-v2,confirmatory,False,False
1904739853037887716,MSFT,False,,15,complete,True,-0.0010138664682211,0.0007418618301561,0.0,0.0009394249546098,0.0004120387512163,14653.0,0.0014739637379442,-0.4794770488709673,35.61727973793762,False,20571756,2025-03-26 03:39:03+00:00,81,False,0.333459734916687,sentence-transformers/all-mpnet-base-v2,null_baseline,False,False
1904767942975512933,MSFT,False,,15,complete,True,-0.0010138664682211,0.0007418618301561,0.0,0.0009394249546098,0.0004120387512163,14653.0,0.0014739637379442,-0.4794770488709673,35.61727973793762,False,20571756,2025-03-26 05:30:41+00:00,82,False,0.2976425290107727,sentence-transformers/all-mpnet-base-v2,null_baseline,False,False
1905037721414013097,BOX,False,,7,insufficient,False,-0.001345698229422,0.0014968641002097,0.0,0.0023659974273463,0.00134124926425,472.0,0.0040409491025227,-0.6480028360891928,26.059322033898308,False,914061,2025-03-26 23:22:41+00:00,154,False,0.3618786931037903,sentence-transformers/all-mpnet-base-v2,confirmatory,False,False
1905050908083339398,BOX,False,,7,insufficient,False,-0.001345698229422,0.0014968641002097,0.0,0.0023659974273463,0.00134124926425,472.0,0.0040409491025227,-0.6480028360891928,26.059322033898308,False,914061,2025-03-27 00:15:05+00:00,155,False,0.4141859412193298,sentence-transformers/all-mpnet-base-v2,confirmatory,False,False
1905084696712843733,MSFT,False,,15,complete,True,0.0016327529313551,0.0007435844120208,0.0,0.0009394249546098,0.0004120387512163,14653.0,0.0014739637379442,-0.4752964181424751,35.828840510475665,False,20571756,2025-03-27 02:29:21+00:00,83,False,0.5370647311210632,sentence-transformers/all-mpnet-base-v2,null_baseline,False,False
1905091603431145695,BOX,False,,7,insufficient,False,-0.001345698229422,0.0014968641002097,0.0,0.0023659974273463,0.00134124926425,472.0,0.0040409491025227,-0.6480028360891928,26.059322033898308,False,914061,2025-03-27 02:56:47+00:00,156,False,0.7913710474967957,sentence-transformers/all-mpnet-base-v2,confirmatory,False,False
1905102845537640557,BOX,False,,7,insufficient,False,-0.001345698229422,0.0014968641002097,0.0,0.0023659974273463,0.00134124926425,472.0,0.0040409491025227,-0.6480028360891928,26.059322033898308,False,914061,2025-03-27 03:41:28+00:00,157,False,0.8756946921348572,sentence-transformers/all-mpnet-base-v2,confirmatory,False,False
1905450769891135857,BOX,False,,10,partial,True,-0.0005857905998805,0.0031497916830016,0.0,0.0023659974273463,0.00134124926425,472.0,0.0040409491025227,0.5843762800448535,80.29661016949152,False,914061,2025-03-28 02:43:59+00:00,158,False,0.4481217861175537,sentence-transformers/all-mpnet-base-v2,confirmatory,False,False
1905632579438739650,BOX,False,,10,partial,True,0.0010582412267806,0.000999496798839,2.0,0.0012459311727754,0.0005641575098515,353.0,0.0020798702764527,-0.4368183878315162,39.09348441926346,False,914061,2025-03-28 14:46:26+00:00,159,False,0.5144389867782593,sentence-transformers/all-mpnet-base-v2,confirmatory,False,False
1905668917852602804,MSFT,False,,14,partial,True,-0.0018179613600773,0.0004727873526069,7.0,0.0004485307556491,0.0004097469845394,8216.0,0.0006639670621169,0.0591989639288649,68.15968841285297,False,20571756,2025-03-28 17:10:50+00:00,84,False,0.2587518095970154,sentence-transformers/all-mpnet-base-v2,null_baseline,False,False
1905668970835059194,MSFT,False,,14,partial,True,-0.0017842436895288,0.0004641400781366,7.0,0.0004485307556491,0.0004097469845394,8216.0,0.0006639670621169,0.0380950271177911,66.57740993184032,False,20571756,2025-03-28 17:11:02+00:00,85,False,0.5910089015960693,sentence-transformers/all-mpnet-base-v2,null_baseline,False,False
1906011398188224919,BOX,False,,10,partial,True,0.0038844652276747,0.0018424740074678,0.0,0.0023659974273463,0.00134124926425,472.0,0.0040409491025227,-0.3903252242760362,49.57627118644068,False,914061,2025-03-29 15:51:43+00:00,160,False,0.3718343377113342,sentence-transformers/all-mpnet-base-v2,confirmatory,False,False
1906151582032654447,BOX,False,,10,partial,True,0.0038844652276747,0.0018424740074678,0.0,0.0023659974273463,0.00134124926425,472.0,0.0040409491025227,-0.3903252242760362,49.57627118644068,False,914061,2025-03-30 01:08:46+00:00,161,False,0.2866142988204956,sentence-transformers/all-mpnet-base-v2,confirmatory,False,False
1906418414622797826,BOX,False,,10,partial,True,0.0038844652276747,0.0018424740074678,0.0,0.0023659974273463,0.00134124926425,472.0,0.0040409491025227,-0.3903252242760362,49.57627118644068,False,914061,2025-03-30 18:49:04+00:00,162,False,0.2552034854888916,sentence-transformers/all-mpnet-base-v2,confirmatory,False,False
1906534143057687035,BOX,False,,10,partial,True,0.0038844652276747,0.0018424740074678,0.0,0.0023659974273463,0.00134124926425,472.0,0.0040409491025227,-0.3903252242760362,49.57627118644068,False,914061,2025-03-31 02:28:56+00:00,163,False,0.4302582740783691,sentence-transformers/all-mpnet-base-v2,confirmatory,False,False
1906810008349896742,BOX,False,,9,partial,True,0.0022120625098912,0.0017237645840891,0.0,0.0023659974273463,0.00134124926425,472.0,0.0040409491025227,-0.4788318326618487,41.73728813559322,False,914061,2025-03-31 20:45:07+00:00,164,False,0.1993661522865295,sentence-transformers/all-mpnet-base-v2,confirmatory,False,False
1906828000638927015,BOX,False,,9,partial,True,0.0022120625098912,0.0017237645840891,0.0,0.0023659974273463,0.00134124926425,472.0,0.0040409491025227,-0.4788318326618487,41.73728813559322,False,914061,2025-03-31 21:56:37+00:00,165,False,0.3075830936431885,sentence-transformers/all-mpnet-base-v2,confirmatory,False,False
1906917074305474831,BOX,False,,9,partial,True,0.0022120625098912,0.0017237645840891,0.0,0.0023659974273463,0.00134124926425,472.0,0.0040409491025227,-0.4788318326618487,41.73728813559322,False,914061,2025-04-01 03:50:33+00:00,166,False,0.2083522081375122,sentence-transformers/all-mpnet-base-v2,confirmatory,False,False
1907100503437378006,BOX,False,,8,partial,True,-0.0039089591422095,0.0005150918099754,5.0,0.0008476673880137,0.0003763439537565,100.0,0.0012922168242674,-0.8837011322185809,15.0,False,914061,2025-04-01 15:59:26+00:00,167,False,0.3679892420768738,sentence-transformers/all-mpnet-base-v2,confirmatory,False,False
1907213443087863895,BOX,False,,7,insufficient,False,0.0034602685283592,0.0026992558290514,0.0,0.0023659974273463,0.00134124926425,472.0,0.0040409491025227,0.2484686557434182,72.66949152542372,False,914061,2025-04-01 23:28:13+00:00,168,False,0.5766283273696899,sentence-transformers/all-mpnet-base-v2,confirmatory,False,False
1907270355124703698,BOX,False,,7,insufficient,False,0.0034602685283592,0.0026992558290514,0.0,0.0023659974273463,0.00134124926425,472.0,0.0040409491025227,0.2484686557434182,72.66949152542372,False,914061,2025-04-02 03:14:22+00:00,169,False,0.2685188055038452,sentence-transformers/all-mpnet-base-v2,confirmatory,False,False
1907468011013025899,BOX,False,,9,partial,True,0.0047711791099427,0.0004276488694347,5.0,0.0008476673880137,0.0003763439537565,100.0,0.0012922168242674,-1.1160495987420271,5.0,False,914061,2025-04-02 16:19:47+00:00,170,False,0.1550458669662475,sentence-transformers/all-mpnet-base-v2,confirmatory,False,False
1907503704913359245,BOX,False,,7,insufficient,False,0.000673224037921,0.0005249883487776,10.0,0.0008190620321485,0.0003124081692805,265.0,0.0012370491267267,-0.9413123992506384,20.0,False,914061,2025-04-02 18:41:37+00:00,171,False,0.2206208705902099,sentence-transformers/all-mpnet-base-v2,confirmatory,False,False
1907939716894437536,MSFT,True,"jobs_report(ALL, 2025-04-04 12:30:00+00:00->2025-04-04 20:00:00+00:00)",15,complete,False,0.0110848660357588,0.0016830664527453,0.0,0.0009394249546098,0.0004120387512163,14653.0,0.0014739637379442,1.8047853410396633,94.39705179826656,True,20571756,2025-04-03 23:34:10+00:00,83,False,0.6543048620223999,sentence-transformers/all-mpnet-base-v2,null_baseline,False,False
1907986781418688749,BOX,True,"jobs_report(ALL, 2025-04-04 12:30:00+00:00->2025-04-04 20:00:00+00:00)",8,partial,False,0.0201860168399454,0.0028695297310832,0.0,0.0023659974273463,0.00134124926425,472.0,0.0040409491025227,0.3754203764790003,75.63559322033898,False,914061,2025-04-04 02:41:12+00:00,172,False,0.7497820258140564,sentence-transformers/all-mpnet-base-v2,confirmatory,False,False
1908018205572125052,BOX,True,"jobs_report(ALL, 2025-04-04 12:30:00+00:00->2025-04-04 20:00:00+00:00)",8,partial,False,0.0201860168399454,0.0028695297310832,0.0,0.0023659974273463,0.00134124926425,472.0,0.0040409491025227,0.3754203764790003,75.63559322033898,False,914061,2025-04-04 04:46:04+00:00,173,False,0.2891784906387329,sentence-transformers/all-mpnet-base-v2,confirmatory,False,False
1908044816677744693,MSFT,True,"jobs_report(ALL, 2025-04-04 12:30:00+00:00->2025-04-04 20:00:00+00:00)",15,complete,False,0.0110848660357588,0.0016830664527453,0.0,0.0009394249546098,0.0004120387512163,14653.0,0.0014739637379442,1.8047853410396633,94.39705179826656,True,20571756,2025-04-04 06:31:48+00:00,84,False,0.4481852054595947,sentence-transformers/all-mpnet-base-v2,null_baseline,False,False
1908044867739210013,MSFT,True,"jobs_report(ALL, 2025-04-04 12:30:00+00:00->2025-04-04 20:00:00+00:00)",15,complete,False,0.0110848660357588,0.0016830664527453,0.0,0.0009394249546098,0.0004120387512163,14653.0,0.0014739637379442,1.8047853410396633,94.39705179826656,True,20571756,2025-04-04 06:32:00+00:00,85,False,0.456782579421997,sentence-transformers/all-mpnet-base-v2,null_baseline,False,False
1908138670202511767,BOX,True,"jobs_report(ALL, 2025-04-04 12:30:00+00:00->2025-04-04 20:00:00+00:00)",8,partial,False,0.0201860168399454,0.0028695297310832,0.0,0.0023659974273463,0.00134124926425,472.0,0.0040409491025227,0.3754203764790003,75.63559322033898,False,914061,2025-04-04 12:44:45+00:00,174,False,0.7919579744338989,sentence-transformers/all-mpnet-base-v2,confirmatory,False,False
1908205881835319800,MSFT,True,"jobs_report(ALL, 2025-04-04 12:30:00+00:00->2025-04-04 20:00:00+00:00)",15,complete,False,-9.5300500095874e-06,0.0005480793958183,7.0,0.0004485307556491,0.0004097469845394,8216.0,0.0006639670621169,0.2429514893954442,79.21129503407984,False,20571756,2025-04-04 17:11:49+00:00,86,False,0.4623863697052002,sentence-transformers/all-mpnet-base-v2,null_baseline,False,False
1908205929608470587,MSFT,True,"jobs_report(ALL, 2025-04-04 12:30:00+00:00->2025-04-04 20:00:00+00:00)",15,complete,False,0.0010659944940594,0.0006124851210254,7.0,0.0004485307556491,0.0004097469845394,8216.0,0.0006639670621169,0.4001356240864694,85.8933787731256,False,20571756,2025-04-04 17:12:01+00:00,87,False,0.4797829985618591,sentence-transformers/all-mpnet-base-v2,null_baseline,False,False
1908236714545701317,MSFT,True,"jobs_report(ALL, 2025-04-04 12:30:00+00:00->2025-04-04 20:00:00+00:00)",15,complete,False,-0.0010270584914651,0.0011886373631819,11.0,0.0004038797262934,0.0002294343287601,11546.0,0.0006587422095737,3.420401999689588,98.62289970552573,True,20571756,2025-04-04 19:14:20+00:00,88,False,0.6503244638442993,sentence-transformers/all-mpnet-base-v2,null_baseline,False,False
1908268297063457153,QCOM,False,,15,complete,True,-0.003660708270028,0.0045058297393107,0.0,0.0017823192627403,0.0010698256208132,8499.0,0.0032347960452871,2.5457517782197363,96.5878338628074,True,234930762,2025-04-04 21:19:50+00:00,79,False,0.3077020645141601,sentence-transformers/all-mpnet-base-v2,confirmatory,False,False
1908270494379630788,MSFT,False,,2,insufficient,False,0.0061732130942327,0.0,,,,,,,,False,20571756,2025-04-04 21:28:34+00:00,89,False,0.535646378993988,sentence-transformers/all-mpnet-base-v2,null_baseline,False,False
1908357692630204920,MSFT,False,,2,insufficient,False,0.0061732130942327,0.0,,,,,,,,False,20571756,2025-04-05 03:15:04+00:00,90,False,0.3361643552780151,sentence-transformers/all-mpnet-base-v2,null_baseline,False,False
1908367300408881223,BOX,False,,15,complete,True,0.0018231073282004,0.0030262894696808,0.0,0.0023659974273463,0.00134124926425,472.0,0.0040409491025227,0.4922962941595695,78.60169491525424,False,914061,2025-04-05 03:53:14+00:00,175,False,0.6648588180541992,sentence-transformers/all-mpnet-base-v2,confirmatory,False,False
1908521866358337954,BOX,False,,15,complete,True,0.0018231073282004,0.0030262894696808,0.0,0.0023659974273463,0.00134124926425,472.0,0.0040409491025227,0.4922962941595695,78.60169491525424,False,914061,2025-04-05 14:07:26+00:00,176,False,0.7594011425971985,sentence-transformers/all-mpnet-base-v2,confirmatory,False,False
1908548840162283907,BOX,False,,15,complete,True,0.0018231073282004,0.0030262894696808,0.0,0.0023659974273463,0.00134124926425,472.0,0.0040409491025227,0.4922962941595695,78.60169491525424,False,914061,2025-04-05 15:54:37+00:00,177,False,0.7528067827224731,sentence-transformers/all-mpnet-base-v2,confirmatory,False,False
1908572050261995522,BOX,False,,15,complete,True,0.0018231073282004,0.0030262894696808,0.0,0.0023659974273463,0.00134124926425,472.0,0.0040409491025227,0.4922962941595695,78.60169491525424,False,914061,2025-04-05 17:26:50+00:00,178,False,0.6914749145507812,sentence-transformers/all-mpnet-base-v2,confirmatory,False,False
1908592499393998952,BOX,False,,15,complete,True,0.0018231073282004,0.0030262894696808,0.0,0.0023659974273463,0.00134124926425,472.0,0.0040409491025227,0.4922962941595695,78.60169491525424,False,914061,2025-04-05 18:48:06+00:00,179,False,0.3013861179351806,sentence-transformers/all-mpnet-base-v2,confirmatory,False,False
1908624434984018340,BOX,False,,15,complete,True,0.0018231073282004,0.0030262894696808,0.0,0.0023659974273463,0.00134124926425,472.0,0.0040409491025227,0.4922962941595695,78.60169491525424,False,914061,2025-04-05 20:55:00+00:00,180,False,0.5981462001800537,sentence-transformers/all-mpnet-base-v2,confirmatory,False,False
1908725272733794709,MSFT,False,,2,insufficient,False,0.0061732130942327,0.0,,,,,,,,False,20571756,2025-04-06 03:35:42+00:00,91,False,0.4327468276023865,sentence-transformers/all-mpnet-base-v2,null_baseline,False,False
1908878922839638089,BOX,False,,15,complete,True,0.0018231073282004,0.0030262894696808,0.0,0.0023659974273463,0.00134124926425,472.0,0.0040409491025227,0.4922962941595695,78.60169491525424,False,914061,2025-04-06 13:46:15+00:00,181,False,0.769676685333252,sentence-transformers/all-mpnet-base-v2,confirmatory,False,False
1908995793328955659,BOX,False,,15,complete,True,0.0018231073282004,0.0030262894696808,0.0,0.0023659974273463,0.00134124926425,472.0,0.0040409491025227,0.4922962941595695,78.60169491525424,False,914061,2025-04-06 21:30:39+00:00,182,False,0.6957645416259766,sentence-transformers/all-mpnet-base-v2,confirmatory,False,False
1909031237911507445,BOX,False,,15,complete,True,0.0018231073282004,0.0030262894696808,0.0,0.0023659974273463,0.00134124926425,472.0,0.0040409491025227,0.4922962941595695,78.60169491525424,False,914061,2025-04-06 23:51:29+00:00,183,False,0.4307715892791748,sentence-transformers/all-mpnet-base-v2,confirmatory,False,False
1909229326240727326,BOX,False,,15,complete,True,0.0018231073282004,0.0030262894696808,0.0,0.0023659974273463,0.00134124926425,472.0,0.0040409491025227,0.4922962941595695,78.60169491525424,False,914061,2025-04-07 12:58:37+00:00,184,False,0.679924488067627,sentence-transformers/all-mpnet-base-v2,confirmatory,False,False
1909242876153700395,BOX,False,,11,partial,True,-0.0029587719240589,0.0033876263543159,0.0,0.0023659974273463,0.00134124926425,472.0,0.0040409491025227,0.7616995246150841,82.41525423728814,False,914061,2025-04-07 13:52:28+00:00,185,False,0.1669013500213623,sentence-transformers/all-mpnet-base-v2,confirmatory,False,False
1909459534235812088,BOX,False,,12,partial,True,-0.0111419917730015,0.0029086487165496,0.0,0.0023659974273463,0.00134124926425,472.0,0.0040409491025227,0.4045864580635797,76.48305084745762,False,914061,2025-04-08 04:13:23+00:00,186,False,0.2244284152984619,sentence-transformers/all-mpnet-base-v2,confirmatory,False,False
1909699070169395584,BOX,False,,4,insufficient,False,-0.0001386983048525,0.0056081136360658,0.0,0.0023659974273463,0.00134124926425,472.0,0.0040409491025227,2.4172361507555333,94.70338983050848,True,914061,2025-04-08 20:05:13+00:00,187,False,0.7563561201095581,sentence-transformers/all-mpnet-base-v2,confirmatory,False,False
1909731284621943192,BOX,False,,4,insufficient,False,-0.0001386983048525,0.0056081136360658,0.0,0.0023659974273463,0.00134124926425,472.0,0.0040409491025227,2.4172361507555333,94.70338983050848,True,914061,2025-04-08 22:13:14+00:00,188,False,0.7142396569252014,sentence-transformers/all-mpnet-base-v2,confirmatory,False,False
1909809962043289828,BOX,False,,4,insufficient,False,-0.0001386983048525,0.0056081136360658,0.0,0.0023659974273463,0.00134124926425,472.0,0.0040409491025227,2.4172361507555333,94.70338983050848,True,914061,2025-04-09 03:25:52+00:00,189,False,0.1525942087173462,sentence-transformers/all-mpnet-base-v2,confirmatory,False,False
1909942364874960913,BOX,False,,4,insufficient,False,-0.0001386983048525,0.0056081136360658,0.0,0.0023659974273463,0.00134124926425,472.0,0.0040409491025227,2.4172361507555333,94.70338983050848,True,914061,2025-04-09 12:11:59+00:00,190,False,0.7240606546401978,sentence-transformers/all-mpnet-base-v2,confirmatory,False,False
1910015229141958998,BOX,False,,9,partial,True,-0.0020389100999067,0.0023358734556716,7.0,0.0010747703904457,0.0006370892637828,158.0,0.0018873071630307,1.979476247547999,94.30379746835445,True,914061,2025-04-09 17:01:31+00:00,191,False,0.2704777121543884,sentence-transformers/all-mpnet-base-v2,confirmatory,False,False
1910094037710701015,BOX,True,"cpi(ALL, 2025-04-10 12:30:00+00:00->2025-04-10 20:00:00+00:00)",12,partial,False,0.0004497116708291,0.0033392554938713,0.0,0.0023659974273463,0.00134124926425,472.0,0.0040409491025227,0.725635489589044,81.99152542372882,False,914061,2025-04-09 22:14:41+00:00,192,False,0.2995157241821289,sentence-transformers/all-mpnet-base-v2,confirmatory,False,False
1910369279230230784,BOX,True,"cpi(ALL, 2025-04-10 12:30:00+00:00->2025-04-10 20:00:00+00:00)",11,partial,False,0.0044698353472927,0.0017810629280887,6.0,0.0008828791634215,0.0002489084372389,101.0,0.0011867096342035,3.60849063467098,100.0,True,914061,2025-04-10 16:28:23+00:00,193,False,0.7222880721092224,sentence-transformers/all-mpnet-base-v2,confirmatory,False,False
1910412772292391343,BOX,True,"cpi(ALL, 2025-04-10 12:30:00+00:00->2025-04-10 20:00:00+00:00)",8,partial,False,0.0059183680670324,0.002860346042956,11.0,0.0008934168611414,0.0005987207556726,755.0,0.0013152033478981,3.285219633992733,98.54304635761588,True,914061,2025-04-10 19:21:13+00:00,194,False,0.2230538129806518,sentence-transformers/all-mpnet-base-v2,confirmatory,False,False
1910528673515446683,BOX,False,,8,partial,True,-0.0035665630463642,0.0058034067044145,0.0,0.0023659974273463,0.00134124926425,472.0,0.0040409491025227,2.5628415005991645,95.76271186440678,True,914061,2025-04-11 03:01:46+00:00,195,False,0.1914973258972168,sentence-transformers/all-mpnet-base-v2,confirmatory,False,False
1910816866538258839,BOX,False,,8,partial,True,-0.0117311532145527,0.004204313878168,0.0,0.0023659974273463,0.00134124926425,472.0,0.0040409491025227,1.3706001560042709,90.67796610169492,True,914061,2025-04-11 22:06:56+00:00,196,False,0.2693361043930053,sentence-transformers/all-mpnet-base-v2,confirmatory,False,False
1911060015105860058,BOX,False,,8,partial,True,-0.0117311532145527,0.004204313878168,0.0,0.0023659974273463,0.00134124926425,472.0,0.0040409491025227,1.3706001560042709,90.67796610169492,True,914061,2025-04-12 14:13:08+00:00,197,False,0.595715343952179,sentence-transformers/all-mpnet-base-v2,confirmatory,False,False
1911197897091326369,BOX,False,,8,partial,True,-0.0117311532145527,0.004204313878168,0.0,0.0023659974273463,0.00134124926425,472.0,0.0040409491025227,1.3706001560042709,90.67796610169492,True,914061,2025-04-12 23:21:01+00:00,198,False,0.250700294971466,sentence-transformers/all-mpnet-base-v2,confirmatory,False,False
1911468726140174634,BOX,False,,8,partial,True,-0.0117311532145527,0.004204313878168,0.0,0.0023659974273463,0.00134124926425,472.0,0.0040409491025227,1.3706001560042709,90.67796610169492,True,914061,2025-04-13 17:17:12+00:00,199,False,0.3518229126930237,sentence-transformers/all-mpnet-base-v2,confirmatory,False,False
1911833204476268571,BOX,False,,8,partial,True,0.0012451376198716,0.0009310334640712,7.0,0.0010747703904457,0.0006370892637828,158.0,0.0018873071630307,-0.2256150504264022,50.0,False,914061,2025-04-14 17:25:30+00:00,200,False,0.539355456829071,sentence-transformers/all-mpnet-base-v2,confirmatory,False,False
1911841223360524487,BOX,False,,9,partial,True,-0.002061714903187,0.001147990670395,9.0,0.0007694987405448,0.0002384235737868,150.0,0.0011138224769505,1.5874769589204187,93.33333333333331,True,914061,2025-04-14 17:57:22+00:00,201,False,0.5115580558776855,sentence-transformers/all-mpnet-base-v2,confirmatory,False,False
1911860160320143407,MSFT,False,,15,complete,True,0.000811523513131,0.0006083304106542,11.0,0.0004038797262934,0.0002294343287601,11546.0,0.0006587422095737,0.891107644900828,87.26831803221896,False,20571756,2025-04-14 19:12:37+00:00,90,False,0.4025377035140991,sentence-transformers/all-mpnet-base-v2,null_baseline,False,False
1911940996436574554,BOX,False,,5,insufficient,False,-0.001793593990504,0.0044685617256135,0.0,0.0023659974273463,0.00134124926425,472.0,0.0040409491025227,1.5676163665542129,91.94915254237289,True,914061,2025-04-15 00:33:50+00:00,202,False,0.3842052221298218,sentence-transformers/all-mpnet-base-v2,confirmatory,False,False
1912264311474631084,MSFT,False,,15,complete,True,-0.0103896223292537,0.0016741667831635,0.0,0.0009394249546098,0.0004120387512163,14653.0,0.0014739637379442,1.7831862328113155,94.24691189517505,True,20571756,2025-04-15 21:58:34+00:00,90,False,0.4150221347808838,sentence-transformers/all-mpnet-base-v2,null_baseline,False,False
1912324567575720289,BOX,False,,4,insufficient,False,0.0176324086822334,0.0014964846744337,0.0,0.0023659974273463,0.00134124926425,472.0,0.0040409491025227,-0.6482857259189301,26.059322033898308,False,914061,2025-04-16 01:58:00+00:00,203,False,0.5578031539916992,sentence-transformers/all-mpnet-base-v2,confirmatory,False,False
1912632802425888886,MSFT,False,,15,complete,True,-0.0023997619933866,0.0011226936796224,0.0,0.0009394249546098,0.0004120387512163,14653.0,0.0014739637379442,0.444785167588305,74.98123251211356,False,20571756,2025-04-16 22:22:49+00:00,91,False,0.3695639371871948,sentence-transformers/all-mpnet-base-v2,null_baseline,False,False
1912648075971293600,QCOM,False,,13,partial,True,0.0005151313846762,0.0021528977855789,0.0,0.0017823192627403,0.0010698256208132,8499.0,0.0032347960452871,0.3463915199160387,74.73820449464642,False,234930762,2025-04-16 23:23:31+00:00,78,False,0.5619226098060608,sentence-transformers/all-mpnet-base-v2,confirmatory,False,False
1912723392962465870,BOX,False,,4,insufficient,False,-0.0057918266407959,0.0011925877993899,0.0,0.0023659974273463,0.00134124926425,472.0,0.0040409491025227,-0.8748632034571667,7.838983050847458,False,914061,2025-04-17 04:22:48+00:00,204,False,0.2492077350616455,sentence-transformers/all-mpnet-base-v2,confirmatory,False,False
1912732082910220464,BOX,False,,4,insufficient,False,-0.0057918266407959,0.0011925877993899,0.0,0.0023659974273463,0.00134124926425,472.0,0.0040409491025227,-0.8748632034571667,7.838983050847458,False,914061,2025-04-17 04:57:20+00:00,205,False,0.4268802404403686,sentence-transformers/all-mpnet-base-v2,confirmatory,False,False
1912904429600424137,QCOM,False,,15,complete,True,0.0042183176628928,0.0006752489769082,5.0,0.0008809439772216,0.0005446211250859,4216.0,0.0015541749889803,-0.377684578946428,44.42599620493359,False,234930762,2025-04-17 16:22:10+00:00,79,False,0.2729359865188598,sentence-transformers/all-mpnet-base-v2,confirmatory,False,False
1912904433249505623,QCOM,False,,15,complete,True,0.0042183176628928,0.0006752489769082,5.0,0.0008809439772216,0.0005446211250859,4216.0,0.0015541749889803,-0.377684578946428,44.42599620493359,False,234930762,2025-04-17 16:22:11+00:00,80,False,0.4216012358665466,sentence-transformers/all-mpnet-base-v2,confirmatory,False,False
1912928672581038290,BOX,False,,3,insufficient,False,-0.0003430814650813,0.0001684351619029,8.0,0.0011208349410239,0.0005122699327436,159.0,0.0015615102713901,-1.859175638164388,0.0,False,914061,2025-04-17 17:58:30+00:00,206,False,0.3359138369560241,sentence-transformers/all-mpnet-base-v2,confirmatory,False,False
1913080949283438744,BOX,False,,7,insufficient,False,0.0079116422068405,0.0018496656869185,0.0,0.0023659974273463,0.00134124926425,472.0,0.0040409491025227,-0.3849632981655411,50.21186440677966,False,914061,2025-04-18 04:03:36+00:00,207,False,0.2161850333213806,sentence-transformers/all-mpnet-base-v2,confirmatory,False,False
1913339312093241680,BOX,False,,7,insufficient,False,0.0079116422068405,0.0018496656869185,0.0,0.0023659974273463,0.00134124926425,472.0,0.0040409491025227,-0.3849632981655411,50.21186440677966,False,914061,2025-04-18 21:10:14+00:00,208,False,0.5987446904182434,sentence-transformers/all-mpnet-base-v2,confirmatory,False,False
1913384293973516627,BOX,False,,7,insufficient,False,0.0079116422068405,0.0018496656869185,0.0,0.0023659974273463,0.00134124926425,472.0,0.0040409491025227,-0.3849632981655411,50.21186440677966,False,914061,2025-04-19 00:08:59+00:00,209,False,0.2152445316314697,sentence-transformers/all-mpnet-base-v2,confirmatory,False,False
1913446249489117205,BOX,False,,7,insufficient,False,0.0079116422068405,0.0018496656869185,0.0,0.0023659974273463,0.00134124926425,472.0,0.0040409491025227,-0.3849632981655411,50.21186440677966,False,914061,2025-04-19 04:15:10+00:00,210,False,0.5740017890930176,sentence-transformers/all-mpnet-base-v2,confirmatory,False,False
1913610656097645003,BOX,False,,7,insufficient,False,0.0079116422068405,0.0018496656869185,0.0,0.0023659974273463,0.00134124926425,472.0,0.0040409491025227,-0.3849632981655411,50.21186440677966,False,914061,2025-04-19 15:08:28+00:00,211,False,0.4570007920265198,sentence-transformers/all-mpnet-base-v2,confirmatory,False,False
1913631341163483441,BOX,False,,7,insufficient,False,0.0079116422068405,0.0018496656869185,0.0,0.0023659974273463,0.00134124926425,472.0,0.0040409491025227,-0.3849632981655411,50.21186440677966,False,914061,2025-04-19 16:30:39+00:00,212,False,0.2297995090484619,sentence-transformers/all-mpnet-base-v2,confirmatory,False,False
1913715060356350242,BOX,False,,7,insufficient,False,0.0079116422068405,0.0018496656869185,0.0,0.0023659974273463,0.00134124926425,472.0,0.0040409491025227,-0.3849632981655411,50.21186440677966,False,914061,2025-04-19 22:03:20+00:00,213,False,0.2709686756134033,sentence-transformers/all-mpnet-base-v2,confirmatory,False,False
1913956066703946093,QCOM,False,,11,partial,True,0.0002476665353802,0.0008779602675401,0.0,0.0017823192627403,0.0010698256208132,8499.0,0.0032347960452871,-0.8453330875668564,11.413107424402872,False,234930762,2025-04-20 14:01:00+00:00,76,False,0.7280744314193726,sentence-transformers/all-mpnet-base-v2,confirmatory,False,False
1914017555649581510,BOX,False,,7,insufficient,False,0.0079116422068405,0.0018496656869185,0.0,0.0023659974273463,0.00134124926425,472.0,0.0040409491025227,-0.3849632981655411,50.21186440677966,False,914061,2025-04-20 18:05:20+00:00,214,False,0.4247239828109741,sentence-transformers/all-mpnet-base-v2,confirmatory,False,False
1914054995273761063,BOX,False,,7,insufficient,False,0.0079116422068405,0.0018496656869185,0.0,0.0023659974273463,0.00134124926425,472.0,0.0040409491025227,-0.3849632981655411,50.21186440677966,False,914061,2025-04-20 20:34:06+00:00,215,False,0.425872266292572,sentence-transformers/all-mpnet-base-v2,confirmatory,False,False
1914369229165617330,QCOM,False,,12,partial,True,-0.0001112429407409,0.00095591335147,7.0,0.0009048983721937,0.0008558936060872,3602.0,0.0015296819716376,0.0596043467476,70.07218212104387,False,234930762,2025-04-21 17:22:46+00:00,72,False,0.7394973039627075,sentence-transformers/all-mpnet-base-v2,confirmatory,False,False
1914460738422497468,BOX,False,,5,insufficient,False,-0.0071395780572938,0.0016986569632519,0.0,0.0023659974273463,0.00134124926425,472.0,0.0040409491025227,-0.4975514111223431,40.25423728813559,False,914061,2025-04-21 23:26:23+00:00,216,False,0.3322205543518066,sentence-transformers/all-mpnet-base-v2,confirmatory,False,False
1914462142721613833,MSFT,False,,15,complete,True,-0.0098308191790232,0.0011141985615791,0.0,0.0009394249546098,0.0004120387512163,14653.0,0.0014739637379442,0.4241678882225879,74.39432198184673,False,20571756,2025-04-21 23:31:58+00:00,88,False,0.5478100180625916,sentence-transformers/all-mpnet-base-v2,null_baseline,False,False
1914679199337746825,MSFT,False,,15,complete,True,0.0010238701525271,0.0004546737899646,0.0,0.0009394249546098,0.0004120387512163,14653.0,0.0014739637379442,-1.1764698422520423,5.207124820855798,False,20571756,2025-04-22 13:54:28+00:00,88,False,0.4520022869110107,sentence-transformers/all-mpnet-base-v2,null_baseline,False,False
1914726560336371714,MSFT,False,,15,complete,True,-0.000182483958717,0.0011858358821991,7.0,0.0004485307556491,0.0004097469845394,8216.0,0.0006639670621169,1.7994156256663392,98.36903602726387,True,20571756,2025-04-22 17:02:40+00:00,89,False,0.3101061582565307,sentence-transformers/all-mpnet-base-v2,null_baseline,False,False
1914726618897268831,MSFT,False,,15,complete,True,-0.000182483958717,0.0011858358821991,7.0,0.0004485307556491,0.0004097469845394,8216.0,0.0006639670621169,1.7994156256663392,98.36903602726387,True,20571756,2025-04-22 17:02:54+00:00,90,False,0.5661097764968872,sentence-transformers/all-mpnet-base-v2,null_baseline,False,False
1914797895393370161,BOX,False,,10,partial,True,0.0028091192877626,0.0032446976771532,0.0,0.0023659974273463,0.00134124926425,472.0,0.0040409491025227,0.6551356807626951,81.14406779661016,False,914061,2025-04-22 21:46:08+00:00,217,False,0.2808974981307983,sentence-transformers/all-mpnet-base-v2,confirmatory,False,False
1915098359251247392,MSFT,False,,13,partial,True,-0.0009764201305841,0.0006232290995936,8.0,0.0004359674633041,0.0002723261052547,8669.0,0.0006549754573286,0.6876374782884014,87.83019956165647,False,20571756,2025-04-23 17:40:04+00:00,90,False,0.2684667110443115,sentence-transformers/all-mpnet-base-v2,null_baseline,False,False
1915098363080675335,MSFT,False,,13,partial,True,-0.0009764201305841,0.0006232290995936,8.0,0.0004359674633041,0.0002723261052547,8669.0,0.0006549754573286,0.6876374782884014,87.83019956165647,False,20571756,2025-04-23 17:40:05+00:00,91,False,0.3935863971710205,sentence-transformers/all-mpnet-base-v2,null_baseline,False,False
1915098365433672168,MSFT,False,,13,partial,True,-0.0009764201305841,0.0006232290995936,8.0,0.0004359674633041,0.0002723261052547,8669.0,0.0006549754573286,0.6876374782884014,87.83019956165647,False,20571756,2025-04-23 17:40:05+00:00,91,False,0.5200554132461548,sentence-transformers/all-mpnet-base-v2,null_baseline,False,False
1915098367912505644,MSFT,False,,13,partial,True,-0.0009764201305841,0.0006232290995936,8.0,0.0004359674633041,0.0002723261052547,8669.0,0.0006549754573286,0.6876374782884014,87.83019956165647,False,20571756,2025-04-23 17:40:06+00:00,93,False,0.5560439825057983,sentence-transformers/all-mpnet-base-v2,null_baseline,False,False
1915098370773037193,MSFT,False,,13,partial,True,-0.0009764201305841,0.0006232290995936,8.0,0.0004359674633041,0.0002723261052547,8669.0,0.0006549754573286,0.6876374782884014,87.83019956165647,False,20571756,2025-04-23 17:40:07+00:00,94,False,0.3260397911071777,sentence-transformers/all-mpnet-base-v2,null_baseline,False,False
1915098373176352852,MSFT,False,,13,partial,True,-0.0009764201305841,0.0006232290995936,8.0,0.0004359674633041,0.0002723261052547,8669.0,0.0006549754573286,0.6876374782884014,87.83019956165647,False,20571756,2025-04-23 17:40:07+00:00,94,False,0.5020135641098022,sentence-transformers/all-mpnet-base-v2,null_baseline,False,False
1915219359972184333,BOX,False,,6,insufficient,False,0.0103190240660206,0.0017042202085561,0.0,0.0023659974273463,0.00134124926425,472.0,0.0040409491025227,-0.4934036024692087,40.46610169491525,False,914061,2025-04-24 01:40:53+00:00,218,False,0.2691451907157898,sentence-transformers/all-mpnet-base-v2,confirmatory,False,False
1915617570318934436,BOX,False,,2,insufficient,False,-0.0022869757509899,0.0,0.0,0.0023659974273463,0.00134124926425,472.0,0.0040409491025227,-1.764025144624585,0.0,False,914061,2025-04-25 04:03:13+00:00,219,False,0.3515481948852539,sentence-transformers/all-mpnet-base-v2,confirmatory,False,False
1915802258585038889,BOX,False,,4,insufficient,False,-0.0009395085740455,0.001062298793311,5.0,0.0008476673880137,0.0003763439537565,100.0,0.0012922168242674,0.570306505936872,83.0,False,914061,2025-04-25 16:17:06+00:00,220,False,0.1768666505813598,sentence-transformers/all-mpnet-base-v2,confirmatory,False,False
1915979893101498538,BOX,False,,4,insufficient,False,-0.0003624133585811,0.0026877209241,0.0,0.0023659974273463,0.00134124926425,472.0,0.0040409491025227,0.2398685354982065,72.2457627118644,False,914061,2025-04-26 04:02:58+00:00,221,False,0.2888319492340088,sentence-transformers/all-mpnet-base-v2,confirmatory,False,False
1916641632193253383,BOX,False,,4,insufficient,False,-0.0003624133585811,0.0026877209241,0.0,0.0023659974273463,0.00134124926425,472.0,0.0040409491025227,0.2398685354982065,72.2457627118644,False,914061,2025-04-27 23:52:29+00:00,222,False,0.4029934406280517,sentence-transformers/all-mpnet-base-v2,confirmatory,False,False
1917036667787218992,BOX,False,,6,insufficient,False,0.0097906516196216,0.0010190272622111,0.0,0.0023659974273463,0.00134124926425,472.0,0.0040409491025227,-1.0042653524871303,3.6016949152542375,False,914061,2025-04-29 02:02:13+00:00,223,False,0.2409702539443969,sentence-transformers/all-mpnet-base-v2,confirmatory,False,False
1917337015949091298,BOX,False,,8,partial,True,0.0078932323367774,0.0012305534711183,0.0,0.0023659974273463,0.00134124926425,472.0,0.0040409491025227,-0.8465570021116466,8.686440677966102,False,914061,2025-04-29 21:55:41+00:00,224,False,0.5163412690162659,sentence-transformers/all-mpnet-base-v2,confirmatory,False,False
1917425486244073614,BOX,False,,8,partial,True,0.0078932323367774,0.0012305534711183,0.0,0.0023659974273463,0.00134124926425,472.0,0.0040409491025227,-0.8465570021116466,8.686440677966102,False,914061,2025-04-30 03:47:14+00:00,225,False,0.3291727304458618,sentence-transformers/all-mpnet-base-v2,confirmatory,False,False
1917712579113410676,MSFT,True,"earnings(MSFT, 2025-04-30 20:00:00+00:00->2025-05-01 20:00:00+00:00)",15,complete,False,0.0887512758496433,0.0032764982146381,0.0,0.0009394249546098,0.0004120387512163,14653.0,0.0014739637379442,5.671974427476663,99.89080734320616,True,20571756,2025-04-30 22:48:02+00:00,94,False,0.5061376094818115,sentence-transformers/all-mpnet-base-v2,null_baseline,False,False
1917712581202161891,MSFT,True,"earnings(MSFT, 2025-04-30 20:00:00+00:00->2025-05-01 20:00:00+00:00)",15,complete,False,0.0887512758496433,0.0032764982146381,0.0,0.0009394249546098,0.0004120387512163,14653.0,0.0014739637379442,5.671974427476663,99.89080734320616,True,20571756,2025-04-30 22:48:03+00:00,95,False,0.425762414932251,sentence-transformers/all-mpnet-base-v2,null_baseline,False,False
1917712583194468796,MSFT,True,"earnings(MSFT, 2025-04-30 20:00:00+00:00->2025-05-01 20:00:00+00:00)",15,complete,False,0.0887512758496433,0.0032764982146381,0.0,0.0009394249546098,0.0004120387512163,14653.0,0.0014739637379442,5.671974427476663,99.89080734320616,True,20571756,2025-04-30 22:48:03+00:00,95,False,0.2121627330780029,sentence-transformers/all-mpnet-base-v2,null_baseline,False,False
1917712584876384589,MSFT,True,"earnings(MSFT, 2025-04-30 20:00:00+00:00->2025-05-01 20:00:00+00:00)",15,complete,False,0.0887512758496433,0.0032764982146381,0.0,0.0009394249546098,0.0004120387512163,14653.0,0.0014739637379442,5.671974427476663,99.89080734320616,True,20571756,2025-04-30 22:48:04+00:00,97,False,0.5233359932899475,sentence-transformers/all-mpnet-base-v2,null_baseline,False,False
1917712586394722805,MSFT,True,"earnings(MSFT, 2025-04-30 20:00:00+00:00->2025-05-01 20:00:00+00:00)",15,complete,False,0.0887512758496433,0.0032764982146381,0.0,0.0009394249546098,0.0004120387512163,14653.0,0.0014739637379442,5.671974427476663,99.89080734320616,True,20571756,2025-04-30 22:48:04+00:00,97,False,0.7057657241821289,sentence-transformers/all-mpnet-base-v2,null_baseline,False,False
1917970814441607623,BOX,False,,6,insufficient,False,-0.0014351910307751,0.0003139066849135,4.0,0.0009576938331044,0.0005641838163725,206.0,0.0015407005801061,-1.141094674303643,0.0,False,914061,2025-05-01 15:54:10+00:00,226,False,0.257119357585907,sentence-transformers/all-mpnet-base-v2,confirmatory,False,False
1918036165237854318,MSFT,True,"jobs_report(ALL, 2025-05-02 12:30:00+00:00->2025-05-02 20:00:00+00:00)",1,insufficient,False,,,,,,,,,,False,20571756,2025-05-01 20:13:51+00:00,99,False,0.5067771673202515,sentence-transformers/all-mpnet-base-v2,null_baseline,False,False
1918055843695858135,QCOM,True,"jobs_report(ALL, 2025-05-02 12:30:00+00:00->2025-05-02 20:00:00+00:00)",15,complete,False,0.0101274935905388,0.0015675668412995,0.0,0.0017823192627403,0.0010698256208132,8499.0,0.0032347960452871,-0.2007359117811381,57.23026238380986,False,234930762,2025-05-01 21:32:03+00:00,58,False,0.347556471824646,sentence-transformers/all-mpnet-base-v2,confirmatory,False,False
1918071080662778220,MSFT,True,"jobs_report(ALL, 2025-05-02 12:30:00+00:00->2025-05-02 20:00:00+00:00)",1,insufficient,False,,,,,,,,,,False,20571756,2025-05-01 22:32:36+00:00,100,False,0.7321896553039551,sentence-transformers/all-mpnet-base-v2,null_baseline,False,False
1918157057011982666,MSFT,True,"jobs_report(ALL, 2025-05-02 12:30:00+00:00->2025-05-02 20:00:00+00:00)",1,insufficient,False,,,,,,,,,,False,20571756,2025-05-02 04:14:14+00:00,101,False,0.7644665241241455,sentence-transformers/all-mpnet-base-v2,null_baseline,False,False
1918512966884049076,BOX,False,,4,insufficient,False,0.0046515260128693,0.0014908797367397,0.0,0.0023659974273463,0.00134124926425,472.0,0.0040409491025227,-0.6524646193158596,25.42372881355932,False,914061,2025-05-03 03:48:30+00:00,227,False,0.3467864394187927,sentence-transformers/all-mpnet-base-v2,confirmatory,False,False
1918519582261657909,BOX,False,,4,insufficient,False,0.0046515260128693,0.0014908797367397,0.0,0.0023659974273463,0.00134124926425,472.0,0.0040409491025227,-0.6524646193158596,25.42372881355932,False,914061,2025-05-03 04:14:47+00:00,228,False,0.2611753940582275,sentence-transformers/all-mpnet-base-v2,confirmatory,False,False
1918812279182913572,BOX,False,,4,insufficient,False,0.0046515260128693,0.0014908797367397,0.0,0.0023659974273463,0.00134124926425,472.0,0.0040409491025227,-0.6524646193158596,25.42372881355932,False,914061,2025-05-03 23:37:51+00:00,229,False,0.1425637006759643,sentence-transformers/all-mpnet-base-v2,confirmatory,False,False
1919051785114919287,BOX,False,,4,insufficient,False,0.0046515260128693,0.0014908797367397,0.0,0.0023659974273463,0.00134124926425,472.0,0.0040409491025227,-0.6524646193158596,25.42372881355932,False,914061,2025-05-04 15:29:34+00:00,230,False,0.3279649019241333,sentence-transformers/all-mpnet-base-v2,confirmatory,False,False
1919239614562172962,BOX,False,,4,insufficient,False,0.0046515260128693,0.0014908797367397,0.0,0.0023659974273463,0.00134124926425,472.0,0.0040409491025227,-0.6524646193158596,25.42372881355932,False,914061,2025-05-05 03:55:56+00:00,231,False,0.3419705629348755,sentence-transformers/all-mpnet-base-v2,confirmatory,False,False
1919437406706794713,QCOM,False,,13,partial,True,0.0003877900392911,0.0004179064258937,7.0,0.0009048983721937,0.0008558936060872,3602.0,0.0015296819716376,-0.5689865455664996,15.963353692393117,False,234930762,2025-05-05 17:01:53+00:00,57,False,0.4338040351867676,sentence-transformers/all-mpnet-base-v2,confirmatory,False,False
1919573650547622130,BOX,False,,12,partial,True,-0.000985693227879,0.0010631937511211,0.0,0.0023659974273463,0.00134124926425,472.0,0.0040409491025227,-0.9713359857488104,4.23728813559322,False,914061,2025-05-06 02:03:16+00:00,232,False,0.287379503250122,sentence-transformers/all-mpnet-base-v2,confirmatory,False,False
1919836301995737225,BOX,False,,8,partial,True,-0.0025904517493573,0.0006160392702025,11.0,0.0008934168611414,0.0005987207556726,755.0,0.0013152033478981,-0.4632837400588325,30.198675496688743,False,914061,2025-05-06 19:26:57+00:00,233,False,0.323063850402832,sentence-transformers/all-mpnet-base-v2,confirmatory,False,False
1920150374402679220,BOX,False,,7,insufficient,False,-0.0007252352076568,0.0006491547104415,5.0,0.0008476673880137,0.0003763439537565,100.0,0.0012922168242674,-0.5274767286431361,39.0,False,914061,2025-05-07 16:14:58+00:00,234,False,0.2526883482933044,sentence-transformers/all-mpnet-base-v2,confirmatory,False,False
1920190278000132578,MSFT,True,"fomc(ALL, 2025-05-07 18:00:00+00:00->2025-05-07 20:00:00+00:00)",15,complete,False,0.001418943937034,0.0009448795968116,10.0,0.0004132226291285,0.0002187907982828,9445.0,0.0006671494974963,2.4299786456090264,96.90841715193224,True,20571756,2025-05-07 18:53:32+00:00,101,False,0.4266925454139709,sentence-transformers/all-mpnet-base-v2,null_baseline,False,False
1921060440248852911,BOX,False,,11,partial,True,-0.0183433073233871,0.0022964286880824,0.0,0.0023659974273463,0.00134124926425,472.0,0.0040409491025227,-0.0518686131788897,63.13559322033898,False,914061,2025-05-10 04:31:15+00:00,235,False,0.3225387334823608,sentence-transformers/all-mpnet-base-v2,confirmatory,False,False
1921783416653271270,BOX,False,,11,partial,True,-0.0183433073233871,0.0022964286880824,0.0,0.0023659974273463,0.00134124926425,472.0,0.0040409491025227,-0.0518686131788897,63.13559322033898,False,914061,2025-05-12 04:24:06+00:00,236,False,0.3269929885864258,sentence-transformers/all-mpnet-base-v2,confirmatory,False,False
1922066095344595222,BOX,True,"cpi(ALL, 2025-05-13 12:30:00+00:00->2025-05-13 20:00:00+00:00)",7,insufficient,False,0.0006796263945654,0.0003656185195508,0.0,0.0023659974273463,0.00134124926425,472.0,0.0040409491025227,-1.4914296403464964,0.0,False,914061,2025-05-12 23:07:22+00:00,237,False,0.4897884130477905,sentence-transformers/all-mpnet-base-v2,confirmatory,False,False
1922318628579368984,BOX,True,"cpi(ALL, 2025-05-13 12:30:00+00:00->2025-05-13 20:00:00+00:00)",7,insufficient,False,0.0004582412777204,0.0002384682269326,4.0,0.0009576938331044,0.0005641838163725,206.0,0.0015407005801061,-1.2748072264749104,0.0,False,914061,2025-05-13 15:50:50+00:00,238,False,0.2861742973327636,sentence-transformers/all-mpnet-base-v2,confirmatory,False,False
1922359625116205140,QCOM,True,"cpi(ALL, 2025-05-13 12:30:00+00:00->2025-05-13 20:00:00+00:00)",14,partial,False,-0.0014994110384534,0.0003037932874064,10.0,0.0008381018115482,0.0007442819782589,4975.0,0.0014326202346469,-0.7178845380505182,5.206030150753769,False,234930762,2025-05-13 18:33:44+00:00,55,False,0.2743998169898987,sentence-transformers/all-mpnet-base-v2,confirmatory,False,False
1922361643964752062,QCOM,True,"cpi(ALL, 2025-05-13 12:30:00+00:00->2025-05-13 20:00:00+00:00)",15,complete,False,-0.0015687181448088,0.0003507807292363,10.0,0.0008381018115482,0.0007442819782589,4975.0,0.0014326202346469,-0.6547533012311265,9.909547738693467,False,234930762,2025-05-13 18:41:46+00:00,56,False,0.3697174787521362,sentence-transformers/all-mpnet-base-v2,confirmatory,False,False
1922445108143653288,BOX,False,,1,insufficient,False,-0.0001619802872367,,0.0,,,,,,,False,914061,2025-05-14 00:13:25+00:00,239,False,0.3983657360076904,sentence-transformers/all-mpnet-base-v2,confirmatory,False,False
1922665725917028794,BOX,False,,3,insufficient,False,-0.0012731066229419,0.0013378336568095,2.0,0.0012459311727754,0.0005641575098515,353.0,0.0020798702764527,0.1629021725833287,65.15580736543909,False,914061,2025-05-14 14:50:05+00:00,240,False,0.4905816912651062,sentence-transformers/all-mpnet-base-v2,confirmatory,False,False
1922846144436240547,BOX,False,,4,insufficient,False,0.0047854548443859,0.0006348347267833,0.0,0.0023659974273463,0.00134124926425,472.0,0.0040409491025227,-1.29070915206126,0.847457627118644,False,914061,2025-05-15 02:47:00+00:00,241,False,0.2564430236816406,sentence-transformers/all-mpnet-base-v2,confirmatory,False,False
1923051243552768178,BOX,False,,5,insufficient,False,-0.00124541822349,0.0002586374081124,5.0,0.0008476673880137,0.0003763439537565,100.0,0.0012922168242674,-1.5651373538001871,0.0,False,914061,2025-05-15 16:21:59+00:00,242,False,0.1638729572296142,sentence-transformers/all-mpnet-base-v2,confirmatory,False,False
1923104047306859006,BOX,False,,8,partial,True,-0.0009137981876461,0.000909525919287,12.0,0.0008875319452804,0.000413202305816,1815.0,0.0013487540138926,0.0532281008526151,60.11019283746556,False,914061,2025-05-15 19:51:49+00:00,243,False,0.2721821665763855,sentence-transformers/all-mpnet-base-v2,confirmatory,False,False
1923214187733581898,BOX,False,,7,insufficient,False,-0.006213858124166,0.0017614352317923,0.0,0.0023659974273463,0.00134124926425,472.0,0.0040409491025227,-0.450745593431527,43.22033898305085,False,914061,2025-05-16 03:09:28+00:00,244,False,0.2879152297973633,sentence-transformers/all-mpnet-base-v2,confirmatory,False,False
1923254002663465304,QCOM,False,,11,partial,True,-0.0037387754303345,0.0020100791127517,0.0,0.0017823192627403,0.0010698256208132,8499.0,0.0032347960452871,0.2128943685591394,71.96140722437934,False,234930762,2025-05-16 05:47:41+00:00,57,False,0.1784635782241821,sentence-transformers/all-mpnet-base-v2,confirmatory,False,False
1923276482920817054,QCOM,False,,11,partial,True,-0.0037387754303345,0.0020100791127517,0.0,0.0017823192627403,0.0010698256208132,8499.0,0.0032347960452871,0.2128943685591394,71.96140722437934,False,234930762,2025-05-16 07:17:00+00:00,58,False,0.3357758522033691,sentence-transformers/all-mpnet-base-v2,confirmatory,False,False
1923352925159526475,QCOM,False,,11,partial,True,-0.0037387754303345,0.0020100791127517,0.0,0.0017823192627403,0.0010698256208132,8499.0,0.0032347960452871,0.2128943685591394,71.96140722437934,False,234930762,2025-05-16 12:20:46+00:00,59,False,0.4743009805679321,sentence-transformers/all-mpnet-base-v2,confirmatory,False,False
1923526875244265578,BOX,False,,7,insufficient,False,0.002152329226467,0.001882237231318,0.0,0.0023659974273463,0.00134124926425,472.0,0.0040409491025227,-0.3606788155807907,51.69491525423729,False,914061,2025-05-16 23:51:59+00:00,245,False,0.1830207705497741,sentence-transformers/all-mpnet-base-v2,confirmatory,False,False
1923597311118287117,BOX,False,,7,insufficient,False,0.002152329226467,0.001882237231318,0.0,0.0023659974273463,0.00134124926425,472.0,0.0040409491025227,-0.3606788155807907,51.69491525423729,False,914061,2025-05-17 04:31:52+00:00,246,False,0.2417534589767456,sentence-transformers/all-mpnet-base-v2,confirmatory,False,False
1923735464999334355,QCOM,False,,14,partial,True,-0.0014025422362365,0.0011222468054577,0.0,0.0017823192627403,0.0010698256208132,8499.0,0.0032347960452871,-0.6169906987091572,30.41534298152724,False,234930762,2025-05-17 13:40:50+00:00,60,False,0.2506476044654846,sentence-transformers/all-mpnet-base-v2,confirmatory,False,False
1923753884280930798,QCOM,False,,14,partial,True,-0.0014025422362365,0.0011222468054577,0.0,0.0017823192627403,0.0010698256208132,8499.0,0.0032347960452871,-0.6169906987091572,30.41534298152724,False,234930762,2025-05-17 14:54:02+00:00,61,False,0.4300276637077331,sentence-transformers/all-mpnet-base-v2,confirmatory,False,False
1923764144655958064,BOX,False,,7,insufficient,False,0.002152329226467,0.001882237231318,0.0,0.0023659974273463,0.00134124926425,472.0,0.0040409491025227,-0.3606788155807907,51.69491525423729,False,914061,2025-05-17 15:34:48+00:00,247,False,0.2395370006561279,sentence-transformers/all-mpnet-base-v2,confirmatory,False,False
1923862635520590191,MSFT,False,,15,complete,True,0.0162455868804651,0.0014764150877139,0.0,0.0009394249546098,0.0004120387512163,14653.0,0.0014739637379442,1.3032515303934733,90.07029277281103,True,20571756,2025-05-17 22:06:10+00:00,99,False,0.7704057693481445,sentence-transformers/all-mpnet-base-v2,null_baseline,False,False
1923891313289855247,BOX,False,,7,insufficient,False,0.002152329226467,0.001882237231318,0.0,0.0023659974273463,0.00134124926425,472.0,0.0040409491025227,-0.3606788155807907,51.69491525423729,False,914061,2025-05-18 00:00:07+00:00,248,False,0.2959881424903869,sentence-transformers/all-mpnet-base-v2,confirmatory,False,False
1924066283366293971,QCOM,False,,14,partial,True,-0.0014025422362365,0.0011222468054577,0.0,0.0017823192627403,0.0010698256208132,8499.0,0.0032347960452871,-0.6169906987091572,30.41534298152724,False,234930762,2025-05-18 11:35:24+00:00,60,False,0.3849972486495971,sentence-transformers/all-mpnet-base-v2,confirmatory,False,False
1924161646878138605,BOX,False,,7,insufficient,False,0.002152329226467,0.001882237231318,0.0,0.0023659974273463,0.00134124926425,472.0,0.0040409491025227,-0.3606788155807907,51.69491525423729,False,914061,2025-05-18 17:54:20+00:00,249,False,0.2768276333808899,sentence-transformers/all-mpnet-base-v2,confirmatory,False,False
1924264216439189795,BOX,False,,7,insufficient,False,0.002152329226467,0.001882237231318,0.0,0.0023659974273463,0.00134124926425,472.0,0.0040409491025227,-0.3606788155807907,51.69491525423729,False,914061,2025-05-19 00:41:54+00:00,250,False,0.4179005622863769,sentence-transformers/all-mpnet-base-v2,confirmatory,False,False
1924380659352748150,QCOM,False,,14,partial,True,-0.0014025422362365,0.0011222468054577,0.0,0.0017823192627403,0.0010698256208132,8499.0,0.0032347960452871,-0.6169906987091572,30.41534298152724,False,234930762,2025-05-19 08:24:37+00:00,60,False,0.361107587814331,sentence-transformers/all-mpnet-base-v2,confirmatory,False,False
1924486590006751413,BOX,False,,6,insufficient,False,-0.0029339916376197,0.0004589076250526,3.0,0.0009537606446885,0.0003292884701768,271.0,0.0014873582929398,-1.502794857560814,4.797047970479705,False,914061,2025-05-19 15:25:32+00:00,251,False,0.1816455125808715,sentence-transformers/all-mpnet-base-v2,confirmatory,False,False
1924535894163554561,MSFT,False,,15,complete,True,0.0001348997739495,0.00025140685694,10.0,0.0004132226291285,0.0002187907982828,9445.0,0.0006671494974963,-0.7395913057517574,20.158814187400743,False,20571756,2025-05-19 18:41:27+00:00,91,False,0.3517013192176819,sentence-transformers/all-mpnet-base-v2,null_baseline,False,False
1924535896139038767,MSFT,False,,15,complete,True,0.0001348997739495,0.00025140685694,10.0,0.0004132226291285,0.0002187907982828,9445.0,0.0006671494974963,-0.7395913057517574,20.158814187400743,False,20571756,2025-05-19 18:41:28+00:00,92,False,0.592193603515625,sentence-transformers/all-mpnet-base-v2,null_baseline,False,False
1924535898055835938,MSFT,False,,15,complete,True,0.0001348997739495,0.00025140685694,10.0,0.0004132226291285,0.0002187907982828,9445.0,0.0006671494974963,-0.7395913057517574,20.158814187400743,False,20571756,2025-05-19 18:41:28+00:00,92,False,0.4774985313415527,sentence-transformers/all-mpnet-base-v2,null_baseline,False,False
1924535900463366247,MSFT,False,,15,complete,True,0.0001348997739495,0.00025140685694,10.0,0.0004132226291285,0.0002187907982828,9445.0,0.0006671494974963,-0.7395913057517574,20.158814187400743,False,20571756,2025-05-19 18:41:29+00:00,94,False,0.3819031715393066,sentence-transformers/all-mpnet-base-v2,null_baseline,False,False
1924535902321442846,MSFT,False,,15,complete,True,0.0001348997739495,0.00025140685694,10.0,0.0004132226291285,0.0002187907982828,9445.0,0.0006671494974963,-0.7395913057517574,20.158814187400743,False,20571756,2025-05-19 18:41:29+00:00,94,False,0.518417477607727,sentence-transformers/all-mpnet-base-v2,null_baseline,False,False
1924535904741568522,MSFT,False,,15,complete,True,0.0001348997739495,0.00025140685694,10.0,0.0004132226291285,0.0002187907982828,9445.0,0.0006671494974963,-0.7395913057517574,20.158814187400743,False,20571756,2025-05-19 18:41:30+00:00,96,False,0.3659025430679321,sentence-transformers/all-mpnet-base-v2,null_baseline,False,False
1924535906574467160,MSFT,False,,15,complete,True,0.0001348997739495,0.00025140685694,10.0,0.0004132226291285,0.0002187907982828,9445.0,0.0006671494974963,-0.7395913057517574,20.158814187400743,False,20571756,2025-05-19 18:41:30+00:00,96,False,0.5874884724617004,sentence-transformers/all-mpnet-base-v2,null_baseline,False,False
1924551333698535722,MSFT,False,,14,partial,True,0.0004088581121883,0.0003597142155123,12.0,0.0005219968721894,0.0003165024684274,8336.0,0.000856845378084,-0.5127374123915239,33.24136276391555,False,20571756,2025-05-19 19:42:49+00:00,98,False,0.4293069839477539,sentence-transformers/all-mpnet-base-v2,null_baseline,False,False
1924551335804072433,MSFT,False,,14,partial,True,0.0004088581121883,0.0003597142155123,12.0,0.0005219968721894,0.0003165024684274,8336.0,0.000856845378084,-0.5127374123915239,33.24136276391555,False,20571756,2025-05-19 19:42:49+00:00,98,False,0.2960173487663269,sentence-transformers/all-mpnet-base-v2,null_baseline,False,False
1924573793961537785,MSFT,False,,15,complete,True,-0.0030932379998904,0.0007247850265048,0.0,0.0009394249546098,0.0004120387512163,14653.0,0.0014739637379442,-0.5209217032896855,33.48119838940831,False,20571756,2025-05-19 21:12:03+00:00,100,False,0.308988094329834,sentence-transformers/all-mpnet-base-v2,null_baseline,False,False
1924573795911926093,MSFT,False,,15,complete,True,-0.0030932379998904,0.0007247850265048,0.0,0.0009394249546098,0.0004120387512163,14653.0,0.0014739637379442,-0.5209217032896855,33.48119838940831,False,20571756,2025-05-19 21:12:04+00:00,101,False,0.6355224847793579,sentence-transformers/all-mpnet-base-v2,null_baseline,False,False
1924592062751756475,MSFT,False,,15,complete,True,-0.0030932379998904,0.0007247850265048,0.0,0.0009394249546098,0.0004120387512163,14653.0,0.0014739637379442,-0.5209217032896855,33.48119838940831,False,20571756,2025-05-19 22:24:39+00:00,102,False,0.3372491598129272,sentence-transformers/all-mpnet-base-v2,null_baseline,False,False
1924610074603082016,MSFT,False,,15,complete,True,-0.0030932379998904,0.0007247850265048,0.0,0.0009394249546098,0.0004120387512163,14653.0,0.0014739637379442,-0.5209217032896855,33.48119838940831,False,20571756,2025-05-19 23:36:13+00:00,103,False,0.495124340057373,sentence-transformers/all-mpnet-base-v2,null_baseline,False,False
1924659941769707862,BOX,False,,12,partial,True,0.010185724217972,0.0016375725109593,0.0,0.0023659974273463,0.00134124926425,472.0,0.0040409491025227,-0.5430943641891004,35.38135593220339,False,914061,2025-05-20 02:54:23+00:00,252,False,0.2042526602745056,sentence-transformers/all-mpnet-base-v2,confirmatory,False,False
1924694659739385946,MSFT,False,,15,complete,True,-0.0030932379998904,0.0007247850265048,0.0,0.0009394249546098,0.0004120387512163,14653.0,0.0014739637379442,-0.5209217032896855,33.48119838940831,False,20571756,2025-05-20 05:12:20+00:00,104,False,0.2931705713272095,sentence-transformers/all-mpnet-base-v2,null_baseline,False,False
1924694661849088333,MSFT,False,,15,complete,True,-0.0030932379998904,0.0007247850265048,0.0,0.0009394249546098,0.0004120387512163,14653.0,0.0014739637379442,-0.5209217032896855,33.48119838940831,False,20571756,2025-05-20 05:12:21+00:00,105,False,0.4974815845489502,sentence-transformers/all-mpnet-base-v2,null_baseline,False,False
1924844361214525781,QCOM,False,,10,partial,True,-0.0003159237293122,0.0003341395240261,3.0,0.0010311291761511,0.0006898259524185,6467.0,0.0018718779491643,-1.0103847929775718,1.731869491263337,False,234930762,2025-05-20 15:07:12+00:00,61,False,0.4937454462051391,sentence-transformers/all-mpnet-base-v2,confirmatory,False,False
1925014604205457748,BOX,False,,5,insufficient,False,-0.0021380587408474,0.0008660348216049,0.0,0.0023659974273463,0.00134124926425,472.0,0.0040409491025227,-1.118332472361212,2.11864406779661,False,914061,2025-05-21 02:23:41+00:00,253,False,0.2283074855804443,sentence-transformers/all-mpnet-base-v2,confirmatory,False,False
1925221986743292209,MSFT,False,,15,complete,True,-0.0001162732515943,0.0003487875675815,5.0,0.0004669323990018,0.0002276766504381,8901.0,0.0007157854781702,-0.5189150103578587,32.40085383664757,False,20571756,2025-05-21 16:07:45+00:00,106,False,0.5587137937545776,sentence-transformers/all-mpnet-base-v2,null_baseline,False,False
1925232544032989319,BOX,False,,6,insufficient,False,0.0015214472884138,0.0004751952165464,6.0,0.0008828791634215,0.0002489084372389,101.0,0.0011867096342035,-1.6378872142601917,1.98019801980198,False,914061,2025-05-21 16:49:42+00:00,254,False,0.4673318266868591,sentence-transformers/all-mpnet-base-v2,confirmatory,False,False
1925282282325385519,BOX,False,,4,insufficient,False,-0.0038524873292823,0.0009834473794541,0.0,0.0023659974273463,0.00134124926425,472.0,0.0040409491025227,-1.0307927726359358,3.1779661016949152,False,914061,2025-05-21 20:07:20+00:00,255,False,0.403528094291687,sentence-transformers/all-mpnet-base-v2,confirmatory,False,False
1925337587247652928,QCOM,False,,14,partial,True,-0.0112108078754358,0.0019994364225607,0.0,0.0017823192627403,0.0010698256208132,8499.0,0.0032347960452871,0.2029463078808269,71.82021414284033,False,234930762,2025-05-21 23:47:06+00:00,59,False,0.4714720845222473,sentence-transformers/all-mpnet-base-v2,confirmatory,False,False
1925364028324680130,BOX,False,,4,insufficient,False,-0.0038524873292823,0.0009834473794541,0.0,0.0023659974273463,0.00134124926425,472.0,0.0040409491025227,-1.0307927726359358,3.1779661016949152,False,914061,2025-05-22 01:32:10+00:00,256,False,0.2530955076217651,sentence-transformers/all-mpnet-base-v2,confirmatory,False,False
1925693924800082081,BOX,False,,8,partial,True,0.0008755558457194,0.0008792588125262,0.0,0.0023659974273463,0.00134124926425,472.0,0.0040409491025227,-1.108473014262082,2.11864406779661,False,914061,2025-05-22 23:23:03+00:00,257,False,0.3946430087089538,sentence-transformers/all-mpnet-base-v2,confirmatory,False,False
1925766270932140129,BOX,False,,8,partial,True,0.0008755558457194,0.0008792588125262,0.0,0.0023659974273463,0.00134124926425,472.0,0.0040409491025227,-1.108473014262082,2.11864406779661,False,914061,2025-05-23 04:10:32+00:00,258,False,0.2473849654197693,sentence-transformers/all-mpnet-base-v2,confirmatory,False,False
1926049497144021104,BOX,False,,9,partial,True,-0.0088464333924012,0.0019953843224668,0.0,0.0023659974273463,0.00134124926425,472.0,0.0040409491025227,-0.2763193350840079,55.932203389830505,False,914061,2025-05-23 22:55:59+00:00,259,False,0.2746223211288452,sentence-transformers/all-mpnet-base-v2,confirmatory,False,False
1926357276870283521,BOX,False,,9,partial,True,-0.0088464333924012,0.0019953843224668,0.0,0.0023659974273463,0.00134124926425,472.0,0.0040409491025227,-0.2763193350840079,55.932203389830505,False,914061,2025-05-24 19:18:59+00:00,260,False,0.395548403263092,sentence-transformers/all-mpnet-base-v2,confirmatory,False,False
1926401273261072652,BOX,False,,9,partial,True,-0.0088464333924012,0.0019953843224668,0.0,0.0023659974273463,0.00134124926425,472.0,0.0040409491025227,-0.2763193350840079,55.932203389830505,False,914061,2025-05-24 22:13:49+00:00,261,False,0.2940469980239868,sentence-transformers/all-mpnet-base-v2,confirmatory,False,False
1926676115768185111,BOX,False,,9,partial,True,-0.0088464333924012,0.0019953843224668,0.0,0.0023659974273463,0.00134124926425,472.0,0.0040409491025227,-0.2763193350840079,55.932203389830505,False,914061,2025-05-25 16:25:56+00:00,262,False,0.1436164379119873,sentence-transformers/all-mpnet-base-v2,confirmatory,False,False
1926987939461890415,QCOM,False,,1,insufficient,False,,,,,,,,,,False,234930762,2025-05-26 13:05:01+00:00,58,False,0.7614516019821167,sentence-transformers/all-mpnet-base-v2,confirmatory,False,False
1927028752304730444,BOX,False,,9,partial,True,-0.0088464333924012,0.0019953843224668,0.0,0.0023659974273463,0.00134124926425,472.0,0.0040409491025227,-0.2763193350840079,55.932203389830505,False,914061,2025-05-26 15:47:11+00:00,263,False,0.5884315967559814,sentence-transformers/all-mpnet-base-v2,confirmatory,False,False
1927069695317840231,BOX,False,,9,partial,True,-0.0088464333924012,0.0019953843224668,0.0,0.0023659974273463,0.00134124926425,472.0,0.0040409491025227,-0.2763193350840079,55.932203389830505,False,914061,2025-05-26 18:29:53+00:00,264,False,0.3817968964576721,sentence-transformers/all-mpnet-base-v2,confirmatory,False,False
1927217835123585434,BOX,False,,9,partial,True,-0.0088464333924012,0.0019953843224668,0.0,0.0023659974273463,0.00134124926425,472.0,0.0040409491025227,-0.2763193350840079,55.932203389830505,False,914061,2025-05-27 04:18:32+00:00,265,False,0.2416403293609619,sentence-transformers/all-mpnet-base-v2,confirmatory,False,False
1927502700691718193,BOX,True,"earnings(BOX, 2025-05-27 20:00:00+00:00->2025-05-28 20:00:00+00:00)",15,complete,False,0.1439717217091807,0.0058244794079952,0.0,0.0023659974273463,0.00134124926425,472.0,0.0040409491025227,2.578552751402763,95.76271186440678,True,914061,2025-05-27 23:10:29+00:00,266,False,0.7451436519622803,sentence-transformers/all-mpnet-base-v2,confirmatory,False,False
1927547141687288099,BOX,True,"earnings(BOX, 2025-05-27 20:00:00+00:00->2025-05-28 20:00:00+00:00)",15,complete,False,0.1439717217091807,0.0058244794079952,0.0,0.0023659974273463,0.00134124926425,472.0,0.0040409491025227,2.578552751402763,95.76271186440678,True,914061,2025-05-28 02:07:05+00:00,267,False,0.9380418658256532,sentence-transformers/all-mpnet-base-v2,confirmatory,False,False
1927584545055846712,QCOM,False,,14,partial,True,0.0018531859281631,0.0010643445925967,0.0,0.0017823192627403,0.0010698256208132,8499.0,0.0032347960452871,-0.6711137368328799,26.156018355100603,False,234930762,2025-05-28 04:35:42+00:00,58,False,0.2172803878784179,sentence-transformers/all-mpnet-base-v2,confirmatory,False,False
1927614666806894703,BOX,True,"earnings(BOX, 2025-05-27 20:00:00+00:00->2025-05-28 20:00:00+00:00)",15,complete,False,0.1439717217091807,0.0058244794079952,0.0,0.0023659974273463,0.00134124926425,472.0,0.0040409491025227,2.578552751402763,95.76271186440678,True,914061,2025-05-28 06:35:24+00:00,268,False,0.2563909292221069,sentence-transformers/all-mpnet-base-v2,confirmatory,False,False
1927740843705942104,BOX,True,"earnings(BOX, 2025-05-27 20:00:00+00:00->2025-05-28 20:00:00+00:00)",15,complete,False,0.007009864683132,0.0025371236646502,2.0,0.0012459311727754,0.0005641575098515,353.0,0.0020798702764527,2.2887092156487414,97.16713881019832,True,914061,2025-05-28 14:56:47+00:00,269,False,0.2780795097351074,sentence-transformers/all-mpnet-base-v2,confirmatory,False,False
1927762122873721085,QCOM,False,,9,partial,True,-0.0003987200024249,0.0003400619241804,5.0,0.0008809439772216,0.0005446211250859,4216.0,0.0015541749889803,-0.9931345445989938,5.1944971537001905,False,234930762,2025-05-28 16:21:20+00:00,59,False,0.2628707885742187,sentence-transformers/all-mpnet-base-v2,confirmatory,False,False
1927940046684111335,BOX,False,,14,partial,True,-0.0110273480093411,0.0030630560264845,0.0,0.0023659974273463,0.00134124926425,472.0,0.0040409491025227,0.519708467111766,79.02542372881356,False,914061,2025-05-29 04:08:21+00:00,270,False,0.2583342790603637,sentence-transformers/all-mpnet-base-v2,confirmatory,False,False
1928120473965183425,QCOM,False,,12,partial,True,0.0001675230700799,0.0006655385191483,5.0,0.0008809439772216,0.0005446211250859,4216.0,0.0015541749889803,-0.3955143275782186,43.42979127134725,False,234930762,2025-05-29 16:05:18+00:00,60,False,0.2418938875198364,sentence-transformers/all-mpnet-base-v2,confirmatory,False,False
1928524649358364740,BOX,False,,14,partial,True,-0.0039951987350225,0.0007364124505938,10.0,0.0008190620321485,0.0003124081692805,265.0,0.0012370491267267,-0.2645564030707626,42.64150943396226,False,914061,2025-05-30 18:51:21+00:00,271,False,0.4484137296676636,sentence-transformers/all-mpnet-base-v2,confirmatory,False,False
1928842580092928449,BOX,False,,15,complete,True,0.0096202211520652,0.0016506969645142,0.0,0.0023659974273463,0.00134124926425,472.0,0.0040409491025227,-0.5333091185194617,36.228813559322035,False,914061,2025-05-31 15:54:41+00:00,272,False,0.4280985593795776,sentence-transformers/all-mpnet-base-v2,confirmatory,False,False
1928949333140922375,HOOD,False,,1,insufficient,False,,,,,,,,,,False,605700792,2025-05-31 22:58:53+00:00,0,True,,sentence-transformers/all-mpnet-base-v2,confirmatory,False,False
1928966652223230107,BOX,False,,15,complete,True,0.0096202211520652,0.0016506969645142,0.0,0.0023659974273463,0.00134124926425,472.0,0.0040409491025227,-0.5333091185194617,36.228813559322035,False,914061,2025-06-01 00:07:43+00:00,273,False,0.3256220817565918,sentence-transformers/all-mpnet-base-v2,confirmatory,False,False
1929323455545041199,BOX,False,,15,complete,True,0.0096202211520652,0.0016506969645142,0.0,0.0023659974273463,0.00134124926425,472.0,0.0040409491025227,-0.5333091185194617,36.228813559322035,False,914061,2025-06-01 23:45:31+00:00,274,False,0.1995162963867187,sentence-transformers/all-mpnet-base-v2,confirmatory,False,False
1929659333220212873,HOOD,False,,4,insufficient,False,,0.0011207711174411,,,,,,,,False,605700792,2025-06-02 22:00:11+00:00,1,True,,sentence-transformers/all-mpnet-base-v2,confirmatory,False,False
1929678870095212598,HOOD,False,,4,insufficient,False,,0.0011207711174411,,,,,,,,False,605700792,2025-06-02 23:17:48+00:00,2,True,,sentence-transformers/all-mpnet-base-v2,confirmatory,False,False
1929705823636541489,BOX,False,,10,partial,True,0.0005263203599141,0.0009776744163524,0.0,0.0023659974273463,0.00134124926425,472.0,0.0040409491025227,-1.0350969413356113,3.1779661016949152,False,914061,2025-06-03 01:04:55+00:00,275,False,0.2631227970123291,sentence-transformers/all-mpnet-base-v2,confirmatory,False,False
1929714923522883873,BOX,False,,10,partial,True,0.0005263203599141,0.0009776744163524,0.0,0.0023659974273463,0.00134124926425,472.0,0.0040409491025227,-1.0350969413356113,3.1779661016949152,False,914061,2025-06-03 01:41:04+00:00,276,False,0.2055070400238037,sentence-transformers/all-mpnet-base-v2,confirmatory,False,False
1929989027803083177,HOOD,False,,9,partial,True,-0.0042702930672953,0.0006527340669153,12.0,0.0011519743389481,0.0005454108705395,7659.0,0.001734746168232,-0.9153471245244228,10.797754276015144,False,605700792,2025-06-03 19:50:16+00:00,3,True,,sentence-transformers/all-mpnet-base-v2,confirmatory,False,False
1930120330846081514,BOX,False,,6,insufficient,False,0.0047077115687717,0.0007800662823111,0.0,0.0023659974273463,0.00134124926425,472.0,0.0040409491025227,-1.182428342968734,1.2711864406779665,False,914061,2025-06-04 04:32:01+00:00,277,False,0.3345694541931152,sentence-transformers/all-mpnet-base-v2,confirmatory,False,False
1930123083509313708,HOOD,False,,1,insufficient,False,,,,,,,,,,False,605700792,2025-06-04 04:42:57+00:00,4,True,,sentence-transformers/all-mpnet-base-v2,confirmatory,False,False
1930355235505238264,BOX,False,,9,partial,True,-0.0015806077308754,0.0011180432697675,0.0,0.0023659974273463,0.00134124926425,472.0,0.0040409491025227,-0.9304416344090676,5.508474576271186,False,914061,2025-06-04 20:05:27+00:00,278,False,0.3114835023880005,sentence-transformers/all-mpnet-base-v2,confirmatory,False,False
1930400246674403464,BOX,False,,9,partial,True,-0.0015806077308754,0.0011180432697675,0.0,0.0023659974273463,0.00134124926425,472.0,0.0040409491025227,-0.9304416344090676,5.508474576271186,False,914061,2025-06-04 23:04:18+00:00,279,False,0.2764118313789367,sentence-transformers/all-mpnet-base-v2,confirmatory,False,False
1930453164266070287,HOOD,False,,4,insufficient,False,,0.0015060472036914,,,,,,,,False,605700792,2025-06-05 02:34:35+00:00,5,True,,sentence-transformers/all-mpnet-base-v2,confirmatory,False,False
1930764343957975528,HOOD,False,,1,insufficient,False,0.0136841248763555,,,,,,,,,False,605700792,2025-06-05 23:11:06+00:00,6,True,,sentence-transformers/all-mpnet-base-v2,confirmatory,False,False
1930821898335826254,BOX,True,"jobs_report(ALL, 2025-06-06 12:30:00+00:00->2025-06-06 20:00:00+00:00)",6,insufficient,False,-0.0253612892138953,0.0037138894190333,0.0,0.0023659974273463,0.00134124926425,472.0,0.0040409491025227,1.0049526419987975,86.22881355932203,False,914061,2025-06-06 02:59:48+00:00,280,False,0.8358542919158936,sentence-transformers/all-mpnet-base-v2,confirmatory,False,False
1930830928919846967,BOX,True,"jobs_report(ALL, 2025-06-06 12:30:00+00:00->2025-06-06 20:00:00+00:00)",6,insufficient,False,-0.0253612892138953,0.0037138894190333,0.0,0.0023659974273463,0.00134124926425,472.0,0.0040409491025227,1.0049526419987975,86.22881355932203,False,914061,2025-06-06 03:35:41+00:00,281,False,0.3206225633621216,sentence-transformers/all-mpnet-base-v2,confirmatory,False,False
1931007381728837651,HOOD,True,"jobs_report(ALL, 2025-06-06 12:30:00+00:00->2025-06-06 20:00:00+00:00)",15,complete,False,0.0017409094069053,0.002155691208007,3.0,0.0015456034290746,0.0006413860046589,11150.0,0.0022904170316356,0.951202200392279,86.98654708520179,False,605700792,2025-06-06 15:16:50+00:00,7,True,,sentence-transformers/all-mpnet-base-v2,confirmatory,False,False
1931007953412542967,HOOD,True,"jobs_report(ALL, 2025-06-06 12:30:00+00:00->2025-06-06 20:00:00+00:00)",15,complete,False,0.0016446688204607,0.0017259192486805,3.0,0.0015456034290746,0.0006413860046589,11150.0,0.0022904170316356,0.2811346338962004,70.78923766816143,False,605700792,2025-06-06 15:19:07+00:00,8,True,,sentence-transformers/all-mpnet-base-v2,confirmatory,False,False
1931079784869802470,BOX,False,,6,insufficient,False,-0.004579800407476,0.0010952298279525,0.0,0.0023659974273463,0.00134124926425,472.0,0.0040409491025227,-0.9474507336295276,5.084745762711865,False,914061,2025-06-06 20:04:33+00:00,282,False,0.3156721591949463,sentence-transformers/all-mpnet-base-v2,confirmatory,False,False
1931144813816188998,MSFT,False,,15,complete,True,-0.002490402968144,0.0007565200760191,0.0,0.0009394249546098,0.0004120387512163,14653.0,0.0014739637379442,-0.4439021282604779,37.453081280283904,False,20571756,2025-06-07 00:22:57+00:00,107,False,0.775629997253418,sentence-transformers/all-mpnet-base-v2,null_baseline,False,False
1931206440175472978,BOX,False,,6,insufficient,False,-0.004579800407476,0.0010952298279525,0.0,0.0023659974273463,0.00134124926425,472.0,0.0040409491025227,-0.9474507336295276,5.084745762711865,False,914061,2025-06-07 04:27:50+00:00,283,False,0.2736848592758178,sentence-transformers/all-mpnet-base-v2,confirmatory,False,False
1931389329429127275,BOX,False,,6,insufficient,False,-0.004579800407476,0.0010952298279525,0.0,0.0023659974273463,0.00134124926425,472.0,0.0040409491025227,-0.9474507336295276,5.084745762711865,False,914061,2025-06-07 16:34:34+00:00,284,False,0.2522075772285461,sentence-transformers/all-mpnet-base-v2,confirmatory,False,False
1931787946165981610,HOOD,False,,15,complete,True,-0.0559876221420209,0.0087106460702269,0.0,0.0029116442658918,0.0011964742156813,12565.0,0.0044324270052405,4.846741975992093,99.71348985276562,True,605700792,2025-06-08 18:58:31+00:00,9,True,,sentence-transformers/all-mpnet-base-v2,confirmatory,False,False
1931788373393612969,BOX,False,,6,insufficient,False,-0.004579800407476,0.0010952298279525,0.0,0.0023659974273463,0.00134124926425,472.0,0.0040409491025227,-0.9474507336295276,5.084745762711865,False,914061,2025-06-08 19:00:13+00:00,285,False,0.297084093093872,sentence-transformers/all-mpnet-base-v2,confirmatory,False,False
1931800139292967389,MSFT,False,,15,complete,True,-0.002490402968144,0.0007565200760191,0.0,0.0009394249546098,0.0004120387512163,14653.0,0.0014739637379442,-0.4439021282604779,37.453081280283904,False,20571756,2025-06-08 19:46:58+00:00,108,False,0.5455642938613892,sentence-transformers/all-mpnet-base-v2,null_baseline,False,False
1931914258528477687,BOX,False,,6,insufficient,False,-0.004579800407476,0.0010952298279525,0.0,0.0023659974273463,0.00134124926425,472.0,0.0040409491025227,-0.9474507336295276,5.084745762711865,False,914061,2025-06-09 03:20:27+00:00,286,False,0.3564903736114502,sentence-transformers/all-mpnet-base-v2,confirmatory,False,False
1932073714889466326,MSFT,False,,14,partial,True,0.0020023130465567,0.0005323034998121,0.0,0.0009394249546098,0.0004120387512163,14653.0,0.0014739637379442,-0.9880659369922568,11.22637002661571,False,20571756,2025-06-09 13:54:04+00:00,109,False,0.357799768447876,sentence-transformers/all-mpnet-base-v2,null_baseline,False,False
1932075626317435304,HOOD,False,,15,complete,True,-0.0081761510093831,0.0023840146837442,1.0,0.0021828618616565,0.0009951007401762,13268.0,0.0032252629833874,0.2021431740187136,68.23183599638227,False,605700792,2025-06-09 14:01:40+00:00,10,True,,sentence-transformers/all-mpnet-base-v2,confirmatory,False,False
1932102760566342093,QCOM,False,,14,partial,True,-0.0004276209229283,0.0004780865509813,4.0,0.0009588256463958,0.0006455232522669,5120.0,0.0016981298558523,-0.7447277750665172,13.398437499999998,False,234930762,2025-06-09 15:49:29+00:00,59,False,0.3424915671348572,sentence-transformers/all-mpnet-base-v2,confirmatory,False,False
1932164762265174206,HOOD,False,,4,insufficient,False,0.0123023961007499,0.0019450527105856,12.0,0.0011519743389481,0.0005454108705395,7659.0,0.001734746168232,1.454093444916091,93.40644992818906,True,605700792,2025-06-09 19:55:51+00:00,11,True,,sentence-transformers/all-mpnet-base-v2,confirmatory,False,False
1932190118867087736,HOOD,False,,1,insufficient,False,0.004953755241146,,,,,,,,,False,605700792,2025-06-09 21:36:37+00:00,12,True,,sentence-transformers/all-mpnet-base-v2,confirmatory,False,False
1932200828041105445,HOOD,False,,1,insufficient,False,0.004953755241146,,,,,,,,,False,605700792,2025-06-09 22:19:10+00:00,13,True,,sentence-transformers/all-mpnet-base-v2,confirmatory,False,False
1932244367819018742,BOX,False,,4,insufficient,False,-0.0029879593723697,0.0015304620899226,0.0,0.0023659974273463,0.00134124926425,472.0,0.0040409491025227,-0.6229530630093745,27.33050847457627,False,914061,2025-06-10 01:12:11+00:00,287,False,0.2278385162353515,sentence-transformers/all-mpnet-base-v2,confirmatory,False,False
1932264269854220308,BOX,False,,4,insufficient,False,-0.0029879593723697,0.0015304620899226,0.0,0.0023659974273463,0.00134124926425,472.0,0.0040409491025227,-0.6229530630093745,27.33050847457627,False,914061,2025-06-10 02:31:16+00:00,288,False,0.2169101238250732,sentence-transformers/all-mpnet-base-v2,confirmatory,False,False
1932271098252665037,HOOD,False,,1,insufficient,False,0.004953755241146,,,,,,,,,False,605700792,2025-06-10 02:58:24+00:00,14,True,,sentence-transformers/all-mpnet-base-v2,confirmatory,False,False
1932438854444671145,QCOM,False,,13,partial,True,0.0015619070054901,0.0007745216409731,1.0,0.0013793563903108,0.0009345661372343,7985.0,0.0026135186706023,-0.6471823932414649,23.9073262366938,False,234930762,2025-06-10 14:05:00+00:00,60,False,0.2553389072418213,sentence-transformers/all-mpnet-base-v2,confirmatory,False,False
1932454885930447172,HOOD,False,,15,complete,True,5.4641771586649845e-05,0.0014933973558007,3.0,0.0015456034290746,0.0006413860046589,11150.0,0.0022904170316356,-0.0813957162998556,55.83856502242153,False,605700792,2025-06-10 15:08:42+00:00,15,True,,sentence-transformers/all-mpnet-base-v2,confirmatory,False,False
1932472719267774814,HOOD,False,,15,complete,True,0.002536499713349,0.0010466216974666,5.0,0.0013306769934939,0.0005685696276222,9339.0,0.0020352058338232,-0.4995963242272393,35.11082557018953,False,605700792,2025-06-10 16:19:34+00:00,16,True,,sentence-transformers/all-mpnet-base-v2,confirmatory,False,False
1932515395497234434,BOX,False,,10,partial,True,-0.003180571231919,0.0004120371044202,11.0,0.0008934168611414,0.0005987207556726,755.0,0.0013152033478981,-0.8040138113809607,7.947019867549669,False,914061,2025-06-10 19:09:09+00:00,289,False,0.3640371561050415,sentence-transformers/all-mpnet-base-v2,confirmatory,False,False
1932542433167872300,HOOD,True,"cpi(ALL, 2025-06-11 12:30:00+00:00->2025-06-11 20:00:00+00:00)",2,insufficient,False,0.0083569108523702,0.0,,,,,,,,False,605700792,2025-06-10 20:56:35+00:00,17,True,,sentence-transformers/all-mpnet-base-v2,confirmatory,False,False
1932597370044494227,BOX,True,"cpi(ALL, 2025-06-11 12:30:00+00:00->2025-06-11 20:00:00+00:00)",6,insufficient,False,-0.0086146474654663,0.0013728126822447,0.0,0.0023659974273463,0.00134124926425,472.0,0.0040409491025227,-0.7404922944407971,17.584745762711865,False,914061,2025-06-11 00:34:53+00:00,290,False,0.2464682459831237,sentence-transformers/all-mpnet-base-v2,confirmatory,False,False
1932617875358896598,BOX,True,"cpi(ALL, 2025-06-11 12:30:00+00:00->2025-06-11 20:00:00+00:00)",6,insufficient,False,-0.0086146474654663,0.0013728126822447,0.0,0.0023659974273463,0.00134124926425,472.0,0.0040409491025227,-0.7404922944407971,17.584745762711865,False,914061,2025-06-11 01:56:22+00:00,291,False,0.3861514329910278,sentence-transformers/all-mpnet-base-v2,confirmatory,False,False
1932631759365288400,HOOD,True,"cpi(ALL, 2025-06-11 12:30:00+00:00->2025-06-11 20:00:00+00:00)",2,insufficient,False,0.0083569108523702,0.0,,,,,,,,False,605700792,2025-06-11 02:51:32+00:00,18,True,,sentence-transformers/all-mpnet-base-v2,confirmatory,False,False
1932801241882714327,QCOM,True,"cpi(ALL, 2025-06-11 12:30:00+00:00->2025-06-11 20:00:00+00:00)",13,partial,False,-0.0049695705817048,0.000783434789558,1.0,0.0013793563903108,0.0009345661372343,7985.0,0.0026135186706023,-0.6376451885110161,24.683782091421417,False,234930762,2025-06-11 14:05:00+00:00,61,False,0.32476806640625,sentence-transformers/all-mpnet-base-v2,confirmatory,False,False
1933012259892310243,BOX,False,,10,partial,True,0.0019775506925638,0.001366135893668,0.0,0.0023659974273463,0.00134124926425,472.0,0.0040409491025227,-0.7454703315250633,17.584745762711865,False,914061,2025-06-12 04:03:31+00:00,292,False,0.586471676826477,sentence-transformers/all-mpnet-base-v2,confirmatory,False,False
1933163630402667006,QCOM,False,,14,partial,True,-0.0031708673713652,0.0009881826003221,1.0,0.0013793563903108,0.0009345661372343,7985.0,0.0026135186706023,-0.4185619127463237,43.757044458359424,False,234930762,2025-06-12 14:05:00+00:00,62,False,0.2790713310241699,sentence-transformers/all-mpnet-base-v2,confirmatory,False,False
1933173593921446181,HOOD,False,,15,complete,True,0.002064072807475,0.0010016725321308,2.0,0.0017976262622637,0.0007520228178971,12117.0,0.0026688411880296,-1.0584169937269725,7.452339688041594,False,605700792,2025-06-12 14:44:36+00:00,19,True,,sentence-transformers/all-mpnet-base-v2,confirmatory,False,False
1933184769669685481,QCOM,False,,13,partial,True,0.0005850074992812,0.0004104867741623,3.0,0.0010311291761511,0.0006898259524185,6467.0,0.0018718779491643,-0.8997086871156452,5.736817689809803,False,234930762,2025-06-12 15:29:00+00:00,63,False,0.2619109153747558,sentence-transformers/all-mpnet-base-v2,confirmatory,False,False
1933190506051457217,QCOM,False,,10,partial,True,0.001727309045318,0.0007753837281617,4.0,0.0009588256463958,0.0006455232522669,5120.0,0.0016981298558523,-0.284175539130327,51.5625,False,234930762,2025-06-12 15:51:48+00:00,64,False,0.3596524000167846,sentence-transformers/all-mpnet-base-v2,confirmatory,False,False
1933285382009074004,QCOM,False,,14,partial,True,-0.0052385515298014,0.0013813896640569,0.0,0.0017823192627403,0.0010698256208132,8499.0,0.0032347960452871,-0.3747616348715188,47.405577126720786,False,234930762,2025-06-12 22:08:48+00:00,65,False,0.2731697559356689,sentence-transformers/all-mpnet-base-v2,confirmatory,False,False
1933386098149110065,BOX,False,,8,partial,True,-0.0039827535931672,0.0010345001804152,0.0,0.0023659974273463,0.00134124926425,472.0,0.0040409491025227,-0.992729153648843,3.6016949152542375,False,914061,2025-06-13 04:49:01+00:00,293,False,0.2760778665542602,sentence-transformers/all-mpnet-base-v2,confirmatory,False,False
1933450447391744487,QCOM,False,,14,partial,True,-0.0052385515298014,0.0013813896640569,0.0,0.0017823192627403,0.0010698256208132,8499.0,0.0032347960452871,-0.3747616348715188,47.405577126720786,False,234930762,2025-06-13 09:04:43+00:00,66,False,0.3625879287719726,sentence-transformers/all-mpnet-base-v2,confirmatory,False,False
1933462599129313699,QCOM,False,,14,partial,True,-0.0052385515298014,0.0013813896640569,0.0,0.0017823192627403,0.0010698256208132,8499.0,0.0032347960452871,-0.3747616348715188,47.405577126720786,False,234930762,2025-06-13 09:53:00+00:00,67,False,0.2203484773635864,sentence-transformers/all-mpnet-base-v2,confirmatory,False,False
1933467685909897393,QCOM,False,,14,partial,True,-0.0052385515298014,0.0013813896640569,0.0,0.0017823192627403,0.0010698256208132,8499.0,0.0032347960452871,-0.3747616348715188,47.405577126720786,False,234930762,2025-06-13 10:13:13+00:00,68,False,0.3433675765991211,sentence-transformers/all-mpnet-base-v2,confirmatory,False,False
1933476195670372428,QCOM,False,,14,partial,True,-0.0052385515298014,0.0013813896640569,0.0,0.0017823192627403,0.0010698256208132,8499.0,0.0032347960452871,-0.3747616348715188,47.405577126720786,False,234930762,2025-06-13 10:47:01+00:00,69,False,0.7959146499633789,sentence-transformers/all-mpnet-base-v2,confirmatory,False,False
1933690879640023556,BOX,False,,13,partial,True,-0.0125510751570409,0.0011413417701011,0.0,0.0023659974273463,0.00134124926425,472.0,0.0040409491025227,-0.9130708883780518,6.1440677966101696,False,914061,2025-06-14 01:00:06+00:00,294,False,0.2274457216262817,sentence-transformers/all-mpnet-base-v2,confirmatory,False,False
1933701899708215740,HOOD,False,,1,insufficient,False,,,,,,,,,,False,605700792,2025-06-14 01:43:53+00:00,20,False,0.5768470168113708,sentence-transformers/all-mpnet-base-v2,confirmatory,False,False
1934059421833089444,BOX,False,,13,partial,True,-0.0125510751570409,0.0011413417701011,0.0,0.0023659974273463,0.00134124926425,472.0,0.0040409491025227,-0.9130708883780518,6.1440677966101696,False,914061,2025-06-15 01:24:33+00:00,295,False,0.3147878646850586,sentence-transformers/all-mpnet-base-v2,confirmatory,False,False
1934389321248989568,BOX,False,,13,partial,True,-0.0125510751570409,0.0011413417701011,0.0,0.0023659974273463,0.00134124926425,472.0,0.0040409491025227,-0.9130708883780518,6.1440677966101696,False,914061,2025-06-15 23:15:28+00:00,296,False,0.3289415836334228,sentence-transformers/all-mpnet-base-v2,confirmatory,False,False
1934538635615129625,MSFT,False,,15,complete,True,-0.0009347338095462,0.0009073612946541,0.0,0.0009394249546098,0.0004120387512163,14653.0,0.0014739637379442,-0.0778170981760167,56.432129939261586,False,20571756,2025-06-16 09:08:47+00:00,102,False,0.6684910655021667,sentence-transformers/all-mpnet-base-v2,null_baseline,False,False
1934538693559378025,MSFT,False,,15,complete,True,-0.0009347338095462,0.0009073612946541,0.0,0.0009394249546098,0.0004120387512163,14653.0,0.0014739637379442,-0.0778170981760167,56.432129939261586,False,20571756,2025-06-16 09:09:01+00:00,103,False,0.6302918195724487,sentence-transformers/all-mpnet-base-v2,null_baseline,False,False
1934564127588172047,MSFT,False,,15,complete,True,-0.0009347338095462,0.0009073612946541,0.0,0.0009394249546098,0.0004120387512163,14653.0,0.0014739637379442,-0.0778170981760167,56.432129939261586,False,20571756,2025-06-16 10:50:05+00:00,104,False,0.3187627792358398,sentence-transformers/all-mpnet-base-v2,null_baseline,False,False
1934824203683025166,HOOD,False,,1,insufficient,False,,,,,,,,,,False,605700792,2025-06-17 04:03:32+00:00,21,False,0.5514467358589172,sentence-transformers/all-mpnet-base-v2,confirmatory,False,False
1934840940478517594,BOX,False,,9,partial,True,0.0013317349481009,0.0007078033995086,0.0,0.0023659974273463,0.00134124926425,472.0,0.0040409491025227,-1.2363056383593576,0.847457627118644,False,914061,2025-06-17 05:10:02+00:00,297,False,0.1911638379096985,sentence-transformers/all-mpnet-base-v2,confirmatory,False,False
1934986518160097411,HOOD,False,,15,complete,True,-0.0029708400140791,0.0012774370499392,2.0,0.0017976262622637,0.0007520228178971,12117.0,0.0026688411880296,-0.6917199850118656,22.637616571758688,False,605700792,2025-06-17 14:48:30+00:00,22,False,0.7390683889389038,sentence-transformers/all-mpnet-base-v2,confirmatory,False,False
1935002200369242425,HOOD,False,,15,complete,True,0.0049192135103564,0.0011281003637598,4.0,0.0013876350240362,0.0005670153025844,10096.0,0.002103771143176,-0.4577207336263993,37.69809825673534,False,605700792,2025-06-17 15:50:49+00:00,23,False,0.3965182900428772,sentence-transformers/all-mpnet-base-v2,confirmatory,False,False
1935016481944912360,HOOD,False,,15,complete,True,-0.0101176849268451,0.0011982888481569,6.0,0.0013312371582174,0.0007325749655066,8487.0,0.0020897515683504,-0.1814808262913312,52.76304936962413,False,605700792,2025-06-17 16:47:34+00:00,24,False,0.6526157855987549,sentence-transformers/all-mpnet-base-v2,confirmatory,False,False
1935019324173074635,HOOD,False,,15,complete,True,-0.0005030794300595,0.0010959175215041,6.0,0.0013312371582174,0.0007325749655066,8487.0,0.0020897515683504,-0.3212226021817586,44.77436078708613,False,605700792,2025-06-17 16:58:52+00:00,25,False,0.6514431238174438,sentence-transformers/all-mpnet-base-v2,confirmatory,False,False
1935151559270351077,BOX,False,,7,insufficient,False,-0.0065286232958688,0.0014021899533525,0.0,0.0023659974273463,0.00134124926425,472.0,0.0040409491025227,-0.7185893775924819,18.85593220338983,False,914061,2025-06-18 01:44:19+00:00,298,False,0.2616770267486572,sentence-transformers/all-mpnet-base-v2,confirmatory,False,False
1935363704847221106,HOOD,False,,15,complete,True,0.0071141159118514,0.0015249140774913,4.0,0.0013876350240362,0.0005670153025844,10096.0,0.002103771143176,0.2421081985431248,68.75,False,605700792,2025-06-18 15:47:19+00:00,26,False,0.3624226450920105,sentence-transformers/all-mpnet-base-v2,confirmatory,False,False
1935467911789039930,HOOD,False,,15,complete,True,-0.0131143702457408,0.0036597803661741,0.0,0.0029116442658918,0.0011964742156813,12565.0,0.0044324270052405,0.6252839304658178,79.53044170314365,False,605700792,2025-06-18 22:41:24+00:00,27,False,0.4964534044265747,sentence-transformers/all-mpnet-base-v2,confirmatory,False,False
1935468274164388180,HOOD,False,,15,complete,True,-0.0131143702457408,0.0036597803661741,0.0,0.0029116442658918,0.0011964742156813,12565.0,0.0044324270052405,0.6252839304658178,79.53044170314365,False,605700792,2025-06-18 22:42:50+00:00,28,False,0.4783322215080261,sentence-transformers/all-mpnet-base-v2,confirmatory,False,False
1935544417634631719,BOX,False,,10,partial,True,-0.0017611248508724,0.002073638507057,0.0,0.0023659974273463,0.00134124926425,472.0,0.0040409491025227,-0.217975083440423,57.6271186440678,False,914061,2025-06-19 03:45:24+00:00,299,False,0.2524855136871338,sentence-transformers/all-mpnet-base-v2,confirmatory,False,False
1935733578324996227,BOX,False,,10,partial,True,-0.0017611248508724,0.002073638507057,0.0,0.0023659974273463,0.00134124926425,472.0,0.0040409491025227,-0.217975083440423,57.6271186440678,False,914061,2025-06-19 16:17:03+00:00,300,False,0.2476738691329956,sentence-transformers/all-mpnet-base-v2,confirmatory,False,False
1935797232672145634,MSFT,False,,6,insufficient,False,0.0049584196266532,0.0004175870015176,,,,,,,,False,20571756,2025-06-19 20:30:00+00:00,103,False,0.7668590545654297,sentence-transformers/all-mpnet-base-v2,null_baseline,False,False
1935797271662412045,MSFT,False,,6,insufficient,False,0.0049584196266532,0.0004175870015176,,,,,,,,False,20571756,2025-06-19 20:30:09+00:00,104,False,0.5670041441917419,sentence-transformers/all-mpnet-base-v2,null_baseline,False,False
1935872789254435213,BOX,False,,10,partial,True,-0.0017611248508724,0.002073638507057,0.0,0.0023659974273463,0.00134124926425,472.0,0.0040409491025227,-0.217975083440423,57.6271186440678,False,914061,2025-06-20 01:30:14+00:00,301,False,0.3220630288124084,sentence-transformers/all-mpnet-base-v2,confirmatory,False,False
1935898443794583950,BOX,False,,10,partial,True,-0.0017611248508724,0.002073638507057,0.0,0.0023659974273463,0.00134124926425,472.0,0.0040409491025227,-0.217975083440423,57.6271186440678,False,914061,2025-06-20 03:12:10+00:00,302,False,0.2733068466186523,sentence-transformers/all-mpnet-base-v2,confirmatory,False,False
1936081010258833804,HOOD,False,,14,partial,True,0.0031506594923229,0.0006720111633118,3.0,0.0015456034290746,0.0006413860046589,11150.0,0.0022904170316356,-1.3620382412730323,1.7399103139013452,False,605700792,2025-06-20 15:17:38+00:00,29,False,0.3319814205169678,sentence-transformers/all-mpnet-base-v2,confirmatory,False,False
1936085970128101679,BOX,False,,10,partial,True,0.0022081173728013,0.0007057889983904,4.0,0.0009576938331044,0.0005641838163725,206.0,0.0015407005801061,-0.4464942584381294,38.349514563106794,False,914061,2025-06-20 15:37:20+00:00,303,False,0.1249483823776245,sentence-transformers/all-mpnet-base-v2,confirmatory,False,False
1936087172257567131,HOOD,False,,14,partial,True,0.0011743041025726,0.0010177109042586,4.0,0.0013876350240362,0.0005670153025844,10096.0,0.002103771143176,-0.6524058840941368,26.872028526148977,False,605700792,2025-06-20 15:42:07+00:00,30,False,0.4898760318756103,sentence-transformers/all-mpnet-base-v2,confirmatory,False,False
1936227382668746861,HOOD,False,,15,complete,True,-0.004858967111855,0.0052007571849504,0.0,0.0029116442658918,0.0011964742156813,12565.0,0.0044324270052405,1.913215419987157,95.37604456824512,True,605700792,2025-06-21 00:59:16+00:00,31,False,0.5831007361412048,sentence-transformers/all-mpnet-base-v2,confirmatory,False,False
1936261663420039646,BOX,False,,10,partial,True,-0.0096940132929433,0.0020354331315678,0.0,0.0023659974273463,0.00134124926425,472.0,0.0040409491025227,-0.2464600015742317,57.20338983050848,False,914061,2025-06-21 03:15:29+00:00,304,False,0.1863877773284912,sentence-transformers/all-mpnet-base-v2,confirmatory,False,False
1936519514205946288,BOX,False,,10,partial,True,-0.0096940132929433,0.0020354331315678,0.0,0.0023659974273463,0.00134124926425,472.0,0.0040409491025227,-0.2464600015742317,57.20338983050848,False,914061,2025-06-21 20:20:05+00:00,305,False,0.1889838576316833,sentence-transformers/all-mpnet-base-v2,confirmatory,False,False
1936866200367280568,BOX,False,,10,partial,True,-0.0096940132929433,0.0020354331315678,0.0,0.0023659974273463,0.00134124926425,472.0,0.0040409491025227,-0.2464600015742317,57.20338983050848,False,914061,2025-06-22 19:17:42+00:00,306,False,0.1609130501747131,sentence-transformers/all-mpnet-base-v2,confirmatory,False,False
1936963330654228852,MSFT,False,,15,complete,True,-0.0077157180213482,0.0011065163391947,0.0,0.0009394249546098,0.0004120387512163,14653.0,0.0014739637379442,0.4055234710125965,73.78011328738143,False,20571756,2025-06-23 01:43:39+00:00,105,False,0.7200980186462402,sentence-transformers/all-mpnet-base-v2,null_baseline,False,False
1937331467614589190,BOX,False,,6,insufficient,False,-0.0138737286191107,0.0015544500682552,0.0,0.0023659974273463,0.00134124926425,472.0,0.0040409491025227,-0.605068260406326,29.02542372881356,False,914061,2025-06-24 02:06:30+00:00,307,False,0.206034779548645,sentence-transformers/all-mpnet-base-v2,confirmatory,True,False
1937557450078695654,BOX,False,,6,insufficient,False,0.0001354499659452,0.0006472857740979,6.0,0.0008828791634215,0.0002489084372389,101.0,0.0011867096342035,-0.9465062411582372,11.88118811881188,False,914061,2025-06-24 17:04:28+00:00,308,False,0.3187959194183349,sentence-transformers/all-mpnet-base-v2,confirmatory,True,False
1937608061981720662,CRM,False,,14,partial,True,0.0005619482802368,0.0015503332796317,0.0,0.0016535633785195,0.0007536210791284,7739.0,0.0026949740567718,-0.136978783830273,53.87000904509627,False,22330739,2025-06-24 20:25:35+00:00,0,True,,sentence-transformers/all-mpnet-base-v2,confirmatory,True,False
1937688942985511318,BOX,False,,6,insufficient,False,0.002437116507534,0.0011513373954587,0.0,0.0023659974273463,0.00134124926425,472.0,0.0040409491025227,-0.9056184143121992,6.991525423728813,False,914061,2025-06-25 01:46:59+00:00,309,False,0.3798427581787109,sentence-transformers/all-mpnet-base-v2,confirmatory,True,False
1937728424975696041,BOX,False,,6,insufficient,False,0.002437116507534,0.0011513373954587,0.0,0.0023659974273463,0.00134124926425,472.0,0.0040409491025227,-0.9056184143121992,6.991525423728813,False,914061,2025-06-25 04:23:52+00:00,310,False,0.3768948912620544,sentence-transformers/all-mpnet-base-v2,confirmatory,True,False
1937749363092005062,CRM,False,,14,partial,True,0.0005619482802368,0.0015503332796317,0.0,0.0016535633785195,0.0007536210791284,7739.0,0.0026949740567718,-0.136978783830273,53.87000904509627,False,22330739,2025-06-25 05:47:04+00:00,1,True,,sentence-transformers/all-mpnet-base-v2,confirmatory,True,False
1937750866112504269,CRM,False,,14,partial,True,0.0005619482802368,0.0015503332796317,0.0,0.0016535633785195,0.0007536210791284,7739.0,0.0026949740567718,-0.136978783830273,53.87000904509627,False,22330739,2025-06-25 05:53:02+00:00,2,True,,sentence-transformers/all-mpnet-base-v2,confirmatory,True,False
1937755467981226208,CRM,False,,14,partial,True,0.0005619482802368,0.0015503332796317,0.0,0.0016535633785195,0.0007536210791284,7739.0,0.0026949740567718,-0.136978783830273,53.87000904509627,False,22330739,2025-06-25 06:11:19+00:00,3,True,,sentence-transformers/all-mpnet-base-v2,confirmatory,True,False
1937802660796563940,CRM,False,,14,partial,True,0.0005619482802368,0.0015503332796317,0.0,0.0016535633785195,0.0007536210791284,7739.0,0.0026949740567718,-0.136978783830273,53.87000904509627,False,22330739,2025-06-25 09:18:51+00:00,4,True,,sentence-transformers/all-mpnet-base-v2,confirmatory,True,False
1937898616733175880,CRM,False,,6,insufficient,False,0.0016032308369876,0.0007694865172233,4.0,0.0007679502840648,0.0002951024768994,3361.0,0.0011705836322678,0.0052057616548738,56.02499256173758,False,22330739,2025-06-25 15:40:09+00:00,5,True,,sentence-transformers/all-mpnet-base-v2,confirmatory,True,False
1937906900211003753,BOX,False,,3,insufficient,False,-0.0016987219344811,0.0006539800036442,5.0,0.0008476673880137,0.0003763439537565,100.0,0.0012922168242674,-0.5146552307699567,39.0,False,914061,2025-06-25 16:13:04+00:00,311,False,0.2368715405464172,sentence-transformers/all-mpnet-base-v2,confirmatory,True,False
1937932869361614881,HOOD,False,,15,complete,True,0.0029258985706233,0.0012214788204743,8.0,0.001213082701226,0.0006543315496727,8409.0,0.0018807725151064,0.0128315977618856,63.01581638720418,False,605700792,2025-06-25 17:56:15+00:00,32,False,0.3980597257614136,sentence-transformers/all-mpnet-base-v2,confirmatory,True,True
1937999694250287111,MSFT,False,,14,partial,True,-0.0001484319054476,0.000582867732799,0.0,0.0009394249546098,0.0004120387512163,14653.0,0.0014739637379442,-0.8653487584801757,16.351600354876133,False,20571756,2025-06-25 22:21:48+00:00,106,False,0.36070317029953,sentence-transformers/all-mpnet-base-v2,null_baseline,True,False
1938093614711607466,BOX,False,,10,partial,True,-0.0050258713962995,0.001877559330921,0.0,0.0023659974273463,0.00134124926425,472.0,0.0040409491025227,-0.3641665344721345,51.69491525423729,False,914061,2025-06-26 04:35:00+00:00,312,False,0.372427761554718,sentence-transformers/all-mpnet-base-v2,confirmatory,True,True
1938110630273147262,CRM,False,,13,partial,True,-0.0072871517714511,0.0017858310891923,0.0,0.0016535633785195,0.0007536210791284,7739.0,0.0026949740567718,0.1755095688481606,65.37020286858767,False,22330739,2025-06-26 05:42:37+00:00,6,True,,sentence-transformers/all-mpnet-base-v2,confirmatory,True,False
1938111156805107750,CRM,False,,13,partial,True,-0.0072871517714511,0.0017858310891923,0.0,0.0016535633785195,0.0007536210791284,7739.0,0.0026949740567718,0.1755095688481606,65.37020286858767,False,22330739,2025-06-26 05:44:42+00:00,7,True,,sentence-transformers/all-mpnet-base-v2,confirmatory,True,False
1938222629099335931,HOOD,False,,15,complete,True,-0.0009549437348255,0.0024926536001947,0.0,0.0029116442658918,0.0011964742156813,12565.0,0.0044324270052405,-0.350187793607032,42.857142857142854,False,605700792,2025-06-26 13:07:39+00:00,33,False,0.4846143126487732,sentence-transformers/all-mpnet-base-v2,confirmatory,True,True
1938260608110973000,CRM,False,,12,partial,True,0.001296348192689,0.0005112926985871,4.0,0.0007679502840648,0.0002951024768994,3361.0,0.0011705836322678,-0.8697235894944283,19.904790240999706,False,22330739,2025-06-26 15:38:34+00:00,8,True,,sentence-transformers/all-mpnet-base-v2,confirmatory,True,False
1938291958872740150,MSFT,False,,14,partial,True,0.0005149815844696,0.0002438430395105,8.0,0.0004359674633041,0.0002723261052547,8669.0,0.0006549754573286,-0.7054939650895682,12.57353789364402,False,20571756,2025-06-26 17:43:09+00:00,107,False,0.3486438393592834,sentence-transformers/all-mpnet-base-v2,null_baseline,True,False
1938292160966869134,MSFT,False,,14,partial,True,0.0005149815844696,0.0002438430395105,8.0,0.0004359674633041,0.0002723261052547,8669.0,0.0006549754573286,-0.7054939650895682,12.57353789364402,False,20571756,2025-06-26 17:43:57+00:00,108,False,0.7597694396972656,sentence-transformers/all-mpnet-base-v2,null_baseline,True,False
1938294131731886271,BOX,False,,3,insufficient,False,-0.0011066814335204,0.0005853195136353,8.0,0.0011208349410239,0.0005122699327436,159.0,0.0015615102713901,-1.045377433183434,11.949685534591197,False,914061,2025-06-26 17:51:47+00:00,313,False,0.2929952144622803,sentence-transformers/all-mpnet-base-v2,confirmatory,True,False
1938315325155819623,QCOM,False,,11,partial,True,-0.0006641716190523,0.0004044863667309,11.0,0.0007986318391369,0.0005063543907869,7480.0,0.0014103354945072,-0.7783984489469794,15.080213903743314,False,234930762,2025-06-26 19:16:00+00:00,68,False,0.4015634059906006,sentence-transformers/all-mpnet-base-v2,confirmatory,True,True
1938554287166001640,HOOD,False,,1,insufficient,False,,,,,,,,,,False,605700792,2025-06-27 11:05:33+00:00,34,False,0.681135356426239,sentence-transformers/all-mpnet-base-v2,confirmatory,True,False
1938609704361689542,CRM,False,,13,partial,True,0.0041073796568167,0.0005359099892812,2.0,0.0010072236757306,0.0004361423260339,5169.0,0.0015536017908793,-1.0806419334148205,9.808473592571096,False,22330739,2025-06-27 14:45:45+00:00,9,True,,sentence-transformers/all-mpnet-base-v2,confirmatory,True,False
1938640085865336863,HOOD,False,,15,complete,True,-0.0022909847587359,0.0009083096138139,6.0,0.0013312371582174,0.0007325749655066,8487.0,0.0020897515683504,-0.5773164035314436,26.4050901378579,False,605700792,2025-06-27 16:46:29+00:00,35,False,0.5624034404754639,sentence-transformers/all-mpnet-base-v2,confirmatory,True,True
1938647740554092586,BOX,False,,8,partial,True,-0.0011282902449205,0.0004301541037125,7.0,0.0010747703904457,0.0006370892637828,158.0,0.0018873071630307,-1.0118147069464225,8.227848101265822,False,914061,2025-06-27 17:16:54+00:00,314,False,0.2169606685638427,sentence-transformers/all-mpnet-base-v2,confirmatory,True,True
1938658515658400015,QCOM,False,,9,partial,True,-0.0005208245951636,0.0004625801867028,9.0,0.0007471375969065,0.0004867566519591,4287.0,0.0012808820130418,-0.5845989141768322,26.82528574760905,False,234930762,2025-06-27 17:59:43+00:00,69,False,0.5657797455787659,sentence-transformers/all-mpnet-base-v2,confirmatory,True,True
1938771411142586593,BOX,False,,6,insufficient,False,0.004677117990389,0.0018028860857832,0.0,0.0023659974273463,0.00134124926425,472.0,0.0040409491025227,-0.4198409323102018,46.61016949152542,False,914061,2025-06-28 01:28:19+00:00,315,False,0.3030524849891662,sentence-transformers/all-mpnet-base-v2,confirmatory,True,False
1939270643968544777,CRM,False,,15,complete,True,0.0068932412304789,0.0008975953695646,0.0,0.0016535633785195,0.0007536210791284,7739.0,0.0026949740567718,-1.003114204062838,13.12831115131154,False,22330739,2025-06-29 10:32:06+00:00,10,True,,sentence-transformers/all-mpnet-base-v2,confirmatory,True,False
1939350979066867790,HOOD,False,,1,insufficient,False,0.0203240474427561,,,,,,,,,False,605700792,2025-06-29 15:51:19+00:00,36,False,0.6408674120903015,sentence-transformers/all-mpnet-base-v2,confirmatory,True,False
1939458849700024500,BOX,False,,6,insufficient,False,0.004677117990389,0.0018028860857832,0.0,0.0023659974273463,0.00134124926425,472.0,0.0040409491025227,-0.4198409323102018,46.61016949152542,False,914061,2025-06-29 22:59:57+00:00,316,False,0.2624109983444214,sentence-transformers/all-mpnet-base-v2,confirmatory,True,False
1939665834420457685,HOOD,False,,15,complete,True,0.0381446700925354,0.0030808936829667,0.0,0.0029116442658918,0.0011964742156813,12565.0,0.0044324270052405,0.1414568027096727,65.30839633903702,False,605700792,2025-06-30 12:42:26+00:00,37,False,0.5219876766204834,sentence-transformers/all-mpnet-base-v2,confirmatory,True,True
1939681717113192789,HOOD,False,,15,complete,True,0.0282142263266331,0.0021149824471318,0.0,0.0029116442658918,0.0011964742156813,12565.0,0.0044324270052405,-0.6658411926631763,25.738161559888574,False,605700792,2025-06-30 13:45:33+00:00,38,False,0.4467230439186096,sentence-transformers/all-mpnet-base-v2,confirmatory,True,True
1939702282838536251,HOOD,False,,15,complete,True,0.0131728282302271,0.0026751889800247,3.0,0.0015456034290746,0.0006413860046589,11150.0,0.0022904170316356,1.7611633910702418,95.02242152466368,True,605700792,2025-06-30 15:07:16+00:00,39,False,0.3339366316795349,sentence-transformers/all-mpnet-base-v2,confirmatory,True,True
1939713633392480417,HOOD,False,,15,complete,True,0.0034670836112882,0.0027196313000791,4.0,0.0013876350240362,0.0005670153025844,10096.0,0.002103771143176,2.3491363812787696,96.69175911251982,True,605700792,2025-06-30 15:52:22+00:00,40,False,0.5384647846221924,sentence-transformers/all-mpnet-base-v2,confirmatory,True,True
1939723127573139704,QCOM,False,,4,insufficient,False,-0.0005136573119883,0.0002035061602282,6.0,0.0008811222698987,0.0005506822930134,3296.0,0.0015689675970311,-1.230502811271631,0.212378640776699,False,234930762,2025-06-30 16:30:06+00:00,68,False,0.318497896194458,sentence-transformers/all-mpnet-base-v2,confirmatory,True,False
1939736687539802155,MSFT,False,,11,partial,True,-0.0002234702083694,0.000271856037328,7.0,0.0004485307556491,0.0004097469845394,8216.0,0.0006639670621169,-0.431180033014082,17.989289191820838,False,20571756,2025-06-30 17:23:59+00:00,109,False,0.4855027198791504,sentence-transformers/all-mpnet-base-v2,null_baseline,True,False
1939774275701055719,BOX,False,,5,insufficient,False,0.0032608852341463,0.0005578363380112,12.0,0.0008875319452804,0.000413202305816,1815.0,0.0013487540138926,-0.797903599831288,17.575757575757574,False,914061,2025-06-30 19:53:21+00:00,317,False,0.5172255635261536,sentence-transformers/all-mpnet-base-v2,confirmatory,True,False
1939783216426021339,CRM,False,,15,complete,True,-0.0030938578546927,0.0008238309701672,0.0,0.0016535633785195,0.0007536210791284,7739.0,0.0026949740567718,-1.1009941618298429,9.07093939785502,False,22330739,2025-06-30 20:28:52+00:00,11,True,,sentence-transformers/all-mpnet-base-v2,confirmatory,True,False
1939784914704245001,MSFT,False,,1,insufficient,False,,,,,,,,,,False,20571756,2025-06-30 20:35:37+00:00,110,False,0.415447473526001,sentence-transformers/all-mpnet-base-v2,null_baseline,True,False
1939809966669668639,BOX,False,,7,insufficient,False,-0.0039422113596335,0.0011977530734422,0.0,0.0023659974273463,0.00134124926425,472.0,0.0040409491025227,-0.8710121116504826,7.838983050847458,False,914061,2025-06-30 22:15:10+00:00,318,False,0.1534810066223144,sentence-transformers/all-mpnet-base-v2,confirmatory,True,False
1940077885584507246,MSFT,False,,15,complete,True,-0.0014721581606587,0.0004563824124498,5.0,0.0004669323990018,0.0002276766504381,8901.0,0.0007157854781702,-0.0463375868000333,58.16200426918324,False,20571756,2025-07-01 15:59:47+00:00,111,False,0.6033962965011597,sentence-transformers/all-mpnet-base-v2,null_baseline,True,False
1940106578709094717,BOX,False,,9,partial,True,0.0013195613585157,0.0003742909259864,8.0,0.0011208349410239,0.0005122699327436,159.0,0.0015615102713901,-1.4573254593317977,0.628930817610063,False,914061,2025-07-01 17:53:48+00:00,319,False,0.2105329036712646,sentence-transformers/all-mpnet-base-v2,confirmatory,True,True
1940113755792449687,CRM,False,,6,insufficient,False,-0.0022248678196461,0.0005550032269357,9.0,0.0006798511763971,0.0004567842657429,3068.0,0.001057582176389,-0.2733192862025521,45.990873533246415,False,22330739,2025-07-01 18:22:19+00:00,12,True,,sentence-transformers/all-mpnet-base-v2,confirmatory,True,False
1940113836885086539,CRM,False,,6,insufficient,False,-0.0022248678196461,0.0005550032269357,9.0,0.0006798511763971,0.0004567842657429,3068.0,0.001057582176389,-0.2733192862025521,45.990873533246415,False,22330739,2025-07-01 18:22:38+00:00,13,True,,sentence-transformers/all-mpnet-base-v2,confirmatory,True,False
1940220908402061767,BOX,False,,9,partial,True,-0.0158898580343865,0.0018354118733076,0.0,0.0023659974273463,0.00134124926425,472.0,0.0040409491025227,-0.3955905648420859,49.36440677966102,False,914061,2025-07-02 01:28:06+00:00,320,False,0.2831267118453979,sentence-transformers/all-mpnet-base-v2,confirmatory,True,True
1940277368167518249,BOX,False,,9,partial,True,-0.0158898580343865,0.0018354118733076,0.0,0.0023659974273463,0.00134124926425,472.0,0.0040409491025227,-0.3955905648420859,49.36440677966102,False,914061,2025-07-02 05:12:27+00:00,321,False,0.1795964241027832,sentence-transformers/all-mpnet-base-v2,confirmatory,True,True
1940308314144883074,HOOD,False,,2,insufficient,False,,0.0,,,,,,,,False,605700792,2025-07-02 07:15:25+00:00,41,False,0.4684012532234192,sentence-transformers/all-mpnet-base-v2,confirmatory,True,False
1940344130044862860,HOOD,False,,2,insufficient,False,,0.0,,,,,,,,False,605700792,2025-07-02 09:37:45+00:00,42,False,0.5095001459121704,sentence-transformers/all-mpnet-base-v2,confirmatory,True,False
1940423466991378686,QCOM,False,,15,complete,True,0.0051525166702708,0.0007035489895356,2.0,0.0011865487468786,0.000799503699653,7176.0,0.0022010986042174,-0.6041244806655057,27.396878483835007,False,234930762,2025-07-02 14:53:00+00:00,69,False,0.363203763961792,sentence-transformers/all-mpnet-base-v2,confirmatory,True,True
1940470102811648111,BOX,False,,7,insufficient,False,0.0027279079339046,0.0004325779453314,8.0,0.0011208349410239,0.0005122699327436,159.0,0.0015615102713901,-1.3435436118734925,4.40251572327044,False,914061,2025-07-02 17:58:19+00:00,322,False,0.2133682966232299,sentence-transformers/all-mpnet-base-v2,confirmatory,True,False
1940481264047501608,CRM,False,,9,partial,True,0.0027236976355832,0.0004334221969376,10.0,0.0006410824724233,0.000325872857022,3605.0,0.0010032330003726,-0.6372432407639569,27.267683772538145,False,22330739,2025-07-02 18:42:40+00:00,14,True,,sentence-transformers/all-mpnet-base-v2,confirmatory,True,False
1940547859532612028,HOOD,False,,5,insufficient,False,-0.0275756736502558,0.0018012338056142,,,,,,,,False,605700792,2025-07-02 23:07:18+00:00,43,False,0.6728750467300415,sentence-transformers/all-mpnet-base-v2,confirmatory,True,False
1940554062619201874,BOX,True,"jobs_report(ALL, 2025-07-03 12:30:00+00:00->2025-07-03 20:00:00+00:00)",8,partial,False,0.0013123278370856,0.0025832308229837,0.0,0.0023659974273463,0.00134124926425,472.0,0.0040409491025227,0.1619634779512027,70.12711864406779,False,914061,2025-07-02 23:31:56+00:00,323,False,0.5129690766334534,sentence-transformers/all-mpnet-base-v2,confirmatory,True,False
1940556310082474118,HOOD,False,,5,insufficient,False,-0.0275756736502558,0.0018012338056142,,,,,,,,False,605700792,2025-07-02 23:40:52+00:00,44,False,0.7171129584312439,sentence-transformers/all-mpnet-base-v2,confirmatory,True,False
1940604306245472700,BOX,True,"jobs_report(ALL, 2025-07-03 12:30:00+00:00->2025-07-03 20:00:00+00:00)",8,partial,False,0.0013123278370856,0.0025832308229837,0.0,0.0023659974273463,0.00134124926425,472.0,0.0040409491025227,0.1619634779512027,70.12711864406779,False,914061,2025-07-03 02:51:35+00:00,324,False,0.2816754579544067,sentence-transformers/all-mpnet-base-v2,confirmatory,True,False
1940753870453641305,HOOD,True,"jobs_report(ALL, 2025-07-03 12:30:00+00:00->2025-07-03 20:00:00+00:00)",15,complete,False,-0.0423144234367394,0.0043830748827022,0.0,0.0029116442658918,0.0011964742156813,12565.0,0.0044324270052405,1.2298055382433866,89.56625547154795,False,605700792,2025-07-03 12:45:54+00:00,45,False,0.5521293878555298,sentence-transformers/all-mpnet-base-v2,confirmatory,True,False
1940878650695733432,BOX,False,,11,partial,True,0.0063580850074178,0.0018867069015477,0.0,0.0023659974273463,0.00134124926425,472.0,0.0040409491025227,-0.3573463475982741,52.118644067796616,False,914061,2025-07-03 21:01:44+00:00,325,False,0.8086346387863159,sentence-transformers/all-mpnet-base-v2,confirmatory,True,True
1940925836015845764,BOX,False,,11,partial,True,0.0063580850074178,0.0018867069015477,0.0,0.0023659974273463,0.00134124926425,472.0,0.0040409491025227,-0.3573463475982741,52.118644067796616,False,914061,2025-07-04 00:09:14+00:00,326,False,0.3435739874839782,sentence-transformers/all-mpnet-base-v2,confirmatory,True,True
1941157742053617838,QCOM,False,,14,partial,True,-0.0113857450992291,0.0020355677115245,0.0,0.0017823192627403,0.0010698256208132,8499.0,0.0032347960452871,0.2367193716969282,72.53794564066361,False,234930762,2025-07-04 15:30:45+00:00,70,False,0.6672145128250122,sentence-transformers/all-mpnet-base-v2,confirmatory,True,True
1941165369101812213,BOX,False,,11,partial,True,0.0063580850074178,0.0018867069015477,0.0,0.0023659974273463,0.00134124926425,472.0,0.0040409491025227,-0.3573463475982741,52.118644067796616,False,914061,2025-07-04 16:01:03+00:00,327,False,0.4589710235595703,sentence-transformers/all-mpnet-base-v2,confirmatory,True,True
1941203632437030929,BOX,False,,11,partial,True,0.0063580850074178,0.0018867069015477,0.0,0.0023659974273463,0.00134124926425,472.0,0.0040409491025227,-0.3573463475982741,52.118644067796616,False,914061,2025-07-04 18:33:06+00:00,328,False,0.2960408926010132,sentence-transformers/all-mpnet-base-v2,confirmatory,True,True
1941263575143825909,HOOD,False,,15,complete,True,-0.0118531362250782,0.004383894080139,0.0,0.0029116442658918,0.0011964742156813,12565.0,0.0044324270052405,1.2304902144579686,89.5901313171508,False,605700792,2025-07-04 22:31:17+00:00,46,False,0.4082558155059814,sentence-transformers/all-mpnet-base-v2,confirmatory,True,True
1941534707700859335,BOX,False,,11,partial,True,0.0063580850074178,0.0018867069015477,0.0,0.0023659974273463,0.00134124926425,472.0,0.0040409491025227,-0.3573463475982741,52.118644067796616,False,914061,2025-07-05 16:28:40+00:00,329,False,0.3703256845474243,sentence-transformers/all-mpnet-base-v2,confirmatory,True,True
1941662312223605081,BOX,False,,11,partial,True,0.0063580850074178,0.0018867069015477,0.0,0.0023659974273463,0.00134124926425,472.0,0.0040409491025227,-0.3573463475982741,52.118644067796616,False,914061,2025-07-06 00:55:44+00:00,330,False,0.1927161216735839,sentence-transformers/all-mpnet-base-v2,confirmatory,True,True
1941892310075117580,BOX,False,,11,partial,True,0.0063580850074178,0.0018867069015477,0.0,0.0023659974273463,0.00134124926425,472.0,0.0040409491025227,-0.3573463475982741,52.118644067796616,False,914061,2025-07-06 16:09:39+00:00,331,False,0.2029920220375061,sentence-transformers/all-mpnet-base-v2,confirmatory,True,True
1941971854886916241,BOX,False,,11,partial,True,0.0063580850074178,0.0018867069015477,0.0,0.0023659974273463,0.00134124926425,472.0,0.0040409491025227,-0.3573463475982741,52.118644067796616,False,914061,2025-07-06 21:25:44+00:00,332,False,0.1971341371536255,sentence-transformers/all-mpnet-base-v2,confirmatory,True,True
1942067809200275541,BOX,False,,11,partial,True,0.0063580850074178,0.0018867069015477,0.0,0.0023659974273463,0.00134124926425,472.0,0.0040409491025227,-0.3573463475982741,52.118644067796616,False,914061,2025-07-07 03:47:02+00:00,333,False,0.2280505895614624,sentence-transformers/all-mpnet-base-v2,confirmatory,True,True
1942258834376130988,BOX,False,,11,partial,True,7.939053486660796e-05,0.0005933833091204,5.0,0.0008476673880137,0.0003763439537565,100.0,0.0012922168242674,-0.6756693613783513,20.0,False,914061,2025-07-07 16:26:06+00:00,334,False,0.253808856010437,sentence-transformers/all-mpnet-base-v2,confirmatory,True,True
1942268851720269928,HOOD,False,,15,complete,True,0.0074692688623516,0.001143391679262,7.0,0.0012735096511832,0.0008597830624624,8488.0,0.0019450931125967,-0.1513381428432985,52.79217719132894,False,605700792,2025-07-07 17:05:54+00:00,47,False,0.7040268182754517,sentence-transformers/all-mpnet-base-v2,confirmatory,True,True
1942270088096240100,HOOD,False,,15,complete,True,0.0047002529026676,0.001031331624719,7.0,0.0012735096511832,0.0008597830624624,8488.0,0.0019450931125967,-0.2816734093023721,42.16540999057493,False,605700792,2025-07-07 17:10:49+00:00,48,False,0.6287930011749268,sentence-transformers/all-mpnet-base-v2,confirmatory,True,True
1942286735335108853,QCOM,False,,12,partial,True,-0.0011785533062136,0.000605017876672,9.0,0.0007471375969065,0.0004867566519591,4287.0,0.0012808820130418,-0.2919728362468176,46.60601819454164,False,234930762,2025-07-07 18:16:58+00:00,71,False,0.4789395928382873,sentence-transformers/all-mpnet-base-v2,confirmatory,True,True
1942332421086818742,BOX,False,,8,partial,True,-0.0033370861632047,0.0005260945841198,0.0,0.0023659974273463,0.00134124926425,472.0,0.0040409491025227,-1.3717829282502516,0.6355932203389831,False,914061,2025-07-07 21:18:30+00:00,335,False,0.4222604036331177,sentence-transformers/all-mpnet-base-v2,confirmatory,True,True
1942418186697334895,BOX,False,,8,partial,True,-0.0033370861632047,0.0005260945841198,0.0,0.0023659974273463,0.00134124926425,472.0,0.0040409491025227,-1.3717829282502516,0.6355932203389831,False,914061,2025-07-08 02:59:18+00:00,336,False,0.4399974942207336,sentence-transformers/all-mpnet-base-v2,confirmatory,True,True
1942441524920475948,BOX,False,,8,partial,True,-0.0033370861632047,0.0005260945841198,0.0,0.0023659974273463,0.00134124926425,472.0,0.0040409491025227,-1.3717829282502516,0.6355932203389831,False,914061,2025-07-08 04:32:03+00:00,337,False,0.2293033599853515,sentence-transformers/all-mpnet-base-v2,confirmatory,True,True
1942548421937881173,HOOD,False,,2,insufficient,False,,0.0,,,,,,,,False,605700792,2025-07-08 11:36:49+00:00,49,False,0.5137361884117126,sentence-transformers/all-mpnet-base-v2,confirmatory,True,False
1942632139503116622,HOOD,False,,15,complete,True,0.0034703918287488,0.0014948034900875,7.0,0.0012735096511832,0.0008597830624624,8488.0,0.0019450931125967,0.2573833430382043,75.94250706880301,False,605700792,2025-07-08 17:09:29+00:00,50,False,0.4654256105422973,sentence-transformers/all-mpnet-base-v2,confirmatory,True,True
1942788277553291481,BOX,False,,6,insufficient,False,-0.0087231419360559,0.0012994306042284,0.0,0.0023659974273463,0.00134124926425,472.0,0.0040409491025227,-0.7952040322007472,13.559322033898304,False,914061,2025-07-09 03:29:55+00:00,338,False,0.195000946521759,sentence-transformers/all-mpnet-base-v2,confirmatory,True,False
1942842602778415358,HOOD,False,,1,insufficient,False,,,,,,,,,,False,605700792,2025-07-09 07:05:47+00:00,51,False,0.6522425413131714,sentence-transformers/all-mpnet-base-v2,confirmatory,True,False
1942940277888483479,HOOD,False,,15,complete,True,0.009645088778019,0.0028606385612059,0.0,0.0029116442658918,0.0011964742156813,12565.0,0.0044324270052405,-0.0426300074146438,58.00238758456029,False,605700792,2025-07-09 13:33:54+00:00,52,False,0.4905838966369629,sentence-transformers/all-mpnet-base-v2,confirmatory,True,True
1942979082729226292,CRM,False,,9,partial,True,0.0001096908630101,0.0004522226776192,5.0,0.0007515391559441,0.0003413825025699,2933.0,0.0011898969629487,-0.8767774448650054,17.149676099556768,False,22330739,2025-07-09 16:08:06+00:00,15,True,,sentence-transformers/all-mpnet-base-v2,confirmatory,True,False
1943029314100040191,BOX,False,,12,partial,True,0.0012565289667121,0.0005174965792684,11.0,0.0008934168611414,0.0005987207556726,755.0,0.0013152033478981,-0.6278724736219583,18.940397350993376,False,914061,2025-07-09 19:27:42+00:00,339,False,0.4757194519042969,sentence-transformers/all-mpnet-base-v2,confirmatory,True,True
1943048586838855887,CRM,False,,13,partial,True,-0.014981805926865,0.0026341416352159,0.0,0.0016535633785195,0.0007536210791284,7739.0,0.0026949740567718,1.3011555592770838,89.00374725416721,False,22330739,2025-07-09 20:44:17+00:00,16,True,,sentence-transformers/all-mpnet-base-v2,confirmatory,True,False
1943127238632772050,BOX,False,,13,partial,True,-0.0167521826525314,0.0016510610547867,0.0,0.0023659974273463,0.00134124926425,472.0,0.0040409491025227,-0.5330376624357659,36.228813559322035,False,914061,2025-07-10 01:56:49+00:00,340,False,0.5290045142173767,sentence-transformers/all-mpnet-base-v2,confirmatory,True,True
1943172009531445539,BOX,False,,13,partial,True,-0.0167521826525314,0.0016510610547867,0.0,0.0023659974273463,0.00134124926425,472.0,0.0040409491025227,-0.5330376624357659,36.228813559322035,False,914061,2025-07-10 04:54:44+00:00,341,False,0.4048695564270019,sentence-transformers/all-mpnet-base-v2,confirmatory,True,True
1943238479728579033,CRM,False,,13,partial,True,-0.014981805926865,0.0026341416352159,0.0,0.0016535633785195,0.0007536210791284,7739.0,0.0026949740567718,1.3011555592770838,89.00374725416721,False,22330739,2025-07-10 09:18:51+00:00,17,True,,sentence-transformers/all-mpnet-base-v2,confirmatory,True,False
1943240168787312821,CRM,False,,13,partial,True,-0.014981805926865,0.0026341416352159,0.0,0.0016535633785195,0.0007536210791284,7739.0,0.0026949740567718,1.3011555592770838,89.00374725416721,False,22330739,2025-07-10 09:25:34+00:00,18,True,,sentence-transformers/all-mpnet-base-v2,confirmatory,True,False
1943260093702701165,CRM,False,,13,partial,True,-0.014981805926865,0.0026341416352159,0.0,0.0016535633785195,0.0007536210791284,7739.0,0.0026949740567718,1.3011555592770838,89.00374725416721,False,22330739,2025-07-10 10:44:45+00:00,19,True,,sentence-transformers/all-mpnet-base-v2,confirmatory,True,False
1943300171883757658,CRM,False,,13,partial,True,-0.014981805926865,0.0026341416352159,0.0,0.0016535633785195,0.0007536210791284,7739.0,0.0026949740567718,1.3011555592770838,89.00374725416721,False,22330739,2025-07-10 13:24:00+00:00,20,False,0.1768200993537902,sentence-transformers/all-mpnet-base-v2,confirmatory,True,True
1943300268302450854,CRM,False,,13,partial,True,-0.014981805926865,0.0026341416352159,0.0,0.0016535633785195,0.0007536210791284,7739.0,0.0026949740567718,1.3011555592770838,89.00374725416721,False,22330739,2025-07-10 13:24:23+00:00,21,False,0.156606912612915,sentence-transformers/all-mpnet-base-v2,confirmatory,True,True
1943308190554145021,CRM,False,,15,complete,True,9.382918764688776e-05,0.0010856780409658,0.0,0.0016535633785195,0.0007536210791284,7739.0,0.0026949740567718,-0.7535422684971892,24.176250161519576,False,22330739,2025-07-10 13:55:52+00:00,22,False,0.2629836797714233,sentence-transformers/all-mpnet-base-v2,confirmatory,True,True
1943396620756009007,MSFT,False,,12,partial,True,-0.0002851898079322,0.0003760222662546,12.0,0.0005219968721894,0.0003165024684274,8336.0,0.000856845378084,-0.4612115875746656,37.104126679462574,False,20571756,2025-07-10 19:47:15+00:00,105,False,0.7139091491699219,sentence-transformers/all-mpnet-base-v2,null_baseline,True,False
1943402639657447761,HOOD,False,,15,complete,True,0.0010871910580541,0.0040181088515819,0.0,0.0029116442658918,0.0011964742156813,12565.0,0.0044324270052405,0.924770940475301,84.64783127735774,False,605700792,2025-07-10 20:11:10+00:00,53,False,0.7030492424964905,sentence-transformers/all-mpnet-base-v2,confirmatory,True,True
1943404400711536825,HOOD,False,,15,complete,True,0.0010871910580541,0.0040181088515819,0.0,0.0029116442658918,0.0011964742156813,12565.0,0.0044324270052405,0.924770940475301,84.64783127735774,False,605700792,2025-07-10 20:18:10+00:00,54,False,0.4898741245269775,sentence-transformers/all-mpnet-base-v2,confirmatory,True,True
1943405387132059932,HOOD,False,,15,complete,True,0.0010871910580541,0.0040181088515819,0.0,0.0029116442658918,0.0011964742156813,12565.0,0.0044324270052405,0.924770940475301,84.64783127735774,False,605700792,2025-07-10 20:22:05+00:00,55,False,0.6022895574569702,sentence-transformers/all-mpnet-base-v2,confirmatory,True,True
1943457476738777431,HOOD,False,,15,complete,True,0.0010871910580541,0.0040181088515819,0.0,0.0029116442658918,0.0011964742156813,12565.0,0.0044324270052405,0.924770940475301,84.64783127735774,False,605700792,2025-07-10 23:49:04+00:00,56,False,0.7805959582328796,sentence-transformers/all-mpnet-base-v2,confirmatory,True,True
1943460219641815546,HOOD,False,,15,complete,True,0.0010871910580541,0.0040181088515819,0.0,0.0029116442658918,0.0011964742156813,12565.0,0.0044324270052405,0.924770940475301,84.64783127735774,False,605700792,2025-07-10 23:59:58+00:00,57,False,0.6816850900650024,sentence-transformers/all-mpnet-base-v2,confirmatory,True,True
1943527967197368580,BOX,False,,7,insufficient,False,-0.0056153812213182,0.0012619641537319,0.0,0.0023659974273463,0.00134124926425,472.0,0.0040409491025227,-0.8231380273909422,10.38135593220339,False,914061,2025-07-11 04:29:11+00:00,342,False,0.3501002192497253,sentence-transformers/all-mpnet-base-v2,confirmatory,True,False
1943634773034803437,HOOD,False,,15,complete,True,0.0010871910580541,0.0040181088515819,0.0,0.0029116442658918,0.0011964742156813,12565.0,0.0044324270052405,0.924770940475301,84.64783127735774,False,605700792,2025-07-11 11:33:35+00:00,58,False,0.5583419799804688,sentence-transformers/all-mpnet-base-v2,confirmatory,True,True
1943751870281134442,HOOD,False,,14,partial,True,0.0010809804050335,0.0008723048624791,11.0,0.0011052161091722,0.0005247132447824,10594.0,0.00171155371555,-0.4438829189259972,37.14366622616576,False,605700792,2025-07-11 19:18:53+00:00,59,False,0.5577216744422913,sentence-transformers/all-mpnet-base-v2,confirmatory,True,True
1943825163541524819,BOX,False,,9,partial,True,0.0014887141220139,0.000719558300068,0.0,0.0023659974273463,0.00134124926425,472.0,0.0040409491025227,-1.2275414952036483,0.847457627118644,False,914061,2025-07-12 00:10:08+00:00,343,False,0.2217148542404174,sentence-transformers/all-mpnet-base-v2,confirmatory,True,True
1943831253779673107,BOX,False,,9,partial,True,0.0014887141220139,0.000719558300068,0.0,0.0023659974273463,0.00134124926425,472.0,0.0040409491025227,-1.2275414952036483,0.847457627118644,False,914061,2025-07-12 00:34:20+00:00,344,False,0.2480629682540893,sentence-transformers/all-mpnet-base-v2,confirmatory,True,True
1944035267389927690,HOOD,False,,1,insufficient,False,,,,,,,,,,False,605700792,2025-07-12 14:05:00+00:00,60,False,0.3561063408851623,sentence-transformers/all-mpnet-base-v2,confirmatory,True,False
1944059997991870860,BOX,False,,9,partial,True,0.0014887141220139,0.000719558300068,0.0,0.0023659974273463,0.00134124926425,472.0,0.0040409491025227,-1.2275414952036483,0.847457627118644,False,914061,2025-07-12 15:43:17+00:00,345,False,0.3152658939361572,sentence-transformers/all-mpnet-base-v2,confirmatory,True,True
1944157554176626997,HOOD,False,,1,insufficient,False,,,,,,,,,,False,605700792,2025-07-12 22:10:56+00:00,61,False,0.6036050319671631,sentence-transformers/all-mpnet-base-v2,confirmatory,True,False
1944203516865859950,BOX,False,,9,partial,True,0.0014887141220139,0.000719558300068,0.0,0.0023659974273463,0.00134124926425,472.0,0.0040409491025227,-1.2275414952036483,0.847457627118644,False,914061,2025-07-13 01:13:34+00:00,346,False,0.3235087394714355,sentence-transformers/all-mpnet-base-v2,confirmatory,True,True
1944453260615594367,HOOD,False,,1,insufficient,False,,,,,,,,,,False,605700792,2025-07-13 17:45:58+00:00,62,False,0.7564924955368042,sentence-transformers/all-mpnet-base-v2,confirmatory,True,False
1944477309651784107,BOX,False,,9,partial,True,0.0014887141220139,0.000719558300068,0.0,0.0023659974273463,0.00134124926425,472.0,0.0040409491025227,-1.2275414952036483,0.847457627118644,False,914061,2025-07-13 19:21:31+00:00,347,False,0.2609022855758667,sentence-transformers/all-mpnet-base-v2,confirmatory,True,True
1944804366780915924,BOX,False,,7,insufficient,False,0.0014172348654208,0.0007058672040707,7.0,0.0010747703904457,0.0006370892637828,158.0,0.0018873071630307,-0.5790447388558739,34.810126582278485,False,914061,2025-07-14 17:01:08+00:00,348,False,0.330338716506958,sentence-transformers/all-mpnet-base-v2,confirmatory,True,False
1944876160116253012,MSFT,True,"cpi(ALL, 2025-07-15 12:30:00+00:00->2025-07-15 20:00:00+00:00)",9,partial,False,-0.0035410289496687,0.000636516544186,,,,,,,,False,20571756,2025-07-14 21:46:25+00:00,101,False,0.3296497464179992,sentence-transformers/all-mpnet-base-v2,null_baseline,True,False
1944944667952599367,BOX,True,"cpi(ALL, 2025-07-15 12:30:00+00:00->2025-07-15 20:00:00+00:00)",8,partial,False,-0.0032769520869428,0.0017302099333484,0.0,0.0023659974273463,0.00134124926425,472.0,0.0040409491025227,-0.4740263506152556,41.94915254237288,False,914061,2025-07-15 02:18:38+00:00,349,False,0.227228581905365,sentence-transformers/all-mpnet-base-v2,confirmatory,True,False
1945163574386520137,BOX,True,"cpi(ALL, 2025-07-15 12:30:00+00:00->2025-07-15 20:00:00+00:00)",5,insufficient,False,0.0017550847249832,0.0002559519074462,6.0,0.0008828791634215,0.0002489084372389,101.0,0.0011867096342035,-2.5187063280364215,1.98019801980198,False,914061,2025-07-15 16:48:30+00:00,350,False,0.165802776813507,sentence-transformers/all-mpnet-base-v2,confirmatory,True,False
1945286014052000113,BOX,False,,3,insufficient,False,0.0040650706690248,0.0003098853523426,0.0,0.0023659974273463,0.00134124926425,472.0,0.0040409491025227,-1.5329828166976194,0.0,False,914061,2025-07-16 00:55:02+00:00,351,False,0.2205041050910949,sentence-transformers/all-mpnet-base-v2,confirmatory,True,False
1945343647588999517,BOX,False,,3,insufficient,False,0.0040650706690248,0.0003098853523426,0.0,0.0023659974273463,0.00134124926425,472.0,0.0040409491025227,-1.5329828166976194,0.0,False,914061,2025-07-16 04:44:02+00:00,352,False,0.2566820979118347,sentence-transformers/all-mpnet-base-v2,confirmatory,True,False
1945596799395217450,HOOD,False,,15,complete,True,0.0052892581714527,0.0021589492318232,0.0,0.0029116442658918,0.0011964742156813,12565.0,0.0044324270052405,-0.6290942372209372,27.815360127337847,False,605700792,2025-07-16 21:29:59+00:00,63,False,0.3301558494567871,sentence-transformers/all-mpnet-base-v2,confirmatory,True,True
1945658595204591644,BOX,False,,7,insufficient,False,0.0050770076634334,0.0016464584998766,0.0,0.0023659974273463,0.00134124926425,472.0,0.0040409491025227,-0.5364692057236882,35.80508474576271,False,914061,2025-07-17 01:35:32+00:00,353,False,0.2205028533935547,sentence-transformers/all-mpnet-base-v2,confirmatory,True,False
1945705670751436824,BOX,False,,7,insufficient,False,0.0050770076634334,0.0016464584998766,0.0,0.0023659974273463,0.00134124926425,472.0,0.0040409491025227,-0.5364692057236882,35.80508474576271,False,914061,2025-07-17 04:42:36+00:00,353,False,0.1866724491119384,sentence-transformers/all-mpnet-base-v2,confirmatory,True,False
1945802355150393440,CRM,False,,12,partial,True,0.0045058808289482,0.0014359107729731,0.0,0.0016535633785195,0.0007536210791284,7739.0,0.0026949740567718,-0.2888090733848695,46.49179480553043,False,22330739,2025-07-17 11:06:47+00:00,23,False,0.7423513531684875,sentence-transformers/all-mpnet-base-v2,confirmatory,True,True
1945860985908080797,CRM,False,,14,partial,True,-0.0010312494032181,0.0004735999563749,3.0,0.0008706418272028,0.0003653172812046,4429.0,0.0013462814928786,-1.086841196010926,9.370060961842402,False,22330739,2025-07-17 14:59:46+00:00,24,False,0.5993348360061646,sentence-transformers/all-mpnet-base-v2,confirmatory,True,True
1945887678869959063,MSFT,False,,10,partial,True,-0.0004174801035541,0.0003242396888262,6.0,0.0004600824102499,0.0002678715459743,8323.0,0.0007238162459618,-0.5071188913684577,30.08530577916617,False,20571756,2025-07-17 16:45:50+00:00,100,False,0.4858149290084839,sentence-transformers/all-mpnet-base-v2,null_baseline,True,False
1945942543906271350,HOOD,False,,4,insufficient,False,,0.002353926350512,,,,,,,,False,605700792,2025-07-17 20:23:50+00:00,64,False,0.3653703927993774,sentence-transformers/all-mpnet-base-v2,confirmatory,True,False
1945942804062142674,HOOD,False,,4,insufficient,False,,0.002353926350512,,,,,,,,False,605700792,2025-07-17 20:24:53+00:00,65,False,0.6237606406211853,sentence-transformers/all-mpnet-base-v2,confirmatory,True,False
1945944660632813641,CRM,False,,10,partial,True,-0.0008962605679713,0.0010515415390369,0.0,0.0016535633785195,0.0007536210791284,7739.0,0.0026949740567718,-0.798838907450448,22.082956454322265,False,22330739,2025-07-17 20:32:15+00:00,25,False,0.3778469562530517,sentence-transformers/all-mpnet-base-v2,confirmatory,True,True
1945945957050257850,CRM,False,,10,partial,True,-0.0008962605679713,0.0010515415390369,0.0,0.0016535633785195,0.0007536210791284,7739.0,0.0026949740567718,-0.798838907450448,22.082956454322265,False,22330739,2025-07-17 20:37:24+00:00,26,False,0.3802199959754944,sentence-transformers/all-mpnet-base-v2,confirmatory,True,True
1945946105323147452,CRM,False,,10,partial,True,-0.0008962605679713,0.0010515415390369,0.0,0.0016535633785195,0.0007536210791284,7739.0,0.0026949740567718,-0.798838907450448,22.082956454322265,False,22330739,2025-07-17 20:38:00+00:00,27,False,0.719123899936676,sentence-transformers/all-mpnet-base-v2,confirmatory,True,True
1945959318064341461,CRM,False,,10,partial,True,-0.0008962605679713,0.0010515415390369,0.0,0.0016535633785195,0.0007536210791284,7739.0,0.0026949740567718,-0.798838907450448,22.082956454322265,False,22330739,2025-07-17 21:30:30+00:00,28,False,0.5674452185630798,sentence-transformers/all-mpnet-base-v2,confirmatory,True,True
1946020698411163934,HOOD,False,,4,insufficient,False,,0.002353926350512,,,,,,,,False,605700792,2025-07-18 01:34:24+00:00,66,False,0.5282741785049438,sentence-transformers/all-mpnet-base-v2,confirmatory,True,False
1946022025996407186,HOOD,False,,4,insufficient,False,,0.002353926350512,,,,,,,,False,605700792,2025-07-18 01:39:40+00:00,67,False,0.5372803211212158,sentence-transformers/all-mpnet-base-v2,confirmatory,True,False
1946022029804847599,HOOD,False,,4,insufficient,False,,0.002353926350512,,,,,,,,False,605700792,2025-07-18 01:39:41+00:00,68,False,0.5716952681541443,sentence-transformers/all-mpnet-base-v2,confirmatory,True,False
1946227618657014138,BOX,False,,7,insufficient,False,-0.0025946854603335,0.0002354178076221,3.0,0.0009537606446885,0.0003292884701768,271.0,0.0014873582929398,-2.1815001195775907,0.0,False,914061,2025-07-18 15:16:38+00:00,352,False,0.31402587890625,sentence-transformers/all-mpnet-base-v2,confirmatory,True,False
1946324991181811979,BOX,False,,7,insufficient,False,0.0005532002872363,0.0010249798531877,0.0,0.0023659974273463,0.00134124926425,472.0,0.0040409491025227,-0.9998272579917314,3.6016949152542375,False,914061,2025-07-18 21:43:33+00:00,351,False,0.233757734298706,sentence-transformers/all-mpnet-base-v2,confirmatory,True,False
1946360824739627490,HOOD,False,,1,insufficient,False,,,,,,,,,,False,605700792,2025-07-19 00:05:56+00:00,69,False,0.8917216658592224,sentence-transformers/all-mpnet-base-v2,confirmatory,True,False
1946428061098066064,BOX,False,,7,insufficient,False,0.0005532002872363,0.0010249798531877,0.0,0.0023659974273463,0.00134124926425,472.0,0.0040409491025227,-0.9998272579917314,3.6016949152542375,False,914061,2025-07-19 04:33:07+00:00,351,False,0.2023656368255615,sentence-transformers/all-mpnet-base-v2,confirmatory,True,False
1946656962097054166,HOOD,False,,1,insufficient,False,,,,,,,,,,False,605700792,2025-07-19 19:42:41+00:00,70,False,0.6647744178771973,sentence-transformers/all-mpnet-base-v2,confirmatory,True,False
1946693912984510767,BOX,False,,7,insufficient,False,0.0005532002872363,0.0010249798531877,0.0,0.0023659974273463,0.00134124926425,472.0,0.0040409491025227,-0.9998272579917314,3.6016949152542375,False,914061,2025-07-19 22:09:31+00:00,349,False,0.354697585105896,sentence-transformers/all-mpnet-base-v2,confirmatory,True,False
1946990049041711441,BOX,False,,7,insufficient,False,0.0005532002872363,0.0010249798531877,0.0,0.0023659974273463,0.00134124926425,472.0,0.0040409491025227,-0.9998272579917314,3.6016949152542375,False,914061,2025-07-20 17:46:15+00:00,349,False,0.2490620613098144,sentence-transformers/all-mpnet-base-v2,confirmatory,True,False
1947003139686846797,BOX,False,,7,insufficient,False,0.0005532002872363,0.0010249798531877,0.0,0.0023659974273463,0.00134124926425,472.0,0.0040409491025227,-0.9998272579917314,3.6016949152542375,False,914061,2025-07-20 18:38:16+00:00,350,False,0.3328275084495544,sentence-transformers/all-mpnet-base-v2,confirmatory,True,False
1947034762356670583,HOOD,False,,1,insufficient,False,,,,,,,,,,False,605700792,2025-07-20 20:43:56+00:00,71,False,0.4533921480178833,sentence-transformers/all-mpnet-base-v2,confirmatory,True,False
1947089114286981418,BOX,False,,7,insufficient,False,0.0005532002872363,0.0010249798531877,0.0,0.0023659974273463,0.00134124926425,472.0,0.0040409491025227,-0.9998272579917314,3.6016949152542375,False,914061,2025-07-21 00:19:54+00:00,349,False,0.237118661403656,sentence-transformers/all-mpnet-base-v2,confirmatory,True,False
1947326228412666186,HOOD,False,,15,complete,True,-0.0080620786402393,0.0015763648975836,5.0,0.0013306769934939,0.0005685696276222,9339.0,0.0020352058338232,0.4321157729038911,74.07645358175394,False,605700792,2025-07-21 16:02:07+00:00,72,False,0.5113276243209839,sentence-transformers/all-mpnet-base-v2,confirmatory,True,True
1947340483937636363,HOOD,False,,15,complete,True,0.0027372735342954,0.0008010140768173,6.0,0.0013312371582174,0.0007325749655066,8487.0,0.0020897515683504,-0.723779962960325,16.165900789442677,False,605700792,2025-07-21 16:58:45+00:00,73,False,0.3712736368179321,sentence-transformers/all-mpnet-base-v2,confirmatory,True,True
1947384892159103285,QCOM,False,,4,insufficient,False,-0.0001434674618945,0.0004987466922821,12.0,0.0008976044924825,0.000539949574948,5494.0,0.0015152023013888,-0.7386945350199521,19.34838005096469,False,234930762,2025-07-21 19:55:13+00:00,64,False,0.4301843643188476,sentence-transformers/all-mpnet-base-v2,confirmatory,True,False
1947465388843061641,BOX,False,,11,partial,True,0.0038455676080554,0.0016736430552587,0.0,0.0023659974273463,0.00134124926425,472.0,0.0040409491025227,-0.5162011197632961,37.92372881355932,False,914061,2025-07-22 01:15:05+00:00,348,False,0.3112862110137939,sentence-transformers/all-mpnet-base-v2,confirmatory,True,True
1947722135876866369,BOX,False,,6,insufficient,False,3.9966057934437416e-05,0.0005667645278546,9.0,0.0007694987405448,0.0002384235737868,150.0,0.0011138224769505,-0.8503111058616812,19.333333333333332,False,914061,2025-07-22 18:15:18+00:00,348,False,0.6213549375534058,sentence-transformers/all-mpnet-base-v2,confirmatory,True,False
1947830617913364853,BOX,False,,5,insufficient,False,-0.008334199249396,0.0031453868655445,0.0,0.0023659974273463,0.00134124926425,472.0,0.0040409491025227,0.5810921645754,80.29661016949152,False,914061,2025-07-23 01:26:22+00:00,348,False,0.30080246925354,sentence-transformers/all-mpnet-base-v2,confirmatory,True,False
1948046549260648589,BOX,False,,11,partial,True,-0.0023867673179398,0.0003518623751277,4.0,0.0009576938331044,0.0005641838163725,206.0,0.0015407005801061,-1.073819277327021,0.9708737864077668,False,914061,2025-07-23 15:44:24+00:00,348,False,0.273601233959198,sentence-transformers/all-mpnet-base-v2,confirmatory,True,True
1948101877486452897,MSFT,False,,15,complete,True,-0.0010865487321489,0.000107940560499,11.0,0.0004038797262934,0.0002294343287601,11546.0,0.0006587422095737,-1.289864369441449,0.3637623419366014,False,20571756,2025-07-23 19:24:16+00:00,100,False,0.4840471148490906,sentence-transformers/all-mpnet-base-v2,null_baseline,True,False
1948101916711625074,MSFT,False,,15,complete,True,-0.0010865487321489,0.000107940560499,11.0,0.0004038797262934,0.0002294343287601,11546.0,0.0006587422095737,-1.289864369441449,0.3637623419366014,False,20571756,2025-07-23 19:24:25+00:00,101,False,0.6149657964706421,sentence-transformers/all-mpnet-base-v2,null_baseline,True,False
1948141609167810902,CRM,False,,14,partial,True,-0.0045324502054139,0.0011121193122791,0.0,0.0016535633785195,0.0007536210791284,7739.0,0.0026949740567718,-0.7184566372089485,26.11448507559116,False,22330739,2025-07-23 22:02:09+00:00,29,False,0.6069987416267395,sentence-transformers/all-mpnet-base-v2,confirmatory,True,True
1948155014440165500,QCOM,False,,13,partial,True,-0.0133269421615056,0.0019608926993694,0.0,0.0017823192627403,0.0010698256208132,8499.0,0.0032347960452871,0.1669182651406254,70.7847982115543,False,234930762,2025-07-23 22:55:25+00:00,58,False,0.2178760766983032,sentence-transformers/all-mpnet-base-v2,confirmatory,True,True
1948194160709947756,HOOD,False,,1,insufficient,False,0.0050182189827763,,,,,,,,,False,605700792,2025-07-24 01:30:58+00:00,74,False,0.5635027289390564,sentence-transformers/all-mpnet-base-v2,confirmatory,True,False
1948217650984649113,BOX,False,,3,insufficient,False,-0.0037735079589424,0.0012907611345502,0.0,0.0023659974273463,0.00134124926425,472.0,0.0040409491025227,-0.8016677596444005,13.347457627118644,False,914061,2025-07-24 03:04:18+00:00,347,False,0.2208991050720214,sentence-transformers/all-mpnet-base-v2,confirmatory,True,False
1948222848499130396,HOOD,False,,1,insufficient,False,0.0050182189827763,,,,,,,,,False,605700792,2025-07-24 03:24:57+00:00,75,False,0.4776328802108764,sentence-transformers/all-mpnet-base-v2,confirmatory,True,False
1948244333972652188,BOX,False,,3,insufficient,False,-0.0037735079589424,0.0012907611345502,0.0,0.0023659974273463,0.00134124926425,472.0,0.0040409491025227,-0.8016677596444005,13.347457627118644,False,914061,2025-07-24 04:50:20+00:00,347,False,0.5383350849151611,sentence-transformers/all-mpnet-base-v2,confirmatory,True,False
1948564358856147163,BOX,False,,4,insufficient,False,0.0015512425474542,0.0023896797995041,0.0,0.0023659974273463,0.00134124926425,472.0,0.0040409491025227,0.0176569507168301,66.3135593220339,False,914061,2025-07-25 02:02:00+00:00,347,False,0.2490396499633789,sentence-transformers/all-mpnet-base-v2,confirmatory,True,False
1948773113543672143,HOOD,False,,15,complete,True,0.0029862067334561,0.001506732698396,4.0,0.0013876350240362,0.0005670153025844,10096.0,0.002103771143176,0.2100431396066108,67.7000792393027,False,605700792,2025-07-25 15:51:31+00:00,76,False,0.4811686277389526,sentence-transformers/all-mpnet-base-v2,confirmatory,True,True
1948854933161439314,BOX,False,,7,insufficient,False,0.0015709533555798,0.00184903227793,0.0,0.0023659974273463,0.00134124926425,472.0,0.0040409491025227,-0.3854355511652796,50.21186440677966,False,914061,2025-07-25 21:16:38+00:00,347,False,0.1641382575035095,sentence-transformers/all-mpnet-base-v2,confirmatory,True,False
1948936241569038571,BOX,False,,7,insufficient,False,0.0015709533555798,0.00184903227793,0.0,0.0023659974273463,0.00134124926425,472.0,0.0040409491025227,-0.3854355511652796,50.21186440677966,False,914061,2025-07-26 02:39:44+00:00,346,False,0.1949003934860229,sentence-transformers/all-mpnet-base-v2,confirmatory,True,False
1949147166481752523,BOX,False,,7,insufficient,False,0.0015709533555798,0.00184903227793,0.0,0.0023659974273463,0.00134124926425,472.0,0.0040409491025227,-0.3854355511652796,50.21186440677966,False,914061,2025-07-26 16:37:52+00:00,345,False,0.3467439413070678,sentence-transformers/all-mpnet-base-v2,confirmatory,True,False
1949225243840827830,HOOD,False,,1,insufficient,False,,,,,,,,,,False,605700792,2025-07-26 21:48:07+00:00,77,False,0.7176553010940552,sentence-transformers/all-mpnet-base-v2,confirmatory,True,False
1949504939849331122,BOX,False,,7,insufficient,False,0.0015709533555798,0.00184903227793,0.0,0.0023659974273463,0.00134124926425,472.0,0.0040409491025227,-0.3854355511652796,50.21186440677966,False,914061,2025-07-27 16:19:32+00:00,344,False,0.3665822744369507,sentence-transformers/all-mpnet-base-v2,confirmatory,True,False
1949575404198494526,CRM,False,,10,partial,True,-0.0082015102111187,0.0023181002530544,0.0,0.0016535633785195,0.0007536210791284,7739.0,0.0026949740567718,0.8817917822884732,82.32329758366714,False,22330739,2025-07-27 20:59:32+00:00,30,False,0.7177796959877014,sentence-transformers/all-mpnet-base-v2,confirmatory,True,True
1949585461275660422,CRM,False,,10,partial,True,-0.0082015102111187,0.0023181002530544,0.0,0.0016535633785195,0.0007536210791284,7739.0,0.0026949740567718,0.8817917822884732,82.32329758366714,False,22330739,2025-07-27 21:39:30+00:00,31,False,0.2398745417594909,sentence-transformers/all-mpnet-base-v2,confirmatory,True,True
1949585855192133892,CRM,False,,10,partial,True,-0.0082015102111187,0.0023181002530544,0.0,0.0016535633785195,0.0007536210791284,7739.0,0.0026949740567718,0.8817917822884732,82.32329758366714,False,22330739,2025-07-27 21:41:04+00:00,32,False,0.5139833688735962,sentence-transformers/all-mpnet-base-v2,confirmatory,True,True
1949623247361974697,BOX,False,,7,insufficient,False,0.0015709533555798,0.00184903227793,0.0,0.0023659974273463,0.00134124926425,472.0,0.0040409491025227,-0.3854355511652796,50.21186440677966,False,914061,2025-07-28 00:09:39+00:00,345,False,0.2606554627418518,sentence-transformers/all-mpnet-base-v2,confirmatory,True,False
1949881999272915212,HOOD,False,,14,partial,True,0.003161901838375,0.0009142832716208,7.0,0.0012735096511832,0.0008597830624624,8488.0,0.0019450931125967,-0.4178104864424674,30.513666352497644,False,605700792,2025-07-28 17:17:50+00:00,78,False,0.6177515983581543,sentence-transformers/all-mpnet-base-v2,confirmatory,True,True
1949884999345590406,MSFT,False,,14,partial,True,0.0004616271728878,0.000186733995033,8.0,0.0004359674633041,0.0002723261052547,8669.0,0.0006549754573286,-0.9152022647181104,3.2183642865382396,False,20571756,2025-07-28 17:29:45+00:00,100,False,0.5155320167541504,sentence-transformers/all-mpnet-base-v2,null_baseline,True,False
1949885049287168245,MSFT,False,,14,partial,True,0.0004616271728878,0.000186733995033,8.0,0.0004359674633041,0.0002723261052547,8669.0,0.0006549754573286,-0.9152022647181104,3.2183642865382396,False,20571756,2025-07-28 17:29:57+00:00,101,False,0.6656635403633118,sentence-transformers/all-mpnet-base-v2,null_baseline,True,False
1949952339369918977,HOOD,False,,1,insufficient,False,,,,,,,,,,False,605700792,2025-07-28 21:57:20+00:00,79,False,0.5706590414047241,sentence-transformers/all-mpnet-base-v2,confirmatory,True,False
1949959279353745810,BOX,False,,3,insufficient,False,0.0017281634611656,0.0007573348555931,0.0,0.0023659974273463,0.00134124926425,472.0,0.0040409491025227,-1.1993762939006294,1.059322033898305,False,914061,2025-07-28 22:24:55+00:00,344,False,0.2824543118476867,sentence-transformers/all-mpnet-base-v2,confirmatory,True,False
1949979787344093495,HOOD,False,,1,insufficient,False,,,,,,,,,,False,605700792,2025-07-28 23:46:24+00:00,80,False,0.5844296216964722,sentence-transformers/all-mpnet-base-v2,confirmatory,True,False
1949989681795682807,HOOD,False,,1,insufficient,False,,,,,,,,,,False,605700792,2025-07-29 00:25:43+00:00,81,False,0.546382486820221,sentence-transformers/all-mpnet-base-v2,confirmatory,True,False
1950197188358807831,CRM,False,,12,partial,True,-0.003476654689144,0.0010434610263656,1.0,0.001205286593857,0.0005704647875291,6941.0,0.0018293024935227,-0.2836731925072928,42.99092349805503,False,22330739,2025-07-29 14:10:17+00:00,33,False,0.3088752627372741,sentence-transformers/all-mpnet-base-v2,confirmatory,True,True
1950215604117414101,HOOD,False,,15,complete,True,-0.0033184665270519,0.0021689193332305,3.0,0.0015456034290746,0.0006413860046589,11150.0,0.0022904170316356,0.9718264814451704,87.32735426008969,False,605700792,2025-07-29 15:23:27+00:00,82,False,0.5649087429046631,sentence-transformers/all-mpnet-base-v2,confirmatory,True,True
1950216480387203290,CRM,False,,9,partial,True,-0.0004176310651349,0.000395058570983,3.0,0.0008706418272028,0.0003653172812046,4429.0,0.0013462814928786,-1.3018361864831105,3.7028674644389254,False,22330739,2025-07-29 15:26:56+00:00,34,False,0.2915879487991333,sentence-transformers/all-mpnet-base-v2,confirmatory,True,True
1950232690088911117,HOOD,False,,13,partial,True,0.0026157669680925,0.0010977767369853,6.0,0.0013312371582174,0.0007325749655066,8487.0,0.0020897515683504,-0.3186846837860522,44.93931895840698,False,605700792,2025-07-29 16:31:21+00:00,83,False,0.8049604892730713,sentence-transformers/all-mpnet-base-v2,confirmatory,True,True
1950258279344423332,CRM,False,,12,partial,True,0.0009903921705087,0.0004675747858328,9.0,0.0006798511763971,0.0004567842657429,3068.0,0.001057582176389,-0.4647191387361671,30.671447196870925,False,22330739,2025-07-29 18:13:02+00:00,35,False,0.4773434400558471,sentence-transformers/all-mpnet-base-v2,confirmatory,True,True
1950354513610616943,BOX,False,,6,insufficient,False,-0.0064062146336073,0.0014169832004629,0.0,0.0023659974273463,0.00134124926425,472.0,0.0040409491025227,-0.70755992355679,19.915254237288135,False,914061,2025-07-30 00:35:26+00:00,344,False,0.2547900676727295,sentence-transformers/all-mpnet-base-v2,confirmatory,True,False
1950608340947796074,BOX,False,,6,insufficient,False,-0.00192544708842,0.0004259553893437,7.0,0.0010747703904457,0.0006370892637828,158.0,0.0018873071630307,-1.018405171748608,8.227848101265822,False,914061,2025-07-30 17:24:03+00:00,343,False,0.3432138562202453,sentence-transformers/all-mpnet-base-v2,confirmatory,True,False
1950618766653673578,QCOM,True,"fomc(ALL, 2025-07-30 18:00:00+00:00->2025-07-30 20:00:00+00:00)",15,complete,False,0.0005138620960868,0.0004699763440776,9.0,0.0007471375969065,0.0004867566519591,4287.0,0.0012808820130418,-0.5694041400633107,27.851644506648004,False,234930762,2025-07-30 18:05:29+00:00,58,False,0.5062098503112793,sentence-transformers/all-mpnet-base-v2,confirmatory,True,False
1950631959639814302,CRM,True,"fomc(ALL, 2025-07-30 18:00:00+00:00->2025-07-30 20:00:00+00:00)",14,partial,False,-0.0015676496355873,0.0008118347569173,10.0,0.0006410824724233,0.000325872857022,3605.0,0.0010032330003726,0.5239843724769028,76.8377253814147,False,22330739,2025-07-30 18:57:54+00:00,36,False,0.267861545085907,sentence-transformers/all-mpnet-base-v2,confirmatory,True,False
1950648173091045465,QCOM,True,"earnings(QCOM, 2025-07-30 20:00:00+00:00->2025-07-31 20:00:00+00:00)",1,insufficient,False,,,13.0,,,,,,,False,234930762,2025-07-30 20:02:20+00:00,58,False,0.1525999307632446,sentence-transformers/all-mpnet-base-v2,confirmatory,True,False
1950662709688909911,HOOD,True,"earnings(HOOD, 2025-07-30 20:00:00+00:00->2025-07-31 20:00:00+00:00)",15,complete,False,-0.0299539448160077,0.0048165453321077,0.0,0.0029116442658918,0.0011964742156813,12565.0,0.0044324270052405,1.5920953759384489,93.28292877039397,True,605700792,2025-07-30 21:00:06+00:00,84,False,0.3496197462081909,sentence-transformers/all-mpnet-base-v2,confirmatory,True,False
1950689581827084714,MSFT,True,"earnings(MSFT, 2025-07-30 20:00:00+00:00->2025-07-31 20:00:00+00:00)",15,complete,False,0.0508307906580891,0.0027823045736919,0.0,0.0009394249546098,0.0004120387512163,14653.0,0.0014739637379442,4.472588108866122,99.67242202961852,True,20571756,2025-07-30 22:46:53+00:00,100,False,0.575188159942627,sentence-transformers/all-mpnet-base-v2,null_baseline,True,False
1950689583773200501,MSFT,True,"earnings(MSFT, 2025-07-30 20:00:00+00:00->2025-07-31 20:00:00+00:00)",15,complete,False,0.0508307906580891,0.0027823045736919,0.0,0.0009394249546098,0.0004120387512163,14653.0,0.0014739637379442,4.472588108866122,99.67242202961852,True,20571756,2025-07-30 22:46:53+00:00,100,False,0.52763831615448,sentence-transformers/all-mpnet-base-v2,null_baseline,True,False
1950689585375420499,MSFT,True,"earnings(MSFT, 2025-07-30 20:00:00+00:00->2025-07-31 20:00:00+00:00)",15,complete,False,0.0508307906580891,0.0027823045736919,0.0,0.0009394249546098,0.0004120387512163,14653.0,0.0014739637379442,4.472588108866122,99.67242202961852,True,20571756,2025-07-30 22:46:53+00:00,100,False,0.5066828727722168,sentence-transformers/all-mpnet-base-v2,null_baseline,True,False
1950689586856022192,MSFT,True,"earnings(MSFT, 2025-07-30 20:00:00+00:00->2025-07-31 20:00:00+00:00)",15,complete,False,0.0508307906580891,0.0027823045736919,0.0,0.0009394249546098,0.0004120387512163,14653.0,0.0014739637379442,4.472588108866122,99.67242202961852,True,20571756,2025-07-30 22:46:54+00:00,103,False,0.3653932213783264,sentence-transformers/all-mpnet-base-v2,null_baseline,True,False
1950689588185583920,MSFT,True,"earnings(MSFT, 2025-07-30 20:00:00+00:00->2025-07-31 20:00:00+00:00)",15,complete,False,0.0508307906580891,0.0027823045736919,0.0,0.0009394249546098,0.0004120387512163,14653.0,0.0014739637379442,4.472588108866122,99.67242202961852,True,20571756,2025-07-30 22:46:54+00:00,103,False,0.6265374422073364,sentence-transformers/all-mpnet-base-v2,null_baseline,True,False
1950929498356031608,HOOD,True,"earnings(HOOD, 2025-07-30 20:00:00+00:00->2025-07-31 20:00:00+00:00)",15,complete,False,0.0009157237440653,0.0028594241789639,2.0,0.0017976262622637,0.0007520228178971,12117.0,0.0026688411880296,1.4119224728702735,92.52290170834364,True,605700792,2025-07-31 14:40:13+00:00,85,False,0.5208496451377869,sentence-transformers/all-mpnet-base-v2,confirmatory,True,False
1950943213889712149,BOX,False,,8,partial,True,-0.002443786227959,0.000742323088809,4.0,0.0009576938331044,0.0005641838163725,206.0,0.0015407005801061,-0.381738607250731,40.77669902912621,False,914061,2025-07-31 15:34:43+00:00,343,False,0.6772386431694031,sentence-transformers/all-mpnet-base-v2,confirmatory,True,True
1950965166507708428,BOX,False,,4,insufficient,False,-0.0002276334667878,0.0006953388220387,6.0,0.0008828791634215,0.0002489084372389,101.0,0.0011867096342035,-0.7534511222808592,16.831683168316832,False,914061,2025-07-31 17:01:57+00:00,344,False,0.6584240794181824,sentence-transformers/all-mpnet-base-v2,confirmatory,True,False
1950990432294588819,QCOM,True,"earnings(QCOM, 2025-07-30 20:00:00+00:00->2025-07-31 20:00:00+00:00)",14,partial,False,-0.002169330389921,0.0005220046087557,10.0,0.0008381018115482,0.0007442819782589,4975.0,0.0014326202346469,-0.4247008687916273,32.1608040201005,False,234930762,2025-07-31 18:42:21+00:00,58,False,0.3165900707244873,sentence-transformers/all-mpnet-base-v2,confirmatory,True,False
1951119978209615893,BOX,True,"jobs_report(ALL, 2025-08-01 12:30:00+00:00->2025-08-01 20:00:00+00:00)",9,partial,False,0.0098143217763112,0.0011018676299082,0.0,0.0023659974273463,0.00134124926425,472.0,0.0040409491025227,-0.9425017639393868,5.084745762711865,False,914061,2025-08-01 03:17:07+00:00,343,False,0.1750804185867309,sentence-transformers/all-mpnet-base-v2,confirmatory,True,False
1951356948118446546,HOOD,True,"jobs_report(ALL, 2025-08-01 12:30:00+00:00->2025-08-01 20:00:00+00:00)",15,complete,False,0.0003445021766521,0.0014813541523506,10.0,0.0011485242329436,0.0005914157179625,9496.0,0.0018497083075648,0.5627681329700572,79.46503791069924,False,605700792,2025-08-01 18:58:45+00:00,86,False,0.5420464277267456,sentence-transformers/all-mpnet-base-v2,confirmatory,True,False
1951411721517584438,HOOD,False,,15,complete,True,-0.0072241580860852,0.0074056176147003,0.0,0.0029116442658918,0.0011964742156813,12565.0,0.0044324270052405,3.7560135353600135,99.15638678869875,True,605700792,2025-08-01 22:36:24+00:00,87,False,0.3399910926818847,sentence-transformers/all-mpnet-base-v2,confirmatory,True,True
1951439420957339828,HOOD,False,,15,complete,True,-0.0072241580860852,0.0074056176147003,0.0,0.0029116442658918,0.0011964742156813,12565.0,0.0044324270052405,3.7560135353600135,99.15638678869875,True,605700792,2025-08-02 00:26:28+00:00,88,False,0.5117861032485962,sentence-transformers/all-mpnet-base-v2,confirmatory,True,True
1951456743613145565,HOOD,False,,15,complete,True,-0.0072241580860852,0.0074056176147003,0.0,0.0029116442658918,0.0011964742156813,12565.0,0.0044324270052405,3.7560135353600135,99.15638678869875,True,605700792,2025-08-02 01:35:18+00:00,89,False,0.6647322177886963,sentence-transformers/all-mpnet-base-v2,confirmatory,True,True
1951477125980287293,BOX,False,,8,partial,True,-0.0128062212695757,0.0022157602145423,0.0,0.0023659974273463,0.00134124926425,472.0,0.0040409491025227,-0.1120128948499678,60.80508474576271,False,914061,2025-08-02 02:56:18+00:00,342,False,0.2305699586868286,sentence-transformers/all-mpnet-base-v2,confirmatory,True,True
1951666669010751594,BOX,False,,8,partial,True,-0.0128062212695757,0.0022157602145423,0.0,0.0023659974273463,0.00134124926425,472.0,0.0040409491025227,-0.1120128948499678,60.80508474576271,False,914061,2025-08-02 15:29:28+00:00,342,False,0.3016209006309509,sentence-transformers/all-mpnet-base-v2,confirmatory,True,True
1951798756468564359,BOX,False,,8,partial,True,-0.0128062212695757,0.0022157602145423,0.0,0.0023659974273463,0.00134124926425,472.0,0.0040409491025227,-0.1120128948499678,60.80508474576271,False,914061,2025-08-03 00:14:20+00:00,343,False,0.3128442764282226,sentence-transformers/all-mpnet-base-v2,confirmatory,True,True
1952053109666250874,BOX,False,,8,partial,True,-0.0128062212695757,0.0022157602145423,0.0,0.0023659974273463,0.00134124926425,472.0,0.0040409491025227,-0.1120128948499678,60.80508474576271,False,914061,2025-08-03 17:05:03+00:00,342,False,0.1186696290969848,sentence-transformers/all-mpnet-base-v2,confirmatory,True,True
1952110754276200929,BOX,False,,8,partial,True,-0.0128062212695757,0.0022157602145423,0.0,0.0023659974273463,0.00134124926425,472.0,0.0040409491025227,-0.1120128948499678,60.80508474576271,False,914061,2025-08-03 20:54:06+00:00,342,False,0.2612494826316833,sentence-transformers/all-mpnet-base-v2,confirmatory,True,True
1952500405210173516,BOX,False,,6,insufficient,False,0.0032736340187806,0.001873021642004,0.0,0.0023659974273463,0.00134124926425,472.0,0.0040409491025227,-0.3675497153900917,51.483050847457626,False,914061,2025-08-04 22:42:26+00:00,340,False,0.3448352813720703,sentence-transformers/all-mpnet-base-v2,confirmatory,True,False
1952509357523964091,CRM,False,,14,partial,True,-0.0034601762682255,0.0013567761856748,0.0,0.0016535633785195,0.0007536210791284,7739.0,0.0026949740567718,-0.3938148773491807,41.24563897144334,False,22330739,2025-08-04 23:18:01+00:00,37,False,0.6902366876602173,sentence-transformers/all-mpnet-base-v2,confirmatory,True,True
1952530191676539031,MSFT,False,,15,complete,True,-0.0011941494692937,0.0008773183208554,0.0,0.0009394249546098,0.0004120387512163,14653.0,0.0014739637379442,-0.1507300795641614,53.19047294069473,False,20571756,2025-08-05 00:40:48+00:00,105,False,0.8157812356948853,sentence-transformers/all-mpnet-base-v2,null_baseline,True,False
1952600861089452148,BOX,False,,6,insufficient,False,0.0032736340187806,0.001873021642004,0.0,0.0023659974273463,0.00134124926425,472.0,0.0040409491025227,-0.3675497153900917,51.483050847457626,False,914061,2025-08-05 05:21:37+00:00,340,False,0.3140959739685058,sentence-transformers/all-mpnet-base-v2,confirmatory,True,False
1952780903086018699,BOX,False,,10,partial,True,-0.0037016187573546,0.0007646932203944,7.0,0.0010747703904457,0.0006370892637828,158.0,0.0018873071630307,-0.4867091437236496,39.24050632911392,False,914061,2025-08-05 17:17:02+00:00,341,False,0.3512809872627258,sentence-transformers/all-mpnet-base-v2,confirmatory,True,True
1952857455417016391,BOX,False,,7,insufficient,False,0.0061482333564353,0.001517427732441,0.0,0.0023659974273463,0.00134124926425,472.0,0.0040409491025227,-0.6326711354281906,26.69491525423729,False,914061,2025-08-05 22:21:14+00:00,341,False,0.3537582755088806,sentence-transformers/all-mpnet-base-v2,confirmatory,True,False
1952878078050615413,MSFT,False,,14,partial,True,-0.0020373914835685,0.0007231109134485,0.0,0.0009394249546098,0.0004120387512163,14653.0,0.0014739637379442,-0.5249847023435587,33.29693578106872,False,20571756,2025-08-05 23:43:11+00:00,104,False,0.4825289249420166,sentence-transformers/all-mpnet-base-v2,null_baseline,True,False
1952902698942251181,HOOD,False,,1,insufficient,False,-0.0085172963055656,,,,,,,,,False,605700792,2025-08-06 01:21:01+00:00,90,False,0.6362769603729248,sentence-transformers/all-mpnet-base-v2,confirmatory,True,False
1952902953180012986,HOOD,False,,1,insufficient,False,-0.0085172963055656,,,,,,,,,False,605700792,2025-08-06 01:22:01+00:00,91,False,0.6243069171905518,sentence-transformers/all-mpnet-base-v2,confirmatory,True,False
1953225396822163885,BOX,False,,7,insufficient,False,-0.0037764776325981,0.0029964719256473,0.0,0.0023659974273463,0.00134124926425,472.0,0.0040409491025227,0.4700651214548865,78.38983050847457,False,914061,2025-08-06 22:43:18+00:00,340,False,0.2520779371261596,sentence-transformers/all-mpnet-base-v2,confirmatory,True,False
1953229588064251976,HOOD,False,,2,insufficient,False,0.0109628380179953,0.0,,,,,,,,False,605700792,2025-08-06 22:59:57+00:00,92,False,0.3354814648628235,sentence-transformers/all-mpnet-base-v2,confirmatory,True,False
1953505866122236089,BOX,False,,14,partial,True,0.0001955863280718,0.0005001488111241,7.0,0.0010747703904457,0.0006370892637828,158.0,0.0018873071630307,-0.9019483014195476,13.291139240506327,False,914061,2025-08-07 17:17:47+00:00,341,False,0.5596342086791992,sentence-transformers/all-mpnet-base-v2,confirmatory,True,True
1953511338917200071,MSFT,False,,12,partial,True,-0.0004493869356265,0.0004518970092792,8.0,0.0004359674633041,0.0002723261052547,8669.0,0.0006549754573286,0.0584943773943981,66.32829622793864,False,20571756,2025-08-07 17:39:32+00:00,105,False,0.3496215343475342,sentence-transformers/all-mpnet-base-v2,null_baseline,True,False
1953626050757537961,BOX,False,,6,insufficient,False,0.0007851769342444,0.0015000695717806,0.0,0.0023659974273463,0.00134124926425,472.0,0.0040409491025227,-0.645612921211851,26.27118644067797,False,914061,2025-08-08 01:15:21+00:00,340,False,0.4495398998260498,sentence-transformers/all-mpnet-base-v2,confirmatory,True,False
1953652673770602999,CRM,False,,15,complete,True,-0.0025604721887155,0.0016612837654834,0.0,0.0016535633785195,0.0007536210791284,7739.0,0.0026949740567718,0.0102443882975953,59.72347848559245,False,22330739,2025-08-08 03:01:09+00:00,38,False,0.6092659831047058,sentence-transformers/all-mpnet-base-v2,confirmatory,True,True
1953670264988016931,BOX,False,,6,insufficient,False,0.0007851769342444,0.0015000695717806,0.0,0.0023659974273463,0.00134124926425,472.0,0.0040409491025227,-0.645612921211851,26.27118644067797,False,914061,2025-08-08 04:11:03+00:00,341,False,0.5756425261497498,sentence-transformers/all-mpnet-base-v2,confirmatory,True,False
1953829804899217765,QCOM,False,,10,partial,True,0.0002210096142157,0.0003584988726282,2.0,0.0011865487468786,0.000799503699653,7176.0,0.0022010986042174,-1.0357048686700905,0.5852842809364548,False,234930762,2025-08-08 14:45:00+00:00,58,False,0.4622921943664551,sentence-transformers/all-mpnet-base-v2,confirmatory,True,True
1953843512270614571,HOOD,False,,15,complete,True,-0.0039240094315065,0.000967862332238,4.0,0.0013876350240362,0.0005670153025844,10096.0,0.002103771143176,-0.7403198641815775,22.41481774960381,False,605700792,2025-08-08 15:39:28+00:00,93,False,0.4698714017868042,sentence-transformers/all-mpnet-base-v2,confirmatory,True,True
1953920948668969248,BOX,False,,7,insufficient,False,-0.0032448250463391,0.0017112418582206,0.0,0.0023659974273463,0.00134124926425,472.0,0.0040409491025227,-0.4881684460731513,40.88983050847458,False,914061,2025-08-08 20:47:10+00:00,341,False,0.493961751461029,sentence-transformers/all-mpnet-base-v2,confirmatory,True,False
1953956848178192586,BOX,False,,7,insufficient,False,-0.0032448250463391,0.0017112418582206,0.0,0.0023659974273463,0.00134124926425,472.0,0.0040409491025227,-0.4881684460731513,40.88983050847458,False,914061,2025-08-08 23:09:50+00:00,342,False,0.5440120697021484,sentence-transformers/all-mpnet-base-v2,confirmatory,True,False
1954189762505371883,HOOD,False,,6,insufficient,False,0.0018295170538342,0.004677597869928,,,,,,,,False,605700792,2025-08-09 14:35:21+00:00,94,False,0.4560288190841675,sentence-transformers/all-mpnet-base-v2,confirmatory,True,False
1954201490991861783,BOX,False,,7,insufficient,False,-0.0032448250463391,0.0017112418582206,0.0,0.0023659974273463,0.00134124926425,472.0,0.0040409491025227,-0.4881684460731513,40.88983050847458,False,914061,2025-08-09 15:21:57+00:00,342,False,0.5343242287635803,sentence-transformers/all-mpnet-base-v2,confirmatory,True,False
1954309317202747616,BOX,False,,7,insufficient,False,-0.0032448250463391,0.0017112418582206,0.0,0.0023659974273463,0.00134124926425,472.0,0.0040409491025227,-0.4881684460731513,40.88983050847458,False,914061,2025-08-09 22:30:25+00:00,343,False,0.4109125733375549,sentence-transformers/all-mpnet-base-v2,confirmatory,True,False
1954342551668023655,BOX,False,,7,insufficient,False,-0.0032448250463391,0.0017112418582206,0.0,0.0023659974273463,0.00134124926425,472.0,0.0040409491025227,-0.4881684460731513,40.88983050847458,False,914061,2025-08-10 00:42:28+00:00,344,False,0.4011867642402649,sentence-transformers/all-mpnet-base-v2,confirmatory,True,False
1954668252950589643,BOX,False,,7,insufficient,False,-0.0032448250463391,0.0017112418582206,0.0,0.0023659974273463,0.00134124926425,472.0,0.0040409491025227,-0.4881684460731513,40.88983050847458,False,914061,2025-08-10 22:16:42+00:00,340,False,0.2496730089187622,sentence-transformers/all-mpnet-base-v2,confirmatory,True,False
1954731387640320012,BOX,False,,7,insufficient,False,-0.0032448250463391,0.0017112418582206,0.0,0.0023659974273463,0.00134124926425,472.0,0.0040409491025227,-0.4881684460731513,40.88983050847458,False,914061,2025-08-11 02:27:34+00:00,340,False,0.2770980596542358,sentence-transformers/all-mpnet-base-v2,confirmatory,True,False
1955038477361484203,BOX,True,"cpi(ALL, 2025-08-12 12:30:00+00:00->2025-08-12 20:00:00+00:00)",9,partial,False,-0.0046400154933097,0.0018320892550292,0.0,0.0023659974273463,0.00134124926425,472.0,0.0040409491025227,-0.3980678212081612,49.36440677966102,False,914061,2025-08-11 22:47:50+00:00,339,False,0.3039531707763672,sentence-transformers/all-mpnet-base-v2,confirmatory,True,False
1955485403177505020,BOX,False,,5,insufficient,False,0.0014933482489716,0.0019370883880862,0.0,0.0023659974273463,0.00134124926425,472.0,0.0040409491025227,-0.3197832429007453,53.60169491525424,False,914061,2025-08-13 04:23:45+00:00,337,False,0.4011250734329223,sentence-transformers/all-mpnet-base-v2,confirmatory,True,False
1955761344390815995,HOOD,False,,2,insufficient,False,-0.0091346831299226,0.0,,,,,,,,False,605700792,2025-08-13 22:40:15+00:00,95,False,0.5876802206039429,sentence-transformers/all-mpnet-base-v2,confirmatory,True,False
1955781532330942777,HOOD,False,,2,insufficient,False,-0.0091346831299226,0.0,,,,,,,,False,605700792,2025-08-14 00:00:28+00:00,96,False,0.6487382650375366,sentence-transformers/all-mpnet-base-v2,confirmatory,True,False
1955828224682025020,BOX,False,,7,insufficient,False,-0.0085206665150802,0.0021880426211039,0.0,0.0023659974273463,0.00134124926425,472.0,0.0040409491025227,-0.1326783998959664,60.381355932203384,False,914061,2025-08-14 03:06:00+00:00,335,False,0.5493860840797424,sentence-transformers/all-mpnet-base-v2,confirmatory,True,False
1956021327862882806,BOX,False,,3,insufficient,False,-0.0002353908155975,0.0010429589661491,4.0,0.0009576938331044,0.0005641838163725,206.0,0.0015407005801061,0.1511300582722647,71.84466019417476,False,914061,2025-08-14 15:53:20+00:00,335,False,0.3688677549362182,sentence-transformers/all-mpnet-base-v2,confirmatory,True,False
1956034935988609253,QCOM,False,,12,partial,True,-0.0004907509713492,0.0004816740365489,6.0,0.0008811222698987,0.0005506822930134,3296.0,0.0015689675970311,-0.7253696703482568,22.208737864077673,False,234930762,2025-08-14 16:47:24+00:00,58,False,0.3244781494140625,sentence-transformers/all-mpnet-base-v2,confirmatory,True,True
1956036819864445221,HOOD,False,,15,complete,True,0.0003444646342272,0.0007626887254902,6.0,0.0013312371582174,0.0007325749655066,8487.0,0.0020897515683504,-0.7760959075826334,12.819606456934135,False,605700792,2025-08-14 16:54:53+00:00,97,False,0.4279049634933471,sentence-transformers/all-mpnet-base-v2,confirmatory,True,True
1956116274158952918,HOOD,False,,1,insufficient,False,,,,,,,,,,False,605700792,2025-08-14 22:10:37+00:00,98,False,0.5590250492095947,sentence-transformers/all-mpnet-base-v2,confirmatory,True,False
1956133244480713057,QCOM,False,,12,partial,True,0.0068665017096585,0.002648892001864,0.0,0.0017823192627403,0.0010698256208132,8499.0,0.0032347960452871,0.8100130734062645,82.58618661018944,False,234930762,2025-08-14 23:18:03+00:00,59,False,0.2867237329483032,sentence-transformers/all-mpnet-base-v2,confirmatory,True,True
1956189037435478277,BOX,False,,8,partial,True,0.0097379755307303,0.0012533903144623,0.0,0.0023659974273463,0.00134124926425,472.0,0.0040409491025227,-0.8295304553296737,9.745762711864408,False,914061,2025-08-15 02:59:45+00:00,334,False,0.2143354415893554,sentence-transformers/all-mpnet-base-v2,confirmatory,True,True
1956353250044915839,QCOM,False,,10,partial,True,-0.0039553304591563,0.001014743513583,0.0,0.0017823192627403,0.0010698256208132,8499.0,0.0032347960452871,-0.7174774413924973,22.002588539828217,False,234930762,2025-08-15 13:52:16+00:00,60,False,0.282154381275177,sentence-transformers/all-mpnet-base-v2,confirmatory,True,True
1956474493112930778,HOOD,False,,15,complete,True,-0.0163183393331859,0.0036422763409945,0.0,0.0029116442658918,0.0011964742156813,12565.0,0.0044324270052405,0.6106542585931222,79.1484281734978,False,605700792,2025-08-15 21:54:03+00:00,99,False,0.6975183486938477,sentence-transformers/all-mpnet-base-v2,confirmatory,True,True
1956506467789660377,BOX,False,,6,insufficient,False,0.0007154228936041,0.0020737020333972,0.0,0.0023659974273463,0.00134124926425,472.0,0.0040409491025227,-0.2179277198802461,57.6271186440678,False,914061,2025-08-16 00:01:06+00:00,333,False,0.2320911884307861,sentence-transformers/all-mpnet-base-v2,confirmatory,True,False
1956763646836838492,BOX,False,,6,insufficient,False,0.0007154228936041,0.0020737020333972,0.0,0.0023659974273463,0.00134124926425,472.0,0.0040409491025227,-0.2179277198802461,57.6271186440678,False,914061,2025-08-16 17:03:02+00:00,331,False,0.4046071171760559,sentence-transformers/all-mpnet-base-v2,confirmatory,True,False
1957161995297501611,BOX,False,,6,insufficient,False,0.0007154228936041,0.0020737020333972,0.0,0.0023659974273463,0.00134124926425,472.0,0.0040409491025227,-0.2179277198802461,57.6271186440678,False,914061,2025-08-17 19:25:56+00:00,326,False,0.1717368364334106,sentence-transformers/all-mpnet-base-v2,confirmatory,True,False
1957264955432223123,BOX,False,,6,insufficient,False,0.0007154228936041,0.0020737020333972,0.0,0.0023659974273463,0.00134124926425,472.0,0.0040409491025227,-0.2179277198802461,57.6271186440678,False,914061,2025-08-18 02:15:04+00:00,326,False,0.2473170757293701,sentence-transformers/all-mpnet-base-v2,confirmatory,True,False
1957445998701125665,MSFT,False,,13,partial,True,-0.0015830294228847,0.0006048885958931,1.0,0.0007149928506676,0.0003994200585477,13614.0,0.0010838534439855,-0.2756603040289008,44.12369619509329,False,20571756,2025-08-18 14:14:28+00:00,106,False,0.5877008438110352,sentence-transformers/all-mpnet-base-v2,null_baseline,True,False
1957493248718680571,MSFT,False,,11,partial,True,-0.0007948346794628,0.0005508447876894,7.0,0.0004485307556491,0.0004097469845394,8216.0,0.0006639670621169,0.2497005125132456,79.55209347614411,False,20571756,2025-08-18 17:22:13+00:00,103,False,0.5451560616493225,sentence-transformers/all-mpnet-base-v2,null_baseline,True,False
1957493298672857197,MSFT,False,,11,partial,True,-0.0007948346794628,0.0005508447876894,7.0,0.0004485307556491,0.0004097469845394,8216.0,0.0006639670621169,0.2497005125132456,79.55209347614411,False,20571756,2025-08-18 17:22:25+00:00,104,False,0.6758815050125122,sentence-transformers/all-mpnet-base-v2,null_baseline,True,False
1957521317085012138,HOOD,False,,14,partial,True,0.0025491561091297,0.0007535875930441,11.0,0.0011052161091722,0.0005247132447824,10594.0,0.00171155371555,-0.670134629961466,24.268453841797243,False,605700792,2025-08-18 19:13:45+00:00,100,False,0.4379905462265014,sentence-transformers/all-mpnet-base-v2,confirmatory,True,True
1957538650717319442,HOOD,False,,2,insufficient,False,,0.0,,,,,,,,False,605700792,2025-08-18 20:22:38+00:00,101,False,0.5761795043945312,sentence-transformers/all-mpnet-base-v2,confirmatory,True,False
1957642363280801886,BOX,False,,5,insufficient,False,0.0033714333478623,0.0004727884387639,0.0,0.0023659974273463,0.00134124926425,472.0,0.0040409491025227,-1.411526581258511,0.0,False,914061,2025-08-19 03:14:45+00:00,326,False,0.2338954806327819,sentence-transformers/all-mpnet-base-v2,confirmatory,True,False
1957854649496867056,BOX,False,,8,partial,True,-0.0018001101064437,0.0006508228847402,7.0,0.0010747703904457,0.0006370892637828,158.0,0.0018873071630307,-0.6654444358208453,28.48101265822785,False,914061,2025-08-19 17:18:18+00:00,325,False,0.4166681170463562,sentence-transformers/all-mpnet-base-v2,confirmatory,True,True
1957930074315059245,CRM,False,,13,partial,True,0.0028209851232311,0.0013896908447509,0.0,0.0016535633785195,0.0007536210791284,7739.0,0.0026949740567718,-0.35013953441135,43.41646207520352,False,22330739,2025-08-19 22:18:00+00:00,39,False,0.4802523851394653,sentence-transformers/all-mpnet-base-v2,confirmatory,True,True
1957955147491078402,QCOM,False,,13,partial,True,-0.0003237033670933,0.0013935055236012,0.0,0.0017823192627403,0.0010698256208132,8499.0,0.0032347960452871,-0.3634365559907933,48.193905165313566,False,234930762,2025-08-19 23:57:38+00:00,61,False,0.2978469729423523,sentence-transformers/all-mpnet-base-v2,confirmatory,True,True
1957962344153448699,BOX,False,,5,insufficient,False,-0.0019249445164366,0.0021835141905975,0.0,0.0023659974273463,0.00134124926425,472.0,0.0040409491025227,-0.1360546779876787,60.381355932203384,False,914061,2025-08-20 00:26:14+00:00,326,False,0.1601873636245727,sentence-transformers/all-mpnet-base-v2,confirmatory,True,False
1958004814819762675,QCOM,False,,13,partial,True,-0.0003237033670933,0.0013935055236012,0.0,0.0017823192627403,0.0010698256208132,8499.0,0.0032347960452871,-0.3634365559907933,48.193905165313566,False,234930762,2025-08-20 03:15:00+00:00,62,False,0.2025395631790161,sentence-transformers/all-mpnet-base-v2,confirmatory,True,True
1958042956751118410,HOOD,False,,1,insufficient,False,,,,,,,,,,False,605700792,2025-08-20 05:46:34+00:00,102,False,0.6314284205436707,sentence-transformers/all-mpnet-base-v2,confirmatory,True,False
1958163571772375401,MSFT,False,,15,complete,True,-0.0009103143426631,0.0010597882982522,0.0,0.0009394249546098,0.0004120387512163,14653.0,0.0014739637379442,0.2921165625492691,70.43608817307036,False,20571756,2025-08-20 13:45:51+00:00,104,False,0.3450102210044861,sentence-transformers/all-mpnet-base-v2,null_baseline,True,False
1958199677649838125,HOOD,False,,15,complete,True,0.0044895443051551,0.0016498309606797,5.0,0.0013306769934939,0.0005685696276222,9339.0,0.0020352058338232,0.5613278509449741,77.7278081165007,False,605700792,2025-08-20 16:09:19+00:00,103,False,0.5493748784065247,sentence-transformers/all-mpnet-base-v2,confirmatory,True,True
1958223023095599110,HOOD,False,,15,complete,True,-0.0020951090237766,0.0009569197615777,8.0,0.001213082701226,0.0006543315496727,8409.0,0.0018807725151064,-0.391487984610278,39.30312760137947,False,605700792,2025-08-20 17:42:05+00:00,104,False,0.50630784034729,sentence-transformers/all-mpnet-base-v2,confirmatory,True,True
1958312148935008369,BOX,False,,8,partial,True,-0.0015301027178771,0.0021792854471427,0.0,0.0023659974273463,0.00134124926425,472.0,0.0040409491025227,-0.1392075173349638,60.381355932203384,False,914061,2025-08-20 23:36:14+00:00,325,False,0.3205714821815491,sentence-transformers/all-mpnet-base-v2,confirmatory,True,True
1958330597895758181,CRM,False,,13,partial,True,-0.017950528073678,0.0014031983456925,0.0,0.0016535633785195,0.0007536210791284,7739.0,0.0026949740567718,-0.3322160695353115,44.127148210363096,False,22330739,2025-08-21 00:49:33+00:00,40,False,0.8023945093154907,sentence-transformers/all-mpnet-base-v2,confirmatory,True,True
1958358881694056560,CRM,False,,13,partial,True,-0.017950528073678,0.0014031983456925,0.0,0.0016535633785195,0.0007536210791284,7739.0,0.0026949740567718,-0.3322160695353115,44.127148210363096,False,22330739,2025-08-21 02:41:56+00:00,41,False,0.4319455027580261,sentence-transformers/all-mpnet-base-v2,confirmatory,True,True
1958651099889770597,QCOM,False,,11,partial,True,0.0051848804754046,0.0006411819715079,0.0,0.0017823192627403,0.0010698256208132,8499.0,0.0032347960452871,-1.0666572841701525,1.717849158724556,False,234930762,2025-08-21 22:03:06+00:00,63,False,0.2275981903076172,sentence-transformers/all-mpnet-base-v2,confirmatory,True,True
1958994061970612720,HOOD,False,,1,insufficient,False,-0.0103963537661877,,,,,,,,,False,605700792,2025-08-22 20:45:55+00:00,105,False,0.4849946498870849,sentence-transformers/all-mpnet-base-v2,confirmatory,True,False
1958994577899364843,HOOD,False,,1,insufficient,False,-0.0103963537661877,,,,,,,,,False,605700792,2025-08-22 20:47:58+00:00,106,False,0.4914892911911011,sentence-transformers/all-mpnet-base-v2,confirmatory,True,False
1959018525785563219,QCOM,False,,13,partial,True,-0.0086742858542918,0.0019016978402629,0.0,0.0017823192627403,0.0010698256208132,8499.0,0.0032347960452871,0.1115869494992016,69.23167431462525,False,234930762,2025-08-22 22:23:08+00:00,64,False,0.4581450223922729,sentence-transformers/all-mpnet-base-v2,confirmatory,True,True
1959098026213220801,BOX,False,,9,partial,True,-0.0056275804125032,0.001381078383966,0.0,0.0023659974273463,0.00134124926425,472.0,0.0040409491025227,-0.7343296057135135,17.584745762711865,False,914061,2025-08-23 03:39:02+00:00,321,False,0.2245770692825317,sentence-transformers/all-mpnet-base-v2,confirmatory,True,True
1959660079722246546,BOX,False,,9,partial,True,-0.0056275804125032,0.001381078383966,0.0,0.0023659974273463,0.00134124926425,472.0,0.0040409491025227,-0.7343296057135135,17.584745762711865,False,914061,2025-08-24 16:52:26+00:00,318,False,0.3593320846557617,sentence-transformers/all-mpnet-base-v2,confirmatory,True,True
1959688404943421751,CRM,False,,15,complete,True,0.0030054104561536,0.0012626228793274,0.0,0.0016535633785195,0.0007536210791284,7739.0,0.0026949740567718,-0.5187494219831048,35.13373820907094,False,22330739,2025-08-24 18:44:59+00:00,42,False,0.6786787509918213,sentence-transformers/all-mpnet-base-v2,confirmatory,True,True
1959787184950788224,BOX,False,,9,partial,True,-0.0056275804125032,0.001381078383966,0.0,0.0023659974273463,0.00134124926425,472.0,0.0040409491025227,-0.7343296057135135,17.584745762711865,False,914061,2025-08-25 01:17:30+00:00,319,False,0.2247270345687866,sentence-transformers/all-mpnet-base-v2,confirmatory,True,True
1960070316111372735,BOX,False,,11,partial,True,0.0028952657919792,0.0012245922843935,0.0,0.0023659974273463,0.00134124926425,472.0,0.0040409491025227,-0.8510015053696677,8.050847457627118,False,914061,2025-08-25 20:02:34+00:00,319,False,0.3385673761367798,sentence-transformers/all-mpnet-base-v2,confirmatory,True,True
1960082176273494030,HOOD,False,,15,complete,True,-0.0120902625411984,0.0032190741509293,0.0,0.0029116442658918,0.0011964742156813,12565.0,0.0044324270052405,0.2569465192046816,69.07282132908874,False,605700792,2025-08-25 20:49:42+00:00,107,False,0.4649995565414428,sentence-transformers/all-mpnet-base-v2,confirmatory,True,True
1960196953788305568,BOX,False,,11,partial,True,0.0028952657919792,0.0012245922843935,0.0,0.0023659974273463,0.00134124926425,472.0,0.0040409491025227,-0.8510015053696677,8.050847457627118,False,914061,2025-08-26 04:25:47+00:00,316,False,0.2429982423782348,sentence-transformers/all-mpnet-base-v2,confirmatory,True,True
1960483226373513447,BOX,True,"earnings(BOX, 2025-08-26 20:00:00+00:00->2025-08-27 20:00:00+00:00)",14,partial,False,0.0327639845443834,0.0137493484837995,0.0,0.0023659974273463,0.00134124926425,472.0,0.0040409491025227,8.487125666993727,100.0,True,914061,2025-08-26 23:23:19+00:00,315,False,0.7848672866821289,sentence-transformers/all-mpnet-base-v2,confirmatory,True,False
1960491295354638519,QCOM,False,,13,partial,True,-0.0022436156854471,0.001757587496327,0.0,0.0017823192627403,0.0010698256208132,8499.0,0.0032347960452871,-0.0231175678840462,64.4781739028121,False,234930762,2025-08-26 23:55:23+00:00,65,False,0.5798388123512268,sentence-transformers/all-mpnet-base-v2,confirmatory,True,True
1960504650119176647,HOOD,False,,15,complete,True,-0.0108408038302267,0.0024291264122922,0.0,0.0029116442658918,0.0011964742156813,12565.0,0.0044324270052405,-0.4032831190806764,40.20692399522483,False,605700792,2025-08-27 00:48:27+00:00,108,False,0.5557491183280945,sentence-transformers/all-mpnet-base-v2,confirmatory,True,True
1960517443094503609,CRM,False,,11,partial,True,0.0097684047709811,0.0016331623850301,0.0,0.0016535633785195,0.0007536210791284,7739.0,0.0026949740567718,-0.0270706248199294,58.23749838480424,False,22330739,2025-08-27 01:39:17+00:00,43,False,0.3335363864898681,sentence-transformers/all-mpnet-base-v2,confirmatory,True,True
1960789348133298359,MSFT,False,,15,complete,True,6.012666377919196e-05,0.0002270456772356,12.0,0.0005219968721894,0.0003165024684274,8336.0,0.000856845378084,-0.9319080398306292,6.801823416506718,False,20571756,2025-08-27 19:39:44+00:00,100,False,0.5153379440307617,sentence-transformers/all-mpnet-base-v2,null_baseline,True,False
1960789349886517650,MSFT,False,,15,complete,True,6.012666377919196e-05,0.0002270456772356,12.0,0.0005219968721894,0.0003165024684274,8336.0,0.000856845378084,-0.9319080398306292,6.801823416506718,False,20571756,2025-08-27 19:39:45+00:00,101,False,0.6614075899124146,sentence-transformers/all-mpnet-base-v2,null_baseline,True,False
1960789351509713245,MSFT,False,,15,complete,True,6.012666377919196e-05,0.0002270456772356,12.0,0.0005219968721894,0.0003165024684274,8336.0,0.000856845378084,-0.9319080398306292,6.801823416506718,False,20571756,2025-08-27 19:39:45+00:00,101,False,0.4679954648017883,sentence-transformers/all-mpnet-base-v2,null_baseline,True,False
1960789352994497023,MSFT,False,,15,complete,True,6.012666377919196e-05,0.0002270456772356,12.0,0.0005219968721894,0.0003165024684274,8336.0,0.000856845378084,-0.9319080398306292,6.801823416506718,False,20571756,2025-08-27 19:39:46+00:00,103,False,0.4976676702499389,sentence-transformers/all-mpnet-base-v2,null_baseline,True,False
1960789354579952116,MSFT,False,,15,complete,True,6.012666377919196e-05,0.0002270456772356,12.0,0.0005219968721894,0.0003165024684274,8336.0,0.000856845378084,-0.9319080398306292,6.801823416506718,False,20571756,2025-08-27 19:39:46+00:00,103,False,0.5646190643310547,sentence-transformers/all-mpnet-base-v2,null_baseline,True,False
1960789357042000311,MSFT,False,,15,complete,True,6.012666377919196e-05,0.0002270456772356,12.0,0.0005219968721894,0.0003165024684274,8336.0,0.000856845378084,-0.9319080398306292,6.801823416506718,False,20571756,2025-08-27 19:39:47+00:00,105,False,0.5592092275619507,sentence-transformers/all-mpnet-base-v2,null_baseline,True,False
1960789358996545694,MSFT,False,,15,complete,True,6.012666377919196e-05,0.0002270456772356,12.0,0.0005219968721894,0.0003165024684274,8336.0,0.000856845378084,-0.9319080398306292,6.801823416506718,False,20571756,2025-08-27 19:39:47+00:00,105,False,0.6969326734542847,sentence-transformers/all-mpnet-base-v2,null_baseline,True,False
1960792131171483796,HOOD,False,,9,partial,True,-0.0053306825771135,0.0009855568816919,12.0,0.0011519743389481,0.0005454108705395,7659.0,0.001734746168232,-0.3051231030498166,43.54354354354354,False,605700792,2025-08-27 19:50:48+00:00,109,False,0.4886717200279236,sentence-transformers/all-mpnet-base-v2,confirmatory,True,True
1960807122666709242,BOX,False,,9,partial,True,0.0033094424422308,0.0011884894082653,0.0,0.0023659974273463,0.00134124926425,472.0,0.0040409491025227,-0.8779188555524754,7.838983050847458,False,914061,2025-08-27 20:50:22+00:00,313,False,0.4614153504371643,sentence-transformers/all-mpnet-base-v2,confirmatory,True,True
1960852529287455070,BOX,False,,9,partial,True,0.0033094424422308,0.0011884894082653,0.0,0.0023659974273463,0.00134124926425,472.0,0.0040409491025227,-0.8779188555524754,7.838983050847458,False,914061,2025-08-27 23:50:48+00:00,314,False,0.3114738464355469,sentence-transformers/all-mpnet-base-v2,confirmatory,True,True
1960917609949618412,CRM,False,,14,partial,True,0.0058043897959625,0.0013313370045906,0.0,0.0016535633785195,0.0007536210791284,7739.0,0.0026949740567718,-0.4275708082656312,39.42369815221605,False,22330739,2025-08-28 04:09:24+00:00,44,False,0.3421652317047119,sentence-transformers/all-mpnet-base-v2,confirmatory,True,True
1960927979753889887,QCOM,False,,13,partial,True,0.0065816981353916,0.0009995103833112,0.0,0.0017823192627403,0.0010698256208132,8499.0,0.0032347960452871,-0.7317163322691861,20.81421343687493,False,234930762,2025-08-28 04:50:37+00:00,66,False,0.2730548977851867,sentence-transformers/all-mpnet-base-v2,confirmatory,True,True
1961046699407032321,QCOM,False,,13,partial,True,0.0065816981353916,0.0009995103833112,0.0,0.0017823192627403,0.0010698256208132,8499.0,0.0032347960452871,-0.7317163322691861,20.81421343687493,False,234930762,2025-08-28 12:42:22+00:00,67,False,0.2575123310089111,sentence-transformers/all-mpnet-base-v2,confirmatory,True,True
1961112921150546063,BOX,False,,10,partial,True,-0.0014395406498682,0.0002851214912738,7.0,0.0010747703904457,0.0006370892637828,158.0,0.0018873071630307,-1.239463516435956,0.0,False,914061,2025-08-28 17:05:30+00:00,314,False,0.5513554811477661,sentence-transformers/all-mpnet-base-v2,confirmatory,True,True
1961172848652997063,CRM,False,,15,complete,True,0.0124857141931105,0.0012361035587914,0.0,0.0016535633785195,0.0007536210791284,7739.0,0.0026949740567718,-0.5539386188758483,33.453934616875564,False,22330739,2025-08-28 21:03:38+00:00,45,False,0.4786595702171325,sentence-transformers/all-mpnet-base-v2,confirmatory,True,True
1961177427520131297,CRM,False,,15,complete,True,0.0124857141931105,0.0012361035587914,0.0,0.0016535633785195,0.0007536210791284,7739.0,0.0026949740567718,-0.5539386188758483,33.453934616875564,False,22330739,2025-08-28 21:21:50+00:00,46,False,0.3646168112754822,sentence-transformers/all-mpnet-base-v2,confirmatory,True,True
1961221243417629085,CRM,False,,15,complete,True,0.0124857141931105,0.0012361035587914,0.0,0.0016535633785195,0.0007536210791284,7739.0,0.0026949740567718,-0.5539386188758483,33.453934616875564,False,22330739,2025-08-29 00:15:56+00:00,47,False,0.2559363842010498,sentence-transformers/all-mpnet-base-v2,confirmatory,True,True
1961226167027208268,CRM,False,,15,complete,True,0.0124857141931105,0.0012361035587914,0.0,0.0016535633785195,0.0007536210791284,7739.0,0.0026949740567718,-0.5539386188758483,33.453934616875564,False,22330739,2025-08-29 00:35:30+00:00,48,False,0.8599128127098083,sentence-transformers/all-mpnet-base-v2,confirmatory,True,True
1961252992537268515,BOX,False,,6,insufficient,False,0.0038146031292107,0.0019601692519489,0.0,0.0023659974273463,0.00134124926425,472.0,0.0040409491025227,-0.3025747608699087,54.23728813559322,False,914061,2025-08-29 02:22:06+00:00,312,False,0.2174487113952636,sentence-transformers/all-mpnet-base-v2,confirmatory,True,False
1961287570299785320,HOOD,False,,1,insufficient,False,-0.0075904688446295,,,,,,,,,False,605700792,2025-08-29 04:39:30+00:00,110,False,0.6416990160942078,sentence-transformers/all-mpnet-base-v2,confirmatory,True,False
1961504387697893462,CRM,False,,14,partial,True,0.0020924113154181,0.0002027464901154,11.0,0.0005943274251067,0.0003034552892092,6130.0,0.000933667306711,-1.2904073480205072,0.9135399673735726,False,22330739,2025-08-29 19:01:03+00:00,49,False,0.4771645069122314,sentence-transformers/all-mpnet-base-v2,confirmatory,True,True
1961592190892982565,BOX,False,,9,partial,True,0.0156444533875951,0.0018648831893417,0.0,0.0023659974273463,0.00134124926425,472.0,0.0040409491025227,-0.3736175305824059,51.059322033898304,False,914061,2025-08-30 00:49:57+00:00,312,False,0.1884936094284057,sentence-transformers/all-mpnet-base-v2,confirmatory,True,True
1961600363481710805,HOOD,False,,15,complete,True,-0.025164281485141,0.0042106895619875,0.0,0.0029116442658918,0.0011964742156813,12565.0,0.0044324270052405,1.0857277817357285,87.3298846000796,False,605700792,2025-08-30 01:22:26+00:00,111,False,0.5874637961387634,sentence-transformers/all-mpnet-base-v2,confirmatory,True,True
1961844488445567067,BOX,False,,9,partial,True,0.0156444533875951,0.0018648831893417,0.0,0.0023659974273463,0.00134124926425,472.0,0.0040409491025227,-0.3736175305824059,51.059322033898304,False,914061,2025-08-30 17:32:30+00:00,312,False,0.4329205751419067,sentence-transformers/all-mpnet-base-v2,confirmatory,True,True
1961884479427080255,BOX,False,,9,partial,True,0.0156444533875951,0.0018648831893417,0.0,0.0023659974273463,0.00134124926425,472.0,0.0040409491025227,-0.3736175305824059,51.059322033898304,False,914061,2025-08-30 20:11:24+00:00,313,False,0.3537226915359497,sentence-transformers/all-mpnet-base-v2,confirmatory,True,True
1961900833928544628,HOOD,False,,15,complete,True,-0.025164281485141,0.0042106895619875,0.0,0.0029116442658918,0.0011964742156813,12565.0,0.0044324270052405,1.0857277817357285,87.3298846000796,False,605700792,2025-08-30 21:16:23+00:00,112,False,0.6411436200141907,sentence-transformers/all-mpnet-base-v2,confirmatory,True,True
1962295909892653208,BOX,False,,9,partial,True,0.0156444533875951,0.0018648831893417,0.0,0.0023659974273463,0.00134124926425,472.0,0.0040409491025227,-0.3736175305824059,51.059322033898304,False,914061,2025-08-31 23:26:17+00:00,312,False,0.3259812593460083,sentence-transformers/all-mpnet-base-v2,confirmatory,True,True
1962319895070458241,BOX,False,,9,partial,True,0.0156444533875951,0.0018648831893417,0.0,0.0023659974273463,0.00134124926425,472.0,0.0040409491025227,-0.3736175305824059,51.059322033898304,False,914061,2025-09-01 01:01:35+00:00,313,False,0.3294389247894287,sentence-transformers/all-mpnet-base-v2,confirmatory,True,True
1962319969783546322,BOX,False,,9,partial,True,0.0156444533875951,0.0018648831893417,0.0,0.0023659974273463,0.00134124926425,472.0,0.0040409491025227,-0.3736175305824059,51.059322033898304,False,914061,2025-09-01 01:01:53+00:00,314,False,0.8312735557556152,sentence-transformers/all-mpnet-base-v2,confirmatory,True,True
1962534722355241285,QCOM,False,,15,complete,True,-0.0186693397944917,0.0037328830401274,0.0,0.0017823192627403,0.0010698256208132,8499.0,0.0032347960452871,1.8232539391833391,93.23449817625604,True,234930762,2025-09-01 15:15:14+00:00,67,False,0.3969630002975464,sentence-transformers/all-mpnet-base-v2,confirmatory,True,True
1962582305526206625,BOX,False,,9,partial,True,0.0156444533875951,0.0018648831893417,0.0,0.0023659974273463,0.00134124926425,472.0,0.0040409491025227,-0.3736175305824059,51.059322033898304,False,914061,2025-09-01 18:24:19+00:00,314,False,0.3958462476730346,sentence-transformers/all-mpnet-base-v2,confirmatory,True,True
1962748473138401646,BOX,False,,9,partial,True,0.0156444533875951,0.0018648831893417,0.0,0.0023659974273463,0.00134124926425,472.0,0.0040409491025227,-0.3736175305824059,51.059322033898304,False,914061,2025-09-02 05:24:36+00:00,314,False,0.1720539927482605,sentence-transformers/all-mpnet-base-v2,confirmatory,True,True
1962869100860100840,MSFT,False,,15,complete,True,0.0016456671872391,0.0019514237474152,0.0,0.0009394249546098,0.0004120387512163,14653.0,0.0014739637379442,2.456076739913482,97.5363406810892,True,20571756,2025-09-02 13:23:56+00:00,103,False,0.5953928232192993,sentence-transformers/all-mpnet-base-v2,null_baseline,True,False
1962869102697173132,MSFT,False,,15,complete,True,0.0016456671872391,0.0019514237474152,0.0,0.0009394249546098,0.0004120387512163,14653.0,0.0014739637379442,2.456076739913482,97.5363406810892,True,20571756,2025-09-02 13:23:57+00:00,104,False,0.6345828771591187,sentence-transformers/all-mpnet-base-v2,null_baseline,True,False
1963071173060886971,BOX,False,,6,insufficient,False,-0.0041540431645687,0.0025178356982768,0.0,0.0023659974273463,0.00134124926425,472.0,0.0040409491025227,0.1132066014704818,69.49152542372882,False,914061,2025-09-03 02:46:54+00:00,314,False,0.278868556022644,sentence-transformers/all-mpnet-base-v2,confirmatory,True,False
1963103138485084465,CRM,False,,15,complete,True,0.0048980558155877,0.0024090768408645,0.0,0.0016535633785195,0.0007536210791284,7739.0,0.0026949740567718,1.0025110539884363,84.55872851789637,False,22330739,2025-09-03 04:53:55+00:00,50,False,0.5270101428031921,sentence-transformers/all-mpnet-base-v2,confirmatory,True,True
1963264973452546482,CRM,False,,15,complete,True,-0.0001903293863325,0.0005928412372226,4.0,0.0007679502840648,0.0002951024768994,3361.0,0.0011705836322678,-0.5933838600134121,31.448973519785778,False,22330739,2025-09-03 15:37:00+00:00,51,False,0.3153561353683471,sentence-transformers/all-mpnet-base-v2,confirmatory,True,True
1963265500210700628,MSFT,False,,15,complete,True,0.0002170523669065,0.0003944214336687,4.0,0.0004949532677144,0.0002172916540038,9968.0,0.0007665003294922,-0.4626585153793839,36.62720706260032,False,20571756,2025-09-03 15:39:05+00:00,105,False,0.6858927607536316,sentence-transformers/all-mpnet-base-v2,null_baseline,True,False
1963332098095550749,CRM,True,"earnings(CRM, 2025-09-03 20:00:00+00:00->2025-09-04 20:00:00+00:00)",15,complete,False,-0.0847665142936882,0.0029038022133912,0.0,0.0016535633785195,0.0007536210791284,7739.0,0.0026949740567718,1.6589754048780183,92.71223672309084,True,22330739,2025-09-03 20:03:43+00:00,52,False,0.7542779445648193,sentence-transformers/all-mpnet-base-v2,confirmatory,True,False
1963332633154523494,CRM,True,"earnings(CRM, 2025-09-03 20:00:00+00:00->2025-09-04 20:00:00+00:00)",15,complete,False,-0.0847665142936882,0.0029038022133912,0.0,0.0016535633785195,0.0007536210791284,7739.0,0.0026949740567718,1.6589754048780183,92.71223672309084,True,22330739,2025-09-03 20:05:51+00:00,53,False,0.7186195254325867,sentence-transformers/all-mpnet-base-v2,confirmatory,True,False
1963390750357438848,CRM,True,"earnings(CRM, 2025-09-03 20:00:00+00:00->2025-09-04 20:00:00+00:00)",15,complete,False,-0.0847665142936882,0.0029038022133912,0.0,0.0016535633785195,0.0007536210791284,7739.0,0.0026949740567718,1.6589754048780183,92.71223672309084,True,22330739,2025-09-03 23:56:47+00:00,54,False,0.5511211156845093,sentence-transformers/all-mpnet-base-v2,confirmatory,True,False
1963452672209784850,BOX,False,,3,insufficient,False,-0.004642330393784,0.000543231254767,0.0,0.0023659974273463,0.00134124926425,472.0,0.0040409491025227,-1.3590062795661118,0.6355932203389831,False,914061,2025-09-04 04:02:50+00:00,313,False,0.3078041076660156,sentence-transformers/all-mpnet-base-v2,confirmatory,True,False
1963666553427435854,MSFT,False,,14,partial,True,-0.000228321046801,0.0002132715384944,9.0,0.0004130497589246,0.0002313650987548,9133.0,0.000642585773961,-0.8634760450275571,9.898171466111902,False,20571756,2025-09-04 18:12:44+00:00,106,False,0.3745796084403991,sentence-transformers/all-mpnet-base-v2,null_baseline,True,False
1963666556703154376,MSFT,False,,14,partial,True,-0.000228321046801,0.0002132715384944,9.0,0.0004130497589246,0.0002313650987548,9133.0,0.000642585773961,-0.8634760450275571,9.898171466111902,False,20571756,2025-09-04 18:12:44+00:00,106,False,0.4195325374603271,sentence-transformers/all-mpnet-base-v2,null_baseline,True,False
1963802448780472529,BOX,True,"jobs_report(ALL, 2025-09-05 12:30:00+00:00->2025-09-05 20:00:00+00:00)",8,partial,False,0.0069874881606435,0.0016605192145155,0.0,0.0023659974273463,0.00134124926425,472.0,0.0040409491025227,-0.525985908536693,36.86440677966102,False,914061,2025-09-05 03:12:44+00:00,313,False,0.4830701351165771,sentence-transformers/all-mpnet-base-v2,confirmatory,True,False
1964047397044310490,BOX,True,"jobs_report(ALL, 2025-09-05 12:30:00+00:00->2025-09-05 20:00:00+00:00)",11,partial,False,-0.0017876672987311,0.0004896352797456,11.0,0.0008934168611414,0.0005987207556726,755.0,0.0013152033478981,-0.674407188276253,15.099337748344372,False,914061,2025-09-05 19:26:04+00:00,313,False,0.2051408290863037,sentence-transformers/all-mpnet-base-v2,confirmatory,True,False
1964090320456421593,HOOD,False,,2,insufficient,False,,0.0,,,,,,,,False,605700792,2025-09-05 22:16:38+00:00,113,False,0.4274981021881103,sentence-transformers/all-mpnet-base-v2,confirmatory,True,False
1964123867502563519,HOOD,False,,2,insufficient,False,,0.0,,,,,,,,False,605700792,2025-09-06 00:29:56+00:00,114,False,0.613803505897522,sentence-transformers/all-mpnet-base-v2,confirmatory,True,False
1964150875557130270,QCOM,False,,13,partial,True,-0.0061699349452969,0.0008711855047851,0.0,0.0017823192627403,0.0010698256208132,8499.0,0.0032347960452871,-0.8516656735726014,11.07189081068361,False,234930762,2025-09-06 02:17:15+00:00,61,False,0.2725915908813476,sentence-transformers/all-mpnet-base-v2,confirmatory,True,True
1964189550693273685,BOX,False,,9,partial,True,-0.0043436209304354,0.0018961805362284,0.0,0.0023659974273463,0.00134124926425,472.0,0.0040409491025227,-0.3502830559840639,52.118644067796616,False,914061,2025-09-06 04:50:56+00:00,312,False,0.2333981990814209,sentence-transformers/all-mpnet-base-v2,confirmatory,True,True
1964372070890123489,BOX,False,,9,partial,True,-0.0043436209304354,0.0018961805362284,0.0,0.0023659974273463,0.00134124926425,472.0,0.0040409491025227,-0.3502830559840639,52.118644067796616,False,914061,2025-09-06 16:56:12+00:00,313,False,0.8074188828468323,sentence-transformers/all-mpnet-base-v2,confirmatory,True,True
1964416419258658967,QCOM,False,,13,partial,True,-0.0061699349452969,0.0008711855047851,0.0,0.0017823192627403,0.0010698256208132,8499.0,0.0032347960452871,-0.8516656735726014,11.07189081068361,False,234930762,2025-09-06 19:52:26+00:00,62,False,0.6180863380432129,sentence-transformers/all-mpnet-base-v2,confirmatory,True,True
1964515570986209584,BOX,False,,9,partial,True,-0.0043436209304354,0.0018961805362284,0.0,0.0023659974273463,0.00134124926425,472.0,0.0040409491025227,-0.3502830559840639,52.118644067796616,False,914061,2025-09-07 02:26:25+00:00,314,False,0.2141536474227905,sentence-transformers/all-mpnet-base-v2,confirmatory,True,True
1964840098207596818,CRM,False,,15,complete,True,-0.0093949652044623,0.0029824263066582,0.0,0.0016535633785195,0.0007536210791284,7739.0,0.0026949740567718,1.763303820635567,93.72011887840806,True,22330739,2025-09-07 23:55:59+00:00,55,False,0.3657910823822021,sentence-transformers/all-mpnet-base-v2,confirmatory,True,True
1964912351196717301,BOX,False,,9,partial,True,-0.0043436209304354,0.0018961805362284,0.0,0.0023659974273463,0.00134124926425,472.0,0.0040409491025227,-0.3502830559840639,52.118644067796616,False,914061,2025-09-08 04:43:05+00:00,313,False,0.337801992893219,sentence-transformers/all-mpnet-base-v2,confirmatory,True,True
1964917120346861626,BOX,False,,9,partial,True,-0.0043436209304354,0.0018961805362284,0.0,0.0023659974273463,0.00134124926425,472.0,0.0040409491025227,-0.3502830559840639,52.118644067796616,False,914061,2025-09-08 05:02:02+00:00,314,False,0.2565320134162903,sentence-transformers/all-mpnet-base-v2,confirmatory,True,True
1965127523920121893,HOOD,False,,15,complete,True,0.0057217235402795,0.001185658011643,10.0,0.0011485242329436,0.0005914157179625,9496.0,0.0018497083075648,0.0627879469069952,64.95366470092671,False,605700792,2025-09-08 18:58:06+00:00,115,False,0.4333560466766357,sentence-transformers/all-mpnet-base-v2,confirmatory,True,True
1965134557914824966,HOOD,False,,15,complete,True,0.0003707204893044,0.0007518213800123,11.0,0.0011052161091722,0.0005247132447824,10594.0,0.00171155371555,-0.6735006838000295,24.070228431187463,False,605700792,2025-09-08 19:26:03+00:00,116,False,0.4566418528556824,sentence-transformers/all-mpnet-base-v2,confirmatory,True,True
1965171270661947474,MSFT,False,,15,complete,True,0.0057686749207688,0.0009241284035268,0.0,0.0009394249546098,0.0004120387512163,14653.0,0.0014739637379442,-0.0371240594186561,58.274756022657485,False,20571756,2025-09-08 21:51:56+00:00,107,False,0.3683217763900757,sentence-transformers/all-mpnet-base-v2,null_baseline,True,False
1965253791718191383,BOX,False,,8,partial,True,-0.0036074617424778,0.0010919771700515,0.0,0.0023659974273463,0.00134124926425,472.0,0.0040409491025227,-0.9498758293874248,5.084745762711865,False,914061,2025-09-09 03:19:51+00:00,313,False,0.2427831888198852,sentence-transformers/all-mpnet-base-v2,confirmatory,True,True
1965483038797897789,QCOM,False,,7,insufficient,False,-0.0007798042669713,0.0003729078128526,10.0,0.0008381018115482,0.0007442819782589,4975.0,0.0014326202346469,-0.6250238649923722,11.798994974874372,False,234930762,2025-09-09 18:30:48+00:00,60,False,0.5348234176635742,sentence-transformers/all-mpnet-base-v2,confirmatory,True,False
1965484622797840797,BOX,False,,10,partial,True,-0.0006536744567353,0.0006624879462155,10.0,0.0008190620321485,0.0003124081692805,265.0,0.0012370491267267,-0.5011843521685081,33.58490566037736,False,914061,2025-09-09 18:37:05+00:00,314,False,0.8429655432701111,sentence-transformers/all-mpnet-base-v2,confirmatory,True,True
1965569661304504803,HOOD,False,,5,insufficient,False,0.0050425278684547,0.0018268034194314,,,,,,,,False,605700792,2025-09-10 00:15:00+00:00,117,False,0.3690084218978882,sentence-transformers/all-mpnet-base-v2,confirmatory,True,False
1965577317935448113,BOX,False,,8,partial,True,-0.0116207956818673,0.0014573510391018,0.0,0.0023659974273463,0.00134124926425,472.0,0.0040409491025227,-0.6774627300560596,23.30508474576271,False,914061,2025-09-10 00:45:25+00:00,315,False,0.728244423866272,sentence-transformers/all-mpnet-base-v2,confirmatory,True,True
1965635682271187329,BOX,False,,8,partial,True,-0.0116207956818673,0.0014573510391018,0.0,0.0023659974273463,0.00134124926425,472.0,0.0040409491025227,-0.6774627300560596,23.30508474576271,False,914061,2025-09-10 04:37:21+00:00,315,False,0.4181503057479858,sentence-transformers/all-mpnet-base-v2,confirmatory,True,True
1965820822976868522,QCOM,False,,12,partial,True,-0.0006917088945068,0.0004159481181874,6.0,0.0008811222698987,0.0005506822930134,3296.0,0.0015689675970311,-0.8447232780370741,13.683252427184469,False,234930762,2025-09-10 16:53:02+00:00,61,False,0.2328099608421325,sentence-transformers/all-mpnet-base-v2,confirmatory,True,True
1965943866089168959,HOOD,False,,1,insufficient,False,,,,,,,,,,False,605700792,2025-09-11 01:01:57+00:00,118,False,0.6355044841766357,sentence-transformers/all-mpnet-base-v2,confirmatory,True,False
1965944644589728222,HOOD,False,,1,insufficient,False,,,,,,,,,,False,605700792,2025-09-11 01:05:03+00:00,119,False,0.6330419182777405,sentence-transformers/all-mpnet-base-v2,confirmatory,True,False
1965945691450257873,HOOD,False,,1,insufficient,False,,,,,,,,,,False,605700792,2025-09-11 01:09:13+00:00,120,False,0.5973660349845886,sentence-transformers/all-mpnet-base-v2,confirmatory,True,False
1966175904566227366,BOX,True,"cpi(ALL, 2025-09-11 12:30:00+00:00->2025-09-11 20:00:00+00:00)",5,insufficient,False,0.0018266710578523,0.0001977377462199,5.0,0.0008476673880137,0.0003763439537565,100.0,0.0012922168242674,-1.7269565122712671,0.0,False,914061,2025-09-11 16:24:00+00:00,314,False,0.2774749994277954,sentence-transformers/all-mpnet-base-v2,confirmatory,True,False
1966246772805980662,QCOM,False,,7,insufficient,False,-0.0100215820597729,0.0013401373395742,0.0,0.0017823192627403,0.0010698256208132,8499.0,0.0032347960452871,-0.4133214933008444,45.00529474055771,False,234930762,2025-09-11 21:05:36+00:00,61,False,0.2819952964782715,sentence-transformers/all-mpnet-base-v2,confirmatory,True,False
1966534842822340741,QCOM,False,,11,partial,True,-0.001848696508622,0.0003369003658712,5.0,0.0008809439772216,0.0005446211250859,4216.0,0.0015541749889803,-0.9989396046003698,5.075901328273245,False,234930762,2025-09-12 16:10:17+00:00,62,False,0.5223291516304016,sentence-transformers/all-mpnet-base-v2,confirmatory,True,True
1966540183857139984,QCOM,False,,9,partial,True,0.0013440119947293,0.0005509923324053,6.0,0.0008811222698987,0.0005506822930134,3296.0,0.0015689675970311,-0.5994925598331763,31.06796116504854,False,234930762,2025-09-12 16:31:31+00:00,63,False,0.3630004525184631,sentence-transformers/all-mpnet-base-v2,confirmatory,True,True
1966589471203246224,CRM,False,,12,partial,True,-0.0014539339325784,0.0005673338296639,12.0,0.0006589820801278,0.0002861369520654,6175.0,0.0010088475930757,-0.3202950538278797,41.48987854251012,False,22330739,2025-09-12 19:47:22+00:00,56,False,0.3387515544891357,sentence-transformers/all-mpnet-base-v2,confirmatory,True,True
1966604536593670604,CRM,False,,13,partial,True,0.0011063434521718,0.0019156350225738,0.0,0.0016535633785195,0.0007536210791284,7739.0,0.0026949740567718,0.3477498856020878,70.17702545548521,False,22330739,2025-09-12 20:47:13+00:00,57,False,0.5395538210868835,sentence-transformers/all-mpnet-base-v2,confirmatory,True,True
1966625789660852720,QCOM,False,,8,partial,True,-0.0110236012057118,0.0015221361590841,0.0,0.0017823192627403,0.0010698256208132,8499.0,0.0032347960452871,-0.2432014139448319,55.24179315213554,False,234930762,2025-09-12 22:11:41+00:00,64,False,0.5003066062927246,sentence-transformers/all-mpnet-base-v2,confirmatory,True,True
1966705068700561623,BOX,False,,1,insufficient,False,-0.0041206202930877,,0.0,,,,,,,False,914061,2025-09-13 03:26:42+00:00,312,False,0.4276221990585327,sentence-transformers/all-mpnet-base-v2,confirmatory,True,False
1967036306888044887,BOX,False,,1,insufficient,False,-0.0041206202930877,,0.0,,,,,,,False,914061,2025-09-14 01:22:55+00:00,312,False,0.130861759185791,sentence-transformers/all-mpnet-base-v2,confirmatory,True,False
1967342270342173050,BOX,False,,1,insufficient,False,-0.0041206202930877,,0.0,,,,,,,False,914061,2025-09-14 21:38:43+00:00,312,False,0.319227933883667,sentence-transformers/all-mpnet-base-v2,confirmatory,True,False
1967423200327021038,CRM,False,,13,partial,True,0.0011063434521718,0.0019156350225738,0.0,0.0016535633785195,0.0007536210791284,7739.0,0.0026949740567718,0.3477498856020878,70.17702545548521,False,22330739,2025-09-15 03:00:18+00:00,58,False,0.3280320167541504,sentence-transformers/all-mpnet-base-v2,confirmatory,True,True
1967569281295716404,HOOD,False,,2,insufficient,False,,0.0,,,,,,,,False,605700792,2025-09-15 12:40:46+00:00,121,False,0.4996563792228699,sentence-transformers/all-mpnet-base-v2,confirmatory,True,False
1967656323392405622,HOOD,False,,15,complete,True,-0.0059619204255129,0.0011711214980697,9.0,0.0011713599027867,0.0006290243946238,9003.0,0.0018144380786752,-0.0003790071086035,63.40108852604688,False,605700792,2025-09-15 18:26:39+00:00,122,False,0.5571324229240417,sentence-transformers/all-mpnet-base-v2,confirmatory,True,True
1967757615372640645,BOX,False,,5,insufficient,False,0.0012373833892391,0.0011534047798367,0.0,0.0023659974273463,0.00134124926425,472.0,0.0040409491025227,-0.9040770271643312,6.991525423728813,False,914061,2025-09-16 01:09:09+00:00,309,False,0.1652978658676147,sentence-transformers/all-mpnet-base-v2,confirmatory,True,False
1967980944809406501,CRM,False,,11,partial,True,0.0010675552192739,0.0005855499597248,4.0,0.0007679502840648,0.0002951024768994,3361.0,0.0011705836322678,-0.6180914720079306,30.288604581969658,False,22330739,2025-09-16 15:56:35+00:00,59,False,0.236208438873291,sentence-transformers/all-mpnet-base-v2,confirmatory,True,True
1967984466300899337,BOX,False,,7,insufficient,False,0.0001252327147009,0.001132367643833,5.0,0.0008476673880137,0.0003763439537565,100.0,0.0012922168242674,0.7564895170429627,85.0,False,914061,2025-09-16 16:10:34+00:00,310,False,0.1424494981765747,sentence-transformers/all-mpnet-base-v2,confirmatory,True,False
1968027029686849929,QCOM,False,,14,partial,True,-0.0016877602870994,0.0006021290376738,11.0,0.0007986318391369,0.0005063543907869,7480.0,0.0014103354945072,-0.3880736595525096,45.57486631016043,False,234930762,2025-09-16 18:59:42+00:00,65,False,0.605006217956543,sentence-transformers/all-mpnet-base-v2,confirmatory,True,True
1968034916832338396,MSFT,False,,15,complete,True,-0.002441929663335,0.0004172208374387,12.0,0.0005219968721894,0.0003165024684274,8336.0,0.000856845378084,-0.3310433415297719,44.78166986564299,False,20571756,2025-09-16 19:31:03+00:00,101,False,0.567418098449707,sentence-transformers/all-mpnet-base-v2,null_baseline,True,False
1968034919210418352,MSFT,False,,15,complete,True,-0.002441929663335,0.0004172208374387,12.0,0.0005219968721894,0.0003165024684274,8336.0,0.000856845378084,-0.3310433415297719,44.78166986564299,False,20571756,2025-09-16 19:31:03+00:00,101,False,0.5630877017974854,sentence-transformers/all-mpnet-base-v2,null_baseline,True,False
1968058879515971714,CRM,False,,15,complete,True,0.0104215878585757,0.0021214959401963,0.0,0.0016535633785195,0.0007536210791284,7739.0,0.0026949740567718,0.6209122523721952,76.85747512598526,False,22330739,2025-09-16 21:06:16+00:00,60,False,0.2851569056510925,sentence-transformers/all-mpnet-base-v2,confirmatory,True,True
1968135798089543869,CRM,False,,15,complete,True,0.0104215878585757,0.0021214959401963,0.0,0.0016535633785195,0.0007536210791284,7739.0,0.0026949740567718,0.6209122523721952,76.85747512598526,False,22330739,2025-09-17 02:11:55+00:00,61,False,0.2018985748291015,sentence-transformers/all-mpnet-base-v2,confirmatory,True,True
1968151772746354967,BOX,False,,6,insufficient,False,0.0086526600919341,0.0016964531695243,0.0,0.0023659974273463,0.00134124926425,472.0,0.0040409491025227,-0.4991945014757062,40.25423728813559,False,914061,2025-09-17 03:15:23+00:00,309,False,0.3073989748954773,sentence-transformers/all-mpnet-base-v2,confirmatory,True,False
1968155331865047432,CRM,False,,15,complete,True,0.0104215878585757,0.0021214959401963,0.0,0.0016535633785195,0.0007536210791284,7739.0,0.0026949740567718,0.6209122523721952,76.85747512598526,False,22330739,2025-09-17 03:29:32+00:00,62,False,0.7784770727157593,sentence-transformers/all-mpnet-base-v2,confirmatory,True,True
1968166893799477654,CRM,False,,15,complete,True,0.0104215878585757,0.0021214959401963,0.0,0.0016535633785195,0.0007536210791284,7739.0,0.0026949740567718,0.6209122523721952,76.85747512598526,False,22330739,2025-09-17 04:15:28+00:00,63,False,0.2796974778175354,sentence-transformers/all-mpnet-base-v2,confirmatory,True,True
1968171260686504274,CRM,False,,15,complete,True,0.0104215878585757,0.0021214959401963,0.0,0.0016535633785195,0.0007536210791284,7739.0,0.0026949740567718,0.6209122523721952,76.85747512598526,False,22330739,2025-09-17 04:32:50+00:00,64,False,0.6338211894035339,sentence-transformers/all-mpnet-base-v2,confirmatory,True,True
1968389189940244497,QCOM,True,"fomc(ALL, 2025-09-17 18:00:00+00:00->2025-09-17 20:00:00+00:00)",14,partial,False,0.0013710022987496,0.0013028423708035,10.0,0.0008381018115482,0.0007442819782589,4975.0,0.0014326202346469,0.6244146342794518,87.45728643216081,False,234930762,2025-09-17 18:58:48+00:00,66,False,0.3386071324348449,sentence-transformers/all-mpnet-base-v2,confirmatory,True,False
1968420057114939856,BOX,False,,4,insufficient,False,-0.009070194607283,0.0014996812203487,0.0,0.0023659974273463,0.00134124926425,472.0,0.0040409491025227,-0.6459024657746435,26.27118644067797,False,914061,2025-09-17 21:01:27+00:00,310,False,0.2502957582473755,sentence-transformers/all-mpnet-base-v2,confirmatory,True,False
1968466119234072707,HOOD,False,,15,complete,True,0.0245537729096905,0.0029170365880668,0.0,0.0029116442658918,0.0011964742156813,12565.0,0.0044324270052405,0.0045068436112612,59.992041384799045,False,605700792,2025-09-18 00:04:29+00:00,123,False,0.5783779621124268,sentence-transformers/all-mpnet-base-v2,confirmatory,True,True
1968466396649574680,HOOD,False,,15,complete,True,0.0245537729096905,0.0029170365880668,0.0,0.0029116442658918,0.0011964742156813,12565.0,0.0044324270052405,0.0045068436112612,59.992041384799045,False,605700792,2025-09-18 00:05:35+00:00,124,False,0.5827984809875488,sentence-transformers/all-mpnet-base-v2,confirmatory,True,True
1968512148533133810,BOX,False,,4,insufficient,False,-0.009070194607283,0.0014996812203487,0.0,0.0023659974273463,0.00134124926425,472.0,0.0040409491025227,-0.6459024657746435,26.27118644067797,False,914061,2025-09-18 03:07:24+00:00,311,False,0.2347189784049987,sentence-transformers/all-mpnet-base-v2,confirmatory,True,False
1968677244861379012,MSFT,False,,15,complete,True,0.00141672273982,0.0006402827781445,1.0,0.0007149928506676,0.0003994200585477,13614.0,0.0010838534439855,-0.1870463711679607,49.640076391949464,False,20571756,2025-09-18 14:03:26+00:00,103,False,0.4844763875007629,sentence-transformers/all-mpnet-base-v2,null_baseline,True,False
1968677247784460580,MSFT,False,,15,complete,True,0.00141672273982,0.0006402827781445,1.0,0.0007149928506676,0.0003994200585477,13614.0,0.0010838534439855,-0.1870463711679607,49.640076391949464,False,20571756,2025-09-18 14:03:26+00:00,103,False,0.7203172445297241,sentence-transformers/all-mpnet-base-v2,null_baseline,True,False
1968706806244327891,CRM,False,,8,partial,True,-0.0004343129334163,0.0007903614430576,5.0,0.0007515391559441,0.0003413825025699,2933.0,0.0011898969629487,0.113720787741846,62.836685987043985,False,22330739,2025-09-18 16:00:54+00:00,65,False,0.2167154550552368,sentence-transformers/all-mpnet-base-v2,confirmatory,True,True
1968719993740169305,HOOD,False,,15,complete,True,-0.0038528150311072,0.0007173816813274,6.0,0.0013312371582174,0.0007325749655066,8487.0,0.0020897515683504,-0.8379421981277176,9.909273005773535,False,605700792,2025-09-18 16:53:18+00:00,125,False,0.5136778950691223,sentence-transformers/all-mpnet-base-v2,confirmatory,True,True
1968720089202454691,HOOD,False,,15,complete,True,-0.0038528150311072,0.0007173816813274,6.0,0.0013312371582174,0.0007325749655066,8487.0,0.0020897515683504,-0.8379421981277176,9.909273005773535,False,605700792,2025-09-18 16:53:40+00:00,126,False,0.5928354859352112,sentence-transformers/all-mpnet-base-v2,confirmatory,True,True
1968720181363896782,HOOD,False,,15,complete,True,-0.0044438881606163,0.0006441551790673,6.0,0.0013312371582174,0.0007325749655066,8487.0,0.0020897515683504,-0.937899889432966,5.349357841404501,False,605700792,2025-09-18 16:54:02+00:00,127,False,0.5234701633453369,sentence-transformers/all-mpnet-base-v2,confirmatory,True,True
1968730082635301321,CRM,False,,11,partial,True,0.0003160917142545,0.0003070149406626,8.0,0.0006966026754776,0.0004756256276318,3003.0,0.0010914207917555,-0.8191058517068484,6.493506493506493,False,22330739,2025-09-18 17:33:23+00:00,66,False,0.3272383213043213,sentence-transformers/all-mpnet-base-v2,confirmatory,True,True
1968730445320741064,QCOM,False,,15,complete,True,-0.0010750299246178,0.0004187654631537,8.0,0.0008611830211537,0.0006334579657316,3701.0,0.0014154386593569,-0.698416598943708,13.401783301810324,False,234930762,2025-09-18 17:34:50+00:00,67,False,0.4247974753379822,sentence-transformers/all-mpnet-base-v2,confirmatory,True,True
1968756357848240204,HOOD,False,,15,complete,True,-0.0007657639270846,0.0006301050492728,11.0,0.0011052161091722,0.0005247132447824,10594.0,0.00171155371555,-0.9054680144321432,12.252218236737775,False,605700792,2025-09-18 19:17:48+00:00,128,False,0.4798351526260376,sentence-transformers/all-mpnet-base-v2,confirmatory,True,True
1968756461023977880,HOOD,False,,15,complete,True,-0.0014477659973151,0.0006980266226683,11.0,0.0011052161091722,0.0005247132447824,10594.0,0.00171155371555,-0.7760228859342438,18.76533887105909,False,605700792,2025-09-18 19:18:12+00:00,129,False,0.7357719540596008,sentence-transformers/all-mpnet-base-v2,confirmatory,True,True
1968846217363796412,CRM,False,,13,partial,True,0.0025145610666643,0.0013505265851822,0.0,0.0016535633785195,0.0007536210791284,7739.0,0.0026949740567718,-0.4021076396745996,40.81922729034759,False,22330739,2025-09-19 01:14:52+00:00,67,False,0.2935953140258789,sentence-transformers/all-mpnet-base-v2,confirmatory,True,True
1968883364469129316,BOX,False,,5,insufficient,False,-0.0035291946620816,0.0013005255498411,0.0,0.0023659974273463,0.00134124926425,472.0,0.0040409491025227,-0.7943876696931105,13.771186440677964,False,914061,2025-09-19 03:42:28+00:00,308,False,0.2569419145584106,sentence-transformers/all-mpnet-base-v2,confirmatory,True,False
1969102878947024946,QCOM,False,,13,partial,True,0.0002422744061592,0.0004133039306739,9.0,0.0007471375969065,0.0004867566519591,4287.0,0.0012808820130418,-0.6858327767867387,19.804058782365292,False,234930762,2025-09-19 18:14:45+00:00,68,False,0.3313396573066711,sentence-transformers/all-mpnet-base-v2,confirmatory,True,True
1969229371912356273,BOX,False,,12,partial,True,-0.0024889110465426,0.0017056819129898,0.0,0.0023659974273463,0.00134124926425,472.0,0.0040409491025227,-0.4923137942787264,40.67796610169492,False,914061,2025-09-20 02:37:23+00:00,306,False,0.1307655572891235,sentence-transformers/all-mpnet-base-v2,confirmatory,True,True
1969627033706905984,CRM,False,,13,partial,True,-0.0115101720613386,0.0019895846440959,0.0,0.0016535633785195,0.0007536210791284,7739.0,0.0026949740567718,0.4458756195685832,73.00684843002972,False,22330739,2025-09-21 04:57:33+00:00,68,False,0.8347567915916443,sentence-transformers/all-mpnet-base-v2,confirmatory,True,True
1969839611682984194,BOX,False,,12,partial,True,-0.0024889110465426,0.0017056819129898,0.0,0.0023659974273463,0.00134124926425,472.0,0.0040409491025227,-0.4923137942787264,40.67796610169492,False,914061,2025-09-21 19:02:15+00:00,303,False,0.6593959331512451,sentence-transformers/all-mpnet-base-v2,confirmatory,True,True
1969866932557062471,BOX,False,,12,partial,True,-0.0024889110465426,0.0017056819129898,0.0,0.0023659974273463,0.00134124926425,472.0,0.0040409491025227,-0.4923137942787264,40.67796610169492,False,914061,2025-09-21 20:50:49+00:00,304,False,0.1741239428520202,sentence-transformers/all-mpnet-base-v2,confirmatory,True,True
1970179225669062774,MSFT,False,,11,partial,True,-6.485196470507049e-05,0.0001959390089448,8.0,0.0004359674633041,0.0002723261052547,8669.0,0.0006549754573286,-0.8814008269044921,4.221940246856615,False,20571756,2025-09-22 17:31:46+00:00,102,False,0.478712260723114,sentence-transformers/all-mpnet-base-v2,null_baseline,True,False
1970179227267076112,MSFT,False,,11,partial,True,-6.485196470507049e-05,0.0001959390089448,8.0,0.0004359674633041,0.0002723261052547,8669.0,0.0006549754573286,-0.8814008269044921,4.221940246856615,False,20571756,2025-09-22 17:31:46+00:00,102,False,0.4418050050735473,sentence-transformers/all-mpnet-base-v2,null_baseline,True,False
1970199044288057550,CRM,False,,12,partial,True,0.0020175127380006,0.0004578285501911,10.0,0.0006410824724233,0.000325872857022,3605.0,0.0010032330003726,-0.5623479166286874,31.53952843273232,False,22330739,2025-09-22 18:50:31+00:00,69,False,0.7791120409965515,sentence-transformers/all-mpnet-base-v2,confirmatory,True,True
1970234088574591261,CRM,False,,15,complete,True,0.0042714614285772,0.0014191484630358,0.0,0.0016535633785195,0.0007536210791284,7739.0,0.0026949740567718,-0.3110514315162845,45.27716759271224,False,22330739,2025-09-22 21:09:46+00:00,70,False,0.4796658754348755,sentence-transformers/all-mpnet-base-v2,confirmatory,True,True
1970271483487469628,MSFT,False,,15,complete,True,-0.0061153346194182,0.0012299939037982,,,,,,,,False,20571756,2025-09-22 23:38:22+00:00,104,False,0.4712599515914917,sentence-transformers/all-mpnet-base-v2,null_baseline,True,False
1970316300712063422,BOX,False,,2,insufficient,False,0.0007595594326097,0.0,0.0,0.0023659974273463,0.00134124926425,472.0,0.0040409491025227,-1.764025144624585,0.0,False,914061,2025-09-23 02:36:27+00:00,301,False,0.2500128149986267,sentence-transformers/all-mpnet-base-v2,confirmatory,True,False
1970357541290025173,QCOM,False,,6,insufficient,False,0.003492495564322,0.0023103553887603,0.0,0.0017823192627403,0.0010698256208132,8499.0,0.0032347960452871,0.4935721446066677,77.46793740440052,False,234930762,2025-09-23 05:20:19+00:00,69,False,0.399749755859375,sentence-transformers/all-mpnet-base-v2,confirmatory,True,False
1970505474601820212,MSFT,False,,14,partial,True,1.2612862430261274e-05,0.0003277805363713,3.0,0.0005387284302434,0.0002832804516851,11561.0,0.0008166489641596,-0.7446609627218058,15.768532133898452,False,20571756,2025-09-23 15:08:10+00:00,104,False,0.527851402759552,sentence-transformers/all-mpnet-base-v2,null_baseline,True,False
1970617421141811378,QCOM,False,,11,partial,True,-0.0014567362955421,0.0016022733751154,0.0,0.0017823192627403,0.0010698256208132,8499.0,0.0032347960452871,-0.1682946118714248,58.88928109189317,False,234930762,2025-09-23 22:33:00+00:00,70,False,0.3289879560470581,sentence-transformers/all-mpnet-base-v2,confirmatory,True,True
1970701791064137877,BOX,False,,6,insufficient,False,0.003773292382621,0.0012886755870631,0.0,0.0023659974273463,0.00134124926425,472.0,0.0040409491025227,-0.8032226887263251,13.135593220338984,False,914061,2025-09-24 04:08:15+00:00,299,False,0.2145575284957885,sentence-transformers/all-mpnet-base-v2,confirmatory,True,False
1970845165129757011,HOOD,False,,15,complete,True,-0.0104007958460293,0.0025688763211785,0.0,0.0029116442658918,0.0011964742156813,12565.0,0.0044324270052405,-0.2864816811101674,45.82570632709909,False,605700792,2025-09-24 13:37:58+00:00,130,False,0.5625665783882141,sentence-transformers/all-mpnet-base-v2,confirmatory,True,True
1970862418948718884,MSFT,False,,13,partial,True,0.0003875092762922,0.0007894815650728,2.0,0.0006057041346892,0.0002952066746145,12430.0,0.0009465478368274,0.6225381950582625,81.15848753016894,False,20571756,2025-09-24 14:46:32+00:00,105,False,0.3819711208343506,sentence-transformers/all-mpnet-base-v2,null_baseline,True,False
1970884338993778855,MSFT,False,,13,partial,True,-0.0022028657839053,0.0005330247034758,5.0,0.0004669323990018,0.0002276766504381,8901.0,0.0007157854781702,0.2902902179329348,71.62116616110549,False,20571756,2025-09-24 16:13:38+00:00,106,False,0.4360783100128174,sentence-transformers/all-mpnet-base-v2,null_baseline,True,False
1970898727453016520,HOOD,False,,15,complete,True,-0.0031257834745425,0.0006865269232564,7.0,0.0012735096511832,0.0008597830624624,8488.0,0.0019450931125967,-0.6827102714091883,10.167295004712535,False,605700792,2025-09-24 17:10:48+00:00,131,False,0.4107730984687805,sentence-transformers/all-mpnet-base-v2,confirmatory,True,True
1970914244330913976,HOOD,False,,15,complete,True,-0.00061644541518,0.0005717133357687,9.0,0.0011713599027867,0.0006290243946238,9003.0,0.0018144380786752,-0.9532962030457436,5.253804287459736,False,605700792,2025-09-24 18:12:28+00:00,132,False,0.5450975298881531,sentence-transformers/all-mpnet-base-v2,confirmatory,True,True
1970989665445687464,BOX,False,,9,partial,True,-0.0002407434403094,0.0019473149944499,0.0,0.0023659974273463,0.00134124926425,472.0,0.0040409491025227,-0.312158555501957,53.60169491525424,False,914061,2025-09-24 23:12:10+00:00,299,False,0.4556275606155395,sentence-transformers/all-mpnet-base-v2,confirmatory,True,True
1971066415919907096,QCOM,False,,14,partial,True,-0.0147433745788473,0.0015621427048886,0.0,0.0017823192627403,0.0010698256208132,8499.0,0.0032347960452871,-0.2058060244288527,56.97140840098835,False,234930762,2025-09-25 04:17:08+00:00,71,False,0.5359891057014465,sentence-transformers/all-mpnet-base-v2,confirmatory,True,True
1971069915991007724,BOX,False,,9,partial,True,-0.0002407434403094,0.0019473149944499,0.0,0.0023659974273463,0.00134124926425,472.0,0.0040409491025227,-0.312158555501957,53.60169491525424,False,914061,2025-09-25 04:31:03+00:00,300,False,0.2816749811172485,sentence-transformers/all-mpnet-base-v2,confirmatory,True,True
1971144583838048337,CRM,False,,14,partial,True,-0.0057680039273544,0.0016422115740353,0.0,0.0016535633785195,0.0007536210791284,7739.0,0.0026949740567718,-0.0150630134938889,58.6768316319938,False,22330739,2025-09-25 09:27:45+00:00,71,False,0.5230168104171753,sentence-transformers/all-mpnet-base-v2,confirmatory,True,True
1971144771646390712,CRM,False,,14,partial,True,-0.0057680039273544,0.0016422115740353,0.0,0.0016535633785195,0.0007536210791284,7739.0,0.0026949740567718,-0.0150630134938889,58.6768316319938,False,22330739,2025-09-25 09:28:30+00:00,72,False,0.5581560134887695,sentence-transformers/all-mpnet-base-v2,confirmatory,True,True
1971226298786906490,BOX,False,,9,partial,True,0.0013445170665512,0.0008126662315162,2.0,0.0012459311727754,0.0005641575098515,353.0,0.0020798702764527,-0.7679857729328986,21.246458923512748,False,914061,2025-09-25 14:52:27+00:00,301,False,0.2959328293800354,sentence-transformers/all-mpnet-base-v2,confirmatory,True,True
1971273293736051176,CRM,False,,14,partial,True,-0.0002878522779947,0.0004241052925551,9.0,0.0006798511763971,0.0004567842657429,3068.0,0.001057582176389,-0.5598833038306076,22.45762711864407,False,22330739,2025-09-25 17:59:12+00:00,73,False,0.3573063611984253,sentence-transformers/all-mpnet-base-v2,confirmatory,True,True
1971311763972087889,HOOD,False,,1,insufficient,False,0.003382431764026,,,,,,,,,False,605700792,2025-09-25 20:32:04+00:00,133,False,0.4975031614303589,sentence-transformers/all-mpnet-base-v2,confirmatory,True,False
1971318059462951258,HOOD,False,,1,insufficient,False,0.003382431764026,,,,,,,,,False,605700792,2025-09-25 20:57:05+00:00,134,False,0.5685290694236755,sentence-transformers/all-mpnet-base-v2,confirmatory,True,False
1971349963067249136,HOOD,False,,1,insufficient,False,0.003382431764026,,,,,,,,,False,605700792,2025-09-25 23:03:51+00:00,135,False,0.4363582134246826,sentence-transformers/all-mpnet-base-v2,confirmatory,True,False
1971349964388475208,HOOD,False,,1,insufficient,False,0.003382431764026,,,,,,,,,False,605700792,2025-09-25 23:03:52+00:00,136,False,0.6118808388710022,sentence-transformers/all-mpnet-base-v2,confirmatory,True,False
1971643760418386259,QCOM,False,,10,partial,True,-0.0019578879262164,0.0004244325834565,10.0,0.0008381018115482,0.0007442819782589,4975.0,0.0014326202346469,-0.5557963784900349,18.57286432160804,False,234930762,2025-09-26 18:31:18+00:00,72,False,0.3413059711456299,sentence-transformers/all-mpnet-base-v2,confirmatory,True,True
1971644188371636393,HOOD,False,,14,partial,True,-0.0006861469474814,0.000588881653752,10.0,0.0011485242329436,0.0005914157179625,9496.0,0.0018497083075648,-0.9462761340190088,7.982308340353833,False,605700792,2025-09-26 18:33:00+00:00,137,False,0.4265427589416504,sentence-transformers/all-mpnet-base-v2,confirmatory,True,True
1971647343444611160,QCOM,False,,7,insufficient,False,0.0003681200996286,0.000437189631035,10.0,0.0008381018115482,0.0007442819782589,4975.0,0.0014326202346469,-0.5386563053038265,20.26130653266332,False,234930762,2025-09-26 18:45:32+00:00,73,False,0.3410173654556274,sentence-transformers/all-mpnet-base-v2,confirmatory,True,False
1971647347932426282,QCOM,False,,7,insufficient,False,0.0003681200996286,0.000437189631035,10.0,0.0008381018115482,0.0007442819782589,4975.0,0.0014326202346469,-0.5386563053038265,20.26130653266332,False,234930762,2025-09-26 18:45:33+00:00,74,False,0.2793489694595337,sentence-transformers/all-mpnet-base-v2,confirmatory,True,False
1971649823242952983,QCOM,False,,7,insufficient,False,0.0005728101462432,0.0002193912627523,10.0,0.0008381018115482,0.0007442819782589,4975.0,0.0014326202346469,-0.8312851404022468,0.3015075376884422,False,234930762,2025-09-26 18:55:24+00:00,75,False,0.3492639660835266,sentence-transformers/all-mpnet-base-v2,confirmatory,True,False
1971656850316861892,HOOD,False,,15,complete,True,0.0010778703984133,0.0005999998438183,11.0,0.0011052161091722,0.0005247132447824,10594.0,0.00171155371555,-0.962842600939834,9.56201623560506,False,605700792,2025-09-26 19:23:19+00:00,138,False,0.6736119985580444,sentence-transformers/all-mpnet-base-v2,confirmatory,True,True
1971679922151453006,CRM,False,,15,complete,True,0.0040045389231246,0.0011541070634738,0.0,0.0016535633785195,0.0007536210791284,7739.0,0.0026949740567718,-0.662741965263709,28.37575914200801,False,22330739,2025-09-26 20:55:00+00:00,74,False,0.3212013244628906,sentence-transformers/all-mpnet-base-v2,confirmatory,True,True
1971682743399731498,CRM,False,,15,complete,True,0.0040045389231246,0.0011541070634738,0.0,0.0016535633785195,0.0007536210791284,7739.0,0.0026949740567718,-0.662741965263709,28.37575914200801,False,22330739,2025-09-26 21:06:12+00:00,75,False,0.2836920022964477,sentence-transformers/all-mpnet-base-v2,confirmatory,True,True
1971794606154305576,CRM,False,,15,complete,True,0.0040045389231246,0.0011541070634738,0.0,0.0016535633785195,0.0007536210791284,7739.0,0.0026949740567718,-0.662741965263709,28.37575914200801,False,22330739,2025-09-27 04:30:42+00:00,76,False,0.7311539649963379,sentence-transformers/all-mpnet-base-v2,confirmatory,True,True
1971999438622413017,HOOD,False,,15,complete,True,0.0315667759993205,0.0014672834805084,0.0,0.0029116442658918,0.0011964742156813,12565.0,0.0044324270052405,-1.207180870639076,4.186231595702348,False,605700792,2025-09-27 18:04:38+00:00,139,False,0.49203622341156,sentence-transformers/all-mpnet-base-v2,confirmatory,True,True
1972415011227381902,BOX,False,,4,insufficient,False,-0.0091491595268998,0.001866977296076,0.0,0.0023659974273463,0.00134124926425,472.0,0.0040409491025227,-0.3720562199520121,51.271186440677965,False,914061,2025-09-28 21:35:59+00:00,294,False,0.2002019882202148,sentence-transformers/all-mpnet-base-v2,confirmatory,True,False
1972465816437490105,CRM,False,,15,complete,True,0.0040045389231246,0.0011541070634738,0.0,0.0016535633785195,0.0007536210791284,7739.0,0.0026949740567718,-0.662741965263709,28.37575914200801,False,22330739,2025-09-29 00:57:51+00:00,77,False,0.2510894536972046,sentence-transformers/all-mpnet-base-v2,confirmatory,True,True
1972651434144674024,HOOD,False,,15,complete,True,0.0315667759993205,0.0014672834805084,0.0,0.0029116442658918,0.0011964742156813,12565.0,0.0044324270052405,-1.207180870639076,4.186231595702348,False,605700792,2025-09-29 13:15:26+00:00,140,False,0.3736763596534729,sentence-transformers/all-mpnet-base-v2,confirmatory,True,True
1972657794584351022,MSFT,False,,15,complete,True,0.0052260758063402,0.0009722661698996,0.0,0.0009394249546098,0.0004120387512163,14653.0,0.0014739637379442,0.0797041909114226,63.15430287313178,False,20571756,2025-09-29 13:40:43+00:00,105,False,0.5933047533035278,sentence-transformers/all-mpnet-base-v2,null_baseline,True,False
1972657799067799617,MSFT,False,,15,complete,True,0.0052260758063402,0.0009722661698996,0.0,0.0009394249546098,0.0004120387512163,14653.0,0.0014739637379442,0.0797041909114226,63.15430287313178,False,20571756,2025-09-29 13:40:44+00:00,106,False,0.4117214679718017,sentence-transformers/all-mpnet-base-v2,null_baseline,True,False
1972657804155727957,MSFT,False,,15,complete,True,0.0052260758063402,0.0009722661698996,0.0,0.0009394249546098,0.0004120387512163,14653.0,0.0014739637379442,0.0797041909114226,63.15430287313178,False,20571756,2025-09-29 13:40:45+00:00,107,False,0.5684424638748169,sentence-transformers/all-mpnet-base-v2,null_baseline,True,False
1972657808911802612,MSFT,False,,15,complete,True,0.0052260758063402,0.0009722661698996,0.0,0.0009394249546098,0.0004120387512163,14653.0,0.0014739637379442,0.0797041909114226,63.15430287313178,False,20571756,2025-09-29 13:40:46+00:00,108,False,0.6751693487167358,sentence-transformers/all-mpnet-base-v2,null_baseline,True,False
1972657812946796555,MSFT,False,,15,complete,True,0.0052260758063402,0.0009722661698996,0.0,0.0009394249546098,0.0004120387512163,14653.0,0.0014739637379442,0.0797041909114226,63.15430287313178,False,20571756,2025-09-29 13:40:47+00:00,109,False,0.4548975229263305,sentence-transformers/all-mpnet-base-v2,null_baseline,True,False
1972670680782258419,MSFT,False,,15,complete,True,-0.0015709179186602,0.0004377499834101,2.0,0.0006057041346892,0.0002952066746145,12430.0,0.0009465478368274,-0.5689375130096335,29.12308930008045,False,20571756,2025-09-29 14:31:55+00:00,110,False,0.6861675977706909,sentence-transformers/all-mpnet-base-v2,null_baseline,True,False
1972670683655319655,MSFT,False,,15,complete,True,-0.0015709179186602,0.0004377499834101,2.0,0.0006057041346892,0.0002952066746145,12430.0,0.0009465478368274,-0.5689375130096335,29.12308930008045,False,20571756,2025-09-29 14:31:56+00:00,111,False,0.5683166980743408,sentence-transformers/all-mpnet-base-v2,null_baseline,True,False
1972707360662757796,MSFT,False,,15,complete,True,0.0013335930261443,0.0002692211338086,6.0,0.0004600824102499,0.0002678715459743,8323.0,0.0007238162459618,-0.7125104525266813,17.16928991950018,False,20571756,2025-09-29 16:57:40+00:00,112,False,0.3189388513565063,sentence-transformers/all-mpnet-base-v2,null_baseline,True,False
1972765940048879698,QCOM,False,,11,partial,True,0.0022825093876382,0.0012433518569437,0.0,0.0017823192627403,0.0010698256208132,8499.0,0.0032347960452871,-0.5037899591400764,39.02812095540652,False,234930762,2025-09-29 20:50:26+00:00,76,False,0.5071026086807251,sentence-transformers/all-mpnet-base-v2,confirmatory,True,True
1972777693377949830,BOX,False,,5,insufficient,False,-0.0022845736602381,0.001214627199008,0.0,0.0023659974273463,0.00134124926425,472.0,0.0040409491025227,-0.8584312096395346,7.838983050847458,False,914061,2025-09-29 21:37:09+00:00,291,False,0.5418144464492798,sentence-transformers/all-mpnet-base-v2,confirmatory,True,False
1972796561890607591,HOOD,False,,15,complete,True,0.0417647836008866,0.0036323240099579,0.0,0.0029116442658918,0.0011964742156813,12565.0,0.0044324270052405,0.6023362096905894,78.91762833267012,False,605700792,2025-09-29 22:52:07+00:00,141,False,0.4566214680671692,sentence-transformers/all-mpnet-base-v2,confirmatory,True,True
1972796566248530329,HOOD,False,,15,complete,True,0.0417647836008866,0.0036323240099579,0.0,0.0029116442658918,0.0011964742156813,12565.0,0.0044324270052405,0.6023362096905894,78.91762833267012,False,605700792,2025-09-29 22:52:08+00:00,142,False,0.79072505235672,sentence-transformers/all-mpnet-base-v2,confirmatory,True,True
1972821473132990918,CRM,False,,15,complete,True,-0.0061987032855651,0.0011370183438603,0.0,0.0016535633785195,0.0007536210791284,7739.0,0.0026949740567718,-0.6854174451391742,27.510014213722705,False,22330739,2025-09-30 00:31:07+00:00,78,False,0.7582684755325317,sentence-transformers/all-mpnet-base-v2,confirmatory,True,True
1972829369187086727,CRM,False,,15,complete,True,-0.0061987032855651,0.0011370183438603,0.0,0.0016535633785195,0.0007536210791284,7739.0,0.0026949740567718,-0.6854174451391742,27.510014213722705,False,22330739,2025-09-30 01:02:29+00:00,79,False,0.3746514320373535,sentence-transformers/all-mpnet-base-v2,confirmatory,True,True
1972831658157232444,BOX,False,,5,insufficient,False,-0.0022845736602381,0.001214627199008,0.0,0.0023659974273463,0.00134124926425,472.0,0.0040409491025227,-0.8584312096395346,7.838983050847458,False,914061,2025-09-30 01:11:35+00:00,292,False,0.1483759880065918,sentence-transformers/all-mpnet-base-v2,confirmatory,True,False
1973052624208286097,QCOM,False,,10,partial,True,-5.508920826691188e-05,0.0005347929934637,4.0,0.0009588256463958,0.0006455232522669,5120.0,0.0016981298558523,-0.656882074259841,20.80078125,False,234930762,2025-09-30 15:49:37+00:00,77,False,0.3285073637962341,sentence-transformers/all-mpnet-base-v2,confirmatory,True,True
1973067365395972530,MSFT,False,,14,partial,True,0.0009168756680717,0.0002612710392346,6.0,0.0004600824102499,0.0002678715459743,8323.0,0.0007238162459618,-0.7421892097276501,15.391084945332212,False,20571756,2025-09-30 16:48:12+00:00,113,False,0.5697458982467651,sentence-transformers/all-mpnet-base-v2,null_baseline,True,False
1973086952522952931,HOOD,False,,15,complete,True,0.0007214118717484,0.0005728539911302,9.0,0.0011713599027867,0.0006290243946238,9003.0,0.0018144380786752,-0.9514828308279928,5.2649116961013,False,605700792,2025-09-30 18:06:02+00:00,143,False,0.4349435567855835,sentence-transformers/all-mpnet-base-v2,confirmatory,True,True
1973087649603743851,HOOD,False,,15,complete,True,0.0009777531222689,0.0005671533067807,9.0,0.0011713599027867,0.0006290243946238,9003.0,0.0018144380786752,-0.9605455705216668,5.120515383760969,False,605700792,2025-09-30 18:08:48+00:00,144,False,0.3986988067626953,sentence-transformers/all-mpnet-base-v2,confirmatory,True,True
1973087653810626908,HOOD,False,,15,complete,True,0.0009777531222689,0.0005671533067807,9.0,0.0011713599027867,0.0006290243946238,9003.0,0.0018144380786752,-0.9605455705216668,5.120515383760969,False,605700792,2025-09-30 18:08:49+00:00,145,False,0.7729424834251404,sentence-transformers/all-mpnet-base-v2,confirmatory,True,True
1973229517213933956,BOX,False,,10,partial,True,0.0061636707562913,0.0020175446444639,0.0,0.0023659974273463,0.00134124926425,472.0,0.0040409491025227,-0.2597971847367623,56.567796610169495,False,914061,2025-10-01 03:32:32+00:00,292,False,0.1498934626579284,sentence-transformers/all-mpnet-base-v2,confirmatory,True,True
1973437429383405891,MSFT,False,,15,complete,True,0.0033390648968625,0.0003135598772517,7.0,0.0004485307556491,0.0004097469845394,8216.0,0.0006639670621169,-0.3294005410415577,30.781402142161635,False,20571756,2025-10-01 17:18:42+00:00,109,False,0.437690258026123,sentence-transformers/all-mpnet-base-v2,null_baseline,True,False
1973437432029913495,MSFT,False,,15,complete,True,0.0033390648968625,0.0003135598772517,7.0,0.0004485307556491,0.0004097469845394,8216.0,0.0006639670621169,-0.3294005410415577,30.781402142161635,False,20571756,2025-10-01 17:18:43+00:00,110,False,0.6711061596870422,sentence-transformers/all-mpnet-base-v2,null_baseline,True,False
1973470117662204372,CRM,False,,15,complete,True,0.0011133809602905,0.0005587288350927,11.0,0.0005943274251067,0.0003034552892092,6130.0,0.000933667306711,-0.1173108239662964,54.40456769983687,False,22330739,2025-10-01 19:28:36+00:00,80,False,0.7052082419395447,sentence-transformers/all-mpnet-base-v2,confirmatory,True,True
1973471766938001745,BOX,False,,15,complete,True,0.0027666403487029,0.0004521547401806,12.0,0.0008875319452804,0.000413202305816,1815.0,0.0013487540138926,-1.0536659621003923,8.484848484848486,False,914061,2025-10-01 19:35:09+00:00,291,False,0.2494088411331176,sentence-transformers/all-mpnet-base-v2,confirmatory,True,True
1973495442056089733,QCOM,False,,13,partial,True,0.0110685366004328,0.0015738989173271,0.0,0.0017823192627403,0.0010698256208132,8499.0,0.0032347960452871,-0.1948171191252495,57.442052006118374,False,234930762,2025-10-01 21:09:13+00:00,78,False,0.2379449009895324,sentence-transformers/all-mpnet-base-v2,confirmatory,True,True
1973549300694298754,HOOD,False,,15,complete,True,0.0167035328576765,0.0031140394568597,0.0,0.0029116442658918,0.0011964742156813,12565.0,0.0044324270052405,0.169159676251493,66.27138877835257,False,605700792,2025-10-02 00:43:14+00:00,146,False,0.455678641796112,sentence-transformers/all-mpnet-base-v2,confirmatory,True,True
1973609608892784950,HOOD,False,,15,complete,True,0.0167035328576765,0.0031140394568597,0.0,0.0029116442658918,0.0011964742156813,12565.0,0.0044324270052405,0.169159676251493,66.27138877835257,False,605700792,2025-10-02 04:42:53+00:00,147,False,0.4759374856948852,sentence-transformers/all-mpnet-base-v2,confirmatory,True,True
1973646691569115458,HOOD,False,,15,complete,True,0.0167035328576765,0.0031140394568597,0.0,0.0029116442658918,0.0011964742156813,12565.0,0.0044324270052405,0.169159676251493,66.27138877835257,False,605700792,2025-10-02 07:10:14+00:00,148,False,0.6794138550758362,sentence-transformers/all-mpnet-base-v2,confirmatory,True,True
1973650654527901759,HOOD,False,,15,complete,True,0.0167035328576765,0.0031140394568597,0.0,0.0029116442658918,0.0011964742156813,12565.0,0.0044324270052405,0.169159676251493,66.27138877835257,False,605700792,2025-10-02 07:25:59+00:00,149,False,0.6505498886108398,sentence-transformers/all-mpnet-base-v2,confirmatory,True,True
1973651755562094734,HOOD,False,,15,complete,True,0.0167035328576765,0.0031140394568597,0.0,0.0029116442658918,0.0011964742156813,12565.0,0.0044324270052405,0.169159676251493,66.27138877835257,False,605700792,2025-10-02 07:30:21+00:00,150,False,0.7802587747573853,sentence-transformers/all-mpnet-base-v2,confirmatory,True,True
1973772758476902904,QCOM,False,,9,partial,True,-0.0002828048649936,0.0004698438866561,4.0,0.0009588256463958,0.0006455232522669,5120.0,0.0016981298558523,-0.757496740856994,12.3046875,False,234930762,2025-10-02 15:31:11+00:00,78,False,0.3246001005172729,sentence-transformers/all-mpnet-base-v2,confirmatory,True,True
1973820577044660242,MSFT,False,,13,partial,True,-0.0003204576372326,0.0001714427354162,10.0,0.0004132226291285,0.0002187907982828,9445.0,0.0006671494974963,-1.1050734108100195,4.489147697194283,False,20571756,2025-10-02 18:41:12+00:00,108,False,0.4653087854385376,sentence-transformers/all-mpnet-base-v2,null_baseline,True,False
1973820578286145548,MSFT,False,,13,partial,True,-0.0003204576372326,0.0001714427354162,10.0,0.0004132226291285,0.0002187907982828,9445.0,0.0006671494974963,-1.1050734108100195,4.489147697194283,False,20571756,2025-10-02 18:41:12+00:00,108,False,0.404030442237854,sentence-transformers/all-mpnet-base-v2,null_baseline,True,False
1973825561148440738,QCOM,False,,10,partial,True,0.0018283101661671,0.0003682831932176,11.0,0.0007986318391369,0.0005063543907869,7480.0,0.0014103354945072,-0.8498961473415237,9.585561497326204,False,234930762,2025-10-02 19:01:00+00:00,79,False,0.3911106586456299,sentence-transformers/all-mpnet-base-v2,confirmatory,True,True
1973917769558274283,MSFT,False,,15,complete,True,-0.0032817708732931,0.0007491887191347,0.0,0.0009394249546098,0.0004120387512163,14653.0,0.0014739637379442,-0.4616950102716446,36.43622466389135,False,20571756,2025-10-03 01:07:24+00:00,110,False,0.4781402349472046,sentence-transformers/all-mpnet-base-v2,null_baseline,True,False
1973917771307364724,MSFT,False,,15,complete,True,-0.0032817708732931,0.0007491887191347,0.0,0.0009394249546098,0.0004120387512163,14653.0,0.0014739637379442,-0.4616950102716446,36.43622466389135,False,20571756,2025-10-03 01:07:24+00:00,110,False,0.6975395679473877,sentence-transformers/all-mpnet-base-v2,null_baseline,True,False
1973971040947855474,BOX,False,,10,partial,True,-0.0016933113081472,0.0009287331997258,0.0,0.0023659974273463,0.00134124926425,472.0,0.0040409491025227,-1.0715862188555128,2.754237288135593,False,914061,2025-10-03 04:39:05+00:00,286,False,0.1651427745819091,sentence-transformers/all-mpnet-base-v2,confirmatory,True,True
1974174821388071306,HOOD,False,,15,complete,True,0.0085153016703802,0.000950375254524,9.0,0.0011713599027867,0.0006290243946238,9003.0,0.0018144380786752,-0.3513133197240171,41.77496390092191,False,605700792,2025-10-03 18:08:50+00:00,151,False,0.6734766960144043,sentence-transformers/all-mpnet-base-v2,confirmatory,True,True
1974177682100473974,CRM,False,,14,partial,True,-0.0006469577902851,0.0004110432718809,9.0,0.0006798511763971,0.0004567842657429,3068.0,0.001057582176389,-0.5884789049793256,20.371577574967407,False,22330739,2025-10-03 18:20:12+00:00,81,False,0.2777712941169739,sentence-transformers/all-mpnet-base-v2,confirmatory,True,True
1974191753021251830,HOOD,False,,15,complete,True,0.0021621883954127,0.0005309155431836,11.0,0.0011052161091722,0.0005247132447824,10594.0,0.00171155371555,-1.0945036583302123,4.68189541249764,False,605700792,2025-10-03 19:16:07+00:00,152,False,0.5716214179992676,sentence-transformers/all-mpnet-base-v2,confirmatory,True,True
1974255523768799433,CRM,False,,15,complete,True,-0.0163536481651175,0.0019739377827135,0.0,0.0016535633785195,0.0007536210791284,7739.0,0.0026949740567718,0.4251133800085504,72.51582891846492,False,22330739,2025-10-03 23:29:31+00:00,82,False,0.3906804323196411,sentence-transformers/all-mpnet-base-v2,confirmatory,True,True
1974281794565615825,MSFT,False,,15,complete,True,0.0069136028599501,0.0012057174490447,0.0,0.0009394249546098,0.0004120387512163,14653.0,0.0014739637379442,0.6462802191513479,80.1610591687709,False,20571756,2025-10-04 01:13:54+00:00,111,False,0.3666682839393616,sentence-transformers/all-mpnet-base-v2,null_baseline,True,False
1974305906688225711,HOOD,False,,15,complete,True,-0.0047996639261074,0.0032714318567378,0.0,0.0029116442658918,0.0011964742156813,12565.0,0.0044324270052405,0.300706514298815,70.47353760445682,False,605700792,2025-10-04 02:49:43+00:00,153,False,0.583131730556488,sentence-transformers/all-mpnet-base-v2,confirmatory,True,True
1974344042273267766,BOX,False,,9,partial,True,-0.0086490761607778,0.0022210033359842,0.0,0.0023659974273463,0.00134124926425,472.0,0.0040409491025227,-0.1081037620871823,60.80508474576271,False,914061,2025-10-04 05:21:15+00:00,284,False,0.1804201602935791,sentence-transformers/all-mpnet-base-v2,confirmatory,True,True
1974510318933201021,BOX,False,,9,partial,True,-0.0086490761607778,0.0022210033359842,0.0,0.0023659974273463,0.00134124926425,472.0,0.0040409491025227,-0.1081037620871823,60.80508474576271,False,914061,2025-10-04 16:21:59+00:00,283,False,0.3071415424346924,sentence-transformers/all-mpnet-base-v2,confirmatory,True,True
1974557455725277647,MSFT,False,,15,complete,True,0.0069136028599501,0.0012057174490447,0.0,0.0009394249546098,0.0004120387512163,14653.0,0.0014739637379442,0.6462802191513479,80.1610591687709,False,20571756,2025-10-04 19:29:17+00:00,112,False,0.3669058084487915,sentence-transformers/all-mpnet-base-v2,null_baseline,True,False
1974557458996863461,MSFT,False,,15,complete,True,0.0069136028599501,0.0012057174490447,0.0,0.0009394249546098,0.0004120387512163,14653.0,0.0014739637379442,0.6462802191513479,80.1610591687709,False,20571756,2025-10-04 19:29:18+00:00,113,False,0.5010572671890259,sentence-transformers/all-mpnet-base-v2,null_baseline,True,False
1974557461458956517,MSFT,False,,15,complete,True,0.0069136028599501,0.0012057174490447,0.0,0.0009394249546098,0.0004120387512163,14653.0,0.0014739637379442,0.6462802191513479,80.1610591687709,False,20571756,2025-10-04 19:29:18+00:00,113,False,0.3677052855491638,sentence-transformers/all-mpnet-base-v2,null_baseline,True,False
1974557463895797857,MSFT,False,,15,complete,True,0.0069136028599501,0.0012057174490447,0.0,0.0009394249546098,0.0004120387512163,14653.0,0.0014739637379442,0.6462802191513479,80.1610591687709,False,20571756,2025-10-04 19:29:19+00:00,115,False,0.3128437399864197,sentence-transformers/all-mpnet-base-v2,null_baseline,True,False
1974557465854554288,MSFT,False,,15,complete,True,0.0069136028599501,0.0012057174490447,0.0,0.0009394249546098,0.0004120387512163,14653.0,0.0014739637379442,0.6462802191513479,80.1610591687709,False,20571756,2025-10-04 19:29:20+00:00,116,False,0.5307899117469788,sentence-transformers/all-mpnet-base-v2,null_baseline,True,False
1974557468333408630,MSFT,False,,15,complete,True,0.0069136028599501,0.0012057174490447,0.0,0.0009394249546098,0.0004120387512163,14653.0,0.0014739637379442,0.6462802191513479,80.1610591687709,False,20571756,2025-10-04 19:29:20+00:00,116,False,0.3952102661132812,sentence-transformers/all-mpnet-base-v2,null_baseline,True,False
1974557470149464384,MSFT,False,,15,complete,True,0.0069136028599501,0.0012057174490447,0.0,0.0009394249546098,0.0004120387512163,14653.0,0.0014739637379442,0.6462802191513479,80.1610591687709,False,20571756,2025-10-04 19:29:21+00:00,118,False,0.6354257464408875,sentence-transformers/all-mpnet-base-v2,null_baseline,True,False
1974612741974561031,MSFT,False,,15,complete,True,0.0069136028599501,0.0012057174490447,0.0,0.0009394249546098,0.0004120387512163,14653.0,0.0014739637379442,0.6462802191513479,80.1610591687709,False,20571756,2025-10-04 23:08:58+00:00,119,False,0.4211625456809997,sentence-transformers/all-mpnet-base-v2,null_baseline,True,False
1974637047257370641,BOX,False,,9,partial,True,-0.0086490761607778,0.0022210033359842,0.0,0.0023659974273463,0.00134124926425,472.0,0.0040409491025227,-0.1081037620871823,60.80508474576271,False,914061,2025-10-05 00:45:33+00:00,284,False,0.1701178550720214,sentence-transformers/all-mpnet-base-v2,confirmatory,True,True
1975010765913682214,BOX,False,,9,partial,True,-0.0086490761607778,0.0022210033359842,0.0,0.0023659974273463,0.00134124926425,472.0,0.0040409491025227,-0.1081037620871823,60.80508474576271,False,914061,2025-10-06 01:30:35+00:00,282,False,0.2657190561294555,sentence-transformers/all-mpnet-base-v2,confirmatory,True,True
1975267269690441862,BOX,False,,11,partial,True,0.0021526768231868,0.0007944787260984,10.0,0.0008190620321485,0.0003124081692805,265.0,0.0012370491267267,-0.0786897029831166,50.943396226415096,False,914061,2025-10-06 18:29:50+00:00,280,False,0.2089557647705078,sentence-transformers/all-mpnet-base-v2,confirmatory,True,True
1975274282398962099,BOX,False,,9,partial,True,-0.0013750132788638,0.0007130176010367,11.0,0.0008934168611414,0.0005987207556726,755.0,0.0013152033478981,-0.3013078440918202,40.0,False,914061,2025-10-06 18:57:42+00:00,281,False,0.2695033550262451,sentence-transformers/all-mpnet-base-v2,confirmatory,True,True
1975401848594116920,BOX,False,,10,partial,True,0.0006027569417164,0.0030190428807002,0.0,0.0023659974273463,0.00134124926425,472.0,0.0040409491025227,0.4868934289548747,78.38983050847457,False,914061,2025-10-07 03:24:36+00:00,281,False,0.303946852684021,sentence-transformers/all-mpnet-base-v2,confirmatory,True,True
1975637104337297839,QCOM,False,,13,partial,True,-0.0023025063213845,0.0005657006830531,11.0,0.0007986318391369,0.0005063543907869,7480.0,0.0014103354945072,-0.4600160684333639,41.06951871657754,False,234930762,2025-10-07 18:59:25+00:00,80,False,0.2424995303153991,sentence-transformers/all-mpnet-base-v2,confirmatory,True,True
1975771522758549617,BOX,False,,8,partial,True,0.0047953297128122,0.0017125952895668,0.0,0.0023659974273463,0.00134124926425,472.0,0.0040409491025227,-0.4871593634348481,41.10169491525424,False,914061,2025-10-08 03:53:33+00:00,279,False,0.161633551120758,sentence-transformers/all-mpnet-base-v2,confirmatory,True,True
1976018236257751502,CRM,False,,13,partial,True,-0.0023579987384574,0.002166411631728,0.0,0.0016535633785195,0.0007536210791284,7739.0,0.0026949740567718,0.6805120867924772,78.39514149114872,False,22330739,2025-10-08 20:13:54+00:00,83,False,0.4217922687530517,sentence-transformers/all-mpnet-base-v2,confirmatory,True,True
1976067092161106038,CRM,False,,13,partial,True,-0.0023579987384574,0.002166411631728,0.0,0.0016535633785195,0.0007536210791284,7739.0,0.0026949740567718,0.6805120867924772,78.39514149114872,False,22330739,2025-10-08 23:28:02+00:00,84,False,0.542174220085144,sentence-transformers/all-mpnet-base-v2,confirmatory,True,True
1976071089974304833,HOOD,False,,15,complete,True,-0.0188375318612964,0.0023549289615525,0.0,0.0029116442658918,0.0011964742156813,12565.0,0.0044324270052405,-0.4652965329656485,36.84838838042181,False,605700792,2025-10-08 23:43:56+00:00,154,False,0.5967679023742676,sentence-transformers/all-mpnet-base-v2,confirmatory,True,True
1976073431969108078,CRM,False,,13,partial,True,-0.0023579987384574,0.002166411631728,0.0,0.0016535633785195,0.0007536210791284,7739.0,0.0026949740567718,0.6805120867924772,78.39514149114872,False,22330739,2025-10-08 23:53:14+00:00,85,False,0.5924468636512756,sentence-transformers/all-mpnet-base-v2,confirmatory,True,True
1976105792878350577,BOX,False,,5,insufficient,False,-0.0001508069413237,0.0010267319478934,0.0,0.0023659974273463,0.00134124926425,472.0,0.0040409491025227,-0.9985209424898882,3.6016949152542375,False,914061,2025-10-09 02:01:49+00:00,279,False,0.2500375509262085,sentence-transformers/all-mpnet-base-v2,confirmatory,True,False
1976322455288545343,MSFT,False,,15,complete,True,-0.001343845317719,0.0002751933557968,5.0,0.0004669323990018,0.0002276766504381,8901.0,0.0007157854781702,-0.8421550599769287,15.211773957982247,False,20571756,2025-10-09 16:22:46+00:00,120,False,0.4185856580734253,sentence-transformers/all-mpnet-base-v2,null_baseline,True,False
1976322457436041438,MSFT,False,,15,complete,True,-0.001343845317719,0.0002751933557968,5.0,0.0004669323990018,0.0002276766504381,8901.0,0.0007157854781702,-0.8421550599769287,15.211773957982247,False,20571756,2025-10-09 16:22:46+00:00,120,False,0.4058934450149536,sentence-transformers/all-mpnet-base-v2,null_baseline,True,False
1976360528256852130,BOX,False,,7,insufficient,False,0.0001228656206573,0.0007183439505625,11.0,0.0008934168611414,0.0005987207556726,755.0,0.0013152033478981,-0.2924116274910118,41.05960264900662,False,914061,2025-10-09 18:54:03+00:00,279,False,0.2659958600997925,sentence-transformers/all-mpnet-base-v2,confirmatory,True,False
1976462057840181320,BOX,False,,10,partial,True,-0.0060975619525667,0.001835715179544,0.0,0.0023659974273463,0.00134124926425,472.0,0.0040409491025227,-0.3953644277290851,49.36440677966102,False,914061,2025-10-10 01:37:30+00:00,279,False,0.3187622427940368,sentence-transformers/all-mpnet-base-v2,confirmatory,True,True
1976620269545603178,QCOM,False,,14,partial,True,-0.0112894237932603,0.0022038651612734,0.0,0.0017823192627403,0.0010698256208132,8499.0,0.0032347960452871,0.3940323453953482,75.80891869631722,False,234930762,2025-10-10 12:06:10+00:00,81,False,0.3063504695892334,sentence-transformers/all-mpnet-base-v2,confirmatory,True,True
1976669390549704916,QCOM,False,,15,complete,True,-0.0003878001227521,0.0020135420923722,3.0,0.0010311291761511,0.0006898259524185,6467.0,0.0018718779491643,1.4241460657964045,92.36121849389208,True,234930762,2025-10-10 15:21:22+00:00,82,False,0.4055022001266479,sentence-transformers/all-mpnet-base-v2,confirmatory,True,True
1976697025623474529,CRM,False,,12,partial,True,-0.0016169924224787,0.0008461795042157,7.0,0.0007221992409006,0.0005602314396621,2726.0,0.0011062566243012,0.2213018665818478,76.59574468085107,False,22330739,2025-10-10 17:11:10+00:00,86,False,0.3408262729644775,sentence-transformers/all-mpnet-base-v2,confirmatory,True,True
1976726462456537300,HOOD,False,,15,complete,True,-0.0071461841950338,0.0008743438170961,11.0,0.0011052161091722,0.0005247132447824,10594.0,0.00171155371555,-0.4399970733955055,37.37964885784406,False,605700792,2025-10-10 19:08:09+00:00,155,False,0.5157694220542908,sentence-transformers/all-mpnet-base-v2,confirmatory,True,True
1976730288492265624,HOOD,False,,15,complete,True,-0.0112214372436491,0.00109453335742,11.0,0.0011052161091722,0.0005247132447824,10594.0,0.00171155371555,-0.02035921878951,60.44931093071549,False,605700792,2025-10-10 19:23:21+00:00,156,False,0.5396041870117188,sentence-transformers/all-mpnet-base-v2,confirmatory,True,True
1976797887679156634,CRM,False,,15,complete,True,-0.0008320482351744,0.0026165223833443,0.0,0.0016535633785195,0.0007536210791284,7739.0,0.0026949740567718,1.2777761019349716,88.64194340354051,False,22330739,2025-10-10 23:51:58+00:00,87,False,0.5051736831665039,sentence-transformers/all-mpnet-base-v2,confirmatory,True,True
1976839744194855002,BOX,False,,7,insufficient,False,-0.0161932623721582,0.0018330911705006,0.0,0.0023659974273463,0.00134124926425,472.0,0.0040409491025227,-0.3973208195149738,49.36440677966102,False,914061,2025-10-11 02:38:17+00:00,279,False,0.1807660460472107,sentence-transformers/all-mpnet-base-v2,confirmatory,True,False
1977079675722801607,BOX,False,,7,insufficient,False,-0.0161932623721582,0.0018330911705006,0.0,0.0023659974273463,0.00134124926425,472.0,0.0040409491025227,-0.3973208195149738,49.36440677966102,False,914061,2025-10-11 18:31:41+00:00,278,False,0.2125136852264404,sentence-transformers/all-mpnet-base-v2,confirmatory,True,False
1977088765014442080,CRM,False,,15,complete,True,-0.0008320482351744,0.0026165223833443,0.0,0.0016535633785195,0.0007536210791284,7739.0,0.0026949740567718,1.2777761019349716,88.64194340354051,False,22330739,2025-10-11 19:07:48+00:00,88,False,0.2901170253753662,sentence-transformers/all-mpnet-base-v2,confirmatory,True,True
1977152030801318259,CRM,False,,15,complete,True,-0.0008320482351744,0.0026165223833443,0.0,0.0016535633785195,0.0007536210791284,7739.0,0.0026949740567718,1.2777761019349716,88.64194340354051,False,22330739,2025-10-11 23:19:12+00:00,89,False,0.4650374054908752,sentence-transformers/all-mpnet-base-v2,confirmatory,True,True
1977478830974783574,MSFT,False,,15,complete,True,-0.0039411247479921,0.0011741898415738,0.0,0.0009394249546098,0.0004120387512163,14653.0,0.0014739637379442,0.5697640968744011,78.14781955913465,False,20571756,2025-10-12 20:57:47+00:00,121,False,0.3710678815841675,sentence-transformers/all-mpnet-base-v2,null_baseline,True,False
1977478833042600040,MSFT,False,,15,complete,True,-0.0039411247479921,0.0011741898415738,0.0,0.0009394249546098,0.0004120387512163,14653.0,0.0014739637379442,0.5697640968744011,78.14781955913465,False,20571756,2025-10-12 20:57:48+00:00,122,False,0.4556864500045776,sentence-transformers/all-mpnet-base-v2,null_baseline,True,False
1977478835978502274,MSFT,False,,15,complete,True,-0.0039411247479921,0.0011741898415738,0.0,0.0009394249546098,0.0004120387512163,14653.0,0.0014739637379442,0.5697640968744011,78.14781955913465,False,20571756,2025-10-12 20:57:48+00:00,122,False,0.4758909344673157,sentence-transformers/all-mpnet-base-v2,null_baseline,True,False
1977478838683939105,MSFT,False,,15,complete,True,-0.0039411247479921,0.0011741898415738,0.0,0.0009394249546098,0.0004120387512163,14653.0,0.0014739637379442,0.5697640968744011,78.14781955913465,False,20571756,2025-10-12 20:57:49+00:00,124,False,0.4689792394638061,sentence-transformers/all-mpnet-base-v2,null_baseline,True,False
1977478841213018142,MSFT,False,,15,complete,True,-0.0039411247479921,0.0011741898415738,0.0,0.0009394249546098,0.0004120387512163,14653.0,0.0014739637379442,0.5697640968744011,78.14781955913465,False,20571756,2025-10-12 20:57:50+00:00,125,False,0.4454298019409179,sentence-transformers/all-mpnet-base-v2,null_baseline,True,False
1977478844123959743,MSFT,False,,15,complete,True,-0.0039411247479921,0.0011741898415738,0.0,0.0009394249546098,0.0004120387512163,14653.0,0.0014739637379442,0.5697640968744011,78.14781955913465,False,20571756,2025-10-12 20:57:50+00:00,125,False,0.5372225046157837,sentence-transformers/all-mpnet-base-v2,null_baseline,True,False
1977478846653059085,MSFT,False,,15,complete,True,-0.0039411247479921,0.0011741898415738,0.0,0.0009394249546098,0.0004120387512163,14653.0,0.0014739637379442,0.5697640968744011,78.14781955913465,False,20571756,2025-10-12 20:57:51+00:00,127,False,0.4672942161560058,sentence-transformers/all-mpnet-base-v2,null_baseline,True,False
1977487728762884249,BOX,False,,7,insufficient,False,-0.0161932623721582,0.0018330911705006,0.0,0.0023659974273463,0.00134124926425,472.0,0.0040409491025227,-0.3973208195149738,49.36440677966102,False,914061,2025-10-12 21:33:09+00:00,278,False,0.1943420171737671,sentence-transformers/all-mpnet-base-v2,confirmatory,True,False
1977506464685285781,CRM,False,,15,complete,True,-0.0008320482351744,0.0026165223833443,0.0,0.0016535633785195,0.0007536210791284,7739.0,0.0026949740567718,1.2777761019349716,88.64194340354051,False,22330739,2025-10-12 22:47:36+00:00,90,False,0.5201637148857117,sentence-transformers/all-mpnet-base-v2,confirmatory,True,True
1977535866601185282,HOOD,False,,1,insufficient,False,,,,,,,,,,False,605700792,2025-10-13 00:44:26+00:00,157,False,0.6051632761955261,sentence-transformers/all-mpnet-base-v2,confirmatory,True,False
1977605722008654123,BOX,False,,7,insufficient,False,-0.0161932623721582,0.0018330911705006,0.0,0.0023659974273463,0.00134124926425,472.0,0.0040409491025227,-0.3973208195149738,49.36440677966102,False,914061,2025-10-13 05:22:00+00:00,278,False,0.8862649202346802,sentence-transformers/all-mpnet-base-v2,confirmatory,True,False
1977640531460251947,CRM,False,,15,complete,True,-0.0008320482351744,0.0026165223833443,0.0,0.0016535633785195,0.0007536210791284,7739.0,0.0026949740567718,1.2777761019349716,88.64194340354051,False,22330739,2025-10-13 07:40:20+00:00,91,False,0.5085613131523132,sentence-transformers/all-mpnet-base-v2,confirmatory,True,True
1977785545515516274,CRM,False,,12,partial,True,0.0012833899296443,0.0004775807102691,7.0,0.0007221992409006,0.0005602314396621,2726.0,0.0011062566243012,-0.4366383485707429,25.348495964783567,False,22330739,2025-10-13 17:16:34+00:00,92,False,0.4833149909973144,sentence-transformers/all-mpnet-base-v2,confirmatory,True,True
1977826790824689987,CRM,False,,15,complete,True,-0.0109422720825141,0.0017629670525551,0.0,0.0016535633785195,0.0007536210791284,7739.0,0.0026949740567718,0.1451706660887134,64.51737950639618,False,22330739,2025-10-13 20:00:27+00:00,93,False,0.561324417591095,sentence-transformers/all-mpnet-base-v2,confirmatory,True,True
1977828746087600536,CRM,False,,15,complete,True,-0.0109422720825141,0.0017629670525551,0.0,0.0016535633785195,0.0007536210791284,7739.0,0.0026949740567718,0.1451706660887134,64.51737950639618,False,22330739,2025-10-13 20:08:14+00:00,94,False,0.576894998550415,sentence-transformers/all-mpnet-base-v2,confirmatory,True,True
1977840015465202147,CRM,False,,15,complete,True,-0.0109422720825141,0.0017629670525551,0.0,0.0016535633785195,0.0007536210791284,7739.0,0.0026949740567718,0.1451706660887134,64.51737950639618,False,22330739,2025-10-13 20:53:00+00:00,95,False,0.5573387742042542,sentence-transformers/all-mpnet-base-v2,confirmatory,True,True
1977875995484184777,BOX,False,,5,insufficient,False,0.0075849616950948,0.0007150953829274,0.0,0.0023659974273463,0.00134124926425,472.0,0.0040409491025227,-1.2308689282614205,0.847457627118644,False,914061,2025-10-13 23:15:59+00:00,279,False,0.2512373924255371,sentence-transformers/all-mpnet-base-v2,confirmatory,True,False
1977888354298720580,QCOM,False,,14,partial,True,0.0025587000991665,0.0021463158148944,0.0,0.0017823192627403,0.0010698256208132,8499.0,0.0032347960452871,0.3402391427842205,74.67937404400517,False,234930762,2025-10-14 00:05:05+00:00,82,False,0.2791951298713684,sentence-transformers/all-mpnet-base-v2,confirmatory,True,True
1978109452210626821,CRM,False,,15,complete,True,-0.0009157853590544,0.0013293873675329,2.0,0.0010072236757306,0.0004361423260339,5169.0,0.0015536017908793,0.7386664227980743,79.43509382859354,False,22330739,2025-10-14 14:43:39+00:00,96,False,0.318877100944519,sentence-transformers/all-mpnet-base-v2,confirmatory,True,True
1978111272865460401,CRM,False,,13,partial,True,-0.0012533926906799,0.0010150383401074,2.0,0.0010072236757306,0.0004361423260339,5169.0,0.0015536017908793,0.0179176931711819,58.30915070613272,False,22330739,2025-10-14 14:50:53+00:00,97,False,0.2934968471527099,sentence-transformers/all-mpnet-base-v2,confirmatory,True,True
1978132200643260503,CRM,False,,11,partial,True,-0.0006508639781714,0.000406126407506,5.0,0.0007515391559441,0.0003413825025699,2933.0,0.0011898969629487,-1.0118056603305268,10.842141152403682,False,22330739,2025-10-14 16:14:03+00:00,98,False,0.5303720831871033,sentence-transformers/all-mpnet-base-v2,confirmatory,True,True
1978165496760434953,CRM,False,,10,partial,True,-0.0015216284353559,0.0007339302349124,9.0,0.0006798511763971,0.0004567842657429,3068.0,0.001057582176389,0.1183908084647885,69.91525423728814,False,22330739,2025-10-14 18:26:21+00:00,99,False,0.4589263796806335,sentence-transformers/all-mpnet-base-v2,confirmatory,True,True
1978166670406438942,CRM,False,,13,partial,True,-0.001990657616597,0.0005708522672658,10.0,0.0006410824724233,0.000325872857022,3605.0,0.0010032330003726,-0.2155141296495011,51.98335644937586,False,22330739,2025-10-14 18:31:01+00:00,100,False,0.4432311058044433,sentence-transformers/all-mpnet-base-v2,confirmatory,True,True
1978167190684676214,CRM,False,,13,partial,True,-0.001990657616597,0.0005708522672658,10.0,0.0006410824724233,0.000325872857022,3605.0,0.0010032330003726,-0.2155141296495011,51.98335644937586,False,22330739,2025-10-14 18:33:05+00:00,101,False,0.4373354315757751,sentence-transformers/all-mpnet-base-v2,confirmatory,True,True
1978174751207039375,MSFT,False,,15,complete,True,-0.0017193383629843,0.0002533300733425,11.0,0.0004038797262934,0.0002294343287601,11546.0,0.0006587422095737,-0.6561775378793325,23.03828165598476,False,20571756,2025-10-14 19:03:08+00:00,126,False,0.7491322159767151,sentence-transformers/all-mpnet-base-v2,null_baseline,True,False
1978174753752949151,MSFT,False,,15,complete,True,-0.0017193383629843,0.0002533300733425,11.0,0.0004038797262934,0.0002294343287601,11546.0,0.0006587422095737,-0.6561775378793325,23.03828165598476,False,20571756,2025-10-14 19:03:08+00:00,126,False,0.6704383492469788,sentence-transformers/all-mpnet-base-v2,null_baseline,True,False
1978176807162548656,CRM,False,,15,complete,True,-0.0007795101294594,0.0003762592471855,11.0,0.0005943274251067,0.0003034552892092,6130.0,0.000933667306711,-0.7186171593499461,20.114192495921696,False,22330739,2025-10-14 19:11:18+00:00,102,False,0.3506885766983032,sentence-transformers/all-mpnet-base-v2,confirmatory,True,True
1978181412659597562,CRM,False,,15,complete,True,-0.0010483183359627,0.0011465445274025,12.0,0.0006589820801278,0.0002861369520654,6175.0,0.0010088475930757,1.7039478604747906,94.07287449392712,True,22330739,2025-10-14 19:29:36+00:00,103,False,0.456460952758789,sentence-transformers/all-mpnet-base-v2,confirmatory,True,True
1978181780931793020,CRM,False,,15,complete,True,0.0003272090351439,0.0012382110391,12.0,0.0006589820801278,0.0002861369520654,6175.0,0.0010088475930757,2.024306734209293,95.90283400809716,True,22330739,2025-10-14 19:31:04+00:00,104,False,0.7470812797546387,sentence-transformers/all-mpnet-base-v2,confirmatory,True,True
1978218864925114709,CRM,False,,15,complete,True,-0.0084790124572746,0.0023193837853785,0.0,0.0016535633785195,0.0007536210791284,7739.0,0.0026949740567718,0.8834949357161885,82.3879054141362,False,22330739,2025-10-14 21:58:25+00:00,105,False,0.5287947654724121,sentence-transformers/all-mpnet-base-v2,confirmatory,True,True
1978222543531049351,CRM,False,,15,complete,True,-0.0084790124572746,0.0023193837853785,0.0,0.0016535633785195,0.0007536210791284,7739.0,0.0026949740567718,0.8834949357161885,82.3879054141362,False,22330739,2025-10-14 22:13:02+00:00,106,False,0.4943640232086181,sentence-transformers/all-mpnet-base-v2,confirmatory,True,True
1978242512675385538,CRM,False,,15,complete,True,-0.0084790124572746,0.0023193837853785,0.0,0.0016535633785195,0.0007536210791284,7739.0,0.0026949740567718,0.8834949357161885,82.3879054141362,False,22330739,2025-10-14 23:32:23+00:00,107,False,0.4417459964752197,sentence-transformers/all-mpnet-base-v2,confirmatory,True,True
1978324567627043210,CRM,False,,15,complete,True,-0.0084790124572746,0.0023193837853785,0.0,0.0016535633785195,0.0007536210791284,7739.0,0.0026949740567718,0.8834949357161885,82.3879054141362,False,22330739,2025-10-15 04:58:27+00:00,108,False,0.5951277017593384,sentence-transformers/all-mpnet-base-v2,confirmatory,True,True
1978369525231010260,CRM,False,,15,complete,True,-0.0084790124572746,0.0023193837853785,0.0,0.0016535633785195,0.0007536210791284,7739.0,0.0026949740567718,0.8834949357161885,82.3879054141362,False,22330739,2025-10-15 07:57:05+00:00,109,False,0.3203270435333252,sentence-transformers/all-mpnet-base-v2,confirmatory,True,True
1978503669541961752,CRM,False,,12,partial,True,-0.0027726669526452,0.0008443769751396,6.0,0.0007570981400035,0.0004017520093097,2612.0,0.0012501927122835,0.2172455472868953,69.79326186830015,False,22330739,2025-10-15 16:50:08+00:00,110,False,0.3917485475540161,sentence-transformers/all-mpnet-base-v2,confirmatory,True,True
1978504636370948450,CRM,False,,11,partial,True,-0.0020469915600036,0.0008480618193849,6.0,0.0007570981400035,0.0004017520093097,2612.0,0.0012501927122835,0.2264174846012615,70.09954058192956,False,22330739,2025-10-15 16:53:58+00:00,111,False,0.3813859224319458,sentence-transformers/all-mpnet-base-v2,confirmatory,True,True
1978511327535759408,CRM,False,,12,partial,True,-0.0004964670055567,0.0007612563115378,7.0,0.0007221992409006,0.0005602314396621,2726.0,0.0011062566243012,0.0697159564281802,69.73587674247982,False,22330739,2025-10-15 17:20:34+00:00,112,False,0.4580248594284057,sentence-transformers/all-mpnet-base-v2,confirmatory,True,True
1978523789013999782,CRM,False,,6,insufficient,False,-0.0005361878137704,0.0004461258842469,9.0,0.0006798511763971,0.0004567842657429,3068.0,0.001057582176389,-0.5116754443590934,26.401564537157757,False,22330739,2025-10-15 18:10:05+00:00,113,False,0.4786458611488342,sentence-transformers/all-mpnet-base-v2,confirmatory,True,False
1978564972532715922,MSFT,False,,15,complete,True,-0.0016324551733248,0.0011643666613617,0.0,0.0009394249546098,0.0004120387512163,14653.0,0.0014739637379442,0.5459236688003511,77.58138265201666,False,20571756,2025-10-15 20:53:44+00:00,128,False,0.5192368626594543,sentence-transformers/all-mpnet-base-v2,null_baseline,True,False
1978564974805962867,MSFT,False,,15,complete,True,-0.0016324551733248,0.0011643666613617,0.0,0.0009394249546098,0.0004120387512163,14653.0,0.0014739637379442,0.5459236688003511,77.58138265201666,False,20571756,2025-10-15 20:53:44+00:00,128,False,0.5442007184028625,sentence-transformers/all-mpnet-base-v2,null_baseline,True,False
1978593398648119794,MSFT,False,,15,complete,True,-0.0016324551733248,0.0011643666613617,0.0,0.0009394249546098,0.0004120387512163,14653.0,0.0014739637379442,0.5459236688003511,77.58138265201666,False,20571756,2025-10-15 22:46:41+00:00,130,False,0.7448682188987732,sentence-transformers/all-mpnet-base-v2,null_baseline,True,False
1978637049705238780,CRM,False,,15,complete,True,0.0650718673916312,0.0045357235992466,0.0,0.0016535633785195,0.0007536210791284,7739.0,0.0026949740567718,3.82441561223351,99.57358831890424,True,22330739,2025-10-16 01:40:08+00:00,114,False,0.6207127571105957,sentence-transformers/all-mpnet-base-v2,confirmatory,True,True
1978646661875343729,CRM,False,,15,complete,True,0.0650718673916312,0.0045357235992466,0.0,0.0016535633785195,0.0007536210791284,7739.0,0.0026949740567718,3.82441561223351,99.57358831890424,True,22330739,2025-10-16 02:18:20+00:00,115,False,0.7742334604263306,sentence-transformers/all-mpnet-base-v2,confirmatory,True,True
1978668875307762003,CRM,False,,15,complete,True,0.0650718673916312,0.0045357235992466,0.0,0.0016535633785195,0.0007536210791284,7739.0,0.0026949740567718,3.82441561223351,99.57358831890424,True,22330739,2025-10-16 03:46:36+00:00,116,False,0.7253965139389038,sentence-transformers/all-mpnet-base-v2,confirmatory,True,True
1978669569096163384,BOX,False,,5,insufficient,False,0.0042547657666593,0.0013070101415574,0.0,0.0023659974273463,0.00134124926425,472.0,0.0040409491025227,-0.7895529295078286,13.771186440677964,False,914061,2025-10-16 03:49:21+00:00,274,False,0.1871108412742614,sentence-transformers/all-mpnet-base-v2,confirmatory,True,False
1978671331156677010,CRM,False,,15,complete,True,0.0650718673916312,0.0045357235992466,0.0,0.0016535633785195,0.0007536210791284,7739.0,0.0026949740567718,3.82441561223351,99.57358831890424,True,22330739,2025-10-16 03:56:21+00:00,117,False,0.7505922317504883,sentence-transformers/all-mpnet-base-v2,confirmatory,True,True
1978672398028120078,CRM,False,,15,complete,True,0.0650718673916312,0.0045357235992466,0.0,0.0016535633785195,0.0007536210791284,7739.0,0.0026949740567718,3.82441561223351,99.57358831890424,True,22330739,2025-10-16 04:00:36+00:00,118,False,0.7249559164047241,sentence-transformers/all-mpnet-base-v2,confirmatory,True,True
1978672697740554254,CRM,False,,15,complete,True,0.0650718673916312,0.0045357235992466,0.0,0.0016535633785195,0.0007536210791284,7739.0,0.0026949740567718,3.82441561223351,99.57358831890424,True,22330739,2025-10-16 04:01:47+00:00,119,False,0.6263071894645691,sentence-transformers/all-mpnet-base-v2,confirmatory,True,True
1978688092761387149,CRM,False,,15,complete,True,0.0650718673916312,0.0045357235992466,0.0,0.0016535633785195,0.0007536210791284,7739.0,0.0026949740567718,3.82441561223351,99.57358831890424,True,22330739,2025-10-16 05:02:58+00:00,120,False,0.6189607977867126,sentence-transformers/all-mpnet-base-v2,confirmatory,True,True
1978689274674294956,CRM,False,,15,complete,True,0.0650718673916312,0.0045357235992466,0.0,0.0016535633785195,0.0007536210791284,7739.0,0.0026949740567718,3.82441561223351,99.57358831890424,True,22330739,2025-10-16 05:07:40+00:00,121,False,0.4005815386772156,sentence-transformers/all-mpnet-base-v2,confirmatory,True,True
1978735637348876310,CRM,False,,15,complete,True,0.0650718673916312,0.0045357235992466,0.0,0.0016535633785195,0.0007536210791284,7739.0,0.0026949740567718,3.82441561223351,99.57358831890424,True,22330739,2025-10-16 08:11:53+00:00,122,False,0.30982106924057,sentence-transformers/all-mpnet-base-v2,confirmatory,True,True
1978810256999268551,MSFT,False,,15,complete,True,-0.0016324551733248,0.0011643666613617,0.0,0.0009394249546098,0.0004120387512163,14653.0,0.0014739637379442,0.5459236688003511,77.58138265201666,False,20571756,2025-10-16 13:08:24+00:00,131,False,0.3732504844665527,sentence-transformers/all-mpnet-base-v2,null_baseline,True,False
1978810259356430427,MSFT,False,,15,complete,True,-0.0016324551733248,0.0011643666613617,0.0,0.0009394249546098,0.0004120387512163,14653.0,0.0014739637379442,0.5459236688003511,77.58138265201666,False,20571756,2025-10-16 13:08:25+00:00,132,False,0.4247322082519531,sentence-transformers/all-mpnet-base-v2,null_baseline,True,False
1978825644231336390,MSFT,False,,13,partial,True,0.0001438617656437,0.0006447105819444,1.0,0.0007149928506676,0.0003994200585477,13614.0,0.0010838534439855,-0.1759607891969654,50.23505215219627,False,20571756,2025-10-16 14:09:33+00:00,133,False,0.4969427585601806,sentence-transformers/all-mpnet-base-v2,null_baseline,True,False
1978825646370423095,MSFT,False,,13,partial,True,0.0001438617656437,0.0006447105819444,1.0,0.0007149928506676,0.0003994200585477,13614.0,0.0010838534439855,-0.1759607891969654,50.23505215219627,False,20571756,2025-10-16 14:09:33+00:00,133,False,0.6312921047210693,sentence-transformers/all-mpnet-base-v2,null_baseline,True,False
1978857927701340175,CRM,False,,15,complete,True,-0.0022981405375234,0.0011332315413758,5.0,0.0007515391559441,0.0003413825025699,2933.0,0.0011898969629487,1.1180783507011431,87.99863620866007,False,22330739,2025-10-16 16:17:50+00:00,123,False,0.3265364170074463,sentence-transformers/all-mpnet-base-v2,confirmatory,True,True
1978884550278463725,CRM,False,,15,complete,True,-0.0042025021944089,0.001289809516921,9.0,0.0006798511763971,0.0004567842657429,3068.0,0.001057582176389,1.335331328743972,95.17601043024771,True,22330739,2025-10-16 18:03:37+00:00,124,False,0.5665811896324158,sentence-transformers/all-mpnet-base-v2,confirmatory,True,True
1978900057761157370,HOOD,False,,14,partial,True,-0.0001532982660545,0.0013258647667975,11.0,0.0011052161091722,0.0005247132447824,10594.0,0.00171155371555,0.4205128416699192,76.30734377949783,False,605700792,2025-10-16 19:05:14+00:00,158,False,0.6955190896987915,sentence-transformers/all-mpnet-base-v2,confirmatory,True,True
1978926937520378354,CRM,False,,15,complete,True,0.0222615165121771,0.0026116534240007,0.0,0.0016535633785195,0.0007536210791284,7739.0,0.0026949740567718,1.271315349338647,88.59025713916526,False,22330739,2025-10-16 20:52:03+00:00,125,False,0.4334814548492431,sentence-transformers/all-mpnet-base-v2,confirmatory,True,True
1978946283214700724,CRM,False,,15,complete,True,0.0222615165121771,0.0026116534240007,0.0,0.0016535633785195,0.0007536210791284,7739.0,0.0026949740567718,1.271315349338647,88.59025713916526,False,22330739,2025-10-16 22:08:55+00:00,126,False,0.7278434634208679,sentence-transformers/all-mpnet-base-v2,confirmatory,True,True
1978966673223807275,CRM,False,,15,complete,True,0.0222615165121771,0.0026116534240007,0.0,0.0016535633785195,0.0007536210791284,7739.0,0.0026949740567718,1.271315349338647,88.59025713916526,False,22330739,2025-10-16 23:29:56+00:00,127,False,0.3845332860946655,sentence-transformers/all-mpnet-base-v2,confirmatory,True,True
1978968562846044611,CRM,False,,15,complete,True,0.0222615165121771,0.0026116534240007,0.0,0.0016535633785195,0.0007536210791284,7739.0,0.0026949740567718,1.271315349338647,88.59025713916526,False,22330739,2025-10-16 23:37:27+00:00,128,False,0.388990581035614,sentence-transformers/all-mpnet-base-v2,confirmatory,True,True
1978982310113390827,BOX,False,,4,insufficient,False,0.0008476436115854,0.0015635162667349,0.0,0.0023659974273463,0.00134124926425,472.0,0.0040409491025227,-0.5983087424544525,29.8728813559322,False,914061,2025-10-17 00:32:05+00:00,271,False,0.20955890417099,sentence-transformers/all-mpnet-base-v2,confirmatory,True,False
1978985290959118396,CRM,False,,15,complete,True,0.0222615165121771,0.0026116534240007,0.0,0.0016535633785195,0.0007536210791284,7739.0,0.0026949740567718,1.271315349338647,88.59025713916526,False,22330739,2025-10-17 00:43:55+00:00,129,False,0.6764824986457825,sentence-transformers/all-mpnet-base-v2,confirmatory,True,True
1979276817396830411,CRM,False,,14,partial,True,0.0146063096127331,0.0012482145446568,0.0,0.0016535633785195,0.0007536210791284,7739.0,0.0026949740567718,-0.537868227268156,34.08709135547228,False,22330739,2025-10-17 20:02:21+00:00,130,False,0.8010920286178589,sentence-transformers/all-mpnet-base-v2,confirmatory,True,True
1979312435694834048,BOX,False,,10,partial,True,0.0024691836509638,0.0018435868018506,0.0,0.0023659974273463,0.00134124926425,472.0,0.0040409491025227,-0.3894955541972387,50.0,False,914061,2025-10-17 22:23:53+00:00,270,False,0.1889089941978454,sentence-transformers/all-mpnet-base-v2,confirmatory,True,True
1979326518271848873,CRM,False,,14,partial,True,0.0146063096127331,0.0012482145446568,0.0,0.0016535633785195,0.0007536210791284,7739.0,0.0026949740567718,-0.537868227268156,34.08709135547228,False,22330739,2025-10-17 23:19:50+00:00,131,False,0.2626212239265442,sentence-transformers/all-mpnet-base-v2,confirmatory,True,True
1979347061863780699,HOOD,False,,15,complete,True,0.0369882830462524,0.0019044707254662,0.0,0.0029116442658918,0.0011964742156813,12565.0,0.0044324270052405,-0.8417845760696377,17.51691205730203,False,605700792,2025-10-18 00:41:28+00:00,159,False,0.3872213363647461,sentence-transformers/all-mpnet-base-v2,confirmatory,True,True
1979381575826706929,CRM,False,,14,partial,True,0.0146063096127331,0.0012482145446568,0.0,0.0016535633785195,0.0007536210791284,7739.0,0.0026949740567718,-0.537868227268156,34.08709135547228,False,22330739,2025-10-18 02:58:37+00:00,132,False,0.4210317134857178,sentence-transformers/all-mpnet-base-v2,confirmatory,True,True
1979387296387600829,CRM,False,,14,partial,True,0.0146063096127331,0.0012482145446568,0.0,0.0016535633785195,0.0007536210791284,7739.0,0.0026949740567718,-0.537868227268156,34.08709135547228,False,22330739,2025-10-18 03:21:21+00:00,133,False,0.4141367673873901,sentence-transformers/all-mpnet-base-v2,confirmatory,True,True
1979402261077033236,CRM,False,,14,partial,True,0.0146063096127331,0.0012482145446568,0.0,0.0016535633785195,0.0007536210791284,7739.0,0.0026949740567718,-0.537868227268156,34.08709135547228,False,22330739,2025-10-18 04:20:49+00:00,134,False,0.26276695728302,sentence-transformers/all-mpnet-base-v2,confirmatory,True,True
1979406842645352534,CRM,False,,14,partial,True,0.0146063096127331,0.0012482145446568,0.0,0.0016535633785195,0.0007536210791284,7739.0,0.0026949740567718,-0.537868227268156,34.08709135547228,False,22330739,2025-10-18 04:39:01+00:00,135,False,0.6074268817901611,sentence-transformers/all-mpnet-base-v2,confirmatory,True,True
1979597667031511064,BOX,False,,10,partial,True,0.0024691836509638,0.0018435868018506,0.0,0.0023659974273463,0.00134124926425,472.0,0.0040409491025227,-0.3894955541972387,50.0,False,914061,2025-10-18 17:17:17+00:00,271,False,0.3094955682754516,sentence-transformers/all-mpnet-base-v2,confirmatory,True,True
1979648582224658538,BOX,False,,10,partial,True,0.0024691836509638,0.0018435868018506,0.0,0.0023659974273463,0.00134124926425,472.0,0.0040409491025227,-0.3894955541972387,50.0,False,914061,2025-10-18 20:39:36+00:00,272,False,0.1935677528381347,sentence-transformers/all-mpnet-base-v2,confirmatory,True,True
1979941267753824738,BOX,False,,10,partial,True,0.0024691836509638,0.0018435868018506,0.0,0.0023659974273463,0.00134124926425,472.0,0.0040409491025227,-0.3894955541972387,50.0,False,914061,2025-10-19 16:02:38+00:00,272,False,0.2291957139968872,sentence-transformers/all-mpnet-base-v2,confirmatory,True,True
1980028936995447178,CRM,False,,14,partial,True,0.0146063096127331,0.0012482145446568,0.0,0.0016535633785195,0.0007536210791284,7739.0,0.0026949740567718,-0.537868227268156,34.08709135547228,False,22330739,2025-10-19 21:51:00+00:00,136,False,0.4015548825263977,sentence-transformers/all-mpnet-base-v2,confirmatory,True,True
1980029896866103523,CRM,False,,14,partial,True,0.0146063096127331,0.0012482145446568,0.0,0.0016535633785195,0.0007536210791284,7739.0,0.0026949740567718,-0.537868227268156,34.08709135547228,False,22330739,2025-10-19 21:54:49+00:00,137,False,0.2963852882385254,sentence-transformers/all-mpnet-base-v2,confirmatory,True,True
1980032245311422578,CRM,False,,14,partial,True,0.0146063096127331,0.0012482145446568,0.0,0.0016535633785195,0.0007536210791284,7739.0,0.0026949740567718,-0.537868227268156,34.08709135547228,False,22330739,2025-10-19 22:04:09+00:00,138,False,0.3320309519767761,sentence-transformers/all-mpnet-base-v2,confirmatory,True,True
1980085588549362123,BOX,False,,10,partial,True,0.0024691836509638,0.0018435868018506,0.0,0.0023659974273463,0.00134124926425,472.0,0.0040409491025227,-0.3894955541972387,50.0,False,914061,2025-10-20 01:36:07+00:00,272,False,0.2342678904533386,sentence-transformers/all-mpnet-base-v2,confirmatory,True,True
1980298516963684402,QCOM,False,,14,partial,True,0.001740710557006,0.0004722008655619,4.0,0.0009588256463958,0.0006455232522669,5120.0,0.0016981298558523,-0.7538454720645583,12.617187499999998,False,234930762,2025-10-20 15:42:13+00:00,79,False,0.7018932104110718,sentence-transformers/all-mpnet-base-v2,confirmatory,True,True
1980435175160050092,BOX,False,,5,insufficient,False,0.0055311104265374,0.0010121421371292,0.0,0.0023659974273463,0.00134124926425,472.0,0.0040409491025227,-1.0093987197629766,3.6016949152542375,False,914061,2025-10-21 00:45:15+00:00,273,False,0.1833226680755615,sentence-transformers/all-mpnet-base-v2,confirmatory,True,False
1980708424192282692,QCOM,False,,10,partial,True,-0.0022794009955986,0.0006562072025177,10.0,0.0008381018115482,0.0007442819782589,4975.0,0.0014326202346469,-0.2443893770691785,50.35175879396985,False,234930762,2025-10-21 18:51:02+00:00,80,False,0.2160162925720214,sentence-transformers/all-mpnet-base-v2,confirmatory,True,True
1980710354016669751,BOX,False,,11,partial,True,0.0021207359373337,0.0003313264053914,10.0,0.0008190620321485,0.0003124081692805,265.0,0.0012370491267267,-1.5612127809601457,3.39622641509434,False,914061,2025-10-21 18:58:42+00:00,273,False,0.4121751189231872,sentence-transformers/all-mpnet-base-v2,confirmatory,True,True
1980724919995625579,CRM,False,,3,insufficient,False,-0.0004551255088127,0.0002462717441495,12.0,0.0006589820801278,0.0002861369520654,6175.0,0.0010088475930757,-1.4423524574480673,1.117408906882591,False,22330739,2025-10-21 19:56:35+00:00,139,False,0.5127831697463989,sentence-transformers/all-mpnet-base-v2,confirmatory,True,False
1980725086417219920,CRM,False,,2,insufficient,False,-0.001472495944957,0.0,12.0,0.0006589820801278,0.0002861369520654,6175.0,0.0010088475930757,-2.303030333450913,0.0,False,22330739,2025-10-21 19:57:15+00:00,140,False,0.7264299392700195,sentence-transformers/all-mpnet-base-v2,confirmatory,True,False
1980725088967376912,CRM,False,,2,insufficient,False,-0.001472495944957,0.0,12.0,0.0006589820801278,0.0002861369520654,6175.0,0.0010088475930757,-2.303030333450913,0.0,False,22330739,2025-10-21 19:57:15+00:00,140,False,0.614490270614624,sentence-transformers/all-mpnet-base-v2,confirmatory,True,False
1980730009280213487,CRM,False,,15,complete,True,-0.0137426624920704,0.001827641642184,0.0,0.0016535633785195,0.0007536210791284,7739.0,0.0026949740567718,0.2309891117507219,66.985398630314,False,22330739,2025-10-21 20:16:49+00:00,142,False,0.2681540250778198,sentence-transformers/all-mpnet-base-v2,confirmatory,True,True
1980736083714535694,MSFT,False,,15,complete,True,0.010211202034791,0.0011141325287566,0.0,0.0009394249546098,0.0004120387512163,14653.0,0.0014739637379442,0.4240076294549778,74.3874974407971,False,20571756,2025-10-21 20:40:57+00:00,125,False,0.3824567198753357,sentence-transformers/all-mpnet-base-v2,null_baseline,True,False
1980856705027305835,BOX,False,,7,insufficient,False,-0.004306013635704,0.0010055933893956,0.0,0.0023659974273463,0.00134124926425,472.0,0.0040409491025227,-1.0142812929789669,3.6016949152542375,False,914061,2025-10-22 04:40:15+00:00,273,False,0.2013831138610839,sentence-transformers/all-mpnet-base-v2,confirmatory,True,False
1981028639048454568,QCOM,False,,14,partial,True,-0.0018001308816658,0.0008961325836045,5.0,0.0008809439772216,0.0005446211250859,4216.0,0.0015541749889803,0.0278883900812132,63.946869070208734,False,234930762,2025-10-22 16:03:27+00:00,81,False,0.331360399723053,sentence-transformers/all-mpnet-base-v2,confirmatory,True,True
1981043419062694123,BOX,False,,8,partial,True,-0.0004407275519612,0.0004397605480148,6.0,0.0008828791634215,0.0002489084372389,101.0,0.0011867096342035,-1.7802474689975731,1.98019801980198,False,914061,2025-10-22 17:02:11+00:00,273,False,0.2810196876525879,sentence-transformers/all-mpnet-base-v2,confirmatory,True,True
1981190193718972802,BOX,False,,6,insufficient,False,-0.0121872554584607,0.0022562822395309,0.0,0.0023659974273463,0.00134124926425,472.0,0.0040409491025227,-0.0818007440822358,61.65254237288136,False,914061,2025-10-23 02:45:25+00:00,274,False,0.4904018640518188,sentence-transformers/all-mpnet-base-v2,confirmatory,True,False
1981385174949769533,HOOD,False,,14,partial,True,0.0032960911170754,0.0013690590469867,4.0,0.0013876350240362,0.0005670153025844,10096.0,0.002103771143176,-0.0327609801089848,58.08240887480191,False,605700792,2025-10-23 15:40:12+00:00,160,False,0.4967520833015442,sentence-transformers/all-mpnet-base-v2,confirmatory,True,True
1981403279780434058,BOX,False,,3,insufficient,False,-0.0002784978207265,0.0013549004449922,6.0,0.0008828791634215,0.0002489084372389,101.0,0.0011867096342035,1.896365132522983,97.02970297029702,True,914061,2025-10-23 16:52:09+00:00,274,False,0.387635588645935,sentence-transformers/all-mpnet-base-v2,confirmatory,True,False
1981405533501608229,HOOD,False,,15,complete,True,-0.0009930616383428,0.0008428491199367,7.0,0.0012735096511832,0.0008597830624624,8488.0,0.0019450931125967,-0.5008944116822204,22.973609802073515,False,605700792,2025-10-23 17:01:06+00:00,161,False,0.4684580564498901,sentence-transformers/all-mpnet-base-v2,confirmatory,True,True
1981408462287622378,MSFT,False,,13,partial,True,0.0011128873103775,0.0002837211519678,7.0,0.0004485307556491,0.0004097469845394,8216.0,0.0006639670621169,-0.4022228592274597,21.555501460564752,False,20571756,2025-10-23 17:12:44+00:00,126,False,0.5436939001083374,sentence-transformers/all-mpnet-base-v2,null_baseline,True,False
1981422845034188885,MSFT,False,,12,partial,True,0.0002698452126346,0.0002799732354707,9.0,0.0004130497589246,0.0002313650987548,9133.0,0.000642585773961,-0.5751797663953686,27.04478265630133,False,20571756,2025-10-23 18:09:53+00:00,127,False,0.604788064956665,sentence-transformers/all-mpnet-base-v2,null_baseline,True,False
1981422847332667690,MSFT,False,,12,partial,True,0.0002698452126346,0.0002799732354707,9.0,0.0004130497589246,0.0002313650987548,9133.0,0.000642585773961,-0.5751797663953686,27.04478265630133,False,20571756,2025-10-23 18:09:54+00:00,128,False,0.6798223853111267,sentence-transformers/all-mpnet-base-v2,null_baseline,True,False
1981465733453533574,CRM,True,"cpi(ALL, 2025-10-24 12:30:00+00:00->2025-10-24 20:00:00+00:00)",15,complete,False,-0.0004839514983829,0.001547333945761,0.0,0.0016535633785195,0.0007536210791284,7739.0,0.0026949740567718,-0.1409586802978309,53.58573459103243,False,22330739,2025-10-23 21:00:19+00:00,143,False,0.7415757775306702,sentence-transformers/all-mpnet-base-v2,confirmatory,True,False
1981466897557196837,MSFT,True,"cpi(ALL, 2025-10-24 12:30:00+00:00->2025-10-24 20:00:00+00:00)",14,partial,False,-0.0007661640023266,0.0008151401497207,0.0,0.0009394249546098,0.0004120387512163,14653.0,0.0014739637379442,-0.3016337772168759,45.24670715894356,False,20571756,2025-10-23 21:04:56+00:00,129,False,0.6697776317596436,sentence-transformers/all-mpnet-base-v2,null_baseline,True,False
1981469524902957367,CRM,True,"cpi(ALL, 2025-10-24 12:30:00+00:00->2025-10-24 20:00:00+00:00)",15,complete,False,-0.0004839514983829,0.001547333945761,0.0,0.0016535633785195,0.0007536210791284,7739.0,0.0026949740567718,-0.1409586802978309,53.58573459103243,False,22330739,2025-10-23 21:15:23+00:00,144,False,0.6645539402961731,sentence-transformers/all-mpnet-base-v2,confirmatory,True,False
1981472545506525478,HOOD,True,"cpi(ALL, 2025-10-24 12:30:00+00:00->2025-10-24 20:00:00+00:00)",15,complete,False,0.0386683137756715,0.0040857156475536,0.0,0.0029116442658918,0.0011964742156813,12565.0,0.0044324270052405,0.9812759575375904,85.81774771189814,False,605700792,2025-10-23 21:27:23+00:00,162,False,0.4824286103248596,sentence-transformers/all-mpnet-base-v2,confirmatory,True,False
1981479811500724297,BOX,True,"cpi(ALL, 2025-10-24 12:30:00+00:00->2025-10-24 20:00:00+00:00)",5,insufficient,False,-0.0006233979572389,0.0008261763708606,0.0,0.0023659974273463,0.00134124926425,472.0,0.0040409491025227,-1.1480498797116836,1.694915254237288,False,914061,2025-10-23 21:56:15+00:00,275,False,0.2560490369796753,sentence-transformers/all-mpnet-base-v2,confirmatory,True,False
1981494342188752983,CRM,True,"cpi(ALL, 2025-10-24 12:30:00+00:00->2025-10-24 20:00:00+00:00)",15,complete,False,-0.0004839514983829,0.001547333945761,0.0,0.0016535633785195,0.0007536210791284,7739.0,0.0026949740567718,-0.1409586802978309,53.58573459103243,False,22330739,2025-10-23 22:54:00+00:00,145,False,0.5694750547409058,sentence-transformers/all-mpnet-base-v2,confirmatory,True,False
1981530428684325094,HOOD,True,"cpi(ALL, 2025-10-24 12:30:00+00:00->2025-10-24 20:00:00+00:00)",15,complete,False,0.0386683137756715,0.0040857156475536,0.0,0.0029116442658918,0.0011964742156813,12565.0,0.0044324270052405,0.9812759575375904,85.81774771189814,False,605700792,2025-10-24 01:17:23+00:00,163,False,0.4343680739402771,sentence-transformers/all-mpnet-base-v2,confirmatory,True,False
1981530430550819291,HOOD,True,"cpi(ALL, 2025-10-24 12:30:00+00:00->2025-10-24 20:00:00+00:00)",15,complete,False,0.0386683137756715,0.0040857156475536,0.0,0.0029116442658918,0.0011964742156813,12565.0,0.0044324270052405,0.9812759575375904,85.81774771189814,False,605700792,2025-10-24 01:17:24+00:00,164,False,0.9142158627510072,sentence-transformers/all-mpnet-base-v2,confirmatory,True,False
1981552772542869574,BOX,True,"cpi(ALL, 2025-10-24 12:30:00+00:00->2025-10-24 20:00:00+00:00)",5,insufficient,False,-0.0006233979572389,0.0008261763708606,0.0,0.0023659974273463,0.00134124926425,472.0,0.0040409491025227,-1.1480498797116836,1.694915254237288,False,914061,2025-10-24 02:46:11+00:00,276,False,0.2029629945755005,sentence-transformers/all-mpnet-base-v2,confirmatory,True,False
1981782892402639171,MSFT,True,"cpi(ALL, 2025-10-24 12:30:00+00:00->2025-10-24 20:00:00+00:00)",14,partial,False,0.0007986080330988,0.0003206864737981,9.0,0.0004130497589246,0.0002313650987548,9133.0,0.000642585773961,-0.3992101039592116,39.209460199277345,False,20571756,2025-10-24 18:00:35+00:00,130,False,0.4370612502098083,sentence-transformers/all-mpnet-base-v2,null_baseline,True,False
1981791418910949698,HOOD,True,"cpi(ALL, 2025-10-24 12:30:00+00:00->2025-10-24 20:00:00+00:00)",13,partial,False,0.0006819302685857,0.0007326816539536,10.0,0.0011485242329436,0.0005914157179625,9496.0,0.0018497083075648,-0.7031307528021821,21.18786857624263,False,605700792,2025-10-24 18:34:28+00:00,165,False,0.6396938562393188,sentence-transformers/all-mpnet-base-v2,confirmatory,True,False
1981824663627215012,QCOM,False,,15,complete,True,-0.0069236043796603,0.0018868379949044,0.0,0.0017823192627403,0.0010698256208132,8499.0,0.0032347960452871,0.0976969798916234,68.84339334039299,False,234930762,2025-10-24 20:46:34+00:00,82,False,0.4142872095108032,sentence-transformers/all-mpnet-base-v2,confirmatory,True,True
1981921855863963863,BOX,False,,7,insufficient,False,-0.0105154716753654,0.0007125806000319,0.0,0.0023659974273463,0.00134124926425,472.0,0.0040409491025227,-1.2327438839184672,0.847457627118644,False,914061,2025-10-25 03:12:47+00:00,276,False,0.3470644950866699,sentence-transformers/all-mpnet-base-v2,confirmatory,True,False
1982605763555246203,BOX,False,,7,insufficient,False,-0.0105154716753654,0.0007125806000319,0.0,0.0023659974273463,0.00134124926425,472.0,0.0040409491025227,-1.2327438839184672,0.847457627118644,False,914061,2025-10-27 00:30:23+00:00,275,False,0.1807526350021362,sentence-transformers/all-mpnet-base-v2,confirmatory,True,False
1982641501491634468,CRM,False,,13,partial,True,-0.0078547305191869,0.001695039081883,0.0,0.0016535633785195,0.0007536210791284,7739.0,0.0026949740567718,0.055035221959883,61.58418400310117,False,22330739,2025-10-27 02:52:24+00:00,146,False,0.4990783333778381,sentence-transformers/all-mpnet-base-v2,confirmatory,True,True
1982815909661286838,QCOM,False,,15,complete,True,0.0078193861760855,0.0058788947066114,1.0,0.0013793563903108,0.0009345661372343,7985.0,0.0026135186706023,4.814574525047733,99.52410770194116,True,234930762,2025-10-27 14:25:26+00:00,83,False,0.4905608892440796,sentence-transformers/all-mpnet-base-v2,confirmatory,True,True
1982816909792772100,QCOM,False,,15,complete,True,0.0007489886150997,0.0044116809875582,2.0,0.0011865487468786,0.000799503699653,7176.0,0.0022010986042174,4.033917844381749,99.2056856187291,True,234930762,2025-10-27 14:29:24+00:00,84,False,0.3450236320495605,sentence-transformers/all-mpnet-base-v2,confirmatory,True,True
1982860556433535426,CRM,False,,9,partial,True,0.0013596697610138,0.0003365481121566,7.0,0.0007221992409006,0.0005602314396621,2726.0,0.0011062566243012,-0.6883782334253495,7.850330154071901,False,22330739,2025-10-27 17:22:51+00:00,147,False,0.5006098747253418,sentence-transformers/all-mpnet-base-v2,confirmatory,True,True
1982863923604033904,HOOD,False,,15,complete,True,0.0024542527369049,0.0009740210454254,8.0,0.001213082701226,0.0006543315496727,8409.0,0.0018807725151064,-0.3653524821172837,41.36044713996908,False,605700792,2025-10-27 17:36:13+00:00,166,False,0.5603619813919067,sentence-transformers/all-mpnet-base-v2,confirmatory,True,True
1982868323735089546,HOOD,False,,15,complete,True,0.0001118968035227,0.0006958084674216,8.0,0.001213082701226,0.0006543315496727,8409.0,0.0018807725151064,-0.7905384266785,12.855274111071472,False,605700792,2025-10-27 17:53:42+00:00,167,False,0.4440915584564209,sentence-transformers/all-mpnet-base-v2,confirmatory,True,True
1982868325140230506,HOOD,False,,15,complete,True,0.0001118968035227,0.0006958084674216,8.0,0.001213082701226,0.0006543315496727,8409.0,0.0018807725151064,-0.7905384266785,12.855274111071472,False,605700792,2025-10-27 17:53:43+00:00,168,False,0.7591270208358765,sentence-transformers/all-mpnet-base-v2,confirmatory,True,True
1982875803076702400,BOX,False,,6,insufficient,False,-0.0011614597944786,0.0002656501670683,9.0,0.0007694987405448,0.0002384235737868,150.0,0.0011138224769505,-2.1132498161737776,0.0,False,914061,2025-10-27 18:23:26+00:00,275,False,0.6692744493484497,sentence-transformers/all-mpnet-base-v2,confirmatory,True,False
1982953921590202717,MSFT,False,,1,insufficient,False,0.0060879393412516,,,,,,,,,False,20571756,2025-10-27 23:33:51+00:00,126,False,0.5271860361099243,sentence-transformers/all-mpnet-base-v2,null_baseline,True,False
1982953924077465850,MSFT,False,,1,insufficient,False,0.0060879393412516,,,,,,,,,False,20571756,2025-10-27 23:33:51+00:00,126,False,0.5816363096237183,sentence-transformers/all-mpnet-base-v2,null_baseline,True,False
1982996352641462724,BOX,False,,6,insufficient,False,-0.0011813562631912,0.0016483294849339,0.0,0.0023659974273463,0.00134124926425,472.0,0.0040409491025227,-0.5350742487181456,36.016949152542374,False,914061,2025-10-28 02:22:27+00:00,276,False,0.2920693755149841,sentence-transformers/all-mpnet-base-v2,confirmatory,True,False
1983259692580364424,MSFT,False,,11,partial,True,-0.002484557077711,0.000546370115686,12.0,0.0005219968721894,0.0003165024684274,8336.0,0.000856845378084,0.0770080676393328,66.92658349328215,False,20571756,2025-10-28 19:48:52+00:00,128,False,0.4761784076690674,sentence-transformers/all-mpnet-base-v2,null_baseline,True,False
1983269885812846764,MSFT,False,,15,complete,True,-0.0062266191923866,0.0012809954611954,0.0,0.0009394249546098,0.0004120387512163,14653.0,0.0014739637379442,0.8289766571161343,83.77806592506654,False,20571756,2025-10-28 20:29:22+00:00,128,False,0.4682939052581787,sentence-transformers/all-mpnet-base-v2,null_baseline,True,False
1983311070254239808,CRM,False,,15,complete,True,-0.0148710258914421,0.0018727186659741,0.0,0.0016535633785195,0.0007536210791284,7739.0,0.0026949740567718,0.2908030222669148,68.48430029719601,False,22330739,2025-10-28 23:13:01+00:00,148,False,0.3395039439201355,sentence-transformers/all-mpnet-base-v2,confirmatory,True,True
1983320062623916277,MSFT,False,,15,complete,True,-0.0062266191923866,0.0012809954611954,0.0,0.0009394249546098,0.0004120387512163,14653.0,0.0014739637379442,0.8289766571161343,83.77806592506654,False,20571756,2025-10-28 23:48:45+00:00,128,False,0.3867833614349365,sentence-transformers/all-mpnet-base-v2,null_baseline,True,False
1983320065530572983,MSFT,False,,15,complete,True,-0.0062266191923866,0.0012809954611954,0.0,0.0009394249546098,0.0004120387512163,14653.0,0.0014739637379442,0.8289766571161343,83.77806592506654,False,20571756,2025-10-28 23:48:46+00:00,129,False,0.6620190143585205,sentence-transformers/all-mpnet-base-v2,null_baseline,True,False
1983328781524935096,HOOD,False,,14,partial,True,-0.0112275354948293,0.0036832446554925,0.0,0.0029116442658918,0.0011964742156813,12565.0,0.0044324270052405,0.6448951256014362,79.88857938718664,False,605700792,2025-10-29 00:23:24+00:00,169,False,0.681332528591156,sentence-transformers/all-mpnet-base-v2,confirmatory,True,True
1983358878843838869,CRM,False,,15,complete,True,-0.0148710258914421,0.0018727186659741,0.0,0.0016535633785195,0.0007536210791284,7739.0,0.0026949740567718,0.2908030222669148,68.48430029719601,False,22330739,2025-10-29 02:23:00+00:00,149,False,0.5261445045471191,sentence-transformers/all-mpnet-base-v2,confirmatory,True,True
1983368863673921758,BOX,False,,12,partial,True,-0.0201831872636437,0.0036723798609836,0.0,0.0023659974273463,0.00134124926425,472.0,0.0040409491025227,0.974004212682844,85.59322033898306,False,914061,2025-10-29 03:02:40+00:00,276,False,0.32534259557724,sentence-transformers/all-mpnet-base-v2,confirmatory,True,True
1983372239052710047,MSFT,False,,15,complete,True,-0.0062266191923866,0.0012809954611954,0.0,0.0009394249546098,0.0004120387512163,14653.0,0.0014739637379442,0.8289766571161343,83.77806592506654,False,20571756,2025-10-29 03:16:05+00:00,130,False,0.4469449520111084,sentence-transformers/all-mpnet-base-v2,null_baseline,True,False
1983372241988726838,MSFT,False,,15,complete,True,-0.0062266191923866,0.0012809954611954,0.0,0.0009394249546098,0.0004120387512163,14653.0,0.0014739637379442,0.8289766571161343,83.77806592506654,False,20571756,2025-10-29 03:16:06+00:00,131,False,0.5198153853416443,sentence-transformers/all-mpnet-base-v2,null_baseline,True,False
1983670341810712849,MSFT,True,"earnings(MSFT, 2025-10-29 20:00:00+00:00->2025-10-30 20:00:00+00:00)",15,complete,False,-0.0094757855588671,0.003248972669585,0.0,0.0009394249546098,0.0004120387512163,14653.0,0.0014739637379442,5.605171135378918,99.87033372005732,True,20571756,2025-10-29 23:00:38+00:00,131,False,0.3013309836387634,sentence-transformers/all-mpnet-base-v2,null_baseline,True,False
1983670343098315127,MSFT,True,"earnings(MSFT, 2025-10-29 20:00:00+00:00->2025-10-30 20:00:00+00:00)",15,complete,False,-0.0094757855588671,0.003248972669585,0.0,0.0009394249546098,0.0004120387512163,14653.0,0.0014739637379442,5.605171135378918,99.87033372005732,True,20571756,2025-10-29 23:00:39+00:00,132,False,0.4223436117172241,sentence-transformers/all-mpnet-base-v2,null_baseline,True,False
1983670344692199680,MSFT,True,"earnings(MSFT, 2025-10-29 20:00:00+00:00->2025-10-30 20:00:00+00:00)",15,complete,False,-0.0094757855588671,0.003248972669585,0.0,0.0009394249546098,0.0004120387512163,14653.0,0.0014739637379442,5.605171135378918,99.87033372005732,True,20571756,2025-10-29 23:00:39+00:00,132,False,0.3418457508087158,sentence-transformers/all-mpnet-base-v2,null_baseline,True,False
1983670346164400160,MSFT,True,"earnings(MSFT, 2025-10-29 20:00:00+00:00->2025-10-30 20:00:00+00:00)",15,complete,False,-0.0094757855588671,0.003248972669585,0.0,0.0009394249546098,0.0004120387512163,14653.0,0.0014739637379442,5.605171135378918,99.87033372005732,True,20571756,2025-10-29 23:00:39+00:00,132,False,0.3841274380683899,sentence-transformers/all-mpnet-base-v2,null_baseline,True,False
1983670347972194551,MSFT,True,"earnings(MSFT, 2025-10-29 20:00:00+00:00->2025-10-30 20:00:00+00:00)",15,complete,False,-0.0094757855588671,0.003248972669585,0.0,0.0009394249546098,0.0004120387512163,14653.0,0.0014739637379442,5.605171135378918,99.87033372005732,True,20571756,2025-10-29 23:00:40+00:00,135,False,0.575279712677002,sentence-transformers/all-mpnet-base-v2,null_baseline,True,False
1983721593340875138,BOX,False,,7,insufficient,False,0.0079586316200301,0.0011204971683077,0.0,0.0023659974273463,0.00134124926425,472.0,0.0040409491025227,-0.9286120725180838,5.508474576271186,False,914061,2025-10-30 02:24:18+00:00,277,False,0.2866195440292358,sentence-transformers/all-mpnet-base-v2,confirmatory,True,False
1983949531286008023,MSFT,True,"earnings(MSFT, 2025-10-29 20:00:00+00:00->2025-10-30 20:00:00+00:00)",15,complete,False,-0.0016773165921522,0.0006637504434264,8.0,0.0004359674633041,0.0002723261052547,8669.0,0.0006549754573286,0.836434611765289,90.4371899873111,True,20571756,2025-10-30 17:30:02+00:00,136,False,0.4259258508682251,sentence-transformers/all-mpnet-base-v2,null_baseline,True,False
1983949591394578915,MSFT,True,"earnings(MSFT, 2025-10-29 20:00:00+00:00->2025-10-30 20:00:00+00:00)",15,complete,False,-0.0016773165921522,0.0006637504434264,8.0,0.0004359674633041,0.0002723261052547,8669.0,0.0006549754573286,0.836434611765289,90.4371899873111,True,20571756,2025-10-30 17:30:17+00:00,137,False,0.5917611122131348,sentence-transformers/all-mpnet-base-v2,null_baseline,True,False
1983964742919319976,HOOD,False,,14,partial,True,-0.0064758523709678,0.0009516402057064,10.0,0.0011485242329436,0.0005914157179625,9496.0,0.0018497083075648,-0.3329029331778118,46.14574557708509,False,605700792,2025-10-30 18:30:29+00:00,170,False,0.3859052062034607,sentence-transformers/all-mpnet-base-v2,confirmatory,True,True
1984063020054798440,BOX,False,,5,insufficient,False,-0.005024219436081,0.0014970140683298,0.0,0.0023659974273463,0.00134124926425,472.0,0.0040409491025227,-0.6478910238227227,26.059322033898308,False,914061,2025-10-31 01:01:00+00:00,275,False,0.178497314453125,sentence-transformers/all-mpnet-base-v2,confirmatory,True,False
1984385007042089328,HOOD,False,,15,complete,True,-0.0065257968399367,0.0032570698873823,0.0,0.0029116442658918,0.0011964742156813,12565.0,0.0044324270052405,0.2887029381521415,70.09948269001194,False,605700792,2025-10-31 22:20:28+00:00,171,False,0.604714035987854,sentence-transformers/all-mpnet-base-v2,confirmatory,True,True
1984648216730878262,BOX,False,,9,partial,True,-0.0036051874510965,0.0016499041874863,0.0,0.0023659974273463,0.00134124926425,472.0,0.0040409491025227,-0.5339001921170887,36.228813559322035,False,914061,2025-11-01 15:46:22+00:00,274,False,0.4193975925445556,sentence-transformers/all-mpnet-base-v2,confirmatory,True,True
1984662238914093489,BOX,False,,9,partial,True,-0.0036051874510965,0.0016499041874863,0.0,0.0023659974273463,0.00134124926425,472.0,0.0040409491025227,-0.5339001921170887,36.228813559322035,False,914061,2025-11-01 16:42:05+00:00,275,False,0.2771451473236084,sentence-transformers/all-mpnet-base-v2,confirmatory,True,True
1984788764963848463,BOX,False,,9,partial,True,-0.0036051874510965,0.0016499041874863,0.0,0.0023659974273463,0.00134124926425,472.0,0.0040409491025227,-0.5339001921170887,36.228813559322035,False,914061,2025-11-02 01:04:51+00:00,276,False,0.2615653872489929,sentence-transformers/all-mpnet-base-v2,confirmatory,True,True
1985052892416573932,MSFT,False,,3,insufficient,False,-0.0107767915402269,0.0015535982558727,,,,,,,,False,20571756,2025-11-02 18:34:24+00:00,138,False,0.8650022149085999,sentence-transformers/all-mpnet-base-v2,null_baseline,True,False
1985180770785481004,BOX,False,,9,partial,True,-0.0036051874510965,0.0016499041874863,0.0,0.0023659974273463,0.00134124926425,472.0,0.0040409491025227,-0.5339001921170887,36.228813559322035,False,914061,2025-11-03 03:02:33+00:00,275,False,0.2127087116241455,sentence-transformers/all-mpnet-base-v2,confirmatory,True,True
1985431247095808489,HOOD,False,,14,partial,True,0.0008166228971456,0.0007640491284148,10.0,0.0011485242329436,0.0005914157179625,9496.0,0.0018497083075648,-0.6500928075657506,25.052653748946923,False,605700792,2025-11-03 19:37:51+00:00,172,False,0.6130477786064148,sentence-transformers/all-mpnet-base-v2,confirmatory,True,True
1985507252120535429,BOX,False,,8,partial,True,-0.0001628181981322,0.0009866424693826,0.0,0.0023659974273463,0.00134124926425,472.0,0.0040409491025227,-1.028410598036671,3.1779661016949152,False,914061,2025-11-04 00:39:52+00:00,275,False,0.5826345086097717,sentence-transformers/all-mpnet-base-v2,confirmatory,True,True
1985517602475508037,MSFT,False,,1,insufficient,False,0.0033083847703611,,,,,,,,,False,20571756,2025-11-04 01:21:00+00:00,138,False,0.4468288421630859,sentence-transformers/all-mpnet-base-v2,null_baseline,True,False
1985566097152885126,BOX,False,,8,partial,True,-0.0001628181981322,0.0009866424693826,0.0,0.0023659974273463,0.00134124926425,472.0,0.0040409491025227,-1.028410598036671,3.1779661016949152,False,914061,2025-11-04 04:33:42+00:00,276,False,0.4015219807624817,sentence-transformers/all-mpnet-base-v2,confirmatory,True,True
1985771116691087613,HOOD,False,,13,partial,True,-0.0006279327459758,0.0015813257978915,7.0,0.0012735096511832,0.0008597830624624,8488.0,0.0019450931125967,0.3580160625944766,79.85391140433553,False,605700792,2025-11-04 18:08:22+00:00,173,False,0.7477969527244568,sentence-transformers/all-mpnet-base-v2,confirmatory,True,True
1985794602859970649,HOOD,False,,15,complete,True,-0.0035442356286625,0.0009974090319176,10.0,0.0011485242329436,0.0005914157179625,9496.0,0.0018497083075648,-0.2555143470765295,50.800336983993255,False,605700792,2025-11-04 19:41:42+00:00,174,False,0.627216100692749,sentence-transformers/all-mpnet-base-v2,confirmatory,True,True
1985807902385586516,MSFT,False,,15,complete,True,0.0018488738028489,0.0003396594817894,12.0,0.0005219968721894,0.0003165024684274,8336.0,0.000856845378084,-0.5761010058023938,28.862763915547024,False,20571756,2025-11-04 20:34:33+00:00,139,False,0.4457454085350036,sentence-transformers/all-mpnet-base-v2,null_baseline,True,False
1985807905145438659,MSFT,False,,15,complete,True,0.0018488738028489,0.0003396594817894,12.0,0.0005219968721894,0.0003165024684274,8336.0,0.000856845378084,-0.5761010058023938,28.862763915547024,False,20571756,2025-11-04 20:34:33+00:00,139,False,0.592937707901001,sentence-transformers/all-mpnet-base-v2,null_baseline,True,False
1985813706211803476,HOOD,False,,6,insufficient,False,-0.0112896686611067,0.0008551155255805,12.0,0.0011519743389481,0.0005454108705395,7659.0,0.001734746168232,-0.5442847390883395,29.23358140749445,False,605700792,2025-11-04 20:57:36+00:00,175,False,0.2869260311126709,sentence-transformers/all-mpnet-base-v2,confirmatory,True,False
1985868555980820605,BOX,False,,10,partial,True,0.0055993020143026,0.0010254445380652,0.0,0.0023659974273463,0.00134124926425,472.0,0.0040409491025227,-0.999480801229465,3.6016949152542375,False,914061,2025-11-05 00:35:34+00:00,277,False,0.1203738451004028,sentence-transformers/all-mpnet-base-v2,confirmatory,True,True
1986112854668550308,HOOD,False,,15,complete,True,0.0023076824630607,0.0009195548318635,4.0,0.0013876350240362,0.0005670153025844,10096.0,0.002103771143176,-0.8255159782093084,18.155705229793977,False,605700792,2025-11-05 16:46:19+00:00,176,False,0.6939014792442322,sentence-transformers/all-mpnet-base-v2,confirmatory,True,True
1986188497242488895,BOX,False,,3,insufficient,False,-0.0046715932247404,0.0017619880213219,0.0,0.0023659974273463,0.00134124926425,472.0,0.0040409491025227,-0.4503334481693588,43.22033898305085,False,914061,2025-11-05 21:46:53+00:00,278,False,0.3197073936462402,sentence-transformers/all-mpnet-base-v2,confirmatory,True,False
1986191795986780549,HOOD,True,"earnings(HOOD, 2025-11-05 21:00:00+00:00->2025-11-06 21:00:00+00:00)",15,complete,False,-0.053006008911425,0.0058401512232437,0.0,0.0029116442658918,0.0011964742156813,12565.0,0.0044324270052405,2.44761393013735,97.27815360127336,True,605700792,2025-11-05 22:00:00+00:00,177,False,0.3052334189414978,sentence-transformers/all-mpnet-base-v2,confirmatory,True,False
1986199005538492846,QCOM,True,"earnings(QCOM, 2025-11-05 21:00:00+00:00->2025-11-06 21:00:00+00:00)",15,complete,False,-0.0210795712256653,0.0026785124772489,0.0,0.0017823192627403,0.0010698256208132,8499.0,0.0032347960452871,0.8377002728980375,83.0450641251912,False,234930762,2025-11-05 22:28:39+00:00,83,False,0.2525203227996826,sentence-transformers/all-mpnet-base-v2,confirmatory,True,False
1986253067617255660,HOOD,True,"earnings(HOOD, 2025-11-05 21:00:00+00:00->2025-11-06 21:00:00+00:00)",15,complete,False,-0.053006008911425,0.0058401512232437,0.0,0.0029116442658918,0.0011964742156813,12565.0,0.0044324270052405,2.44761393013735,97.27815360127336,True,605700792,2025-11-06 02:03:28+00:00,178,False,0.425855278968811,sentence-transformers/all-mpnet-base-v2,confirmatory,True,False
1986253069575987354,HOOD,True,"earnings(HOOD, 2025-11-05 21:00:00+00:00->2025-11-06 21:00:00+00:00)",15,complete,False,-0.053006008911425,0.0058401512232437,0.0,0.0029116442658918,0.0011964742156813,12565.0,0.0044324270052405,2.44761393013735,97.27815360127336,True,605700792,2025-11-06 02:03:29+00:00,179,False,0.6061065196990967,sentence-transformers/all-mpnet-base-v2,confirmatory,True,False
1986272024248148335,HOOD,True,"earnings(HOOD, 2025-11-05 21:00:00+00:00->2025-11-06 21:00:00+00:00)",15,complete,False,-0.053006008911425,0.0058401512232437,0.0,0.0029116442658918,0.0011964742156813,12565.0,0.0044324270052405,2.44761393013735,97.27815360127336,True,605700792,2025-11-06 03:18:48+00:00,180,False,0.7345803380012512,sentence-transformers/all-mpnet-base-v2,confirmatory,True,False
1986474076429566218,QCOM,True,"earnings(QCOM, 2025-11-05 21:00:00+00:00->2025-11-06 21:00:00+00:00)",15,complete,False,-0.0018492317770107,0.0009417173540246,4.0,0.0009588256463958,0.0006455232522669,5120.0,0.0016981298558523,-0.0265029839143929,64.78515625,False,234930762,2025-11-06 16:41:41+00:00,84,False,0.4163156151771545,sentence-transformers/all-mpnet-base-v2,confirmatory,True,False
1986536542601683162,HOOD,True,"earnings(HOOD, 2025-11-05 21:00:00+00:00->2025-11-06 21:00:00+00:00)",12,partial,False,0.0060788367463121,0.0016917927505611,12.0,0.0011519743389481,0.0005454108705395,7659.0,0.001734746168232,0.9897463376169392,88.94111502807155,False,605700792,2025-11-06 20:49:54+00:00,181,False,0.586205780506134,sentence-transformers/all-mpnet-base-v2,confirmatory,True,False
1986620885592113218,BOX,False,,11,partial,True,0.016913966060944,0.0024651211685376,0.0,0.0023659974273463,0.00134124926425,472.0,0.0040409491025227,0.0739040414286565,68.4322033898305,False,914061,2025-11-07 02:25:03+00:00,278,False,0.2516677975654602,sentence-transformers/all-mpnet-base-v2,confirmatory,True,True
1986713271286817254,CRM,False,,15,complete,True,-0.0044665222003693,0.0014965864078437,0.0,0.0016535633785195,0.0007536210791284,7739.0,0.0026949740567718,-0.208296947926848,50.51040186070552,False,22330739,2025-11-07 08:32:09+00:00,150,False,0.6149353384971619,sentence-transformers/all-mpnet-base-v2,confirmatory,True,True
1986848329918259596,CRM,False,,13,partial,True,0.0024591763445508,0.0002892879022504,5.0,0.0007515391559441,0.0003413825025699,2933.0,0.0011898969629487,-1.35405666726841,1.5001704739174906,False,22330739,2025-11-07 17:28:50+00:00,151,False,0.3315820097923279,sentence-transformers/all-mpnet-base-v2,confirmatory,True,True
1986849897870729556,CRM,False,,12,partial,True,0.0002448697844669,0.0004567223198866,6.0,0.0007570981400035,0.0004017520093097,2612.0,0.0012501927122835,-0.7476647612366818,20.712098009188363,False,22330739,2025-11-07 17:35:04+00:00,152,False,0.4228870272636413,sentence-transformers/all-mpnet-base-v2,confirmatory,True,True
1986850669811408940,CRM,False,,11,partial,True,0.0006256042305055,0.0005945992972055,6.0,0.0007570981400035,0.0004017520093097,2612.0,0.0012501927122835,-0.4044754949133703,39.05053598774885,False,22330739,2025-11-07 17:38:08+00:00,153,False,0.5443602204322815,sentence-transformers/all-mpnet-base-v2,confirmatory,True,True
1986889205415616817,HOOD,False,,15,complete,True,-0.0162951881235389,0.0023032021269258,11.0,0.0011052161091722,0.0005247132447824,10594.0,0.00171155371555,2.2831251729700264,96.68680385123656,True,605700792,2025-11-07 20:11:15+00:00,182,False,0.6383135318756104,sentence-transformers/all-mpnet-base-v2,confirmatory,True,True
1987269365725901293,BOX,False,,8,partial,True,-0.0114796612440573,0.0020335778902862,0.0,0.0023659974273463,0.00134124926425,472.0,0.0040409491025227,-0.2478432204366688,57.20338983050848,False,914061,2025-11-08 21:21:53+00:00,278,False,0.2399230003356933,sentence-transformers/all-mpnet-base-v2,confirmatory,True,True
1987595537122791875,BOX,False,,8,partial,True,-0.0114796612440573,0.0020335778902862,0.0,0.0023659974273463,0.00134124926425,472.0,0.0040409491025227,-0.2478432204366688,57.20338983050848,False,914061,2025-11-09 18:57:58+00:00,277,False,0.2581735849380493,sentence-transformers/all-mpnet-base-v2,confirmatory,True,True
1987635521838047459,HOOD,False,,15,complete,True,0.0506893425697718,0.0045153217279265,0.0,0.0029116442658918,0.0011964742156813,12565.0,0.0044324270052405,1.3403359980653335,90.8157580580979,True,605700792,2025-11-09 21:36:51+00:00,183,False,0.3513779044151306,sentence-transformers/all-mpnet-base-v2,confirmatory,True,True
1987636012739420357,HOOD,False,,15,complete,True,0.0506893425697718,0.0045153217279265,0.0,0.0029116442658918,0.0011964742156813,12565.0,0.0044324270052405,1.3403359980653335,90.8157580580979,True,605700792,2025-11-09 21:38:48+00:00,184,False,0.4692078828811645,sentence-transformers/all-mpnet-base-v2,confirmatory,True,True
1987945033971171705,BOX,False,,9,partial,True,0.000553196575429,0.0004956462218915,7.0,0.0010747703904457,0.0006370892637828,158.0,0.0018873071630307,-0.9090157399852054,13.291139240506327,False,914061,2025-11-10 18:06:44+00:00,276,False,0.2109456658363342,sentence-transformers/all-mpnet-base-v2,confirmatory,True,True
1988003557229105372,QCOM,False,,15,complete,True,0.009932620241468,0.0018601874508264,0.0,0.0017823192627403,0.0010698256208132,8499.0,0.0032347960452871,0.0727858695578251,67.98446876103071,False,234930762,2025-11-10 21:59:18+00:00,83,False,0.4180204272270202,sentence-transformers/all-mpnet-base-v2,confirmatory,True,True
1988039525097173249,HOOD,False,,14,partial,True,-0.0176340866053597,0.0033654098327526,0.0,0.0029116442658918,0.0011964742156813,12565.0,0.0044324270052405,0.3792522738171358,73.14763231197772,False,605700792,2025-11-11 00:22:13+00:00,185,False,0.649562656879425,sentence-transformers/all-mpnet-base-v2,confirmatory,True,True
1988055934946759023,HOOD,False,,14,partial,True,-0.0176340866053597,0.0033654098327526,0.0,0.0029116442658918,0.0011964742156813,12565.0,0.0044324270052405,0.3792522738171358,73.14763231197772,False,605700792,2025-11-11 01:27:25+00:00,186,False,0.6880588531494141,sentence-transformers/all-mpnet-base-v2,confirmatory,True,True
1988056205751898311,CRM,False,,11,partial,True,0.0072480252511162,0.0010260487754857,0.0,0.0016535633785195,0.0007536210791284,7739.0,0.0026949740567718,-0.8326659383779257,20.764956712753584,False,22330739,2025-11-11 01:28:30+00:00,154,False,0.4879778623580932,sentence-transformers/all-mpnet-base-v2,confirmatory,True,True
1988057613670772882,CRM,False,,11,partial,True,0.0072480252511162,0.0010260487754857,0.0,0.0016535633785195,0.0007536210791284,7739.0,0.0026949740567718,-0.8326659383779257,20.764956712753584,False,22330739,2025-11-11 01:34:06+00:00,155,False,0.3982599973678589,sentence-transformers/all-mpnet-base-v2,confirmatory,True,True
1988105997475606611,BOX,False,,3,insufficient,False,0.0075788456306042,0.0021835184575538,0.0,0.0023659974273463,0.00134124926425,472.0,0.0040409491025227,-0.1360514966578903,60.381355932203384,False,914061,2025-11-11 04:46:21+00:00,276,False,0.1169410943984985,sentence-transformers/all-mpnet-base-v2,confirmatory,True,False
1988277941277782381,HOOD,False,,15,complete,True,0.0022394077191498,0.0016705379192648,3.0,0.0015456034290746,0.0006413860046589,11150.0,0.0022904170316356,0.1947883010896036,67.89237668161435,False,605700792,2025-11-11 16:09:36+00:00,187,False,0.5303324460983276,sentence-transformers/all-mpnet-base-v2,confirmatory,True,True
1988301470094295286,CRM,False,,5,insufficient,False,0.0005350884049766,0.0006731606931214,6.0,0.0007570981400035,0.0004017520093097,2612.0,0.0012501927122835,-0.2089285054885689,50.42113323124043,False,22330739,2025-11-11 17:43:05+00:00,156,False,0.401813268661499,sentence-transformers/all-mpnet-base-v2,confirmatory,True,False
1988302701952987180,CRM,False,,8,partial,True,0.000185653605512,0.0004116299682215,6.0,0.0007570981400035,0.0004017520093097,2612.0,0.0012501927122835,-0.8599040297909452,15.62021439509954,False,22330739,2025-11-11 17:47:59+00:00,157,False,0.4314566254615783,sentence-transformers/all-mpnet-base-v2,confirmatory,True,True
1988312387146133915,HOOD,False,,11,partial,True,0.0017072680096714,0.0014009695380584,7.0,0.0012735096511832,0.0008597830624624,8488.0,0.0019450931125967,0.1482465664188605,71.37134778510838,False,605700792,2025-11-11 18:26:28+00:00,188,False,0.4231281280517578,sentence-transformers/all-mpnet-base-v2,confirmatory,True,True
1988345057460826558,QCOM,False,,15,complete,True,0.0015277726991349,0.000563302738608,12.0,0.0008976044924825,0.000539949574948,5494.0,0.0015152023013888,-0.6191351366591954,27.52093192573717,False,234930762,2025-11-11 20:36:18+00:00,84,False,0.6118961572647095,sentence-transformers/all-mpnet-base-v2,confirmatory,True,True
1988429787975860655,HOOD,False,,15,complete,True,-0.005061519573938,0.0019731114119668,0.0,0.0029116442658918,0.0011964742156813,12565.0,0.0044324270052405,-0.7844154446659424,20.230799840827697,False,605700792,2025-11-12 02:12:59+00:00,189,False,0.643934965133667,sentence-transformers/all-mpnet-base-v2,confirmatory,True,True
1988438465739125201,BOX,False,,2,insufficient,False,0.0052674200639417,0.0,0.0,0.0023659974273463,0.00134124926425,472.0,0.0040409491025227,-1.764025144624585,0.0,False,914061,2025-11-12 02:47:28+00:00,275,False,0.2119925618171692,sentence-transformers/all-mpnet-base-v2,confirmatory,True,False
1988653837461369307,MSFT,False,,15,complete,True,0.0008969373172034,0.0004753573422522,5.0,0.0004669323990018,0.0002276766504381,8901.0,0.0007157854781702,0.0370039845286916,61.734636557690145,False,20571756,2025-11-12 17:03:16+00:00,141,False,0.4463096261024475,sentence-transformers/all-mpnet-base-v2,null_baseline,True,False
1988660606149496961,CRM,False,,12,partial,True,0.0012166748299256,0.0003125203128726,6.0,0.0007570981400035,0.0004017520093097,2612.0,0.0012501927122835,-1.1065976443895202,5.51301684532925,False,22330739,2025-11-12 17:30:10+00:00,158,False,0.5992500185966492,sentence-transformers/all-mpnet-base-v2,confirmatory,True,True
1988662096503111807,HOOD,False,,14,partial,True,-0.0002599242304754,0.001461095856597,6.0,0.0013312371582174,0.0007325749655066,8487.0,0.0020897515683504,0.177263358009696,71.01449275362319,False,605700792,2025-11-12 17:36:06+00:00,190,False,0.3846653699874878,sentence-transformers/all-mpnet-base-v2,confirmatory,True,True
1988726858872156165,CRM,False,,14,partial,True,-0.0040650934947424,0.0015310973232498,0.0,0.0016535633785195,0.0007536210791284,7739.0,0.0026949740567718,-0.1625034896998942,52.77167592712237,False,22330739,2025-11-12 21:53:26+00:00,159,False,0.3354359865188598,sentence-transformers/all-mpnet-base-v2,confirmatory,True,True
1988788206821863438,BOX,False,,6,insufficient,False,0.0115016465595333,0.0021430521274128,0.0,0.0023659974273463,0.00134124926425,472.0,0.0040409491025227,-0.1662221228193516,59.95762711864406,False,914061,2025-11-13 01:57:13+00:00,274,False,0.1985201239585876,sentence-transformers/all-mpnet-base-v2,confirmatory,True,False
1989014619495755840,HOOD,False,,11,partial,True,0.0020708351410103,0.0011820727391234,4.0,0.0013876350240362,0.0005670153025844,10096.0,0.002103771143176,-0.3625339280541657,43.234944532488115,False,605700792,2025-11-13 16:56:54+00:00,191,False,0.5240609645843506,sentence-transformers/all-mpnet-base-v2,confirmatory,True,True
1989051715207983511,BOX,False,,10,partial,True,-0.0005584835388329,0.0006728319099745,9.0,0.0007694987405448,0.0002384235737868,150.0,0.0011138224769505,-0.4054415804402625,38.0,False,914061,2025-11-13 19:24:18+00:00,273,False,0.538330614566803,sentence-transformers/all-mpnet-base-v2,confirmatory,True,True
1989060437326090735,HOOD,False,,15,complete,True,0.0059303517706303,0.0016719577247243,10.0,0.0011485242329436,0.0005914157179625,9496.0,0.0018497083075648,0.885051708777516,85.78348778433025,False,605700792,2025-11-13 19:58:57+00:00,192,False,0.4497869610786438,sentence-transformers/all-mpnet-base-v2,confirmatory,True,True
1989115297010483685,QCOM,False,,14,partial,True,0.0016179420495104,0.0019298257227675,0.0,0.0017823192627403,0.0010698256208132,8499.0,0.0032347960452871,0.1378789750006796,69.99647017296152,False,234930762,2025-11-13 23:36:57+00:00,80,False,0.5524355173110962,sentence-transformers/all-mpnet-base-v2,confirmatory,True,True
1989195587296862319,HOOD,False,,15,complete,True,-0.0139294496723613,0.0077596415984205,0.0,0.0029116442658918,0.0011964742156813,12565.0,0.0044324270052405,4.051902890166218,99.40310385992838,True,605700792,2025-11-14 04:56:00+00:00,193,False,0.4731215238571167,sentence-transformers/all-mpnet-base-v2,confirmatory,True,True
1989195734193951031,HOOD,False,,15,complete,True,-0.0139294496723613,0.0077596415984205,0.0,0.0029116442658918,0.0011964742156813,12565.0,0.0044324270052405,4.051902890166218,99.40310385992838,True,605700792,2025-11-14 04:56:35+00:00,194,False,0.4771062135696411,sentence-transformers/all-mpnet-base-v2,confirmatory,True,True
1989388907155525675,QCOM,False,,8,partial,True,0.0013530144473981,0.0008945661853416,6.0,0.0008811222698987,0.0005506822930134,3296.0,0.0015689675970311,0.0244131972526002,63.04611650485437,False,234930762,2025-11-14 17:44:11+00:00,80,False,0.2479077577590942,sentence-transformers/all-mpnet-base-v2,confirmatory,True,True
1989447367402426722,HOOD,False,,1,insufficient,False,-0.0024564825646117,,,,,,,,,False,605700792,2025-11-14 21:36:29+00:00,195,False,0.559968113899231,sentence-transformers/all-mpnet-base-v2,confirmatory,True,False
1989462522454528327,HOOD,False,,1,insufficient,False,-0.0024564825646117,,,,,,,,,False,605700792,2025-11-14 22:36:42+00:00,196,False,0.4980745911598205,sentence-transformers/all-mpnet-base-v2,confirmatory,True,False
1989462523910000662,HOOD,False,,1,insufficient,False,-0.0024564825646117,,,,,,,,,False,605700792,2025-11-14 22:36:42+00:00,196,False,0.6280010938644409,sentence-transformers/all-mpnet-base-v2,confirmatory,True,False
1989755076353921404,MSFT,False,,1,insufficient,False,-0.0016202170756109,,,,,,,,,False,20571756,2025-11-15 17:59:12+00:00,141,False,0.4509455561637878,sentence-transformers/all-mpnet-base-v2,null_baseline,True,False
1989813515650281968,BOX,False,,8,partial,True,-0.0156420427339656,0.0020652596656539,0.0,0.0023659974273463,0.00134124926425,472.0,0.0040409491025227,-0.2242221261239954,57.41525423728814,False,914061,2025-11-15 21:51:25+00:00,270,False,0.2322134971618652,sentence-transformers/all-mpnet-base-v2,confirmatory,True,True
1989882407558971803,HOOD,False,,1,insufficient,False,-0.0024564825646117,,,,,,,,,False,605700792,2025-11-16 02:25:10+00:00,198,False,0.5326814651489258,sentence-transformers/all-mpnet-base-v2,confirmatory,True,False
1990158009952297028,BOX,False,,8,partial,True,-0.0156420427339656,0.0020652596656539,0.0,0.0023659974273463,0.00134124926425,472.0,0.0040409491025227,-0.2242221261239954,57.41525423728814,False,914061,2025-11-16 20:40:19+00:00,270,False,0.2435724735260009,sentence-transformers/all-mpnet-base-v2,confirmatory,True,True
1990194141339484552,CRM,False,,9,partial,True,-0.0081852592240315,0.0018631529121996,0.0,0.0016535633785195,0.0007536210791284,7739.0,0.0026949740567718,0.2781099673093222,68.14833957875695,False,22330739,2025-11-16 23:03:53+00:00,160,False,0.5698757767677307,sentence-transformers/all-mpnet-base-v2,confirmatory,True,True
1990211285284528272,HOOD,False,,1,insufficient,False,-0.0024564825646117,,,,,,,,,False,605700792,2025-11-17 00:12:01+00:00,199,False,0.5647427439689636,sentence-transformers/all-mpnet-base-v2,confirmatory,True,False
1990502364269429223,HOOD,False,,15,complete,True,0.0007331462722773,0.0016883148991605,9.0,0.0011713599027867,0.0006290243946238,9003.0,0.0018144380786752,0.8218361653253549,87.13762079306898,False,605700792,2025-11-17 19:28:40+00:00,200,False,0.7745310068130493,sentence-transformers/all-mpnet-base-v2,confirmatory,True,True
1990520407238324427,HOOD,False,,15,complete,True,0.0151328465531488,0.0020785240524573,12.0,0.0011519743389481,0.0005454108705395,7659.0,0.001734746168232,1.6988104996746054,95.1168559864212,True,605700792,2025-11-17 20:40:21+00:00,201,False,0.2931654453277588,sentence-transformers/all-mpnet-base-v2,confirmatory,True,True
1990571595841351924,CRM,False,,15,complete,True,-0.0025837577148144,0.0023685554982671,0.0,0.0016535633785195,0.0007536210791284,7739.0,0.0026949740567718,0.948742198897195,83.66714045742344,False,22330739,2025-11-18 00:03:46+00:00,161,False,0.4115890860557556,sentence-transformers/all-mpnet-base-v2,confirmatory,True,True
1990594635614597230,BOX,False,,10,partial,True,-0.0057350112808945,0.0025726992549717,0.0,0.0023659974273463,0.00134124926425,472.0,0.0040409491025227,0.1541114192081408,69.91525423728814,False,914061,2025-11-18 01:35:19+00:00,267,False,0.1779335737228393,sentence-transformers/all-mpnet-base-v2,confirmatory,True,True
1990607939011555382,CRM,False,,15,complete,True,-0.0025837577148144,0.0023685554982671,0.0,0.0016535633785195,0.0007536210791284,7739.0,0.0026949740567718,0.948742198897195,83.66714045742344,False,22330739,2025-11-18 02:28:11+00:00,162,False,0.6568257808685303,sentence-transformers/all-mpnet-base-v2,confirmatory,True,True
1990612809563189305,CRM,False,,15,complete,True,-0.0025837577148144,0.0023685554982671,0.0,0.0016535633785195,0.0007536210791284,7739.0,0.0026949740567718,0.948742198897195,83.66714045742344,False,22330739,2025-11-18 02:47:32+00:00,163,False,0.5069754123687744,sentence-transformers/all-mpnet-base-v2,confirmatory,True,True
1990658075066577342,HOOD,False,,15,complete,True,-0.0150875805679104,0.0066709451182174,0.0,0.0029116442658918,0.0011964742156813,12565.0,0.0044324270052405,3.1419823369822533,98.7425387982491,True,605700792,2025-11-18 05:47:24+00:00,202,False,0.6789030432701111,sentence-transformers/all-mpnet-base-v2,confirmatory,True,True
1990797469127749692,MSFT,False,,15,complete,True,-0.0018757224601573,0.0020682302428101,1.0,0.0007149928506676,0.0003994200585477,13614.0,0.0010838534439855,3.388005592565,99.4270603790216,True,20571756,2025-11-18 15:01:18+00:00,126,False,0.4633494615554809,sentence-transformers/all-mpnet-base-v2,null_baseline,True,False
1990797471451394095,MSFT,False,,15,complete,True,-0.0018757224601573,0.0020682302428101,1.0,0.0007149928506676,0.0003994200585477,13614.0,0.0010838534439855,3.388005592565,99.4270603790216,True,20571756,2025-11-18 15:01:19+00:00,127,False,0.7329789996147156,sentence-transformers/all-mpnet-base-v2,null_baseline,True,False
1990815573471539261,CRM,False,,15,complete,True,0.0010507609390379,0.0010326143459768,3.0,0.0008706418272028,0.0003653172812046,4429.0,0.0013462814928786,0.443374915743921,72.25107247685708,False,22330739,2025-11-18 16:13:14+00:00,164,False,0.4386405348777771,sentence-transformers/all-mpnet-base-v2,confirmatory,True,True
1990816753052426569,CRM,False,,15,complete,True,0.0005832350136865,0.0009181372534561,3.0,0.0008706418272028,0.0003653172812046,4429.0,0.0013462814928786,0.130011441278322,62.92616843531271,False,22330739,2025-11-18 16:17:56+00:00,165,False,0.4142253398895263,sentence-transformers/all-mpnet-base-v2,confirmatory,True,True
1990818684735258784,CRM,False,,15,complete,True,0.0010819590602848,0.000655948160094,3.0,0.0008706418272028,0.0003653172812046,4429.0,0.0013462814928786,-0.5876909693427346,31.542108828177916,False,22330739,2025-11-18 16:25:36+00:00,166,False,0.4523552656173706,sentence-transformers/all-mpnet-base-v2,confirmatory,True,True
1990820579981840746,BOX,False,,10,partial,True,0.0041948271113128,0.0008688393050559,4.0,0.0009576938331044,0.0005641838163725,206.0,0.0015407005801061,-0.157492160303092,53.883495145631066,False,914061,2025-11-18 16:33:08+00:00,268,False,0.478183388710022,sentence-transformers/all-mpnet-base-v2,confirmatory,True,True
1990822181304193403,HOOD,False,,15,complete,True,-0.0088130497386628,0.0017464010554337,4.0,0.0013876350240362,0.0005670153025844,10096.0,0.002103771143176,0.6327272469761321,80.23969889064976,False,605700792,2025-11-18 16:39:30+00:00,203,False,0.8129682540893555,sentence-transformers/all-mpnet-base-v2,confirmatory,True,True
1990898584892444817,CRM,False,,13,partial,True,-0.0181713065244174,0.0014394175681884,0.0,0.0016535633785195,0.0007536210791284,7739.0,0.0026949740567718,-0.2841558128639081,46.672696730843775,False,22330739,2025-11-18 21:43:06+00:00,167,False,0.262220561504364,sentence-transformers/all-mpnet-base-v2,confirmatory,True,True
1990903812497027495,HOOD,False,,15,complete,True,0.0095898453811809,0.0026479411945695,0.0,0.0029116442658918,0.0011964742156813,12565.0,0.0044324270052405,-0.2204001288671339,49.12853163549543,False,605700792,2025-11-18 22:03:52+00:00,204,False,0.5466002821922302,sentence-transformers/all-mpnet-base-v2,confirmatory,True,True
1991117069392245062,CRM,False,,13,partial,True,-0.0181713065244174,0.0014394175681884,0.0,0.0016535633785195,0.0007536210791284,7739.0,0.0026949740567718,-0.2841558128639081,46.672696730843775,False,22330739,2025-11-19 12:11:17+00:00,168,False,0.5962530970573425,sentence-transformers/all-mpnet-base-v2,confirmatory,True,True
1991119357519241302,CRM,False,,13,partial,True,-0.0181713065244174,0.0014394175681884,0.0,0.0016535633785195,0.0007536210791284,7739.0,0.0026949740567718,-0.2841558128639081,46.672696730843775,False,22330739,2025-11-19 12:20:22+00:00,169,False,0.5220223665237427,sentence-transformers/all-mpnet-base-v2,confirmatory,True,True
1991122548885483888,CRM,False,,13,partial,True,-0.0181713065244174,0.0014394175681884,0.0,0.0016535633785195,0.0007536210791284,7739.0,0.0026949740567718,-0.2841558128639081,46.672696730843775,False,22330739,2025-11-19 12:33:03+00:00,170,False,0.6272128820419312,sentence-transformers/all-mpnet-base-v2,confirmatory,True,True
1991124641859973573,CRM,False,,13,partial,True,-0.0181713065244174,0.0014394175681884,0.0,0.0016535633785195,0.0007536210791284,7739.0,0.0026949740567718,-0.2841558128639081,46.672696730843775,False,22330739,2025-11-19 12:41:22+00:00,171,False,0.4478000402450561,sentence-transformers/all-mpnet-base-v2,confirmatory,True,True
1991125950008816107,CRM,False,,13,partial,True,-0.0181713065244174,0.0014394175681884,0.0,0.0016535633785195,0.0007536210791284,7739.0,0.0026949740567718,-0.2841558128639081,46.672696730843775,False,22330739,2025-11-19 12:46:34+00:00,172,False,0.6301693916320801,sentence-transformers/all-mpnet-base-v2,confirmatory,True,True
1991175476635906246,CRM,False,,15,complete,True,-0.0002405027170186,0.0007556898987971,3.0,0.0008706418272028,0.0003653172812046,4429.0,0.0013462814928786,-0.314663264838379,44.931135696545496,False,22330739,2025-11-19 16:03:22+00:00,173,False,0.3177791833877563,sentence-transformers/all-mpnet-base-v2,confirmatory,True,True
1991176047660794302,CRM,False,,15,complete,True,-0.0028631775619679,0.0009564367867081,3.0,0.0008706418272028,0.0003653172812046,4429.0,0.0013462814928786,0.2348505365591723,66.04199593587717,False,22330739,2025-11-19 16:05:38+00:00,174,False,0.3592114448547363,sentence-transformers/all-mpnet-base-v2,confirmatory,True,True
1991177800108093784,CRM,False,,15,complete,True,-0.0012169223265615,0.0012176413933216,3.0,0.0008706418272028,0.0003653172812046,4429.0,0.0013462814928786,0.9498580657736568,84.35312711673065,False,22330739,2025-11-19 16:12:36+00:00,175,False,0.3523925542831421,sentence-transformers/all-mpnet-base-v2,confirmatory,True,True
1991179419285651927,CRM,False,,15,complete,True,-0.0008447924332176,0.0009723982757815,3.0,0.0008706418272028,0.0003653172812046,4429.0,0.0013462814928786,0.2785426636351416,67.41928200496726,False,22330739,2025-11-19 16:19:02+00:00,176,False,0.8024414777755737,sentence-transformers/all-mpnet-base-v2,confirmatory,True,True
1991234095993467215,QCOM,False,,11,partial,True,-0.0008444558880303,0.000448472090257,10.0,0.0008381018115482,0.0007442819782589,4975.0,0.0014326202346469,-0.5234974548257374,21.668341708542712,False,234930762,2025-11-19 19:56:18+00:00,78,False,0.6069870591163635,sentence-transformers/all-mpnet-base-v2,confirmatory,True,True
1991237285522657661,QCOM,False,,14,partial,True,0.0017964892093882,0.0008069701418951,11.0,0.0007986318391369,0.0005063543907869,7480.0,0.0014103354945072,0.016467325868844,64.22459893048128,False,234930762,2025-11-19 20:08:58+00:00,79,False,0.3986595869064331,sentence-transformers/all-mpnet-base-v2,confirmatory,True,True
1991248962049720567,QCOM,False,,4,insufficient,False,-0.0017247100374465,0.0002846781003056,12.0,0.0008976044924825,0.000539949574948,5494.0,0.0015152023013888,-1.1351548748527134,0.9282854022570076,False,234930762,2025-11-19 20:55:22+00:00,80,False,0.5847803354263306,sentence-transformers/all-mpnet-base-v2,confirmatory,True,False
1991255252952313941,QCOM,True,"jobs_report(ALL, 2025-11-20 13:30:00+00:00->2025-11-20 21:00:00+00:00)",15,complete,False,-0.0065334767192339,0.0018501700085726,0.0,0.0017823192627403,0.0010698256208132,8499.0,0.0032347960452871,0.0634222479928251,67.64325214731144,False,234930762,2025-11-19 21:20:22+00:00,81,False,0.2395585775375366,sentence-transformers/all-mpnet-base-v2,confirmatory,True,False
1991325596664885738,HOOD,True,"jobs_report(ALL, 2025-11-20 13:30:00+00:00->2025-11-20 21:00:00+00:00)",1,insufficient,False,0.0119189999433708,,,,,,,,,False,605700792,2025-11-20 01:59:53+00:00,205,False,0.6053295135498047,sentence-transformers/all-mpnet-base-v2,confirmatory,True,False
1991325899200033290,HOOD,True,"jobs_report(ALL, 2025-11-20 13:30:00+00:00->2025-11-20 21:00:00+00:00)",1,insufficient,False,0.0119189999433708,,,,,,,,,False,605700792,2025-11-20 02:01:06+00:00,206,False,0.5116784572601318,sentence-transformers/all-mpnet-base-v2,confirmatory,True,False
1991329300109488445,HOOD,True,"jobs_report(ALL, 2025-11-20 13:30:00+00:00->2025-11-20 21:00:00+00:00)",1,insufficient,False,0.0119189999433708,,,,,,,,,False,605700792,2025-11-20 02:14:36+00:00,207,False,0.7032065987586975,sentence-transformers/all-mpnet-base-v2,confirmatory,True,False
1991338259864224004,HOOD,True,"jobs_report(ALL, 2025-11-20 13:30:00+00:00->2025-11-20 21:00:00+00:00)",1,insufficient,False,0.0119189999433708,,,,,,,,,False,605700792,2025-11-20 02:50:13+00:00,208,False,0.8153060078620911,sentence-transformers/all-mpnet-base-v2,confirmatory,True,False
1991382210541416620,BOX,True,"jobs_report(ALL, 2025-11-20 13:30:00+00:00->2025-11-20 21:00:00+00:00)",10,partial,False,-0.0072466302569882,0.0024271853324612,0.0,0.0023659974273463,0.00134124926425,472.0,0.0040409491025227,0.0456200847566786,67.79661016949152,False,914061,2025-11-20 05:44:51+00:00,266,False,0.3677941560745239,sentence-transformers/all-mpnet-base-v2,confirmatory,True,False
1991610881923510385,QCOM,True,"jobs_report(ALL, 2025-11-20 13:30:00+00:00->2025-11-20 21:00:00+00:00)",6,insufficient,False,0.0011657738623357,0.0013172035414133,12.0,0.0008976044924825,0.000539949574948,5494.0,0.0015152023013888,0.7771078419150276,84.74699672369857,False,234930762,2025-11-20 20:53:31+00:00,82,False,0.6574621200561523,sentence-transformers/all-mpnet-base-v2,confirmatory,True,False
1991745725726879875,BOX,False,,8,partial,True,-0.0018963185130951,0.004540253811641,0.0,0.0023659974273463,0.00134124926425,472.0,0.0040409491025227,1.6210680909565638,91.94915254237289,True,914061,2025-11-21 05:49:20+00:00,265,False,0.1521790623664856,sentence-transformers/all-mpnet-base-v2,confirmatory,True,True
1991923373417672717,BOX,False,,6,insufficient,False,0.0022899569876629,0.0005442255606034,6.0,0.0008828791634215,0.0002489084372389,101.0,0.0011867096342035,-1.36055493568132,2.9702970297029703,False,914061,2025-11-21 17:35:15+00:00,265,False,0.4192031025886535,sentence-transformers/all-mpnet-base-v2,confirmatory,True,False
1991991192066933045,BOX,False,,8,partial,True,-0.0108797943814198,0.0034058167684666,0.0,0.0023659974273463,0.00134124926425,472.0,0.0040409491025227,0.7752618166032444,82.62711864406779,False,914061,2025-11-21 22:04:44+00:00,266,False,0.8610802888870239,sentence-transformers/all-mpnet-base-v2,confirmatory,True,True
1991995565950050466,HOOD,False,,15,complete,True,0.0124532588463077,0.003830404799946,0.0,0.0029116442658918,0.0011964742156813,12565.0,0.0044324270052405,0.7678899570192038,82.24432948666932,False,605700792,2025-11-21 22:22:07+00:00,209,False,0.5958596467971802,sentence-transformers/all-mpnet-base-v2,confirmatory,True,True
1992097401671504075,BOX,False,,8,partial,True,-0.0108797943814198,0.0034058167684666,0.0,0.0023659974273463,0.00134124926425,472.0,0.0040409491025227,0.7752618166032444,82.62711864406779,False,914061,2025-11-22 05:06:46+00:00,267,False,0.5249099731445312,sentence-transformers/all-mpnet-base-v2,confirmatory,True,True
1992126539887255796,CRM,False,,15,complete,True,-0.0092927208991272,0.0013885691568807,0.0,0.0016535633785195,0.0007536210791284,7739.0,0.0026949740567718,-0.3516279320972836,43.33893267864065,False,22330739,2025-11-22 07:02:33+00:00,177,False,0.7527349591255188,sentence-transformers/all-mpnet-base-v2,confirmatory,True,True
1992140602897768820,CRM,False,,15,complete,True,-0.0092927208991272,0.0013885691568807,0.0,0.0016535633785195,0.0007536210791284,7739.0,0.0026949740567718,-0.3516279320972836,43.33893267864065,False,22330739,2025-11-22 07:58:26+00:00,178,False,0.7854667901992798,sentence-transformers/all-mpnet-base-v2,confirmatory,True,True
1992401666906509404,HOOD,False,,15,complete,True,0.0124532588463077,0.003830404799946,0.0,0.0029116442658918,0.0011964742156813,12565.0,0.0044324270052405,0.7678899570192038,82.24432948666932,False,605700792,2025-11-23 01:15:49+00:00,210,False,0.7083050012588501,sentence-transformers/all-mpnet-base-v2,confirmatory,True,True
1992401670345732602,HOOD,False,,15,complete,True,0.0124532588463077,0.003830404799946,0.0,0.0029116442658918,0.0011964742156813,12565.0,0.0044324270052405,0.7678899570192038,82.24432948666932,False,605700792,2025-11-23 01:15:49+00:00,210,False,0.6374722123146057,sentence-transformers/all-mpnet-base-v2,confirmatory,True,True
1992432939746066501,QCOM,False,,15,complete,True,0.0014758188252976,0.0016685367872668,0.0,0.0017823192627403,0.0010698256208132,8499.0,0.0032347960452871,-0.1063560951054828,61.2072008471585,False,234930762,2025-11-23 03:20:05+00:00,82,False,0.5048879981040955,sentence-transformers/all-mpnet-base-v2,confirmatory,True,True
1992726929204760661,CRM,False,,15,complete,True,-0.0092927208991272,0.0013885691568807,0.0,0.0016535633785195,0.0007536210791284,7739.0,0.0026949740567718,-0.3516279320972836,43.33893267864065,False,22330739,2025-11-23 22:48:17+00:00,179,False,0.5830081105232239,sentence-transformers/all-mpnet-base-v2,confirmatory,True,True
1992752275669049462,BOX,False,,8,partial,True,-0.0108797943814198,0.0034058167684666,0.0,0.0023659974273463,0.00134124926425,472.0,0.0040409491025227,0.7752618166032444,82.62711864406779,False,914061,2025-11-24 00:29:00+00:00,264,False,0.2717181444168091,sentence-transformers/all-mpnet-base-v2,confirmatory,True,True
1992968981947572531,HOOD,False,,15,complete,True,0.0208396490010287,0.0020554460338258,0.0,0.0029116442658918,0.0011964742156813,12565.0,0.0044324270052405,-0.7156010725884691,23.50974930362117,False,605700792,2025-11-24 14:50:07+00:00,212,False,0.4627784490585327,sentence-transformers/all-mpnet-base-v2,confirmatory,True,True
1993021759101297087,CRM,False,,13,partial,True,-0.0014691949398404,0.0007077714891036,7.0,0.0007221992409006,0.0005602314396621,2726.0,0.0011062566243012,-0.0257531990808642,62.729273661041816,False,22330739,2025-11-24 18:19:50+00:00,180,False,0.4618435502052307,sentence-transformers/all-mpnet-base-v2,confirmatory,True,True
1993032173956559022,HOOD,False,,15,complete,True,0.005197954169716,0.0009734145377154,9.0,0.0011713599027867,0.0006290243946238,9003.0,0.0018144380786752,-0.3146863090893411,43.91869376874375,False,605700792,2025-11-24 19:01:13+00:00,213,False,0.3004056811332702,sentence-transformers/all-mpnet-base-v2,confirmatory,True,True
1993179081266151641,BOX,False,,5,insufficient,False,0.0083687810848412,0.0029391617384346,0.0,0.0023659974273463,0.00134124926425,472.0,0.0040409491025227,0.4273361606716825,77.11864406779661,False,914061,2025-11-25 04:44:59+00:00,261,False,0.3778244256973266,sentence-transformers/all-mpnet-base-v2,confirmatory,True,False
1993408593752998351,HOOD,False,,15,complete,True,0.002301945914283,0.0009001566876048,10.0,0.0011485242329436,0.0005914157179625,9496.0,0.0018497083075648,-0.4199542517985149,40.796124684077505,False,605700792,2025-11-25 19:56:59+00:00,214,False,0.5279186367988586,sentence-transformers/all-mpnet-base-v2,confirmatory,True,True
1993465691421478944,HOOD,False,,15,complete,True,0.0829693445206027,0.0038648608825746,0.0,0.0029116442658918,0.0011964742156813,12565.0,0.0044324270052405,0.7966879722016401,82.6024671707123,False,605700792,2025-11-25 23:43:52+00:00,215,False,0.4977253079414367,sentence-transformers/all-mpnet-base-v2,confirmatory,True,True
1993466831252926864,HOOD,False,,15,complete,True,0.0829693445206027,0.0038648608825746,0.0,0.0029116442658918,0.0011964742156813,12565.0,0.0044324270052405,0.7966879722016401,82.6024671707123,False,605700792,2025-11-25 23:48:24+00:00,216,False,0.2736319899559021,sentence-transformers/all-mpnet-base-v2,confirmatory,True,True
1993536039651361023,HOOD,False,,15,complete,True,0.0829693445206027,0.0038648608825746,0.0,0.0029116442658918,0.0011964742156813,12565.0,0.0044324270052405,0.7966879722016401,82.6024671707123,False,605700792,2025-11-26 04:23:24+00:00,217,False,0.5483817458152771,sentence-transformers/all-mpnet-base-v2,confirmatory,True,True
1993548974805168280,BOX,False,,11,partial,True,-0.0001200855852181,0.0012411067224868,0.0,0.0023659974273463,0.00134124926425,472.0,0.0040409491025227,-0.8386887768310903,9.110169491525424,False,914061,2025-11-26 05:14:48+00:00,262,False,0.2505912780761719,sentence-transformers/all-mpnet-base-v2,confirmatory,True,True
1993749333695668729,CRM,False,,8,partial,True,-0.0004736040702394,0.0007516828722542,8.0,0.0006966026754776,0.0004756256276318,3003.0,0.0010914207917555,0.1158057799594584,69.7968697968698,False,22330739,2025-11-26 18:30:57+00:00,181,False,0.5618100166320801,sentence-transformers/all-mpnet-base-v2,confirmatory,True,True
1993755895608533022,QCOM,False,,8,partial,True,-0.0013861956202295,0.0006428641036561,8.0,0.0008611830211537,0.0006334579657316,3701.0,0.0014154386593569,-0.3446462580124804,40.61064577141313,False,234930762,2025-11-26 18:57:02+00:00,80,False,0.4057158827781677,sentence-transformers/all-mpnet-base-v2,confirmatory,True,True
1993765804903682479,HOOD,False,,15,complete,True,0.0001380686008605,0.0010566002003652,10.0,0.0011485242329436,0.0005914157179625,9496.0,0.0018497083075648,-0.1554304861816449,55.8972198820556,False,605700792,2025-11-26 19:36:24+00:00,218,False,0.7071632146835327,sentence-transformers/all-mpnet-base-v2,confirmatory,True,True
1993906667877195970,BOX,False,,11,partial,True,-0.001806748113253,0.0011720946064797,0.0,0.0023659974273463,0.00134124926425,472.0,0.0040409491025227,-0.8901423864222433,7.415254237288135,False,914061,2025-11-27 04:56:09+00:00,262,False,0.2226905822753906,sentence-transformers/all-mpnet-base-v2,confirmatory,True,True
1994083411137577126,BOX,False,,11,partial,True,-0.001806748113253,0.0011720946064797,0.0,0.0023659974273463,0.00134124926425,472.0,0.0040409491025227,-0.8901423864222433,7.415254237288135,False,914061,2025-11-27 16:38:28+00:00,262,False,0.2158979177474975,sentence-transformers/all-mpnet-base-v2,confirmatory,True,True
1994108974199648351,QCOM,False,,14,partial,True,-0.0039826866528279,0.0008239598948277,0.0,0.0017823192627403,0.0010698256208132,8499.0,0.0032347960452871,-0.8958089517280867,8.62454406400753,False,234930762,2025-11-27 18:20:02+00:00,81,False,0.3486783504486084,sentence-transformers/all-mpnet-base-v2,confirmatory,True,True
1994452989067633088,QCOM,False,,14,partial,True,-0.0017128440111959,0.0003475915586288,5.0,0.0008809439772216,0.0005446211250859,4216.0,0.0015541749889803,-0.9793090903489968,5.858633776091081,False,234930762,2025-11-28 17:07:02+00:00,82,False,0.2782089710235595,sentence-transformers/all-mpnet-base-v2,confirmatory,True,True
1994536868395061469,BOX,False,,12,partial,True,-0.0104582512075002,0.0031344479964732,0.0,0.0023659974273463,0.00134124926425,472.0,0.0040409491025227,0.5729364329281144,80.08474576271186,False,914061,2025-11-28 22:40:20+00:00,262,False,0.4042644500732422,sentence-transformers/all-mpnet-base-v2,confirmatory,True,True
1994563889657516439,BOX,False,,12,partial,True,-0.0104582512075002,0.0031344479964732,0.0,0.0023659974273463,0.00134124926425,472.0,0.0040409491025227,0.5729364329281144,80.08474576271186,False,914061,2025-11-29 00:27:43+00:00,262,False,0.2247205972671508,sentence-transformers/all-mpnet-base-v2,confirmatory,True,True
1994592263230664939,CRM,False,,14,partial,True,0.0138415703380405,0.0009825734869231,0.0,0.0016535633785195,0.0007536210791284,7739.0,0.0026949740567718,-0.8903544635089858,18.10311409742861,False,22330739,2025-11-29 02:20:27+00:00,182,False,0.6524354815483093,sentence-transformers/all-mpnet-base-v2,confirmatory,True,True
1994595873901494465,CRM,False,,14,partial,True,0.0138415703380405,0.0009825734869231,0.0,0.0016535633785195,0.0007536210791284,7739.0,0.0026949740567718,-0.8903544635089858,18.10311409742861,False,22330739,2025-11-29 02:34:48+00:00,183,False,0.4851747155189514,sentence-transformers/all-mpnet-base-v2,confirmatory,True,True
1994600555260645629,CRM,False,,14,partial,True,0.0138415703380405,0.0009825734869231,0.0,0.0016535633785195,0.0007536210791284,7739.0,0.0026949740567718,-0.8903544635089858,18.10311409742861,False,22330739,2025-11-29 02:53:24+00:00,184,False,0.3733726739883423,sentence-transformers/all-mpnet-base-v2,confirmatory,True,True
1994876287157244070,BOX,False,,12,partial,True,-0.0104582512075002,0.0031344479964732,0.0,0.0023659974273463,0.00134124926425,472.0,0.0040409491025227,0.5729364329281144,80.08474576271186,False,914061,2025-11-29 21:09:04+00:00,263,False,0.4220697283744812,sentence-transformers/all-mpnet-base-v2,confirmatory,True,True
1994900315292979426,BOX,False,,12,partial,True,-0.0104582512075002,0.0031344479964732,0.0,0.0023659974273463,0.00134124926425,472.0,0.0040409491025227,0.5729364329281144,80.08474576271186,False,914061,2025-11-29 22:44:33+00:00,264,False,0.116199254989624,sentence-transformers/all-mpnet-base-v2,confirmatory,True,True
1994922827208663383,HOOD,False,,15,complete,True,-0.0431664014001339,0.0036590482840327,0.0,0.0029116442658918,0.0011964742156813,12565.0,0.0044324270052405,0.6246720642577663,79.53044170314365,False,605700792,2025-11-30 00:14:00+00:00,216,False,0.7473608255386353,sentence-transformers/all-mpnet-base-v2,confirmatory,True,True
1994922834477351317,HOOD,False,,15,complete,True,-0.0431664014001339,0.0036590482840327,0.0,0.0029116442658918,0.0011964742156813,12565.0,0.0044324270052405,0.6246720642577663,79.53044170314365,False,605700792,2025-11-30 00:14:02+00:00,217,False,0.6465021967887878,sentence-transformers/all-mpnet-base-v2,confirmatory,True,True
1994963677666333024,HOOD,False,,15,complete,True,-0.0431664014001339,0.0036590482840327,0.0,0.0029116442658918,0.0011964742156813,12565.0,0.0044324270052405,0.6246720642577663,79.53044170314365,False,605700792,2025-11-30 02:56:20+00:00,218,False,0.7179644107818604,sentence-transformers/all-mpnet-base-v2,confirmatory,True,True
1994973635912597602,CRM,False,,14,partial,True,0.0138415703380405,0.0009825734869231,0.0,0.0016535633785195,0.0007536210791284,7739.0,0.0026949740567718,-0.8903544635089858,18.10311409742861,False,22330739,2025-11-30 03:35:54+00:00,185,False,0.4639844894409179,sentence-transformers/all-mpnet-base-v2,confirmatory,True,True
1995208111259599257,BOX,False,,12,partial,True,-0.0104582512075002,0.0031344479964732,0.0,0.0023659974273463,0.00134124926425,472.0,0.0040409491025227,0.5729364329281144,80.08474576271186,False,914061,2025-11-30 19:07:37+00:00,263,False,0.6774975061416626,sentence-transformers/all-mpnet-base-v2,confirmatory,True,True
1995265513669472492,HOOD,False,,15,complete,True,-0.0431664014001339,0.0036590482840327,0.0,0.0029116442658918,0.0011964742156813,12565.0,0.0044324270052405,0.6246720642577663,79.53044170314365,False,605700792,2025-11-30 22:55:43+00:00,218,False,0.6045989394187927,sentence-transformers/all-mpnet-base-v2,confirmatory,True,True
1995289421244244415,CRM,False,,14,partial,True,0.0138415703380405,0.0009825734869231,0.0,0.0016535633785195,0.0007536210791284,7739.0,0.0026949740567718,-0.8903544635089858,18.10311409742861,False,22330739,2025-12-01 00:30:43+00:00,186,False,0.6890897750854492,sentence-transformers/all-mpnet-base-v2,confirmatory,True,True
1995616112609010075,CRM,False,,15,complete,True,-0.0026891111865738,0.0014411820199316,0.0,0.0016535633785195,0.0007536210791284,7739.0,0.0026949740567718,-0.2818145145748358,46.77606925959426,False,22330739,2025-12-01 22:08:52+00:00,187,False,0.4279505014419555,sentence-transformers/all-mpnet-base-v2,confirmatory,True,True
1995629080897810492,HOOD,False,,15,complete,True,0.0154588465175991,0.0026608955473216,0.0,0.0029116442658918,0.0011964742156813,12565.0,0.0044324270052405,-0.209573023207591,49.61400716275368,False,605700792,2025-12-01 23:00:24+00:00,218,False,0.6853053569793701,sentence-transformers/all-mpnet-base-v2,confirmatory,True,True
1995629083766702163,HOOD,False,,15,complete,True,0.0154588465175991,0.0026608955473216,0.0,0.0029116442658918,0.0011964742156813,12565.0,0.0044324270052405,-0.209573023207591,49.61400716275368,False,605700792,2025-12-01 23:00:25+00:00,219,False,0.7196015119552612,sentence-transformers/all-mpnet-base-v2,confirmatory,True,True
1995676190913560798,BOX,False,,10,partial,True,0.0072145573279323,0.0015181957270927,0.0,0.0023659974273463,0.00134124926425,472.0,0.0040409491025227,-0.6320985389152376,26.69491525423729,False,914061,2025-12-02 02:07:36+00:00,261,False,0.2732977271080017,sentence-transformers/all-mpnet-base-v2,confirmatory,True,True
1995702688374554996,CRM,False,,15,complete,True,-0.0026891111865738,0.0014411820199316,0.0,0.0016535633785195,0.0007536210791284,7739.0,0.0026949740567718,-0.2818145145748358,46.77606925959426,False,22330739,2025-12-02 03:52:53+00:00,188,False,0.3745216131210327,sentence-transformers/all-mpnet-base-v2,confirmatory,True,True
1995762727004889133,CRM,False,,15,complete,True,-0.0026891111865738,0.0014411820199316,0.0,0.0016535633785195,0.0007536210791284,7739.0,0.0026949740567718,-0.2818145145748358,46.77606925959426,False,22330739,2025-12-02 07:51:28+00:00,189,False,0.557619571685791,sentence-transformers/all-mpnet-base-v2,confirmatory,True,True
1995870549348659609,HOOD,False,,15,complete,True,0.0016317459126893,0.0019040970310221,1.0,0.0021828618616565,0.0009951007401762,13268.0,0.0032252629833874,-0.2801372960340151,44.626168224299064,False,605700792,2025-12-02 14:59:55+00:00,219,False,0.5600649118423462,sentence-transformers/all-mpnet-base-v2,confirmatory,True,True
1995885002249338883,HOOD,False,,14,partial,True,-0.0032719193397618,0.0015155642961613,2.0,0.0017976262622637,0.0007520228178971,12117.0,0.0026688411880296,-0.3750710209712559,39.89436329124371,False,605700792,2025-12-02 15:57:20+00:00,220,False,0.3968710303306579,sentence-transformers/all-mpnet-base-v2,confirmatory,True,True
1995886909781147962,BOX,False,,12,partial,True,0.002440120804164,0.0006463895374145,3.0,0.0009537606446885,0.0003292884701768,271.0,0.0014873582929398,-0.933440235878464,14.760147601476014,False,914061,2025-12-02 16:04:55+00:00,262,False,0.3553752899169922,sentence-transformers/all-mpnet-base-v2,confirmatory,True,True
1996114346423066903,BOX,True,"earnings(BOX, 2025-12-02 21:00:00+00:00->2025-12-03 21:00:00+00:00)",14,partial,False,0.0641615282009007,0.0056991956641906,0.0,0.0023659974273463,0.00134124926425,472.0,0.0040409491025227,2.4851445034774793,95.33898305084746,True,914061,2025-12-03 07:08:40+00:00,261,False,0.2921785116195678,sentence-transformers/all-mpnet-base-v2,confirmatory,True,False
1996240388940804171,BOX,True,"earnings(BOX, 2025-12-02 21:00:00+00:00->2025-12-03 21:00:00+00:00)",15,complete,False,-0.0031369022602202,0.0025475937016068,2.0,0.0012459311727754,0.0005641575098515,353.0,0.0020798702764527,2.307267928018424,97.45042492917848,True,914061,2025-12-03 15:29:31+00:00,262,False,0.7954596281051636,sentence-transformers/all-mpnet-base-v2,confirmatory,True,False
1996270789385969821,HOOD,False,,14,partial,True,0.0004982261759008,0.0012115390870081,6.0,0.0013312371582174,0.0007325749655066,8487.0,0.0020897515683504,-0.163393614094536,53.69388476493461,False,605700792,2025-12-03 17:30:19+00:00,218,False,0.3367939591407776,sentence-transformers/all-mpnet-base-v2,confirmatory,True,True
1996279106678497380,HOOD,False,,15,complete,True,0.0023694683138548,0.0008964275625216,7.0,0.0012735096511832,0.0008597830624624,8488.0,0.0019450931125967,-0.4385781775947674,28.84071630537229,False,605700792,2025-12-03 18:03:22+00:00,219,False,0.5629308819770813,sentence-transformers/all-mpnet-base-v2,confirmatory,True,True
1996290400601198921,CRM,False,,14,partial,True,0.001553407586407,0.0005649210242029,8.0,0.0006966026754776,0.0004756256276318,3003.0,0.0010914207917555,-0.2768598738683386,46.22044622044622,False,22330739,2025-12-03 18:48:15+00:00,190,False,0.5013529658317566,sentence-transformers/all-mpnet-base-v2,confirmatory,True,True
1996324866434503042,CRM,True,"earnings(CRM, 2025-12-03 21:00:00+00:00->2025-12-04 21:00:00+00:00)",4,insufficient,False,0.0488783453214123,0.0011772596749357,13.0,,,,,,,False,22330739,2025-12-03 21:05:12+00:00,191,False,0.4711865186691284,sentence-transformers/all-mpnet-base-v2,confirmatory,True,False
1996325288754679870,CRM,True,"earnings(CRM, 2025-12-03 21:00:00+00:00->2025-12-04 21:00:00+00:00)",4,insufficient,False,0.0488783453214123,0.0011772596749357,13.0,,,,,,,False,22330739,2025-12-03 21:06:53+00:00,192,False,0.464068591594696,sentence-transformers/all-mpnet-base-v2,confirmatory,True,False
1996325436142567930,CRM,True,"earnings(CRM, 2025-12-03 21:00:00+00:00->2025-12-04 21:00:00+00:00)",4,insufficient,False,0.0488783453214123,0.0011772596749357,13.0,,,,,,,False,22330739,2025-12-03 21:07:28+00:00,193,False,0.4563623666763305,sentence-transformers/all-mpnet-base-v2,confirmatory,True,False
1996358156453310773,HOOD,False,,15,complete,True,0.0040583608469624,0.0050884167668655,0.0,0.0029116442658918,0.0011964742156813,12565.0,0.0044324270052405,1.819322533193106,94.85873458018304,True,605700792,2025-12-03 23:17:29+00:00,220,False,0.7017033100128174,sentence-transformers/all-mpnet-base-v2,confirmatory,True,True
1996360435583594905,CRM,True,"earnings(CRM, 2025-12-03 21:00:00+00:00->2025-12-04 21:00:00+00:00)",15,complete,False,0.001562486148493,0.0061282749392431,0.0,0.0016535633785195,0.0007536210791284,7739.0,0.0026949740567718,5.937614650984186,99.9870784339062,True,22330739,2025-12-03 23:26:33+00:00,194,False,0.4200595617294311,sentence-transformers/all-mpnet-base-v2,confirmatory,True,False
1996371808787071265,CRM,True,"earnings(CRM, 2025-12-03 21:00:00+00:00->2025-12-04 21:00:00+00:00)",15,complete,False,0.001562486148493,0.0061282749392431,0.0,0.0016535633785195,0.0007536210791284,7739.0,0.0026949740567718,5.937614650984186,99.9870784339062,True,22330739,2025-12-04 00:11:44+00:00,195,False,0.4908856749534607,sentence-transformers/all-mpnet-base-v2,confirmatory,True,False
1996597609587470504,MSFT,False,,15,complete,True,-0.0015483398750025,0.0004041669705598,1.0,0.0007149928506676,0.0003994200585477,13614.0,0.0010838534439855,-0.7781929661667896,10.702218304686353,False,20571756,2025-12-04 15:08:59+00:00,127,False,0.4069033861160278,sentence-transformers/all-mpnet-base-v2,null_baseline,True,False
1996635903943758100,HOOD,False,,13,partial,True,0.0011889581473063,0.0008617365665025,6.0,0.0013312371582174,0.0007325749655066,8487.0,0.0020897515683504,-0.6408908491572762,22.057264050901377,False,605700792,2025-12-04 17:41:09+00:00,221,False,0.3710808157920837,sentence-transformers/all-mpnet-base-v2,confirmatory,True,True
1996640861103555013,HOOD,False,,14,partial,True,0.0034349849542386,0.000953816363475,7.0,0.0012735096511832,0.0008597830624624,8488.0,0.0019450931125967,-0.371830176315155,34.41328934967012,False,605700792,2025-12-04 18:00:51+00:00,222,False,0.5874444246292114,sentence-transformers/all-mpnet-base-v2,confirmatory,True,True
1996733865638117827,CRM,False,,15,complete,True,0.0345096348388913,0.0024195333638524,0.0,0.0016535633785195,0.0007536210791284,7739.0,0.0026949740567718,1.0163860944795735,84.76547357539734,False,22330739,2025-12-05 00:10:25+00:00,196,False,0.7502565383911133,sentence-transformers/all-mpnet-base-v2,confirmatory,True,True
1996830500053532707,CRM,False,,15,complete,True,0.0345096348388913,0.0024195333638524,0.0,0.0016535633785195,0.0007536210791284,7739.0,0.0026949740567718,1.0163860944795735,84.76547357539734,False,22330739,2025-12-05 06:34:25+00:00,197,False,0.2523200511932373,sentence-transformers/all-mpnet-base-v2,confirmatory,True,True
1997014930273587423,BOX,False,,8,partial,True,0.0006462803121096,0.0004577159676093,8.0,0.0011208349410239,0.0005122699327436,159.0,0.0015615102713901,-1.2944717833879291,4.40251572327044,False,914061,2025-12-05 18:47:16+00:00,260,False,0.2929528951644897,sentence-transformers/all-mpnet-base-v2,confirmatory,True,True
1997096186981785964,HOOD,False,,15,complete,True,0.0120283322106202,0.0023222460422298,0.0,0.0029116442658918,0.0011964742156813,12565.0,0.0044324270052405,-0.4926125577444024,35.50338241146041,False,605700792,2025-12-06 00:10:09+00:00,222,False,0.7286546230316162,sentence-transformers/all-mpnet-base-v2,confirmatory,True,True
1997152030507556962,BOX,False,,8,partial,True,-0.0018618425396156,0.0028279005745822,0.0,0.0023659974273463,0.00134124926425,472.0,0.0040409491025227,0.3443827777189331,75.63559322033898,False,914061,2025-12-06 03:52:04+00:00,259,False,0.2561643123626709,sentence-transformers/all-mpnet-base-v2,confirmatory,True,True
1997465631650955504,BOX,False,,8,partial,True,-0.0018618425396156,0.0028279005745822,0.0,0.0023659974273463,0.00134124926425,472.0,0.0040409491025227,0.3443827777189331,75.63559322033898,False,914061,2025-12-07 00:38:12+00:00,260,False,0.2396653890609741,sentence-transformers/all-mpnet-base-v2,confirmatory,True,True
1997503730674196589,HOOD,False,,15,complete,True,0.0120283322106202,0.0023222460422298,0.0,0.0029116442658918,0.0011964742156813,12565.0,0.0044324270052405,-0.4926125577444024,35.50338241146041,False,605700792,2025-12-07 03:09:35+00:00,218,False,0.3574965000152588,sentence-transformers/all-mpnet-base-v2,confirmatory,True,True
1997768912042369366,BOX,False,,8,partial,True,-0.0018618425396156,0.0028279005745822,0.0,0.0023659974273463,0.00134124926425,472.0,0.0040409491025227,0.3443827777189331,75.63559322033898,False,914061,2025-12-07 20:43:20+00:00,258,False,0.4146994352340698,sentence-transformers/all-mpnet-base-v2,confirmatory,True,True
1997881396447297603,HOOD,False,,15,complete,True,0.0120283322106202,0.0023222460422298,0.0,0.0029116442658918,0.0011964742156813,12565.0,0.0044324270052405,-0.4926125577444024,35.50338241146041,False,605700792,2025-12-08 04:10:18+00:00,215,False,0.4263725280761719,sentence-transformers/all-mpnet-base-v2,confirmatory,True,True
1997947021924422135,CRM,False,,14,partial,True,0.0050289057566281,0.0041393924432307,0.0,0.0016535633785195,0.0007536210791284,7739.0,0.0026949740567718,3.2985131832910253,99.23762760046516,True,22330739,2025-12-08 08:31:04+00:00,198,False,0.6821135878562927,sentence-transformers/all-mpnet-base-v2,confirmatory,True,True
1998123852615045400,HOOD,False,,12,partial,True,-0.0013398296554285,0.001046572242861,11.0,0.0011052161091722,0.0005247132447824,10594.0,0.00171155371555,-0.1117636478484439,55.6919010760808,False,605700792,2025-12-08 20:13:44+00:00,216,False,0.6819106936454773,sentence-transformers/all-mpnet-base-v2,confirmatory,True,True
1998167470356775347,HOOD,False,,15,complete,True,-0.0052517849185308,0.0023885179203086,0.0,0.0029116442658918,0.0011964742156813,12565.0,0.0044324270052405,-0.4372232503860269,38.424194190210905,False,605700792,2025-12-08 23:07:03+00:00,217,False,0.6881585717201233,sentence-transformers/all-mpnet-base-v2,confirmatory,True,True
1998247121271824796,BOX,False,,11,partial,True,-0.0057039664919011,0.0012395583311115,0.0,0.0023659974273463,0.00134124926425,472.0,0.0040409491025227,-0.8398432165139819,8.898305084745763,False,914061,2025-12-09 04:23:34+00:00,256,False,0.2195206880569458,sentence-transformers/all-mpnet-base-v2,confirmatory,True,True
1998376337938039091,MSFT,False,,15,complete,True,-0.0037157594873187,0.0008160824498492,0.0,0.0009394249546098,0.0004120387512163,14653.0,0.0014739637379442,-0.2993468560819615,45.355899815737395,False,20571756,2025-12-09 12:57:01+00:00,126,False,0.4569049477577209,sentence-transformers/all-mpnet-base-v2,null_baseline,True,False
1998424249611211263,MSFT,False,,15,complete,True,-0.0005566758866937,0.0002945544406441,3.0,0.0005387284302434,0.0002832804516851,11561.0,0.0008166489641596,-0.8619514270990778,10.31917654182164,False,20571756,2025-12-09 16:07:24+00:00,127,False,0.6514458656311035,sentence-transformers/all-mpnet-base-v2,null_baseline,True,False
1998424250966053164,MSFT,False,,15,complete,True,-0.0005566758866937,0.0002945544406441,3.0,0.0005387284302434,0.0002832804516851,11561.0,0.0008166489641596,-0.8619514270990778,10.31917654182164,False,20571756,2025-12-09 16:07:25+00:00,128,False,0.6766045093536377,sentence-transformers/all-mpnet-base-v2,null_baseline,True,False
1998442329636745505,HOOD,False,,14,partial,True,-0.0056181714266504,0.0013382497794437,5.0,0.0013306769934939,0.0005685696276222,9339.0,0.0020352058338232,0.0133190124513172,59.67448334939501,False,605700792,2025-12-09 17:19:15+00:00,217,False,0.7322568297386169,sentence-transformers/all-mpnet-base-v2,confirmatory,True,True
1998470844457402627,HOOD,False,,14,partial,True,0.0039534697964755,0.0006753863512876,9.0,0.0011713599027867,0.0006290243946238,9003.0,0.0018144380786752,-0.7884806308596982,12.406975452626902,False,605700792,2025-12-09 19:12:33+00:00,218,False,0.6486817598342896,sentence-transformers/all-mpnet-base-v2,confirmatory,True,True
1998597578678829449,BOX,False,,12,partial,True,-0.009951504900019,0.0018781180821461,0.0,0.0023659974273463,0.00134124926425,472.0,0.0040409491025227,-0.3637499443274583,51.69491525423729,False,914061,2025-12-10 03:36:09+00:00,257,False,0.130615234375,sentence-transformers/all-mpnet-base-v2,confirmatory,True,True
1998612691603304922,HOOD,False,,15,complete,True,-0.0073917123971454,0.0025633743684157,0.0,0.0029116442658918,0.0011964742156813,12565.0,0.0044324270052405,-0.2910801527618463,45.682451253481894,False,605700792,2025-12-10 04:36:12+00:00,219,False,0.5780201554298401,sentence-transformers/all-mpnet-base-v2,confirmatory,True,True
1998643116975546493,MSFT,False,,14,partial,True,-0.0237403334135595,0.001256202181112,,,,,,,,False,20571756,2025-12-10 06:37:06+00:00,129,False,0.4756776094436645,sentence-transformers/all-mpnet-base-v2,null_baseline,True,False
1998943350377034124,HOOD,False,,15,complete,True,-0.040585534331336,0.0052802544663175,0.0,0.0029116442658918,0.0011964742156813,12565.0,0.0044324270052405,1.9796583740643512,95.6625547154795,True,605700792,2025-12-11 02:30:07+00:00,219,False,0.7549257278442383,sentence-transformers/all-mpnet-base-v2,confirmatory,True,True
1998948292240224313,HOOD,False,,15,complete,True,-0.040585534331336,0.0052802544663175,0.0,0.0029116442658918,0.0011964742156813,12565.0,0.0044324270052405,1.9796583740643512,95.6625547154795,True,605700792,2025-12-11 02:49:46+00:00,220,False,0.5329791903495789,sentence-transformers/all-mpnet-base-v2,confirmatory,True,True
1998949881680113992,HOOD,False,,15,complete,True,-0.040585534331336,0.0052802544663175,0.0,0.0029116442658918,0.0011964742156813,12565.0,0.0044324270052405,1.9796583740643512,95.6625547154795,True,605700792,2025-12-11 02:56:05+00:00,221,False,0.7018134593963623,sentence-transformers/all-mpnet-base-v2,confirmatory,True,True
1998987907131125935,MSFT,False,,15,complete,True,0.005832790114394,0.0012899285365955,0.0,0.0009394249546098,0.0004120387512163,14653.0,0.0014739637379442,0.850656839802309,84.11929297754726,False,20571756,2025-12-11 05:27:11+00:00,130,False,0.3630947470664978,sentence-transformers/all-mpnet-base-v2,null_baseline,True,False
1999015482482110774,HOOD,False,,15,complete,True,-0.040585534331336,0.0052802544663175,0.0,0.0029116442658918,0.0011964742156813,12565.0,0.0044324270052405,1.9796583740643512,95.6625547154795,True,605700792,2025-12-11 07:16:45+00:00,222,False,0.6457595229148865,sentence-transformers/all-mpnet-base-v2,confirmatory,True,True
1999055307738321153,MSFT,False,,15,complete,True,0.005832790114394,0.0012899285365955,0.0,0.0009394249546098,0.0004120387512163,14653.0,0.0014739637379442,0.850656839802309,84.11929297754726,False,20571756,2025-12-11 09:55:00+00:00,131,False,0.3388909101486206,sentence-transformers/all-mpnet-base-v2,null_baseline,True,False
1999183430140198938,MSFT,False,,15,complete,True,0.0021179185616662,0.0005834451099408,7.0,0.0004485307556491,0.0004097469845394,8216.0,0.0006639670621169,0.3292625922392316,83.42259006815968,False,20571756,2025-12-11 18:24:07+00:00,132,False,0.4738931655883789,sentence-transformers/all-mpnet-base-v2,null_baseline,True,False
1999183482048905583,MSFT,False,,15,complete,True,0.0021179185616662,0.0005834451099408,7.0,0.0004485307556491,0.0004097469845394,8216.0,0.0006639670621169,0.3292625922392316,83.42259006815968,False,20571756,2025-12-11 18:24:19+00:00,133,False,0.492181658744812,sentence-transformers/all-mpnet-base-v2,null_baseline,True,False
1999183534053879967,MSFT,False,,15,complete,True,0.0021179185616662,0.0005834451099408,7.0,0.0004485307556491,0.0004097469845394,8216.0,0.0006639670621169,0.3292625922392316,83.42259006815968,False,20571756,2025-12-11 18:24:32+00:00,134,False,0.6120946407318115,sentence-transformers/all-mpnet-base-v2,null_baseline,True,False
1999183536277098925,MSFT,False,,15,complete,True,0.0021179185616662,0.0005834451099408,7.0,0.0004485307556491,0.0004097469845394,8216.0,0.0006639670621169,0.3292625922392316,83.42259006815968,False,20571756,2025-12-11 18:24:32+00:00,134,False,0.551134467124939,sentence-transformers/all-mpnet-base-v2,null_baseline,True,False
1999191612321391058,BOX,False,,9,partial,True,-0.0003021747082476,0.0004013043141757,8.0,0.0011208349410239,0.0005122699327436,159.0,0.0015615102713901,-1.4045927368693618,3.1446540880503147,False,914061,2025-12-11 18:56:38+00:00,256,False,0.4354571104049682,sentence-transformers/all-mpnet-base-v2,confirmatory,True,True
1999246017506738190,QCOM,False,,14,partial,True,0.0086499427880839,0.0008206482553408,0.0,0.0017823192627403,0.0010698256208132,8499.0,0.0032347960452871,-0.898904446379247,8.459818802212025,False,234930762,2025-12-11 22:32:49+00:00,72,False,0.3197020292282104,sentence-transformers/all-mpnet-base-v2,confirmatory,True,True
1999277930938290615,HOOD,False,,15,complete,True,0.00704130769158,0.0021804812283775,0.0,0.0029116442658918,0.0011964742156813,12565.0,0.0044324270052405,-0.611098031141405,28.91364902506964,False,605700792,2025-12-12 00:39:38+00:00,223,False,0.5626744627952576,sentence-transformers/all-mpnet-base-v2,confirmatory,True,True
1999335048311636437,QCOM,False,,14,partial,True,0.0086499427880839,0.0008206482553408,0.0,0.0017823192627403,0.0010698256208132,8499.0,0.0032347960452871,-0.898904446379247,8.459818802212025,False,234930762,2025-12-12 04:26:36+00:00,73,False,0.21445232629776,sentence-transformers/all-mpnet-base-v2,confirmatory,True,True
1999359216310714844,BOX,False,,12,partial,True,0.0027754354198477,0.0015882121319939,0.0,0.0023659974273463,0.00134124926425,472.0,0.0040409491025227,-0.5798961580696788,31.14406779661017,False,914061,2025-12-12 06:02:38+00:00,256,False,0.3644287586212158,sentence-transformers/all-mpnet-base-v2,confirmatory,True,True
1999384095881884119,MSFT,False,,15,complete,True,-0.0079395858696408,0.0012215768807272,0.0,0.0009394249546098,0.0004120387512163,14653.0,0.0014739637379442,0.6847703651284148,80.93223230737733,False,20571756,2025-12-12 07:41:29+00:00,136,False,0.5846419334411621,sentence-transformers/all-mpnet-base-v2,null_baseline,True,False
1999388548097810772,MSFT,False,,15,complete,True,-0.0079395858696408,0.0012215768807272,0.0,0.0009394249546098,0.0004120387512163,14653.0,0.0014739637379442,0.6847703651284148,80.93223230737733,False,20571756,2025-12-12 07:59:11+00:00,137,False,0.4437130689620971,sentence-transformers/all-mpnet-base-v2,null_baseline,True,False
1999531307823780343,BOX,False,,9,partial,True,0.0012628406546992,0.000836466966537,5.0,0.0008476673880137,0.0003763439537565,100.0,0.0012922168242674,-0.0297611303832663,64.0,False,914061,2025-12-12 17:26:27+00:00,257,False,0.3643003702163696,sentence-transformers/all-mpnet-base-v2,confirmatory,True,True
1999630132210991306,CRM,False,,15,complete,True,-0.0224108909189217,0.0015130468038976,0.0,0.0016535633785195,0.0007536210791284,7739.0,0.0026949740567718,-0.1864552074159285,51.69918594133609,False,22330739,2025-12-12 23:59:09+00:00,199,False,0.5705174803733826,sentence-transformers/all-mpnet-base-v2,confirmatory,True,True
1999672264967745792,CRM,False,,15,complete,True,-0.0224108909189217,0.0015130468038976,0.0,0.0016535633785195,0.0007536210791284,7739.0,0.0026949740567718,-0.1864552074159285,51.69918594133609,False,22330739,2025-12-13 02:46:34+00:00,200,False,0.5057112574577332,sentence-transformers/all-mpnet-base-v2,confirmatory,True,True
1999725887626125445,BOX,False,,9,partial,True,0.0009666028329409,0.0028845561598663,0.0,0.0023659974273463,0.00134124926425,472.0,0.0040409491025227,0.3866236846064368,75.84745762711864,False,914061,2025-12-13 06:19:39+00:00,257,False,0.2128269076347351,sentence-transformers/all-mpnet-base-v2,confirmatory,True,True
2000299000973660249,CRM,False,,15,complete,True,-0.0224108909189217,0.0015130468038976,0.0,0.0016535633785195,0.0007536210791284,7739.0,0.0026949740567718,-0.1864552074159285,51.69918594133609,False,22330739,2025-12-14 20:17:00+00:00,201,False,0.7176013588905334,sentence-transformers/all-mpnet-base-v2,confirmatory,True,True
2000340341132816555,CRM,False,,15,complete,True,-0.0224108909189217,0.0015130468038976,0.0,0.0016535633785195,0.0007536210791284,7739.0,0.0026949740567718,-0.1864552074159285,51.69918594133609,False,22330739,2025-12-14 23:01:16+00:00,202,False,0.6870517730712891,sentence-transformers/all-mpnet-base-v2,confirmatory,True,True
2000439482957619580,BOX,False,,9,partial,True,0.0009666028329409,0.0028845561598663,0.0,0.0023659974273463,0.00134124926425,472.0,0.0040409491025227,0.3866236846064368,75.84745762711864,False,914061,2025-12-15 05:35:13+00:00,256,False,0.1608208417892456,sentence-transformers/all-mpnet-base-v2,confirmatory,True,True
2000654136061370651,HOOD,False,,14,partial,True,-0.0096778190870829,0.0015517193030789,10.0,0.0011485242329436,0.0005914157179625,9496.0,0.0018497083075648,0.681745611233193,82.01347935973041,False,605700792,2025-12-15 19:48:11+00:00,218,False,0.6116049289703369,sentence-transformers/all-mpnet-base-v2,confirmatory,True,True
2000683801174008242,QCOM,True,"jobs_report(ALL, 2025-12-16 13:30:00+00:00->2025-12-16 21:00:00+00:00)",15,complete,False,-0.005919736510627,0.0019774048651674,0.0,0.0017823192627403,0.0010698256208132,8499.0,0.0032347960452871,0.1823527111631944,71.23190963642782,False,234930762,2025-12-15 21:46:03+00:00,74,False,0.4690086841583252,sentence-transformers/all-mpnet-base-v2,confirmatory,True,False
2000772401815326894,BOX,True,"jobs_report(ALL, 2025-12-16 13:30:00+00:00->2025-12-16 21:00:00+00:00)",7,insufficient,False,0.0016064068159181,0.0010409924670405,0.0,0.0023659974273463,0.00134124926425,472.0,0.0040409491025227,-0.98788867634281,4.025423728813559,False,914061,2025-12-16 03:38:07+00:00,257,False,0.3487051725387573,sentence-transformers/all-mpnet-base-v2,confirmatory,True,False
2000951552060624945,QCOM,True,"jobs_report(ALL, 2025-12-16 13:30:00+00:00->2025-12-16 21:00:00+00:00)",15,complete,False,0.0014528481519819,0.0015095599146766,2.0,0.0011865487468786,0.000799503699653,7176.0,0.0022010986042174,0.4040146004804196,78.28874024526199,False,234930762,2025-12-16 15:30:00+00:00,75,False,0.343109130859375,sentence-transformers/all-mpnet-base-v2,confirmatory,True,False
2001079324460638565,HOOD,False,,15,complete,True,0.005413519801889,0.0052302514961242,0.0,0.0029116442658918,0.0011964742156813,12565.0,0.0044324270052405,1.937866441118376,95.52725825706328,True,605700792,2025-12-16 23:57:43+00:00,217,False,0.6294463872909546,sentence-transformers/all-mpnet-base-v2,confirmatory,True,True
2001108837214876066,HOOD,False,,15,complete,True,0.005413519801889,0.0052302514961242,0.0,0.0029116442658918,0.0011964742156813,12565.0,0.0044324270052405,1.937866441118376,95.52725825706328,True,605700792,2025-12-17 01:55:00+00:00,218,False,0.7317825555801392,sentence-transformers/all-mpnet-base-v2,confirmatory,True,True
2001271539170230505,SHOP,False,,15,complete,True,0.0203623694345155,0.0031203649604617,0.0,0.0022388075140546,0.0010375195416403,8237.0,0.0035029443251395,0.8496779202956589,85.0916595848003,False,676573,2025-12-17 12:41:31+00:00,0,True,,sentence-transformers/all-mpnet-base-v2,exploratory_only,True,False
2001343878650302667,BOX,False,,6,insufficient,False,9.181125425505864e-05,0.0003747663581154,6.0,0.0008828791634215,0.0002489084372389,101.0,0.0011867096342035,-2.041364330364076,1.98019801980198,False,914061,2025-12-17 17:28:58+00:00,253,False,0.5057557821273804,sentence-transformers/all-mpnet-base-v2,confirmatory,True,False
2001419398167359612,SHOP,True,"cpi(ALL, 2025-12-18 13:30:00+00:00->2025-12-18 21:00:00+00:00)",15,complete,False,0.0347671409285985,0.0038841563478243,0.0,0.0022388075140546,0.0010375195416403,8237.0,0.0035029443251395,1.585848524036869,93.28639067621708,True,676573,2025-12-17 22:29:03+00:00,1,True,,sentence-transformers/all-mpnet-base-v2,exploratory_only,True,False
2001447313319842258,CRM,True,"cpi(ALL, 2025-12-18 13:30:00+00:00->2025-12-18 21:00:00+00:00)",15,complete,False,-0.0105227047099815,0.0016384627800826,0.0,0.0016535633785195,0.0007536210791284,7739.0,0.0026949740567718,-0.0200373886228885,58.43132187621139,False,22330739,2025-12-18 00:19:59+00:00,203,False,0.3642870187759399,sentence-transformers/all-mpnet-base-v2,confirmatory,True,False
2001471963722826117,SHOP,True,"cpi(ALL, 2025-12-18 13:30:00+00:00->2025-12-18 21:00:00+00:00)",15,complete,False,0.0347671409285985,0.0038841563478243,0.0,0.0022388075140546,0.0010375195416403,8237.0,0.0035029443251395,1.585848524036869,93.28639067621708,True,676573,2025-12-18 01:57:56+00:00,2,True,,sentence-transformers/all-mpnet-base-v2,exploratory_only,True,False
2001485557613105175,HOOD,True,"cpi(ALL, 2025-12-18 13:30:00+00:00->2025-12-18 21:00:00+00:00)",15,complete,False,0.0516729007798619,0.0041901208709439,0.0,0.0029116442658918,0.0011964742156813,12565.0,0.0044324270052405,1.0685366958150306,87.13091922005572,False,605700792,2025-12-18 02:51:57+00:00,216,False,0.6540830731391907,sentence-transformers/all-mpnet-base-v2,confirmatory,True,False
2001487893685244103,HOOD,True,"cpi(ALL, 2025-12-18 13:30:00+00:00->2025-12-18 21:00:00+00:00)",15,complete,False,0.0516729007798619,0.0041901208709439,0.0,0.0029116442658918,0.0011964742156813,12565.0,0.0044324270052405,1.0685366958150306,87.13091922005572,False,605700792,2025-12-18 03:01:14+00:00,217,False,0.6397056579589844,sentence-transformers/all-mpnet-base-v2,confirmatory,True,False
2001678489028542736,QCOM,True,"cpi(ALL, 2025-12-18 13:30:00+00:00->2025-12-18 21:00:00+00:00)",14,partial,False,-5.846308800716571e-05,0.0007283669123861,2.0,0.0011865487468786,0.000799503699653,7176.0,0.0022010986042174,-0.5730828196184611,30.755295429208473,False,234930762,2025-12-18 15:38:35+00:00,76,False,0.4032583236694336,sentence-transformers/all-mpnet-base-v2,confirmatory,True,False
2001749124593615024,BOX,True,"cpi(ALL, 2025-12-18 13:30:00+00:00->2025-12-18 21:00:00+00:00)",12,partial,False,-0.000511959578316,0.0001934997968419,11.0,0.0008934168611414,0.0005987207556726,755.0,0.0013152033478981,-1.169020879380034,0.0,False,914061,2025-12-18 20:19:16+00:00,253,False,0.5685672760009766,sentence-transformers/all-mpnet-base-v2,confirmatory,True,False
2001781015078146176,HOOD,False,,1,insufficient,False,0.0246812874997189,,,,,,,,,False,605700792,2025-12-18 22:25:59+00:00,218,False,0.3370904922485351,sentence-transformers/all-mpnet-base-v2,confirmatory,True,False
2001782195934134614,HOOD,False,,1,insufficient,False,0.0246812874997189,,,,,,,,,False,605700792,2025-12-18 22:30:41+00:00,219,False,0.5017344951629639,sentence-transformers/all-mpnet-base-v2,confirmatory,True,False
2001820756393758881,HOOD,False,,1,insufficient,False,0.0246812874997189,,,,,,,,,False,605700792,2025-12-19 01:03:55+00:00,220,False,0.6574128270149231,sentence-transformers/all-mpnet-base-v2,confirmatory,True,False
2001830061591454199,HOOD,False,,1,insufficient,False,0.0246812874997189,,,,,,,,,False,605700792,2025-12-19 01:40:53+00:00,221,False,0.6519150733947754,sentence-transformers/all-mpnet-base-v2,confirmatory,True,False
2001849089571590259,HOOD,False,,1,insufficient,False,0.0246812874997189,,,,,,,,,False,605700792,2025-12-19 02:56:30+00:00,222,False,0.5921474695205688,sentence-transformers/all-mpnet-base-v2,confirmatory,True,False
2001888559725506915,BOX,False,,6,insufficient,False,-0.0061065191989091,0.0015215340244962,0.0,0.0023659974273463,0.00134124926425,472.0,0.0040409491025227,-0.629609592607883,27.11864406779661,False,914061,2025-12-19 05:33:20+00:00,253,False,0.3203868865966797,sentence-transformers/all-mpnet-base-v2,confirmatory,True,False
2002114423843107255,HOOD,False,,15,complete,True,-0.0046608454493431,0.0010556635847647,12.0,0.0011519743389481,0.0005454108705395,7659.0,0.001734746168232,-0.1765838551917411,50.80297688993342,False,605700792,2025-12-19 20:30:50+00:00,223,False,0.5000880360603333,sentence-transformers/all-mpnet-base-v2,confirmatory,True,True
2002156180559573460,HOOD,False,,15,complete,True,0.0088501095993709,0.0027672693159948,0.0,0.0029116442658918,0.0011964742156813,12565.0,0.0044324270052405,-0.1206669964172924,53.91961798647036,False,605700792,2025-12-19 23:16:46+00:00,224,False,0.5756176710128784,sentence-transformers/all-mpnet-base-v2,confirmatory,True,True
2002165900158644347,HOOD,False,,15,complete,True,0.0088501095993709,0.0027672693159948,0.0,0.0029116442658918,0.0011964742156813,12565.0,0.0044324270052405,-0.1206669964172924,53.91961798647036,False,605700792,2025-12-19 23:55:23+00:00,225,False,0.4473450779914856,sentence-transformers/all-mpnet-base-v2,confirmatory,True,True
2002233659957592280,HOOD,False,,15,complete,True,0.0088501095993709,0.0027672693159948,0.0,0.0029116442658918,0.0011964742156813,12565.0,0.0044324270052405,-0.1206669964172924,53.91961798647036,False,605700792,2025-12-20 04:24:38+00:00,226,False,0.6551297903060913,sentence-transformers/all-mpnet-base-v2,confirmatory,True,True
2002386197037924766,SHOP,False,,15,complete,True,0.0078706369433934,0.0031606692515512,0.0,0.0022388075140546,0.0010375195416403,8237.0,0.0035029443251395,0.888524698088183,85.74723807211363,False,676573,2025-12-20 14:30:46+00:00,3,True,,sentence-transformers/all-mpnet-base-v2,exploratory_only,True,False
2002463266698854809,SHOP,False,,15,complete,True,0.0078706369433934,0.0031606692515512,0.0,0.0022388075140546,0.0010375195416403,8237.0,0.0035029443251395,0.888524698088183,85.74723807211363,False,676573,2025-12-20 19:37:01+00:00,4,True,,sentence-transformers/all-mpnet-base-v2,exploratory_only,True,False
2002469986930217207,HOOD,False,,15,complete,True,0.0088501095993709,0.0027672693159948,0.0,0.0029116442658918,0.0011964742156813,12565.0,0.0044324270052405,-0.1206669964172924,53.91961798647036,False,605700792,2025-12-20 20:03:43+00:00,227,False,0.5841573476791382,sentence-transformers/all-mpnet-base-v2,confirmatory,True,True
2002476175965466736,BOX,False,,8,partial,True,-0.0007595984634036,0.0020186715919901,0.0,0.0023659974273463,0.00134124926425,472.0,0.0040409491025227,-0.258956962448269,56.567796610169495,False,914061,2025-12-20 20:28:19+00:00,253,False,0.172780156135559,sentence-transformers/all-mpnet-base-v2,confirmatory,True,True
2002805101510197370,BOX,False,,8,partial,True,-0.0007595984634036,0.0020186715919901,0.0,0.0023659974273463,0.00134124926425,472.0,0.0040409491025227,-0.258956962448269,56.567796610169495,False,914061,2025-12-21 18:15:21+00:00,252,False,0.3876005411148071,sentence-transformers/all-mpnet-base-v2,confirmatory,True,True
2003150133375172900,HOOD,False,,15,complete,True,0.0044382632643507,0.0008534766275555,5.0,0.0013306769934939,0.0005685696276222,9339.0,0.0020352058338232,-0.8392997845032096,16.693436128065102,False,605700792,2025-12-22 17:06:23+00:00,228,False,0.4825692772865295,sentence-transformers/all-mpnet-base-v2,confirmatory,True,True
2003230394288848992,SHOP,False,,10,partial,True,-0.0077262339105971,0.0022312355928025,0.0,0.0022388075140546,0.0010375195416403,8237.0,0.0035029443251395,-0.0072980998893862,60.701711788272426,False,676573,2025-12-22 22:25:18+00:00,5,True,,sentence-transformers/all-mpnet-base-v2,exploratory_only,True,False
2003272570364198954,BOX,False,,11,partial,True,5.928258459242386e-05,0.0010471784438291,0.0,0.0023659974273463,0.00134124926425,472.0,0.0040409491025227,-0.9832765755547578,4.025423728813559,False,914061,2025-12-23 01:12:54+00:00,250,False,0.1171090006828308,sentence-transformers/all-mpnet-base-v2,confirmatory,True,True
2003274479678722528,HOOD,False,,15,complete,True,-0.021214985661086,0.0020083961882313,0.0,0.0029116442658918,0.0011964742156813,12565.0,0.0044324270052405,-0.7549248164500721,21.71110226820533,False,605700792,2025-12-23 01:20:29+00:00,228,False,0.4209357500076294,sentence-transformers/all-mpnet-base-v2,confirmatory,True,True
2003533729080463698,HOOD,False,,10,partial,True,-0.0013414186220965,0.0007920654999661,8.0,0.001213082701226,0.0006543315496727,8409.0,0.0018807725151064,-0.6434309968249512,21.726721369960757,False,605700792,2025-12-23 18:30:39+00:00,228,False,0.7492311000823975,sentence-transformers/all-mpnet-base-v2,confirmatory,True,True
2003547651028189685,CRM,False,,12,partial,True,-0.0003007859524097,0.0002114909991672,9.0,0.0006798511763971,0.0004567842657429,3068.0,0.001057582176389,-1.0253421852614306,1.0104302477183833,False,22330739,2025-12-23 19:25:58+00:00,195,False,0.3863762617111206,sentence-transformers/all-mpnet-base-v2,confirmatory,True,True
2003586628145807568,SHOP,False,,14,partial,True,-0.0005236532427839,0.0017331882494114,0.0,0.0022388075140546,0.0010375195416403,8237.0,0.0035029443251395,-0.4873346904326863,34.7820808546801,False,676573,2025-12-23 22:00:51+00:00,6,True,,sentence-transformers/all-mpnet-base-v2,exploratory_only,True,False
2003588900523257878,BOX,False,,6,insufficient,False,-0.011043452103665,0.0016289887551879,0.0,0.0023659974273463,0.00134124926425,472.0,0.0040409491025227,-0.5494941856094749,34.53389830508475,False,914061,2025-12-23 22:09:53+00:00,249,False,0.3549495935440063,sentence-transformers/all-mpnet-base-v2,confirmatory,True,False
2003594067750584680,HOOD,False,,15,complete,True,-0.0065447977356654,0.0024356672645714,0.0,0.0029116442658918,0.0011964742156813,12565.0,0.0044324270052405,-0.3978163466308613,40.477516912057304,False,605700792,2025-12-23 22:30:25+00:00,229,False,0.6390733122825623,sentence-transformers/all-mpnet-base-v2,confirmatory,True,True
2003644305072881910,HOOD,False,,15,complete,True,-0.0065447977356654,0.0024356672645714,0.0,0.0029116442658918,0.0011964742156813,12565.0,0.0044324270052405,-0.3978163466308613,40.477516912057304,False,605700792,2025-12-24 01:50:02+00:00,230,False,0.6242865920066833,sentence-transformers/all-mpnet-base-v2,confirmatory,True,True
2003852375896084650,SHOP,False,,11,partial,True,-0.0024111563876603,0.0005691002687327,2.0,0.0014492332007035,0.0007027666091938,6461.0,0.0022357268463656,-1.2523829681954608,1.2536759015632255,False,676573,2025-12-24 15:36:50+00:00,7,True,,sentence-transformers/all-mpnet-base-v2,exploratory_only,True,False
2003852823013011795,SHOP,False,,12,partial,True,-0.001447437843739,0.0005911903561644,2.0,0.0014492332007035,0.0007027666091938,6461.0,0.0022357268463656,-1.2209499331839229,1.640612908218542,False,676573,2025-12-24 15:38:37+00:00,8,True,,sentence-transformers/all-mpnet-base-v2,exploratory_only,True,False
2003911490584432978,BOX,False,,6,insufficient,False,0.000535621134869,0.0022431019213738,0.0,0.0023659974273463,0.00134124926425,472.0,0.0040409491025227,-0.0916276409226853,60.80508474576271,False,914061,2025-12-24 19:31:44+00:00,249,False,0.1918573975563049,sentence-transformers/all-mpnet-base-v2,confirmatory,True,False
2003950726897348942,SHOP,False,,9,partial,True,-0.0044847337430701,0.001399883012951,0.0,0.0022388075140546,0.0010375195416403,8237.0,0.0035029443251395,-0.80858669878848,16.9114969042127,False,676573,2025-12-24 22:07:39+00:00,9,True,,sentence-transformers/all-mpnet-base-v2,exploratory_only,True,False
2004030074073526757,CRM,False,,12,partial,True,0.0046645466811634,0.0018578969927309,0.0,0.0016535633785195,0.0007536210791284,7739.0,0.0026949740567718,0.271135746956117,67.99328078563121,False,22330739,2025-12-25 03:22:57+00:00,195,False,0.6704066395759583,sentence-transformers/all-mpnet-base-v2,confirmatory,True,True
2004034924093841794,QCOM,False,,8,partial,True,-0.0001049920248656,0.0017639891330707,0.0,0.0017823192627403,0.0010698256208132,8499.0,0.0032347960452871,-0.0171337546166045,64.70172961524885,False,234930762,2025-12-25 03:42:13+00:00,75,False,0.7790235280990601,sentence-transformers/all-mpnet-base-v2,confirmatory,True,True
2004201578459512842,SHOP,False,,9,partial,True,-0.0044847337430701,0.001399883012951,0.0,0.0022388075140546,0.0010375195416403,8237.0,0.0035029443251395,-0.80858669878848,16.9114969042127,False,676573,2025-12-25 14:44:27+00:00,10,True,,sentence-transformers/all-mpnet-base-v2,exploratory_only,True,False
2004280393839821311,HOOD,False,,15,complete,True,-0.0051348011479126,0.0025589631551282,0.0,0.0029116442658918,0.0011964742156813,12565.0,0.0044324270052405,-0.2947669963474839,45.45961002785515,False,605700792,2025-12-25 19:57:38+00:00,229,False,0.5983366966247559,sentence-transformers/all-mpnet-base-v2,confirmatory,True,True
2004405295775469665,HOOD,False,,15,complete,True,-0.0051348011479126,0.0025589631551282,0.0,0.0029116442658918,0.0011964742156813,12565.0,0.0044324270052405,-0.2947669963474839,45.45961002785515,False,605700792,2025-12-26 04:13:57+00:00,230,False,0.5846782326698303,sentence-transformers/all-mpnet-base-v2,confirmatory,True,True
2004406389360460070,HOOD,False,,15,complete,True,-0.0051348011479126,0.0025589631551282,0.0,0.0029116442658918,0.0011964742156813,12565.0,0.0044324270052405,-0.2947669963474839,45.45961002785515,False,605700792,2025-12-26 04:18:17+00:00,231,False,0.6789678931236267,sentence-transformers/all-mpnet-base-v2,confirmatory,True,True
2004406869939683671,HOOD,False,,15,complete,True,-0.0051348011479126,0.0025589631551282,0.0,0.0029116442658918,0.0011964742156813,12565.0,0.0044324270052405,-0.2947669963474839,45.45961002785515,False,605700792,2025-12-26 04:20:12+00:00,232,False,0.7924725413322449,sentence-transformers/all-mpnet-base-v2,confirmatory,True,True
2004590911209312586,SHOP,False,,7,insufficient,False,0.0004985986932593,0.0002073706974549,4.0,0.0011511060186673,0.0005583326088205,4608.0,0.0018779045366866,-1.690274410455609,0.0,False,676573,2025-12-26 16:31:31+00:00,11,True,,sentence-transformers/all-mpnet-base-v2,exploratory_only,True,False
2004631668884472086,HOOD,False,,14,partial,True,-0.0034370134477461,0.0003768538162562,9.0,0.0011713599027867,0.0006290243946238,9003.0,0.0018144380786752,-1.2630767476127382,0.2665778073975341,False,605700792,2025-12-26 19:13:28+00:00,232,False,0.4725241661071777,sentence-transformers/all-mpnet-base-v2,confirmatory,True,True
2004654686629163154,BOX,False,,15,complete,True,-0.0004182284591967,0.0004578452965292,12.0,0.0008875319452804,0.000413202305816,1815.0,0.0013487540138926,-1.0398941213616382,8.760330578512397,False,914061,2025-12-26 20:44:56+00:00,249,False,0.9336712956428528,sentence-transformers/all-mpnet-base-v2,confirmatory,True,True
2004689887451308440,SHOP,False,,14,partial,True,-0.0051290737978322,0.001855625044399,0.0,0.0022388075140546,0.0010375195416403,8237.0,0.0035029443251395,-0.3693255445095269,41.70207599854316,False,676573,2025-12-26 23:04:49+00:00,12,True,,sentence-transformers/all-mpnet-base-v2,exploratory_only,True,False
2004734227464814896,CRM,False,,11,partial,True,0.0077556059410001,0.0015787642804421,0.0,0.0016535633785195,0.0007536210791284,7739.0,0.0026949740567718,-0.0992529271658742,55.34306757979067,False,22330739,2025-12-27 02:01:00+00:00,195,False,0.5360612273216248,sentence-transformers/all-mpnet-base-v2,confirmatory,True,True
2004756962890993834,HOOD,False,,15,complete,True,0.006993488331097,0.0035604262473668,0.0,0.0029116442658918,0.0011964742156813,12565.0,0.0044324270052405,0.5422448498862888,77.42936729009152,False,605700792,2025-12-27 03:31:21+00:00,233,False,0.7011449337005615,sentence-transformers/all-mpnet-base-v2,confirmatory,True,True
2004993499289264254,HOOD,False,,15,complete,True,0.006993488331097,0.0035604262473668,0.0,0.0029116442658918,0.0011964742156813,12565.0,0.0044324270052405,0.5422448498862888,77.42936729009152,False,605700792,2025-12-27 19:11:15+00:00,230,False,0.6154794692993164,sentence-transformers/all-mpnet-base-v2,confirmatory,True,True
2005085844722647075,HOOD,False,,15,complete,True,0.006993488331097,0.0035604262473668,0.0,0.0029116442658918,0.0011964742156813,12565.0,0.0044324270052405,0.5422448498862888,77.42936729009152,False,605700792,2025-12-28 01:18:12+00:00,231,False,0.6298040151596069,sentence-transformers/all-mpnet-base-v2,confirmatory,True,True
2005095077518201221,BOX,False,,9,partial,True,0.0075007058907664,0.0009950669873454,0.0,0.0023659974273463,0.00134124926425,472.0,0.0040409491025227,-1.022129500117491,3.389830508474576,False,914061,2025-12-28 01:54:54+00:00,247,False,0.2280336618423462,sentence-transformers/all-mpnet-base-v2,confirmatory,True,True
2005106172316319758,SHOP,False,,14,partial,True,-0.0051290737978322,0.001855625044399,0.0,0.0022388075140546,0.0010375195416403,8237.0,0.0035029443251395,-0.3693255445095269,41.70207599854316,False,676573,2025-12-28 02:38:59+00:00,13,True,,sentence-transformers/all-mpnet-base-v2,exploratory_only,True,False
2005106175361372554,SHOP,False,,14,partial,True,-0.0051290737978322,0.001855625044399,0.0,0.0022388075140546,0.0010375195416403,8237.0,0.0035029443251395,-0.3693255445095269,41.70207599854316,False,676573,2025-12-28 02:38:59+00:00,13,True,,sentence-transformers/all-mpnet-base-v2,exploratory_only,True,False
2005724537917431817,MSFT,False,,14,partial,True,0.0009027563094863,0.000254013158013,10.0,0.0004132226291285,0.0002187907982828,9445.0,0.0006671494974963,-0.7276790082808997,20.783483324510325,False,20571756,2025-12-29 19:36:09+00:00,126,False,0.4056912064552307,sentence-transformers/all-mpnet-base-v2,null_baseline,True,False
2005736558578856430,HOOD,False,,14,partial,True,-0.0020659993952001,0.0003888094495268,11.0,0.0011052161091722,0.0005247132447824,10594.0,0.00171155371555,-1.3653298573442143,0.6796299792335284,False,605700792,2025-12-29 20:23:55+00:00,230,False,0.6396157741546631,sentence-transformers/all-mpnet-base-v2,confirmatory,True,True
2005742822847369513,HOOD,False,,11,partial,True,0.003797548790714,0.0007850320025976,12.0,0.0011519743389481,0.0005454108705395,7659.0,0.001734746168232,-0.6727814867119138,22.013317665491577,False,605700792,2025-12-29 20:48:48+00:00,231,False,0.5355923771858215,sentence-transformers/all-mpnet-base-v2,confirmatory,True,True
2005811362807833002,BOX,False,,4,insufficient,False,-0.0007526744549111,0.0018259701484607,0.0,0.0023659974273463,0.00134124926425,472.0,0.0040409491025227,-0.4026300653275952,48.940677966101696,False,914061,2025-12-30 01:21:09+00:00,243,False,0.1526165604591369,sentence-transformers/all-mpnet-base-v2,confirmatory,True,False
2006160908205146195,HOOD,False,,15,complete,True,-0.0065986487159157,0.0009316116290187,0.0,0.0029116442658918,0.0011964742156813,12565.0,0.0044324270052405,-1.6548895169843003,0.0955033824114604,False,605700792,2025-12-31 00:30:07+00:00,229,False,0.7246235609054565,sentence-transformers/all-mpnet-base-v2,confirmatory,True,True
2006161471382688067,HOOD,False,,15,complete,True,-0.0065986487159157,0.0009316116290187,0.0,0.0029116442658918,0.0011964742156813,12565.0,0.0044324270052405,-1.6548895169843003,0.0955033824114604,False,605700792,2025-12-31 00:32:22+00:00,230,False,0.6089228391647339,sentence-transformers/all-mpnet-base-v2,confirmatory,True,True
2006172896453185596,BOX,False,,7,insufficient,False,-0.0034549849387677,0.0018879227595067,0.0,0.0023659974273463,0.00134124926425,472.0,0.0040409491025227,-0.3564398360411651,52.118644067796616,False,914061,2025-12-31 01:17:46+00:00,241,False,0.2039016485214233,sentence-transformers/all-mpnet-base-v2,confirmatory,True,False
2006427268210721072,QCOM,False,,5,insufficient,False,7.966089281929989e-05,0.0004996305088998,7.0,0.0009048983721937,0.0008558936060872,3602.0,0.0015296819716376,-0.4735026180959801,26.068850638534148,False,234930762,2025-12-31 18:08:33+00:00,73,False,0.7713834047317505,sentence-transformers/all-mpnet-base-v2,confirmatory,True,False
2006435495757361476,SHOP,False,,7,insufficient,False,-0.0004813091609177,0.0003845895523629,8.0,0.0010078885440359,0.0006827933069887,3827.0,0.0016508473045134,-0.9128662880746898,3.5536974131173245,False,676573,2025-12-31 18:41:14+00:00,15,True,,sentence-transformers/all-mpnet-base-v2,exploratory_only,True,False
2006439720038052227,SHOP,False,,8,partial,True,0.0008599863935988,0.0004765084234054,8.0,0.0010078885440359,0.0006827933069887,3827.0,0.0016508473045134,-0.7782444777820829,10.425921087013329,False,676573,2025-12-31 18:58:01+00:00,16,True,,sentence-transformers/all-mpnet-base-v2,exploratory_only,True,False
2006521312693637597,BOX,False,,6,insufficient,False,-0.0256564663827058,0.0029099500507663,0.0,0.0023659974273463,0.00134124926425,472.0,0.0040409491025227,0.4055566984591781,76.48305084745762,False,914061,2026-01-01 00:22:14+00:00,240,False,0.2333629131317138,sentence-transformers/all-mpnet-base-v2,confirmatory,True,False
2006541263303237740,HOOD,False,,1,insufficient,False,,,,,,,,,,False,605700792,2026-01-01 01:41:31+00:00,230,False,0.5224125385284424,sentence-transformers/all-mpnet-base-v2,confirmatory,True,False
2007167802986377628,QCOM,False,,7,insufficient,False,1.1726013687818336e-05,0.0006906955024603,9.0,0.0007471375969065,0.0004867566519591,4287.0,0.0012808820130418,-0.1159554660814373,58.222533240028,False,234930762,2026-01-02 19:11:10+00:00,74,False,0.4878755211830139,sentence-transformers/all-mpnet-base-v2,confirmatory,True,False
2007699154743759087,CRM,False,,15,complete,True,0.0025345677063624,0.0017673202069145,0.0,0.0016535633785195,0.0007536210791284,7739.0,0.0026949740567718,0.1509469832326875,64.72412456389715,False,22330739,2026-01-04 06:22:34+00:00,192,False,0.6264347434043884,sentence-transformers/all-mpnet-base-v2,confirmatory,True,True
2007958155137876183,BOX,False,,9,partial,True,-0.0148888290097347,0.00261125572925,0.0,0.0023659974273463,0.00134124926425,472.0,0.0040409491025227,0.1828581073189836,70.33898305084746,False,914061,2026-01-04 23:31:44+00:00,232,False,0.9227764010429382,sentence-transformers/all-mpnet-base-v2,confirmatory,True,True
2008545543061131483,SHOP,False,,15,complete,True,-0.0280866584334813,0.0037163651660353,0.0,0.0022388075140546,0.0010375195416403,8237.0,0.0035029443251395,1.424125129869519,92.24232123345878,True,676573,2026-01-06 14:25:49+00:00,17,True,,sentence-transformers/all-mpnet-base-v2,exploratory_only,True,False
2008698877986349383,HOOD,False,,15,complete,True,-0.0226559322980109,0.0034189803893321,0.0,0.0029116442658918,0.0011964742156813,12565.0,0.0044324270052405,0.424025956256276,74.49263828093912,False,605700792,2026-01-07 00:35:06+00:00,220,False,0.6597853899002075,sentence-transformers/all-mpnet-base-v2,confirmatory,True,True
2008701814028333342,SHOP,False,,14,partial,True,-0.0128833953739876,0.0030442502757785,0.0,0.0022388075140546,0.0010375195416403,8237.0,0.0035029443251395,0.7763157505934875,83.731941240743,False,676573,2026-01-07 00:46:46+00:00,18,True,,sentence-transformers/all-mpnet-base-v2,exploratory_only,True,False
2008703788627206288,HOOD,False,,15,complete,True,-0.0226559322980109,0.0034189803893321,0.0,0.0029116442658918,0.0011964742156813,12565.0,0.0044324270052405,0.424025956256276,74.49263828093912,False,605700792,2026-01-07 00:54:37+00:00,221,False,0.5208871364593506,sentence-transformers/all-mpnet-base-v2,confirmatory,True,True
2008746912569283060,BOX,False,,8,partial,True,0.0091405965769151,0.0024423354844972,0.0,0.0023659974273463,0.00134124926425,472.0,0.0040409491025227,0.0569156376712438,68.22033898305084,False,914061,2026-01-07 03:45:59+00:00,229,False,0.269336462020874,sentence-transformers/all-mpnet-base-v2,confirmatory,True,True
2008943581193801844,HOOD,False,,14,partial,True,-0.0044732512476952,0.0007971018640155,4.0,0.0013876350240362,0.0005670153025844,10096.0,0.002103771143176,-1.0414765833109696,7.824881141045958,False,605700792,2026-01-07 16:47:28+00:00,221,False,0.5685001611709595,sentence-transformers/all-mpnet-base-v2,confirmatory,True,True
2009012760194240891,HOOD,False,,15,complete,True,-0.0118058001400521,0.0028354655793396,0.0,0.0029116442658918,0.0011964742156813,12565.0,0.0044324270052405,-0.0636693090028853,56.999602069239955,False,605700792,2026-01-07 21:22:22+00:00,221,False,0.5646096467971802,sentence-transformers/all-mpnet-base-v2,confirmatory,True,True
2009089394318487675,SHOP,False,,13,partial,True,-0.0085278842946496,0.0027657935293655,0.0,0.0022388075140546,0.0010375195416403,8237.0,0.0035029443251395,0.5079287610118548,77.41896321476266,False,676573,2026-01-08 02:26:53+00:00,19,True,,sentence-transformers/all-mpnet-base-v2,exploratory_only,True,False
2009125381622857783,BOX,False,,13,partial,True,-0.0071835313724984,0.0018279595111891,0.0,0.0023659974273463,0.00134124926425,472.0,0.0040409491025227,-0.4011468490594446,49.15254237288136,False,914061,2026-01-08 04:49:53+00:00,227,False,0.3088388442993164,sentence-transformers/all-mpnet-base-v2,confirmatory,True,True
2009283382358798785,SHOP,False,,15,complete,True,0.0024260374960534,0.0007953161824051,1.0,0.0016737787051314,0.0008995730012445,7835.0,0.0026076580221628,-0.9765327788972696,4.365028717294193,False,676573,2026-01-08 15:17:43+00:00,20,False,0.4771522879600525,sentence-transformers/all-mpnet-base-v2,exploratory_only,True,False
2009311882553765914,SHOP,False,,10,partial,True,0.0015788502604023,0.0014256743178179,5.0,0.0010928384705565,0.0005862999426027,4158.0,0.0017391895075174,0.5676886915319217,80.61568061568062,False,676573,2026-01-08 17:10:58+00:00,21,False,0.7101993560791016,sentence-transformers/all-mpnet-base-v2,exploratory_only,True,False
2009323784009089366,BOX,False,,10,partial,True,0.0009304526904149,0.0003094093448756,6.0,0.0008828791634215,0.0002489084372389,101.0,0.0011867096342035,-2.3039388495916957,1.98019801980198,False,914061,2026-01-08 17:58:16+00:00,227,False,0.1946746110916137,sentence-transformers/all-mpnet-base-v2,confirmatory,True,True
2009363709639143799,QCOM,False,,14,partial,True,-0.0001612728296223,0.0006823468676676,12.0,0.0008976044924825,0.000539949574948,5494.0,0.0015152023013888,-0.3986624581298456,42.30069166363305,False,234930762,2026-01-08 20:36:55+00:00,74,False,0.3340201377868652,sentence-transformers/all-mpnet-base-v2,confirmatory,True,True
2009424123278315669,HOOD,True,"jobs_report(ALL, 2026-01-09 13:30:00+00:00->2026-01-09 21:00:00+00:00)",15,complete,False,0.0196308857584592,0.0020223705123674,0.0,0.0029116442658918,0.0011964742156813,12565.0,0.0044324270052405,-0.7432452299174465,22.19657779546359,False,605700792,2026-01-09 00:36:58+00:00,220,False,0.6032923460006714,sentence-transformers/all-mpnet-base-v2,confirmatory,True,False
2009433304307835185,QCOM,True,"jobs_report(ALL, 2026-01-09 13:30:00+00:00->2026-01-09 21:00:00+00:00)",15,complete,False,-0.0240932934560224,0.0027270546501905,0.0,0.0017823192627403,0.0010698256208132,8499.0,0.0032347960452871,0.8830741843068364,83.78632780327098,False,234930762,2026-01-09 01:13:27+00:00,75,False,0.3889321088790893,sentence-transformers/all-mpnet-base-v2,confirmatory,True,False
2009659614741315957,QCOM,True,"jobs_report(ALL, 2026-01-09 13:30:00+00:00->2026-01-09 21:00:00+00:00)",15,complete,False,0.0036595541536947,0.000608564574702,3.0,0.0010311291761511,0.0006898259524185,6467.0,0.0018718779491643,-0.6125669815226936,27.5398175351786,False,234930762,2026-01-09 16:12:44+00:00,76,False,0.2180503606796264,sentence-transformers/all-mpnet-base-v2,confirmatory,True,False
2009665993585664474,HOOD,True,"jobs_report(ALL, 2026-01-09 13:30:00+00:00->2026-01-09 21:00:00+00:00)",13,partial,False,0.0001624971998923,0.0006329751558262,4.0,0.0013876350240362,0.0005670153025844,10096.0,0.002103771143176,-1.330933865047712,1.7432646592709984,False,605700792,2026-01-09 16:38:05+00:00,221,False,0.5542435646057129,sentence-transformers/all-mpnet-base-v2,confirmatory,True,False
2009686985800401396,QCOM,True,"jobs_report(ALL, 2026-01-09 13:30:00+00:00->2026-01-09 21:00:00+00:00)",12,partial,False,0.0015311277325162,0.000646162766058,7.0,0.0009048983721937,0.0008558936060872,3602.0,0.0015296819716376,-0.302298795429253,45.669072737368126,False,234930762,2026-01-09 18:01:30+00:00,77,False,0.4350990056991577,sentence-transformers/all-mpnet-base-v2,confirmatory,True,False
2009701959603740714,QCOM,True,"jobs_report(ALL, 2026-01-09 13:30:00+00:00->2026-01-09 21:00:00+00:00)",15,complete,False,0.0004634424503522,0.0005276684399064,9.0,0.0007471375969065,0.0004867566519591,4287.0,0.0012808820130418,-0.4508806528206417,35.899230230930726,False,234930762,2026-01-09 19:01:00+00:00,78,False,0.3074434995651245,sentence-transformers/all-mpnet-base-v2,confirmatory,True,False
2009717059043701190,QCOM,True,"jobs_report(ALL, 2026-01-09 13:30:00+00:00->2026-01-09 21:00:00+00:00)",13,partial,False,-0.0013804990347773,0.0006917959112592,11.0,0.0007986318391369,0.0005063543907869,7480.0,0.0014103354945072,-0.2109904245357588,54.79946524064171,False,234930762,2026-01-09 20:01:00+00:00,79,False,0.2655093669891357,sentence-transformers/all-mpnet-base-v2,confirmatory,True,False
2009732158533873832,QCOM,False,,15,complete,True,-0.0302743417831953,0.0014982722014945,0.0,0.0017823192627403,0.0010698256208132,8499.0,0.0032347960452871,-0.2655078133480182,53.86516060713025,False,234930762,2026-01-09 21:01:00+00:00,80,False,0.4066877961158752,sentence-transformers/all-mpnet-base-v2,confirmatory,True,True
2009788652218695727,SHOP,False,,12,partial,True,-0.0092483832691275,0.0032250491059872,0.0,0.0022388075140546,0.0010375195416403,8237.0,0.0035029443251395,0.9505764010703218,86.81558819958722,False,676573,2026-01-10 00:45:29+00:00,22,False,0.8048306703567505,sentence-transformers/all-mpnet-base-v2,exploratory_only,True,False
2010035249967952039,HOOD,False,,1,insufficient,False,-0.0055467177851734,,,,,,,,,False,605700792,2026-01-10 17:05:22+00:00,221,False,1.0231484174728394,sentence-transformers/all-mpnet-base-v2,confirmatory,True,False
2010055953157357622,BOX,False,,9,partial,True,-0.003704880884161,0.0016553825718842,0.0,0.0023659974273463,0.00134124926425,472.0,0.0040409491025227,-0.5298156535126938,36.65254237288136,False,914061,2026-01-10 18:27:38+00:00,225,False,0.9039829969406128,sentence-transformers/all-mpnet-base-v2,confirmatory,True,True
2010068175627661365,HOOD,False,,1,insufficient,False,-0.0055467177851734,,,,,,,,,False,605700792,2026-01-10 19:16:12+00:00,222,False,0.6668106317520142,sentence-transformers/all-mpnet-base-v2,confirmatory,True,False
2010197268734095498,SHOP,False,,12,partial,True,-0.0092483832691275,0.0032250491059872,0.0,0.0022388075140546,0.0010375195416403,8237.0,0.0035029443251395,0.9505764010703218,86.81558819958722,False,676573,2026-01-11 03:49:11+00:00,23,False,0.7901880741119385,sentence-transformers/all-mpnet-base-v2,exploratory_only,True,False
2010352444967116956,SHOP,False,,12,partial,True,-0.0092483832691275,0.0032250491059872,0.0,0.0022388075140546,0.0010375195416403,8237.0,0.0035029443251395,0.9505764010703218,86.81558819958722,False,676573,2026-01-11 14:05:48+00:00,24,False,0.9019784927368164,sentence-transformers/all-mpnet-base-v2,exploratory_only,True,False
2010372642843599064,SHOP,False,,12,partial,True,-0.0092483832691275,0.0032250491059872,0.0,0.0022388075140546,0.0010375195416403,8237.0,0.0035029443251395,0.9505764010703218,86.81558819958722,False,676573,2026-01-11 15:26:03+00:00,25,False,0.6304574012756348,sentence-transformers/all-mpnet-base-v2,exploratory_only,True,False
2010372707666502108,SHOP,False,,12,partial,True,-0.0092483832691275,0.0032250491059872,0.0,0.0022388075140546,0.0010375195416403,8237.0,0.0035029443251395,0.9505764010703218,86.81558819958722,False,676573,2026-01-11 15:26:19+00:00,26,False,0.6184560656547546,sentence-transformers/all-mpnet-base-v2,exploratory_only,True,False
2010372720035504396,SHOP,False,,12,partial,True,-0.0092483832691275,0.0032250491059872,0.0,0.0022388075140546,0.0010375195416403,8237.0,0.0035029443251395,0.9505764010703218,86.81558819958722,False,676573,2026-01-11 15:26:22+00:00,27,False,0.6422724723815918,sentence-transformers/all-mpnet-base-v2,exploratory_only,True,False
2010438500609663110,SHOP,False,,12,partial,True,-0.0092483832691275,0.0032250491059872,0.0,0.0022388075140546,0.0010375195416403,8237.0,0.0035029443251395,0.9505764010703218,86.81558819958722,False,676573,2026-01-11 19:47:45+00:00,28,False,0.8867645263671875,sentence-transformers/all-mpnet-base-v2,exploratory_only,True,False
2010443433408913729,SHOP,False,,12,partial,True,-0.0092483832691275,0.0032250491059872,0.0,0.0022388075140546,0.0010375195416403,8237.0,0.0035029443251395,0.9505764010703218,86.81558819958722,False,676573,2026-01-11 20:07:21+00:00,29,False,0.5675840973854065,sentence-transformers/all-mpnet-base-v2,exploratory_only,True,False
2010454606866977064,SHOP,False,,12,partial,True,-0.0092483832691275,0.0032250491059872,0.0,0.0022388075140546,0.0010375195416403,8237.0,0.0035029443251395,0.9505764010703218,86.81558819958722,False,676573,2026-01-11 20:51:45+00:00,30,False,0.7385181188583374,sentence-transformers/all-mpnet-base-v2,exploratory_only,True,False
2010533947097407510,SHOP,False,,12,partial,True,-0.0092483832691275,0.0032250491059872,0.0,0.0022388075140546,0.0010375195416403,8237.0,0.0035029443251395,0.9505764010703218,86.81558819958722,False,676573,2026-01-12 02:07:01+00:00,31,False,0.7991000413894653,sentence-transformers/all-mpnet-base-v2,exploratory_only,True,False
2010722385692086572,SHOP,False,,11,partial,True,-0.0140868807375015,0.0022663655353142,0.0,0.0022388075140546,0.0010375195416403,8237.0,0.0035029443251395,0.0265614479087995,61.92788636639553,False,676573,2026-01-12 14:35:48+00:00,32,False,0.6387853622436523,sentence-transformers/all-mpnet-base-v2,exploratory_only,True,False
2010813254663102569,SHOP,False,,13,partial,True,0.0007556470802285,0.0008830887885953,12.0,0.0009352907168921,0.0004771495814668,6952.0,0.0014380990916787,-0.1094036971305162,55.68181818181818,False,676573,2026-01-12 20:36:53+00:00,33,False,0.7554954290390015,sentence-transformers/all-mpnet-base-v2,exploratory_only,True,False
2010816894106767492,SHOP,False,,8,partial,True,-0.0009306150638977,0.0005935835610018,12.0,0.0009352907168921,0.0004771495814668,6952.0,0.0014380990916787,-0.7161426294031892,21.47583429228999,False,676573,2026-01-12 20:51:21+00:00,34,False,0.8544158339500427,sentence-transformers/all-mpnet-base-v2,exploratory_only,True,False
2010825179300069648,HOOD,True,"cpi(ALL, 2026-01-13 13:30:00+00:00->2026-01-13 21:00:00+00:00)",1,insufficient,False,0.0040583799881908,,,,,,,,,False,605700792,2026-01-12 21:24:16+00:00,223,False,0.4240301847457886,sentence-transformers/all-mpnet-base-v2,confirmatory,True,False
2010853052065227144,HOOD,True,"cpi(ALL, 2026-01-13 13:30:00+00:00->2026-01-13 21:00:00+00:00)",1,insufficient,False,0.0040583799881908,,,,,,,,,False,605700792,2026-01-12 23:15:02+00:00,223,False,0.6178088188171387,sentence-transformers/all-mpnet-base-v2,confirmatory,True,False
2010857324987236485,CRM,True,"cpi(ALL, 2026-01-13 13:30:00+00:00->2026-01-13 21:00:00+00:00)",14,partial,False,-0.0007792260994456,0.002065900294558,0.0,0.0016535633785195,0.0007536210791284,7739.0,0.0026949740567718,0.5471409007233345,75.26812249644657,False,22330739,2026-01-12 23:32:00+00:00,185,False,0.2823683023452759,sentence-transformers/all-mpnet-base-v2,confirmatory,True,False
2010871340056690809,HOOD,True,"cpi(ALL, 2026-01-13 13:30:00+00:00->2026-01-13 21:00:00+00:00)",1,insufficient,False,0.0040583799881908,,,,,,,,,False,605700792,2026-01-13 00:27:42+00:00,224,False,0.5812653303146362,sentence-transformers/all-mpnet-base-v2,confirmatory,True,False
2010879270428819751,SHOP,True,"cpi(ALL, 2026-01-13 13:30:00+00:00->2026-01-13 21:00:00+00:00)",14,partial,False,0.010168790555031,0.0034538946999072,0.0,0.0022388075140546,0.0010375195416403,8237.0,0.0035029443251395,1.1711463129952848,89.60786694184776,False,676573,2026-01-13 00:59:13+00:00,35,False,0.6697719097137451,sentence-transformers/all-mpnet-base-v2,exploratory_only,True,False
2010879581650145708,SHOP,True,"cpi(ALL, 2026-01-13 13:30:00+00:00->2026-01-13 21:00:00+00:00)",14,partial,False,0.010168790555031,0.0034538946999072,0.0,0.0022388075140546,0.0010375195416403,8237.0,0.0035029443251395,1.1711463129952848,89.60786694184776,False,676573,2026-01-13 01:00:27+00:00,36,False,0.6263301968574524,sentence-transformers/all-mpnet-base-v2,exploratory_only,True,False
2010927960006721960,BOX,True,"cpi(ALL, 2026-01-13 13:30:00+00:00->2026-01-13 21:00:00+00:00)",14,partial,False,-0.0171939489429751,0.0025953066720603,0.0,0.0023659974273463,0.00134124926425,472.0,0.0040409491025227,0.1709669118381049,70.12711864406779,False,914061,2026-01-13 04:12:41+00:00,221,False,0.2148467302322387,sentence-transformers/all-mpnet-base-v2,confirmatory,True,False
2011056240076493155,SHOP,True,"cpi(ALL, 2026-01-13 13:30:00+00:00->2026-01-13 21:00:00+00:00)",14,partial,False,0.010168790555031,0.0034538946999072,0.0,0.0022388075140546,0.0010375195416403,8237.0,0.0035029443251395,1.1711463129952848,89.60786694184776,False,676573,2026-01-13 12:42:25+00:00,37,False,0.5638654232025146,sentence-transformers/all-mpnet-base-v2,exploratory_only,True,False
2011069589141279228,MSFT,True,"cpi(ALL, 2026-01-13 13:30:00+00:00->2026-01-13 21:00:00+00:00)",15,complete,False,-0.0072008912581257,0.0009161005978927,0.0,0.0009394249546098,0.0004120387512163,14653.0,0.0014739637379442,-0.0566071920376697,57.44216201460451,False,20571756,2026-01-13 13:35:28+00:00,125,False,0.3577894568443298,sentence-transformers/all-mpnet-base-v2,null_baseline,True,False
2011164667083964719,SHOP,True,"cpi(ALL, 2026-01-13 13:30:00+00:00->2026-01-13 21:00:00+00:00)",12,partial,False,0.0043446541261507,0.0004452589898285,11.0,0.0008774277478409,0.0004630811946625,7453.0,0.0014346548949007,-0.9332461844565584,10.411914665235477,False,676573,2026-01-13 19:53:16+00:00,38,False,0.6818554401397705,sentence-transformers/all-mpnet-base-v2,exploratory_only,True,False
2011254615489274088,CRM,False,,15,complete,True,0.0044056759385575,0.0020808717222673,0.0,0.0016535633785195,0.0007536210791284,7739.0,0.0026949740567718,0.567006889247286,75.59116164879184,False,22330739,2026-01-14 01:50:42+00:00,180,False,0.6008489727973938,sentence-transformers/all-mpnet-base-v2,confirmatory,True,True
2011530170851869028,HOOD,False,,14,partial,True,0.0047473323979052,0.0015792448824501,11.0,0.0011052161091722,0.0005247132447824,10594.0,0.00171155371555,0.9034053894988386,86.44515763639797,False,605700792,2026-01-14 20:05:39+00:00,220,False,0.5305761098861694,sentence-transformers/all-mpnet-base-v2,confirmatory,True,True
2011544223888355359,QCOM,False,,15,complete,True,-0.0075936987627431,0.0017370346504255,0.0,0.0017823192627403,0.0010698256208132,8499.0,0.0032347960452871,-0.0423289659864125,63.90163548652783,False,234930762,2026-01-14 21:01:30+00:00,81,False,0.3813333511352539,sentence-transformers/all-mpnet-base-v2,confirmatory,True,True
2011577496064704801,CRM,False,,15,complete,True,-0.0196600942543494,0.0023877674579709,0.0,0.0016535633785195,0.0007536210791284,7739.0,0.0026949740567718,0.974235062931685,84.02894430805013,False,22330739,2026-01-14 23:13:43+00:00,181,False,0.5573074817657471,sentence-transformers/all-mpnet-base-v2,confirmatory,True,True
2011611021329514838,SHOP,False,,14,partial,True,-0.0010936118437221,0.0020151529947444,0.0,0.0022388075140546,0.0010375195416403,8237.0,0.0035029443251395,-0.2155665607575758,49.726842296952775,False,676573,2026-01-15 01:26:56+00:00,39,False,0.6243904232978821,sentence-transformers/all-mpnet-base-v2,exploratory_only,True,False
2011622052457783432,HOOD,False,,15,complete,True,-0.0243139585599809,0.0039035858731373,0.0,0.0029116442658918,0.0011964742156813,12565.0,0.0044324270052405,0.8290538937193836,83.13569438917628,False,605700792,2026-01-15 02:10:46+00:00,220,False,0.5365729928016663,sentence-transformers/all-mpnet-base-v2,confirmatory,True,True
2011641513969660229,BOX,False,,11,partial,True,-0.0110584622949789,0.0022056182696956,0.0,0.0023659974273463,0.00134124926425,472.0,0.0040409491025227,-0.1195744608593433,60.80508474576271,False,914061,2026-01-15 03:28:06+00:00,219,False,0.1327112913131714,sentence-transformers/all-mpnet-base-v2,confirmatory,True,True
2011834003444404424,HOOD,False,,13,partial,True,0.0024678573545473,0.0010184059851747,3.0,0.0015456034290746,0.0006413860046589,11150.0,0.0022904170316356,-0.8219659301424898,16.887892376681616,False,605700792,2026-01-15 16:12:59+00:00,221,False,0.5648818612098694,sentence-transformers/all-mpnet-base-v2,confirmatory,True,True
2011853930968596973,HOOD,False,,15,complete,True,0.0001336589160823,0.0007533154195933,6.0,0.0013312371582174,0.0007325749655066,8487.0,0.0020897515683504,-0.7888909201591681,12.183339224696594,False,605700792,2026-01-15 17:32:10+00:00,222,False,0.6402770280838013,sentence-transformers/all-mpnet-base-v2,confirmatory,True,True
2011870566144463220,BOX,False,,13,partial,True,0.0018289883608122,0.0008832027162748,8.0,0.0011208349410239,0.0005122699327436,159.0,0.0015615102713901,-0.4638808752183705,32.075471698113205,False,914061,2026-01-15 18:38:16+00:00,219,False,0.6373956203460693,sentence-transformers/all-mpnet-base-v2,confirmatory,True,True
2011932198384123975,QCOM,False,,15,complete,True,-0.0017327794774626,0.0014349926259685,0.0,0.0017823192627403,0.0010698256208132,8499.0,0.0032347960452871,-0.3246572432129371,50.58242146134839,False,234930762,2026-01-15 22:43:10+00:00,82,False,0.3831268548965454,sentence-transformers/all-mpnet-base-v2,confirmatory,True,True
2012163184107348179,SHOP,False,,10,partial,True,-0.008061425203818,0.0031687212394002,,,,,,,,False,676573,2026-01-16 14:01:01+00:00,40,False,0.7800214290618896,sentence-transformers/all-mpnet-base-v2,exploratory_only,True,False
2012163185722200142,SHOP,False,,10,partial,True,-0.008061425203818,0.0031687212394002,,,,,,,,False,676573,2026-01-16 14:01:02+00:00,41,False,0.642941415309906,sentence-transformers/all-mpnet-base-v2,exploratory_only,True,False
2012276791935910151,CRM,False,,15,complete,True,0.0127084891074398,0.0023736954477837,0.0,0.0016535633785195,0.0007536210791284,7739.0,0.0026949740567718,0.9555625356140396,83.78343455226774,False,22330739,2026-01-16 21:32:28+00:00,182,False,0.3855674266815185,sentence-transformers/all-mpnet-base-v2,confirmatory,True,True
2012277421580632080,CRM,False,,15,complete,True,0.0127084891074398,0.0023736954477837,0.0,0.0016535633785195,0.0007536210791284,7739.0,0.0026949740567718,0.9555625356140396,83.78343455226774,False,22330739,2026-01-16 21:34:58+00:00,183,False,0.4136936068534851,sentence-transformers/all-mpnet-base-v2,confirmatory,True,True
2012278162500239584,SHOP,False,,13,partial,True,-0.0229915584838529,0.0038585043439745,0.0,0.0022388075140546,0.0010375195416403,8237.0,0.0035029443251395,1.5611241667401907,93.15284691028288,True,676573,2026-01-16 21:37:54+00:00,42,False,0.4930959939956665,sentence-transformers/all-mpnet-base-v2,exploratory_only,True,False
2012280730043273547,CRM,False,,15,complete,True,0.0127084891074398,0.0023736954477837,0.0,0.0016535633785195,0.0007536210791284,7739.0,0.0026949740567718,0.9555625356140396,83.78343455226774,False,22330739,2026-01-16 21:48:07+00:00,184,False,0.5488114356994629,sentence-transformers/all-mpnet-base-v2,confirmatory,True,True
2012289037235577313,BOX,False,,10,partial,True,0.0201153806183237,0.0026288359510832,0.0,0.0023659974273463,0.00134124926425,472.0,0.0040409491025227,0.1959654560436205,70.76271186440678,False,914061,2026-01-16 22:21:07+00:00,217,False,0.4011543393135071,sentence-transformers/all-mpnet-base-v2,confirmatory,True,True
2012297126211109141,HOOD,False,,15,complete,True,-0.0088686026950417,0.0045558201303975,0.0,0.0029116442658918,0.0011964742156813,12565.0,0.0044324270052405,1.3741841177658698,91.2375646637485,True,605700792,2026-01-16 22:53:16+00:00,221,False,0.5723041296005249,sentence-transformers/all-mpnet-base-v2,confirmatory,True,True
2012319341233213774,CRM,False,,15,complete,True,0.0127084891074398,0.0023736954477837,0.0,0.0016535633785195,0.0007536210791284,7739.0,0.0026949740567718,0.9555625356140396,83.78343455226774,False,22330739,2026-01-17 00:21:32+00:00,185,False,0.4914463758468628,sentence-transformers/all-mpnet-base-v2,confirmatory,True,True
2012353041782263965,BOX,False,,10,partial,True,0.0201153806183237,0.0026288359510832,0.0,0.0023659974273463,0.00134124926425,472.0,0.0040409491025227,0.1959654560436205,70.76271186440678,False,914061,2026-01-17 02:35:27+00:00,217,False,0.2921826243400574,sentence-transformers/all-mpnet-base-v2,confirmatory,True,True
2012356776931348520,SHOP,False,,13,partial,True,-0.0229915584838529,0.0038585043439745,0.0,0.0022388075140546,0.0010375195416403,8237.0,0.0035029443251395,1.5611241667401907,93.15284691028288,True,676573,2026-01-17 02:50:18+00:00,43,False,0.5064547061920166,sentence-transformers/all-mpnet-base-v2,exploratory_only,True,False
2012695273550589977,HOOD,False,,15,complete,True,-0.0088686026950417,0.0045558201303975,0.0,0.0029116442658918,0.0011964742156813,12565.0,0.0044324270052405,1.3741841177658698,91.2375646637485,True,605700792,2026-01-18 01:15:21+00:00,220,False,0.664932131767273,sentence-transformers/all-mpnet-base-v2,confirmatory,True,True
2012909122589491534,SHOP,False,,13,partial,True,-0.0229915584838529,0.0038585043439745,0.0,0.0022388075140546,0.0010375195416403,8237.0,0.0035029443251395,1.5611241667401907,93.15284691028288,True,676573,2026-01-18 15:25:07+00:00,44,False,0.786974310874939,sentence-transformers/all-mpnet-base-v2,exploratory_only,True,False
2013004109818057026,CRM,False,,15,complete,True,0.0127084891074398,0.0023736954477837,0.0,0.0016535633785195,0.0007536210791284,7739.0,0.0026949740567718,0.9555625356140396,83.78343455226774,False,22330739,2026-01-18 21:42:34+00:00,186,False,0.440564751625061,sentence-transformers/all-mpnet-base-v2,confirmatory,True,True
2013013617113751908,SHOP,False,,13,partial,True,-0.0229915584838529,0.0038585043439745,0.0,0.0022388075140546,0.0010375195416403,8237.0,0.0035029443251395,1.5611241667401907,93.15284691028288,True,676573,2026-01-18 22:20:20+00:00,45,False,0.595055878162384,sentence-transformers/all-mpnet-base-v2,exploratory_only,True,False
2013018817610518642,BOX,False,,10,partial,True,0.0201153806183237,0.0026288359510832,0.0,0.0023659974273463,0.00134124926425,472.0,0.0040409491025227,0.1959654560436205,70.76271186440678,False,914061,2026-01-18 22:41:00+00:00,216,False,0.945682406425476,sentence-transformers/all-mpnet-base-v2,confirmatory,True,True
2013217570912919575,SHOP,False,,13,partial,True,-0.0229915584838529,0.0038585043439745,0.0,0.0022388075140546,0.0010375195416403,8237.0,0.0035029443251395,1.5611241667401907,93.15284691028288,True,676573,2026-01-19 11:50:47+00:00,46,False,0.6082363724708557,sentence-transformers/all-mpnet-base-v2,exploratory_only,True,False
2013298662441447662,QCOM,False,,15,complete,True,-0.0123964279105324,0.002911821984145,0.0,0.0017823192627403,0.0010698256208132,8499.0,0.0032347960452871,1.0557820820799608,86.56312507353806,False,234930762,2026-01-19 17:13:01+00:00,82,False,0.3076186180114746,sentence-transformers/all-mpnet-base-v2,confirmatory,True,True
2013449759365755101,SHOP,False,,13,partial,True,-0.0229915584838529,0.0038585043439745,0.0,0.0022388075140546,0.0010375195416403,8237.0,0.0035029443251395,1.5611241667401907,93.15284691028288,True,676573,2026-01-20 03:13:25+00:00,47,False,0.5175107717514038,sentence-transformers/all-mpnet-base-v2,exploratory_only,True,False
2013538309075620062,CRM,False,,15,complete,True,0.0127084891074398,0.0023736954477837,0.0,0.0016535633785195,0.0007536210791284,7739.0,0.0026949740567718,0.9555625356140396,83.78343455226774,False,22330739,2026-01-20 09:05:17+00:00,186,False,0.3730975389480591,sentence-transformers/all-mpnet-base-v2,confirmatory,True,True
2013565255062790594,QCOM,False,,15,complete,True,-0.0123964279105324,0.002911821984145,0.0,0.0017823192627403,0.0010698256208132,8499.0,0.0032347960452871,1.0557820820799608,86.56312507353806,False,234930762,2026-01-20 10:52:21+00:00,82,False,0.2919492721557617,sentence-transformers/all-mpnet-base-v2,confirmatory,True,True
2013862263522742517,CRM,False,,15,complete,True,-0.0035051386965792,0.0032221020368688,0.0,0.0016535633785195,0.0007536210791284,7739.0,0.0026949740567718,2.081335968154318,95.9684713787311,True,22330739,2026-01-21 06:32:34+00:00,187,False,0.6017628908157349,sentence-transformers/all-mpnet-base-v2,confirmatory,True,True
2013932751208996894,CRM,False,,15,complete,True,-0.0035051386965792,0.0032221020368688,0.0,0.0016535633785195,0.0007536210791284,7739.0,0.0026949740567718,2.081335968154318,95.9684713787311,True,22330739,2026-01-21 11:12:39+00:00,188,False,0.4883395433425903,sentence-transformers/all-mpnet-base-v2,confirmatory,True,True
2013963243291648146,QCOM,False,,15,complete,True,0.0065506871936173,0.0016249710573745,0.0,0.0017823192627403,0.0010698256208132,8499.0,0.0032347960452871,-0.1470783670764597,59.81880221202495,False,234930762,2026-01-21 13:13:49+00:00,83,False,0.2772084474563598,sentence-transformers/all-mpnet-base-v2,confirmatory,True,True
2014047544020705548,BOX,False,,12,partial,True,0.0013337053885653,0.0009137729246362,8.0,0.0011208349410239,0.0005122699327436,159.0,0.0015615102713901,-0.4042048989264471,34.59119496855346,False,914061,2026-01-21 18:48:48+00:00,212,False,0.2613428831100464,sentence-transformers/all-mpnet-base-v2,confirmatory,True,True
2014092626048299406,QCOM,False,,15,complete,True,0.0094004495866819,0.0014595848338321,0.0,0.0017823192627403,0.0010698256208132,8499.0,0.0032347960452871,-0.3016701251395278,52.053182727379685,False,234930762,2026-01-21 21:47:56+00:00,84,False,0.3008511662483215,sentence-transformers/all-mpnet-base-v2,confirmatory,True,True
2014115897036714205,SHOP,False,,15,complete,True,0.0064760421127632,0.0035541301448572,0.0,0.0022388075140546,0.0010375195416403,8237.0,0.0035029443251395,1.2677569703632017,90.55481364574482,True,676573,2026-01-21 23:20:24+00:00,48,False,0.5765051245689392,sentence-transformers/all-mpnet-base-v2,exploratory_only,True,False
2014169497691890139,BOX,False,,7,insufficient,False,0.0056975405390991,0.0026246114970349,0.0,0.0023659974273463,0.00134124926425,472.0,0.0040409491025227,0.1928158147644517,70.76271186440678,False,914061,2026-01-22 02:53:24+00:00,211,False,0.1935892105102539,sentence-transformers/all-mpnet-base-v2,confirmatory,True,False
2014231190270570557,CRM,False,,15,complete,True,0.0076349159097475,0.002160083002916,0.0,0.0016535633785195,0.0007536210791284,7739.0,0.0026949740567718,0.6721144596728912,78.13671016927252,False,22330739,2026-01-22 06:58:33+00:00,189,False,0.3829245567321777,sentence-transformers/all-mpnet-base-v2,confirmatory,True,True
2014249361308360788,CRM,False,,15,complete,True,0.0076349159097475,0.002160083002916,0.0,0.0016535633785195,0.0007536210791284,7739.0,0.0026949740567718,0.6721144596728912,78.13671016927252,False,22330739,2026-01-22 08:10:45+00:00,190,False,0.4871859550476074,sentence-transformers/all-mpnet-base-v2,confirmatory,True,True
2014285028465725840,QCOM,False,,15,complete,True,0.0094004495866819,0.0014595848338321,0.0,0.0017823192627403,0.0010698256208132,8499.0,0.0032347960452871,-0.3016701251395278,52.053182727379685,False,234930762,2026-01-22 10:32:29+00:00,85,False,0.326751708984375,sentence-transformers/all-mpnet-base-v2,confirmatory,True,True
2014337035310698974,MSFT,False,,15,complete,True,0.0056464673523912,0.0015519655321631,0.0,0.0009394249546098,0.0004120387512163,14653.0,0.0014739637379442,1.4866091496129905,91.9948133488023,True,20571756,2026-01-22 13:59:08+00:00,123,False,0.6344219446182251,sentence-transformers/all-mpnet-base-v2,null_baseline,True,False
2014360953111060894,MSFT,False,,15,complete,True,-0.0002729383131339,0.0003096864756394,2.0,0.0006057041346892,0.0002952066746145,12430.0,0.0009465478368274,-1.002747175131565,7.707160096540627,False,20571756,2026-01-22 15:34:10+00:00,124,False,0.4038493633270263,sentence-transformers/all-mpnet-base-v2,null_baseline,True,False
2014379893212250546,BOX,False,,9,partial,True,0.0014951921450012,0.0004544475384146,4.0,0.0009576938331044,0.0005641838163725,206.0,0.0015407005801061,-0.8919899509445175,12.135922330097088,False,914061,2026-01-22 16:49:26+00:00,211,False,0.2633399963378906,sentence-transformers/all-mpnet-base-v2,confirmatory,True,True
2014419936060305785,SHOP,False,,15,complete,True,-0.0005035675470623,0.0004222295159047,9.0,0.0009874248430401,0.0006623059977156,4131.0,0.0016575172566238,-0.8533749189721325,6.414911643669814,False,676573,2026-01-22 19:28:33+00:00,49,False,0.5788614749908447,sentence-transformers/all-mpnet-base-v2,exploratory_only,True,False
2014451475024625935,HOOD,False,,15,complete,True,0.0134303235053518,0.0030445044320013,0.0,0.0029116442658918,0.0011964742156813,12565.0,0.0044324270052405,0.1110430666772451,64.05889375248707,False,605700792,2026-01-22 21:33:53+00:00,218,False,0.4430628418922424,sentence-transformers/all-mpnet-base-v2,confirmatory,True,True
2014491376604549135,HOOD,False,,15,complete,True,0.0134303235053518,0.0030445044320013,0.0,0.0029116442658918,0.0011964742156813,12565.0,0.0044324270052405,0.1110430666772451,64.05889375248707,False,605700792,2026-01-23 00:12:26+00:00,218,False,0.5041473507881165,sentence-transformers/all-mpnet-base-v2,confirmatory,True,True
2014717452282638834,CRM,False,,14,partial,True,-0.0031286036690502,0.001340642404466,1.0,0.001205286593857,0.0005704647875291,6941.0,0.0018293024935227,0.2372728581466297,67.1805215386832,False,22330739,2026-01-23 15:10:46+00:00,191,False,0.4895046949386596,sentence-transformers/all-mpnet-base-v2,confirmatory,True,True
2014719731115475416,CRM,False,,13,partial,True,-0.0012193864121319,0.0013575210147915,1.0,0.001205286593857,0.0005704647875291,6941.0,0.0018293024935227,0.266860329090444,68.1602074629016,False,22330739,2026-01-23 15:19:50+00:00,192,False,0.5112985372543335,sentence-transformers/all-mpnet-base-v2,confirmatory,True,True
2014720109756219822,MSFT,False,,15,complete,True,0.0028586443105709,0.0007024353103832,1.0,0.0007149928506676,0.0003994200585477,13614.0,0.0010838534439855,-0.0314394332875648,58.05053621272219,False,20571756,2026-01-23 15:21:20+00:00,125,False,0.4754266142845154,sentence-transformers/all-mpnet-base-v2,null_baseline,True,False
2014720111530410042,MSFT,False,,15,complete,True,0.0028586443105709,0.0007024353103832,1.0,0.0007149928506676,0.0003994200585477,13614.0,0.0010838534439855,-0.0314394332875648,58.05053621272219,False,20571756,2026-01-23 15:21:20+00:00,125,False,0.6582520008087158,sentence-transformers/all-mpnet-base-v2,null_baseline,True,False
2014724541764010192,CRM,False,,14,partial,True,-0.0041866956558745,0.0014536862467409,2.0,0.0010072236757306,0.0004361423260339,5169.0,0.0015536017908793,1.023662562334286,86.05146063068293,False,22330739,2026-01-23 15:38:57+00:00,193,False,0.4526980519294739,sentence-transformers/all-mpnet-base-v2,confirmatory,True,True
2014776723917963326,HOOD,False,,14,partial,True,-0.0008097102296467,0.0009544150085862,9.0,0.0011713599027867,0.0006290243946238,9003.0,0.0018144380786752,-0.3448910663158249,42.26368988115073,False,605700792,2026-01-23 19:06:18+00:00,219,False,0.3911539316177368,sentence-transformers/all-mpnet-base-v2,confirmatory,True,True
2014828363450614255,HOOD,False,,15,complete,True,-0.0031285940482013,0.0022647496098969,0.0,0.0029116442658918,0.0011964742156813,12565.0,0.0044324270052405,-0.5406674439921518,32.845204934341425,False,605700792,2026-01-23 22:31:30+00:00,220,False,0.3748470544815063,sentence-transformers/all-mpnet-base-v2,confirmatory,True,True
2014905156664799636,CRM,False,,15,complete,True,-0.0027830456538469,0.0024287661676505,0.0,0.0016535633785195,0.0007536210791284,7739.0,0.0026949740567718,1.0286373491934684,84.98514019899211,False,22330739,2026-01-24 03:36:39+00:00,191,False,0.4876683950424194,sentence-transformers/all-mpnet-base-v2,confirmatory,True,True
2014915467258036259,CRM,False,,15,complete,True,-0.0027830456538469,0.0024287661676505,0.0,0.0016535633785195,0.0007536210791284,7739.0,0.0026949740567718,1.0286373491934684,84.98514019899211,False,22330739,2026-01-24 04:17:37+00:00,192,False,0.4172888398170471,sentence-transformers/all-mpnet-base-v2,confirmatory,True,True
2015118038408774050,SHOP,False,,15,complete,True,-0.0114643965299909,0.0021641556931724,0.0,0.0022388075140546,0.0010375195416403,8237.0,0.0035029443251395,-0.0719522070534798,57.86087167658128,False,676573,2026-01-24 17:42:34+00:00,50,False,0.5879225134849548,sentence-transformers/all-mpnet-base-v2,exploratory_only,True,False
2015169527714111668,QCOM,False,,15,complete,True,-0.0073203557569274,0.0011305447623334,0.0,0.0017823192627403,0.0010698256208132,8499.0,0.0032347960452871,-0.6092343347613739,31.03894575832451,False,234930762,2026-01-24 21:07:10+00:00,86,False,0.3962074518203735,sentence-transformers/all-mpnet-base-v2,confirmatory,True,True
2015182208932130939,SHOP,False,,15,complete,True,-0.0114643965299909,0.0021641556931724,0.0,0.0022388075140546,0.0010375195416403,8237.0,0.0035029443251395,-0.0719522070534798,57.86087167658128,False,676573,2026-01-24 21:57:33+00:00,51,False,0.5943150520324707,sentence-transformers/all-mpnet-base-v2,exploratory_only,True,False
2015543492643369300,HOOD,False,,15,complete,True,-0.0031285940482013,0.0022647496098969,0.0,0.0029116442658918,0.0011964742156813,12565.0,0.0044324270052405,-0.5406674439921518,32.845204934341425,False,605700792,2026-01-25 21:53:10+00:00,215,False,0.602563202381134,sentence-transformers/all-mpnet-base-v2,confirmatory,True,True
2015817413200408959,MSFT,False,,15,complete,True,0.0002987810964584,0.000637443825,3.0,0.0005387284302434,0.0002832804516851,11561.0,0.0008166489641596,0.3484723148716807,74.8205172562927,False,20571756,2026-01-26 16:01:38+00:00,125,False,0.5115589499473572,sentence-transformers/all-mpnet-base-v2,null_baseline,True,False
2015817415003893982,MSFT,False,,15,complete,True,0.0002987810964584,0.000637443825,3.0,0.0005387284302434,0.0002832804516851,11561.0,0.0008166489641596,0.3484723148716807,74.8205172562927,False,20571756,2026-01-26 16:01:38+00:00,125,False,0.6305660009384155,sentence-transformers/all-mpnet-base-v2,null_baseline,True,False
2015848539994325075,HOOD,False,,11,partial,True,-0.0004788278233449,0.0010976628065558,7.0,0.0012735096511832,0.0008597830624624,8488.0,0.0019450931125967,-0.2045246670988846,48.51555136663525,False,605700792,2026-01-26 18:05:19+00:00,216,False,0.582366406917572,sentence-transformers/all-mpnet-base-v2,confirmatory,True,True
2015860958149967887,BOX,False,,8,partial,True,0.0009245037215328,0.00032832881555,8.0,0.0011208349410239,0.0005122699327436,159.0,0.0015615102713901,-1.5470479034938218,0.0,False,914061,2026-01-26 18:54:39+00:00,207,False,0.8400766849517822,sentence-transformers/all-mpnet-base-v2,confirmatory,True,True
2015861664734941365,CRM,False,,12,partial,True,0.001012250681218,0.0005546863095954,8.0,0.0006966026754776,0.0004756256276318,3003.0,0.0010914207917555,-0.2983782993123789,43.78954378954379,False,22330739,2026-01-26 18:57:28+00:00,190,False,0.5605326890945435,sentence-transformers/all-mpnet-base-v2,confirmatory,True,True
2015873970114043942,CRM,False,,15,complete,True,0.000143540141104,0.0003705887461577,10.0,0.0006410824724233,0.000325872857022,3605.0,0.0010032330003726,-0.8300590872693536,15.894590846047157,False,22330739,2026-01-26 19:46:22+00:00,190,False,0.6713351011276245,sentence-transformers/all-mpnet-base-v2,confirmatory,True,True
2015907779056431249,CRM,False,,15,complete,True,0.0005578209721512,0.0036759666307952,0.0,0.0016535633785195,0.0007536210791284,7739.0,0.0026949740567718,2.683581057226536,98.22974544514796,True,22330739,2026-01-26 22:00:42+00:00,191,False,0.4892546534538269,sentence-transformers/all-mpnet-base-v2,confirmatory,True,True
2015908355446079783,HOOD,False,,15,complete,True,-0.0027466730303946,0.0026191186615082,0.0,0.0029116442658918,0.0011964742156813,12565.0,0.0044324270052405,-0.2444896852348964,47.93473935535217,False,605700792,2026-01-26 22:03:00+00:00,216,False,0.4907478094100952,sentence-transformers/all-mpnet-base-v2,confirmatory,True,True
2015910475364728968,HOOD,False,,15,complete,True,-0.0027466730303946,0.0026191186615082,0.0,0.0029116442658918,0.0011964742156813,12565.0,0.0044324270052405,-0.2444896852348964,47.93473935535217,False,605700792,2026-01-26 22:11:25+00:00,217,False,0.549439549446106,sentence-transformers/all-mpnet-base-v2,confirmatory,True,True
2015940617843704006,CRM,False,,15,complete,True,0.0005578209721512,0.0036759666307952,0.0,0.0016535633785195,0.0007536210791284,7739.0,0.0026949740567718,2.683581057226536,98.22974544514796,True,22330739,2026-01-27 00:11:12+00:00,192,False,0.5053297877311707,sentence-transformers/all-mpnet-base-v2,confirmatory,True,True
2016126697100214712,SHOP,False,,15,complete,True,-0.0060139782925736,0.0035067178416802,0.0,0.0022388075140546,0.0010375195416403,8237.0,0.0035029443251395,1.2220592256229248,90.05705960908098,True,676573,2026-01-27 12:30:37+00:00,52,False,0.6492056846618652,sentence-transformers/all-mpnet-base-v2,exploratory_only,True,False
2016130736990941190,SHOP,False,,15,complete,True,-0.0060139782925736,0.0035067178416802,0.0,0.0022388075140546,0.0010375195416403,8237.0,0.0035029443251395,1.2220592256229248,90.05705960908098,True,676573,2026-01-27 12:46:40+00:00,53,False,0.8282011151313782,sentence-transformers/all-mpnet-base-v2,exploratory_only,True,False
2016165797907853662,HOOD,False,,15,complete,True,-0.0049403866839402,0.0011873787711622,1.0,0.0021828618616565,0.0009951007401762,13268.0,0.0032252629833874,-1.0003842327742545,6.609888453421767,False,605700792,2026-01-27 15:05:59+00:00,217,False,0.5254431962966919,sentence-transformers/all-mpnet-base-v2,confirmatory,True,True
2016196503644033521,HOOD,False,,15,complete,True,-0.0022308231209818,0.0009319580172478,5.0,0.0013306769934939,0.0005685696276222,9339.0,0.0020352058338232,-0.7012667523474829,23.814112860049256,False,605700792,2026-01-27 17:08:00+00:00,218,False,0.7691189050674438,sentence-transformers/all-mpnet-base-v2,confirmatory,True,True
2016200173286764613,SHOP,False,,7,insufficient,False,0.0017911642829784,0.0004588314675745,5.0,0.0010928384705565,0.0005862999426027,4158.0,0.0017391895075174,-1.081369716953034,3.823953823953824,False,676573,2026-01-27 17:22:35+00:00,54,False,0.4664169549942016,sentence-transformers/all-mpnet-base-v2,exploratory_only,True,False
2016332563879502219,HOOD,False,,15,complete,True,-0.0163920918708291,0.0023250870403889,0.0,0.0029116442658918,0.0011964742156813,12565.0,0.0044324270052405,-0.4902380827060973,35.66255471547951,False,605700792,2026-01-28 02:08:39+00:00,219,False,0.7207826375961304,sentence-transformers/all-mpnet-base-v2,confirmatory,True,True
2016392874670338155,BOX,False,,4,insufficient,False,0.0065377868235083,0.0013095992182274,0.0,0.0023659974273463,0.00134124926425,472.0,0.0040409491025227,-0.7876225823762586,14.194915254237287,False,914061,2026-01-28 06:08:18+00:00,205,False,0.5171723365783691,sentence-transformers/all-mpnet-base-v2,confirmatory,True,False
2016500601798992083,HOOD,False,,15,complete,True,-0.0163920918708291,0.0023250870403889,0.0,0.0029116442658918,0.0011964742156813,12565.0,0.0044324270052405,-0.4902380827060973,35.66255471547951,False,605700792,2026-01-28 13:16:22+00:00,220,False,0.6626356244087219,sentence-transformers/all-mpnet-base-v2,confirmatory,True,True
2016554821831229685,QCOM,False,,11,partial,True,0.0035172144213244,0.0007206993923365,4.0,0.0009588256463958,0.0006455232522669,5120.0,0.0016981298558523,-0.3688887320836631,45.390625,False,234930762,2026-01-28 16:51:49+00:00,84,False,0.3250660300254822,sentence-transformers/all-mpnet-base-v2,confirmatory,True,True
2016581330382000331,SHOP,False,,15,complete,True,-0.0012324389245238,0.0008554683061794,8.0,0.0010078885440359,0.0006827933069887,3827.0,0.0016508473045134,-0.2232304217051508,51.1366605696368,False,676573,2026-01-28 18:37:10+00:00,55,False,0.5928605198860168,sentence-transformers/all-mpnet-base-v2,exploratory_only,True,False
2016587742998909353,CRM,True,"fomc(ALL, 2026-01-28 19:00:00+00:00->2026-01-28 21:00:00+00:00)",15,complete,False,-0.0021850066718883,0.0008469835303126,9.0,0.0006798511763971,0.0004567842657429,3068.0,0.001057582176389,0.3658890343861428,79.04172099087353,False,22330739,2026-01-28 19:02:38+00:00,193,False,0.6962665319442749,sentence-transformers/all-mpnet-base-v2,confirmatory,True,False
2016640349561639234,HOOD,False,,15,complete,True,-0.0105443362674071,0.0028694098847302,0.0,0.0029116442658918,0.0011964742156813,12565.0,0.0044324270052405,-0.0352990316114931,58.29685634699562,False,605700792,2026-01-28 22:31:41+00:00,220,False,0.5946052670478821,sentence-transformers/all-mpnet-base-v2,confirmatory,True,True
2016643357502513467,HOOD,False,,15,complete,True,-0.0105443362674071,0.0028694098847302,0.0,0.0029116442658918,0.0011964742156813,12565.0,0.0044324270052405,-0.0352990316114931,58.29685634699562,False,605700792,2026-01-28 22:43:38+00:00,220,False,0.4600775241851806,sentence-transformers/all-mpnet-base-v2,confirmatory,True,True
2016661138919047286,CRM,False,,15,complete,True,-0.0732467052502022,0.0046423999464242,0.0,0.0016535633785195,0.0007536210791284,7739.0,0.0026949740567718,3.96596731524718,99.71572554593617,True,22330739,2026-01-28 23:54:17+00:00,194,False,0.6935732364654541,sentence-transformers/all-mpnet-base-v2,confirmatory,True,True
2016670711415525770,BOX,False,,11,partial,True,-0.0241523498754205,0.0040377738984751,0.0,0.0023659974273463,0.00134124926425,472.0,0.0040409491025227,1.2464323490708622,89.83050847457628,False,914061,2026-01-29 00:32:20+00:00,206,False,0.3705260157585144,sentence-transformers/all-mpnet-base-v2,confirmatory,True,True
2016671258939937076,MSFT,True,"earnings(MSFT, 2026-01-28 21:00:00+00:00->2026-01-29 21:00:00+00:00)",15,complete,False,-0.0976002505446578,0.0035912721428073,0.0,0.0009394249546098,0.0004120387512163,14653.0,0.0014739637379442,6.435916962590241,99.97270183580154,True,20571756,2026-01-29 00:34:30+00:00,122,False,0.3448697328567505,sentence-transformers/all-mpnet-base-v2,null_baseline,True,False
2016671260382769626,MSFT,True,"earnings(MSFT, 2026-01-28 21:00:00+00:00->2026-01-29 21:00:00+00:00)",15,complete,False,-0.0976002505446578,0.0035912721428073,0.0,0.0009394249546098,0.0004120387512163,14653.0,0.0014739637379442,6.435916962590241,99.97270183580154,True,20571756,2026-01-29 00:34:31+00:00,123,False,0.5803354978561401,sentence-transformers/all-mpnet-base-v2,null_baseline,True,False
2016671261729206658,MSFT,True,"earnings(MSFT, 2026-01-28 21:00:00+00:00->2026-01-29 21:00:00+00:00)",15,complete,False,-0.0976002505446578,0.0035912721428073,0.0,0.0009394249546098,0.0004120387512163,14653.0,0.0014739637379442,6.435916962590241,99.97270183580154,True,20571756,2026-01-29 00:34:31+00:00,123,False,0.4559659957885742,sentence-transformers/all-mpnet-base-v2,null_baseline,True,False
2016671263117459675,MSFT,True,"earnings(MSFT, 2026-01-28 21:00:00+00:00->2026-01-29 21:00:00+00:00)",15,complete,False,-0.0976002505446578,0.0035912721428073,0.0,0.0009394249546098,0.0004120387512163,14653.0,0.0014739637379442,6.435916962590241,99.97270183580154,True,20571756,2026-01-29 00:34:31+00:00,123,False,0.32593834400177,sentence-transformers/all-mpnet-base-v2,null_baseline,True,False
2016671264514134137,MSFT,True,"earnings(MSFT, 2026-01-28 21:00:00+00:00->2026-01-29 21:00:00+00:00)",15,complete,False,-0.0976002505446578,0.0035912721428073,0.0,0.0009394249546098,0.0004120387512163,14653.0,0.0014739637379442,6.435916962590241,99.97270183580154,True,20571756,2026-01-29 00:34:32+00:00,126,False,0.4910717010498047,sentence-transformers/all-mpnet-base-v2,null_baseline,True,False
2016727602619453888,BOX,False,,11,partial,True,-0.0241523498754205,0.0040377738984751,0.0,0.0023659974273463,0.00134124926425,472.0,0.0040409491025227,1.2464323490708622,89.83050847457628,False,914061,2026-01-29 04:18:24+00:00,206,False,0.1856557130813598,sentence-transformers/all-mpnet-base-v2,confirmatory,True,True
2016752446446411843,SHOP,False,,15,complete,True,0.0313965714692252,0.0034699367834922,0.0,0.0022388075140546,0.0010375195416403,8237.0,0.0035029443251395,1.186608271002893,89.7535510501396,False,676573,2026-01-29 05:57:07+00:00,56,False,0.6602137088775635,sentence-transformers/all-mpnet-base-v2,exploratory_only,True,False
2016777002758656232,SHOP,False,,15,complete,True,0.0313965714692252,0.0034699367834922,0.0,0.0022388075140546,0.0010375195416403,8237.0,0.0035029443251395,1.186608271002893,89.7535510501396,False,676573,2026-01-29 07:34:42+00:00,57,False,0.7938077449798584,sentence-transformers/all-mpnet-base-v2,exploratory_only,True,False
2016777076045730041,SHOP,False,,15,complete,True,0.0313965714692252,0.0034699367834922,0.0,0.0022388075140546,0.0010375195416403,8237.0,0.0035029443251395,1.186608271002893,89.7535510501396,False,676573,2026-01-29 07:34:59+00:00,58,False,0.5862549543380737,sentence-transformers/all-mpnet-base-v2,exploratory_only,True,False
2016893290398831071,SHOP,False,,14,partial,True,0.0024940870311871,0.0015887405891496,1.0,0.0016737787051314,0.0008995730012445,7835.0,0.0026076580221628,-0.094531645418628,57.94511805998723,False,676573,2026-01-29 15:16:47+00:00,59,False,0.639340877532959,sentence-transformers/all-mpnet-base-v2,exploratory_only,True,False
2016958191871885377,HOOD,False,,14,partial,True,-0.0011649422929504,0.0007532564417495,10.0,0.0011485242329436,0.0005914157179625,9496.0,0.0018497083075648,-0.6683417081910344,23.578348778433025,False,605700792,2026-01-29 19:34:40+00:00,219,False,0.3966979384422302,sentence-transformers/all-mpnet-base-v2,confirmatory,True,True
2016963751719600320,HOOD,False,,15,complete,True,-0.0037992658127394,0.0007075172475381,10.0,0.0011485242329436,0.0005914157179625,9496.0,0.0018497083075648,-0.7456801907883917,18.44987363100253,False,605700792,2026-01-29 19:56:46+00:00,220,False,0.480599045753479,sentence-transformers/all-mpnet-base-v2,confirmatory,True,True
2017006454679507009,HOOD,False,,15,complete,True,0.0150075948201862,0.0032204136994086,0.0,0.0029116442658918,0.0011964742156813,12565.0,0.0044324270052405,0.2580660991018222,69.08873855949065,False,605700792,2026-01-29 22:46:27+00:00,221,False,0.5793289542198181,sentence-transformers/all-mpnet-base-v2,confirmatory,True,True
2017073570036535450,HOOD,False,,15,complete,True,0.0150075948201862,0.0032204136994086,0.0,0.0029116442658918,0.0011964742156813,12565.0,0.0044324270052405,0.2580660991018222,69.08873855949065,False,605700792,2026-01-30 03:13:09+00:00,222,False,0.5704151391983032,sentence-transformers/all-mpnet-base-v2,confirmatory,True,True
2017127995950203114,BOX,False,,9,partial,True,0.0065924080982266,0.0037607484919499,0.0,0.0023659974273463,0.00134124926425,472.0,0.0040409491025227,1.039889528202994,86.65254237288136,False,914061,2026-01-30 06:49:25+00:00,205,False,0.4831996560096741,sentence-transformers/all-mpnet-base-v2,confirmatory,True,True
2017284898285916640,SHOP,False,,12,partial,True,-0.0004231701330683,0.0010965587950368,5.0,0.0010928384705565,0.0005862999426027,4158.0,0.0017391895075174,0.0063454286961526,62.86676286676287,False,676573,2026-01-30 17:12:53+00:00,60,False,0.5839776396751404,sentence-transformers/all-mpnet-base-v2,exploratory_only,True,False
2017326503185522912,HOOD,False,,15,complete,True,-0.0096648477467068,0.0008645036615074,10.0,0.0011485242329436,0.0005914157179625,9496.0,0.0018497083075648,-0.4802384563174611,37.2893850042123,False,605700792,2026-01-30 19:58:13+00:00,223,False,0.5965474843978882,sentence-transformers/all-mpnet-base-v2,confirmatory,True,True
2017326986092478730,HOOD,False,,15,complete,True,-0.0085669543597151,0.0008392343363957,11.0,0.0011052161091722,0.0005247132447824,10594.0,0.00171155371555,-0.5069088219544874,33.45289786671701,False,605700792,2026-01-30 20:00:08+00:00,224,False,0.5408318042755127,sentence-transformers/all-mpnet-base-v2,confirmatory,True,True
2017400526032576883,HOOD,False,,15,complete,True,-0.0843061108852594,0.0042402163307167,0.0,0.0029116442658918,0.0011964742156813,12565.0,0.0044324270052405,1.110405930535075,87.6641464385197,False,605700792,2026-01-31 00:52:21+00:00,225,False,0.6684830188751221,sentence-transformers/all-mpnet-base-v2,confirmatory,True,True
2017408525966970907,HOOD,False,,15,complete,True,-0.0843061108852594,0.0042402163307167,0.0,0.0029116442658918,0.0011964742156813,12565.0,0.0044324270052405,1.110405930535075,87.6641464385197,False,605700792,2026-01-31 01:24:08+00:00,226,False,0.5068026781082153,sentence-transformers/all-mpnet-base-v2,confirmatory,True,True
2017408757526106212,HOOD,False,,15,complete,True,-0.0843061108852594,0.0042402163307167,0.0,0.0029116442658918,0.0011964742156813,12565.0,0.0044324270052405,1.110405930535075,87.6641464385197,False,605700792,2026-01-31 01:25:04+00:00,227,False,0.6288341879844666,sentence-transformers/all-mpnet-base-v2,confirmatory,True,True
2017432134198473041,BOX,False,,9,partial,True,0.0146035041026628,0.0040274435204037,0.0,0.0023659974273463,0.00134124926425,472.0,0.0040409491025227,1.2387302922297494,89.83050847457628,False,914061,2026-01-31 02:57:57+00:00,204,False,0.9541545510292052,sentence-transformers/all-mpnet-base-v2,confirmatory,True,True
2017616594860409319,SHOP,False,,15,complete,True,0.0245375998239485,0.0032480083447585,0.0,0.0022388075140546,0.0010375195416403,8237.0,0.0035029443251395,0.9727053710316604,87.08267573145562,False,676573,2026-01-31 15:10:56+00:00,61,False,0.472068190574646,sentence-transformers/all-mpnet-base-v2,exploratory_only,True,False
2017630013734912382,SHOP,False,,15,complete,True,0.0245375998239485,0.0032480083447585,0.0,0.0022388075140546,0.0010375195416403,8237.0,0.0035029443251395,0.9727053710316604,87.08267573145562,False,676573,2026-01-31 16:04:15+00:00,62,False,0.6099225282669067,sentence-transformers/all-mpnet-base-v2,exploratory_only,True,False
2017673895856545891,BOX,False,,9,partial,True,0.0146035041026628,0.0040274435204037,0.0,0.0023659974273463,0.00134124926425,472.0,0.0040409491025227,1.2387302922297494,89.83050847457628,False,914061,2026-01-31 18:58:37+00:00,205,False,0.4224895238876343,sentence-transformers/all-mpnet-base-v2,confirmatory,True,True
2017750533361070425,SHOP,False,,15,complete,True,0.0245375998239485,0.0032480083447585,0.0,0.0022388075140546,0.0010375195416403,8237.0,0.0035029443251395,0.9727053710316604,87.08267573145562,False,676573,2026-02-01 00:03:09+00:00,63,False,0.7116454839706421,sentence-transformers/all-mpnet-base-v2,exploratory_only,True,False
2017751113328447896,SHOP,False,,15,complete,True,0.0245375998239485,0.0032480083447585,0.0,0.0022388075140546,0.0010375195416403,8237.0,0.0035029443251395,0.9727053710316604,87.08267573145562,False,676573,2026-02-01 00:05:28+00:00,64,False,0.578539252281189,sentence-transformers/all-mpnet-base-v2,exploratory_only,True,False
2017795986966335853,SHOP,False,,15,complete,True,0.0245375998239485,0.0032480083447585,0.0,0.0022388075140546,0.0010375195416403,8237.0,0.0035029443251395,0.9727053710316604,87.08267573145562,False,676573,2026-02-01 03:03:46+00:00,65,False,0.4888226985931396,sentence-transformers/all-mpnet-base-v2,exploratory_only,True,False
2018125395930091819,BOX,False,,9,partial,True,0.0146035041026628,0.0040274435204037,0.0,0.0023659974273463,0.00134124926425,472.0,0.0040409491025227,1.2387302922297494,89.83050847457628,False,914061,2026-02-02 00:52:44+00:00,202,False,0.5263087749481201,sentence-transformers/all-mpnet-base-v2,confirmatory,True,True
2018132372747948543,CRM,False,,15,complete,True,0.0148862564907148,0.0029341392583898,0.0,0.0016535633785195,0.0007536210791284,7739.0,0.0026949740567718,1.6992304426399991,93.08696213981136,True,22330739,2026-02-02 01:20:27+00:00,194,False,0.3386180400848388,sentence-transformers/all-mpnet-base-v2,confirmatory,True,True
2018149325654704487,SHOP,False,,15,complete,True,0.0245375998239485,0.0032480083447585,0.0,0.0022388075140546,0.0010375195416403,8237.0,0.0035029443251395,0.9727053710316604,87.08267573145562,False,676573,2026-02-02 02:27:49+00:00,66,False,0.6184617280960083,sentence-transformers/all-mpnet-base-v2,exploratory_only,True,False
2018448321120174340,HOOD,False,,15,complete,True,-0.0187927515451911,0.0039094712080441,0.0,0.0029116442658918,0.0011964742156813,12565.0,0.0044324270052405,0.8339727919536254,83.1675288499801,False,605700792,2026-02-02 22:15:55+00:00,226,False,0.7300970554351807,sentence-transformers/all-mpnet-base-v2,confirmatory,True,True
2018452550689980471,HOOD,False,,15,complete,True,-0.0187927515451911,0.0039094712080441,0.0,0.0029116442658918,0.0011964742156813,12565.0,0.0044324270052405,0.8339727919536254,83.1675288499801,False,605700792,2026-02-02 22:32:43+00:00,227,False,0.5538620948791504,sentence-transformers/all-mpnet-base-v2,confirmatory,True,True
2018484270533427312,HOOD,False,,15,complete,True,-0.0187927515451911,0.0039094712080441,0.0,0.0029116442658918,0.0011964742156813,12565.0,0.0044324270052405,0.8339727919536254,83.1675288499801,False,605700792,2026-02-03 00:38:46+00:00,227,False,0.5022386312484741,sentence-transformers/all-mpnet-base-v2,confirmatory,True,True
2018506396321419760,SHOP,False,,15,complete,True,-0.0405473682821198,0.0027449598574163,0.0,0.0022388075140546,0.0010375195416403,8237.0,0.0035029443251395,0.4878484915681116,76.92120917809882,False,676573,2026-02-03 02:06:41+00:00,67,False,0.7050468325614929,sentence-transformers/all-mpnet-base-v2,exploratory_only,True,False
2018510268414976002,BOX,False,,11,partial,True,-0.0248013559476276,0.0042801458696362,0.0,0.0023659974273463,0.00134124926425,472.0,0.0040409491025227,1.4271384844785944,90.88983050847456,True,914061,2026-02-03 02:22:04+00:00,202,False,0.4861763119697571,sentence-transformers/all-mpnet-base-v2,confirmatory,True,True
2018511810484424911,SHOP,False,,15,complete,True,-0.0405473682821198,0.0027449598574163,0.0,0.0022388075140546,0.0010375195416403,8237.0,0.0035029443251395,0.4878484915681116,76.92120917809882,False,676573,2026-02-03 02:28:12+00:00,68,False,0.642708957195282,sentence-transformers/all-mpnet-base-v2,exploratory_only,True,False
2018539238237798595,CRM,False,,15,complete,True,-0.0402993423131514,0.0046769854419262,0.0,0.0016535633785195,0.0007536210791284,7739.0,0.0026949740567718,4.01185973580157,99.7544902442176,True,22330739,2026-02-03 04:17:11+00:00,195,False,0.459058403968811,sentence-transformers/all-mpnet-base-v2,confirmatory,True,True
2018744402668372436,HOOD,False,,15,complete,True,-0.0067839464448955,0.0007596813781666,6.0,0.0013312371582174,0.0007325749655066,8487.0,0.0020897515683504,-0.7802010810668374,12.66643101213621,False,605700792,2026-02-03 17:52:26+00:00,228,False,0.5809272527694702,sentence-transformers/all-mpnet-base-v2,confirmatory,True,True
2018744803081740528,HOOD,False,,15,complete,True,-0.0046023369231709,0.0007541795164399,6.0,0.0013312371582174,0.0007325749655066,8487.0,0.0020897515683504,-0.7877113864768335,12.265818310357018,False,605700792,2026-02-03 17:54:02+00:00,229,False,0.5143285989761353,sentence-transformers/all-mpnet-base-v2,confirmatory,True,True
2018782718096810200,HOOD,False,,15,complete,True,0.0071382745804684,0.0014051921187317,11.0,0.0011052161091722,0.0005247132447824,10594.0,0.00171155371555,0.5716951354712313,79.91315839154238,False,605700792,2026-02-03 20:24:41+00:00,230,False,0.7503713965415955,sentence-transformers/all-mpnet-base-v2,confirmatory,True,True
2018881321313997151,SHOP,False,,15,complete,True,-0.0556483130465685,0.0041480775712994,0.0,0.0022388075140546,0.0010375195416403,8237.0,0.0035029443251395,1.840225634908223,94.62182833555909,True,676573,2026-02-04 02:56:30+00:00,69,False,0.5951969623565674,sentence-transformers/all-mpnet-base-v2,exploratory_only,True,False
2018881718715896301,SHOP,False,,15,complete,True,-0.0556483130465685,0.0041480775712994,0.0,0.0022388075140546,0.0010375195416403,8237.0,0.0035029443251395,1.840225634908223,94.62182833555909,True,676573,2026-02-04 02:58:05+00:00,70,False,0.5575437545776367,sentence-transformers/all-mpnet-base-v2,exploratory_only,True,False
2018919899436093948,BOX,False,,14,partial,True,-0.0109161164973246,0.0017559609126543,0.0,0.0023659974273463,0.00134124926425,472.0,0.0040409491025227,-0.4548271010855345,43.00847457627119,False,914061,2026-02-04 05:29:48+00:00,200,False,0.1784812211990356,sentence-transformers/all-mpnet-base-v2,confirmatory,True,True
2019083838035579015,QCOM,False,,15,complete,True,0.0010310399686297,0.0013370543040025,3.0,0.0010311291761511,0.0006898259524185,6467.0,0.0018718779491643,0.4434816155856331,77.17643420442245,False,234930762,2026-02-04 16:21:14+00:00,84,False,0.5378135442733765,sentence-transformers/all-mpnet-base-v2,confirmatory,True,True
2019102184651256315,BOX,False,,14,partial,True,0.002617219582898,0.0011182964864649,6.0,0.0008828791634215,0.0002489084372389,101.0,0.0011867096342035,0.945798887554145,80.19801980198021,False,914061,2026-02-04 17:34:08+00:00,201,False,0.2672736644744873,sentence-transformers/all-mpnet-base-v2,confirmatory,True,True
2019184192098087294,QCOM,True,"earnings(QCOM, 2026-02-04 21:00:00+00:00->2026-02-05 21:00:00+00:00)",15,complete,False,-0.0727060323208866,0.0064192788903062,0.0,0.0017823192627403,0.0010698256208132,8499.0,0.0032347960452871,4.3343134968489965,99.77644428756324,True,234930762,2026-02-04 23:00:00+00:00,85,False,0.3602144718170166,sentence-transformers/all-mpnet-base-v2,confirmatory,True,False
2019249827159372168,SHOP,False,,15,complete,True,-0.0033982919346156,0.004590589270905,0.0,0.0022388075140546,0.0010375195416403,8237.0,0.0035029443251395,2.2667349022960734,96.60070413985676,True,676573,2026-02-05 03:20:49+00:00,71,False,0.4537872076034546,sentence-transformers/all-mpnet-base-v2,exploratory_only,True,False
2019479689170153599,BOX,False,,10,partial,True,0.0009570787013177,0.0012795381774648,8.0,0.0011208349410239,0.0005122699327436,159.0,0.0015615102713901,0.309803926205263,76.10062893081762,False,914061,2026-02-05 18:34:12+00:00,199,False,0.441467821598053,sentence-transformers/all-mpnet-base-v2,confirmatory,True,True
2019524439873142888,HOOD,False,,15,complete,True,0.1110177967991901,0.0058251446421563,0.0,0.0029116442658918,0.0011964742156813,12565.0,0.0044324270052405,2.435071594589559,97.25427775567051,True,605700792,2026-02-05 21:32:02+00:00,229,False,0.5598965287208557,sentence-transformers/all-mpnet-base-v2,confirmatory,True,True
2019532485626065317,HOOD,False,,15,complete,True,0.1110177967991901,0.0058251446421563,0.0,0.0029116442658918,0.0011964742156813,12565.0,0.0044324270052405,2.435071594589559,97.25427775567051,True,605700792,2026-02-05 22:04:00+00:00,230,False,0.623897910118103,sentence-transformers/all-mpnet-base-v2,confirmatory,True,True
2019544061510873238,HOOD,False,,15,complete,True,0.1110177967991901,0.0058251446421563,0.0,0.0029116442658918,0.0011964742156813,12565.0,0.0044324270052405,2.435071594589559,97.25427775567051,True,605700792,2026-02-05 22:50:00+00:00,231,False,0.601296067237854,sentence-transformers/all-mpnet-base-v2,confirmatory,True,True
2019562419132199202,SHOP,False,,15,complete,True,0.0152455871959618,0.0032440826359167,0.0,0.0022388075140546,0.0010375195416403,8237.0,0.0035029443251395,0.9689216265486286,87.07053538909797,False,676573,2026-02-06 00:02:57+00:00,72,False,0.5542706251144409,sentence-transformers/all-mpnet-base-v2,exploratory_only,True,False
2019574512124326012,HOOD,False,,15,complete,True,0.1110177967991901,0.0058251446421563,0.0,0.0029116442658918,0.0011964742156813,12565.0,0.0044324270052405,2.435071594589559,97.25427775567051,True,605700792,2026-02-06 00:51:00+00:00,232,False,0.8234637379646301,sentence-transformers/all-mpnet-base-v2,confirmatory,True,True
2019634114874470819,BOX,False,,9,partial,True,0.011552379123104,0.0040208317457648,0.0,0.0023659974273463,0.00134124926425,472.0,0.0040409491025227,1.2338007278190497,89.83050847457628,False,914061,2026-02-06 04:47:50+00:00,198,False,0.4078303575515747,sentence-transformers/all-mpnet-base-v2,confirmatory,True,True
2019712015913353513,CRM,False,,15,complete,True,0.0087890681045954,0.0026953312754391,0.0,0.0016535633785195,0.0007536210791284,7739.0,0.0026949740567718,1.3823497322081333,89.99870784339062,True,22330739,2026-02-06 09:57:23+00:00,195,False,0.6177947521209717,sentence-transformers/all-mpnet-base-v2,confirmatory,True,True
2019832751168659883,HOOD,False,,15,complete,True,-0.0015858391766995,0.0012403136222106,6.0,0.0013312371582174,0.0007325749655066,8487.0,0.0020897515683504,-0.1241149920321472,55.885471898197245,False,605700792,2026-02-06 17:57:09+00:00,233,False,0.6348821520805359,sentence-transformers/all-mpnet-base-v2,confirmatory,True,True
2019832811017101801,HOOD,False,,15,complete,True,-0.0015858391766995,0.0012403136222106,6.0,0.0013312371582174,0.0007325749655066,8487.0,0.0020897515683504,-0.1241149920321472,55.885471898197245,False,605700792,2026-02-06 17:57:23+00:00,234,False,0.7884933352470398,sentence-transformers/all-mpnet-base-v2,confirmatory,True,True
2019871947094651215,HOOD,False,,15,complete,True,0.0064639860186408,0.0010859850239964,12.0,0.0011519743389481,0.0005454108705395,7659.0,0.001734746168232,-0.1209900985039524,54.11933672803239,False,605700792,2026-02-06 20:32:54+00:00,235,False,0.5239758491516113,sentence-transformers/all-mpnet-base-v2,confirmatory,True,True
2019878279990378668,CRM,False,,1,insufficient,False,0.0027813283166082,,12.0,,,,,,,False,22330739,2026-02-06 20:58:04+00:00,196,False,0.5633411407470703,sentence-transformers/all-mpnet-base-v2,confirmatory,True,False
2019936302226108508,HOOD,False,,5,insufficient,False,0.026555095867901,0.0093061286834046,,,,,,,,False,605700792,2026-02-07 00:48:37+00:00,236,False,0.5954760313034058,sentence-transformers/all-mpnet-base-v2,confirmatory,True,False
2020008277325803982,BOX,False,,7,insufficient,False,-0.0081004338068045,0.0020719991626025,0.0,0.0023659974273463,0.00134124926425,472.0,0.0040409491025227,-0.219197335335082,57.41525423728814,False,914061,2026-02-07 05:34:37+00:00,197,False,0.181352436542511,sentence-transformers/all-mpnet-base-v2,confirmatory,True,False
2020277273899991313,CRM,False,,15,complete,True,-0.0068984569357962,0.0033754137132984,0.0,0.0016535633785195,0.0007536210791284,7739.0,0.0026949740567718,2.284769338949687,96.92466726967308,True,22330739,2026-02-07 23:23:31+00:00,197,False,0.6802283525466919,sentence-transformers/all-mpnet-base-v2,confirmatory,True,True
2020380616471245259,BOX,False,,7,insufficient,False,-0.0081004338068045,0.0020719991626025,0.0,0.0023659974273463,0.00134124926425,472.0,0.0040409491025227,-0.219197335335082,57.41525423728814,False,914061,2026-02-08 06:14:10+00:00,197,False,0.4059927463531494,sentence-transformers/all-mpnet-base-v2,confirmatory,True,False
2020599759464194554,CRM,False,,15,complete,True,-0.0068984569357962,0.0033754137132984,0.0,0.0016535633785195,0.0007536210791284,7739.0,0.0026949740567718,2.284769338949687,96.92466726967308,True,22330739,2026-02-08 20:44:58+00:00,198,False,0.6603053212165833,sentence-transformers/all-mpnet-base-v2,confirmatory,True,True
2020630810022629880,CRM,False,,15,complete,True,-0.0068984569357962,0.0033754137132984,0.0,0.0016535633785195,0.0007536210791284,7739.0,0.0026949740567718,2.284769338949687,96.92466726967308,True,22330739,2026-02-08 22:48:21+00:00,199,False,0.6930034160614014,sentence-transformers/all-mpnet-base-v2,confirmatory,True,True
2020637655520985358,CRM,False,,15,complete,True,-0.0068984569357962,0.0033754137132984,0.0,0.0016535633785195,0.0007536210791284,7739.0,0.0026949740567718,2.284769338949687,96.92466726967308,True,22330739,2026-02-08 23:15:33+00:00,200,False,0.6591877937316895,sentence-transformers/all-mpnet-base-v2,confirmatory,True,True
2020685677198028887,CRM,False,,15,complete,True,-0.0068984569357962,0.0033754137132984,0.0,0.0016535633785195,0.0007536210791284,7739.0,0.0026949740567718,2.284769338949687,96.92466726967308,True,22330739,2026-02-09 02:26:22+00:00,201,False,0.7031816244125366,sentence-transformers/all-mpnet-base-v2,confirmatory,True,True
2020688785659535730,CRM,False,,15,complete,True,-0.0068984569357962,0.0033754137132984,0.0,0.0016535633785195,0.0007536210791284,7739.0,0.0026949740567718,2.284769338949687,96.92466726967308,True,22330739,2026-02-09 02:38:43+00:00,202,False,0.7843871712684631,sentence-transformers/all-mpnet-base-v2,confirmatory,True,True
2020709207193145816,MSFT,False,,15,complete,True,0.0191034504422802,0.0017153335200127,0.0,0.0009394249546098,0.0004120387512163,14653.0,0.0014739637379442,1.8830960998509505,94.94301508223572,True,20571756,2026-02-09 03:59:52+00:00,124,False,0.7714674472808838,sentence-transformers/all-mpnet-base-v2,null_baseline,True,False
2020722667721052490,SHOP,False,,15,complete,True,0.0255665479938425,0.0045122232511763,0.0,0.0022388075140546,0.0010375195416403,8237.0,0.0035029443251395,2.1912028119753524,96.2971955809154,True,676573,2026-02-09 04:53:21+00:00,73,False,0.6038022041320801,sentence-transformers/all-mpnet-base-v2,exploratory_only,True,False
2020983043297771958,HOOD,False,,15,complete,True,0.0018453831277916,0.0039878960759909,0.0,0.0029116442658918,0.0011964742156813,12565.0,0.0044324270052405,0.8995194346801786,84.11460405889375,False,605700792,2026-02-09 22:08:00+00:00,237,False,0.7136731147766113,sentence-transformers/all-mpnet-base-v2,confirmatory,True,True
2021064443229241718,SHOP,False,,15,complete,True,0.0519536478621286,0.0052591387853546,0.0,0.0022388075140546,0.0010375195416403,8237.0,0.0035029443251395,2.911107839496468,98.33677309700134,True,676573,2026-02-10 03:31:27+00:00,74,False,0.6298251152038574,sentence-transformers/all-mpnet-base-v2,exploratory_only,True,False
2021090905126539398,BOX,False,,8,partial,True,0.0077122017897744,0.003863761937192,0.0,0.0023659974273463,0.00134124926425,472.0,0.0040409491025227,1.116693630160689,87.5,False,914061,2026-02-10 05:16:36+00:00,196,False,0.2901725769042969,sentence-transformers/all-mpnet-base-v2,confirmatory,True,True
2021111214739193886,SHOP,False,,15,complete,True,0.0519536478621286,0.0052591387853546,0.0,0.0022388075140546,0.0010375195416403,8237.0,0.0035029443251395,2.911107839496468,98.33677309700134,True,676573,2026-02-10 06:37:18+00:00,75,False,0.6985217332839966,sentence-transformers/all-mpnet-base-v2,exploratory_only,True,False
2021280624716239320,HOOD,False,,15,complete,True,0.0016734715725168,0.0007374241358844,6.0,0.0013312371582174,0.0007325749655066,8487.0,0.0020897515683504,-0.8105832853874978,11.193590196771533,False,605700792,2026-02-10 17:50:29+00:00,235,False,0.596993625164032,sentence-transformers/all-mpnet-base-v2,confirmatory,True,True
2021343426181202354,HOOD,True,"earnings(HOOD, 2026-02-10 21:00:00+00:00->2026-02-11 21:00:00+00:00); jobs_report(ALL, 2026-02-11 13:30:00+00:00->2026-02-11 21:00:00+00:00)",15,complete,False,-0.1056907487071762,0.0062937141379899,0.0,0.0029116442658918,0.0011964742156813,12565.0,0.0044324270052405,2.826696829544321,98.29685634699564,True,605700792,2026-02-10 22:00:02+00:00,236,False,0.657747209072113,sentence-transformers/all-mpnet-base-v2,confirmatory,True,False
2021401110129541373,HOOD,True,"earnings(HOOD, 2026-02-10 21:00:00+00:00->2026-02-11 21:00:00+00:00); jobs_report(ALL, 2026-02-11 13:30:00+00:00->2026-02-11 21:00:00+00:00)",15,complete,False,-0.1056907487071762,0.0062937141379899,0.0,0.0029116442658918,0.0011964742156813,12565.0,0.0044324270052405,2.826696829544321,98.29685634699564,True,605700792,2026-02-11 01:49:15+00:00,236,False,0.4133838415145874,sentence-transformers/all-mpnet-base-v2,confirmatory,True,False
2021449943626711124,SHOP,True,"jobs_report(ALL, 2026-02-11 13:30:00+00:00->2026-02-11 21:00:00+00:00)",7,insufficient,False,0.0987714876921179,0.0088008048623853,,,,,,,,False,676573,2026-02-11 05:03:17+00:00,76,False,0.5592983961105347,sentence-transformers/all-mpnet-base-v2,exploratory_only,True,False
2021462942718349332,BOX,True,"jobs_report(ALL, 2026-02-11 13:30:00+00:00->2026-02-11 21:00:00+00:00)",13,partial,False,-0.035056288551137,0.0036364676680688,0.0,0.0023659974273463,0.00134124926425,472.0,0.0040409491025227,0.9472290308639074,85.16949152542372,False,914061,2026-02-11 05:54:57+00:00,195,False,0.3321601152420044,sentence-transformers/all-mpnet-base-v2,confirmatory,True,False
2021597510968484177,SHOP,True,"earnings(SHOP, 2026-02-11 14:30:00+00:00->2026-02-11 21:00:00+00:00); jobs_report(ALL, 2026-02-11 13:30:00+00:00->2026-02-11 21:00:00+00:00)",15,complete,False,-0.0457254787563864,0.0028372362694361,0.0,0.0022388075140546,0.0010375195416403,8237.0,0.0035029443251395,0.576787936384645,78.88794464003885,False,676573,2026-02-11 14:49:40+00:00,77,False,0.606926441192627,sentence-transformers/all-mpnet-base-v2,exploratory_only,True,False
2021653900617826731,BOX,True,"jobs_report(ALL, 2026-02-11 13:30:00+00:00->2026-02-11 21:00:00+00:00)",12,partial,False,0.0079862295169821,0.0015658606175695,8.0,0.0011208349410239,0.0005122699327436,159.0,0.0015615102713901,0.8687327678243735,91.19496855345912,True,914061,2026-02-11 18:33:45+00:00,196,False,0.3327085375785827,sentence-transformers/all-mpnet-base-v2,confirmatory,True,False
2021817744572780985,BOX,False,,5,insufficient,False,-0.0095340580469247,0.0051762809078443,0.0,0.0023659974273463,0.00134124926425,472.0,0.0040409491025227,2.0952730826430725,92.79661016949152,True,914061,2026-02-12 05:24:48+00:00,196,False,0.1795491576194763,sentence-transformers/all-mpnet-base-v2,confirmatory,True,False
2021866814637330630,CRM,False,,15,complete,True,0.0061445865531601,0.0044145733675938,0.0,0.0016535633785195,0.0007536210791284,7739.0,0.0026949740567718,3.663658124142953,99.47021579015376,True,22330739,2026-02-12 08:39:47+00:00,203,False,0.4235143661499023,sentence-transformers/all-mpnet-base-v2,confirmatory,True,True
2021996917224522025,QCOM,False,,14,partial,True,-0.0019817021777832,0.0010686682968022,5.0,0.0008809439772216,0.0005446211250859,4216.0,0.0015541749889803,0.3446879140998921,73.38709677419355,False,234930762,2026-02-12 17:16:46+00:00,83,False,0.2276380062103271,sentence-transformers/all-mpnet-base-v2,confirmatory,True,True
2022040725937102909,HOOD,False,,15,complete,True,0.0009626374810176,0.0010393660248461,11.0,0.0011052161091722,0.0005247132447824,10594.0,0.00171155371555,-0.1254972787153975,55.09722484425146,False,605700792,2026-02-12 20:10:51+00:00,236,False,0.6159191131591797,sentence-transformers/all-mpnet-base-v2,confirmatory,True,True
2022128803582230859,SHOP,True,"cpi(ALL, 2026-02-13 13:30:00+00:00->2026-02-13 21:00:00+00:00)",15,complete,False,0.0089150833622004,0.0068454816060788,0.0,0.0022388075140546,0.0010375195416403,8237.0,0.0035029443251395,4.440084169152982,99.52652664805149,True,676573,2026-02-13 02:00:50+00:00,78,False,0.6823770403862,sentence-transformers/all-mpnet-base-v2,exploratory_only,True,False
2022174379761971640,BOX,True,"cpi(ALL, 2026-02-13 13:30:00+00:00->2026-02-13 21:00:00+00:00)",12,partial,False,0.017394840923099,0.004115357653635,0.0,0.0023659974273463,0.00134124926425,472.0,0.0040409491025227,1.3042767462518454,90.2542372881356,True,914061,2026-02-13 05:01:56+00:00,196,False,0.2150909304618835,sentence-transformers/all-mpnet-base-v2,confirmatory,True,False
2022363914403799365,QCOM,True,"cpi(ALL, 2026-02-13 13:30:00+00:00->2026-02-13 21:00:00+00:00)",15,complete,False,-0.00181202540001,0.0004644587684465,6.0,0.0008811222698987,0.0005506822930134,3296.0,0.0015689675970311,-0.7566313766367873,20.175970873786408,False,234930762,2026-02-13 17:35:05+00:00,84,False,0.3679606914520263,sentence-transformers/all-mpnet-base-v2,confirmatory,True,False
2022375298097111160,BOX,True,"cpi(ALL, 2026-02-13 13:30:00+00:00->2026-02-13 21:00:00+00:00)",6,insufficient,False,-0.0025367912071588,0.0015085466614906,7.0,0.0010747703904457,0.0006370892637828,158.0,0.0018873071630307,0.6808720468295385,83.54430379746836,False,914061,2026-02-13 18:20:19+00:00,197,False,0.5632896423339844,sentence-transformers/all-mpnet-base-v2,confirmatory,True,False
2022379430308647250,HOOD,True,"cpi(ALL, 2026-02-13 13:30:00+00:00->2026-02-13 21:00:00+00:00)",15,complete,False,-0.0002590642631126,0.0008460456919138,8.0,0.001213082701226,0.0006543315496727,8409.0,0.0018807725151064,-0.5609342992795492,26.92353430847901,False,605700792,2026-02-13 18:36:44+00:00,237,False,0.5671809911727905,sentence-transformers/all-mpnet-base-v2,confirmatory,True,False
2022436595266109815,SHOP,False,,15,complete,True,0.0213072217125277,0.00650410935085,0.0,0.0022388075140546,0.0010375195416403,8237.0,0.0035029443251395,4.111056867470498,99.40512322447492,True,676573,2026-02-13 22:23:54+00:00,79,False,0.4953279495239258,sentence-transformers/all-mpnet-base-v2,exploratory_only,True,False
2022459120050409852,HOOD,False,,15,complete,True,-0.0166824230381598,0.0075745455157298,0.0,0.0029116442658918,0.0011964742156813,12565.0,0.0044324270052405,3.897201618492479,99.33147632311976,True,605700792,2026-02-13 23:53:24+00:00,238,False,0.7569229602813721,sentence-transformers/all-mpnet-base-v2,confirmatory,True,True
2022528168511320525,BOX,False,,9,partial,True,0.0017925954330432,0.0020289095660876,0.0,0.0023659974273463,0.00134124926425,472.0,0.0040409491025227,-0.2513237995677028,57.20338983050848,False,914061,2026-02-14 04:27:46+00:00,196,False,0.2515301704406738,sentence-transformers/all-mpnet-base-v2,confirmatory,True,True
2022737438838325687,BOX,False,,9,partial,True,0.0017925954330432,0.0020289095660876,0.0,0.0023659974273463,0.00134124926425,472.0,0.0040409491025227,-0.2513237995677028,57.20338983050848,False,914061,2026-02-14 18:19:20+00:00,197,False,0.2993079423904419,sentence-transformers/all-mpnet-base-v2,confirmatory,True,True
2022859327124463881,BOX,False,,9,partial,True,0.0017925954330432,0.0020289095660876,0.0,0.0023659974273463,0.00134124926425,472.0,0.0040409491025227,-0.2513237995677028,57.20338983050848,False,914061,2026-02-15 02:23:41+00:00,198,False,0.3214572668075561,sentence-transformers/all-mpnet-base-v2,confirmatory,True,True
2023152367366222151,BOX,False,,9,partial,True,0.0017925954330432,0.0020289095660876,0.0,0.0023659974273463,0.00134124926425,472.0,0.0040409491025227,-0.2513237995677028,57.20338983050848,False,914061,2026-02-15 21:48:07+00:00,197,False,0.3461239337921142,sentence-transformers/all-mpnet-base-v2,confirmatory,True,True
2023185534412292246,SHOP,False,,15,complete,True,0.0213072217125277,0.00650410935085,0.0,0.0022388075140546,0.0010375195416403,8237.0,0.0035029443251395,4.111056867470498,99.40512322447492,True,676573,2026-02-15 23:59:55+00:00,80,False,0.5894290804862976,sentence-transformers/all-mpnet-base-v2,exploratory_only,True,False
2023409268033302664,SHOP,False,,15,complete,True,0.0213072217125277,0.00650410935085,0.0,0.0022388075140546,0.0010375195416403,8237.0,0.0035029443251395,4.111056867470498,99.40512322447492,True,676573,2026-02-16 14:48:57+00:00,81,False,0.6068699359893799,sentence-transformers/all-mpnet-base-v2,exploratory_only,True,False
2023466837623881848,SHOP,False,,15,complete,True,0.0213072217125277,0.00650410935085,0.0,0.0022388075140546,0.0010375195416403,8237.0,0.0035029443251395,4.111056867470498,99.40512322447492,True,676573,2026-02-16 18:37:42+00:00,82,False,0.8005322813987732,sentence-transformers/all-mpnet-base-v2,exploratory_only,True,False
2023517423761322157,SHOP,False,,15,complete,True,0.0213072217125277,0.00650410935085,0.0,0.0022388075140546,0.0010375195416403,8237.0,0.0035029443251395,4.111056867470498,99.40512322447492,True,676573,2026-02-16 21:58:43+00:00,83,False,0.7043858766555786,sentence-transformers/all-mpnet-base-v2,exploratory_only,True,False
2023534200117506427,SHOP,False,,15,complete,True,0.0213072217125277,0.00650410935085,0.0,0.0022388075140546,0.0010375195416403,8237.0,0.0035029443251395,4.111056867470498,99.40512322447492,True,676573,2026-02-16 23:05:23+00:00,84,False,0.7925786375999451,sentence-transformers/all-mpnet-base-v2,exploratory_only,True,False
2023629431256789487,QCOM,False,,15,complete,True,0.0095885965962928,0.003102007776455,0.0,0.0017823192627403,0.0010698256208132,8499.0,0.0032347960452871,1.2335547850419777,88.73985174726438,False,234930762,2026-02-17 05:23:48+00:00,83,False,0.6390751600265503,sentence-transformers/all-mpnet-base-v2,confirmatory,True,True
2023635013963559352,BOX,False,,9,partial,True,0.0017925954330432,0.0020289095660876,0.0,0.0023659974273463,0.00134124926425,472.0,0.0040409491025227,-0.2513237995677028,57.20338983050848,False,914061,2026-02-17 05:45:59+00:00,196,False,0.4035972952842712,sentence-transformers/all-mpnet-base-v2,confirmatory,True,True
2023815960323649856,HOOD,False,,15,complete,True,0.0084181800236873,0.001090516063903,6.0,0.0013312371582174,0.0007325749655066,8487.0,0.0020897515683504,-0.3285958511398957,44.19700718746318,False,605700792,2026-02-17 17:45:00+00:00,234,False,0.589356541633606,sentence-transformers/all-mpnet-base-v2,confirmatory,True,True
2023822262097637478,BOX,False,,8,partial,True,0.0027063050542639,0.0016939452125153,7.0,0.0010747703904457,0.0006370892637828,158.0,0.0018873071630307,0.9718807979798536,89.24050632911393,False,914061,2026-02-17 18:10:02+00:00,197,False,0.5588722229003906,sentence-transformers/all-mpnet-base-v2,confirmatory,True,True
2023829504163279172,QCOM,False,,13,partial,True,-0.001430776393857,0.0005343266517014,8.0,0.0008611830211537,0.0006334579657316,3701.0,0.0014154386593569,-0.5159874642587697,27.69521750878141,False,234930762,2026-02-17 18:38:49+00:00,84,False,0.7924391627311707,sentence-transformers/all-mpnet-base-v2,confirmatory,True,True
2023866218936185307,QCOM,False,,15,complete,True,0.0025160091218281,0.0018034258661531,0.0,0.0017823192627403,0.0010698256208132,8499.0,0.0032347960452871,0.0197290128429961,66.05482997999765,False,234930762,2026-02-17 21:04:42+00:00,85,False,0.3489136695861816,sentence-transformers/all-mpnet-base-v2,confirmatory,True,True
2024163804699918549,MSFT,False,,15,complete,True,0.0009568031243146,0.0003356159794094,4.0,0.0004949532677144,0.0002172916540038,9968.0,0.0007665003294922,-0.7332876590932782,23.585473515248793,False,20571756,2026-02-18 16:47:12+00:00,121,False,0.6569746732711792,sentence-transformers/all-mpnet-base-v2,null_baseline,True,False
2024284301068816570,HOOD,False,,15,complete,True,-0.0068688257697759,0.003450604616231,0.0,0.0029116442658918,0.0011964742156813,12565.0,0.0044324270052405,0.4504571375424129,75.10545165141266,False,605700792,2026-02-19 00:46:01+00:00,233,False,0.4493997693061828,sentence-transformers/all-mpnet-base-v2,confirmatory,True,True
2024335500283420836,BOX,False,,5,insufficient,False,-0.000849774737327,0.0019553192877984,0.0,0.0023659974273463,0.00134124926425,472.0,0.0040409491025227,-0.3061907659479484,54.02542372881356,False,914061,2026-02-19 04:09:28+00:00,197,False,0.4704898595809936,sentence-transformers/all-mpnet-base-v2,confirmatory,True,False
2024581126719729758,MSFT,False,,15,complete,True,-0.0004600876284273,0.0002765526127402,11.0,0.0004038797262934,0.0002294343287601,11546.0,0.0006587422095737,-0.5549610393579614,28.997055257231946,False,20571756,2026-02-19 20:25:30+00:00,122,False,0.3949002027511596,sentence-transformers/all-mpnet-base-v2,null_baseline,True,False
2024627759805505961,HOOD,False,,15,complete,True,0.023130364881357,0.0054712779965684,0.0,0.0029116442658918,0.0011964742156813,12565.0,0.0044324270052405,2.1393137412651377,96.4265817747712,True,605700792,2026-02-19 23:30:48+00:00,234,False,0.3906436562538147,sentence-transformers/all-mpnet-base-v2,confirmatory,True,True
2024736684924158292,BOX,False,,4,insufficient,False,0.0048259485495238,0.0043443931288085,0.0,0.0023659974273463,0.00134124926425,472.0,0.0040409491025227,1.4750395427567478,91.3135593220339,True,914061,2026-02-20 06:43:38+00:00,198,False,0.2954590320587158,sentence-transformers/all-mpnet-base-v2,confirmatory,True,False
2024888735951982766,HOOD,False,,15,complete,True,-0.0064426871285588,0.0007549654033712,4.0,0.0013876350240362,0.0005670153025844,10096.0,0.002103771143176,-1.1157893231121163,5.54675118858954,False,605700792,2026-02-20 16:47:49+00:00,235,False,0.4169906377792358,sentence-transformers/all-mpnet-base-v2,confirmatory,True,True
2024896700658422030,QCOM,False,,14,partial,True,-0.0011674120446785,0.0008850121035446,5.0,0.0008809439772216,0.0005446211250859,4216.0,0.0015541749889803,0.0074696447411823,63.02182163187856,False,234930762,2026-02-20 17:19:28+00:00,84,False,0.3497835993766784,sentence-transformers/all-mpnet-base-v2,confirmatory,True,True
2024904942968795511,QCOM,False,,13,partial,True,-0.0001837578592001,0.0003276269705811,6.0,0.0008811222698987,0.0005506822930134,3296.0,0.0015689675970311,-1.0051082200025532,5.157766990291262,False,234930762,2026-02-20 17:52:13+00:00,85,False,0.3006014823913574,sentence-transformers/all-mpnet-base-v2,confirmatory,True,True
2024912138905813077,QCOM,False,,14,partial,True,0.0029936740600264,0.0014318411043079,7.0,0.0009048983721937,0.0008558936060872,3602.0,0.0015296819716376,0.615663825931748,88.03442531926707,False,234930762,2026-02-20 18:20:49+00:00,86,False,0.3722206354141235,sentence-transformers/all-mpnet-base-v2,confirmatory,True,True
2024969864864301348,BOX,False,,5,insufficient,False,-0.0279019054253384,0.0061682947966822,0.0,0.0023659974273463,0.00134124926425,472.0,0.0040409491025227,2.8348924176013304,97.2457627118644,True,914061,2026-02-20 22:10:12+00:00,198,False,0.22295743227005,sentence-transformers/all-mpnet-base-v2,confirmatory,True,False
2025066880566952094,HOOD,False,,15,complete,True,-0.0463933164480327,0.0024649755810522,0.0,0.0029116442658918,0.0011964742156813,12565.0,0.0044324270052405,-0.37332077781989,41.790688420214885,False,605700792,2026-02-21 04:35:42+00:00,236,False,0.6851009726524353,sentence-transformers/all-mpnet-base-v2,confirmatory,True,True
2025067088495390886,HOOD,False,,15,complete,True,-0.0463933164480327,0.0024649755810522,0.0,0.0029116442658918,0.0011964742156813,12565.0,0.0044324270052405,-0.37332077781989,41.790688420214885,False,605700792,2026-02-21 04:36:32+00:00,237,False,0.6199254393577576,sentence-transformers/all-mpnet-base-v2,confirmatory,True,True
2025093420935680379,BOX,False,,5,insufficient,False,-0.0279019054253384,0.0061682947966822,0.0,0.0023659974273463,0.00134124926425,472.0,0.0040409491025227,2.8348924176013304,97.2457627118644,True,914061,2026-02-21 06:21:10+00:00,198,False,0.1806170344352722,sentence-transformers/all-mpnet-base-v2,confirmatory,True,False
2025213233867473129,SHOP,False,,15,complete,True,-0.0520269507623879,0.0025548843679331,0.0,0.0022388075140546,0.0010375195416403,8237.0,0.0035029443251395,0.3046466511645661,71.7251426490227,False,676573,2026-02-21 14:17:16+00:00,85,False,0.6237472891807556,sentence-transformers/all-mpnet-base-v2,exploratory_only,True,False
2025254192940757164,HOOD,False,,15,complete,True,-0.0463933164480327,0.0024649755810522,0.0,0.0029116442658918,0.0011964742156813,12565.0,0.0044324270052405,-0.37332077781989,41.790688420214885,False,605700792,2026-02-21 17:00:01+00:00,238,False,0.5362873673439026,sentence-transformers/all-mpnet-base-v2,confirmatory,True,True
2025297895700734259,SHOP,False,,15,complete,True,-0.0520269507623879,0.0025548843679331,0.0,0.0022388075140546,0.0010375195416403,8237.0,0.0035029443251395,0.3046466511645661,71.7251426490227,False,676573,2026-02-21 19:53:41+00:00,86,False,0.568189263343811,sentence-transformers/all-mpnet-base-v2,exploratory_only,True,False
2025385106307977366,BOX,False,,5,insufficient,False,-0.0279019054253384,0.0061682947966822,0.0,0.0023659974273463,0.00134124926425,472.0,0.0040409491025227,2.8348924176013304,97.2457627118644,True,914061,2026-02-22 01:40:13+00:00,198,False,0.304082989692688,sentence-transformers/all-mpnet-base-v2,confirmatory,True,False
2025587630063173999,SHOP,False,,15,complete,True,-0.0520269507623879,0.0025548843679331,0.0,0.0022388075140546,0.0010375195416403,8237.0,0.0035029443251395,0.3046466511645661,71.7251426490227,False,676573,2026-02-22 15:04:59+00:00,87,False,0.674310564994812,sentence-transformers/all-mpnet-base-v2,exploratory_only,True,False
2025698591290052741,CRM,False,,15,complete,True,-0.04008785241432,0.004168568960292,0.0,0.0016535633785195,0.0007536210791284,7739.0,0.0026949740567718,3.337228285441673,99.2634707326528,True,22330739,2026-02-22 22:25:54+00:00,200,False,0.2739976048469543,sentence-transformers/all-mpnet-base-v2,confirmatory,True,True
2025716075946447194,SHOP,False,,15,complete,True,-0.0520269507623879,0.0025548843679331,0.0,0.0022388075140546,0.0010375195416403,8237.0,0.0035029443251395,0.3046466511645661,71.7251426490227,False,676573,2026-02-22 23:35:23+00:00,88,False,0.5958880186080933,sentence-transformers/all-mpnet-base-v2,exploratory_only,True,False
2025716819445645472,SHOP,False,,15,complete,True,-0.0520269507623879,0.0025548843679331,0.0,0.0022388075140546,0.0010375195416403,8237.0,0.0035029443251395,0.3046466511645661,71.7251426490227,False,676573,2026-02-22 23:38:20+00:00,89,False,0.4948386549949646,sentence-transformers/all-mpnet-base-v2,exploratory_only,True,False
2025736031283400712,BOX,False,,5,insufficient,False,-0.0279019054253384,0.0061682947966822,0.0,0.0023659974273463,0.00134124926425,472.0,0.0040409491025227,2.8348924176013304,97.2457627118644,True,914061,2026-02-23 00:54:40+00:00,197,False,0.7687973976135254,sentence-transformers/all-mpnet-base-v2,confirmatory,True,False
2025809687900508666,BOX,False,,5,insufficient,False,-0.0279019054253384,0.0061682947966822,0.0,0.0023659974273463,0.00134124926425,472.0,0.0040409491025227,2.8348924176013304,97.2457627118644,True,914061,2026-02-23 05:47:21+00:00,198,False,0.3014452457427978,sentence-transformers/all-mpnet-base-v2,confirmatory,True,False
2025927884402008127,QCOM,False,,15,complete,True,0.0079323658652368,0.0023527307993384,0.0,0.0017823192627403,0.0010698256208132,8499.0,0.0032347960452871,0.5331817872939401,78.13860454171079,False,234930762,2026-02-23 13:37:02+00:00,86,False,0.2729113101959228,sentence-transformers/all-mpnet-base-v2,confirmatory,True,True
2026028297822588941,HOOD,False,,15,complete,True,0.0047103765438187,0.0008867352719255,11.0,0.0011052161091722,0.0005247132447824,10594.0,0.00171155371555,-0.4163814034031465,38.82386256371531,False,605700792,2026-02-23 20:16:02+00:00,236,False,0.4003825187683105,sentence-transformers/all-mpnet-base-v2,confirmatory,True,True
2026028329783189595,HOOD,False,,15,complete,True,0.0047103765438187,0.0008867352719255,11.0,0.0011052161091722,0.0005247132447824,10594.0,0.00171155371555,-0.4163814034031465,38.82386256371531,False,605700792,2026-02-23 20:16:10+00:00,237,False,0.6588324904441833,sentence-transformers/all-mpnet-base-v2,confirmatory,True,True
2026148524140695973,SHOP,False,,15,complete,True,0.0183652569462804,0.0037798229018277,0.0,0.0022388075140546,0.0010375195416403,8237.0,0.0035029443251395,1.4852880605378849,92.59439116183076,True,676573,2026-02-24 04:13:46+00:00,90,False,0.7222318053245544,sentence-transformers/all-mpnet-base-v2,exploratory_only,True,False
2026148694404538383,SHOP,False,,15,complete,True,0.0183652569462804,0.0037798229018277,0.0,0.0022388075140546,0.0010375195416403,8237.0,0.0035029443251395,1.4852880605378849,92.59439116183076,True,676573,2026-02-24 04:14:27+00:00,91,False,0.7517454624176025,sentence-transformers/all-mpnet-base-v2,exploratory_only,True,False
2026173183083331701,BOX,False,,13,partial,True,0.0493085415237148,0.004998047747598,0.0,0.0023659974273463,0.00134124926425,472.0,0.0040409491025227,1.962387149359108,92.16101694915254,True,914061,2026-02-24 05:51:45+00:00,197,False,0.3026539087295532,sentence-transformers/all-mpnet-base-v2,confirmatory,True,True
2026262832204145035,MSFT,False,,15,complete,True,0.008911700860928,0.0022424373321114,0.0,0.0009394249546098,0.0004120387512163,14653.0,0.0014739637379442,3.162353962231083,98.70333720057326,True,20571756,2026-02-24 11:47:59+00:00,116,False,0.5353272557258606,sentence-transformers/all-mpnet-base-v2,null_baseline,True,False
2026305871001813206,MSFT,False,,15,complete,True,-0.0036779584157499,0.0015663919983931,0.0,0.0009394249546098,0.0004120387512163,14653.0,0.0014739637379442,1.5216215512073368,92.22684774448918,True,20571756,2026-02-24 14:39:01+00:00,117,False,0.4146064519882202,sentence-transformers/all-mpnet-base-v2,null_baseline,True,False
2026407065602896040,CRM,False,,15,complete,True,-0.0083531987530572,0.0025080885254836,0.0,0.0016535633785195,0.0007536210791284,7739.0,0.0026949740567718,1.1338923109107777,86.84584571650083,False,22330739,2026-02-24 21:21:07+00:00,198,False,0.277668833732605,sentence-transformers/all-mpnet-base-v2,confirmatory,True,True
2026426391533895962,BOX,False,,12,partial,True,-0.0198974287091653,0.0034483970102815,0.0,0.0023659974273463,0.00134124926425,472.0,0.0040409491025227,0.8070085194346345,82.83898305084746,False,914061,2026-02-24 22:37:55+00:00,197,False,0.3130869269371032,sentence-transformers/all-mpnet-base-v2,confirmatory,True,True
2026436165440778404,HOOD,False,,15,complete,True,0.0137131311649492,0.0035302092848468,0.0,0.0029116442658918,0.0011964742156813,12565.0,0.0044324270052405,0.5169898447019725,76.82451253481895,False,605700792,2026-02-24 23:16:45+00:00,238,False,0.4546012282371521,sentence-transformers/all-mpnet-base-v2,confirmatory,True,True
2026452080311824868,HOOD,False,,15,complete,True,0.0137131311649492,0.0035302092848468,0.0,0.0029116442658918,0.0011964742156813,12565.0,0.0044324270052405,0.5169898447019725,76.82451253481895,False,605700792,2026-02-25 00:20:00+00:00,239,False,0.6203498840332031,sentence-transformers/all-mpnet-base-v2,confirmatory,True,True
2026474911326159072,SHOP,False,,15,complete,True,0.0271719088378428,0.0035195516036328,0.0,0.0022388075140546,0.0010375195416403,8237.0,0.0035029443251395,1.23442888367512,90.16632269029986,True,676573,2026-02-25 01:50:43+00:00,92,False,0.59565269947052,sentence-transformers/all-mpnet-base-v2,exploratory_only,True,False
2026707314380882347,BOX,False,,9,partial,True,-0.0017895688690676,0.0010865719004633,5.0,0.0008476673880137,0.0003763439537565,100.0,0.0012922168242674,0.6348036418946504,83.0,False,914061,2026-02-25 17:14:12+00:00,197,False,0.4770593643188476,sentence-transformers/all-mpnet-base-v2,confirmatory,True,True
2026780435590820200,CRM,True,"earnings(CRM, 2026-02-25 21:00:00+00:00->2026-02-26 21:00:00+00:00)",15,complete,False,0.020510900302606,0.003996476083846,0.0,0.0016535633785195,0.0007536210791284,7739.0,0.0026949740567718,3.1088736371812686,99.04380410905802,True,22330739,2026-02-25 22:04:46+00:00,195,False,0.5792771577835083,sentence-transformers/all-mpnet-base-v2,confirmatory,True,False
2026793469768073459,HOOD,False,,15,complete,True,0.0053844362993318,0.0050210722704527,0.0,0.0029116442658918,0.0011964742156813,12565.0,0.0044324270052405,1.7630367432194107,94.4767210505372,True,605700792,2026-02-25 22:56:33+00:00,239,False,0.4093884229660034,sentence-transformers/all-mpnet-base-v2,confirmatory,True,True
2026801430250795079,CRM,True,"earnings(CRM, 2026-02-25 21:00:00+00:00->2026-02-26 21:00:00+00:00)",15,complete,False,0.020510900302606,0.003996476083846,0.0,0.0016535633785195,0.0007536210791284,7739.0,0.0026949740567718,3.1088736371812686,99.04380410905802,True,22330739,2026-02-25 23:28:11+00:00,196,False,0.6639777421951294,sentence-transformers/all-mpnet-base-v2,confirmatory,True,False
2026801866835964305,CRM,True,"earnings(CRM, 2026-02-25 21:00:00+00:00->2026-02-26 21:00:00+00:00)",15,complete,False,0.020510900302606,0.003996476083846,0.0,0.0016535633785195,0.0007536210791284,7739.0,0.0026949740567718,3.1088736371812686,99.04380410905802,True,22330739,2026-02-25 23:29:55+00:00,197,False,0.46380615234375,sentence-transformers/all-mpnet-base-v2,confirmatory,True,False
2026801939565142521,CRM,True,"earnings(CRM, 2026-02-25 21:00:00+00:00->2026-02-26 21:00:00+00:00)",15,complete,False,0.020510900302606,0.003996476083846,0.0,0.0016535633785195,0.0007536210791284,7739.0,0.0026949740567718,3.1088736371812686,99.04380410905802,True,22330739,2026-02-25 23:30:13+00:00,198,False,0.4855861663818359,sentence-transformers/all-mpnet-base-v2,confirmatory,True,False
2026802020783632872,CRM,True,"earnings(CRM, 2026-02-25 21:00:00+00:00->2026-02-26 21:00:00+00:00)",15,complete,False,0.020510900302606,0.003996476083846,0.0,0.0016535633785195,0.0007536210791284,7739.0,0.0026949740567718,3.1088736371812686,99.04380410905802,True,22330739,2026-02-25 23:30:32+00:00,199,False,0.7524368166923523,sentence-transformers/all-mpnet-base-v2,confirmatory,True,False
2026802112588558597,CRM,True,"earnings(CRM, 2026-02-25 21:00:00+00:00->2026-02-26 21:00:00+00:00)",15,complete,False,0.020510900302606,0.003996476083846,0.0,0.0016535633785195,0.0007536210791284,7739.0,0.0026949740567718,3.1088736371812686,99.04380410905802,True,22330739,2026-02-25 23:30:54+00:00,200,False,0.5579626560211182,sentence-transformers/all-mpnet-base-v2,confirmatory,True,False
2026802311948013804,CRM,True,"earnings(CRM, 2026-02-25 21:00:00+00:00->2026-02-26 21:00:00+00:00)",15,complete,False,0.020510900302606,0.003996476083846,0.0,0.0016535633785195,0.0007536210791284,7739.0,0.0026949740567718,3.1088736371812686,99.04380410905802,True,22330739,2026-02-25 23:31:41+00:00,201,False,0.3335645198822021,sentence-transformers/all-mpnet-base-v2,confirmatory,True,False
2026803953342755116,CRM,True,"earnings(CRM, 2026-02-25 21:00:00+00:00->2026-02-26 21:00:00+00:00)",15,complete,False,0.020510900302606,0.003996476083846,0.0,0.0016535633785195,0.0007536210791284,7739.0,0.0026949740567718,3.1088736371812686,99.04380410905802,True,22330739,2026-02-25 23:38:13+00:00,202,False,0.4072129130363464,sentence-transformers/all-mpnet-base-v2,confirmatory,True,False
2026855402990629132,BOX,False,,10,partial,True,0.0154591474891795,0.0065719754956932,0.0,0.0023659974273463,0.00134124926425,472.0,0.0040409491025227,3.135866076838901,98.30508474576273,True,914061,2026-02-26 03:02:39+00:00,197,False,0.5438786149024963,sentence-transformers/all-mpnet-base-v2,confirmatory,True,True
2026863715736281537,SHOP,False,,15,complete,True,0.0380957603250526,0.003626410721592,0.0,0.0022388075140546,0.0010375195416403,8237.0,0.0035029443251395,1.3374236839371874,91.38035692606532,True,676573,2026-02-26 03:35:41+00:00,93,False,0.559562087059021,sentence-transformers/all-mpnet-base-v2,exploratory_only,True,False
2026885050411745491,BOX,False,,10,partial,True,0.0154591474891795,0.0065719754956932,0.0,0.0023659974273463,0.00134124926425,472.0,0.0040409491025227,3.135866076838901,98.30508474576273,True,914061,2026-02-26 05:00:28+00:00,198,False,0.6822487115859985,sentence-transformers/all-mpnet-base-v2,confirmatory,True,True
2027069956152586399,CRM,True,"earnings(CRM, 2026-02-25 21:00:00+00:00->2026-02-26 21:00:00+00:00)",14,partial,False,0.0015421065650331,0.0008835410283265,5.0,0.0007515391559441,0.0003413825025699,2933.0,0.0011898969629487,0.3866685357000731,71.18990794408455,False,22330739,2026-02-26 17:15:13+00:00,203,False,0.6911099553108215,sentence-transformers/all-mpnet-base-v2,confirmatory,True,False
2027104931253997713,CRM,True,"earnings(CRM, 2026-02-25 21:00:00+00:00->2026-02-26 21:00:00+00:00)",15,complete,False,0.0035645035463198,0.0010413497457295,10.0,0.0006410824724233,0.000325872857022,3605.0,0.0010032330003726,1.2282927671975583,91.28987517337032,True,22330739,2026-02-26 19:34:12+00:00,204,False,0.4152846336364746,sentence-transformers/all-mpnet-base-v2,confirmatory,True,False
2027140612965687692,CRM,False,,15,complete,True,-0.0343334187294179,0.0022903799670374,0.0,0.0016535633785195,0.0007536210791284,7739.0,0.0026949740567718,0.84500899212413,81.59968988241376,False,22330739,2026-02-26 21:55:59+00:00,205,False,0.4986032843589782,sentence-transformers/all-mpnet-base-v2,confirmatory,True,True
2027474021910995106,BOX,False,,10,partial,True,-0.0026926960619317,0.0005257973295979,11.0,0.0008934168611414,0.0005987207556726,755.0,0.0013152033478981,-0.6140083303617354,20.397350993377483,False,914061,2026-02-27 20:00:50+00:00,197,False,0.1698216795921325,sentence-transformers/all-mpnet-base-v2,confirmatory,True,True
2027487301232689590,SHOP,False,,6,insufficient,False,0.0044189013341116,0.0012951500422952,12.0,0.0009352907168921,0.0004771495814668,6952.0,0.0014380990916787,0.7541855623071154,85.11219792865361,False,676573,2026-02-27 20:53:36+00:00,94,False,0.5824358463287354,sentence-transformers/all-mpnet-base-v2,exploratory_only,True,False
2027500955538010371,HOOD,False,,1,insufficient,False,,,14.0,,,,,,,False,605700792,2026-02-27 21:47:51+00:00,238,False,0.4976049661636352,sentence-transformers/all-mpnet-base-v2,confirmatory,True,False
2027544515100254411,BOX,False,,11,partial,True,0.021731452072494,0.006066742585207,0.0,0.0023659974273463,0.00134124926425,472.0,0.0040409491025227,2.75917777291749,97.03389830508476,True,914061,2026-02-28 00:40:57+00:00,197,False,0.3413813710212707,sentence-transformers/all-mpnet-base-v2,confirmatory,True,True
2027720729182032171,SHOP,False,,15,complete,True,-0.0069304275843123,0.0060435858312587,0.0,0.0022388075140546,0.0010375195416403,8237.0,0.0035029443251395,3.66718713672474,99.07733398081828,True,676573,2026-02-28 12:21:09+00:00,95,False,0.5647342205047607,sentence-transformers/all-mpnet-base-v2,exploratory_only,True,False
2027802815046029745,HOOD,False,,15,complete,True,0.0071897553979625,0.0059202287237014,0.0,0.0029116442658918,0.0011964742156813,12565.0,0.0044324270052405,2.514541824953827,97.50099482690013,True,605700792,2026-02-28 17:47:20+00:00,239,False,0.5421748161315918,sentence-transformers/all-mpnet-base-v2,confirmatory,True,True
2027802817013158000,HOOD,False,,15,complete,True,0.0071897553979625,0.0059202287237014,0.0,0.0029116442658918,0.0011964742156813,12565.0,0.0044324270052405,2.514541824953827,97.50099482690013,True,605700792,2026-02-28 17:47:20+00:00,239,False,0.6379734873771667,sentence-transformers/all-mpnet-base-v2,confirmatory,True,True
2027859447096246305,SHOP,False,,15,complete,True,-0.0069304275843123,0.0060435858312587,0.0,0.0022388075140546,0.0010375195416403,8237.0,0.0035029443251395,3.66718713672474,99.07733398081828,True,676573,2026-02-28 21:32:22+00:00,96,False,0.594954252243042,sentence-transformers/all-mpnet-base-v2,exploratory_only,True,False
2027865126527721935,SHOP,False,,15,complete,True,-0.0069304275843123,0.0060435858312587,0.0,0.0022388075140546,0.0010375195416403,8237.0,0.0035029443251395,3.66718713672474,99.07733398081828,True,676573,2026-02-28 21:54:56+00:00,97,False,0.567315399646759,sentence-transformers/all-mpnet-base-v2,exploratory_only,True,False
2027869518584852940,SHOP,False,,15,complete,True,-0.0069304275843123,0.0060435858312587,0.0,0.0022388075140546,0.0010375195416403,8237.0,0.0035029443251395,3.66718713672474,99.07733398081828,True,676573,2026-02-28 22:12:23+00:00,98,False,0.5627443790435791,sentence-transformers/all-mpnet-base-v2,exploratory_only,True,False
2027879000215806060,SHOP,False,,15,complete,True,-0.0069304275843123,0.0060435858312587,0.0,0.0022388075140546,0.0010375195416403,8237.0,0.0035029443251395,3.66718713672474,99.07733398081828,True,676573,2026-02-28 22:50:04+00:00,99,False,0.5516340732574463,sentence-transformers/all-mpnet-base-v2,exploratory_only,True,False
2027884295268991104,BOX,False,,11,partial,True,0.021731452072494,0.006066742585207,0.0,0.0023659974273463,0.00134124926425,472.0,0.0040409491025227,2.75917777291749,97.03389830508476,True,914061,2026-02-28 23:11:06+00:00,195,False,0.2979579567909241,sentence-transformers/all-mpnet-base-v2,confirmatory,True,True
2027893294211186945,HOOD,False,,15,complete,True,0.0071897553979625,0.0059202287237014,0.0,0.0029116442658918,0.0011964742156813,12565.0,0.0044324270052405,2.514541824953827,97.50099482690013,True,605700792,2026-02-28 23:46:52+00:00,241,False,0.6438738703727722,sentence-transformers/all-mpnet-base-v2,confirmatory,True,True
2027938039549349902,SHOP,False,,15,complete,True,-0.0069304275843123,0.0060435858312587,0.0,0.0022388075140546,0.0010375195416403,8237.0,0.0035029443251395,3.66718713672474,99.07733398081828,True,676573,2026-03-01 02:44:40+00:00,100,False,0.7592775821685791,sentence-transformers/all-mpnet-base-v2,exploratory_only,True,False
2028246696497451365,SHOP,False,,15,complete,True,-0.0069304275843123,0.0060435858312587,0.0,0.0022388075140546,0.0010375195416403,8237.0,0.0035029443251395,3.66718713672474,99.07733398081828,True,676573,2026-03-01 23:11:10+00:00,101,False,0.7084909677505493,sentence-transformers/all-mpnet-base-v2,exploratory_only,True,False
2028268614848303451,BOX,False,,11,partial,True,0.021731452072494,0.006066742585207,0.0,0.0023659974273463,0.00134124926425,472.0,0.0040409491025227,2.75917777291749,97.03389830508476,True,914061,2026-03-02 00:38:15+00:00,195,False,0.1972976922988891,sentence-transformers/all-mpnet-base-v2,confirmatory,True,True
2028372759554769028,QCOM,False,,15,complete,True,-0.0246730330523337,0.0023321929359849,0.0,0.0017823192627403,0.0010698256208132,8499.0,0.0032347960452871,0.5139843938553673,77.80915401811977,False,234930762,2026-03-02 07:32:05+00:00,84,False,0.384532630443573,sentence-transformers/all-mpnet-base-v2,confirmatory,True,True
2028580097700057404,SHOP,False,,13,partial,True,-0.0234265287339756,0.0031011332296464,0.0,0.0022388075140546,0.0010375195416403,8237.0,0.0035029443251395,0.8311416614172492,84.77601068350128,False,676573,2026-03-02 21:15:59+00:00,102,False,0.492910623550415,sentence-transformers/all-mpnet-base-v2,exploratory_only,True,False
2028711992320835686,BOX,False,,13,partial,True,0.0221721817264269,0.0030248475236348,0.0,0.0023659974273463,0.00134124926425,472.0,0.0040409491025227,0.4912212173006743,78.60169491525424,False,914061,2026-03-03 06:00:05+00:00,194,False,0.3842185735702514,sentence-transformers/all-mpnet-base-v2,confirmatory,True,True
2028724190526779433,QCOM,False,,15,complete,True,-0.0015786070395351,0.0020561593476752,0.0,0.0017823192627403,0.0010698256208132,8499.0,0.0032347960452871,0.2559670282777253,72.94975879515238,False,234930762,2026-03-03 06:48:33+00:00,85,False,0.5925359129905701,sentence-transformers/all-mpnet-base-v2,confirmatory,True,True
2028727071665684576,QCOM,False,,15,complete,True,-0.0015786070395351,0.0020561593476752,0.0,0.0017823192627403,0.0010698256208132,8499.0,0.0032347960452871,0.2559670282777253,72.94975879515238,False,234930762,2026-03-03 07:00:00+00:00,86,False,0.3560086488723755,sentence-transformers/all-mpnet-base-v2,confirmatory,True,True
2028790035038801927,QCOM,False,,15,complete,True,-0.0015786070395351,0.0020561593476752,0.0,0.0017823192627403,0.0010698256208132,8499.0,0.0032347960452871,0.2559670282777253,72.94975879515238,False,234930762,2026-03-03 11:10:12+00:00,87,False,0.4045470952987671,sentence-transformers/all-mpnet-base-v2,confirmatory,True,True
2028795945761005667,QCOM,False,,15,complete,True,-0.0015786070395351,0.0020561593476752,0.0,0.0017823192627403,0.0010698256208132,8499.0,0.0032347960452871,0.2559670282777253,72.94975879515238,False,234930762,2026-03-03 11:33:41+00:00,88,False,0.2914847731590271,sentence-transformers/all-mpnet-base-v2,confirmatory,True,True
2028923616755368182,MSFT,False,,15,complete,True,-8.270366451768041e-05,0.0005975731837499,11.0,0.0004038797262934,0.0002294343287601,11546.0,0.0006587422095737,0.8442217801636152,86.44552225879092,False,20571756,2026-03-03 20:01:00+00:00,113,False,0.5948922038078308,sentence-transformers/all-mpnet-base-v2,null_baseline,True,False
2028980936683946018,HOOD,False,,15,complete,True,0.0566535482051071,0.0031780639278634,0.0,0.0029116442658918,0.0011964742156813,12565.0,0.0044324270052405,0.2226706254759441,68.03024273776363,False,605700792,2026-03-03 23:48:46+00:00,242,False,0.5642813444137573,sentence-transformers/all-mpnet-base-v2,confirmatory,True,True
2028980939380998628,HOOD,False,,15,complete,True,0.0566535482051071,0.0031780639278634,0.0,0.0029116442658918,0.0011964742156813,12565.0,0.0044324270052405,0.2226706254759441,68.03024273776363,False,605700792,2026-03-03 23:48:47+00:00,243,False,0.6267982125282288,sentence-transformers/all-mpnet-base-v2,confirmatory,True,True
2028981421902066103,HOOD,False,,15,complete,True,0.0566535482051071,0.0031780639278634,0.0,0.0029116442658918,0.0011964742156813,12565.0,0.0044324270052405,0.2226706254759441,68.03024273776363,False,605700792,2026-03-03 23:50:42+00:00,244,False,0.5792187452316284,sentence-transformers/all-mpnet-base-v2,confirmatory,True,True
2028987147005640944,BOX,True,"earnings(BOX, 2026-03-03 21:00:00+00:00->2026-03-04 21:00:00+00:00)",14,partial,False,0.0602619432685695,0.0054346875630414,0.0,0.0023659974273463,0.00134124926425,472.0,0.0040409491025227,2.2879342546450245,93.00847457627118,True,914061,2026-03-04 00:13:27+00:00,195,False,0.3974586725234985,sentence-transformers/all-mpnet-base-v2,confirmatory,True,False
2029166475148161359,QCOM,False,,15,complete,True,-0.0001046389091212,0.0028236147016621,0.0,0.0017823192627403,0.0010698256208132,8499.0,0.0032347960452871,0.9733319324790436,85.42181433109778,False,234930762,2026-03-04 12:06:02+00:00,89,False,0.2996973395347595,sentence-transformers/all-mpnet-base-v2,confirmatory,True,True
2029196693452014009,MSFT,False,,15,complete,True,-0.0013523143597615,0.0018677696364618,0.0,0.0009394249546098,0.0004120387512163,14653.0,0.0014739637379442,2.2530518770664245,96.90165836347504,True,20571756,2026-03-04 14:06:07+00:00,114,False,0.4894081354141235,sentence-transformers/all-mpnet-base-v2,null_baseline,True,False
2029196695008100434,MSFT,False,,15,complete,True,-0.0013523143597615,0.0018677696364618,0.0,0.0009394249546098,0.0004120387512163,14653.0,0.0014739637379442,2.2530518770664245,96.90165836347504,True,20571756,2026-03-04 14:06:07+00:00,114,False,0.6111827492713928,sentence-transformers/all-mpnet-base-v2,null_baseline,True,False
2029196696887148841,MSFT,False,,15,complete,True,-0.0013523143597615,0.0018677696364618,0.0,0.0009394249546098,0.0004120387512163,14653.0,0.0014739637379442,2.2530518770664245,96.90165836347504,True,20571756,2026-03-04 14:06:07+00:00,114,False,0.6305252909660339,sentence-transformers/all-mpnet-base-v2,null_baseline,True,False
2029196698745225320,MSFT,False,,15,complete,True,-0.0013523143597615,0.0018677696364618,0.0,0.0009394249546098,0.0004120387512163,14653.0,0.0014739637379442,2.2530518770664245,96.90165836347504,True,20571756,2026-03-04 14:06:08+00:00,117,False,0.5830067992210388,sentence-transformers/all-mpnet-base-v2,null_baseline,True,False
2029300753496416329,HOOD,False,,15,complete,True,0.0186978247730817,0.0037778684186796,0.0,0.0029116442658918,0.0011964742156813,12565.0,0.0044324270052405,0.7239806269410586,81.42459212097096,False,605700792,2026-03-04 20:59:36+00:00,245,False,0.6350034475326538,sentence-transformers/all-mpnet-base-v2,confirmatory,True,True
2029301551089570222,HOOD,False,,15,complete,True,0.0186978247730817,0.0037778684186796,0.0,0.0029116442658918,0.0011964742156813,12565.0,0.0044324270052405,0.7239806269410586,81.42459212097096,False,605700792,2026-03-04 21:02:47+00:00,246,False,0.5875476002693176,sentence-transformers/all-mpnet-base-v2,confirmatory,True,True
2029353701425774882,HOOD,False,,15,complete,True,0.0186978247730817,0.0037778684186796,0.0,0.0029116442658918,0.0011964742156813,12565.0,0.0044324270052405,0.7239806269410586,81.42459212097096,False,605700792,2026-03-05 00:30:00+00:00,245,False,0.6797080039978027,sentence-transformers/all-mpnet-base-v2,confirmatory,True,True
2029358591275335912,BOX,False,,12,partial,True,-0.0127317651801416,0.0035276115169079,0.0,0.0023659974273463,0.00134124926425,472.0,0.0040409491025227,0.8660687618055246,84.32203389830508,False,914061,2026-03-05 00:49:26+00:00,194,False,0.2217317819595337,sentence-transformers/all-mpnet-base-v2,confirmatory,True,True
2029412625746968714,HOOD,False,,15,complete,True,0.0186978247730817,0.0037778684186796,0.0,0.0029116442658918,0.0011964742156813,12565.0,0.0044324270052405,0.7239806269410586,81.42459212097096,False,605700792,2026-03-05 04:24:09+00:00,246,False,0.5710198879241943,sentence-transformers/all-mpnet-base-v2,confirmatory,True,True
2029412774808568237,HOOD,False,,15,complete,True,0.0186978247730817,0.0037778684186796,0.0,0.0029116442658918,0.0011964742156813,12565.0,0.0044324270052405,0.7239806269410586,81.42459212097096,False,605700792,2026-03-05 04:24:44+00:00,247,False,0.4661308526992798,sentence-transformers/all-mpnet-base-v2,confirmatory,True,True
2029602337698820337,QCOM,False,,13,partial,True,0.0041442442296713,0.000938518942921,4.0,0.0009588256463958,0.0006455232522669,5120.0,0.0016981298558523,-0.0314577413028585,64.62890625,False,234930762,2026-03-05 16:58:00+00:00,89,False,0.2677005529403686,sentence-transformers/all-mpnet-base-v2,confirmatory,True,True
2029623352844054549,MSFT,False,,15,complete,True,-0.001981664840524,0.0006039671877671,7.0,0.0004485307556491,0.0004097469845394,8216.0,0.0006639670621169,0.3793473484439624,85.13875365141188,False,20571756,2026-03-05 18:21:30+00:00,118,False,0.3648823499679565,sentence-transformers/all-mpnet-base-v2,null_baseline,True,False
2029658336065716498,BOX,False,,12,partial,True,0.0009015157832306,0.0014882306101257,12.0,0.0008875319452804,0.000413202305816,1815.0,0.0013487540138926,1.4537640676009185,94.15977961432506,True,914061,2026-03-05 20:40:31+00:00,193,False,0.3443934917449951,sentence-transformers/all-mpnet-base-v2,confirmatory,True,True
2029694316218622104,HOOD,True,"jobs_report(ALL, 2026-03-06 13:30:00+00:00->2026-03-06 21:00:00+00:00)",15,complete,False,-0.0224816858383869,0.0033859586944583,0.0,0.0029116442658918,0.0011964742156813,12565.0,0.0044324270052405,0.3964267865950919,73.71269399124553,False,605700792,2026-03-05 23:03:29+00:00,248,False,0.6528974771499634,sentence-transformers/all-mpnet-base-v2,confirmatory,True,False
2029698309233774624,HOOD,True,"jobs_report(ALL, 2026-03-06 13:30:00+00:00->2026-03-06 21:00:00+00:00)",15,complete,False,-0.0224816858383869,0.0033859586944583,0.0,0.0029116442658918,0.0011964742156813,12565.0,0.0044324270052405,0.3964267865950919,73.71269399124553,False,605700792,2026-03-05 23:19:21+00:00,249,False,0.4672558307647705,sentence-transformers/all-mpnet-base-v2,confirmatory,True,False
2029777072953167910,BOX,True,"jobs_report(ALL, 2026-03-06 13:30:00+00:00->2026-03-06 21:00:00+00:00)",13,partial,False,0.0094430080666747,0.004133283202214,0.0,0.0023659974273463,0.00134124926425,472.0,0.0040409491025227,1.3176415614705714,90.2542372881356,True,914061,2026-03-06 04:32:20+00:00,193,False,0.6744371652603149,sentence-transformers/all-mpnet-base-v2,confirmatory,True,False
2029905335129882817,HOOD,True,"jobs_report(ALL, 2026-03-06 13:30:00+00:00->2026-03-06 21:00:00+00:00)",15,complete,False,-0.0224816858383869,0.0033859586944583,0.0,0.0029116442658918,0.0011964742156813,12565.0,0.0044324270052405,0.3964267865950919,73.71269399124553,False,605700792,2026-03-06 13:02:00+00:00,250,False,0.660500705242157,sentence-transformers/all-mpnet-base-v2,confirmatory,True,False
2029913136019673545,HOOD,True,"jobs_report(ALL, 2026-03-06 13:30:00+00:00->2026-03-06 21:00:00+00:00)",15,complete,False,-0.0224816858383869,0.0033859586944583,0.0,0.0029116442658918,0.0011964742156813,12565.0,0.0044324270052405,0.3964267865950919,73.71269399124553,False,605700792,2026-03-06 13:33:00+00:00,251,False,0.4461461305618286,sentence-transformers/all-mpnet-base-v2,confirmatory,True,False
2029946098337345800,HOOD,True,"jobs_report(ALL, 2026-03-06 13:30:00+00:00->2026-03-06 21:00:00+00:00)",15,complete,False,-0.0019046108183686,0.0030938760456429,2.0,0.0017976262622637,0.0007520228178971,12117.0,0.0026688411880296,1.7236841124100293,94.88322191961709,True,605700792,2026-03-06 15:43:59+00:00,252,False,0.5638649463653564,sentence-transformers/all-mpnet-base-v2,confirmatory,True,False
2030049511398330663,BOX,False,,15,complete,True,-0.0093851579964889,0.0029571681381387,0.0,0.0023659974273463,0.00134124926425,472.0,0.0040409491025227,0.4407612563522302,77.54237288135593,False,914061,2026-03-06 22:34:54+00:00,194,False,0.1396748423576355,sentence-transformers/all-mpnet-base-v2,confirmatory,True,True
2030344039757934833,BOX,False,,15,complete,True,-0.0093851579964889,0.0029571681381387,0.0,0.0023659974273463,0.00134124926425,472.0,0.0040409491025227,0.4407612563522302,77.54237288135593,False,914061,2026-03-07 18:05:15+00:00,193,False,0.4668000936508178,sentence-transformers/all-mpnet-base-v2,confirmatory,True,True
2030449390188380186,SHOP,False,,15,complete,True,0.0144169603361544,0.0055079858395316,0.0,0.0022388075140546,0.0010375195416403,8237.0,0.0035029443251395,3.1509559042215955,98.72526405244628,True,676573,2026-03-08 01:03:53+00:00,103,False,0.6093997955322266,sentence-transformers/all-mpnet-base-v2,exploratory_only,True,False
2030461620690821586,SHOP,False,,15,complete,True,0.0144169603361544,0.0055079858395316,0.0,0.0022388075140546,0.0010375195416403,8237.0,0.0035029443251395,3.1509559042215955,98.72526405244628,True,676573,2026-03-08 01:52:29+00:00,104,False,0.5305517911911011,sentence-transformers/all-mpnet-base-v2,exploratory_only,True,False
2030461622574006467,SHOP,False,,15,complete,True,0.0144169603361544,0.0055079858395316,0.0,0.0022388075140546,0.0010375195416403,8237.0,0.0035029443251395,3.1509559042215955,98.72526405244628,True,676573,2026-03-08 01:52:29+00:00,104,False,0.7828105688095093,sentence-transformers/all-mpnet-base-v2,exploratory_only,True,False
2030696738550596063,MSFT,False,,15,complete,True,0.0025507045702372,0.0011038470116281,0.0,0.0009394249546098,0.0004120387512163,14653.0,0.0014739637379442,0.3990451299371974,73.58902613799222,False,20571756,2026-03-08 17:26:45+00:00,118,False,0.7984539270401001,sentence-transformers/all-mpnet-base-v2,null_baseline,True,False
2030714592238956960,BOX,False,,15,complete,True,-0.0093851579964889,0.0029571681381387,0.0,0.0023659974273463,0.00134124926425,472.0,0.0040409491025227,0.4407612563522302,77.54237288135593,False,914061,2026-03-08 18:37:42+00:00,192,False,0.890592098236084,sentence-transformers/all-mpnet-base-v2,confirmatory,True,True
2030753154011128122,SHOP,False,,15,complete,True,0.0144169603361544,0.0055079858395316,0.0,0.0022388075140546,0.0010375195416403,8237.0,0.0035029443251395,3.1509559042215955,98.72526405244628,True,676573,2026-03-08 21:10:56+00:00,106,False,0.6440171599388123,sentence-transformers/all-mpnet-base-v2,exploratory_only,True,False
2030771823151853938,SHOP,False,,15,complete,True,0.0144169603361544,0.0055079858395316,0.0,0.0022388075140546,0.0010375195416403,8237.0,0.0035029443251395,3.1509559042215955,98.72526405244628,True,676573,2026-03-08 22:25:07+00:00,107,False,0.6310698986053467,sentence-transformers/all-mpnet-base-v2,exploratory_only,True,False
2030816002854838685,SHOP,False,,15,complete,True,0.0144169603361544,0.0055079858395316,0.0,0.0022388075140546,0.0010375195416403,8237.0,0.0035029443251395,3.1509559042215955,98.72526405244628,True,676573,2026-03-09 01:20:40+00:00,108,False,0.5739759802818298,sentence-transformers/all-mpnet-base-v2,exploratory_only,True,False
2030820345062752546,CRM,False,,15,complete,True,-0.0007271044262482,0.0029306016818583,0.0,0.0016535633785195,0.0007536210791284,7739.0,0.0026949740567718,1.6945363375659406,93.07404057371753,True,22330739,2026-03-09 01:37:55+00:00,200,False,0.3739502429962158,sentence-transformers/all-mpnet-base-v2,confirmatory,True,True
2030824452767003070,HOOD,False,,15,complete,True,0.0124283498182509,0.0028130357519549,0.0,0.0029116442658918,0.0011964742156813,12565.0,0.0044324270052405,-0.0824159122232494,55.87743732590529,False,605700792,2026-03-09 01:54:15+00:00,250,False,0.6434003114700317,sentence-transformers/all-mpnet-base-v2,confirmatory,True,True
2030835715089514970,HOOD,False,,15,complete,True,0.0124283498182509,0.0028130357519549,0.0,0.0029116442658918,0.0011964742156813,12565.0,0.0044324270052405,-0.0824159122232494,55.87743732590529,False,605700792,2026-03-09 02:39:00+00:00,251,False,0.3653827309608459,sentence-transformers/all-mpnet-base-v2,confirmatory,True,True
2030992877665583440,MSFT,False,,15,complete,True,0.0025507045702372,0.0011038470116281,0.0,0.0009394249546098,0.0004120387512163,14653.0,0.0014739637379442,0.3990451299371974,73.58902613799222,False,20571756,2026-03-09 13:03:30+00:00,119,False,0.3650029897689819,sentence-transformers/all-mpnet-base-v2,null_baseline,True,False
2030992879548789074,MSFT,False,,15,complete,True,0.0025507045702372,0.0011038470116281,0.0,0.0009394249546098,0.0004120387512163,14653.0,0.0014739637379442,0.3990451299371974,73.58902613799222,False,20571756,2026-03-09 13:03:31+00:00,120,False,0.6025924682617188,sentence-transformers/all-mpnet-base-v2,null_baseline,True,False
2031058192650674194,SHOP,False,,11,partial,True,-0.0032344073476173,0.0006607809661745,7.0,0.0010934705418116,0.0009355395420648,3480.0,0.0017133619577662,-0.4625027122660985,23.70689655172414,False,676573,2026-03-09 17:23:03+00:00,109,False,0.6164903044700623,sentence-transformers/all-mpnet-base-v2,exploratory_only,True,False
2031106624094613938,HOOD,False,,15,complete,True,-0.0077359129629892,0.0028350621328417,0.0,0.0029116442658918,0.0011964742156813,12565.0,0.0044324270052405,-0.0640065051518989,56.983684838838045,False,605700792,2026-03-09 20:35:29+00:00,252,False,0.6164073944091797,sentence-transformers/all-mpnet-base-v2,confirmatory,True,True
2031123236184825905,SHOP,False,,15,complete,True,-0.0219872838692244,0.0027454756790203,0.0,0.0022388075140546,0.0010375195416403,8237.0,0.0035029443251395,0.4883456596535183,76.93334952045647,False,676573,2026-03-09 21:41:30+00:00,110,False,0.8771467804908752,sentence-transformers/all-mpnet-base-v2,exploratory_only,True,False
2031447767802065216,CRM,False,,15,complete,True,0.0028020481899483,0.000776418130453,11.0,0.0005943274251067,0.0003034552892092,6130.0,0.000933667306711,0.600057773983036,81.33768352365416,False,22330739,2026-03-10 19:11:04+00:00,201,False,0.244186520576477,sentence-transformers/all-mpnet-base-v2,confirmatory,True,True
2031479027316179341,SHOP,True,"cpi(ALL, 2026-03-11 12:30:00+00:00->2026-03-11 20:00:00+00:00)",15,complete,False,0.0204509596593693,0.003741534225704,0.0,0.0022388075140546,0.0010375195416403,8237.0,0.0035029443251395,1.4483840075662815,92.4244263688236,True,676573,2026-03-10 21:15:17+00:00,111,False,0.7238629460334778,sentence-transformers/all-mpnet-base-v2,exploratory_only,True,False
2031479029249806840,SHOP,True,"cpi(ALL, 2026-03-11 12:30:00+00:00->2026-03-11 20:00:00+00:00)",15,complete,False,0.0204509596593693,0.003741534225704,0.0,0.0022388075140546,0.0010375195416403,8237.0,0.0035029443251395,1.4483840075662815,92.4244263688236,True,676573,2026-03-10 21:15:18+00:00,112,False,0.5513427257537842,sentence-transformers/all-mpnet-base-v2,exploratory_only,True,False
2031503194384413175,HOOD,True,"cpi(ALL, 2026-03-11 12:30:00+00:00->2026-03-11 20:00:00+00:00)",15,complete,False,-0.0018568892449269,0.0033377581340144,0.0,0.0029116442658918,0.0011964742156813,12565.0,0.0044324270052405,0.3561412879088823,72.28014325507361,False,605700792,2026-03-10 22:51:19+00:00,250,False,0.6716541647911072,sentence-transformers/all-mpnet-base-v2,confirmatory,True,False
2031536615529570583,SHOP,True,"cpi(ALL, 2026-03-11 12:30:00+00:00->2026-03-11 20:00:00+00:00)",15,complete,False,0.0204509596593693,0.003741534225704,0.0,0.0022388075140546,0.0010375195416403,8237.0,0.0035029443251395,1.4483840075662815,92.4244263688236,True,676573,2026-03-11 01:04:07+00:00,113,False,0.894223153591156,sentence-transformers/all-mpnet-base-v2,exploratory_only,True,False
2031575412967616632,BOX,True,"cpi(ALL, 2026-03-11 12:30:00+00:00->2026-03-11 20:00:00+00:00)",8,partial,False,0.0018590611484854,0.0016659383780808,0.0,0.0023659974273463,0.00134124926425,472.0,0.0040409491025227,-0.5219455234198759,37.71186440677966,False,914061,2026-03-11 03:38:17+00:00,190,False,0.3239910006523132,sentence-transformers/all-mpnet-base-v2,confirmatory,True,False
2031580721702416848,HOOD,True,"cpi(ALL, 2026-03-11 12:30:00+00:00->2026-03-11 20:00:00+00:00)",15,complete,False,-0.0018568892449269,0.0033377581340144,0.0,0.0029116442658918,0.0011964742156813,12565.0,0.0044324270052405,0.3561412879088823,72.28014325507361,False,605700792,2026-03-11 03:59:23+00:00,251,False,0.5028609037399292,sentence-transformers/all-mpnet-base-v2,confirmatory,True,False
2031872496186900875,BOX,False,,5,insufficient,False,0.0097942293132613,0.0035239877804358,0.0,0.0023659974273463,0.00134124926425,472.0,0.0040409491025227,0.8633669996732031,84.32203389830508,False,914061,2026-03-11 23:18:48+00:00,191,False,0.2750552892684936,sentence-transformers/all-mpnet-base-v2,confirmatory,True,False
2031874122947707207,HOOD,False,,9,partial,True,-0.0120920296296109,0.002247454966406,,,,,,,,False,605700792,2026-03-11 23:25:15+00:00,252,False,0.4017608165740967,sentence-transformers/all-mpnet-base-v2,confirmatory,True,True
2031889821988200552,SHOP,False,,14,partial,True,0.0149478075855549,0.0035179069355455,0.0,0.0022388075140546,0.0010375195416403,8237.0,0.0035029443251395,1.2328436912798597,90.1541823479422,True,676573,2026-03-12 00:27:38+00:00,114,False,0.6009178757667542,sentence-transformers/all-mpnet-base-v2,exploratory_only,True,False
2031933672337674517,SHOP,False,,14,partial,True,0.0149478075855549,0.0035179069355455,0.0,0.0022388075140546,0.0010375195416403,8237.0,0.0035029443251395,1.2328436912798597,90.1541823479422,True,676573,2026-03-12 03:21:53+00:00,115,False,0.5662937164306641,sentence-transformers/all-mpnet-base-v2,exploratory_only,True,False
2032143283951190098,HOOD,False,,15,complete,True,-0.0043498316667787,0.0010146913916562,7.0,0.0012735096511832,0.0008597830624624,8488.0,0.0019450931125967,-0.3010273996160769,40.45711592836946,False,605700792,2026-03-12 17:14:48+00:00,253,False,0.5223886966705322,sentence-transformers/all-mpnet-base-v2,confirmatory,True,True
2032151165237149718,QCOM,False,,13,partial,True,-0.0043846248225355,0.0007573236152143,8.0,0.0008611830211537,0.0006334579657316,3701.0,0.0014154386593569,-0.1639562710676367,53.76925155363416,False,234930762,2026-03-12 17:46:07+00:00,83,False,0.3790215849876404,sentence-transformers/all-mpnet-base-v2,confirmatory,True,True
2032161195533242422,CRM,False,,13,partial,True,-0.0020148414785623,0.0006555747998278,9.0,0.0006798511763971,0.0004567842657429,3068.0,0.001057582176389,-0.0531462626669437,60.853976531942635,False,22330739,2026-03-12 18:25:59+00:00,200,False,0.4101054072380066,sentence-transformers/all-mpnet-base-v2,confirmatory,True,True
2032200335218131055,MSFT,False,,15,complete,True,-0.0034696609999107,0.000834383875022,0.0,0.0009394249546098,0.0004120387512163,14653.0,0.0014739637379442,-0.2549300988746886,47.70354193680475,False,20571756,2026-03-12 21:01:31+00:00,121,False,0.6132992506027222,sentence-transformers/all-mpnet-base-v2,null_baseline,True,False
2032212531846971413,SHOP,False,,11,partial,True,0.0098119647616647,0.0035424193916195,0.0,0.0022388075140546,0.0010375195416403,8237.0,0.0035029443251395,1.25646970996213,90.3969891950953,True,676573,2026-03-12 21:49:58+00:00,116,False,0.7681930065155029,sentence-transformers/all-mpnet-base-v2,exploratory_only,True,False
2032212535160496637,SHOP,False,,11,partial,True,0.0098119647616647,0.0035424193916195,0.0,0.0022388075140546,0.0010375195416403,8237.0,0.0035029443251395,1.25646970996213,90.3969891950953,True,676573,2026-03-12 21:49:59+00:00,117,False,0.50071120262146,sentence-transformers/all-mpnet-base-v2,exploratory_only,True,False
2032212536716578932,SHOP,False,,11,partial,True,0.0098119647616647,0.0035424193916195,0.0,0.0022388075140546,0.0010375195416403,8237.0,0.0035029443251395,1.25646970996213,90.3969891950953,True,676573,2026-03-12 21:50:00+00:00,118,False,0.7197962999343872,sentence-transformers/all-mpnet-base-v2,exploratory_only,True,False
2032217673593921697,SHOP,False,,11,partial,True,0.0098119647616647,0.0035424193916195,0.0,0.0022388075140546,0.0010375195416403,8237.0,0.0035029443251395,1.25646970996213,90.3969891950953,True,676573,2026-03-12 22:10:24+00:00,119,False,0.785403311252594,sentence-transformers/all-mpnet-base-v2,exploratory_only,True,False
2032329562390970811,BOX,False,,9,partial,True,0.0064589937124925,0.0031962026118562,0.0,0.0023659974273463,0.00134124926425,472.0,0.0040409491025227,0.6189790418815841,80.72033898305084,False,914061,2026-03-13 05:35:01+00:00,190,False,0.3398546576499939,sentence-transformers/all-mpnet-base-v2,confirmatory,True,True
2032493789965676876,SHOP,False,,9,partial,True,-0.0027111949337912,0.0009048779088852,5.0,0.0010928384705565,0.0005862999426027,4158.0,0.0017391895075174,-0.3205877197204954,46.63299663299663,False,676573,2026-03-13 16:27:36+00:00,120,False,0.4578840732574463,sentence-transformers/all-mpnet-base-v2,exploratory_only,True,False
2032515189086761005,MSFT,False,,15,complete,True,0.0025213095693483,0.0005645028111627,8.0,0.0004359674633041,0.0002723261052547,8669.0,0.0006549754573286,0.4719905487516624,83.19298650363363,False,20571756,2026-03-13 17:52:38+00:00,122,False,0.3793774843215942,sentence-transformers/all-mpnet-base-v2,null_baseline,True,False
2032521471634071802,HOOD,False,,15,complete,True,0.0023633881393247,0.001347903187933,9.0,0.0011713599027867,0.0006290243946238,9003.0,0.0018144380786752,0.2806620643891145,74.69732311451737,False,605700792,2026-03-13 18:17:35+00:00,254,False,0.6814508438110352,sentence-transformers/all-mpnet-base-v2,confirmatory,True,True
2032584581699015050,HOOD,False,,1,insufficient,False,0.0148572465546978,,,,,,,,,False,605700792,2026-03-13 22:28:22+00:00,255,False,0.5452853441238403,sentence-transformers/all-mpnet-base-v2,confirmatory,True,False
2032652452395434196,BOX,False,,8,partial,True,-0.008283712687976,0.0009276509348943,0.0,0.0023659974273463,0.00134124926425,472.0,0.0040409491025227,-1.072393126907838,2.754237288135593,False,914061,2026-03-14 02:58:04+00:00,190,False,0.1629866957664489,sentence-transformers/all-mpnet-base-v2,confirmatory,True,True
2032889536066498595,BOX,False,,8,partial,True,-0.008283712687976,0.0009276509348943,0.0,0.0023659974273463,0.00134124926425,472.0,0.0040409491025227,-1.072393126907838,2.754237288135593,False,914061,2026-03-14 18:40:09+00:00,191,False,0.1740800738334655,sentence-transformers/all-mpnet-base-v2,confirmatory,True,True
2032931369752330539,SHOP,False,,13,partial,True,0.005444326486627,0.0024968981561107,0.0,0.0022388075140546,0.0010375195416403,8237.0,0.0035029443251395,0.248757379208558,69.89195095301687,False,676573,2026-03-14 21:26:23+00:00,121,False,0.5625882148742676,sentence-transformers/all-mpnet-base-v2,exploratory_only,True,False
2033187856370557379,MSFT,False,,1,insufficient,False,-0.0043332897904413,,,,,,,,,False,20571756,2026-03-15 14:25:34+00:00,123,False,0.5711444616317749,sentence-transformers/all-mpnet-base-v2,null_baseline,True,False
2033187858522255605,MSFT,False,,1,insufficient,False,-0.0043332897904413,,,,,,,,,False,20571756,2026-03-15 14:25:34+00:00,123,False,0.5958863496780396,sentence-transformers/all-mpnet-base-v2,null_baseline,True,False
2033332698404851860,BOX,False,,8,partial,True,-0.008283712687976,0.0009276509348943,0.0,0.0023659974273463,0.00134124926425,472.0,0.0040409491025227,-1.072393126907838,2.754237288135593,False,914061,2026-03-16 00:01:07+00:00,190,False,0.2899837493896484,sentence-transformers/all-mpnet-base-v2,confirmatory,True,True
2033380989276217383,SHOP,False,,13,partial,True,0.005444326486627,0.0024968981561107,0.0,0.0022388075140546,0.0010375195416403,8237.0,0.0035029443251395,0.248757379208558,69.89195095301687,False,676573,2026-03-16 03:13:00+00:00,122,False,0.4818043708801269,sentence-transformers/all-mpnet-base-v2,exploratory_only,True,False
2033736673197232267,HOOD,False,,15,complete,True,0.015493877505613,0.0028091155369887,0.0,0.0029116442658918,0.0011964742156813,12565.0,0.0044324270052405,-0.0856923848080952,55.6466374850776,False,605700792,2026-03-17 02:46:22+00:00,252,False,0.5935132503509521,sentence-transformers/all-mpnet-base-v2,confirmatory,True,True
2033749314997280850,BOX,False,,11,partial,True,0.0110165618608102,0.0017593331048012,0.0,0.0023659974273463,0.00134124926425,472.0,0.0040409491025227,-0.4523128837534294,43.22033898305085,False,914061,2026-03-17 03:36:36+00:00,188,False,0.7522139549255371,sentence-transformers/all-mpnet-base-v2,confirmatory,True,True
2033784669079277621,HOOD,False,,15,complete,True,0.015493877505613,0.0028091155369887,0.0,0.0029116442658918,0.0011964742156813,12565.0,0.0044324270052405,-0.0856923848080952,55.6466374850776,False,605700792,2026-03-17 05:57:05+00:00,253,False,0.4196370840072632,sentence-transformers/all-mpnet-base-v2,confirmatory,True,True
2033947181389144469,HOOD,False,,13,partial,True,0.0019977775037127,0.0012057399819132,6.0,0.0013312371582174,0.0007325749655066,8487.0,0.0020897515683504,-0.1713096709732073,53.26970661010958,False,605700792,2026-03-17 16:42:51+00:00,254,False,0.4973146915435791,sentence-transformers/all-mpnet-base-v2,confirmatory,True,True
2034018646188822664,CRM,False,,15,complete,True,0.0026403904133682,0.001947751973052,0.0,0.0016535633785195,0.0007536210791284,7739.0,0.0026949740567718,0.3903667276301745,71.57255459361674,False,22330739,2026-03-17 21:26:50+00:00,192,False,0.4207820296287536,sentence-transformers/all-mpnet-base-v2,confirmatory,True,True
2034023235654980049,BOX,False,,7,insufficient,False,-0.0003981294298424,0.0038763605841019,0.0,0.0023659974273463,0.00134124926425,472.0,0.0040409491025227,1.126086848293696,87.92372881355932,False,914061,2026-03-17 21:45:04+00:00,189,False,0.632075309753418,sentence-transformers/all-mpnet-base-v2,confirmatory,True,False
2034032880188592131,HOOD,False,,15,complete,True,-0.0015693788545461,0.0026611205129748,0.0,0.0029116442658918,0.0011964742156813,12565.0,0.0044324270052405,-0.2093849993870044,49.61400716275368,False,605700792,2026-03-17 22:23:23+00:00,250,False,0.5109758973121643,sentence-transformers/all-mpnet-base-v2,confirmatory,True,True
2034072777347539078,SHOP,False,,11,partial,True,0.0071141111606338,0.0036590962754329,0.0,0.0022388075140546,0.0010375195416403,8237.0,0.0035029443251395,1.3689272388381195,91.65958480029136,True,676573,2026-03-18 01:01:56+00:00,123,False,0.6481872200965881,sentence-transformers/all-mpnet-base-v2,exploratory_only,True,False
2034079258121806180,SHOP,False,,11,partial,True,0.0071141111606338,0.0036590962754329,0.0,0.0022388075140546,0.0010375195416403,8237.0,0.0035029443251395,1.3689272388381195,91.65958480029136,True,676573,2026-03-18 01:27:41+00:00,124,False,0.6947288513183594,sentence-transformers/all-mpnet-base-v2,exploratory_only,True,False
2034101337198367068,HOOD,False,,15,complete,True,-0.0015693788545461,0.0026611205129748,0.0,0.0029116442658918,0.0011964742156813,12565.0,0.0044324270052405,-0.2093849993870044,49.61400716275368,False,605700792,2026-03-18 02:55:25+00:00,251,False,0.6671739816665649,sentence-transformers/all-mpnet-base-v2,confirmatory,True,True
2034283304401113453,BOX,False,,9,partial,True,0.0055640072603779,0.0010928321154405,3.0,0.0009537606446885,0.0003292884701768,271.0,0.0014873582929398,0.4223393266009914,75.27675276752768,False,914061,2026-03-18 14:58:29+00:00,189,False,0.2835900783538818,sentence-transformers/all-mpnet-base-v2,confirmatory,True,True
2034346503528210621,HOOD,True,"fomc(ALL, 2026-03-18 18:00:00+00:00->2026-03-18 20:00:00+00:00)",14,partial,False,-0.001230455713462,0.0009989097164071,11.0,0.0011052161091722,0.0005247132447824,10594.0,0.00171155371555,-0.2025990268441748,50.98168774778177,False,605700792,2026-03-18 19:09:37+00:00,252,False,0.5564745664596558,sentence-transformers/all-mpnet-base-v2,confirmatory,True,False
2034359937325822181,HOOD,False,,1,insufficient,False,,,13.0,,,,,,,False,605700792,2026-03-18 20:03:00+00:00,253,False,0.385270357131958,sentence-transformers/all-mpnet-base-v2,confirmatory,True,False
2034484203522261293,BOX,False,,13,partial,True,0.0054431195239055,0.0019175743965712,0.0,0.0023659974273463,0.00134124926425,472.0,0.0040409491025227,-0.3343323591873915,52.96610169491526,False,914061,2026-03-19 04:16:47+00:00,189,False,0.325946569442749,sentence-transformers/all-mpnet-base-v2,confirmatory,True,True
2034486015725834283,SHOP,False,,15,complete,True,0.0097443668985519,0.0037304814051245,0.0,0.0022388075140546,0.0010375195416403,8237.0,0.0035029443251395,1.4377308871807228,92.32730362996236,True,676573,2026-03-19 04:23:59+00:00,125,False,0.5751432180404663,sentence-transformers/all-mpnet-base-v2,exploratory_only,True,False
2034649088684069280,SHOP,False,,10,partial,True,-0.0091197652440511,0.0018346317391385,3.0,0.0012513815345819,0.0006762864429775,5509.0,0.0019573719847042,0.8624307209068323,87.67471410419314,False,676573,2026-03-19 15:11:59+00:00,126,False,0.4939966797828674,sentence-transformers/all-mpnet-base-v2,exploratory_only,True,False
2034682749240713260,MSFT,False,,15,complete,True,0.0002526426988983,0.0003878648601247,7.0,0.0004485307556491,0.0004097469845394,8216.0,0.0006639670621169,-0.1480569664047615,50.535540408958134,False,20571756,2026-03-19 17:25:44+00:00,121,False,0.317306637763977,sentence-transformers/all-mpnet-base-v2,null_baseline,True,False
2034760343772094905,SHOP,False,,13,partial,True,-0.018063850482305,0.002731037148209,0.0,0.0022388075140546,0.0010375195416403,8237.0,0.0035029443251395,0.4744292655694761,76.66626198858808,False,676573,2026-03-19 22:34:04+00:00,127,False,0.6174168586730957,sentence-transformers/all-mpnet-base-v2,exploratory_only,True,False
2034787423880691951,SHOP,False,,13,partial,True,-0.018063850482305,0.002731037148209,0.0,0.0022388075140546,0.0010375195416403,8237.0,0.0035029443251395,0.4744292655694761,76.66626198858808,False,676573,2026-03-20 00:21:41+00:00,128,False,0.5162642002105713,sentence-transformers/all-mpnet-base-v2,exploratory_only,True,False
2034792767357063497,SHOP,False,,13,partial,True,-0.018063850482305,0.002731037148209,0.0,0.0022388075140546,0.0010375195416403,8237.0,0.0035029443251395,0.4744292655694761,76.66626198858808,False,676573,2026-03-20 00:42:55+00:00,129,False,0.5731462240219116,sentence-transformers/all-mpnet-base-v2,exploratory_only,True,False
2034796296842743898,SHOP,False,,13,partial,True,-0.018063850482305,0.002731037148209,0.0,0.0022388075140546,0.0010375195416403,8237.0,0.0035029443251395,0.4744292655694761,76.66626198858808,False,676573,2026-03-20 00:56:56+00:00,130,False,0.7216351628303528,sentence-transformers/all-mpnet-base-v2,exploratory_only,True,False
2034833274506281061,BOX,False,,12,partial,True,0.0307028137020692,0.004148009606471,0.0,0.0023659974273463,0.00134124926425,472.0,0.0040409491025227,1.3286211792415137,90.2542372881356,True,914061,2026-03-20 03:23:52+00:00,190,False,0.2466691136360168,sentence-transformers/all-mpnet-base-v2,confirmatory,True,True
2035098172700467279,HOOD,False,,15,complete,True,0.0026191231127292,0.0021224820604478,0.0,0.0029116442658918,0.0011964742156813,12565.0,0.0044324270052405,-0.6595730982757412,26.040588937524873,False,605700792,2026-03-20 20:56:29+00:00,254,False,0.6085174083709717,sentence-transformers/all-mpnet-base-v2,confirmatory,True,True
2035098174294303207,HOOD,False,,15,complete,True,0.0026191231127292,0.0021224820604478,0.0,0.0029116442658918,0.0011964742156813,12565.0,0.0044324270052405,-0.6595730982757412,26.040588937524873,False,605700792,2026-03-20 20:56:29+00:00,254,False,0.6609671115875244,sentence-transformers/all-mpnet-base-v2,confirmatory,True,True
2035098175661645961,HOOD,False,,15,complete,True,0.0026191231127292,0.0021224820604478,0.0,0.0029116442658918,0.0011964742156813,12565.0,0.0044324270052405,-0.6595730982757412,26.040588937524873,False,605700792,2026-03-20 20:56:30+00:00,256,False,0.7098587155342102,sentence-transformers/all-mpnet-base-v2,confirmatory,True,True
2035098177079304309,HOOD,False,,15,complete,True,0.0026191231127292,0.0021224820604478,0.0,0.0029116442658918,0.0011964742156813,12565.0,0.0044324270052405,-0.6595730982757412,26.040588937524873,False,605700792,2026-03-20 20:56:30+00:00,256,False,0.8033386468887329,sentence-transformers/all-mpnet-base-v2,confirmatory,True,True
2035098178484412802,HOOD,False,,15,complete,True,0.0026191231127292,0.0021224820604478,0.0,0.0029116442658918,0.0011964742156813,12565.0,0.0044324270052405,-0.6595730982757412,26.040588937524873,False,605700792,2026-03-20 20:56:30+00:00,256,False,0.7430276274681091,sentence-transformers/all-mpnet-base-v2,confirmatory,True,True
2035098179876921595,HOOD,False,,15,complete,True,0.0026191231127292,0.0021224820604478,0.0,0.0029116442658918,0.0011964742156813,12565.0,0.0044324270052405,-0.6595730982757412,26.040588937524873,False,605700792,2026-03-20 20:56:31+00:00,259,False,0.7068899869918823,sentence-transformers/all-mpnet-base-v2,confirmatory,True,True
2035098181378482478,HOOD,False,,15,complete,True,0.0026191231127292,0.0021224820604478,0.0,0.0029116442658918,0.0011964742156813,12565.0,0.0044324270052405,-0.6595730982757412,26.040588937524873,False,605700792,2026-03-20 20:56:31+00:00,259,False,0.8366317749023438,sentence-transformers/all-mpnet-base-v2,confirmatory,True,True
2035098183270068713,HOOD,False,,15,complete,True,0.0026191231127292,0.0021224820604478,0.0,0.0029116442658918,0.0011964742156813,12565.0,0.0044324270052405,-0.6595730982757412,26.040588937524873,False,605700792,2026-03-20 20:56:31+00:00,259,False,0.795745849609375,sentence-transformers/all-mpnet-base-v2,confirmatory,True,True
2035098184801034642,HOOD,False,,15,complete,True,0.0026191231127292,0.0021224820604478,0.0,0.0029116442658918,0.0011964742156813,12565.0,0.0044324270052405,-0.6595730982757412,26.040588937524873,False,605700792,2026-03-20 20:56:32+00:00,262,False,0.5887099504470825,sentence-transformers/all-mpnet-base-v2,confirmatory,True,True
2035171720945115469,BOX,False,,10,partial,True,-0.0147439687681292,0.0026113577229228,0.0,0.0023659974273463,0.00134124926425,472.0,0.0040409491025227,0.1829341511055602,70.33898305084746,False,914061,2026-03-21 01:48:44+00:00,189,False,0.2519558668136596,sentence-transformers/all-mpnet-base-v2,confirmatory,True,True
2035451316445512143,SHOP,False,,15,complete,True,0.0222044226980289,0.0029181187826906,0.0,0.0022388075140546,0.0010375195416403,8237.0,0.0035029443251395,0.6547455169489959,80.72113633604468,False,676573,2026-03-21 20:19:45+00:00,131,False,0.6459770202636719,sentence-transformers/all-mpnet-base-v2,exploratory_only,True,False
2035478403995087152,HOOD,False,,15,complete,True,0.0026191231127292,0.0021224820604478,0.0,0.0029116442658918,0.0011964742156813,12565.0,0.0044324270052405,-0.6595730982757412,26.040588937524873,False,605700792,2026-03-21 22:07:23+00:00,263,False,0.5201557278633118,sentence-transformers/all-mpnet-base-v2,confirmatory,True,True
2035762343502836020,BOX,False,,10,partial,True,-0.0147439687681292,0.0026113577229228,0.0,0.0023659974273463,0.00134124926425,472.0,0.0040409491025227,0.1829341511055602,70.33898305084746,False,914061,2026-03-22 16:55:39+00:00,189,False,0.1692128181457519,sentence-transformers/all-mpnet-base-v2,confirmatory,True,True
2035871150841221156,HOOD,False,,15,complete,True,0.0026191231127292,0.0021224820604478,0.0,0.0029116442658918,0.0011964742156813,12565.0,0.0044324270052405,-0.6595730982757412,26.040588937524873,False,605700792,2026-03-23 00:08:01+00:00,264,False,0.6094726324081421,sentence-transformers/all-mpnet-base-v2,confirmatory,True,True
2035873089045909973,HOOD,False,,15,complete,True,0.0026191231127292,0.0021224820604478,0.0,0.0029116442658918,0.0011964742156813,12565.0,0.0044324270052405,-0.6595730982757412,26.040588937524873,False,605700792,2026-03-23 00:15:43+00:00,265,False,0.6907858848571777,sentence-transformers/all-mpnet-base-v2,confirmatory,True,True
2035964924309217615,SHOP,False,,15,complete,True,0.0222044226980289,0.0029181187826906,0.0,0.0022388075140546,0.0010375195416403,8237.0,0.0035029443251395,0.6547455169489959,80.72113633604468,False,676573,2026-03-23 06:20:39+00:00,132,False,0.6344544291496277,sentence-transformers/all-mpnet-base-v2,exploratory_only,True,False
2036252519308075219,CRM,False,,15,complete,True,-0.0329579180035034,0.0033001079572098,0.0,0.0016535633785195,0.0007536210791284,7739.0,0.0026949740567718,2.1848441136949908,96.56286341904638,True,22330739,2026-03-24 01:23:27+00:00,189,False,0.6300628185272217,sentence-transformers/all-mpnet-base-v2,confirmatory,True,True
2036290915950797314,BOX,False,,11,partial,True,-0.0245678905893543,0.0034101724238184,0.0,0.0023659974273463,0.00134124926425,472.0,0.0040409491025227,0.7785092781064427,82.62711864406779,False,914061,2026-03-24 03:56:01+00:00,188,False,0.2875242233276367,sentence-transformers/all-mpnet-base-v2,confirmatory,True,True
2036475068117819522,CRM,False,,14,partial,True,0.0029881055213423,0.0007483172932717,5.0,0.0007515391559441,0.0003413825025699,2933.0,0.0011898969629487,-0.0094376912938454,58.30207978179338,False,22330739,2026-03-24 16:07:46+00:00,188,False,0.6977145671844482,sentence-transformers/all-mpnet-base-v2,confirmatory,True,True
2036478998667207012,BOX,False,,10,partial,True,0.002727625970413,0.0005272805960064,5.0,0.0008476673880137,0.0003763439537565,100.0,0.0012922168242674,-0.8513137750965059,15.0,False,914061,2026-03-24 16:23:23+00:00,187,False,0.2844302654266357,sentence-transformers/all-mpnet-base-v2,confirmatory,True,True
2036507410399920520,SHOP,False,,15,complete,True,0.0045590176945944,0.0015427381031479,9.0,0.0009874248430401,0.0006623059977156,4131.0,0.0016575172566238,0.8384542221014651,87.58169934640523,False,676573,2026-03-24 18:16:17+00:00,133,False,0.4817413091659546,sentence-transformers/all-mpnet-base-v2,exploratory_only,True,False
2036748608129671263,SHOP,False,,15,complete,True,0.0248955292571926,0.0031267318161477,0.0,0.0022388075140546,0.0010375195416403,8237.0,0.0035029443251395,0.8558145330826884,85.20092266601918,False,676573,2026-03-25 10:14:43+00:00,134,False,0.6905688047409058,sentence-transformers/all-mpnet-base-v2,exploratory_only,True,False
2036832183131033977,BOX,False,,6,insufficient,False,0.0048801107231319,0.0014586592631883,4.0,0.0009576938331044,0.0005641838163725,206.0,0.0015407005801061,0.8879471823648768,88.83495145631069,False,914061,2026-03-25 15:46:49+00:00,188,False,0.2881000638008117,sentence-transformers/all-mpnet-base-v2,confirmatory,True,False
2036915091120284091,HOOD,False,,15,complete,True,0.0037064999347031,0.0016903141325686,0.0,0.0029116442658918,0.0011964742156813,12565.0,0.0044324270052405,-1.0207743027941043,10.393951452447274,False,605700792,2026-03-25 21:16:16+00:00,257,False,0.4759199023246765,sentence-transformers/all-mpnet-base-v2,confirmatory,True,True
2036935885267120476,SHOP,False,,15,complete,True,0.0058369181768156,0.0033510407681771,0.0,0.0022388075140546,0.0010375195416403,8237.0,0.0035029443251395,1.0720118604841664,88.43025373315527,False,676573,2026-03-25 22:38:54+00:00,135,False,0.622032880783081,sentence-transformers/all-mpnet-base-v2,exploratory_only,True,False
2036936395650949614,SHOP,False,,15,complete,True,0.0058369181768156,0.0033510407681771,0.0,0.0022388075140546,0.0010375195416403,8237.0,0.0035029443251395,1.0720118604841664,88.43025373315527,False,676573,2026-03-25 22:40:55+00:00,136,False,0.4866617321968078,sentence-transformers/all-mpnet-base-v2,exploratory_only,True,False
2037200776389681499,BOX,False,,10,partial,True,0.0016825660524701,0.0010252771973134,5.0,0.0008476673880137,0.0003763439537565,100.0,0.0012922168242674,0.4719348019992849,81.0,False,914061,2026-03-26 16:11:29+00:00,189,False,0.3874740600585937,sentence-transformers/all-mpnet-base-v2,confirmatory,True,True
2037236594164252944,SHOP,False,,15,complete,True,-0.0080983612330053,0.0007392458221809,10.0,0.0009472015854964,0.0006222780681837,4909.0,0.0017232181833228,-0.3341846257292912,45.2841719291098,False,676573,2026-03-26 18:33:48+00:00,137,False,0.4619157314300537,sentence-transformers/all-mpnet-base-v2,exploratory_only,True,False
2037321515528835517,HOOD,False,,15,complete,True,-0.0363136537229433,0.0024837721151009,0.0,0.0029116442658918,0.0011964742156813,12565.0,0.0044324270052405,-0.3576108412392457,42.57063270990847,False,605700792,2026-03-27 00:11:15+00:00,257,False,0.5934694409370422,sentence-transformers/all-mpnet-base-v2,confirmatory,True,True
2037321516904509538,HOOD,False,,15,complete,True,-0.0363136537229433,0.0024837721151009,0.0,0.0029116442658918,0.0011964742156813,12565.0,0.0044324270052405,-0.3576108412392457,42.57063270990847,False,605700792,2026-03-27 00:11:15+00:00,257,False,0.5388346910476685,sentence-transformers/all-mpnet-base-v2,confirmatory,True,True
2037383187245273477,BOX,False,,8,partial,True,-0.0140197510326564,0.005274491802999,0.0,0.0023659974273463,0.00134124926425,472.0,0.0040409491025227,2.1684965301948824,92.79661016949152,True,914061,2026-03-27 04:16:19+00:00,190,False,0.625640869140625,sentence-transformers/all-mpnet-base-v2,confirmatory,True,True
2037564090978361407,HOOD,False,,14,partial,True,-0.0019052162006633,0.0009573337485362,5.0,0.0013306769934939,0.0005685696276222,9339.0,0.0020352058338232,-0.6566359278088311,26.48035121533355,False,605700792,2026-03-27 16:15:10+00:00,259,False,0.3876899480819702,sentence-transformers/all-mpnet-base-v2,confirmatory,True,True
2037642603835896236,SHOP,False,,15,complete,True,0.0002847713351805,0.0038918099321227,0.0,0.0022388075140546,0.0010375195416403,8237.0,0.0035029443251395,1.5932253338136384,93.3349520456477,True,676573,2026-03-27 21:27:08+00:00,138,False,0.6282386779785156,sentence-transformers/all-mpnet-base-v2,exploratory_only,True,False
2037666308389806090,HOOD,False,,1,insufficient,False,0.0132285111767527,,,,,,,,,False,605700792,2026-03-27 23:01:20+00:00,260,False,0.5574148893356323,sentence-transformers/all-mpnet-base-v2,confirmatory,True,False
2037674629108736429,CRM,False,,14,partial,True,0.0127404824180756,0.0029673235151007,0.0,0.0016535633785195,0.0007536210791284,7739.0,0.0026949740567718,1.743263521902165,93.53921695309472,True,22330739,2026-03-27 23:34:24+00:00,185,False,0.3844006061553955,sentence-transformers/all-mpnet-base-v2,confirmatory,True,True
2037744753073385518,BOX,False,,8,partial,True,0.0188107342589718,0.0019773420608101,0.0,0.0023659974273463,0.00134124926425,472.0,0.0040409491025227,-0.2897711684885856,54.8728813559322,False,914061,2026-03-28 04:13:03+00:00,190,False,0.3268167376518249,sentence-transformers/all-mpnet-base-v2,confirmatory,True,True
2037928306977509601,BOX,False,,8,partial,True,0.0188107342589718,0.0019773420608101,0.0,0.0023659974273463,0.00134124926425,472.0,0.0040409491025227,-0.2897711684885856,54.8728813559322,False,914061,2026-03-28 16:22:25+00:00,191,False,0.9360847473144532,sentence-transformers/all-mpnet-base-v2,confirmatory,True,True
2037974787176214855,SHOP,False,,15,complete,True,0.0002847713351805,0.0038918099321227,0.0,0.0022388075140546,0.0010375195416403,8237.0,0.0035029443251395,1.5932253338136384,93.3349520456477,True,676573,2026-03-28 19:27:07+00:00,139,False,0.609112560749054,sentence-transformers/all-mpnet-base-v2,exploratory_only,True,False
2037975214437417159,SHOP,False,,15,complete,True,0.0002847713351805,0.0038918099321227,0.0,0.0022388075140546,0.0010375195416403,8237.0,0.0035029443251395,1.5932253338136384,93.3349520456477,True,676573,2026-03-28 19:28:49+00:00,140,False,0.8124334812164307,sentence-transformers/all-mpnet-base-v2,exploratory_only,True,False
2038263457125142742,BOX,False,,8,partial,True,0.0188107342589718,0.0019773420608101,0.0,0.0023659974273463,0.00134124926425,472.0,0.0040409491025227,-0.2897711684885856,54.8728813559322,False,914061,2026-03-29 14:34:11+00:00,190,False,0.1399805545806884,sentence-transformers/all-mpnet-base-v2,confirmatory,True,True
2038450129825378779,SHOP,False,,15,complete,True,0.0002847713351805,0.0038918099321227,0.0,0.0022388075140546,0.0010375195416403,8237.0,0.0035029443251395,1.5932253338136384,93.3349520456477,True,676573,2026-03-30 02:55:58+00:00,141,False,0.4750874042510986,sentence-transformers/all-mpnet-base-v2,exploratory_only,True,False
2038468564500537416,BOX,False,,8,partial,True,0.0188107342589718,0.0019773420608101,0.0,0.0023659974273463,0.00134124926425,472.0,0.0040409491025227,-0.2897711684885856,54.8728813559322,False,914061,2026-03-30 04:09:13+00:00,190,False,0.3074710369110107,sentence-transformers/all-mpnet-base-v2,confirmatory,True,True
2038604619795042716,MSFT,False,,15,complete,True,0.0041158374761856,0.001479445151128,0.0,0.0009394249546098,0.0004120387512163,14653.0,0.0014739637379442,1.3106053615687956,90.17948542960484,True,20571756,2026-03-30 13:09:51+00:00,107,False,0.481073260307312,sentence-transformers/all-mpnet-base-v2,null_baseline,True,False
2038604621279793575,MSFT,False,,15,complete,True,0.0041158374761856,0.001479445151128,0.0,0.0009394249546098,0.0004120387512163,14653.0,0.0014739637379442,1.3106053615687956,90.17948542960484,True,20571756,2026-03-30 13:09:51+00:00,107,False,0.4812988042831421,sentence-transformers/all-mpnet-base-v2,null_baseline,True,False
2038604622978494538,MSFT,False,,15,complete,True,0.0041158374761856,0.001479445151128,0.0,0.0009394249546098,0.0004120387512163,14653.0,0.0014739637379442,1.3106053615687956,90.17948542960484,True,20571756,2026-03-30 13:09:52+00:00,109,False,0.6094960570335388,sentence-transformers/all-mpnet-base-v2,null_baseline,True,False
2038677637644922943,MSFT,False,,15,complete,True,-0.0026057806217942,0.0004950902445496,9.0,0.0004130497589246,0.0002313650987548,9133.0,0.000642585773961,0.3545931779103589,76.16336362640972,False,20571756,2026-03-30 18:00:00+00:00,108,False,0.5149374008178711,sentence-transformers/all-mpnet-base-v2,null_baseline,True,False
2038677639511359939,MSFT,False,,15,complete,True,-0.0026057806217942,0.0004950902445496,9.0,0.0004130497589246,0.0002313650987548,9133.0,0.000642585773961,0.3545931779103589,76.16336362640972,False,20571756,2026-03-30 18:00:00+00:00,108,False,0.6144669651985168,sentence-transformers/all-mpnet-base-v2,null_baseline,True,False
2038812115033534561,SHOP,False,,15,complete,True,0.0003838514315632,0.0042905885691861,0.0,0.0022388075140546,0.0010375195416403,8237.0,0.0035029443251395,1.977583045701063,95.30168750758772,True,676573,2026-03-31 02:54:22+00:00,142,False,0.5535930395126343,sentence-transformers/all-mpnet-base-v2,exploratory_only,True,False
2038816649927913834,BOX,False,,11,partial,True,-0.0060976104610137,0.0030947463722774,0.0,0.0023659974273463,0.00134124926425,472.0,0.0040409491025227,0.5433359513069586,79.23728813559322,False,914061,2026-03-31 03:12:23+00:00,190,False,0.3127502799034118,sentence-transformers/all-mpnet-base-v2,confirmatory,True,True
2039039355747221519,CRM,False,,11,partial,True,0.002014249873476,0.0009439997561553,8.0,0.0006966026754776,0.0004756256276318,3003.0,0.0010914207917555,0.5201508630003022,84.18248418248419,False,22330739,2026-03-31 17:57:20+00:00,182,False,0.3544321060180664,sentence-transformers/all-mpnet-base-v2,confirmatory,True,True
2039060932895113299,HOOD,False,,15,complete,True,0.0010835884874738,0.0010420296450484,11.0,0.0011052161091722,0.0005247132447824,10594.0,0.00171155371555,-0.120420943729068,55.32376817066263,False,605700792,2026-03-31 19:23:04+00:00,250,False,0.5303094983100891,sentence-transformers/all-mpnet-base-v2,confirmatory,True,True
2039065077870157987,BOX,False,,13,partial,True,0.0003625235695415,0.0005049895474836,12.0,0.0008875319452804,0.000413202305816,1815.0,0.0013487540138926,-0.9257992813988428,12.782369146005507,False,914061,2026-03-31 19:39:33+00:00,191,False,0.309752881526947,sentence-transformers/all-mpnet-base-v2,confirmatory,True,True
2039084177317126236,HOOD,False,,15,complete,True,0.0005566971609671,0.0043345327577428,0.0,0.0029116442658918,0.0011964742156813,12565.0,0.0044324270052405,1.1892345636889765,89.00119379228015,False,605700792,2026-03-31 20:55:26+00:00,251,False,0.5574703216552734,sentence-transformers/all-mpnet-base-v2,confirmatory,True,True
2039170032668729631,SHOP,False,,15,complete,True,-0.0022460904726437,0.0031280111475472,0.0,0.0022388075140546,0.0010375195416403,8237.0,0.0035029443251395,0.8570476003629959,85.21306300837684,False,676573,2026-04-01 02:36:36+00:00,143,False,0.4818589687347412,sentence-transformers/all-mpnet-base-v2,exploratory_only,True,False
2039216522028257549,BOX,False,,10,partial,True,-0.0191252381565587,0.0012419793886125,0.0,0.0023659974273463,0.00134124926425,472.0,0.0040409491025227,-0.8380381400337499,9.322033898305085,False,914061,2026-04-01 05:41:20+00:00,191,False,0.3345197439193725,sentence-transformers/all-mpnet-base-v2,confirmatory,True,True
2039335171913076791,SHOP,False,,15,complete,True,-0.0219912586501948,0.003826519218958,0.0,0.0022388075140546,0.0010375195416403,8237.0,0.0035029443251395,1.5302957112433528,92.88575937841446,True,676573,2026-04-01 13:32:48+00:00,144,False,0.7153400778770447,sentence-transformers/all-mpnet-base-v2,exploratory_only,True,False
2039414479084278239,BOX,False,,10,partial,True,-0.000147530332857,0.0006833714924449,10.0,0.0008190620321485,0.0003124081692805,265.0,0.0012370491267267,-0.4343373606911154,36.22641509433962,False,914061,2026-04-01 18:47:56+00:00,192,False,0.8469438552856445,sentence-transformers/all-mpnet-base-v2,confirmatory,True,True
2039443986415534426,HOOD,False,,2,insufficient,False,-0.0369358409844988,0.0,,,,,,,,False,605700792,2026-04-01 20:45:12+00:00,250,False,0.6567791700363159,sentence-transformers/all-mpnet-base-v2,confirmatory,True,False
2039474710249865385,SHOP,False,,15,complete,True,-0.0368297125356399,0.0031011048227118,0.0,0.0022388075140546,0.0010375195416403,8237.0,0.0035029443251395,0.831114281754979,84.77601068350128,False,676573,2026-04-01 22:47:17+00:00,145,False,0.579851508140564,sentence-transformers/all-mpnet-base-v2,exploratory_only,True,False
2039481815795376334,SHOP,False,,15,complete,True,-0.0368297125356399,0.0031011048227118,0.0,0.0022388075140546,0.0010375195416403,8237.0,0.0035029443251395,0.831114281754979,84.77601068350128,False,676573,2026-04-01 23:15:31+00:00,146,False,0.875318169593811,sentence-transformers/all-mpnet-base-v2,exploratory_only,True,False
2039518836873974027,SHOP,False,,15,complete,True,-0.0368297125356399,0.0031011048227118,0.0,0.0022388075140546,0.0010375195416403,8237.0,0.0035029443251395,0.831114281754979,84.77601068350128,False,676573,2026-04-02 01:42:37+00:00,147,False,0.7238597273826599,sentence-transformers/all-mpnet-base-v2,exploratory_only,True,False
2039711802259542302,MSFT,False,,15,complete,True,-0.0002839532470506,0.0017619907801819,2.0,0.0006057041346892,0.0002952066746145,12430.0,0.0009465478368274,3.9168716188500174,99.42880128720836,True,20571756,2026-04-02 14:29:24+00:00,105,False,0.5335960388183594,sentence-transformers/all-mpnet-base-v2,null_baseline,True,False
2039722279014432932,BOX,False,,11,partial,True,-0.0008795635810061,0.0010373504756877,3.0,0.0009537606446885,0.0003292884701768,271.0,0.0014873582929398,0.253849856796571,70.84870848708486,False,914061,2026-04-02 15:11:02+00:00,192,False,0.5300905108451843,sentence-transformers/all-mpnet-base-v2,confirmatory,True,True
2039740336541475090,SHOP,False,,14,partial,True,-0.0004711334723844,0.0014932314285738,5.0,0.0010928384705565,0.0005862999426027,4158.0,0.0017391895075174,0.6829148852374647,83.30928330928332,False,676573,2026-04-02 16:22:47+00:00,148,False,0.5318461656570435,sentence-transformers/all-mpnet-base-v2,exploratory_only,True,False
2039801627838738926,HOOD,False,,15,complete,True,0.0033245543596014,0.0038236177184671,0.0,0.0029116442658918,0.0011964742156813,12565.0,0.0044324270052405,0.7622173889103748,82.1408674890569,False,605700792,2026-04-02 20:26:20+00:00,250,False,0.6629665493965149,sentence-transformers/all-mpnet-base-v2,confirmatory,True,True
2039846200812208537,SHOP,False,,12,partial,True,0.0167333843041259,0.0033516454830171,0.0,0.0022388075140546,0.0010375195416403,8237.0,0.0035029443251395,1.0725947071831028,88.43025373315527,False,676573,2026-04-02 23:23:27+00:00,149,False,0.5244505405426025,sentence-transformers/all-mpnet-base-v2,exploratory_only,True,False
2039931799414194621,BOX,False,,13,partial,True,0.0027967109191882,0.0019894642984783,0.0,0.0023659974273463,0.00134124926425,472.0,0.0040409491025227,-0.2807331484938293,55.72033898305085,False,914061,2026-04-03 05:03:35+00:00,191,False,0.2339850664138794,sentence-transformers/all-mpnet-base-v2,confirmatory,True,True
2040059243462537227,HOOD,False,,15,complete,True,0.0033245543596014,0.0038236177184671,0.0,0.0029116442658918,0.0011964742156813,12565.0,0.0044324270052405,0.7622173889103748,82.1408674890569,False,605700792,2026-04-03 13:30:00+00:00,251,False,0.6392592787742615,sentence-transformers/all-mpnet-base-v2,confirmatory,True,True
2040259593779958081,SHOP,False,,12,partial,True,0.0167333843041259,0.0033516454830171,0.0,0.0022388075140546,0.0010375195416403,8237.0,0.0035029443251395,1.0725947071831028,88.43025373315527,False,676573,2026-04-04 02:46:08+00:00,150,False,0.5722367763519287,sentence-transformers/all-mpnet-base-v2,exploratory_only,True,False
2040264454982480138,BOX,False,,13,partial,True,0.0027967109191882,0.0019894642984783,0.0,0.0023659974273463,0.00134124926425,472.0,0.0040409491025227,-0.2807331484938293,55.72033898305085,False,914061,2026-04-04 03:05:27+00:00,191,False,0.5843042731285095,sentence-transformers/all-mpnet-base-v2,confirmatory,True,True
2040528801386361128,BOX,False,,13,partial,True,0.0027967109191882,0.0019894642984783,0.0,0.0023659974273463,0.00134124926425,472.0,0.0040409491025227,-0.2807331484938293,55.72033898305085,False,914061,2026-04-04 20:35:52+00:00,190,False,0.2908494472503662,sentence-transformers/all-mpnet-base-v2,confirmatory,True,True
2040650799550722243,BOX,False,,13,partial,True,0.0027967109191882,0.0019894642984783,0.0,0.0023659974273463,0.00134124926425,472.0,0.0040409491025227,-0.2807331484938293,55.72033898305085,False,914061,2026-04-05 04:40:38+00:00,190,False,0.2565090656280517,sentence-transformers/all-mpnet-base-v2,confirmatory,True,True
2040791818640777610,QCOM,False,,15,complete,True,-0.0112978894806244,0.0041951128478689,0.0,0.0017823192627403,0.0010698256208132,8499.0,0.0032347960452871,2.2553148271906207,95.29356394869984,True,234930762,2026-04-05 14:01:00+00:00,68,False,0.7780665755271912,sentence-transformers/all-mpnet-base-v2,confirmatory,True,True
2040852493253443616,SHOP,False,,12,partial,True,0.0167333843041259,0.0033516454830171,0.0,0.0022388075140546,0.0010375195416403,8237.0,0.0035029443251395,1.0725947071831028,88.43025373315527,False,676573,2026-04-05 18:02:06+00:00,151,False,0.7688322067260742,sentence-transformers/all-mpnet-base-v2,exploratory_only,True,False
2040910116707537261,HOOD,False,,15,complete,True,0.0033245543596014,0.0038236177184671,0.0,0.0029116442658918,0.0011964742156813,12565.0,0.0044324270052405,0.7622173889103748,82.1408674890569,False,605700792,2026-04-05 21:51:04+00:00,252,False,0.6377387642860413,sentence-transformers/all-mpnet-base-v2,confirmatory,True,True
2040934208495821140,SHOP,False,,12,partial,True,0.0167333843041259,0.0033516454830171,0.0,0.0022388075140546,0.0010375195416403,8237.0,0.0035029443251395,1.0725947071831028,88.43025373315527,False,676573,2026-04-05 23:26:48+00:00,152,False,0.7204129695892334,sentence-transformers/all-mpnet-base-v2,exploratory_only,True,False
2040934209628336302,SHOP,False,,12,partial,True,0.0167333843041259,0.0033516454830171,0.0,0.0022388075140546,0.0010375195416403,8237.0,0.0035029443251395,1.0725947071831028,88.43025373315527,False,676573,2026-04-05 23:26:48+00:00,152,False,0.5876275300979614,sentence-transformers/all-mpnet-base-v2,exploratory_only,True,False
2040948112185827465,SHOP,False,,12,partial,True,0.0167333843041259,0.0033516454830171,0.0,0.0022388075140546,0.0010375195416403,8237.0,0.0035029443251395,1.0725947071831028,88.43025373315527,False,676573,2026-04-06 00:22:03+00:00,154,False,0.5854883193969727,sentence-transformers/all-mpnet-base-v2,exploratory_only,True,False
2040967947275948357,BOX,False,,13,partial,True,0.0027967109191882,0.0019894642984783,0.0,0.0023659974273463,0.00134124926425,472.0,0.0040409491025227,-0.2807331484938293,55.72033898305085,False,914061,2026-04-06 01:40:52+00:00,191,False,0.2295703887939453,sentence-transformers/all-mpnet-base-v2,confirmatory,True,True
2041163324440903877,HOOD,False,,15,complete,True,-0.0066233573402659,0.0015031716859294,2.0,0.0017976262622637,0.0007520228178971,12117.0,0.0026688411880296,-0.3915500558315227,39.14335231492944,False,605700792,2026-04-06 14:37:14+00:00,253,False,0.3216152191162109,sentence-transformers/all-mpnet-base-v2,confirmatory,True,True
2041221757705789598,HOOD,False,,15,complete,True,-0.0030888083855149,0.0006197925354582,10.0,0.0011485242329436,0.0005914157179625,9496.0,0.0018497083075648,-0.8940102222965983,9.919966301600674,False,605700792,2026-04-06 18:29:25+00:00,254,False,0.5802090764045715,sentence-transformers/all-mpnet-base-v2,confirmatory,True,True
2041324561958862895,SHOP,False,,13,partial,True,-0.0195362547284795,0.0032838411381324,0.0,0.0022388075140546,0.0010375195416403,8237.0,0.0035029443251395,1.007242352684346,87.61685079519242,False,676573,2026-04-07 01:17:56+00:00,155,False,0.5362501740455627,sentence-transformers/all-mpnet-base-v2,exploratory_only,True,False
2041337455849132296,SHOP,False,,13,partial,True,-0.0195362547284795,0.0032838411381324,0.0,0.0022388075140546,0.0010375195416403,8237.0,0.0035029443251395,1.007242352684346,87.61685079519242,False,676573,2026-04-07 02:09:10+00:00,156,False,0.5362650752067566,sentence-transformers/all-mpnet-base-v2,exploratory_only,True,False
2041347596342460439,BOX,False,,11,partial,True,0.0104296554100573,0.0032594235550615,0.0,0.0023659974273463,0.00134124926425,472.0,0.0040409491025227,0.6661149061019145,81.35593220338984,False,914061,2026-04-07 02:49:28+00:00,190,False,0.2622214555740356,sentence-transformers/all-mpnet-base-v2,confirmatory,True,True
2041456620467589157,SHOP,False,,13,partial,True,-0.0195362547284795,0.0032838411381324,0.0,0.0022388075140546,0.0010375195416403,8237.0,0.0035029443251395,1.007242352684346,87.61685079519242,False,676573,2026-04-07 10:02:41+00:00,157,False,0.5228506326675415,sentence-transformers/all-mpnet-base-v2,exploratory_only,True,False
2041512156693201176,BOX,False,,10,partial,True,0.0013120567783585,0.0013318126752873,0.0,0.0023659974273463,0.00134124926425,472.0,0.0040409491025227,-0.7710608159306191,16.3135593220339,False,914061,2026-04-07 13:43:22+00:00,191,False,0.2164164781570434,sentence-transformers/all-mpnet-base-v2,confirmatory,True,True
2041573811590721647,HOOD,False,,12,partial,True,0.0017458696421586,0.0006023339627067,8.0,0.001213082701226,0.0006543315496727,8409.0,0.0018807725151064,-0.933393382643447,6.136282554405994,False,605700792,2026-04-07 17:48:21+00:00,254,False,0.5596244931221008,sentence-transformers/all-mpnet-base-v2,confirmatory,True,True
2041588565499359718,SHOP,False,,11,partial,True,-9.751306173078068e-05,0.0007824786423072,10.0,0.0009472015854964,0.0006222780681837,4909.0,0.0017232181833228,-0.2647095432272259,49.90833163577103,False,676573,2026-04-07 18:46:59+00:00,158,False,0.5136051177978516,sentence-transformers/all-mpnet-base-v2,exploratory_only,True,False
2041623199344136421,HOOD,False,,15,complete,True,0.0627897844032443,0.0029891043763386,0.0,0.0029116442658918,0.0011964742156813,12565.0,0.0044324270052405,0.0647403090109039,62.29208117787505,False,605700792,2026-04-07 21:04:36+00:00,255,False,0.5285918116569519,sentence-transformers/all-mpnet-base-v2,confirmatory,True,True
2041719844920283326,SHOP,False,,15,complete,True,0.0419701058500523,0.0019460330254003,0.0,0.0022388075140546,0.0010375195416403,8237.0,0.0035029443251395,-0.2821869631403104,46.26684472502125,False,676573,2026-04-08 03:28:39+00:00,159,False,0.5306155681610107,sentence-transformers/all-mpnet-base-v2,exploratory_only,True,False
2041732610179703100,BOX,False,,12,partial,True,-0.0193578268488454,0.0024894142815155,0.0,0.0023659974273463,0.00134124926425,472.0,0.0040409491025227,0.0920163443580109,68.85593220338984,False,914061,2026-04-08 04:19:22+00:00,190,False,0.4555866122245788,sentence-transformers/all-mpnet-base-v2,confirmatory,True,True
2041847569140035630,SHOP,False,,15,complete,True,0.0419701058500523,0.0019460330254003,0.0,0.0022388075140546,0.0010375195416403,8237.0,0.0035029443251395,-0.2821869631403104,46.26684472502125,False,676573,2026-04-08 11:56:10+00:00,160,False,0.5445683002471924,sentence-transformers/all-mpnet-base-v2,exploratory_only,True,False
2041940987912871982,HOOD,False,,15,complete,True,-0.0081806851307149,0.0012231054395121,9.0,0.0011713599027867,0.0006290243946238,9003.0,0.0018144380786752,0.0822631636667759,67.28868155059425,False,605700792,2026-04-08 18:07:23+00:00,256,False,0.5396857857704163,sentence-transformers/all-mpnet-base-v2,confirmatory,True,True
2041975669928702370,BOX,False,,11,partial,True,-0.0269402647563373,0.0052484176374938,0.0,0.0023659974273463,0.00134124926425,472.0,0.0040409491025227,2.1490563215772704,92.79661016949152,True,914061,2026-04-08 20:25:12+00:00,191,False,0.4270275831222534,sentence-transformers/all-mpnet-base-v2,confirmatory,True,True
2042227945763160561,SHOP,False,,15,complete,True,-0.0098200509976248,0.005517187482055,0.0,0.0022388075140546,0.0010375195416403,8237.0,0.0035029443251395,3.159824790207962,98.72526405244628,True,676573,2026-04-09 13:07:39+00:00,161,False,0.5203931331634521,sentence-transformers/all-mpnet-base-v2,exploratory_only,True,False
2042255729805897733,SHOP,False,,14,partial,True,0.0003942408451924,0.0013553962902,2.0,0.0014492332007035,0.0007027666091938,6461.0,0.0022357268463656,-0.1335249985926453,53.62946912242686,False,676573,2026-04-09 14:58:03+00:00,162,False,0.7031651139259338,sentence-transformers/all-mpnet-base-v2,exploratory_only,True,False
2042255953836298385,SHOP,False,,14,partial,True,0.0003942408451924,0.0013553962902,2.0,0.0014492332007035,0.0007027666091938,6461.0,0.0022357268463656,-0.1335249985926453,53.62946912242686,False,676573,2026-04-09 14:58:57+00:00,163,False,0.6236354112625122,sentence-transformers/all-mpnet-base-v2,exploratory_only,True,False
2042285272985931972,BOX,False,,12,partial,True,-0.0010610880621622,0.0004392689630355,6.0,0.0008828791634215,0.0002489084372389,101.0,0.0011867096342035,-1.7822224320994002,1.98019801980198,False,914061,2026-04-09 16:55:27+00:00,191,False,0.4194416999816894,sentence-transformers/all-mpnet-base-v2,confirmatory,True,True
2042343980742951264,BOX,True,"cpi(ALL, 2026-04-10 12:30:00+00:00->2026-04-10 20:00:00+00:00)",11,partial,False,-0.0193509135175765,0.0051467360710904,0.0,0.0023659974273463,0.00134124926425,472.0,0.0040409491025227,2.07324523327801,92.58474576271186,True,914061,2026-04-09 20:48:44+00:00,191,False,0.2591434717178345,sentence-transformers/all-mpnet-base-v2,confirmatory,True,False
2042392664943870443,BOX,True,"cpi(ALL, 2026-04-10 12:30:00+00:00->2026-04-10 20:00:00+00:00)",11,partial,False,-0.0193509135175765,0.0051467360710904,0.0,0.0023659974273463,0.00134124926425,472.0,0.0040409491025227,2.07324523327801,92.58474576271186,True,914061,2026-04-10 00:02:11+00:00,192,False,0.2322670817375183,sentence-transformers/all-mpnet-base-v2,confirmatory,True,False
2042412534217441570,SHOP,True,"cpi(ALL, 2026-04-10 12:30:00+00:00->2026-04-10 20:00:00+00:00)",14,partial,False,0.0012254716471387,0.0025517793853434,0.0,0.0022388075140546,0.0010375195416403,8237.0,0.0035029443251395,0.3016539532296708,71.64016025251912,False,676573,2026-04-10 01:21:09+00:00,164,False,0.4525262117385864,sentence-transformers/all-mpnet-base-v2,exploratory_only,True,False
2042460500785602648,BOX,True,"cpi(ALL, 2026-04-10 12:30:00+00:00->2026-04-10 20:00:00+00:00)",11,partial,False,-0.0193509135175765,0.0051467360710904,0.0,0.0023659974273463,0.00134124926425,472.0,0.0040409491025227,2.07324523327801,92.58474576271186,True,914061,2026-04-10 04:31:45+00:00,193,False,0.5537043213844299,sentence-transformers/all-mpnet-base-v2,confirmatory,True,False
2042469771275329594,BOX,True,"cpi(ALL, 2026-04-10 12:30:00+00:00->2026-04-10 20:00:00+00:00)",11,partial,False,-0.0193509135175765,0.0051467360710904,0.0,0.0023659974273463,0.00134124926425,472.0,0.0040409491025227,2.07324523327801,92.58474576271186,True,914061,2026-04-10 05:08:35+00:00,194,False,0.3813507556915283,sentence-transformers/all-mpnet-base-v2,confirmatory,True,False
2042488444451242232,CRM,True,"cpi(ALL, 2026-04-10 12:30:00+00:00->2026-04-10 20:00:00+00:00)",15,complete,False,-0.0249143571351434,0.0029883204656839,0.0,0.0016535633785195,0.0007536210791284,7739.0,0.0026949740567718,1.7711249381559773,93.79764827497092,True,22330739,2026-04-10 06:22:47+00:00,174,False,0.4632250070571899,sentence-transformers/all-mpnet-base-v2,confirmatory,True,False
2042704969443549595,HOOD,False,,15,complete,True,-0.008605718387852,0.0015294292441346,0.0,0.0029116442658918,0.0011964742156813,12565.0,0.0044324270052405,-1.1552401243934176,5.777954635893354,False,605700792,2026-04-10 20:43:10+00:00,255,False,0.5169116258621216,sentence-transformers/all-mpnet-base-v2,confirmatory,True,True
2042748720358510752,MSFT,False,,15,complete,True,0.0056139433840101,0.0011094043303496,0.0,0.0009394249546098,0.0004120387512163,14653.0,0.0014739637379442,0.412532499038064,74.02579676516754,False,20571756,2026-04-10 23:37:02+00:00,89,False,0.6019071340560913,sentence-transformers/all-mpnet-base-v2,null_baseline,True,False
2042759653281456218,BOX,False,,13,partial,True,0.0051439352475363,0.0024743432268064,0.0,0.0023659974273463,0.00134124926425,472.0,0.0040409491025227,0.0807797643196895,68.4322033898305,False,914061,2026-04-11 00:20:28+00:00,194,False,0.4987457990646362,sentence-transformers/all-mpnet-base-v2,confirmatory,True,True
2042798214718308530,SHOP,False,,14,partial,True,0.0188073309463299,0.0056675737468203,0.0,0.0022388075140546,0.0010375195416403,8237.0,0.0035029443251395,3.3047726767100056,98.87094816073814,True,676573,2026-04-11 02:53:42+00:00,165,False,0.5952544212341309,sentence-transformers/all-mpnet-base-v2,exploratory_only,True,False
2043051227387433144,BOX,False,,13,partial,True,0.0051439352475363,0.0024743432268064,0.0,0.0023659974273463,0.00134124926425,472.0,0.0040409491025227,0.0807797643196895,68.4322033898305,False,914061,2026-04-11 19:39:05+00:00,194,False,0.4237170219421386,sentence-transformers/all-mpnet-base-v2,confirmatory,True,True
2043067264505630979,SHOP,False,,14,partial,True,0.0188073309463299,0.0056675737468203,0.0,0.0022388075140546,0.0010375195416403,8237.0,0.0035029443251395,3.3047726767100056,98.87094816073814,True,676573,2026-04-11 20:42:48+00:00,166,False,0.6896063089370728,sentence-transformers/all-mpnet-base-v2,exploratory_only,True,False
2043097760937680953,SHOP,False,,14,partial,True,0.0188073309463299,0.0056675737468203,0.0,0.0022388075140546,0.0010375195416403,8237.0,0.0035029443251395,3.3047726767100056,98.87094816073814,True,676573,2026-04-11 22:43:59+00:00,167,False,0.6906793713569641,sentence-transformers/all-mpnet-base-v2,exploratory_only,True,False
2043107157063725255,SHOP,False,,14,partial,True,0.0188073309463299,0.0056675737468203,0.0,0.0022388075140546,0.0010375195416403,8237.0,0.0035029443251395,3.3047726767100056,98.87094816073814,True,676573,2026-04-11 23:21:19+00:00,168,False,0.5334094762802124,sentence-transformers/all-mpnet-base-v2,exploratory_only,True,False
2043117930842304920,SHOP,False,,14,partial,True,0.0188073309463299,0.0056675737468203,0.0,0.0022388075140546,0.0010375195416403,8237.0,0.0035029443251395,3.3047726767100056,98.87094816073814,True,676573,2026-04-12 00:04:08+00:00,169,False,0.6342755556106567,sentence-transformers/all-mpnet-base-v2,exploratory_only,True,False
2043133889774825738,SHOP,False,,14,partial,True,0.0188073309463299,0.0056675737468203,0.0,0.0022388075140546,0.0010375195416403,8237.0,0.0035029443251395,3.3047726767100056,98.87094816073814,True,676573,2026-04-12 01:07:33+00:00,170,False,0.4989653825759887,sentence-transformers/all-mpnet-base-v2,exploratory_only,True,False
2043158266725675260,SHOP,False,,14,partial,True,0.0188073309463299,0.0056675737468203,0.0,0.0022388075140546,0.0010375195416403,8237.0,0.0035029443251395,3.3047726767100056,98.87094816073814,True,676573,2026-04-12 02:44:25+00:00,171,False,0.6414593458175659,sentence-transformers/all-mpnet-base-v2,exploratory_only,True,False
2043192337111924930,BOX,False,,13,partial,True,0.0051439352475363,0.0024743432268064,0.0,0.0023659974273463,0.00134124926425,472.0,0.0040409491025227,0.0807797643196895,68.4322033898305,False,914061,2026-04-12 04:59:48+00:00,194,False,0.3257834911346435,sentence-transformers/all-mpnet-base-v2,confirmatory,True,True
2043318118169354302,BOX,False,,13,partial,True,0.0051439352475363,0.0024743432268064,0.0,0.0023659974273463,0.00134124926425,472.0,0.0040409491025227,0.0807797643196895,68.4322033898305,False,914061,2026-04-12 13:19:37+00:00,195,False,0.4104300737380981,sentence-transformers/all-mpnet-base-v2,confirmatory,True,True
2043352615941988855,SHOP,False,,14,partial,True,0.0188073309463299,0.0056675737468203,0.0,0.0022388075140546,0.0010375195416403,8237.0,0.0035029443251395,3.3047726767100056,98.87094816073814,True,676573,2026-04-12 15:36:41+00:00,172,False,0.4628117084503174,sentence-transformers/all-mpnet-base-v2,exploratory_only,True,False
2043426157367095397,BOX,False,,13,partial,True,0.0051439352475363,0.0024743432268064,0.0,0.0023659974273463,0.00134124926425,472.0,0.0040409491025227,0.0807797643196895,68.4322033898305,False,914061,2026-04-12 20:28:55+00:00,196,False,0.2201459407806396,sentence-transformers/all-mpnet-base-v2,confirmatory,True,True
2043883641366032638,BOX,False,,14,partial,True,0.0099351579802799,0.0024213413010718,0.0,0.0023659974273463,0.00134124926425,472.0,0.0040409491025227,0.0412629294200867,67.79661016949152,False,914061,2026-04-14 02:46:48+00:00,197,False,0.2869306206703186,sentence-transformers/all-mpnet-base-v2,confirmatory,True,True
2044090233478885398,MSFT,False,,15,complete,True,-0.0022602596665869,0.0003779915997803,5.0,0.0004669323990018,0.0002276766504381,8901.0,0.0007157854781702,-0.3906452376664736,39.523649028199074,False,20571756,2026-04-14 16:27:43+00:00,81,False,0.5114966034889221,sentence-transformers/all-mpnet-base-v2,null_baseline,True,False
2044116974331113806,MSFT,False,,15,complete,True,0.0009943060847327,0.000454024509932,9.0,0.0004130497589246,0.0002313650987548,9133.0,0.000642585773961,0.1770999655003287,68.9806197306471,False,20571756,2026-04-14 18:13:59+00:00,82,False,0.6179208159446716,sentence-transformers/all-mpnet-base-v2,null_baseline,True,False
2044116976247996679,MSFT,False,,15,complete,True,0.0009943060847327,0.000454024509932,9.0,0.0004130497589246,0.0002313650987548,9133.0,0.000642585773961,0.1770999655003287,68.9806197306471,False,20571756,2026-04-14 18:13:59+00:00,82,False,0.5751829147338867,sentence-transformers/all-mpnet-base-v2,null_baseline,True,False
2044199889006145875,QCOM,False,,11,partial,True,-0.0001191560433946,0.0011686429200255,0.0,0.0017823192627403,0.0010698256208132,8499.0,0.0032347960452871,-0.5736227762504462,33.85104129897635,False,234930762,2026-04-14 23:43:27+00:00,65,False,0.3450630903244018,sentence-transformers/all-mpnet-base-v2,confirmatory,True,True
2044199891787030970,QCOM,False,,11,partial,True,-0.0001191560433946,0.0011686429200255,0.0,0.0017823192627403,0.0010698256208132,8499.0,0.0032347960452871,-0.5736227762504462,33.85104129897635,False,234930762,2026-04-14 23:43:28+00:00,66,False,0.5392226576805115,sentence-transformers/all-mpnet-base-v2,confirmatory,True,True
2044199893817000037,QCOM,False,,11,partial,True,-0.0001191560433946,0.0011686429200255,0.0,0.0017823192627403,0.0010698256208132,8499.0,0.0032347960452871,-0.5736227762504462,33.85104129897635,False,234930762,2026-04-14 23:43:28+00:00,66,False,0.5184441804885864,sentence-transformers/all-mpnet-base-v2,confirmatory,True,True
2044199895838666911,QCOM,False,,11,partial,True,-0.0001191560433946,0.0011686429200255,0.0,0.0017823192627403,0.0010698256208132,8499.0,0.0032347960452871,-0.5736227762504462,33.85104129897635,False,234930762,2026-04-14 23:43:29+00:00,68,False,0.423957347869873,sentence-transformers/all-mpnet-base-v2,confirmatory,True,True
2044199898183283189,QCOM,False,,11,partial,True,-0.0001191560433946,0.0011686429200255,0.0,0.0017823192627403,0.0010698256208132,8499.0,0.0032347960452871,-0.5736227762504462,33.85104129897635,False,234930762,2026-04-14 23:43:29+00:00,68,False,0.4008015394210815,sentence-transformers/all-mpnet-base-v2,confirmatory,True,True
2044199900121067796,QCOM,False,,11,partial,True,-0.0001191560433946,0.0011686429200255,0.0,0.0017823192627403,0.0010698256208132,8499.0,0.0032347960452871,-0.5736227762504462,33.85104129897635,False,234930762,2026-04-14 23:43:30+00:00,70,False,0.5740479230880737,sentence-transformers/all-mpnet-base-v2,confirmatory,True,True
2044199902117539946,QCOM,False,,11,partial,True,-0.0001191560433946,0.0011686429200255,0.0,0.0017823192627403,0.0010698256208132,8499.0,0.0032347960452871,-0.5736227762504462,33.85104129897635,False,234930762,2026-04-14 23:43:30+00:00,70,False,0.6862856149673462,sentence-transformers/all-mpnet-base-v2,confirmatory,True,True
2044199903879147601,QCOM,False,,11,partial,True,-0.0001191560433946,0.0011686429200255,0.0,0.0017823192627403,0.0010698256208132,8499.0,0.0032347960452871,-0.5736227762504462,33.85104129897635,False,234930762,2026-04-14 23:43:31+00:00,72,False,0.5791743397712708,sentence-transformers/all-mpnet-base-v2,confirmatory,True,True
2044225408972009842,BOX,False,,13,partial,True,0.0406332778371296,0.0036863131977412,0.0,0.0023659974273463,0.00134124926425,472.0,0.0040409491025227,0.98439254028825,85.59322033898306,False,914061,2026-04-15 01:24:52+00:00,196,False,0.193629503250122,sentence-transformers/all-mpnet-base-v2,confirmatory,True,True
2044446135906119717,SHOP,False,,13,partial,True,-0.0001953833285393,0.0005869535192301,5.0,0.0010928384705565,0.0005862999426027,4158.0,0.0017391895075174,-0.8628432557584034,11.952861952861952,False,676573,2026-04-15 16:01:57+00:00,173,False,0.4712400436401367,sentence-transformers/all-mpnet-base-v2,exploratory_only,True,False
2044459356557873387,SHOP,False,,11,partial,True,0.0006259581062624,0.0010791648360645,6.0,0.0010511718556192,0.0005979239113173,3661.0,0.0017200290519083,0.0468169610135849,64.65446599289811,False,676573,2026-04-15 16:54:29+00:00,174,False,0.614123523235321,sentence-transformers/all-mpnet-base-v2,exploratory_only,True,False
2044548316084535628,SHOP,False,,14,partial,True,0.0083243194941389,0.0019246692119359,0.0,0.0022388075140546,0.0010375195416403,8237.0,0.0035029443251395,-0.3027782027334284,45.08923151632876,False,676573,2026-04-15 22:47:59+00:00,175,False,0.4740815758705139,sentence-transformers/all-mpnet-base-v2,exploratory_only,True,False
2044550039058403765,SHOP,False,,14,partial,True,0.0083243194941389,0.0019246692119359,0.0,0.0022388075140546,0.0010375195416403,8237.0,0.0035029443251395,-0.3027782027334284,45.08923151632876,False,676573,2026-04-15 22:54:49+00:00,176,False,0.5071979761123657,sentence-transformers/all-mpnet-base-v2,exploratory_only,True,False
2044621545348481285,BOX,False,,13,partial,True,0.0154300735015544,0.0036318883102149,0.0,0.0023659974273463,0.00134124926425,472.0,0.0040409491025227,0.94381478268803,85.16949152542372,False,914061,2026-04-16 03:38:58+00:00,196,False,0.3062673807144165,sentence-transformers/all-mpnet-base-v2,confirmatory,True,True
2044767391293509761,MSFT,False,,15,complete,True,0.0136946017478256,0.0014706938831941,0.0,0.0009394249546098,0.0004120387512163,14653.0,0.0014739637379442,1.2893664176392672,89.88603016447144,False,20571756,2026-04-16 13:18:30+00:00,84,False,0.5081441402435303,sentence-transformers/all-mpnet-base-v2,null_baseline,True,False
2044814755072987637,QCOM,False,,15,complete,True,-0.0028533098261693,0.000878420639139,5.0,0.0008809439772216,0.0005446211250859,4216.0,0.0015541749889803,-0.0046331990560119,62.5,False,234930762,2026-04-16 16:26:43+00:00,73,False,0.4352109432220459,sentence-transformers/all-mpnet-base-v2,confirmatory,True,True
2044855448722100720,BOX,False,,14,partial,True,-0.0001855075772709,0.0003185093725136,11.0,0.0008934168611414,0.0005987207556726,755.0,0.0013152033478981,-0.9602264213839996,2.781456953642384,False,914061,2026-04-16 19:08:25+00:00,196,False,0.2558626532554626,sentence-transformers/all-mpnet-base-v2,confirmatory,True,True
2044919594867978721,SHOP,False,,15,complete,True,0.0376864095383351,0.0026449432934063,0.0,0.0022388075140546,0.0010375195416403,8237.0,0.0035029443251395,0.3914487998072482,74.5781231030715,False,676573,2026-04-16 23:23:18+00:00,177,False,0.4724618196487427,sentence-transformers/all-mpnet-base-v2,exploratory_only,True,False
2044923459399197175,HOOD,False,,2,insufficient,False,0.0151277907515747,0.0,,,,,,,,False,605700792,2026-04-16 23:38:40+00:00,253,False,0.585145115852356,sentence-transformers/all-mpnet-base-v2,confirmatory,True,False
2044925534724079661,HOOD,False,,2,insufficient,False,0.0151277907515747,0.0,,,,,,,,False,605700792,2026-04-16 23:46:55+00:00,254,False,0.5316359996795654,sentence-transformers/all-mpnet-base-v2,confirmatory,True,False
2044970372987318726,HOOD,False,,2,insufficient,False,0.0151277907515747,0.0,,,,,,,,False,605700792,2026-04-17 02:45:05+00:00,255,False,0.6623576879501343,sentence-transformers/all-mpnet-base-v2,confirmatory,True,False
2044981547267395620,CRM,False,,15,complete,True,0.0266976264233347,0.0019061299225053,0.0,0.0016535633785195,0.0007536210791284,7739.0,0.0026949740567718,0.3351373136720705,69.72477064220183,False,22330739,2026-04-17 03:29:29+00:00,129,False,0.5054388046264648,sentence-transformers/all-mpnet-base-v2,confirmatory,True,True
2045137708620906573,BOX,False,,11,partial,True,-0.0075055183724044,0.0012137010068705,0.0,0.0023659974273463,0.00134124926425,472.0,0.0040409491025227,-0.8591217540164408,7.838983050847458,False,914061,2026-04-17 13:50:01+00:00,196,False,0.2634539604187011,sentence-transformers/all-mpnet-base-v2,confirmatory,True,True
2045355693050655048,BOX,False,,8,partial,True,-6.44428090855742e-05,0.0055404350672229,0.0,0.0023659974273463,0.00134124926425,472.0,0.0040409491025227,2.36677679868218,93.64406779661016,True,914061,2026-04-18 04:16:12+00:00,195,False,0.4781537055969238,sentence-transformers/all-mpnet-base-v2,confirmatory,True,True
2045616837787070695,BOX,False,,8,partial,True,-6.44428090855742e-05,0.0055404350672229,0.0,0.0023659974273463,0.00134124926425,472.0,0.0040409491025227,2.36677679868218,93.64406779661016,True,914061,2026-04-18 21:33:54+00:00,196,False,0.2262799739837646,sentence-transformers/all-mpnet-base-v2,confirmatory,True,True
2045632406372397293,HOOD,False,,1,insufficient,False,-0.0071625327975505,,,,,,,,,False,605700792,2026-04-18 22:35:46+00:00,256,False,0.6629430055618286,sentence-transformers/all-mpnet-base-v2,confirmatory,True,False
2045680043607941548,BOX,False,,8,partial,True,-6.44428090855742e-05,0.0055404350672229,0.0,0.0023659974273463,0.00134124926425,472.0,0.0040409491025227,2.36677679868218,93.64406779661016,True,914061,2026-04-19 01:45:03+00:00,196,False,0.2578597664833069,sentence-transformers/all-mpnet-base-v2,confirmatory,True,True
2045965514686730330,HOOD,False,,1,insufficient,False,-0.0071625327975505,,,,,,,,,False,605700792,2026-04-19 20:39:25+00:00,257,False,0.5055642127990723,sentence-transformers/all-mpnet-base-v2,confirmatory,True,False
2045994527689978184,MSFT,False,,1,insufficient,False,-0.0033351692710682,,,,,,,,,False,20571756,2026-04-19 22:34:42+00:00,84,False,0.596558153629303,sentence-transformers/all-mpnet-base-v2,null_baseline,True,False
2046047262732616170,SHOP,False,,15,complete,True,0.0058586467266377,0.0036679901519022,0.0,0.0022388075140546,0.0010375195416403,8237.0,0.0035029443251395,1.3774994884318494,91.74456719679496,True,676573,2026-04-20 02:04:15+00:00,178,False,0.65286785364151,sentence-transformers/all-mpnet-base-v2,exploratory_only,True,False
2046067263326028108,BOX,False,,8,partial,True,-6.44428090855742e-05,0.0055404350672229,0.0,0.0023659974273463,0.00134124926425,472.0,0.0040409491025227,2.36677679868218,93.64406779661016,True,914061,2026-04-20 03:23:44+00:00,196,False,0.239674687385559,sentence-transformers/all-mpnet-base-v2,confirmatory,True,True
2046077126944948428,CRM,False,,15,complete,True,0.0186781756053882,0.0032677151591742,0.0,0.0016535633785195,0.0007536210791284,7739.0,0.0026949740567718,2.1418612421529724,96.3302752293578,True,22330739,2026-04-20 04:02:55+00:00,123,False,0.5302899479866028,sentence-transformers/all-mpnet-base-v2,confirmatory,True,True
2046301753273151996,HOOD,False,,15,complete,True,-0.001677376281962,0.0005427587061523,10.0,0.0011485242329436,0.0005914157179625,9496.0,0.0018497083075648,-1.0242634891041205,5.497051390058972,False,605700792,2026-04-20 18:55:31+00:00,258,False,0.6294300556182861,sentence-transformers/all-mpnet-base-v2,confirmatory,True,True
2046327072898052197,HOOD,False,,15,complete,True,-0.0181622271317469,0.0033071996864265,0.0,0.0029116442658918,0.0011964742156813,12565.0,0.0044324270052405,0.3306008732577949,71.3808197373657,False,605700792,2026-04-20 20:36:07+00:00,259,False,0.6035075187683105,sentence-transformers/all-mpnet-base-v2,confirmatory,True,True
2046327074953244727,HOOD,False,,15,complete,True,-0.0181622271317469,0.0033071996864265,0.0,0.0029116442658918,0.0011964742156813,12565.0,0.0044324270052405,0.3306008732577949,71.3808197373657,False,605700792,2026-04-20 20:36:08+00:00,260,False,0.6781871318817139,sentence-transformers/all-mpnet-base-v2,confirmatory,True,True
2046372861829640492,MSFT,False,,15,complete,True,0.005527254807939,0.0015520015780356,0.0,0.0009394249546098,0.0004120387512163,14653.0,0.0014739637379442,1.4866966313667418,91.9948133488023,True,20571756,2026-04-20 23:38:04+00:00,85,False,0.3205246329307556,sentence-transformers/all-mpnet-base-v2,null_baseline,True,False
2046372864857890884,MSFT,False,,15,complete,True,0.005527254807939,0.0015520015780356,0.0,0.0009394249546098,0.0004120387512163,14653.0,0.0014739637379442,1.4866966313667418,91.9948133488023,True,20571756,2026-04-20 23:38:05+00:00,86,False,0.5779904723167419,sentence-transformers/all-mpnet-base-v2,null_baseline,True,False
2046376034099171359,QCOM,False,,14,partial,True,-0.0079407033887106,0.0029826040428691,0.0,0.0017823192627403,0.0010698256208132,8499.0,0.0032347960452871,1.121944321371164,87.37498529238734,False,234930762,2026-04-20 23:50:41+00:00,71,False,0.4754723906517029,sentence-transformers/all-mpnet-base-v2,confirmatory,True,True
2046397816755634340,BOX,False,,11,partial,True,0.0114920234432223,0.0024569272824306,0.0,0.0023659974273463,0.00134124926425,472.0,0.0040409491025227,0.0677948965251733,68.22033898305084,False,914061,2026-04-21 01:17:14+00:00,195,False,0.2859848141670227,sentence-transformers/all-mpnet-base-v2,confirmatory,True,True
2046595385943281813,QCOM,False,,10,partial,True,0.003722570250249,0.0004019898221563,1.0,0.0013793563903108,0.0009345661372343,7985.0,0.0026135186706023,-1.0457971129222412,0.5009392611145899,False,234930762,2026-04-21 14:22:18+00:00,72,False,0.5137089490890503,sentence-transformers/all-mpnet-base-v2,confirmatory,True,True
2046703249223495820,HOOD,False,,15,complete,True,0.0232589554555742,0.0028312372239575,0.0,0.0029116442658918,0.0011964742156813,12565.0,0.0044324270052405,-0.0672033219609174,56.81655391961799,False,605700792,2026-04-21 21:30:55+00:00,258,False,0.8109668493270874,sentence-transformers/all-mpnet-base-v2,confirmatory,True,True
2046730273862390231,HOOD,False,,15,complete,True,0.0232589554555742,0.0028312372239575,0.0,0.0029116442658918,0.0011964742156813,12565.0,0.0044324270052405,-0.0672033219609174,56.81655391961799,False,605700792,2026-04-21 23:18:18+00:00,259,False,0.8053220510482788,sentence-transformers/all-mpnet-base-v2,confirmatory,True,True
2046773191402496111,SHOP,False,,10,partial,True,0.0047503603326493,0.0034473792442276,0.0,0.0022388075140546,0.0010375195416403,8237.0,0.0035029443251395,1.1648664739964647,89.5714459147748,False,676573,2026-04-22 02:08:50+00:00,179,False,0.5109736323356628,sentence-transformers/all-mpnet-base-v2,exploratory_only,True,False
2046805326784319663,BOX,False,,12,partial,True,-0.0082064373753383,0.0026792680764793,0.0,0.0023659974273463,0.00134124926425,472.0,0.0040409491025227,0.2335663157349132,72.2457627118644,False,914061,2026-04-22 04:16:32+00:00,192,False,0.2941266298294067,sentence-transformers/all-mpnet-base-v2,confirmatory,True,True
2046951776780439823,HOOD,False,,15,complete,True,0.0027968689574393,0.0018686936735018,0.0,0.0029116442658918,0.0011964742156813,12565.0,0.0044324270052405,-0.8716866429052934,16.108237166732987,False,605700792,2026-04-22 13:58:28+00:00,258,False,0.3916224837303161,sentence-transformers/all-mpnet-base-v2,confirmatory,True,True
2046999495393874233,CRM,False,,15,complete,True,-0.0001226542588033,0.0005512043250157,7.0,0.0007221992409006,0.0005602314396621,2726.0,0.0011062566243012,-0.3052219204049662,39.50843727072634,False,22330739,2026-04-22 17:08:05+00:00,121,False,0.6395159363746643,sentence-transformers/all-mpnet-base-v2,confirmatory,True,True
2047028112626749645,BOX,False,,11,partial,True,-0.0020239599224004,0.0005378522286514,11.0,0.0008934168611414,0.0005987207556726,755.0,0.0013152033478981,-0.5938739038545089,22.119205298013245,False,914061,2026-04-22 19:01:48+00:00,193,False,0.3788923025131225,sentence-transformers/all-mpnet-base-v2,confirmatory,True,True
2047033636923568440,MSFT,False,,15,complete,True,0.0011530241141339,0.0003055631856131,11.0,0.0004038797262934,0.0002294343287601,11546.0,0.0006587422095737,-0.4285171325997469,38.0045037242335,False,20571756,2026-04-22 19:23:45+00:00,82,False,0.5801538228988647,sentence-transformers/all-mpnet-base-v2,null_baseline,True,False
2047105085172511013,MSFT,False,,15,complete,True,-0.0275965698686988,0.0011408680034058,0.0,0.0009394249546098,0.0004120387512163,14653.0,0.0014739637379442,0.4888934552911417,76.09363270320071,False,20571756,2026-04-23 00:07:40+00:00,83,False,0.4146630764007568,sentence-transformers/all-mpnet-base-v2,null_baseline,True,False
2047118960941023552,MSFT,False,,15,complete,True,-0.0275965698686988,0.0011408680034058,0.0,0.0009394249546098,0.0004120387512163,14653.0,0.0014739637379442,0.4888934552911417,76.09363270320071,False,20571756,2026-04-23 01:02:48+00:00,84,False,0.4802337884902954,sentence-transformers/all-mpnet-base-v2,null_baseline,True,False
2047133338150842676,SHOP,False,,12,partial,True,-0.045127645780489,0.003842686301186,0.0,0.0022388075140546,0.0010375195416403,8237.0,0.0035029443251395,1.5458781476015817,93.01930314434868,True,676573,2026-04-23 01:59:56+00:00,180,False,0.4609012603759765,sentence-transformers/all-mpnet-base-v2,exploratory_only,True,False
2047159807208214766,MSFT,False,,15,complete,True,-0.0275965698686988,0.0011408680034058,0.0,0.0009394249546098,0.0004120387512163,14653.0,0.0014739637379442,0.4888934552911417,76.09363270320071,False,20571756,2026-04-23 03:45:07+00:00,85,False,0.4370491504669189,sentence-transformers/all-mpnet-base-v2,null_baseline,True,False
2047160006488014873,MSFT,False,,15,complete,True,-0.0275965698686988,0.0011408680034058,0.0,0.0009394249546098,0.0004120387512163,14653.0,0.0014739637379442,0.4888934552911417,76.09363270320071,False,20571756,2026-04-23 03:45:54+00:00,86,False,0.769944429397583,sentence-transformers/all-mpnet-base-v2,null_baseline,True,False
2047299355887988847,SHOP,False,,12,partial,True,-0.045127645780489,0.003842686301186,0.0,0.0022388075140546,0.0010375195416403,8237.0,0.0035029443251395,1.5458781476015817,93.01930314434868,True,676573,2026-04-23 12:59:38+00:00,181,False,0.6850036978721619,sentence-transformers/all-mpnet-base-v2,exploratory_only,True,False
2047353327730754011,HOOD,False,,15,complete,True,-0.0023269108272309,0.0010106769783169,6.0,0.0013312371582174,0.0007325749655066,8487.0,0.0020897515683504,-0.4375800361657562,36.8328031106398,False,605700792,2026-04-23 16:34:05+00:00,258,False,0.5760418772697449,sentence-transformers/all-mpnet-base-v2,confirmatory,True,True
2047353329383309382,HOOD,False,,15,complete,True,-0.0023269108272309,0.0010106769783169,6.0,0.0013312371582174,0.0007325749655066,8487.0,0.0020897515683504,-0.4375800361657562,36.8328031106398,False,605700792,2026-04-23 16:34:06+00:00,259,False,0.6579160690307617,sentence-transformers/all-mpnet-base-v2,confirmatory,True,True
2047353331404964341,HOOD,False,,15,complete,True,-0.0023269108272309,0.0010106769783169,6.0,0.0013312371582174,0.0007325749655066,8487.0,0.0020897515683504,-0.4375800361657562,36.8328031106398,False,605700792,2026-04-23 16:34:06+00:00,259,False,0.6775879859924316,sentence-transformers/all-mpnet-base-v2,confirmatory,True,True
2047353333468610723,HOOD,False,,15,complete,True,-0.0023269108272309,0.0010106769783169,6.0,0.0013312371582174,0.0007325749655066,8487.0,0.0020897515683504,-0.4375800361657562,36.8328031106398,False,605700792,2026-04-23 16:34:07+00:00,261,False,0.645862340927124,sentence-transformers/all-mpnet-base-v2,confirmatory,True,True
2047353335536357724,HOOD,False,,15,complete,True,-0.0023269108272309,0.0010106769783169,6.0,0.0013312371582174,0.0007325749655066,8487.0,0.0020897515683504,-0.4375800361657562,36.8328031106398,False,605700792,2026-04-23 16:34:07+00:00,261,False,0.5271615386009216,sentence-transformers/all-mpnet-base-v2,confirmatory,True,True
2047387742951313910,BOX,False,,14,partial,True,0.0049603500932726,0.0007010303034614,10.0,0.0008190620321485,0.0003124081692805,265.0,0.0012370491267267,-0.37781255515476,37.735849056603776,False,914061,2026-04-23 18:50:51+00:00,193,False,0.5932774543762207,sentence-transformers/all-mpnet-base-v2,confirmatory,True,True
2047428766390157688,BOX,False,,11,partial,True,-0.0021040727932586,0.0020268742299636,0.0,0.0023659974273463,0.00134124926425,472.0,0.0040409491025227,-0.2528412923844595,56.99152542372882,False,914061,2026-04-23 21:33:51+00:00,194,False,0.7583204507827759,sentence-transformers/all-mpnet-base-v2,confirmatory,True,True
2047461630578160039,HOOD,False,,1,insufficient,False,0.0122598029766738,,,,,,,,,False,605700792,2026-04-23 23:44:27+00:00,263,False,0.6293660402297974,sentence-transformers/all-mpnet-base-v2,confirmatory,True,False
2047461655026762103,HOOD,False,,1,insufficient,False,0.0122598029766738,,,,,,,,,False,605700792,2026-04-23 23:44:33+00:00,264,False,0.7856369018554688,sentence-transformers/all-mpnet-base-v2,confirmatory,True,False
2047490547808395363,SHOP,False,,12,partial,True,-0.0163187230576324,0.0022238642288443,0.0,0.0022388075140546,0.0010375195416403,8237.0,0.0035029443251395,-0.0144028951846409,60.37392254461575,False,676573,2026-04-24 01:39:21+00:00,182,False,0.5476667284965515,sentence-transformers/all-mpnet-base-v2,exploratory_only,True,False
2047504081493868930,HOOD,False,,1,insufficient,False,0.0122598029766738,,,,,,,,,False,605700792,2026-04-24 02:33:08+00:00,265,False,0.5669053792953491,sentence-transformers/all-mpnet-base-v2,confirmatory,True,False
2047540230694350958,BOX,False,,11,partial,True,-0.0021040727932586,0.0020268742299636,0.0,0.0023659974273463,0.00134124926425,472.0,0.0040409491025227,-0.2528412923844595,56.99152542372882,False,914061,2026-04-24 04:56:47+00:00,195,False,0.2223021388053894,sentence-transformers/all-mpnet-base-v2,confirmatory,True,True
2047740014126325970,HOOD,False,,14,partial,True,-0.0017959977884648,0.0006663782322817,9.0,0.0011713599027867,0.0006290243946238,9003.0,0.0018144380786752,-0.8028014093268449,11.55170498722648,False,605700792,2026-04-24 18:10:39+00:00,266,False,0.795346736907959,sentence-transformers/all-mpnet-base-v2,confirmatory,True,True
2047743651053556126,MSFT,False,,15,complete,True,0.000203014514625,0.00029402460603,9.0,0.0004130497589246,0.0002313650987548,9133.0,0.000642585773961,-0.5144473109176876,31.150771925982703,False,20571756,2026-04-24 18:25:06+00:00,87,False,0.470023512840271,sentence-transformers/all-mpnet-base-v2,null_baseline,True,False
2047743653045837988,MSFT,False,,15,complete,True,0.000203014514625,0.00029402460603,9.0,0.0004130497589246,0.0002313650987548,9133.0,0.000642585773961,-0.5144473109176876,31.150771925982703,False,20571756,2026-04-24 18:25:06+00:00,87,False,0.5310109853744507,sentence-transformers/all-mpnet-base-v2,null_baseline,True,False
2047743655587504507,MSFT,False,,15,complete,True,0.000203014514625,0.00029402460603,9.0,0.0004130497589246,0.0002313650987548,9133.0,0.000642585773961,-0.5144473109176876,31.150771925982703,False,20571756,2026-04-24 18:25:07+00:00,89,False,0.5877790451049805,sentence-transformers/all-mpnet-base-v2,null_baseline,True,False
2047743658527789565,MSFT,False,,15,complete,True,0.000203014514625,0.00029402460603,9.0,0.0004130497589246,0.0002313650987548,9133.0,0.000642585773961,-0.5144473109176876,31.150771925982703,False,20571756,2026-04-24 18:25:08+00:00,90,False,0.3873653411865234,sentence-transformers/all-mpnet-base-v2,null_baseline,True,False
2047747142308274645,BOX,False,,6,insufficient,False,0.0001891908936118,0.0003324935011114,10.0,0.0008190620321485,0.0003124081692805,265.0,0.0012370491267267,-1.5574769768592536,3.39622641509434,False,914061,2026-04-24 18:38:58+00:00,196,False,0.3387216329574585,sentence-transformers/all-mpnet-base-v2,confirmatory,True,False
2047852518651359260,CRM,False,,15,complete,True,0.0172666328675292,0.0034718848244342,0.0,0.0016535633785195,0.0007536210791284,7739.0,0.0026949740567718,2.4127794408532064,97.38984364905026,True,22330739,2026-04-25 01:37:42+00:00,122,False,0.3156082034111023,sentence-transformers/all-mpnet-base-v2,confirmatory,True,True
2048094614054142251,SHOP,False,,13,partial,True,-0.0034224034941823,0.0062816003523413,0.0,0.0022388075140546,0.0010375195416403,8237.0,0.0035029443251395,3.896594402352069,99.23515843146777,True,676573,2026-04-25 17:39:42+00:00,183,False,0.6684486865997314,sentence-transformers/all-mpnet-base-v2,exploratory_only,True,False
2048194324391936364,MSFT,False,,15,complete,True,-0.0086260099404046,0.0017911110483475,0.0,0.0009394249546098,0.0004120387512163,14653.0,0.0014739637379442,2.067004841713468,96.01446802702516,True,20571756,2026-04-26 00:15:55+00:00,89,False,0.5766649842262268,sentence-transformers/all-mpnet-base-v2,null_baseline,True,False
2048194326946308453,MSFT,False,,15,complete,True,-0.0086260099404046,0.0017911110483475,0.0,0.0009394249546098,0.0004120387512163,14653.0,0.0014739637379442,2.067004841713468,96.01446802702516,True,20571756,2026-04-26 00:15:55+00:00,89,False,0.5758707523345947,sentence-transformers/all-mpnet-base-v2,null_baseline,True,False
2048198394091393284,SHOP,False,,13,partial,True,-0.0034224034941823,0.0062816003523413,0.0,0.0022388075140546,0.0010375195416403,8237.0,0.0035029443251395,3.896594402352069,99.23515843146777,True,676573,2026-04-26 00:32:05+00:00,184,False,0.4867727756500244,sentence-transformers/all-mpnet-base-v2,exploratory_only,True,False
2048223146063609965,BOX,False,,13,partial,True,0.0046131975572465,0.0047822049048065,0.0,0.0023659974273463,0.00134124926425,472.0,0.0040409491025227,1.8014604308552324,91.94915254237289,True,914061,2026-04-26 02:10:26+00:00,195,False,0.2817380428314209,sentence-transformers/all-mpnet-base-v2,confirmatory,True,True
2048503798143017382,SHOP,False,,13,partial,True,-0.0034224034941823,0.0062816003523413,0.0,0.0022388075140546,0.0010375195416403,8237.0,0.0035029443251395,3.896594402352069,99.23515843146777,True,676573,2026-04-26 20:45:39+00:00,185,False,0.5284359455108643,sentence-transformers/all-mpnet-base-v2,exploratory_only,True,False
2048537503972684252,BOX,False,,13,partial,True,0.0046131975572465,0.0047822049048065,0.0,0.0023659974273463,0.00134124926425,472.0,0.0040409491025227,1.8014604308552324,91.94915254237289,True,914061,2026-04-26 22:59:35+00:00,195,False,0.297274112701416,sentence-transformers/all-mpnet-base-v2,confirmatory,True,True
2048576989930619185,BOX,False,,13,partial,True,0.0046131975572465,0.0047822049048065,0.0,0.0023659974273463,0.00134124926425,472.0,0.0040409491025227,1.8014604308552324,91.94915254237289,True,914061,2026-04-27 01:36:29+00:00,196,False,0.3317103385925293,sentence-transformers/all-mpnet-base-v2,confirmatory,True,True
2048582660684124263,HOOD,False,,15,complete,True,0.0062980601284992,0.0031255510770382,0.0,0.0029116442658918,0.0011964742156813,12565.0,0.0044324270052405,0.1787809618818747,66.58973338639078,False,605700792,2026-04-27 01:59:01+00:00,263,False,0.4452947378158569,sentence-transformers/all-mpnet-base-v2,confirmatory,True,True
2048584630178332674,HOOD,False,,15,complete,True,0.0062980601284992,0.0031255510770382,0.0,0.0029116442658918,0.0011964742156813,12565.0,0.0044324270052405,0.1787809618818747,66.58973338639078,False,605700792,2026-04-27 02:06:51+00:00,264,False,0.7714272141456604,sentence-transformers/all-mpnet-base-v2,confirmatory,True,True
2048729178661421061,SHOP,False,,13,partial,True,-0.0034224034941823,0.0062816003523413,0.0,0.0022388075140546,0.0010375195416403,8237.0,0.0035029443251395,3.896594402352069,99.23515843146777,True,676573,2026-04-27 11:41:14+00:00,186,False,0.6025660634040833,sentence-transformers/all-mpnet-base-v2,exploratory_only,True,False
2048829906478682304,MSFT,False,,15,complete,True,0.0006003455413107,0.0003426638836446,9.0,0.0004130497589246,0.0002313650987548,9133.0,0.000642585773961,-0.3042199348944024,45.341070842001535,False,20571756,2026-04-27 18:21:29+00:00,85,False,0.3711128234863281,sentence-transformers/all-mpnet-base-v2,null_baseline,True,False
2048882283164389661,MSFT,False,,2,insufficient,False,-0.0044722980573566,0.0,,,,,,,,False,20571756,2026-04-27 21:49:37+00:00,86,False,0.5920563340187073,sentence-transformers/all-mpnet-base-v2,null_baseline,True,False
2048882284548534346,MSFT,False,,2,insufficient,False,-0.0044722980573566,0.0,,,,,,,,False,20571756,2026-04-27 21:49:37+00:00,86,False,0.5156315565109253,sentence-transformers/all-mpnet-base-v2,null_baseline,True,False
2048950940661932319,BOX,False,,15,complete,True,0.0238218698678075,0.002997269104498,0.0,0.0023659974273463,0.00134124926425,472.0,0.0040409491025227,0.4706594769352086,78.38983050847457,False,914061,2026-04-28 02:22:26+00:00,196,False,0.9248234629631042,sentence-transformers/all-mpnet-base-v2,confirmatory,True,True
2048966332876828859,MSFT,False,,2,insufficient,False,-0.0044722980573566,0.0,,,,,,,,False,20571756,2026-04-28 03:23:36+00:00,83,False,0.357751727104187,sentence-transformers/all-mpnet-base-v2,null_baseline,True,False
2049163935182733396,BOX,False,,8,partial,True,0.0009432641799328,0.0005330988354695,5.0,0.0008476673880137,0.0003763439537565,100.0,0.0012922168242674,-0.8358538762327212,15.0,False,914061,2026-04-28 16:28:48+00:00,196,False,0.3306556940078735,sentence-transformers/all-mpnet-base-v2,confirmatory,True,True
2049223735912337474,HOOD,True,"earnings(HOOD, 2026-04-28 20:00:00+00:00->2026-04-29 20:00:00+00:00)",15,complete,False,-0.1092886208109501,0.0053831085587557,0.0,0.0029116442658918,0.0011964742156813,12565.0,0.0044324270052405,2.0656226941392575,96.10027855153204,True,605700792,2026-04-28 20:26:26+00:00,264,False,0.6818272471427917,sentence-transformers/all-mpnet-base-v2,confirmatory,True,False
2049228409172333016,HOOD,True,"earnings(HOOD, 2026-04-28 20:00:00+00:00->2026-04-29 20:00:00+00:00)",15,complete,False,-0.1092886208109501,0.0053831085587557,0.0,0.0029116442658918,0.0011964742156813,12565.0,0.0044324270052405,2.0656226941392575,96.10027855153204,True,605700792,2026-04-28 20:45:00+00:00,265,False,0.629081666469574,sentence-transformers/all-mpnet-base-v2,confirmatory,True,False
2049333853777764495,BOX,False,,12,partial,True,-0.0095584946494661,0.0032802557917271,0.0,0.0023659974273463,0.00134124926425,472.0,0.0040409491025227,0.6816468711294755,81.5677966101695,False,914061,2026-04-29 03:44:00+00:00,196,False,0.34231036901474,sentence-transformers/all-mpnet-base-v2,confirmatory,True,True
2049610712646140247,QCOM,True,"earnings(QCOM, 2026-04-29 20:00:00+00:00->2026-04-30 20:00:00+00:00)",15,complete,False,0.0626899124004025,0.006146346469682,0.0,0.0017823192627403,0.0010698256208132,8499.0,0.0032347960452871,4.079194891242346,99.54112248499824,True,234930762,2026-04-29 22:04:08+00:00,70,False,0.4066610932350158,sentence-transformers/all-mpnet-base-v2,confirmatory,True,False
2049622812680409373,MSFT,True,"earnings(MSFT, 2026-04-29 20:00:00+00:00->2026-04-30 20:00:00+00:00)",15,complete,False,-0.0369615339263154,0.0040132755093173,0.0,0.0009394249546098,0.0004120387512163,14653.0,0.0014739637379442,7.460100647411797,99.97270183580154,True,20571756,2026-04-29 22:52:13+00:00,82,False,0.3417948484420776,sentence-transformers/all-mpnet-base-v2,null_baseline,True,False
2049622814790152567,MSFT,True,"earnings(MSFT, 2026-04-29 20:00:00+00:00->2026-04-30 20:00:00+00:00)",15,complete,False,-0.0369615339263154,0.0040132755093173,0.0,0.0009394249546098,0.0004120387512163,14653.0,0.0014739637379442,7.460100647411797,99.97270183580154,True,20571756,2026-04-29 22:52:13+00:00,82,False,0.3077292442321777,sentence-transformers/all-mpnet-base-v2,null_baseline,True,False
2049622816207814788,MSFT,True,"earnings(MSFT, 2026-04-29 20:00:00+00:00->2026-04-30 20:00:00+00:00)",15,complete,False,-0.0369615339263154,0.0040132755093173,0.0,0.0009394249546098,0.0004120387512163,14653.0,0.0014739637379442,7.460100647411797,99.97270183580154,True,20571756,2026-04-29 22:52:14+00:00,84,False,0.3102256059646606,sentence-transformers/all-mpnet-base-v2,null_baseline,True,False
2049622817659142284,MSFT,True,"earnings(MSFT, 2026-04-29 20:00:00+00:00->2026-04-30 20:00:00+00:00)",15,complete,False,-0.0369615339263154,0.0040132755093173,0.0,0.0009394249546098,0.0004120387512163,14653.0,0.0014739637379442,7.460100647411797,99.97270183580154,True,20571756,2026-04-29 22:52:14+00:00,84,False,0.5689813494682312,sentence-transformers/all-mpnet-base-v2,null_baseline,True,False
2049685958602162410,SHOP,False,,13,partial,True,-0.0003750821881793,0.0032757185659532,0.0,0.0022388075140546,0.0010375195416403,8237.0,0.0035029443251395,0.9994135149100652,87.53186839868884,False,676573,2026-04-30 03:03:08+00:00,187,False,0.8028143644332886,sentence-transformers/all-mpnet-base-v2,exploratory_only,True,False
2049714403050918067,BOX,False,,7,insufficient,False,-0.0180663744069827,0.0033906399295136,0.0,0.0023659974273463,0.00134124926425,472.0,0.0040409491025227,0.7639463666287538,82.41525423728814,False,914061,2026-04-30 04:56:10+00:00,197,False,0.3393797278404236,sentence-transformers/all-mpnet-base-v2,confirmatory,True,False
2049817934604763199,SHOP,False,,13,partial,True,-0.0003750821881793,0.0032757185659532,0.0,0.0022388075140546,0.0010375195416403,8237.0,0.0035029443251395,0.9994135149100652,87.53186839868884,False,676573,2026-04-30 11:47:34+00:00,188,False,0.6308145523071289,sentence-transformers/all-mpnet-base-v2,exploratory_only,True,False
2049924686331429219,SHOP,False,,12,partial,True,-0.0021041631825601,0.0007447165511075,10.0,0.0009472015854964,0.0006222780681837,4909.0,0.0017232181833228,-0.3253931718659461,45.87492360969648,False,676573,2026-04-30 18:51:45+00:00,189,False,0.7049603462219238,sentence-transformers/all-mpnet-base-v2,exploratory_only,True,False
2049928302538723382,SHOP,False,,11,partial,True,0.0003748171739554,0.0005887251679007,11.0,0.0008774277478409,0.0004630811946625,7453.0,0.0014346548949007,-0.6234383586890866,28.726687240037567,False,676573,2026-04-30 19:06:07+00:00,190,False,0.4309725761413574,sentence-transformers/all-mpnet-base-v2,exploratory_only,True,False
2050051426446152159,BOX,False,,11,partial,True,0.0183496905748943,0.0036502581335374,0.0,0.0023659974273463,0.00134124926425,472.0,0.0040409491025227,0.9575108374125832,85.38135593220339,False,914061,2026-05-01 03:15:22+00:00,195,False,0.401518702507019,sentence-transformers/all-mpnet-base-v2,confirmatory,True,True
2050240083325030404,BOX,False,,10,partial,True,0.0012301608860254,0.0006568649578357,4.0,0.0009576938331044,0.0005641838163725,206.0,0.0015407005801061,-0.5332107489417223,34.46601941747573,False,914061,2026-05-01 15:45:02+00:00,196,False,0.207282543182373,sentence-transformers/all-mpnet-base-v2,confirmatory,True,True
2050251014691840015,MSFT,False,,15,complete,True,0.0004514990051412,0.0005598675743658,5.0,0.0004669323990018,0.0002276766504381,8901.0,0.0007157854781702,0.4081893122773249,74.80058420402203,False,20571756,2026-05-01 16:28:28+00:00,86,False,0.4462496638298034,sentence-transformers/all-mpnet-base-v2,null_baseline,True,False
2050295657836277764,BOX,False,,15,complete,True,-0.0038864378866353,0.0012716069872609,11.0,0.0008934168611414,0.0005987207556726,755.0,0.0013152033478981,0.631663630392529,88.34437086092716,False,914061,2026-05-01 19:25:52+00:00,197,False,0.2963898181915283,sentence-transformers/all-mpnet-base-v2,confirmatory,True,True
2050299817256186348,QCOM,False,,15,complete,True,0.0033564275405408,0.0013914517849375,12.0,0.0008976044924825,0.000539949574948,5494.0,0.0015152023013888,0.9146174297896714,86.96760101929377,False,234930762,2026-05-01 19:42:23+00:00,71,False,0.3299298882484436,sentence-transformers/all-mpnet-base-v2,confirmatory,True,True
2050300588026695793,QCOM,False,,14,partial,True,0.0036766420376805,0.0014212618085615,12.0,0.0008976044924825,0.000539949574948,5494.0,0.0015152023013888,0.9698263326337384,87.78667637422643,False,234930762,2026-05-01 19:45:27+00:00,72,False,0.2737098932266235,sentence-transformers/all-mpnet-base-v2,confirmatory,True,True
2050320060703793175,CRM,False,,15,complete,True,0.0085219524690798,0.0030833164883062,0.0,0.0016535633785195,0.0007536210791284,7739.0,0.0026949740567718,1.8971777055919832,94.77968729810054,True,22330739,2026-05-01 21:02:50+00:00,119,False,0.474373459815979,sentence-transformers/all-mpnet-base-v2,confirmatory,True,True
2050321017982292384,HOOD,False,,1,insufficient,False,0.0192337693211369,,,,,,,,,False,605700792,2026-05-01 21:06:38+00:00,265,False,0.5253105163574219,sentence-transformers/all-mpnet-base-v2,confirmatory,True,False
2050324213748449747,HOOD,False,,1,insufficient,False,0.0192337693211369,,,,,,,,,False,605700792,2026-05-01 21:19:20+00:00,266,False,0.6023685336112976,sentence-transformers/all-mpnet-base-v2,confirmatory,True,False
2050324214847345123,HOOD,False,,1,insufficient,False,0.0192337693211369,,,,,,,,,False,605700792,2026-05-01 21:19:20+00:00,266,False,0.6394996643066406,sentence-transformers/all-mpnet-base-v2,confirmatory,True,False
2050324216357282248,HOOD,False,,1,insufficient,False,0.0192337693211369,,,,,,,,,False,605700792,2026-05-01 21:19:21+00:00,268,False,0.6140769720077515,sentence-transformers/all-mpnet-base-v2,confirmatory,True,False
2050324217921749208,HOOD,False,,1,insufficient,False,0.0192337693211369,,,,,,,,,False,605700792,2026-05-01 21:19:21+00:00,268,False,0.6139620542526245,sentence-transformers/all-mpnet-base-v2,confirmatory,True,False
2050324219456839858,HOOD,False,,1,insufficient,False,0.0192337693211369,,,,,,,,,False,605700792,2026-05-01 21:19:21+00:00,268,False,0.6690057516098022,sentence-transformers/all-mpnet-base-v2,confirmatory,True,False
2050352176929857700,QCOM,False,,15,complete,True,-0.0447865867754074,0.005813132148093,0.0,0.0017823192627403,0.0010698256208132,8499.0,0.0032347960452871,3.767728877430037,99.38816331333098,True,234930762,2026-05-01 23:10:27+00:00,73,False,0.3137601017951965,sentence-transformers/all-mpnet-base-v2,confirmatory,True,True
2050355012899881227,SHOP,False,,15,complete,True,-0.016714074987463,0.0036614406338492,0.0,0.0022388075140546,0.0010375195416403,8237.0,0.0035029443251395,1.3711868188481833,91.68386548500668,True,676573,2026-05-01 23:21:43+00:00,191,False,0.5227915048599243,sentence-transformers/all-mpnet-base-v2,exploratory_only,True,False
2050362890633592936,CRM,False,,15,complete,True,0.0085219524690798,0.0030833164883062,0.0,0.0016535633785195,0.0007536210791284,7739.0,0.0026949740567718,1.8971777055919832,94.77968729810054,True,22330739,2026-05-01 23:53:01+00:00,120,False,0.4190150499343872,sentence-transformers/all-mpnet-base-v2,confirmatory,True,True
2050386663155905002,CRM,False,,15,complete,True,0.0085219524690798,0.0030833164883062,0.0,0.0016535633785195,0.0007536210791284,7739.0,0.0026949740567718,1.8971777055919832,94.77968729810054,True,22330739,2026-05-02 01:27:29+00:00,121,False,0.4057924151420593,sentence-transformers/all-mpnet-base-v2,confirmatory,True,True
2050548824368873498,MSFT,False,,15,complete,True,0.0065964365044717,0.0016460921384459,0.0,0.0009394249546098,0.0004120387512163,14653.0,0.0014739637379442,1.7150502998809771,93.7418958575036,True,20571756,2026-05-02 12:11:51+00:00,86,False,0.3478075265884399,sentence-transformers/all-mpnet-base-v2,null_baseline,True,False
2050684160151617603,BOX,False,,7,insufficient,False,0.0044509607802354,0.0050687918723601,0.0,0.0023659974273463,0.00134124926425,472.0,0.0040409491025227,2.015132098898134,92.58474576271186,True,914061,2026-05-02 21:09:38+00:00,197,False,0.3284230232238769,sentence-transformers/all-mpnet-base-v2,confirmatory,True,False
2050696874332758446,CRM,False,,15,complete,True,0.0085219524690798,0.0030833164883062,0.0,0.0016535633785195,0.0007536210791284,7739.0,0.0026949740567718,1.8971777055919832,94.77968729810054,True,22330739,2026-05-02 22:00:09+00:00,122,False,0.4015300273895263,sentence-transformers/all-mpnet-base-v2,confirmatory,True,True
2050932144730460321,SHOP,False,,15,complete,True,-0.016714074987463,0.0036614406338492,0.0,0.0022388075140546,0.0010375195416403,8237.0,0.0035029443251395,1.3711868188481833,91.68386548500668,True,676573,2026-05-03 13:35:02+00:00,192,False,0.7383526563644409,sentence-transformers/all-mpnet-base-v2,exploratory_only,True,False
2050995457011384495,HOOD,False,,1,insufficient,False,0.0192337693211369,,,,,,,,,False,605700792,2026-05-03 17:46:37+00:00,270,False,0.5263217091560364,sentence-transformers/all-mpnet-base-v2,confirmatory,True,False
2051009208393589096,BOX,False,,7,insufficient,False,0.0044509607802354,0.0050687918723601,0.0,0.0023659974273463,0.00134124926425,472.0,0.0040409491025227,2.015132098898134,92.58474576271186,True,914061,2026-05-03 18:41:15+00:00,196,False,0.339497447013855,sentence-transformers/all-mpnet-base-v2,confirmatory,True,False
2051057677984469277,BOX,False,,7,insufficient,False,0.0044509607802354,0.0050687918723601,0.0,0.0023659974273463,0.00134124926425,472.0,0.0040409491025227,2.015132098898134,92.58474576271186,True,914061,2026-05-03 21:53:51+00:00,197,False,0.2436598539352417,sentence-transformers/all-mpnet-base-v2,confirmatory,True,False
2051344780328858040,BOX,False,,10,partial,True,-0.0008313843479024,0.0005190307673996,6.0,0.0008828791634215,0.0002489084372389,101.0,0.0011867096342035,-1.461776065359771,2.9702970297029703,False,914061,2026-05-04 16:54:42+00:00,197,False,0.168142557144165,sentence-transformers/all-mpnet-base-v2,confirmatory,True,True
2051354922969698316,HOOD,False,,15,complete,True,0.000331873275507,0.0006634453251596,8.0,0.001213082701226,0.0006543315496727,8409.0,0.0018807725151064,-0.839998279681416,10.322273754310858,False,605700792,2026-05-04 17:35:00+00:00,267,False,0.598365306854248,sentence-transformers/all-mpnet-base-v2,confirmatory,True,True
2051354924278264116,HOOD,False,,15,complete,True,0.000331873275507,0.0006634453251596,8.0,0.001213082701226,0.0006543315496727,8409.0,0.0018807725151064,-0.839998279681416,10.322273754310858,False,605700792,2026-05-04 17:35:00+00:00,267,False,0.5649322271347046,sentence-transformers/all-mpnet-base-v2,confirmatory,True,True
2051372902747181454,QCOM,False,,15,complete,True,0.0003905338894882,0.0004628977881487,10.0,0.0008381018115482,0.0007442819782589,4975.0,0.0014326202346469,-0.5041154217883095,23.618090452261303,False,234930762,2026-05-04 18:46:27+00:00,74,False,0.6561775803565979,sentence-transformers/all-mpnet-base-v2,confirmatory,True,True
2051712533174931707,MSFT,False,,15,complete,True,0.0008918835855282,0.0004820805252209,7.0,0.0004485307556491,0.0004097469845394,8216.0,0.0006639670621169,0.0818792348392065,69.87585199610517,False,20571756,2026-05-05 17:16:01+00:00,84,False,0.5174475908279419,sentence-transformers/all-mpnet-base-v2,null_baseline,True,False
2051712534638637234,MSFT,False,,15,complete,True,0.0008918835855282,0.0004820805252209,7.0,0.0004485307556491,0.0004097469845394,8216.0,0.0006639670621169,0.0818792348392065,69.87585199610517,False,20571756,2026-05-05 17:16:01+00:00,84,False,0.6140069365501404,sentence-transformers/all-mpnet-base-v2,null_baseline,True,False
2051787232043020719,MSFT,False,,15,complete,True,-0.0175852713966595,0.0018118928367115,0.0,0.0009394249546098,0.0004120387512163,14653.0,0.0014739637379442,2.1174413317346583,96.26697604586091,True,20571756,2026-05-05 22:12:51+00:00,86,False,0.4205839037895202,sentence-transformers/all-mpnet-base-v2,null_baseline,True,False
2052006315686310398,SHOP,False,,15,complete,True,0.0109986333798088,0.0044329645693058,0.0,0.0022388075140546,0.0010375195416403,8237.0,0.0035029443251395,2.1148103406150156,96.00582736433168,True,676573,2026-05-06 12:43:24+00:00,193,False,0.5233311057090759,sentence-transformers/all-mpnet-base-v2,exploratory_only,True,False
2052067593578549739,HOOD,False,,15,complete,True,-0.0019342998863859,0.0013309113218426,6.0,0.0013312371582174,0.0007325749655066,8487.0,0.0020897515683504,-0.0004447822955621,62.625191469306,False,605700792,2026-05-06 16:46:54+00:00,264,False,0.4762195348739624,sentence-transformers/all-mpnet-base-v2,confirmatory,True,True
2052071639337337288,BOX,False,,9,partial,True,-0.0016621613495351,0.0005595254314363,7.0,0.0010747703904457,0.0006370892637828,158.0,0.0018873071630307,-0.80874845692738,18.354430379746837,False,914061,2026-05-06 17:02:59+00:00,196,False,0.358471155166626,sentence-transformers/all-mpnet-base-v2,confirmatory,True,True
2052138354620203174,SHOP,False,,1,insufficient,False,0.0115838740025084,,,,,,,,,False,676573,2026-05-06 21:28:05+00:00,194,False,0.6274951696395874,sentence-transformers/all-mpnet-base-v2,exploratory_only,True,False
2052369354851832005,SHOP,False,,15,complete,True,0.0339422755262861,0.0036049348109165,0.0,0.0022388075140546,0.0010375195416403,8237.0,0.0035029443251395,1.316724400874438,91.13755007891224,True,676573,2026-05-07 12:46:00+00:00,195,False,0.7631465196609497,sentence-transformers/all-mpnet-base-v2,exploratory_only,True,False
2052439738062123152,SHOP,False,,15,complete,True,-0.0001483971855116,0.0018053332205043,7.0,0.0010934705418116,0.0009355395420648,3480.0,0.0017133619577662,0.7609113743301057,91.63793103448276,True,676573,2026-05-07 17:25:40+00:00,196,False,0.7600614428520203,sentence-transformers/all-mpnet-base-v2,exploratory_only,True,False
2052465911832171001,MSFT,False,,15,complete,True,-0.002959594663551,0.0005028040145048,11.0,0.0004038797262934,0.0002294343287601,11546.0,0.0006587422095737,0.4311660279700879,78.13961545123853,False,20571756,2026-05-07 19:09:41+00:00,87,False,0.5262994766235352,sentence-transformers/all-mpnet-base-v2,null_baseline,True,False
2052465914210398325,MSFT,False,,15,complete,True,-0.002959594663551,0.0005028040145048,11.0,0.0004038797262934,0.0002294343287601,11546.0,0.0006587422095737,0.4311660279700879,78.13961545123853,False,20571756,2026-05-07 19:09:41+00:00,87,False,0.6886109709739685,sentence-transformers/all-mpnet-base-v2,null_baseline,True,False
2052511267651453273,HOOD,True,"jobs_report(ALL, 2026-05-08 12:30:00+00:00->2026-05-08 20:00:00+00:00)",15,complete,False,-0.0243506039752094,0.003118339016109,0.0,0.0029116442658918,0.0011964742156813,12565.0,0.0044324270052405,0.1727532006190582,66.3350576999602,False,605700792,2026-05-07 22:09:54+00:00,264,False,0.359245240688324,sentence-transformers/all-mpnet-base-v2,confirmatory,True,False
2052526042959732745,QCOM,False,,2,insufficient,False,0.0597067594532843,0.0,,,,,,,,False,234930762,2026-05-07 23:08:37+00:00,73,False,0.2576688528060913,sentence-transformers/all-mpnet-base-v2,confirmatory,True,False
2052566788236509254,BOX,True,"jobs_report(ALL, 2026-05-08 12:30:00+00:00->2026-05-08 20:00:00+00:00)",9,partial,False,-0.0301871172771203,0.0028457857038135,0.0,0.0023659974273463,0.00134124926425,472.0,0.0040409491025227,0.3577174573403615,75.63559322033898,False,914061,2026-05-08 01:50:31+00:00,196,False,0.2586955428123474,sentence-transformers/all-mpnet-base-v2,confirmatory,True,False
2052714349471338867,SHOP,True,"jobs_report(ALL, 2026-05-08 12:30:00+00:00->2026-05-08 20:00:00+00:00)",15,complete,False,-0.0364214757342936,0.003059886683781,0.0,0.0022388075140546,0.0010375195416403,8237.0,0.0035029443251395,0.7913867033562637,83.95046740318077,False,676573,2026-05-08 11:36:53+00:00,197,False,0.6717845797538757,sentence-transformers/all-mpnet-base-v2,exploratory_only,True,False
2052887141894799538,HOOD,False,,15,complete,True,-0.0185501737885663,0.0025825243540616,0.0,0.0029116442658918,0.0011964742156813,12565.0,0.0044324270052405,-0.2750748052207519,46.30322323915639,False,605700792,2026-05-08 23:03:30+00:00,263,False,0.5572117567062378,sentence-transformers/all-mpnet-base-v2,confirmatory,True,True
2052903105256382679,BOX,False,,12,partial,True,-0.0089903963959857,0.0033547039817968,0.0,0.0023659974273463,0.00134124926425,472.0,0.0040409491025227,0.7371534738573045,82.41525423728814,False,914061,2026-05-09 00:06:56+00:00,196,False,0.4739378690719604,sentence-transformers/all-mpnet-base-v2,confirmatory,True,True
2053121182044451016,SHOP,False,,15,complete,True,-0.0362460226716202,0.0031357343521537,0.0,0.0022388075140546,0.0010375195416403,8237.0,0.0035029443251395,0.864491512787416,85.31018574723808,False,676573,2026-05-09 14:33:29+00:00,198,False,0.5638599395751953,sentence-transformers/all-mpnet-base-v2,exploratory_only,True,False
2053267097493573921,BOX,False,,12,partial,True,-0.0089903963959857,0.0033547039817968,0.0,0.0023659974273463,0.00134124926425,472.0,0.0040409491025227,0.7371534738573045,82.41525423728814,False,914061,2026-05-10 00:13:18+00:00,196,False,0.2386344671249389,sentence-transformers/all-mpnet-base-v2,confirmatory,True,True
2053334532666081624,MSFT,False,,15,complete,True,-0.0153595157095121,0.00217887556206,0.0,0.0009394249546098,0.0004120387512163,14653.0,0.0014739637379442,3.0080923306157143,98.55319729748174,True,20571756,2026-05-10 04:41:16+00:00,89,False,0.4891312718391418,sentence-transformers/all-mpnet-base-v2,null_baseline,True,False
2053473802193883353,SHOP,False,,15,complete,True,-0.0362460226716202,0.0031357343521537,0.0,0.0022388075140546,0.0010375195416403,8237.0,0.0035029443251395,0.864491512787416,85.31018574723808,False,676573,2026-05-10 13:54:40+00:00,199,False,0.6539078950881958,sentence-transformers/all-mpnet-base-v2,exploratory_only,True,False
2053672965125140915,BOX,False,,12,partial,True,-0.0089903963959857,0.0033547039817968,0.0,0.0023659974273463,0.00134124926425,472.0,0.0040409491025227,0.7371534738573045,82.41525423728814,False,914061,2026-05-11 03:06:04+00:00,195,False,0.2060047388076782,sentence-transformers/all-mpnet-base-v2,confirmatory,True,True
2053888702427115811,BOX,False,,11,partial,True,-0.0042788000903879,0.0007553824519841,7.0,0.0010747703904457,0.0006370892637828,158.0,0.0018873071630307,-0.5013236866764795,38.607594936708864,False,914061,2026-05-11 17:23:20+00:00,196,False,0.3363441824913025,sentence-transformers/all-mpnet-base-v2,confirmatory,True,True
2053962576610935274,SHOP,True,"cpi(ALL, 2026-05-12 12:30:00+00:00->2026-05-12 20:00:00+00:00)",15,complete,False,0.0001486728733725,0.0033324527517639,0.0,0.0022388075140546,0.0010375195416403,8237.0,0.0035029443251395,1.0540960375361026,88.23600825543281,False,676573,2026-05-11 22:16:53+00:00,200,False,0.4196486473083496,sentence-transformers/all-mpnet-base-v2,exploratory_only,True,False
2054277953794847152,BOX,True,"cpi(ALL, 2026-05-12 12:30:00+00:00->2026-05-12 20:00:00+00:00)",14,partial,False,-0.0017752924803071,0.0006817638439795,11.0,0.0008934168611414,0.0005987207556726,755.0,0.0013152033478981,-0.3535087353438276,37.35099337748344,False,914061,2026-05-12 19:10:05+00:00,196,False,0.2131387591361999,sentence-transformers/all-mpnet-base-v2,confirmatory,True,False
2054279004484751510,HOOD,True,"cpi(ALL, 2026-05-12 12:30:00+00:00->2026-05-12 20:00:00+00:00)",15,complete,False,-0.0061762823254243,0.0007344550055378,11.0,0.0011052161091722,0.0005247132447824,10594.0,0.00171155371555,-0.7065975698558994,22.248442514630923,False,605700792,2026-05-12 19:14:15+00:00,257,False,0.6413394212722778,sentence-transformers/all-mpnet-base-v2,confirmatory,True,False
2054279092816761193,HOOD,True,"cpi(ALL, 2026-05-12 12:30:00+00:00->2026-05-12 20:00:00+00:00)",15,complete,False,-0.0061762823254243,0.0007344550055378,11.0,0.0011052161091722,0.0005247132447824,10594.0,0.00171155371555,-0.7065975698558994,22.248442514630923,False,605700792,2026-05-12 19:14:37+00:00,258,False,0.6915868520736694,sentence-transformers/all-mpnet-base-v2,confirmatory,True,False
2054279202325909795,HOOD,True,"cpi(ALL, 2026-05-12 12:30:00+00:00->2026-05-12 20:00:00+00:00)",15,complete,False,-0.0033671096183067,0.0008292360529375,11.0,0.0011052161091722,0.0005247132447824,10594.0,0.00171155371555,-0.5259635791149431,32.32018123466113,False,605700792,2026-05-12 19:15:03+00:00,259,False,0.627293586730957,sentence-transformers/all-mpnet-base-v2,confirmatory,True,False
2054291305790849334,SHOP,False,,15,complete,True,-0.0336822118512355,0.0031503332094908,0.0,0.0022388075140546,0.0010375195416403,8237.0,0.0035029443251395,0.8785624355518599,85.63797499089473,False,676573,2026-05-12 20:03:08+00:00,201,False,0.6029822826385498,sentence-transformers/all-mpnet-base-v2,exploratory_only,True,False
2054334791823360303,HOOD,False,,15,complete,True,-0.028338089522217,0.002448751783427,0.0,0.0029116442658918,0.0011964742156813,12565.0,0.0044324270052405,-0.3868804495725695,41.05849582172702,False,605700792,2026-05-12 22:55:56+00:00,259,False,0.6601790189743042,sentence-transformers/all-mpnet-base-v2,confirmatory,True,True
2054351354156794163,MSFT,False,,15,complete,True,-0.0112665150922682,0.0014877480455869,0.0,0.0009394249546098,0.0004120387512163,14653.0,0.0014739637379442,1.3307561227153242,90.38422166109328,True,20571756,2026-05-13 00:01:45+00:00,89,False,0.5089663863182068,sentence-transformers/all-mpnet-base-v2,null_baseline,True,False
2054398342852194386,BOX,False,,9,partial,True,-0.0176450672980801,0.0025053618112873,0.0,0.0023659974273463,0.00134124926425,472.0,0.0040409491025227,0.1039064010364377,69.49152542372882,False,914061,2026-05-13 03:08:28+00:00,196,False,0.314425528049469,sentence-transformers/all-mpnet-base-v2,confirmatory,True,True
2054729966630441007,BOX,False,,7,insufficient,False,-0.0032964175247014,0.003571100783414,0.0,0.0023659974273463,0.00134124926425,472.0,0.0040409491025227,0.8984932094196155,84.7457627118644,False,914061,2026-05-14 01:06:13+00:00,197,False,0.6774007678031921,sentence-transformers/all-mpnet-base-v2,confirmatory,True,False
2054797602219262039,HOOD,False,,15,complete,True,-0.0163016743793682,0.0022340184082871,0.0,0.0029116442658918,0.0011964742156813,12565.0,0.0044324270052405,-0.566352244556154,31.516116195781933,False,605700792,2026-05-14 05:34:59+00:00,255,False,0.6222931146621704,sentence-transformers/all-mpnet-base-v2,confirmatory,True,True
2054985595030847868,HOOD,False,,15,complete,True,0.0061299885654115,0.0010647094720168,9.0,0.0011713599027867,0.0006290243946238,9003.0,0.0018144380786752,-0.16954895816674,52.73797623014551,False,605700792,2026-05-14 18:02:00+00:00,256,False,0.3850165605545044,sentence-transformers/all-mpnet-base-v2,confirmatory,True,True
2055012020790112480,HOOD,False,,13,partial,True,-0.0066653755111646,0.00092051876517,12.0,0.0011519743389481,0.0005454108705395,7659.0,0.001734746168232,-0.4243691981223833,36.74108891500196,False,605700792,2026-05-14 19:47:00+00:00,257,False,0.5461928844451904,sentence-transformers/all-mpnet-base-v2,confirmatory,True,True
2055051110604247413,SHOP,False,,15,complete,True,0.0072070884409018,0.0047935270964982,0.0,0.0022388075140546,0.0010375195416403,8237.0,0.0035029443251395,2.462333941589714,97.26842296952776,True,676573,2026-05-14 22:22:20+00:00,202,False,0.599759578704834,sentence-transformers/all-mpnet-base-v2,exploratory_only,True,False
2055097431847481660,SHOP,False,,15,complete,True,0.0072070884409018,0.0047935270964982,0.0,0.0022388075140546,0.0010375195416403,8237.0,0.0035029443251395,2.462333941589714,97.26842296952776,True,676573,2026-05-15 01:26:24+00:00,203,False,0.6452476978302002,sentence-transformers/all-mpnet-base-v2,exploratory_only,True,False
2055136119969529993,BOX,False,,6,insufficient,False,0.0188653744210788,0.0052222862463959,0.0,0.0023659974273463,0.00134124926425,472.0,0.0040409491025227,2.129573447070347,92.79661016949152,True,914061,2026-05-15 04:00:08+00:00,197,False,0.4816620349884033,sentence-transformers/all-mpnet-base-v2,confirmatory,True,False
2055143231625818554,BOX,False,,6,insufficient,False,0.0188653744210788,0.0052222862463959,0.0,0.0023659974273463,0.00134124926425,472.0,0.0040409491025227,2.129573447070347,92.79661016949152,True,914061,2026-05-15 04:28:23+00:00,198,False,0.2441684007644653,sentence-transformers/all-mpnet-base-v2,confirmatory,True,False
2055285042193072457,SHOP,False,,15,complete,True,0.0036613550426463,0.0032022166955655,0.0,0.0022388075140546,0.0010375195416403,8237.0,0.0035029443251395,0.9285696729988476,86.4756586135729,False,676573,2026-05-15 13:51:54+00:00,204,False,0.5750471353530884,sentence-transformers/all-mpnet-base-v2,exploratory_only,True,False
2055290775772987547,QCOM,False,,15,complete,True,0.0112268471464358,0.0023990132821493,1.0,0.0013793563903108,0.0009345661372343,7985.0,0.0026135186706023,1.0910484033328978,87.61427676894176,False,234930762,2026-05-15 14:14:41+00:00,70,False,0.2732886075973511,sentence-transformers/all-mpnet-base-v2,confirmatory,True,True
2055300379739373975,SHOP,False,,15,complete,True,0.0012235166377329,0.0020658142889752,2.0,0.0014492332007035,0.0007027666091938,6461.0,0.0022357268463656,0.8773625271965256,86.82866429345303,False,676573,2026-05-15 14:52:50+00:00,205,False,0.8261118531227112,sentence-transformers/all-mpnet-base-v2,exploratory_only,True,False
2055322366839001470,HOOD,False,,15,complete,True,0.0030648446342373,0.0005875755242779,5.0,0.0013306769934939,0.0005685696276222,9339.0,0.0020352058338232,-1.3069665228577052,2.6876539244030413,False,605700792,2026-05-15 16:20:12+00:00,257,False,0.5978864431381226,sentence-transformers/all-mpnet-base-v2,confirmatory,True,True
2055357619888595271,BOX,False,,6,insufficient,False,-0.0048549396642295,0.0006227245127202,10.0,0.0008190620321485,0.0003124081692805,265.0,0.0012370491267267,-0.6284647417528398,30.18867924528302,False,914061,2026-05-15 18:40:17+00:00,199,False,0.6120515465736389,sentence-transformers/all-mpnet-base-v2,confirmatory,True,False
2055394139026632757,CRM,False,,15,complete,True,0.0132848129713778,0.0032138081048802,0.0,0.0016535633785195,0.0007536210791284,7739.0,0.0026949740567718,2.0703305275976382,95.92970668044968,True,22330739,2026-05-15 21:05:24+00:00,113,False,0.6910243034362793,sentence-transformers/all-mpnet-base-v2,confirmatory,True,True
2055428789669343455,CRM,False,,15,complete,True,0.0132848129713778,0.0032138081048802,0.0,0.0016535633785195,0.0007536210791284,7739.0,0.0026949740567718,2.0703305275976382,95.92970668044968,True,22330739,2026-05-15 23:23:06+00:00,113,False,0.5044555068016052,sentence-transformers/all-mpnet-base-v2,confirmatory,True,True
2055433428439568819,HOOD,False,,5,insufficient,False,-0.0027828213156969,0.0039828385900063,,,,,,,,False,605700792,2026-05-15 23:41:32+00:00,258,False,0.4773448705673218,sentence-transformers/all-mpnet-base-v2,confirmatory,True,False
2055501840419328286,BOX,False,,8,partial,True,0.0128356555547965,0.0019122921177428,0.0,0.0023659974273463,0.00134124926425,472.0,0.0040409491025227,-0.3382706866625528,52.33050847457628,False,914061,2026-05-16 04:13:22+00:00,199,False,0.3912896513938904,sentence-transformers/all-mpnet-base-v2,confirmatory,True,True
2055656117120778446,SHOP,False,,15,complete,True,-0.0004106800078166,0.0048710182004256,0.0,0.0022388075140546,0.0010375195416403,8237.0,0.0035029443251395,2.537022755455223,97.4383877625349,True,676573,2026-05-16 14:26:25+00:00,206,False,0.6054021120071411,sentence-transformers/all-mpnet-base-v2,exploratory_only,True,False
2055657385318895695,SHOP,False,,15,complete,True,-0.0004106800078166,0.0048710182004256,0.0,0.0022388075140546,0.0010375195416403,8237.0,0.0035029443251395,2.537022755455223,97.4383877625349,True,676573,2026-05-16 14:31:27+00:00,207,False,0.6256822347640991,sentence-transformers/all-mpnet-base-v2,exploratory_only,True,False
2055697492117708843,SHOP,False,,15,complete,True,-0.0004106800078166,0.0048710182004256,0.0,0.0022388075140546,0.0010375195416403,8237.0,0.0035029443251395,2.537022755455223,97.4383877625349,True,676573,2026-05-16 17:10:49+00:00,208,False,0.8660427331924438,sentence-transformers/all-mpnet-base-v2,exploratory_only,True,False
2056051851439857933,BOX,False,,8,partial,True,0.0128356555547965,0.0019122921177428,0.0,0.0023659974273463,0.00134124926425,472.0,0.0040409491025227,-0.3382706866625528,52.33050847457628,False,914061,2026-05-17 16:38:55+00:00,198,False,0.3781847953796386,sentence-transformers/all-mpnet-base-v2,confirmatory,True,True
2056115497226096716,SHOP,False,,15,complete,True,-0.0004106800078166,0.0048710182004256,0.0,0.0022388075140546,0.0010375195416403,8237.0,0.0035029443251395,2.537022755455223,97.4383877625349,True,676573,2026-05-17 20:51:49+00:00,209,False,0.5326574444770813,sentence-transformers/all-mpnet-base-v2,exploratory_only,True,False
2056159037671256568,HOOD,False,,5,insufficient,False,-0.0027828213156969,0.0039828385900063,,,,,,,,False,605700792,2026-05-17 23:44:50+00:00,253,False,0.5553188323974609,sentence-transformers/all-mpnet-base-v2,confirmatory,True,False
2056198717225464307,SHOP,False,,15,complete,True,-0.0004106800078166,0.0048710182004256,0.0,0.0022388075140546,0.0010375195416403,8237.0,0.0035029443251395,2.537022755455223,97.4383877625349,True,676573,2026-05-18 02:22:31+00:00,210,False,0.8179827928543091,sentence-transformers/all-mpnet-base-v2,exploratory_only,True,False
2056219645796090197,BOX,False,,8,partial,True,0.0128356555547965,0.0019122921177428,0.0,0.0023659974273463,0.00134124926425,472.0,0.0040409491025227,-0.3382706866625528,52.33050847457628,False,914061,2026-05-18 03:45:40+00:00,199,False,0.6282473802566528,sentence-transformers/all-mpnet-base-v2,confirmatory,True,True
2056331541895143469,SHOP,False,,15,complete,True,-0.0004106800078166,0.0048710182004256,0.0,0.0022388075140546,0.0010375195416403,8237.0,0.0035029443251395,2.537022755455223,97.4383877625349,True,676573,2026-05-18 11:10:19+00:00,211,False,0.6487290859222412,sentence-transformers/all-mpnet-base-v2,exploratory_only,True,False
2056409938260619586,QCOM,False,,14,partial,True,-0.0048566279084506,0.0019169249654994,5.0,0.0008809439772216,0.0005446211250859,4216.0,0.0015541749889803,1.9022049284522229,94.97153700189752,True,234930762,2026-05-18 16:21:50+00:00,71,False,0.1834989190101623,sentence-transformers/all-mpnet-base-v2,confirmatory,True,True
2056494739155984524,HOOD,False,,15,complete,True,-0.029189114879925,0.0027949087614174,0.0,0.0029116442658918,0.0011964742156813,12565.0,0.0044324270052405,-0.0975662516956002,55.01790688420215,False,605700792,2026-05-18 21:58:48+00:00,254,False,0.63694167137146,sentence-transformers/all-mpnet-base-v2,confirmatory,True,True
2056514143872548929,SHOP,False,,15,complete,True,-0.0016560118928652,0.0029302822801254,0.0,0.0022388075140546,0.0010375195416403,8237.0,0.0035029443251395,0.6664691490799217,80.97608352555542,False,676573,2026-05-18 23:15:54+00:00,212,False,0.4958680868148803,sentence-transformers/all-mpnet-base-v2,exploratory_only,True,False
2056560793034830011,SHOP,False,,15,complete,True,-0.0016560118928652,0.0029302822801254,0.0,0.0022388075140546,0.0010375195416403,8237.0,0.0035029443251395,0.6664691490799217,80.97608352555542,False,676573,2026-05-19 02:21:16+00:00,213,False,0.6875824332237244,sentence-transformers/all-mpnet-base-v2,exploratory_only,True,False
2056574979236409521,BOX,False,,9,partial,True,0.0163761772070746,0.0051764838160117,0.0,0.0023659974273463,0.00134124926425,472.0,0.0040409491025227,2.095424365609515,92.79661016949152,True,914061,2026-05-19 03:17:39+00:00,200,False,0.3210589289665222,sentence-transformers/all-mpnet-base-v2,confirmatory,True,True
2056804573449474527,BOX,False,,12,partial,True,0.0026307888347355,0.0006160081488117,10.0,0.0008190620321485,0.0003124081692805,265.0,0.0012370491267267,-0.6499634238262895,29.81132075471698,False,914061,2026-05-19 18:29:58+00:00,200,False,0.4307019114494324,sentence-transformers/all-mpnet-base-v2,confirmatory,True,True
2056895988195807428,SHOP,False,,13,partial,True,-0.0041220433354491,0.0054636050810644,0.0,0.0022388075140546,0.0010375195416403,8237.0,0.0035029443251395,3.108180075250684,98.65242199830035,True,676573,2026-05-20 00:33:13+00:00,214,False,0.6283043622970581,sentence-transformers/all-mpnet-base-v2,exploratory_only,True,False
2056909794972516732,HOOD,False,,15,complete,True,-0.0079427173652951,0.0024084876057411,0.0,0.0029116442658918,0.0011964742156813,12565.0,0.0044324270052405,-0.4205328067719178,39.27576601671309,False,605700792,2026-05-20 01:28:05+00:00,251,False,0.5286707282066345,sentence-transformers/all-mpnet-base-v2,confirmatory,True,True
2056965292753146019,BOX,False,,7,insufficient,False,-0.0231203182191567,0.0066590058949422,0.0,0.0023659974273463,0.00134124926425,472.0,0.0040409491025227,3.200753642162309,98.51694915254238,True,914061,2026-05-20 05:08:37+00:00,201,False,0.4571095705032348,sentence-transformers/all-mpnet-base-v2,confirmatory,True,False
2057094727380402683,SHOP,False,,12,partial,True,-0.0066850159323315,0.003685370481222,0.0,0.0022388075140546,0.0010375195416403,8237.0,0.0035029443251395,1.3942512975518049,91.95095301687508,True,676573,2026-05-20 13:42:56+00:00,215,False,0.917717218399048,sentence-transformers/all-mpnet-base-v2,exploratory_only,True,False
2057107846358049006,SHOP,False,,14,partial,True,0.0054175529562553,0.0010152543392472,2.0,0.0014492332007035,0.0007027666091938,6461.0,0.0022357268463656,-0.6175291423623261,26.095031728834545,False,676573,2026-05-20 14:35:04+00:00,216,False,0.5571097135543823,sentence-transformers/all-mpnet-base-v2,exploratory_only,True,False
2057108476560642402,SHOP,False,,15,complete,True,0.0053208068912844,0.0008990157678973,2.0,0.0014492332007035,0.0007027666091938,6461.0,0.0022357268463656,-0.7829305285824565,17.18000309549605,False,676573,2026-05-20 14:37:34+00:00,217,False,0.7455413937568665,sentence-transformers/all-mpnet-base-v2,exploratory_only,True,False
2057134907344777468,SHOP,False,,12,partial,True,-0.0042993919429338,0.0013808430479562,5.0,0.0010928384705565,0.0005862999426027,4158.0,0.0017391895075174,0.4912239563272601,78.66762866762866,False,676573,2026-05-20 16:22:36+00:00,218,False,0.6973915100097656,sentence-transformers/all-mpnet-base-v2,exploratory_only,True,False
2057173169614815598,CRM,False,,15,complete,True,-0.0012495069502315,0.0008851668314778,10.0,0.0006410824724233,0.000325872857022,3605.0,0.0010032330003726,0.7490171513054977,82.7739251040222,False,22330739,2026-05-20 18:54:38+00:00,98,False,0.611931562423706,sentence-transformers/all-mpnet-base-v2,confirmatory,True,True
2057176156433154454,CRM,False,,15,complete,True,0.0019262240481188,0.0006039210498656,11.0,0.0005943274251067,0.0003034552892092,6130.0,0.000933667306711,0.0316146236365609,61.69657422512235,False,22330739,2026-05-20 19:06:30+00:00,99,False,0.4005127549171448,sentence-transformers/all-mpnet-base-v2,confirmatory,True,True
2057176633048809978,CRM,False,,15,complete,True,0.0027864597956586,0.0005807070465529,11.0,0.0005943274251067,0.0003034552892092,6130.0,0.000933667306711,-0.0448843010425116,57.78140293637847,False,22330739,2026-05-20 19:08:24+00:00,100,False,0.5932047963142395,sentence-transformers/all-mpnet-base-v2,confirmatory,True,True
2057176703907320031,CRM,False,,15,complete,True,0.0027864597956586,0.0005807070465529,11.0,0.0005943274251067,0.0003034552892092,6130.0,0.000933667306711,-0.0448843010425116,57.78140293637847,False,22330739,2026-05-20 19:08:41+00:00,101,False,0.5769878625869751,sentence-transformers/all-mpnet-base-v2,confirmatory,True,True
2057196657536553338,SHOP,False,,13,partial,True,-0.0251268305689704,0.0022592146827114,0.0,0.0022388075140546,0.0010375195416403,8237.0,0.0035029443251395,0.0196691896757722,61.70936020395775,False,676573,2026-05-20 20:27:58+00:00,219,False,0.5174773335456848,sentence-transformers/all-mpnet-base-v2,exploratory_only,True,False
2057315272156135501,BOX,False,,8,partial,True,-0.0243794639198177,0.0035867905441072,0.0,0.0023659974273463,0.00134124926425,472.0,0.0040409491025227,0.9101910802862228,84.7457627118644,False,914061,2026-05-21 04:19:18+00:00,199,False,0.2944452166557312,sentence-transformers/all-mpnet-base-v2,confirmatory,True,True
2057470953471234071,SHOP,False,,14,partial,True,0.0006549002028777,0.001119557258594,2.0,0.0014492332007035,0.0007027666091938,6461.0,0.0022357268463656,-0.4691115624968925,35.783934375483675,False,676573,2026-05-21 14:37:55+00:00,220,False,0.5586541891098022,sentence-transformers/all-mpnet-base-v2,exploratory_only,True,False
2057474133324095668,SHOP,False,,14,partial,True,0.0017336081068868,0.0007865992310295,2.0,0.0014492332007035,0.0007027666091938,6461.0,0.0022357268463656,-0.9428933603350352,9.456740442655937,False,676573,2026-05-21 14:50:34+00:00,221,False,0.5355787873268127,sentence-transformers/all-mpnet-base-v2,exploratory_only,True,False
2057484512024580379,SHOP,False,,15,complete,True,0.0004970554454897,0.0005809398543065,4.0,0.0011511060186673,0.0005583326088205,4608.0,0.0018779045366866,-1.021194455335773,9.461805555555555,False,676573,2026-05-21 15:31:48+00:00,222,False,0.5126945376396179,sentence-transformers/all-mpnet-base-v2,exploratory_only,True,False
2057500244569473477,SHOP,False,,15,complete,True,-0.0027024590796553,0.0008849792904815,6.0,0.0010511718556192,0.0005979239113173,3661.0,0.0017200290519083,-0.2779493544113239,49.112264408631525,False,676573,2026-05-21 16:34:19+00:00,223,False,0.6295197606086731,sentence-transformers/all-mpnet-base-v2,exploratory_only,True,False
2057522254431633867,CRM,False,,14,partial,True,-0.0044960577162571,0.000812092480153,9.0,0.0006798511763971,0.0004567842657429,3068.0,0.001057582176389,0.2895049450549928,76.95567144719688,False,22330739,2026-05-21 18:01:47+00:00,100,False,0.354560375213623,sentence-transformers/all-mpnet-base-v2,confirmatory,True,True
2057617107500900469,CRM,False,,15,complete,True,0.029678497899356,0.003075320330213,0.0,0.0016535633785195,0.0007536210791284,7739.0,0.0026949740567718,1.886567389194812,94.68923633544388,True,22330739,2026-05-22 00:18:41+00:00,101,False,0.4041687250137329,sentence-transformers/all-mpnet-base-v2,confirmatory,True,True
2057618489825960180,CRM,False,,15,complete,True,0.029678497899356,0.003075320330213,0.0,0.0016535633785195,0.0007536210791284,7739.0,0.0026949740567718,1.886567389194812,94.68923633544388,True,22330739,2026-05-22 00:24:11+00:00,102,False,0.6106499433517456,sentence-transformers/all-mpnet-base-v2,confirmatory,True,True
2057659936033878155,CRM,False,,15,complete,True,0.029678497899356,0.003075320330213,0.0,0.0016535633785195,0.0007536210791284,7739.0,0.0026949740567718,1.886567389194812,94.68923633544388,True,22330739,2026-05-22 03:08:52+00:00,103,False,0.3700909614562988,sentence-transformers/all-mpnet-base-v2,confirmatory,True,True
2057663408376516703,BOX,False,,6,insufficient,False,0.0206485957836179,0.0030902245918125,0.0,0.0023659974273463,0.00134124926425,472.0,0.0040409491025227,0.5399646313104867,79.23728813559322,False,914061,2026-05-22 03:22:40+00:00,199,False,0.2489782571792602,sentence-transformers/all-mpnet-base-v2,confirmatory,True,False
2057698598977180129,CRM,False,,15,complete,True,0.029678497899356,0.003075320330213,0.0,0.0016535633785195,0.0007536210791284,7739.0,0.0026949740567718,1.886567389194812,94.68923633544388,True,22330739,2026-05-22 05:42:30+00:00,104,False,0.4223086237907409,sentence-transformers/all-mpnet-base-v2,confirmatory,True,True
2057725709250928641,CRM,False,,15,complete,True,0.029678497899356,0.003075320330213,0.0,0.0016535633785195,0.0007536210791284,7739.0,0.0026949740567718,1.886567389194812,94.68923633544388,True,22330739,2026-05-22 07:30:14+00:00,105,False,0.4055898189544678,sentence-transformers/all-mpnet-base-v2,confirmatory,True,True
2057809101669671312,SHOP,False,,15,complete,True,0.0163419559958941,0.0036922172434095,0.0,0.0022388075140546,0.0010375195416403,8237.0,0.0035029443251395,1.400850462109883,92.023795071021,True,676573,2026-05-22 13:01:36+00:00,224,False,0.5759469866752625,sentence-transformers/all-mpnet-base-v2,exploratory_only,True,False
2057813294556106753,SHOP,False,,15,complete,True,0.0163419559958941,0.0036922172434095,0.0,0.0022388075140546,0.0010375195416403,8237.0,0.0035029443251395,1.400850462109883,92.023795071021,True,676573,2026-05-22 13:18:16+00:00,225,False,0.7255449891090393,sentence-transformers/all-mpnet-base-v2,exploratory_only,True,False
2057813615005053062,SHOP,False,,15,complete,True,0.0163419559958941,0.0036922172434095,0.0,0.0022388075140546,0.0010375195416403,8237.0,0.0035029443251395,1.400850462109883,92.023795071021,True,676573,2026-05-22 13:19:32+00:00,226,False,0.6856997609138489,sentence-transformers/all-mpnet-base-v2,exploratory_only,True,False
2057859046976401897,CRM,False,,9,partial,True,0.0014627329808263,0.0005806115152579,5.0,0.0007515391559441,0.0003413825025699,2933.0,0.0011898969629487,-0.5006924473263937,37.06102966246164,False,22330739,2026-05-22 16:20:04+00:00,106,False,0.2887954115867615,sentence-transformers/all-mpnet-base-v2,confirmatory,True,True
2057978005000003819,SHOP,False,,15,complete,True,-0.0084305428331602,0.0038954160409854,0.0,0.0022388075140546,0.0010375195416403,8237.0,0.0035029443251395,1.5967010359261642,93.39565375743597,True,676573,2026-05-23 00:12:46+00:00,227,False,0.6019686460494995,sentence-transformers/all-mpnet-base-v2,exploratory_only,True,False
2057980041951363152,HOOD,False,,15,complete,True,0.0035804685057108,0.0030955529494322,0.0,0.0029116442658918,0.0011964742156813,12565.0,0.0044324270052405,0.1537088565135943,65.6824512534819,False,605700792,2026-05-23 00:20:52+00:00,249,False,0.5744569301605225,sentence-transformers/all-mpnet-base-v2,confirmatory,True,True
2058006473620463985,BOX,False,,15,complete,True,-0.0090957946238829,0.0024619577245736,0.0,0.0023659974273463,0.00134124926425,472.0,0.0040409491025227,0.0715454612241181,68.4322033898305,False,914061,2026-05-23 02:05:53+00:00,199,False,0.6365734934806824,sentence-transformers/all-mpnet-base-v2,confirmatory,True,True
2058223867815227756,BOX,False,,15,complete,True,-0.0090957946238829,0.0024619577245736,0.0,0.0023659974273463,0.00134124926425,472.0,0.0040409491025227,0.0715454612241181,68.4322033898305,False,914061,2026-05-23 16:29:44+00:00,200,False,0.4365372657775879,sentence-transformers/all-mpnet-base-v2,confirmatory,True,True
2058308828848914713,SHOP,False,,15,complete,True,-0.0084305428331602,0.0038954160409854,0.0,0.0022388075140546,0.0010375195416403,8237.0,0.0035029443251395,1.5967010359261642,93.39565375743597,True,676573,2026-05-23 22:07:20+00:00,228,False,0.605469286441803,sentence-transformers/all-mpnet-base-v2,exploratory_only,True,False
2058582370253701432,BOX,False,,15,complete,True,-0.0090957946238829,0.0024619577245736,0.0,0.0023659974273463,0.00134124926425,472.0,0.0040409491025227,0.0715454612241181,68.4322033898305,False,914061,2026-05-24 16:14:18+00:00,200,False,0.3954594731330871,sentence-transformers/all-mpnet-base-v2,confirmatory,True,True
2058599175982289095,SHOP,False,,15,complete,True,-0.0084305428331602,0.0038954160409854,0.0,0.0022388075140546,0.0010375195416403,8237.0,0.0035029443251395,1.5967010359261642,93.39565375743597,True,676573,2026-05-24 17:21:05+00:00,229,False,0.5409533977508545,sentence-transformers/all-mpnet-base-v2,exploratory_only,True,False
2058641165830758433,SHOP,False,,15,complete,True,-0.0084305428331602,0.0038954160409854,0.0,0.0022388075140546,0.0010375195416403,8237.0,0.0035029443251395,1.5967010359261642,93.39565375743597,True,676573,2026-05-24 20:07:56+00:00,230,False,0.7881461381912231,sentence-transformers/all-mpnet-base-v2,exploratory_only,True,False
2058972842700767608,QCOM,False,,15,complete,True,-0.0065770310465851,0.0084971023331764,0.0,0.0017823192627403,0.0010698256208132,8499.0,0.0032347960452871,6.276521088858883,99.98823390987177,True,234930762,2026-05-25 18:05:54+00:00,66,False,0.6572985649108887,sentence-transformers/all-mpnet-base-v2,confirmatory,True,True
2059002125682720919,SHOP,False,,15,complete,True,-0.0084305428331602,0.0038954160409854,0.0,0.0022388075140546,0.0010375195416403,8237.0,0.0035029443251395,1.5967010359261642,93.39565375743597,True,676573,2026-05-25 20:02:15+00:00,231,False,0.5905424356460571,sentence-transformers/all-mpnet-base-v2,exploratory_only,True,False
2059004281638797476,SHOP,False,,15,complete,True,-0.0084305428331602,0.0038954160409854,0.0,0.0022388075140546,0.0010375195416403,8237.0,0.0035029443251395,1.5967010359261642,93.39565375743597,True,676573,2026-05-25 20:10:49+00:00,232,False,0.5799108743667603,sentence-transformers/all-mpnet-base-v2,exploratory_only,True,False
2059025559896883489,BOX,False,,15,complete,True,-0.0090957946238829,0.0024619577245736,0.0,0.0023659974273463,0.00134124926425,472.0,0.0040409491025227,0.0715454612241181,68.4322033898305,False,914061,2026-05-25 21:35:22+00:00,200,False,0.3079574108123779,sentence-transformers/all-mpnet-base-v2,confirmatory,True,True
2059026399030071806,SHOP,False,,15,complete,True,-0.0084305428331602,0.0038954160409854,0.0,0.0022388075140546,0.0010375195416403,8237.0,0.0035029443251395,1.5967010359261642,93.39565375743597,True,676573,2026-05-25 21:38:43+00:00,233,False,0.5014291405677795,sentence-transformers/all-mpnet-base-v2,exploratory_only,True,False
2059340250720469045,HOOD,False,,15,complete,True,-0.0016797504015327,0.0004172143903708,9.0,0.0011713599027867,0.0006290243946238,9003.0,0.0018144380786752,-1.198912981533803,0.6997667444185272,False,605700792,2026-05-26 18:25:51+00:00,243,False,0.6053903102874756,sentence-transformers/all-mpnet-base-v2,confirmatory,True,True
2059362089072787900,SHOP,False,,7,insufficient,False,0.0012707347829937,0.0006426838698857,12.0,0.0009352907168921,0.0004771495814668,6952.0,0.0014380990916787,-0.6132392406315588,27.430955120828536,False,676573,2026-05-26 19:52:37+00:00,234,False,0.4214460849761963,sentence-transformers/all-mpnet-base-v2,exploratory_only,True,False
2059482349977653619,BOX,True,"earnings(BOX, 2026-05-26 20:00:00+00:00->2026-05-27 20:00:00+00:00)",1,insufficient,False,,,,,,,,,,False,914061,2026-05-27 03:50:30+00:00,199,False,0.2849381566047668,sentence-transformers/all-mpnet-base-v2,confirmatory,True,False
2059659590745424213,HOOD,False,,15,complete,True,-0.0027868011567897,0.0009816785855788,4.0,0.0013876350240362,0.0005670153025844,10096.0,0.002103771143176,-0.7159532319621444,23.643026941362915,False,605700792,2026-05-27 15:34:47+00:00,244,False,0.475447416305542,sentence-transformers/all-mpnet-base-v2,confirmatory,True,True
2059721027647905890,HOOD,False,,15,complete,True,-0.003466723287128,0.0008005110019412,12.0,0.0011519743389481,0.0005454108705395,7659.0,0.001734746168232,-0.6444010488078175,23.684554119336727,False,605700792,2026-05-27 19:38:55+00:00,245,False,0.5700094699859619,sentence-transformers/all-mpnet-base-v2,confirmatory,True,True
2059730190377636066,CRM,True,"earnings(CRM, 2026-05-27 20:00:00+00:00->2026-05-28 20:00:00+00:00)",15,complete,False,-0.0051544489687205,0.00525809383298,0.0,0.0016535633785195,0.0007536210791284,7739.0,0.0026949740567718,4.78294802824394,99.88370590515572,True,22330739,2026-05-27 20:15:19+00:00,104,False,0.3286151885986328,sentence-transformers/all-mpnet-base-v2,confirmatory,True,False
2059730473870573749,CRM,True,"earnings(CRM, 2026-05-27 20:00:00+00:00->2026-05-28 20:00:00+00:00)",15,complete,False,-0.0051544489687205,0.00525809383298,0.0,0.0016535633785195,0.0007536210791284,7739.0,0.0026949740567718,4.78294802824394,99.88370590515572,True,22330739,2026-05-27 20:16:27+00:00,105,False,0.3222910761833191,sentence-transformers/all-mpnet-base-v2,confirmatory,True,False
2059734714806857867,HOOD,False,,15,complete,True,-0.0218101322777279,0.0018934360381411,0.0,0.0029116442658918,0.0011964742156813,12565.0,0.0044324270052405,-0.8510072464627791,17.158774373259053,False,605700792,2026-05-27 20:33:18+00:00,246,False,0.6806140542030334,sentence-transformers/all-mpnet-base-v2,confirmatory,True,True
2059748159610556924,CRM,True,"earnings(CRM, 2026-05-27 20:00:00+00:00->2026-05-28 20:00:00+00:00)",15,complete,False,-0.0051544489687205,0.00525809383298,0.0,0.0016535633785195,0.0007536210791284,7739.0,0.0026949740567718,4.78294802824394,99.88370590515572,True,22330739,2026-05-27 21:26:44+00:00,106,False,0.4362293481826782,sentence-transformers/all-mpnet-base-v2,confirmatory,True,False
2059800497494819131,CRM,True,"earnings(CRM, 2026-05-27 20:00:00+00:00->2026-05-28 20:00:00+00:00)",15,complete,False,-0.0051544489687205,0.00525809383298,0.0,0.0016535633785195,0.0007536210791284,7739.0,0.0026949740567718,4.78294802824394,99.88370590515572,True,22330739,2026-05-28 00:54:42+00:00,107,False,0.4114620089530945,sentence-transformers/all-mpnet-base-v2,confirmatory,True,False
2059805480403587181,SHOP,False,,1,insufficient,False,0.0074368998530691,,,,,,,,,False,676573,2026-05-28 01:14:30+00:00,235,False,0.5419039130210876,sentence-transformers/all-mpnet-base-v2,exploratory_only,True,False
2059839815273824423,BOX,False,,13,partial,True,0.0242841508641641,0.0036171899495832,0.0,0.0023659974273463,0.00134124926425,472.0,0.0040409491025227,0.932856073502869,85.16949152542372,False,914061,2026-05-28 03:30:56+00:00,198,False,0.3685951828956604,sentence-transformers/all-mpnet-base-v2,confirmatory,True,True
2059879170575122892,CRM,True,"earnings(CRM, 2026-05-27 20:00:00+00:00->2026-05-28 20:00:00+00:00)",15,complete,False,-0.0051544489687205,0.00525809383298,0.0,0.0016535633785195,0.0007536210791284,7739.0,0.0026949740567718,4.78294802824394,99.88370590515572,True,22330739,2026-05-28 06:07:19+00:00,105,False,0.3408153057098388,sentence-transformers/all-mpnet-base-v2,confirmatory,True,False
2059881098386280734,CRM,True,"earnings(CRM, 2026-05-27 20:00:00+00:00->2026-05-28 20:00:00+00:00)",15,complete,False,-0.0051544489687205,0.00525809383298,0.0,0.0016535633785195,0.0007536210791284,7739.0,0.0026949740567718,4.78294802824394,99.88370590515572,True,22330739,2026-05-28 06:14:59+00:00,106,False,0.3528218269348144,sentence-transformers/all-mpnet-base-v2,confirmatory,True,False
2060011381072773619,HOOD,False,,15,complete,True,0.0140318025940504,0.0016298303532965,2.0,0.0017976262622637,0.0007520228178971,12117.0,0.0026688411880296,-0.2231260873658008,48.16373689857225,False,605700792,2026-05-28 14:52:41+00:00,247,False,0.7078231573104858,sentence-transformers/all-mpnet-base-v2,confirmatory,True,True
2060011382716977412,HOOD,False,,15,complete,True,0.0140318025940504,0.0016298303532965,2.0,0.0017976262622637,0.0007520228178971,12117.0,0.0026688411880296,-0.2231260873658008,48.16373689857225,False,605700792,2026-05-28 14:52:41+00:00,247,False,0.6245957016944885,sentence-transformers/all-mpnet-base-v2,confirmatory,True,True
2060050593474093065,MSFT,False,,15,complete,True,0.0023631329081512,0.0003302512590924,7.0,0.0004485307556491,0.0004097469845394,8216.0,0.0006639670621169,-0.2886647151037764,35.613437195715676,False,20571756,2026-05-28 17:28:30+00:00,87,False,0.4395970106124878,sentence-transformers/all-mpnet-base-v2,null_baseline,True,False
2060091844361683063,BOX,False,,11,partial,True,0.0093442529615348,0.0036960635463829,0.0,0.0023659974273463,0.00134124926425,472.0,0.0040409491025227,0.991662142517802,85.80508474576271,False,914061,2026-05-28 20:12:25+00:00,199,False,0.3654482364654541,sentence-transformers/all-mpnet-base-v2,confirmatory,True,True
2060229087113904144,HOOD,False,,15,complete,True,0.0456761512284964,0.0044957440574837,0.0,0.0029116442658918,0.0011964742156813,12565.0,0.0044324270052405,1.3239731962713108,90.64066852367688,True,605700792,2026-05-29 05:17:46+00:00,246,False,0.4279590249061584,sentence-transformers/all-mpnet-base-v2,confirmatory,True,True
2060525104384418271,BOX,False,,14,partial,True,0.0238002249428662,0.0063853053877235,0.0,0.0023659974273463,0.00134124926425,472.0,0.0040409491025227,2.9966897783347455,97.66949152542372,True,914061,2026-05-30 00:54:02+00:00,197,False,0.5256583094596863,sentence-transformers/all-mpnet-base-v2,confirmatory,True,True
2060923684295221390,BOX,False,,14,partial,True,0.0238002249428662,0.0063853053877235,0.0,0.0023659974273463,0.00134124926425,472.0,0.0040409491025227,2.9966897783347455,97.66949152542372,True,914061,2026-05-31 03:17:51+00:00,197,False,0.371744155883789,sentence-transformers/all-mpnet-base-v2,confirmatory,True,True
2061085542478192968,QCOM,False,,15,complete,True,-0.0647982146343445,0.0051716713807383,0.0,0.0017823192627403,0.0010698256208132,8499.0,0.0032347960452871,3.1681351166570564,98.44687610307096,True,234930762,2026-05-31 14:01:01+00:00,64,False,0.3647924661636352,sentence-transformers/all-mpnet-base-v2,confirmatory,True,True
2061247380897579500,BOX,False,,14,partial,True,0.0238002249428662,0.0063853053877235,0.0,0.0023659974273463,0.00134124926425,472.0,0.0040409491025227,2.9966897783347455,97.66949152542372,True,914061,2026-06-01 00:44:06+00:00,197,False,0.4254661798477173,sentence-transformers/all-mpnet-base-v2,confirmatory,True,True
2061315017589600699,MSFT,False,,15,complete,True,0.0306260255068079,0.0030264426081813,0.0,0.0009394249546098,0.0004120387512163,14653.0,0.0014739637379442,5.065100424197486,99.77479014536272,True,20571756,2026-06-01 05:12:52+00:00,88,False,0.5456408262252808,sentence-transformers/all-mpnet-base-v2,null_baseline,True,False
2061327347777998985,QCOM,False,,15,complete,True,-0.0647982146343445,0.0051716713807383,0.0,0.0017823192627403,0.0010698256208132,8499.0,0.0032347960452871,3.1681351166570564,98.44687610307096,True,234930762,2026-06-01 06:01:51+00:00,65,False,0.3861887454986572,sentence-transformers/all-mpnet-base-v2,confirmatory,True,True
2061420773600854289,CRM,False,,1,insufficient,False,0.04907612864148,,,,,,,,,False,22330739,2026-06-01 12:13:06+00:00,102,False,0.524775505065918,sentence-transformers/all-mpnet-base-v2,confirmatory,True,False
2061506033420283936,CRM,False,,15,complete,True,0.0051524890420133,0.0005907806421516,8.0,0.0006966026754776,0.0004756256276318,3003.0,0.0010914207917555,-0.2224901838297245,49.417249417249415,False,22330739,2026-06-01 17:51:53+00:00,103,False,0.5985634326934814,sentence-transformers/all-mpnet-base-v2,confirmatory,True,True
2061554505674793217,HOOD,False,,15,complete,True,-0.0349477832709059,0.0042736147136633,0.0,0.0029116442658918,0.0011964742156813,12565.0,0.0044324270052405,1.1383199319475907,88.12574612017508,False,605700792,2026-06-01 21:04:30+00:00,240,False,0.5818336009979248,sentence-transformers/all-mpnet-base-v2,confirmatory,True,True
2061581929049112803,SHOP,False,,15,complete,True,-0.0356822708556135,0.0035420522365001,0.0,0.0022388075140546,0.0010375195416403,8237.0,0.0035029443251395,1.2561158321750945,90.3969891950953,True,676573,2026-06-01 22:53:28+00:00,236,False,0.6989691257476807,sentence-transformers/all-mpnet-base-v2,exploratory_only,True,False
2061612625574944804,BOX,False,,11,partial,True,-0.0362751533288858,0.002779416981511,0.0,0.0023659974273463,0.00134124926425,472.0,0.0040409491025227,0.3082346922261716,74.78813559322035,False,914061,2026-06-02 00:55:27+00:00,196,False,0.5444761514663696,sentence-transformers/all-mpnet-base-v2,confirmatory,True,True
2061650162460839954,MSFT,False,,15,complete,True,-0.0304891558326672,0.0023758215155914,0.0,0.0009394249546098,0.0004120387512163,14653.0,0.0014739637379442,3.4860715326932716,99.09233604040128,True,20571756,2026-06-02 03:24:36+00:00,89,False,0.4877848625183105,sentence-transformers/all-mpnet-base-v2,null_baseline,True,False
2061662386680127688,BOX,False,,11,partial,True,-0.0362751533288858,0.002779416981511,0.0,0.0023659974273463,0.00134124926425,472.0,0.0040409491025227,0.3082346922261716,74.78813559322035,False,914061,2026-06-02 04:13:11+00:00,197,False,0.3467933535575866,sentence-transformers/all-mpnet-base-v2,confirmatory,True,True
2061822671084798120,HOOD,False,,15,complete,True,-0.0055560991686646,0.0012051365383945,2.0,0.0017976262622637,0.0007520228178971,12117.0,0.0026688411880296,-0.7878613650658125,18.16456218535941,False,605700792,2026-06-02 14:50:06+00:00,240,False,0.3594847917556762,sentence-transformers/all-mpnet-base-v2,confirmatory,True,True
2061860614755213809,QCOM,False,,14,partial,True,-0.0062636610123968,0.0019681977160564,7.0,0.0009048983721937,0.0008558936060872,3602.0,0.0015296819716376,1.2423265418743128,94.4752915047196,True,234930762,2026-06-02 17:20:52+00:00,66,False,0.5569448471069336,sentence-transformers/all-mpnet-base-v2,confirmatory,True,True
2061896503304806521,MSFT,False,,15,complete,True,-0.0006721275436111,0.0008418054192233,12.0,0.0005219968721894,0.0003165024684274,8336.0,0.000856845378084,1.0104456645250228,89.38339731285988,False,20571756,2026-06-02 19:43:29+00:00,89,False,0.3856675028800964,sentence-transformers/all-mpnet-base-v2,null_baseline,True,False
2061896505481658767,MSFT,False,,15,complete,True,-0.0006721275436111,0.0008418054192233,12.0,0.0005219968721894,0.0003165024684274,8336.0,0.000856845378084,1.0104456645250228,89.38339731285988,False,20571756,2026-06-02 19:43:29+00:00,89,False,0.3310130834579468,sentence-transformers/all-mpnet-base-v2,null_baseline,True,False
2061896508287725888,MSFT,False,,15,complete,True,-0.0006721275436111,0.0008418054192233,12.0,0.0005219968721894,0.0003165024684274,8336.0,0.000856845378084,1.0104456645250228,89.38339731285988,False,20571756,2026-06-02 19:43:30+00:00,91,False,0.4953449368476867,sentence-transformers/all-mpnet-base-v2,null_baseline,True,False
2061896510250668490,MSFT,False,,15,complete,True,-0.0006721275436111,0.0008418054192233,12.0,0.0005219968721894,0.0003165024684274,8336.0,0.000856845378084,1.0104456645250228,89.38339731285988,False,20571756,2026-06-02 19:43:30+00:00,91,False,0.3468696475028991,sentence-transformers/all-mpnet-base-v2,null_baseline,True,False
2061896512934949105,MSFT,False,,15,complete,True,-0.0006721275436111,0.0008418054192233,12.0,0.0005219968721894,0.0003165024684274,8336.0,0.000856845378084,1.0104456645250228,89.38339731285988,False,20571756,2026-06-02 19:43:31+00:00,93,False,0.4093725681304931,sentence-transformers/all-mpnet-base-v2,null_baseline,True,False
2061896515057258562,MSFT,False,,15,complete,True,-0.0006721275436111,0.0008418054192233,12.0,0.0005219968721894,0.0003165024684274,8336.0,0.000856845378084,1.0104456645250228,89.38339731285988,False,20571756,2026-06-02 19:43:32+00:00,94,False,0.4146435260772705,sentence-transformers/all-mpnet-base-v2,null_baseline,True,False
2061896517854875837,MSFT,False,,15,complete,True,-0.0006721275436111,0.0008418054192233,12.0,0.0005219968721894,0.0003165024684274,8336.0,0.000856845378084,1.0104456645250228,89.38339731285988,False,20571756,2026-06-02 19:43:32+00:00,94,False,0.6513148546218872,sentence-transformers/all-mpnet-base-v2,null_baseline,True,False
2061896520333684886,MSFT,False,,15,complete,True,-0.0006721275436111,0.0008418054192233,12.0,0.0005219968721894,0.0003165024684274,8336.0,0.000856845378084,1.0104456645250228,89.38339731285988,False,20571756,2026-06-02 19:43:33+00:00,96,False,0.7399120330810547,sentence-transformers/all-mpnet-base-v2,null_baseline,True,False
2061905160088240305,HOOD,False,,15,complete,True,-0.0447149899830423,0.0022863149774841,0.0,0.0029116442658918,0.0011964742156813,12565.0,0.0044324270052405,-0.5226433467699834,33.84799044966176,False,605700792,2026-06-02 20:17:53+00:00,239,False,0.6172612905502319,sentence-transformers/all-mpnet-base-v2,confirmatory,True,True
2061916071326613512,SHOP,False,,15,complete,True,-0.0252795768077752,0.001836101580252,0.0,0.0022388075140546,0.0010375195416403,8237.0,0.0035029443251395,-0.3881429868451821,40.60944518635425,False,676573,2026-06-02 21:01:14+00:00,237,False,0.6516088247299194,sentence-transformers/all-mpnet-base-v2,exploratory_only,True,False
2061942751860769094,MSFT,False,,15,complete,True,-0.0173486086850893,0.0013388620635962,0.0,0.0009394249546098,0.0004120387512163,14653.0,0.0014739637379442,0.9694163663181636,85.83225278100048,False,20571756,2026-06-02 22:47:15+00:00,97,False,0.3964346647262573,sentence-transformers/all-mpnet-base-v2,null_baseline,True,False
2061957236167950646,SHOP,False,,15,complete,True,-0.0252795768077752,0.001836101580252,0.0,0.0022388075140546,0.0010375195416403,8237.0,0.0035029443251395,-0.3881429868451821,40.60944518635425,False,676573,2026-06-02 23:44:49+00:00,238,False,0.4775846004486084,sentence-transformers/all-mpnet-base-v2,exploratory_only,True,False
2061974298760495132,BOX,False,,6,insufficient,False,-0.0366860988279299,0.0052804646394718,0.0,0.0023659974273463,0.00134124926425,472.0,0.0040409491025227,2.1729497191971343,93.00847457627118,True,914061,2026-06-03 00:52:37+00:00,198,False,0.4876837730407715,sentence-transformers/all-mpnet-base-v2,confirmatory,True,False
2061993322072469649,MSFT,False,,15,complete,True,-0.0173486086850893,0.0013388620635962,0.0,0.0009394249546098,0.0004120387512163,14653.0,0.0014739637379442,0.9694163663181636,85.83225278100048,False,20571756,2026-06-03 02:08:12+00:00,98,False,0.4058839082717895,sentence-transformers/all-mpnet-base-v2,null_baseline,True,False
2061993323901137339,MSFT,False,,15,complete,True,-0.0173486086850893,0.0013388620635962,0.0,0.0009394249546098,0.0004120387512163,14653.0,0.0014739637379442,0.9694163663181636,85.83225278100048,False,20571756,2026-06-03 02:08:13+00:00,99,False,0.5773735046386719,sentence-transformers/all-mpnet-base-v2,null_baseline,True,False
2062022060176801826,MSFT,False,,15,complete,True,-0.0173486086850893,0.0013388620635962,0.0,0.0009394249546098,0.0004120387512163,14653.0,0.0014739637379442,0.9694163663181636,85.83225278100048,False,20571756,2026-06-03 04:02:24+00:00,100,False,0.2822512984275818,sentence-transformers/all-mpnet-base-v2,null_baseline,True,False
2062097720219992176,QCOM,False,,15,complete,True,-0.0022110115949917,0.0058912622613361,0.0,0.0017823192627403,0.0010698256208132,8499.0,0.0032347960452871,3.8407595767543734,99.44699376397224,True,234930762,2026-06-03 09:03:03+00:00,67,False,0.3431445360183716,sentence-transformers/all-mpnet-base-v2,confirmatory,True,True
2062198005948923925,HOOD,False,,15,complete,True,-0.0015777789587937,0.0006232437380205,4.0,0.0013876350240362,0.0005670153025844,10096.0,0.002103771143176,-1.3480963962199304,1.5748811410459589,False,605700792,2026-06-03 15:41:33+00:00,240,False,0.4518047571182251,sentence-transformers/all-mpnet-base-v2,confirmatory,True,True
2062252757722296705,MSFT,False,,15,complete,True,-0.0010410309257933,0.000445343993714,11.0,0.0004038797262934,0.0002294343287601,11546.0,0.0006587422095737,0.1807239031959506,70.40533518101508,False,20571756,2026-06-03 19:19:06+00:00,101,False,0.4580610990524292,sentence-transformers/all-mpnet-base-v2,null_baseline,True,False
2062280745889222937,BOX,False,,8,partial,True,0.0175732194143195,0.0098501526673824,0.0,0.0023659974273463,0.00134124926425,472.0,0.0040409491025227,5.579988328434071,100.0,True,914061,2026-06-03 21:10:19+00:00,198,False,0.433208167552948,sentence-transformers/all-mpnet-base-v2,confirmatory,True,True
2062289097784173047,CRM,False,,15,complete,True,0.0153369641731117,0.0030823741338749,0.0,0.0016535633785195,0.0007536210791284,7739.0,0.0026949740567718,1.8959272702506749,94.76676573200672,True,22330739,2026-06-03 21:43:31+00:00,96,False,0.5289949178695679,sentence-transformers/all-mpnet-base-v2,confirmatory,True,True
2062291326662553763,CRM,False,,15,complete,True,0.0153369641731117,0.0030823741338749,0.0,0.0016535633785195,0.0007536210791284,7739.0,0.0026949740567718,1.8959272702506749,94.76676573200672,True,22330739,2026-06-03 21:52:22+00:00,97,False,0.5205598473548889,sentence-transformers/all-mpnet-base-v2,confirmatory,True,True
2062316429211295774,SHOP,False,,15,complete,True,0.0303938664875741,0.0035290384381757,0.0,0.0022388075140546,0.0010375195416403,8237.0,0.0035029443251395,1.2435726483582328,90.2877261138764,True,676573,2026-06-03 23:32:07+00:00,239,False,0.7021375894546509,sentence-transformers/all-mpnet-base-v2,exploratory_only,True,False
2062335852379066698,BOX,False,,8,partial,True,0.0175732194143195,0.0098501526673824,0.0,0.0023659974273463,0.00134124926425,472.0,0.0040409491025227,5.579988328434071,100.0,True,914061,2026-06-04 00:49:18+00:00,199,False,0.2879151105880737,sentence-transformers/all-mpnet-base-v2,confirmatory,True,True
2062530235266957749,HOOD,False,,15,complete,True,-0.0140226009683883,0.0024087522317063,0.0,0.0029116442658918,0.0011964742156813,12565.0,0.0044324270052405,-0.420311635298535,39.27576601671309,False,605700792,2026-06-04 13:41:42+00:00,240,False,0.5938748121261597,sentence-transformers/all-mpnet-base-v2,confirmatory,True,True
2062536245969096917,QCOM,False,,15,complete,True,0.0089723196247997,0.0018025548362586,1.0,0.0013793563903108,0.0009345661372343,7985.0,0.0026135186706023,0.4528287823483575,78.4345648090169,False,234930762,2026-06-04 14:05:35+00:00,68,False,0.2310323715209961,sentence-transformers/all-mpnet-base-v2,confirmatory,True,True
2062578615695364133,SHOP,False,,11,partial,True,0.0004959806621362,0.0006388411440846,6.0,0.0010511718556192,0.0005979239113173,3661.0,0.0017200290519083,-0.6896039842698358,21.742693253209502,False,676573,2026-06-04 16:53:57+00:00,240,False,0.5323657989501953,sentence-transformers/all-mpnet-base-v2,exploratory_only,True,False
2062728257359790292,BOX,True,"jobs_report(ALL, 2026-06-05 12:30:00+00:00->2026-06-05 20:00:00+00:00)",12,partial,False,0.0218362425225286,0.0044538548569471,0.0,0.0023659974273463,0.00134124926425,472.0,0.0040409491025227,1.5566513140032825,91.94915254237289,True,914061,2026-06-05 02:48:34+00:00,198,False,0.2460783720016479,sentence-transformers/all-mpnet-base-v2,confirmatory,True,False
2062736952638550097,HOOD,True,"jobs_report(ALL, 2026-06-05 12:30:00+00:00->2026-06-05 20:00:00+00:00)",15,complete,False,-0.0315215746691872,0.003651027200415,0.0,0.0029116442658918,0.0011964742156813,12565.0,0.0044324270052405,0.6179681307232623,79.3633107839236,False,605700792,2026-06-05 03:23:07+00:00,240,False,0.5061692595481873,sentence-transformers/all-mpnet-base-v2,confirmatory,True,False
2062905722023620624,CRM,True,"jobs_report(ALL, 2026-06-05 12:30:00+00:00->2026-06-05 20:00:00+00:00)",13,partial,False,0.0006936015259233,0.0008863769891567,2.0,0.0010072236757306,0.0004361423260339,5169.0,0.0015536017908793,-0.2770808503564052,45.83091507061327,False,22330739,2026-06-05 14:33:45+00:00,98,False,0.4530803561210632,sentence-transformers/all-mpnet-base-v2,confirmatory,True,False
2062935998648942960,SHOP,True,"jobs_report(ALL, 2026-06-05 12:30:00+00:00->2026-06-05 20:00:00+00:00)",15,complete,False,-0.0001096466056829,0.0006403867720788,6.0,0.0010511718556192,0.0005979239113173,3661.0,0.0017200290519083,-0.6870189931614628,21.906582900846765,False,676573,2026-06-05 16:34:04+00:00,241,False,0.4481728076934814,sentence-transformers/all-mpnet-base-v2,exploratory_only,True,False
2063055332545540096,BOX,False,,8,partial,True,-0.0155717383181736,0.0026639287168598,0.0,0.0023659974273463,0.00134124926425,472.0,0.0040409491025227,0.2221296946470604,71.39830508474576,False,914061,2026-06-06 00:28:15+00:00,198,False,0.2460331916809082,sentence-transformers/all-mpnet-base-v2,confirmatory,True,True
2063209546068205938,SHOP,False,,2,insufficient,False,,0.0,,,,,,,,False,676573,2026-06-06 10:41:03+00:00,242,False,0.5555227994918823,sentence-transformers/all-mpnet-base-v2,exploratory_only,True,False
2063224212806914340,QCOM,False,,15,complete,True,0.0089479755554395,0.0038945901225461,0.0,0.0017823192627403,0.0010698256208132,8499.0,0.0032347960452871,1.9744066871385015,93.99929403459232,True,234930762,2026-06-06 11:39:19+00:00,69,False,0.7676007151603699,sentence-transformers/all-mpnet-base-v2,confirmatory,True,True
2063263077701697632,CRM,False,,15,complete,True,-0.0251899591655957,0.0035944326036396,0.0,0.0016535633785195,0.0007536210791284,7739.0,0.0026949740567718,2.5753913722327515,97.93254942499031,True,22330739,2026-06-06 14:13:45+00:00,98,False,0.4195237159729004,sentence-transformers/all-mpnet-base-v2,confirmatory,True,True
2063266602922213430,QCOM,False,,15,complete,True,0.0089479755554395,0.0038945901225461,0.0,0.0017823192627403,0.0010698256208132,8499.0,0.0032347960452871,1.9744066871385015,93.99929403459232,True,234930762,2026-06-06 14:27:46+00:00,70,False,0.3572490811347961,sentence-transformers/all-mpnet-base-v2,confirmatory,True,True
2063319636758683668,SHOP,False,,2,insufficient,False,,0.0,,,,,,,,False,676573,2026-06-06 17:58:30+00:00,243,False,0.5497807264328003,sentence-transformers/all-mpnet-base-v2,exploratory_only,True,False
2063320673217609936,BOX,False,,8,partial,True,-0.0155717383181736,0.0026639287168598,0.0,0.0023659974273463,0.00134124926425,472.0,0.0040409491025227,0.2221296946470604,71.39830508474576,False,914061,2026-06-06 18:02:37+00:00,199,False,0.3918710947036743,sentence-transformers/all-mpnet-base-v2,confirmatory,True,True
2063340695297913005,SHOP,False,,2,insufficient,False,,0.0,,,,,,,,False,676573,2026-06-06 19:22:11+00:00,244,False,0.6017459630966187,sentence-transformers/all-mpnet-base-v2,exploratory_only,True,False
2063368679866208664,HOOD,False,,15,complete,True,0.0034314829257124,0.0038989056727984,0.0,0.0029116442658918,0.0011964742156813,12565.0,0.0044324270052405,0.8251422337124019,83.04814962196578,False,605700792,2026-06-06 21:13:23+00:00,239,False,0.4534730911254883,sentence-transformers/all-mpnet-base-v2,confirmatory,True,True
2063633495302533158,MSFT,False,,15,complete,True,-0.0162710628346488,0.0019374730347999,0.0,0.0009394249546098,0.0004120387512163,14653.0,0.0014739637379442,2.4222189715018763,97.45444618849385,True,20571756,2026-06-07 14:45:40+00:00,101,False,0.4239470958709717,sentence-transformers/all-mpnet-base-v2,null_baseline,True,False
2063649508681224367,BOX,False,,8,partial,True,-0.0155717383181736,0.0026639287168598,0.0,0.0023659974273463,0.00134124926425,472.0,0.0040409491025227,0.2221296946470604,71.39830508474576,False,914061,2026-06-07 15:49:18+00:00,199,False,0.8058860301971436,sentence-transformers/all-mpnet-base-v2,confirmatory,True,True
2063756386572681606,BOX,False,,8,partial,True,-0.0155717383181736,0.0026639287168598,0.0,0.0023659974273463,0.00134124926425,472.0,0.0040409491025227,0.2221296946470604,71.39830508474576,False,914061,2026-06-07 22:53:59+00:00,200,False,0.3038649559020996,sentence-transformers/all-mpnet-base-v2,confirmatory,True,True
2063835799096090749,BOX,False,,8,partial,True,-0.0155717383181736,0.0026639287168598,0.0,0.0023659974273463,0.00134124926425,472.0,0.0040409491025227,0.2221296946470604,71.39830508474576,False,914061,2026-06-08 04:09:33+00:00,200,False,0.4377842545509338,sentence-transformers/all-mpnet-base-v2,confirmatory,True,True
2063971896316637593,CRM,False,,15,complete,True,-0.0251899591655957,0.0035944326036396,0.0,0.0016535633785195,0.0007536210791284,7739.0,0.0026949740567718,2.5753913722327515,97.93254942499031,True,22330739,2026-06-08 13:10:21+00:00,99,False,0.6347614526748657,sentence-transformers/all-mpnet-base-v2,confirmatory,True,True
2064054943435092125,CRM,False,,13,partial,True,-0.0002683429535246,0.0004490074212603,10.0,0.0006410824724233,0.000325872857022,3605.0,0.0010032330003726,-0.5894171515795742,29.791955617198333,False,22330739,2026-06-08 18:40:21+00:00,100,False,0.4256900548934936,sentence-transformers/all-mpnet-base-v2,confirmatory,True,True
2064186766907887941,BOX,False,,13,partial,True,-0.0160508803253059,0.0028415160262679,0.0,0.0023659974273463,0.00134124926425,472.0,0.0040409491025227,0.3545340986170214,75.63559322033898,False,914061,2026-06-09 03:24:10+00:00,201,False,0.4362926483154297,sentence-transformers/all-mpnet-base-v2,confirmatory,True,True
2064379199629181139,BOX,False,,14,partial,True,0.0037418525237148,0.0006361680870849,5.0,0.0008476673880137,0.0003763439537565,100.0,0.0012922168242674,-0.5619840542611952,27.0,False,914061,2026-06-09 16:08:50+00:00,202,False,0.7908718585968018,sentence-transformers/all-mpnet-base-v2,confirmatory,True,True
2064395257148834152,MSFT,False,,15,complete,True,-0.0015350069383883,0.0007089662580835,7.0,0.0004485307556491,0.0004097469845394,8216.0,0.0006639670621169,0.6356007786783048,92.13729308666018,True,20571756,2026-06-09 17:12:38+00:00,97,False,0.646103024482727,sentence-transformers/all-mpnet-base-v2,null_baseline,True,False
2064396746953023647,BOX,False,,12,partial,True,0.0005869548105901,0.0003661131410307,7.0,0.0010747703904457,0.0006370892637828,158.0,0.0018873071630307,-1.1123358839971025,5.063291139240507,False,914061,2026-06-09 17:18:33+00:00,203,False,0.1913065314292907,sentence-transformers/all-mpnet-base-v2,confirmatory,True,True
2064405257749242032,HOOD,False,,15,complete,True,0.0054748243526681,0.0010116339053287,8.0,0.001213082701226,0.0006543315496727,8409.0,0.0018807725151064,-0.3078696052452629,44.975621358068736,False,605700792,2026-06-09 17:52:22+00:00,232,False,0.3253992795944214,sentence-transformers/all-mpnet-base-v2,confirmatory,True,True
2064405466126434309,HOOD,False,,15,complete,True,0.0060229470225099,0.0009163354824382,8.0,0.001213082701226,0.0006543315496727,8409.0,0.0018807725151064,-0.4535120138042836,34.605779521940775,False,605700792,2026-06-09 17:53:12+00:00,233,False,0.6824015378952026,sentence-transformers/all-mpnet-base-v2,confirmatory,True,True
2064409512455393388,HOOD,False,,15,complete,True,0.0040724283591271,0.0012771824287146,9.0,0.0011713599027867,0.0006290243946238,9003.0,0.0018144380786752,0.168232785297935,70.74308563812063,False,605700792,2026-06-09 18:09:17+00:00,234,False,0.6472076177597046,sentence-transformers/all-mpnet-base-v2,confirmatory,True,True
2064436578177397150,SHOP,False,,3,insufficient,False,3.7073801618436875e-05,0.0001133713446028,12.0,0.0009352907168921,0.0004771495814668,6952.0,0.0014380990916787,-1.7225612349120292,0.0,False,676573,2026-06-09 19:56:50+00:00,245,False,0.6447886824607849,sentence-transformers/all-mpnet-base-v2,exploratory_only,True,False
2064569513023328268,BOX,True,"cpi(ALL, 2026-06-10 12:30:00+00:00->2026-06-10 20:00:00+00:00)",11,partial,False,-0.0009454284810516,0.0031775039842243,0.0,0.0023659974273463,0.00134124926425,472.0,0.0040409491025227,0.6050378393547178,80.72033898305084,False,914061,2026-06-10 04:45:04+00:00,203,False,0.2816294431686401,sentence-transformers/all-mpnet-base-v2,confirmatory,True,False
2064651007158579416,SHOP,True,"cpi(ALL, 2026-06-10 12:30:00+00:00->2026-06-10 20:00:00+00:00)",15,complete,False,-0.0053932931061507,0.0048503447296133,0.0,0.0022388075140546,0.0010375195416403,8237.0,0.0035029443251395,2.5170968938376,97.40196673546194,True,676573,2026-06-10 10:08:54+00:00,246,False,0.4509889483451843,sentence-transformers/all-mpnet-base-v2,exploratory_only,True,False
2064784637340070013,SHOP,True,"cpi(ALL, 2026-06-10 12:30:00+00:00->2026-06-10 20:00:00+00:00)",14,partial,False,-0.0023214996103764,0.0009549914662863,11.0,0.0008774277478409,0.0004630811946625,7453.0,0.0014346548949007,0.1674948569265344,68.34831611431639,False,676573,2026-06-10 18:59:54+00:00,247,False,0.6410054564476013,sentence-transformers/all-mpnet-base-v2,exploratory_only,True,False
2064785896507875795,SHOP,True,"cpi(ALL, 2026-06-10 12:30:00+00:00->2026-06-10 20:00:00+00:00)",14,partial,False,-0.0007566055268259,0.0008747719455588,11.0,0.0008774277478409,0.0004630811946625,7453.0,0.0014346548949007,-0.0057350683050188,61.76036495370991,False,676573,2026-06-10 19:04:54+00:00,248,False,0.5271162390708923,sentence-transformers/all-mpnet-base-v2,exploratory_only,True,False
2064922814688481678,BOX,False,,13,partial,True,-0.0337043497415014,0.0024634353416303,0.0,0.0023659974273463,0.00134124926425,472.0,0.0040409491025227,0.0726471334457568,68.4322033898305,False,914061,2026-06-11 04:08:58+00:00,202,False,0.4690858125686645,sentence-transformers/all-mpnet-base-v2,confirmatory,True,True
2065111629742723104,SHOP,False,,9,partial,True,6.619600781632151e-05,0.0010091607205706,6.0,0.0010511718556192,0.0005979239113173,3661.0,0.0017200290519083,-0.0702616741921496,58.78175361922972,False,676573,2026-06-11 16:39:15+00:00,249,False,0.5125489830970764,sentence-transformers/all-mpnet-base-v2,exploratory_only,True,False
2065287110744297809,BOX,False,,6,insufficient,False,-0.0143212686378064,0.0082534987891969,0.0,0.0023659974273463,0.00134124926425,472.0,0.0040409491025227,4.389565399047923,100.0,True,914061,2026-06-12 04:16:33+00:00,202,False,0.2455962896347046,sentence-transformers/all-mpnet-base-v2,confirmatory,True,False
2065342900427264484,SHOP,False,,1,insufficient,False,0.0047269218990921,,,,,,,,,False,676573,2026-06-12 07:58:14+00:00,250,False,0.683574378490448,sentence-transformers/all-mpnet-base-v2,exploratory_only,True,False
2065351060143698307,SHOP,False,,1,insufficient,False,0.0047269218990921,,,,,,,,,False,676573,2026-06-12 08:30:39+00:00,251,False,0.6093354225158691,sentence-transformers/all-mpnet-base-v2,exploratory_only,True,False
2065384054652821981,SHOP,False,,1,insufficient,False,0.0047269218990921,,,,,,,,,False,676573,2026-06-12 10:41:46+00:00,252,False,0.8811303973197937,sentence-transformers/all-mpnet-base-v2,exploratory_only,True,False
2065433020283113524,CRM,False,,15,complete,True,0.0012268772242971,0.0009009996689343,0.0,0.0016535633785195,0.0007536210791284,7739.0,0.0026949740567718,-0.9985969480253448,13.335056208812508,False,22330739,2026-06-12 13:56:20+00:00,99,False,0.4485377073287964,sentence-transformers/all-mpnet-base-v2,confirmatory,True,True
2065442952806027320,HOOD,False,,15,complete,True,0.0035594361407105,0.0018776392590148,2.0,0.0017976262622637,0.0007520228178971,12117.0,0.0026688411880296,0.1063970332374351,64.37236939836593,False,605700792,2026-06-12 14:35:48+00:00,234,False,0.4587775468826294,sentence-transformers/all-mpnet-base-v2,confirmatory,True,True
2065469347712401712,BOX,False,,6,insufficient,False,0.0004871367255894,0.0006498016686868,5.0,0.0008476673880137,0.0003763439537565,100.0,0.0012922168242674,-0.5257576675587525,39.0,False,914061,2026-06-12 16:20:41+00:00,203,False,0.6260098218917847,sentence-transformers/all-mpnet-base-v2,confirmatory,True,False
2065520628057174414,SHOP,False,,15,complete,True,-1.302893247245862e-05,0.0007141581204651,12.0,0.0009352907168921,0.0004771495814668,6952.0,0.0014380990916787,-0.4634450181159542,35.87456846950518,False,676573,2026-06-12 19:44:27+00:00,253,False,0.7671797871589661,sentence-transformers/all-mpnet-base-v2,exploratory_only,True,False
2065594956186865815,BOX,False,,11,partial,True,-0.0064813588808281,0.0028154803653446,0.0,0.0023659974273463,0.00134124926425,472.0,0.0040409491025227,0.3351225979979632,75.63559322033898,False,914061,2026-06-13 00:39:49+00:00,204,False,0.8790256381034851,sentence-transformers/all-mpnet-base-v2,confirmatory,True,True
2065616509666472329,BOX,False,,11,partial,True,-0.0064813588808281,0.0028154803653446,0.0,0.0023659974273463,0.00134124926425,472.0,0.0040409491025227,0.3351225979979632,75.63559322033898,False,914061,2026-06-13 02:05:27+00:00,205,False,0.3671145439147949,sentence-transformers/all-mpnet-base-v2,confirmatory,True,True
2065713528162373705,SHOP,False,,14,partial,True,0.0183038874963641,0.0041167767631231,0.0,0.0022388075140546,0.0010375195416403,8237.0,0.0035029443251395,1.8100567494847868,94.4761442272672,True,676573,2026-06-13 08:30:58+00:00,254,False,0.5801127552986145,sentence-transformers/all-mpnet-base-v2,exploratory_only,True,False
2065729598977941955,SHOP,False,,14,partial,True,0.0183038874963641,0.0041167767631231,0.0,0.0022388075140546,0.0010375195416403,8237.0,0.0035029443251395,1.8100567494847868,94.4761442272672,True,676573,2026-06-13 09:34:50+00:00,255,False,0.5502074956893921,sentence-transformers/all-mpnet-base-v2,exploratory_only,True,False
2065842361834651996,BOX,False,,11,partial,True,-0.0064813588808281,0.0028154803653446,0.0,0.0023659974273463,0.00134124926425,472.0,0.0040409491025227,0.3351225979979632,75.63559322033898,False,914061,2026-06-13 17:02:55+00:00,205,False,0.4816157221794128,sentence-transformers/all-mpnet-base-v2,confirmatory,True,True
2065929194102456363,HOOD,False,,1,insufficient,False,0.0330766518353855,,,,,,,,,False,605700792,2026-06-13 22:47:57+00:00,234,False,0.5878223776817322,sentence-transformers/all-mpnet-base-v2,confirmatory,True,False
2065964446489710939,BOX,False,,11,partial,True,-0.0064813588808281,0.0028154803653446,0.0,0.0023659974273463,0.00134124926425,472.0,0.0040409491025227,0.3351225979979632,75.63559322033898,False,914061,2026-06-14 01:08:02+00:00,206,False,0.4631212949752807,sentence-transformers/all-mpnet-base-v2,confirmatory,True,True
2065989559905812973,BOX,False,,11,partial,True,-0.0064813588808281,0.0028154803653446,0.0,0.0023659974273463,0.00134124926425,472.0,0.0040409491025227,0.3351225979979632,75.63559322033898,False,914061,2026-06-14 02:47:49+00:00,207,False,0.3408859372138977,sentence-transformers/all-mpnet-base-v2,confirmatory,True,True
2066037598208905245,SHOP,False,,14,partial,True,0.0183038874963641,0.0041167767631231,0.0,0.0022388075140546,0.0010375195416403,8237.0,0.0035029443251395,1.8100567494847868,94.4761442272672,True,676573,2026-06-14 05:58:43+00:00,256,False,0.5684622526168823,sentence-transformers/all-mpnet-base-v2,exploratory_only,True,False
2066044269534622087,SHOP,False,,14,partial,True,0.0183038874963641,0.0041167767631231,0.0,0.0022388075140546,0.0010375195416403,8237.0,0.0035029443251395,1.8100567494847868,94.4761442272672,True,676573,2026-06-14 06:25:13+00:00,257,False,0.5822254419326782,sentence-transformers/all-mpnet-base-v2,exploratory_only,True,False
2066071564852834685,HOOD,False,,1,insufficient,False,0.0330766518353855,,,,,,,,,False,605700792,2026-06-14 08:13:41+00:00,235,False,0.4918287992477417,sentence-transformers/all-mpnet-base-v2,confirmatory,True,False
2066167615618466060,BOX,False,,11,partial,True,-0.0064813588808281,0.0028154803653446,0.0,0.0023659974273463,0.00134124926425,472.0,0.0040409491025227,0.3351225979979632,75.63559322033898,False,914061,2026-06-14 14:35:21+00:00,207,False,0.6652841567993164,sentence-transformers/all-mpnet-base-v2,confirmatory,True,True
2066182223213293753,MSFT,False,,15,complete,True,-5.649374253735573e-05,0.001622425644059,0.0,0.0009394249546098,0.0004120387512163,14653.0,0.0014739637379442,1.6576127547058883,93.33924793557632,True,20571756,2026-06-14 15:33:24+00:00,92,False,0.7609794735908508,sentence-transformers/all-mpnet-base-v2,null_baseline,True,False
2066197628975824924,SHOP,False,,14,partial,True,0.0183038874963641,0.0041167767631231,0.0,0.0022388075140546,0.0010375195416403,8237.0,0.0035029443251395,1.8100567494847868,94.4761442272672,True,676573,2026-06-14 16:34:37+00:00,258,False,0.7782391905784607,sentence-transformers/all-mpnet-base-v2,exploratory_only,True,False
2066237607244427761,BOX,False,,11,partial,True,-0.0064813588808281,0.0028154803653446,0.0,0.0023659974273463,0.00134124926425,472.0,0.0040409491025227,0.3351225979979632,75.63559322033898,False,914061,2026-06-14 19:13:29+00:00,208,False,0.2704155445098877,sentence-transformers/all-mpnet-base-v2,confirmatory,True,True
2066251482832208367,SHOP,False,,14,partial,True,0.0183038874963641,0.0041167767631231,0.0,0.0022388075140546,0.0010375195416403,8237.0,0.0035029443251395,1.8100567494847868,94.4761442272672,True,676573,2026-06-14 20:08:37+00:00,259,False,0.5259445905685425,sentence-transformers/all-mpnet-base-v2,exploratory_only,True,False
2066257376991158384,SHOP,False,,14,partial,True,0.0183038874963641,0.0041167767631231,0.0,0.0022388075140546,0.0010375195416403,8237.0,0.0035029443251395,1.8100567494847868,94.4761442272672,True,676573,2026-06-14 20:32:02+00:00,260,False,0.6166620254516602,sentence-transformers/all-mpnet-base-v2,exploratory_only,True,False
2066449672026145193,SHOP,False,,14,partial,True,0.0183038874963641,0.0041167767631231,0.0,0.0022388075140546,0.0010375195416403,8237.0,0.0035029443251395,1.8100567494847868,94.4761442272672,True,676573,2026-06-15 09:16:09+00:00,261,False,0.4761257767677307,sentence-transformers/all-mpnet-base-v2,exploratory_only,True,False
2066493350039937093,SHOP,False,,14,partial,True,0.0183038874963641,0.0041167767631231,0.0,0.0022388075140546,0.0010375195416403,8237.0,0.0035029443251395,1.8100567494847868,94.4761442272672,True,676573,2026-06-15 12:09:42+00:00,262,False,0.4875869750976562,sentence-transformers/all-mpnet-base-v2,exploratory_only,True,False
2066498557150998570,HOOD,False,,15,complete,True,0.0412957212698383,0.0040083853006009,0.0,0.0029116442658918,0.0011964742156813,12565.0,0.0044324270052405,0.9166441034289206,84.45682451253482,False,605700792,2026-06-15 12:30:24+00:00,234,False,0.4670650959014892,sentence-transformers/all-mpnet-base-v2,confirmatory,True,True
2066505950039527712,HOOD,False,,15,complete,True,0.0412957212698383,0.0040083853006009,0.0,0.0029116442658918,0.0011964742156813,12565.0,0.0044324270052405,0.9166441034289206,84.45682451253482,False,605700792,2026-06-15 12:59:46+00:00,235,False,0.4773434996604919,sentence-transformers/all-mpnet-base-v2,confirmatory,True,True
2066522147153916069,CRM,False,,15,complete,True,-0.0036075247047534,0.0014052164064154,1.0,0.001205286593857,0.0005704647875291,6941.0,0.0018293024935227,0.3504682794260703,71.1280795274456,False,22330739,2026-06-15 14:04:08+00:00,98,False,0.2760548591613769,sentence-transformers/all-mpnet-base-v2,confirmatory,True,True
2066526720480690221,BOX,False,,14,partial,True,0.0002592778594827,0.0008909039014921,1.0,0.0014877893004124,0.0007403526478131,695.0,0.0027438381536759,-0.8062176865083271,16.402877697841728,False,914061,2026-06-15 14:22:19+00:00,209,False,0.6273516416549683,sentence-transformers/all-mpnet-base-v2,confirmatory,True,True
2066531788550295920,HOOD,False,,15,complete,True,-0.0037994434190408,0.0017691377394389,2.0,0.0017976262622637,0.0007520228178971,12117.0,0.0026688411880296,-0.0378825245015758,58.042419740859955,False,605700792,2026-06-15 14:42:27+00:00,236,False,0.3806090354919433,sentence-transformers/all-mpnet-base-v2,confirmatory,True,True
2066546446036333001,SHOP,False,,15,complete,True,0.0034674947677797,0.0008248216142141,4.0,0.0011511060186673,0.0005583326088205,4608.0,0.0018779045366866,-0.584390736450791,31.25,False,676573,2026-06-15 15:40:41+00:00,262,False,0.6049565076828003,sentence-transformers/all-mpnet-base-v2,exploratory_only,True,False
2066554018953146689,BOX,False,,9,partial,True,-0.0017715654521438,0.0005564865236318,5.0,0.0008476673880137,0.0003763439537565,100.0,0.0012922168242674,-0.7737094258467047,16.0,False,914061,2026-06-15 16:10:47+00:00,210,False,0.4918431043624878,sentence-transformers/all-mpnet-base-v2,confirmatory,True,True
2066572580207636791,SHOP,False,,13,partial,True,-0.0010354661325743,0.0006665895334322,7.0,0.0010934705418116,0.0009355395420648,3480.0,0.0017133619577662,-0.4562939236510226,24.54022988505747,False,676573,2026-06-15 17:24:32+00:00,263,False,0.8706819415092468,sentence-transformers/all-mpnet-base-v2,exploratory_only,True,False
2066735879213994434,BOX,False,,6,insufficient,False,0.0098708873082888,0.0024910248718072,0.0,0.0023659974273463,0.00134124926425,472.0,0.0040409491025227,0.0932171579089527,68.85593220338984,False,914061,2026-06-16 04:13:26+00:00,210,False,0.2309385538101196,sentence-transformers/all-mpnet-base-v2,confirmatory,True,False
2066904633910640931,SHOP,False,,10,partial,True,0.0010335982556548,0.0010757694053368,3.0,0.0012513815345819,0.0006762864429775,5509.0,0.0019573719847042,-0.2596712252163461,47.41332365220548,False,676573,2026-06-16 15:24:00+00:00,262,False,0.656185507774353,sentence-transformers/all-mpnet-base-v2,exploratory_only,True,False
2066904645767930043,SHOP,False,,9,partial,True,0.0011265795000096,0.0011373102944565,3.0,0.0012513815345819,0.0006762864429775,5509.0,0.0019573719847042,-0.168672965885834,52.33254674169541,False,676573,2026-06-16 15:24:03+00:00,263,False,0.587059736251831,sentence-transformers/all-mpnet-base-v2,exploratory_only,True,False
2066908002809221496,BOX,False,,9,partial,True,-0.0013154959846823,0.0004010327175546,4.0,0.0009576938331044,0.0005641838163725,206.0,0.0015407005801061,-0.9866662236590428,8.25242718446602,False,914061,2026-06-16 15:37:23+00:00,211,False,0.4328271746635437,sentence-transformers/all-mpnet-base-v2,confirmatory,True,True
2066911399494963335,MSFT,False,,15,complete,True,-0.004185441771375,0.0004031770744282,4.0,0.0004949532677144,0.0002172916540038,9968.0,0.0007665003294922,-0.422364097263293,38.754012841091495,False,20571756,2026-06-16 15:50:53+00:00,93,False,0.3721615076065063,sentence-transformers/all-mpnet-base-v2,null_baseline,True,False
2067003017480581157,SHOP,False,,15,complete,True,-0.0048504692614353,0.0046103851095039,0.0,0.0022388075140546,0.0010375195416403,8237.0,0.0035029443251395,2.2858148692792266,96.62498482457204,True,676573,2026-06-16 21:54:57+00:00,264,False,0.7600693702697754,sentence-transformers/all-mpnet-base-v2,exploratory_only,True,False
2067020073408368664,MSFT,False,,15,complete,True,-0.0148891834285621,0.0015634513626842,0.0,0.0009394249546098,0.0004120387512163,14653.0,0.0014739637379442,1.5144847571553066,92.20637412134036,True,20571756,2026-06-16 23:02:43+00:00,94,False,0.4562594890594482,sentence-transformers/all-mpnet-base-v2,null_baseline,True,False
2067070918300664161,BOX,False,,6,insufficient,False,-0.0218484545303495,0.0025385258290835,0.0,0.0023659974273463,0.00134124926425,472.0,0.0040409491025227,0.1286326161257568,69.49152542372882,False,914061,2026-06-17 02:24:45+00:00,211,False,0.4966862201690674,sentence-transformers/all-mpnet-base-v2,confirmatory,True,False
2067133050765361432,CRM,False,,15,complete,True,-0.0172249967161085,0.0028472686060834,0.0,0.0016535633785195,0.0007536210791284,7739.0,0.0026949740567718,1.5839594467612217,92.11784468277556,True,22330739,2026-06-17 06:31:39+00:00,98,False,0.6123172640800476,sentence-transformers/all-mpnet-base-v2,confirmatory,True,True
2067204120121885032,CRM,False,,15,complete,True,-0.0172249967161085,0.0028472686060834,0.0,0.0016535633785195,0.0007536210791284,7739.0,0.0026949740567718,1.5839594467612217,92.11784468277556,True,22330739,2026-06-17 11:14:03+00:00,99,False,0.304078459739685,sentence-transformers/all-mpnet-base-v2,confirmatory,True,True
2067248713991352352,CRM,False,,14,partial,True,0.0008174041137074,0.0013417847845383,1.0,0.001205286593857,0.0005704647875291,6941.0,0.0018293024935227,0.2392754008053106,67.20933583057196,False,22330739,2026-06-17 14:11:15+00:00,100,False,0.4545131325721741,sentence-transformers/all-mpnet-base-v2,confirmatory,True,True
2067258671025770787,CRM,False,,14,partial,True,-0.0020262982395878,0.0007686123634622,2.0,0.0010072236757306,0.0004361423260339,5169.0,0.0015536017908793,-0.5470950605463888,32.84968078932095,False,22330739,2026-06-17 14:50:49+00:00,101,False,0.7092294692993164,sentence-transformers/all-mpnet-base-v2,confirmatory,True,True
2067277141990056114,SHOP,False,,12,partial,True,-0.0025684945514251,0.0007224383050046,5.0,0.0010928384705565,0.0005862999426027,4158.0,0.0017391895075174,-0.6317588296317298,25.517075517075515,False,676573,2026-06-17 16:04:13+00:00,265,False,0.5674933195114136,sentence-transformers/all-mpnet-base-v2,exploratory_only,True,False
2067277220515922315,SHOP,False,,12,partial,True,-0.0025684945514251,0.0007224383050046,5.0,0.0010928384705565,0.0005862999426027,4158.0,0.0017391895075174,-0.6317588296317298,25.517075517075515,False,676573,2026-06-17 16:04:32+00:00,266,False,0.7351800203323364,sentence-transformers/all-mpnet-base-v2,exploratory_only,True,False
2067277302640361942,SHOP,False,,12,partial,True,-0.0025684945514251,0.0007224383050046,5.0,0.0010928384705565,0.0005862999426027,4158.0,0.0017391895075174,-0.6317588296317298,25.517075517075515,False,676573,2026-06-17 16:04:51+00:00,267,False,0.7253669500350952,sentence-transformers/all-mpnet-base-v2,exploratory_only,True,False
2067277372035150322,SHOP,False,,12,partial,True,-0.0025287653778131,0.0007225052354415,5.0,0.0010928384705565,0.0005862999426027,4158.0,0.0017391895075174,-0.6316446723002408,25.517075517075515,False,676573,2026-06-17 16:05:08+00:00,268,False,0.7466386556625366,sentence-transformers/all-mpnet-base-v2,exploratory_only,True,False
2067277489584701912,SHOP,False,,12,partial,True,-0.0025287653778131,0.0007225052354415,5.0,0.0010928384705565,0.0005862999426027,4158.0,0.0017391895075174,-0.6316446723002408,25.517075517075515,False,676573,2026-06-17 16:05:36+00:00,269,False,0.7884674072265625,sentence-transformers/all-mpnet-base-v2,exploratory_only,True,False
2067277565929394645,SHOP,False,,12,partial,True,-0.0025287653778131,0.0007225052354415,5.0,0.0010928384705565,0.0005862999426027,4158.0,0.0017391895075174,-0.6316446723002408,25.517075517075515,False,676573,2026-06-17 16:05:54+00:00,270,False,0.7437912225723267,sentence-transformers/all-mpnet-base-v2,exploratory_only,True,False
2067277638444753239,SHOP,False,,12,partial,True,-0.0016544282494497,0.0007220594648615,5.0,0.0010928384705565,0.0005862999426027,4158.0,0.0017391895075174,-0.632404983785189,25.44492544492544,False,676573,2026-06-17 16:06:11+00:00,271,False,0.7552701234817505,sentence-transformers/all-mpnet-base-v2,exploratory_only,True,False
2067277722691465501,SHOP,False,,12,partial,True,-0.0016544282494497,0.0007220594648615,5.0,0.0010928384705565,0.0005862999426027,4158.0,0.0017391895075174,-0.632404983785189,25.44492544492544,False,676573,2026-06-17 16:06:31+00:00,272,False,0.625409722328186,sentence-transformers/all-mpnet-base-v2,exploratory_only,True,False
2067277793717805137,SHOP,False,,12,partial,True,-0.0016544282494497,0.0007220594648615,5.0,0.0010928384705565,0.0005862999426027,4158.0,0.0017391895075174,-0.632404983785189,25.44492544492544,False,676573,2026-06-17 16:06:48+00:00,273,False,0.7705712914466858,sentence-transformers/all-mpnet-base-v2,exploratory_only,True,False
2067277805507985796,SHOP,False,,12,partial,True,-0.0016544282494497,0.0007220594648615,5.0,0.0010928384705565,0.0005862999426027,4158.0,0.0017391895075174,-0.632404983785189,25.44492544492544,False,676573,2026-06-17 16:06:51+00:00,274,False,0.6238511204719543,sentence-transformers/all-mpnet-base-v2,exploratory_only,True,False
2067326045368484137,HOOD,True,"fomc(ALL, 2026-06-17 18:00:00+00:00->2026-06-17 20:00:00+00:00)",15,complete,False,-0.0092011107248202,0.0028312133229169,11.0,0.0011052161091722,0.0005247132447824,10594.0,0.00171155371555,3.28941041779954,98.33868227298473,True,605700792,2026-06-17 19:18:32+00:00,230,False,0.577024519443512,sentence-transformers/all-mpnet-base-v2,confirmatory,True,False
2067455756795039957,BOX,False,,7,insufficient,False,-0.0205829218425471,0.0021041613452175,0.0,0.0023659974273463,0.00134124926425,472.0,0.0040409491025227,-0.1952180620767971,58.89830508474576,False,914061,2026-06-18 03:53:58+00:00,211,False,0.2402012944221496,sentence-transformers/all-mpnet-base-v2,confirmatory,True,False
2067584164564512814,SHOP,False,,13,partial,True,-0.0154240004358108,0.0039872531325822,0.0,0.0022388075140546,0.0010375195416403,8237.0,0.0035029443251395,1.6852170473467,93.88126745174212,True,676573,2026-06-18 12:24:13+00:00,275,False,0.5511698722839355,sentence-transformers/all-mpnet-base-v2,exploratory_only,True,False
2067634505914155336,HOOD,False,,14,partial,True,-0.0018257239129559,0.0013956886347005,4.0,0.0013876350240362,0.0005670153025844,10096.0,0.002103771143176,0.0142035155446376,60.093106180665615,False,605700792,2026-06-18 15:44:15+00:00,227,False,0.6549399495124817,sentence-transformers/all-mpnet-base-v2,confirmatory,True,True
2067687737868640720,SHOP,False,,14,partial,True,-0.0049702619960444,0.0009588696107121,11.0,0.0008774277478409,0.0004630811946625,7453.0,0.0014346548949007,0.1758695101633395,68.73742117268215,False,676573,2026-06-18 19:15:47+00:00,275,False,0.4678876399993896,sentence-transformers/all-mpnet-base-v2,exploratory_only,True,False
2067704868643738008,HOOD,False,,15,complete,True,0.017033305499398,0.0046412679088347,0.0,0.0029116442658918,0.0011964742156813,12565.0,0.0044324270052405,1.4456004318972395,91.9458814166335,True,605700792,2026-06-18 20:23:51+00:00,227,False,0.4822659492492676,sentence-transformers/all-mpnet-base-v2,confirmatory,True,True
2067754874813710593,HOOD,False,,15,complete,True,0.017033305499398,0.0046412679088347,0.0,0.0029116442658918,0.0011964742156813,12565.0,0.0044324270052405,1.4456004318972395,91.9458814166335,True,605700792,2026-06-18 23:42:33+00:00,228,False,0.5406808853149414,sentence-transformers/all-mpnet-base-v2,confirmatory,True,True
2067754876109774854,HOOD,False,,15,complete,True,0.017033305499398,0.0046412679088347,0.0,0.0029116442658918,0.0011964742156813,12565.0,0.0044324270052405,1.4456004318972395,91.9458814166335,True,605700792,2026-06-18 23:42:34+00:00,229,False,0.5770021677017212,sentence-transformers/all-mpnet-base-v2,confirmatory,True,True
2067802697324212562,BOX,False,,7,insufficient,False,0.005763596656406,0.0043155268625816,0.0,0.0023659974273463,0.00134124926425,472.0,0.0040409491025227,1.4535176176408486,91.10169491525424,True,914061,2026-06-19 02:52:35+00:00,211,False,0.3912466764450073,sentence-transformers/all-mpnet-base-v2,confirmatory,True,False
2067821985342878180,BOX,False,,7,insufficient,False,0.005763596656406,0.0043155268625816,0.0,0.0023659974273463,0.00134124926425,472.0,0.0040409491025227,1.4535176176408486,91.10169491525424,True,914061,2026-06-19 04:09:14+00:00,212,False,0.4057047367095947,sentence-transformers/all-mpnet-base-v2,confirmatory,True,False
2068041675264688273,HOOD,False,,15,complete,True,0.017033305499398,0.0046412679088347,0.0,0.0029116442658918,0.0011964742156813,12565.0,0.0044324270052405,1.4456004318972395,91.9458814166335,True,605700792,2026-06-19 18:42:12+00:00,230,False,0.5259802937507629,sentence-transformers/all-mpnet-base-v2,confirmatory,True,True
2068068247413694532,BOX,False,,7,insufficient,False,0.005763596656406,0.0043155268625816,0.0,0.0023659974273463,0.00134124926425,472.0,0.0040409491025227,1.4535176176408486,91.10169491525424,True,914061,2026-06-19 20:27:47+00:00,212,False,0.30426025390625,sentence-transformers/all-mpnet-base-v2,confirmatory,True,False
2068372053766369290,SHOP,False,,15,complete,True,0.0120094484942674,0.0048181444231721,0.0,0.0022388075140546,0.0010375195416403,8237.0,0.0035029443251395,2.48606103846442,97.32912468131602,True,676573,2026-06-20 16:35:00+00:00,275,False,0.5783445239067078,sentence-transformers/all-mpnet-base-v2,exploratory_only,True,False
2068434042148782515,BOX,False,,7,insufficient,False,0.005763596656406,0.0043155268625816,0.0,0.0023659974273463,0.00134124926425,472.0,0.0040409491025227,1.4535176176408486,91.10169491525424,True,914061,2026-06-20 20:41:19+00:00,213,False,0.413920521736145,sentence-transformers/all-mpnet-base-v2,confirmatory,True,False
2068462305398899059,SHOP,False,,15,complete,True,0.0120094484942674,0.0048181444231721,0.0,0.0022388075140546,0.0010375195416403,8237.0,0.0035029443251395,2.48606103846442,97.32912468131602,True,676573,2026-06-20 22:33:38+00:00,275,False,0.5571902990341187,sentence-transformers/all-mpnet-base-v2,exploratory_only,True,False
2068471946237358379,SHOP,False,,15,complete,True,0.0120094484942674,0.0048181444231721,0.0,0.0022388075140546,0.0010375195416403,8237.0,0.0035029443251395,2.48606103846442,97.32912468131602,True,676573,2026-06-20 23:11:56+00:00,276,False,0.6008338332176208,sentence-transformers/all-mpnet-base-v2,exploratory_only,True,False
2068792523753996518,QCOM,False,,15,complete,True,-0.0209961086099922,0.0079522670688351,0.0,0.0017823192627403,0.0010698256208132,8499.0,0.0032347960452871,5.7672462558939515,99.98823390987177,True,234930762,2026-06-21 20:25:48+00:00,66,False,0.562706708908081,sentence-transformers/all-mpnet-base-v2,confirmatory,True,True
2068795171823608227,QCOM,False,,15,complete,True,-0.0209961086099922,0.0079522670688351,0.0,0.0017823192627403,0.0010698256208132,8499.0,0.0032347960452871,5.7672462558939515,99.98823390987177,True,234930762,2026-06-21 20:36:19+00:00,67,False,0.4666038155555725,sentence-transformers/all-mpnet-base-v2,confirmatory,True,True
2068806527004348577,QCOM,False,,15,complete,True,-0.0209961086099922,0.0079522670688351,0.0,0.0017823192627403,0.0010698256208132,8499.0,0.0032347960452871,5.7672462558939515,99.98823390987177,True,234930762,2026-06-21 21:21:27+00:00,68,False,0.5637722015380859,sentence-transformers/all-mpnet-base-v2,confirmatory,True,True
2068851573175021864,BOX,False,,7,insufficient,False,0.005763596656406,0.0043155268625816,0.0,0.0023659974273463,0.00134124926425,472.0,0.0040409491025227,1.4535176176408486,91.10169491525424,True,914061,2026-06-22 00:20:27+00:00,212,False,0.2079763412475586,sentence-transformers/all-mpnet-base-v2,confirmatory,True,False
2068887258149871697,HOOD,False,,15,complete,True,0.017033305499398,0.0046412679088347,0.0,0.0029116442658918,0.0011964742156813,12565.0,0.0044324270052405,1.4456004318972395,91.9458814166335,True,605700792,2026-06-22 02:42:15+00:00,226,False,0.6468163132667542,sentence-transformers/all-mpnet-base-v2,confirmatory,True,True
2068917230570795178,BOX,False,,7,insufficient,False,0.005763596656406,0.0043155268625816,0.0,0.0023659974273463,0.00134124926425,472.0,0.0040409491025227,1.4535176176408486,91.10169491525424,True,914061,2026-06-22 04:41:21+00:00,213,False,0.3508557081222534,sentence-transformers/all-mpnet-base-v2,confirmatory,True,False
2069036531071754525,CRM,False,,1,insufficient,False,,,,,,,,,,False,22330739,2026-06-22 12:35:24+00:00,101,False,0.3542153239250183,sentence-transformers/all-mpnet-base-v2,confirmatory,True,False
2069083242704273719,HOOD,False,,15,complete,True,0.007329883154299,0.0016179071575398,4.0,0.0013876350240362,0.0005670153025844,10096.0,0.002103771143176,0.4061127317976403,74.19770206022187,False,605700792,2026-06-22 15:41:01+00:00,227,False,0.8059067726135254,sentence-transformers/all-mpnet-base-v2,confirmatory,True,True
2069088587619193173,QCOM,False,,15,complete,True,0.0026786015965563,0.0014318347486605,5.0,0.0008809439772216,0.0005446211250859,4216.0,0.0015541749889803,1.011511941171787,87.64231499051233,False,234930762,2026-06-22 16:02:15+00:00,69,False,0.5443283319473267,sentence-transformers/all-mpnet-base-v2,confirmatory,True,True
2069140445205348432,BOX,False,,13,partial,True,0.0078518798953315,0.0008902797042816,12.0,0.0008875319452804,0.000413202305816,1815.0,0.0013487540138926,0.0066499120707894,57.85123966942148,False,914061,2026-06-22 19:28:19+00:00,214,False,0.562000036239624,sentence-transformers/all-mpnet-base-v2,confirmatory,True,True
2069216058926637078,HOOD,False,,1,insufficient,False,,,,,,,,,,False,605700792,2026-06-23 00:28:47+00:00,228,False,0.6251155734062195,sentence-transformers/all-mpnet-base-v2,confirmatory,True,False
2069228335255949775,BOX,False,,10,partial,True,0.0388699093077768,0.0040380251576716,0.0,0.0023659974273463,0.00134124926425,472.0,0.0040409491025227,1.2466196812865855,89.83050847457628,False,914061,2026-06-23 01:17:34+00:00,214,False,0.3338119983673095,sentence-transformers/all-mpnet-base-v2,confirmatory,True,True
2069480886211346895,CRM,False,,12,partial,True,0.0015999141276193,0.0003439741494423,9.0,0.0006798511763971,0.0004567842657429,3068.0,0.001057582176389,-0.735307785631728,9.38722294654498,False,22330739,2026-06-23 18:01:07+00:00,101,False,0.5895993709564209,sentence-transformers/all-mpnet-base-v2,confirmatory,True,True
2069596515560267891,BOX,False,,9,partial,True,0.026254373999291,0.0053943584243307,0.0,0.0023659974273463,0.00134124926425,472.0,0.0040409491025227,2.257865914787806,93.00847457627118,True,914061,2026-06-24 01:40:35+00:00,215,False,0.4437873959541321,sentence-transformers/all-mpnet-base-v2,confirmatory,True,True
2069598972579029422,QCOM,False,,15,complete,True,-0.0369374978209656,0.0063446224975556,0.0,0.0017823192627403,0.0010698256208132,8499.0,0.0032347960452871,4.264529794441698,99.717613836922,True,234930762,2026-06-24 01:50:21+00:00,69,False,0.3460927009582519,sentence-transformers/all-mpnet-base-v2,confirmatory,True,True
2069639600310767616,BOX,False,,9,partial,True,0.026254373999291,0.0053943584243307,0.0,0.0023659974273463,0.00134124926425,472.0,0.0040409491025227,2.257865914787806,93.00847457627118,True,914061,2026-06-24 04:31:47+00:00,216,False,0.5006713271141052,sentence-transformers/all-mpnet-base-v2,confirmatory,True,True
2069822102660640873,QCOM,False,,14,partial,True,-0.0005943922096268,0.001358591119575,6.0,0.0008811222698987,0.0005506822930134,3296.0,0.0015689675970311,0.867049577830939,85.49757281553399,False,234930762,2026-06-24 16:36:59+00:00,70,False,0.5993733406066895,sentence-transformers/all-mpnet-base-v2,confirmatory,True,True
2069956584495591537,SHOP,False,,15,complete,True,-0.0155243392536735,0.0043126125016692,0.0,0.0022388075140546,0.0010375195416403,8237.0,0.0035029443251395,1.9988105326053385,95.43523127352192,True,676573,2026-06-25 01:31:22+00:00,270,False,0.6136453151702881,sentence-transformers/all-mpnet-base-v2,exploratory_only,True,False
2069975251476422664,BOX,False,,9,partial,True,-0.0134798464836911,0.0036460808805682,0.0,0.0023659974273463,0.00134124926425,472.0,0.0040409491025227,0.954396388010456,85.38135593220339,False,914061,2026-06-25 02:45:32+00:00,216,False,0.5193912982940674,sentence-transformers/all-mpnet-base-v2,confirmatory,True,True
2070160108424663202,HOOD,False,,15,complete,True,-0.0018889457881905,0.0015643381982771,3.0,0.0015456034290746,0.0006413860046589,11150.0,0.0022904170316356,0.0292098191517306,61.318385650224215,False,605700792,2026-06-25 15:00:06+00:00,223,False,0.3186230659484863,sentence-transformers/all-mpnet-base-v2,confirmatory,True,True
2070180313654063255,MSFT,False,,15,complete,True,-0.0023440771097427,0.0006384896917561,5.0,0.0004669323990018,0.0002276766504381,8901.0,0.0007157854781702,0.7535128983322595,83.51870576339738,False,20571756,2026-06-25 16:20:23+00:00,95,False,0.3662438988685608,sentence-transformers/all-mpnet-base-v2,null_baseline,True,False
2070180315117875587,MSFT,False,,15,complete,True,-0.0023440771097427,0.0006384896917561,5.0,0.0004669323990018,0.0002276766504381,8901.0,0.0007157854781702,0.7535128983322595,83.51870576339738,False,20571756,2026-06-25 16:20:23+00:00,95,False,0.6540771126747131,sentence-transformers/all-mpnet-base-v2,null_baseline,True,False
2070186626928529892,HOOD,False,,15,complete,True,0.0036168475845115,0.0009834374271849,6.0,0.0013312371582174,0.0007325749655066,8487.0,0.0020897515683504,-0.4747633312748253,33.91068693295629,False,605700792,2026-06-25 16:45:28+00:00,224,False,0.4526238441467285,sentence-transformers/all-mpnet-base-v2,confirmatory,True,True
2070186628589449475,HOOD,False,,15,complete,True,0.0036168475845115,0.0009834374271849,6.0,0.0013312371582174,0.0007325749655066,8487.0,0.0020897515683504,-0.4747633312748253,33.91068693295629,False,605700792,2026-06-25 16:45:29+00:00,225,False,0.6973667740821838,sentence-transformers/all-mpnet-base-v2,confirmatory,True,True
2070196046106349977,SHOP,False,,11,partial,True,-0.0001137842213339,0.0014266105758017,7.0,0.0010934705418116,0.0009355395420648,3480.0,0.0017133619577662,0.3560940174209688,82.84482758620689,False,676573,2026-06-25 17:22:54+00:00,271,False,0.4842466115951538,sentence-transformers/all-mpnet-base-v2,exploratory_only,True,False
2070300449756840419,CRM,False,,15,complete,True,0.0453483625796778,0.003118659651114,0.0,0.0016535633785195,0.0007536210791284,7739.0,0.0026949740567718,1.9440754951929784,95.20609897919628,True,22330739,2026-06-26 00:17:46+00:00,101,False,0.5292602777481079,sentence-transformers/all-mpnet-base-v2,confirmatory,True,True
2070303126280605811,QCOM,False,,15,complete,True,0.0037396351727402,0.004957150374915,0.0,0.0017823192627403,0.0010698256208132,8499.0,0.0032347960452871,2.967615516406472,97.89386986704318,True,234930762,2026-06-26 00:28:24+00:00,71,False,0.2581630945205688,sentence-transformers/all-mpnet-base-v2,confirmatory,True,True
2070304246935765210,QCOM,False,,15,complete,True,0.0037396351727402,0.004957150374915,0.0,0.0017823192627403,0.0010698256208132,8499.0,0.0032347960452871,2.967615516406472,97.89386986704318,True,234930762,2026-06-26 00:32:51+00:00,72,False,0.5191929340362549,sentence-transformers/all-mpnet-base-v2,confirmatory,True,True
2070310706369712272,BOX,False,,9,partial,True,0.0296451476391587,0.0029805565092415,0.0,0.0023659974273463,0.00134124926425,472.0,0.0040409491025227,0.4581990076533591,77.7542372881356,False,914061,2026-06-26 00:58:31+00:00,217,False,0.3787072896957397,sentence-transformers/all-mpnet-base-v2,confirmatory,True,True
2070370225271251161,BOX,False,,9,partial,True,0.0296451476391587,0.0029805565092415,0.0,0.0023659974273463,0.00134124926425,472.0,0.0040409491025227,0.4581990076533591,77.7542372881356,False,914061,2026-06-26 04:55:01+00:00,217,False,0.4399229288101196,sentence-transformers/all-mpnet-base-v2,confirmatory,True,True
2070563281916620895,BOX,False,,7,insufficient,False,0.0005745175347495,0.0006678393615355,8.0,0.0011208349410239,0.0005122699327436,159.0,0.0015615102713901,-0.8842907821317194,14.465408805031446,False,914061,2026-06-26 17:42:10+00:00,218,False,0.4181019067764282,sentence-transformers/all-mpnet-base-v2,confirmatory,True,False
2070563776420782115,HOOD,False,,15,complete,True,-0.0012394171599633,0.0010731599638131,8.0,0.001213082701226,0.0006543315496727,8409.0,0.0018807725151064,-0.2138407317863623,51.14757997383755,False,605700792,2026-06-26 17:44:08+00:00,224,False,0.5532206296920776,sentence-transformers/all-mpnet-base-v2,confirmatory,True,True
2070576615852024289,SHOP,False,,13,partial,True,-0.0043189733062672,0.0011857178672035,10.0,0.0009472015854964,0.0006222780681837,4909.0,0.0017232181833228,0.3832953367667629,80.0977795885109,False,676573,2026-06-26 18:35:09+00:00,270,False,0.5536905527114868,sentence-transformers/all-mpnet-base-v2,exploratory_only,True,False
2070587111884120130,HOOD,False,,15,complete,True,0.0004127623325075,0.0013456593984816,11.0,0.0011052161091722,0.0005247132447824,10594.0,0.00171155371555,0.4582375072485645,77.13800264300548,False,605700792,2026-06-26 19:16:51+00:00,225,False,0.6767047047615051,sentence-transformers/all-mpnet-base-v2,confirmatory,True,True
2070682290464919874,BOX,False,,12,partial,True,0.0096203174213453,0.0035779170582289,0.0,0.0023659974273463,0.00134124926425,472.0,0.0040409491025227,0.9035752437562564,84.7457627118644,False,914061,2026-06-27 01:35:04+00:00,219,False,0.9186336994171144,sentence-transformers/all-mpnet-base-v2,confirmatory,True,True
2070937863806751154,BOX,False,,12,partial,True,0.0096203174213453,0.0035779170582289,0.0,0.0023659974273463,0.00134124926425,472.0,0.0040409491025227,0.9035752437562564,84.7457627118644,False,914061,2026-06-27 18:30:37+00:00,220,False,0.4325286149978637,sentence-transformers/all-mpnet-base-v2,confirmatory,True,True
2071253118252356001,BOX,False,,12,partial,True,0.0096203174213453,0.0035779170582289,0.0,0.0023659974273463,0.00134124926425,472.0,0.0040409491025227,0.9035752437562564,84.7457627118644,False,914061,2026-06-28 15:23:20+00:00,220,False,0.5626777410507202,sentence-transformers/all-mpnet-base-v2,confirmatory,True,True
2071630137414619508,HOOD,False,,15,complete,True,0.0022392181027116,0.0011440591836009,5.0,0.0013306769934939,0.0005685696276222,9339.0,0.0020352058338232,-0.3282233183532166,44.15890352286112,False,605700792,2026-06-29 16:21:28+00:00,222,False,0.778538703918457,sentence-transformers/all-mpnet-base-v2,confirmatory,True,True
2071692785460072819,HOOD,False,,15,complete,True,-0.0052158325924953,0.0043304905451594,0.0,0.0029116442658918,0.0011964742156813,12565.0,0.0044324270052405,1.1858561268364478,88.95344210107442,False,605700792,2026-06-29 20:30:24+00:00,223,False,0.464065670967102,sentence-transformers/all-mpnet-base-v2,confirmatory,True,True
2071730234622418994,QCOM,False,,15,complete,True,0.0035196601586344,0.0050731145968442,0.0,0.0017823192627403,0.0010698256208132,8499.0,0.0032347960452871,3.0760109592461085,98.2233203906342,True,234930762,2026-06-29 22:59:13+00:00,72,False,0.3685703873634338,sentence-transformers/all-mpnet-base-v2,confirmatory,True,True
2071775583072375214,BOX,False,,5,insufficient,False,-0.0083330797044701,0.0040861887800503,0.0,0.0023659974273463,0.00134124926425,472.0,0.0040409491025227,1.2825292050883743,90.04237288135593,True,914061,2026-06-30 01:59:25+00:00,219,False,0.5347771048545837,sentence-transformers/all-mpnet-base-v2,confirmatory,True,False
2071992799109824562,BOX,False,,7,insufficient,False,0.0042883535955066,0.0009352269590413,5.0,0.0008476673880137,0.0003763439537565,100.0,0.0012922168242674,0.2326583704976055,67.0,False,914061,2026-06-30 16:22:33+00:00,220,False,0.3026903867721557,sentence-transformers/all-mpnet-base-v2,confirmatory,True,False
2072013455394062434,SHOP,False,,12,partial,True,-0.0006636765675229,0.0007604467473331,8.0,0.0010078885440359,0.0006827933069887,3827.0,0.0016508473045134,-0.3623963418652762,40.68460935458584,False,676573,2026-06-30 17:44:38+00:00,269,False,0.4972167611122131,sentence-transformers/all-mpnet-base-v2,exploratory_only,True,False
2072046374045249671,BOX,False,,4,insufficient,False,-0.0025077869296051,0.0003199988457651,12.0,0.0008875319452804,0.000413202305816,1815.0,0.0013487540138926,-1.373499352561593,0.4407713498622589,False,914061,2026-06-30 19:55:26+00:00,221,False,0.4345458149909973,sentence-transformers/all-mpnet-base-v2,confirmatory,True,False
2072172275017879829,BOX,False,,12,partial,True,0.037361048251947,0.0034521391579258,0.0,0.0023659974273463,0.00134124926425,472.0,0.0040409491025227,0.8097985658070875,83.05084745762711,False,914061,2026-07-01 04:15:44+00:00,222,False,0.5972697734832764,sentence-transformers/all-mpnet-base-v2,confirmatory,True,True
2072311376295379123,SHOP,False,,15,complete,True,0.0529543631014641,0.0053842968483623,0.0,0.0022388075140546,0.0010375195416403,8237.0,0.0035029443251395,3.0317398449522885,98.5310185747238,True,676573,2026-07-01 13:28:28+00:00,270,False,0.5556522607803345,sentence-transformers/all-mpnet-base-v2,exploratory_only,True,False
2072311562220576905,SHOP,False,,15,complete,True,0.0529543631014641,0.0053842968483623,0.0,0.0022388075140546,0.0010375195416403,8237.0,0.0035029443251395,3.0317398449522885,98.5310185747238,True,676573,2026-07-01 13:29:12+00:00,271,False,0.7306352853775024,sentence-transformers/all-mpnet-base-v2,exploratory_only,True,False
2072357156012081527,HOOD,False,,15,complete,True,-0.0028107491272915,0.000833686002395,6.0,0.0013312371582174,0.0007325749655066,8487.0,0.0020897515683504,-0.6791812159158944,18.97018970189702,False,605700792,2026-07-01 16:30:23+00:00,223,False,0.7107043266296387,sentence-transformers/all-mpnet-base-v2,confirmatory,True,True
2072368961795039694,SHOP,False,,14,partial,True,0.0026728463649646,0.0008086591099843,7.0,0.0010934705418116,0.0009355395420648,3480.0,0.0017133619577662,-0.3044354824369057,40.11494252873563,False,676573,2026-07-01 17:17:17+00:00,272,False,0.7585758566856384,sentence-transformers/all-mpnet-base-v2,exploratory_only,True,False
2072372393038028973,QCOM,False,,14,partial,True,0.0006364122116654,0.0008949006678613,8.0,0.0008611830211537,0.0006334579657316,3701.0,0.0014154386593569,0.0532279149234908,64.52310186436098,False,234930762,2026-07-01 17:30:55+00:00,73,False,0.350844144821167,sentence-transformers/all-mpnet-base-v2,confirmatory,True,True
2072375574035583273,HOOD,False,,15,complete,True,-0.0016813673460337,0.001049707004359,8.0,0.001213082701226,0.0006543315496727,8409.0,0.0018807725151064,-0.2496833554009764,49.09026043524795,False,605700792,2026-07-01 17:43:34+00:00,224,False,0.5900067090988159,sentence-transformers/all-mpnet-base-v2,confirmatory,True,True
2072375933915525312,HOOD,False,,15,complete,True,-0.0014765098781738,0.001031586541648,8.0,0.001213082701226,0.0006543315496727,8409.0,0.0018807725151064,-0.2773764457311568,47.163753121655375,False,605700792,2026-07-01 17:45:00+00:00,225,False,0.6479310989379883,sentence-transformers/all-mpnet-base-v2,confirmatory,True,True
2072378897912455230,HOOD,False,,15,complete,True,-0.0021827637214845,0.001993610623344,8.0,0.001213082701226,0.0006543315496727,8409.0,0.0018807725151064,1.1928630409285157,91.7112617433702,True,605700792,2026-07-01 17:56:46+00:00,226,False,0.644833505153656,sentence-transformers/all-mpnet-base-v2,confirmatory,True,True
2072519377371459836,BOX,True,"jobs_report(ALL, 2026-07-02 12:30:00+00:00->2026-07-02 20:00:00+00:00)",6,insufficient,False,0.0008161395152954,0.0045437613291835,0.0,0.0023659974273463,0.00134124926425,472.0,0.0040409491025227,1.6236832033267454,91.94915254237289,True,914061,2026-07-02 03:14:59+00:00,223,False,0.306393027305603,sentence-transformers/all-mpnet-base-v2,confirmatory,True,False
2072708957077176563,MSFT,True,"jobs_report(ALL, 2026-07-02 12:30:00+00:00->2026-07-02 20:00:00+00:00)",15,complete,False,0.0040852867911154,0.0006986295373697,4.0,0.0004949532677144,0.0002172916540038,9968.0,0.0007665003294922,0.9373405094137744,85.56380417335474,False,20571756,2026-07-02 15:48:19+00:00,96,False,0.3896251916885376,sentence-transformers/all-mpnet-base-v2,null_baseline,True,False
2072748263208616222,QCOM,True,"jobs_report(ALL, 2026-07-02 12:30:00+00:00->2026-07-02 20:00:00+00:00)",15,complete,False,0.0056069619187764,0.0017286680198053,9.0,0.0007471375969065,0.0004867566519591,4287.0,0.0012808820130418,2.0164704867372545,96.6410076976907,True,234930762,2026-07-02 18:24:30+00:00,73,False,0.2670648097991943,sentence-transformers/all-mpnet-base-v2,confirmatory,True,False
2072875685811716182,BOX,False,,4,insufficient,False,-0.0192993963515828,0.0004457671083416,0.0,0.0023659974273463,0.00134124926425,472.0,0.0040409491025227,-1.431672971003187,0.0,False,914061,2026-07-03 02:50:50+00:00,224,False,0.2373631596565246,sentence-transformers/all-mpnet-base-v2,confirmatory,True,False
2073138135014502777,BOX,False,,4,insufficient,False,-0.0192993963515828,0.0004457671083416,0.0,0.0023659974273463,0.00134124926425,472.0,0.0040409491025227,-1.431672971003187,0.0,False,914061,2026-07-03 20:13:43+00:00,225,False,0.2706818580627441,sentence-transformers/all-mpnet-base-v2,confirmatory,True,False
2073423003514225056,CRM,False,,15,complete,True,-0.0220490530594112,0.0028656188489734,0.0,0.0016535633785195,0.0007536210791284,7739.0,0.0026949740567718,1.6083088756694643,92.31166817418271,True,22330739,2026-07-04 15:05:41+00:00,101,False,0.5628275871276855,sentence-transformers/all-mpnet-base-v2,confirmatory,True,True
2073453889068695799,HOOD,False,,15,complete,True,0.002445495018627,0.0022150957128234,0.0,0.0029116442658918,0.0011964742156813,12565.0,0.0044324270052405,-0.5821676254609167,30.489454834858737,False,605700792,2026-07-04 17:08:24+00:00,227,False,0.4438644647598266,sentence-transformers/all-mpnet-base-v2,confirmatory,True,True
2073465899575820371,QCOM,False,,15,complete,True,0.0537090589039019,0.0040563618330393,0.0,0.0017823192627403,0.0010698256208132,8499.0,0.0032347960452871,2.125619845008318,94.66996117190256,True,234930762,2026-07-04 17:56:08+00:00,74,False,0.6657921075820923,sentence-transformers/all-mpnet-base-v2,confirmatory,True,True
2073483292054032599,CRM,False,,15,complete,True,-0.0220490530594112,0.0028656188489734,0.0,0.0016535633785195,0.0007536210791284,7739.0,0.0026949740567718,1.6083088756694643,92.31166817418271,True,22330739,2026-07-04 19:05:14+00:00,102,False,0.5579061508178711,sentence-transformers/all-mpnet-base-v2,confirmatory,True,True
2073776496859082949,SHOP,False,,14,partial,True,-0.0306838855441038,0.0036068361331941,0.0,0.0022388075140546,0.0010375195416403,8237.0,0.0035029443251395,1.3185569661431462,91.14969042126988,True,676573,2026-07-05 14:30:20+00:00,272,False,0.51725172996521,sentence-transformers/all-mpnet-base-v2,exploratory_only,True,False
2074163686990913576,BOX,False,,10,partial,True,0.0007765147283294,0.0003245982941859,5.0,0.0008476673880137,0.0003763439537565,100.0,0.0012922168242674,-1.3898697949219203,0.0,False,914061,2026-07-06 16:08:53+00:00,224,False,0.2951445579528808,sentence-transformers/all-mpnet-base-v2,confirmatory,True,True
2074205699123327371,HOOD,False,,15,complete,True,0.0060724359995434,0.0013993669444808,10.0,0.0011485242329436,0.0005914157179625,9496.0,0.0018497083075648,0.4241394063744658,75.56866048862679,False,605700792,2026-07-06 18:55:50+00:00,225,False,0.5331999063491821,sentence-transformers/all-mpnet-base-v2,confirmatory,True,True
2074329479451640156,HOOD,False,,1,insufficient,False,,,,,,,,,,False,605700792,2026-07-07 03:07:41+00:00,225,False,0.7024013996124268,sentence-transformers/all-mpnet-base-v2,confirmatory,True,False
2074329947280195668,HOOD,False,,1,insufficient,False,,,,,,,,,,False,605700792,2026-07-07 03:09:33+00:00,226,False,0.5550544261932373,sentence-transformers/all-mpnet-base-v2,confirmatory,True,False
2074493694137258222,SHOP,False,,15,complete,True,-0.0013032893937506,0.0020447124786195,1.0,0.0016737787051314,0.0008995730012445,7835.0,0.0026076580221628,0.4123442710874181,78.30248883216338,False,676573,2026-07-07 14:00:13+00:00,271,False,0.5048915147781372,sentence-transformers/all-mpnet-base-v2,exploratory_only,True,False
2074493890124816461,QCOM,False,,15,complete,True,-0.0083382646676426,0.0018824834177395,1.0,0.0013793563903108,0.0009345661372343,7985.0,0.0026135186706023,0.5383535818210126,80.0,False,234930762,2026-07-07 14:01:00+00:00,75,False,0.5012940764427185,sentence-transformers/all-mpnet-base-v2,confirmatory,True,True
2074528241990394178,BOX,False,,10,partial,True,-0.0010892619170659,0.0007414317211634,5.0,0.0008476673880137,0.0003763439537565,100.0,0.0012922168242674,-0.282283442552709,51.0,False,914061,2026-07-07 16:17:30+00:00,224,False,0.4583836197853088,sentence-transformers/all-mpnet-base-v2,confirmatory,True,True
2074587444595560870,HOOD,False,,15,complete,True,-0.0016649292604636,0.0032823710972563,0.0,0.0029116442658918,0.0011964742156813,12565.0,0.0044324270052405,0.3098494113000045,70.78392359729408,False,605700792,2026-07-07 20:12:45+00:00,227,False,0.6666631698608398,sentence-transformers/all-mpnet-base-v2,confirmatory,True,True
2074588628270137489,HOOD,False,,15,complete,True,-0.0016649292604636,0.0032823710972563,0.0,0.0029116442658918,0.0011964742156813,12565.0,0.0044324270052405,0.3098494113000045,70.78392359729408,False,605700792,2026-07-07 20:17:27+00:00,228,False,0.472615122795105,sentence-transformers/all-mpnet-base-v2,confirmatory,True,True
2074588631457841308,HOOD,False,,15,complete,True,-0.0016649292604636,0.0032823710972563,0.0,0.0029116442658918,0.0011964742156813,12565.0,0.0044324270052405,0.3098494113000045,70.78392359729408,False,605700792,2026-07-07 20:17:28+00:00,229,False,0.6423287987709045,sentence-transformers/all-mpnet-base-v2,confirmatory,True,True
2074646246476890610,HOOD,False,,15,complete,True,-0.0016649292604636,0.0032823710972563,0.0,0.0029116442658918,0.0011964742156813,12565.0,0.0044324270052405,0.3098494113000045,70.78392359729408,False,605700792,2026-07-08 00:06:24+00:00,230,False,0.5414695739746094,sentence-transformers/all-mpnet-base-v2,confirmatory,True,True
2074695821896065360,HOOD,False,,15,complete,True,-0.0016649292604636,0.0032823710972563,0.0,0.0029116442658918,0.0011964742156813,12565.0,0.0044324270052405,0.3098494113000045,70.78392359729408,False,605700792,2026-07-08 03:23:24+00:00,230,False,0.5648269653320312,sentence-transformers/all-mpnet-base-v2,confirmatory,True,True
2074719479377109312,BOX,False,,11,partial,True,0.0005440084346708,0.001470444702407,0.0,0.0023659974273463,0.00134124926425,472.0,0.0040409491025227,-0.6677004407827476,25.0,False,914061,2026-07-08 04:57:24+00:00,224,False,0.3234699964523315,sentence-transformers/all-mpnet-base-v2,confirmatory,True,True
2074791252931858578,CRM,False,,15,complete,True,-0.0120779889532873,0.0020921419085974,0.0,0.0016535633785195,0.0007536210791284,7739.0,0.0026949740567718,0.5819616014258494,75.94004393332472,False,22330739,2026-07-08 09:42:37+00:00,103,False,0.4582196474075317,sentence-transformers/all-mpnet-base-v2,confirmatory,True,True
2074813788864328162,CRM,False,,15,complete,True,-0.0120779889532873,0.0020921419085974,0.0,0.0016535633785195,0.0007536210791284,7739.0,0.0026949740567718,0.5819616014258494,75.94004393332472,False,22330739,2026-07-08 11:12:10+00:00,104,False,0.3652554750442505,sentence-transformers/all-mpnet-base-v2,confirmatory,True,True
2074904379572764929,CRM,False,,13,partial,True,0.0010740483482911,0.000431928339457,7.0,0.0007221992409006,0.0005602314396621,2726.0,0.0011062566243012,-0.5181267613589913,17.754952311078505,False,22330739,2026-07-08 17:12:08+00:00,105,False,0.563363254070282,sentence-transformers/all-mpnet-base-v2,confirmatory,True,True
2074922515328348610,HOOD,False,,15,complete,True,0.0070150433082551,0.0010100467850424,9.0,0.0011713599027867,0.0006290243946238,9003.0,0.0018144380786752,-0.2564497007159229,47.13984227479729,False,605700792,2026-07-08 18:24:12+00:00,230,False,0.6508319973945618,sentence-transformers/all-mpnet-base-v2,confirmatory,True,True
2074952799121776709,HOOD,False,,15,complete,True,0.012634966946678,0.0025445379016203,0.0,0.0029116442658918,0.0011964742156813,12565.0,0.0044324270052405,-0.3068234646932609,44.80700358137684,False,605700792,2026-07-08 20:24:32+00:00,231,False,0.5626349449157715,sentence-transformers/all-mpnet-base-v2,confirmatory,True,True
2074952874346578107,HOOD,False,,15,complete,True,0.012634966946678,0.0025445379016203,0.0,0.0029116442658918,0.0011964742156813,12565.0,0.0044324270052405,-0.3068234646932609,44.80700358137684,False,605700792,2026-07-08 20:24:50+00:00,232,False,0.4425647258758545,sentence-transformers/all-mpnet-base-v2,confirmatory,True,True
2074953820690587714,HOOD,False,,15,complete,True,0.012634966946678,0.0025445379016203,0.0,0.0029116442658918,0.0011964742156813,12565.0,0.0044324270052405,-0.3068234646932609,44.80700358137684,False,605700792,2026-07-08 20:28:36+00:00,233,False,0.5790697336196899,sentence-transformers/all-mpnet-base-v2,confirmatory,True,True
2075005637852020928,HOOD,False,,15,complete,True,0.012634966946678,0.0025445379016203,0.0,0.0029116442658918,0.0011964742156813,12565.0,0.0044324270052405,-0.3068234646932609,44.80700358137684,False,605700792,2026-07-08 23:54:30+00:00,234,False,0.5625771284103394,sentence-transformers/all-mpnet-base-v2,confirmatory,True,True
2075073587015516228,BOX,False,,11,partial,True,-0.0175658393924934,0.0021149773362342,0.0,0.0023659974273463,0.00134124926425,472.0,0.0040409491025227,-0.1871539450591568,58.89830508474576,False,914061,2026-07-09 04:24:30+00:00,225,False,0.2987070083618164,sentence-transformers/all-mpnet-base-v2,confirmatory,True,True
2075218665826636038,QCOM,False,,15,complete,True,0.0031544635666587,0.0017814250811068,1.0,0.0013793563903108,0.0009345661372343,7985.0,0.0026135186706023,0.4302196225360972,77.88353162179085,False,234930762,2026-07-09 14:01:00+00:00,69,False,0.4565922021865845,sentence-transformers/all-mpnet-base-v2,confirmatory,True,True
2075287443411222628,BOX,False,,9,partial,True,-0.0011478812357519,0.0004317380874806,10.0,0.0008190620321485,0.0003124081692805,265.0,0.0012370491267267,-1.239800948739522,12.830188679245284,False,914061,2026-07-09 18:34:18+00:00,225,False,0.4286808967590332,sentence-transformers/all-mpnet-base-v2,confirmatory,True,True
2075310357493796969,HOOD,False,,15,complete,True,-0.0297551276235366,0.0047657733600881,0.0,0.0029116442658918,0.0011964742156813,12565.0,0.0044324270052405,1.5496607197175165,92.9566255471548,True,605700792,2026-07-09 20:05:21+00:00,233,False,0.4379448294639587,sentence-transformers/all-mpnet-base-v2,confirmatory,True,True
2075318015063925053,MSFT,False,,1,insufficient,False,,,,,,,,,,False,20571756,2026-07-09 20:35:46+00:00,97,False,0.2810914516448974,sentence-transformers/all-mpnet-base-v2,null_baseline,True,False
2075318017068863653,MSFT,False,,1,insufficient,False,,,,,,,,,,False,20571756,2026-07-09 20:35:47+00:00,98,False,0.6856537461280823,sentence-transformers/all-mpnet-base-v2,null_baseline,True,False
2075416313481290077,BOX,False,,10,partial,True,0.0118721907763423,0.0025472365448217,0.0,0.0023659974273463,0.00134124926425,472.0,0.0040409491025227,0.1351270955416146,69.91525423728814,False,914061,2026-07-10 03:06:23+00:00,226,False,0.2990648746490478,sentence-transformers/all-mpnet-base-v2,confirmatory,True,True
2075424700059333035,HOOD,False,,15,complete,True,-0.0297551276235366,0.0047657733600881,0.0,0.0029116442658918,0.0011964742156813,12565.0,0.0044324270052405,1.5496607197175165,92.9566255471548,True,605700792,2026-07-10 03:39:42+00:00,234,False,0.6577941179275513,sentence-transformers/all-mpnet-base-v2,confirmatory,True,True
2075424842959175952,HOOD,False,,15,complete,True,-0.0297551276235366,0.0047657733600881,0.0,0.0029116442658918,0.0011964742156813,12565.0,0.0044324270052405,1.5496607197175165,92.9566255471548,True,605700792,2026-07-10 03:40:16+00:00,235,False,0.5982170104980469,sentence-transformers/all-mpnet-base-v2,confirmatory,True,True
2075425035062509812,HOOD,False,,15,complete,True,-0.0297551276235366,0.0047657733600881,0.0,0.0029116442658918,0.0011964742156813,12565.0,0.0044324270052405,1.5496607197175165,92.9566255471548,True,605700792,2026-07-10 03:41:02+00:00,236,False,0.6770272850990295,sentence-transformers/all-mpnet-base-v2,confirmatory,True,True
2075425266030293407,HOOD,False,,15,complete,True,-0.0297551276235366,0.0047657733600881,0.0,0.0029116442658918,0.0011964742156813,12565.0,0.0044324270052405,1.5496607197175165,92.9566255471548,True,605700792,2026-07-10 03:41:57+00:00,237,False,0.8412863612174988,sentence-transformers/all-mpnet-base-v2,confirmatory,True,True
2075425431793377704,HOOD,False,,15,complete,True,-0.0297551276235366,0.0047657733600881,0.0,0.0029116442658918,0.0011964742156813,12565.0,0.0044324270052405,1.5496607197175165,92.9566255471548,True,605700792,2026-07-10 03:42:37+00:00,238,False,0.6409757733345032,sentence-transformers/all-mpnet-base-v2,confirmatory,True,True
2075616733503853044,MSFT,False,,15,complete,True,0.0011811970587496,0.0004269080977165,5.0,0.0004669323990018,0.0002276766504381,8901.0,0.0007157854781702,-0.1757944927963228,51.93798449612403,False,20571756,2026-07-10 16:22:47+00:00,99,False,0.3440011739730835,sentence-transformers/all-mpnet-base-v2,null_baseline,True,False
2075655202724815315,BOX,False,,10,partial,True,0.0006967409000695,0.000525162881688,10.0,0.0008190620321485,0.0003124081692805,265.0,0.0012370491267267,-0.9407537297675822,20.0,False,914061,2026-07-10 18:55:38+00:00,227,False,0.2767623662948608,sentence-transformers/all-mpnet-base-v2,confirmatory,True,True
2075775949552165365,HOOD,False,,1,insufficient,False,,,,,,,,,,False,605700792,2026-07-11 02:55:27+00:00,239,False,0.4710344672203064,sentence-transformers/all-mpnet-base-v2,confirmatory,True,False
2075857273415504357,CRM,False,,1,insufficient,False,0.0150137564905068,,,,,,,,,False,22330739,2026-07-11 08:18:36+00:00,106,False,0.5543214082717896,sentence-transformers/all-mpnet-base-v2,confirmatory,True,False
2075963779599466894,BOX,False,,10,partial,True,0.0161981677764494,0.0012829194556845,0.0,0.0023659974273463,0.00134124926425,472.0,0.0040409491025227,-0.8075143081382479,12.28813559322034,False,914061,2026-07-11 15:21:49+00:00,228,False,0.3239365816116333,sentence-transformers/all-mpnet-base-v2,confirmatory,True,True
2076051101879820304,HOOD,False,,1,insufficient,False,,,,,,,,,,False,605700792,2026-07-11 21:08:48+00:00,240,False,0.6765613555908203,sentence-transformers/all-mpnet-base-v2,confirmatory,True,False
2076097329610850724,SHOP,False,,1,insufficient,False,,,,,,,,,,False,676573,2026-07-12 00:12:30+00:00,257,False,0.7545120716094971,sentence-transformers/all-mpnet-base-v2,exploratory_only,True,False
2076112365402169373,SHOP,False,,1,insufficient,False,,,,,,,,,,False,676573,2026-07-12 01:12:14+00:00,256,False,0.5449313521385193,sentence-transformers/all-mpnet-base-v2,exploratory_only,True,False
2076116544980214164,BOX,False,,10,partial,True,0.0161981677764494,0.0012829194556845,0.0,0.0023659974273463,0.00134124926425,472.0,0.0040409491025227,-0.8075143081382479,12.28813559322034,False,914061,2026-07-12 01:28:51+00:00,229,False,0.289529800415039,sentence-transformers/all-mpnet-base-v2,confirmatory,True,True
2076323181154230284,MSFT,False,,1,insufficient,False,,,,,,,,,,False,20571756,2026-07-12 15:09:57+00:00,99,False,0.6994404196739197,sentence-transformers/all-mpnet-base-v2,null_baseline,True,False
2076338364635287637,BOX,False,,10,partial,True,0.0161981677764494,0.0012829194556845,0.0,0.0023659974273463,0.00134124926425,472.0,0.0040409491025227,-0.8075143081382479,12.28813559322034,False,914061,2026-07-12 16:10:17+00:00,229,False,0.2610414624214172,sentence-transformers/all-mpnet-base-v2,confirmatory,True,True
2076409729094455359,CRM,False,,1,insufficient,False,0.0150137564905068,,,,,,,,,False,22330739,2026-07-12 20:53:51+00:00,106,False,0.4999092817306518,sentence-transformers/all-mpnet-base-v2,confirmatory,True,False
2076411790561288265,CRM,False,,1,insufficient,False,0.0150137564905068,,,,,,,,,False,22330739,2026-07-12 21:02:03+00:00,107,False,0.5321491956710815,sentence-transformers/all-mpnet-base-v2,confirmatory,True,False
2076518587783926044,HOOD,False,,1,insufficient,False,,,,,,,,,,False,605700792,2026-07-13 04:06:25+00:00,238,False,0.4622278213500976,sentence-transformers/all-mpnet-base-v2,confirmatory,True,False
2076666114801877310,HOOD,False,,15,complete,True,0.0107257242219231,0.0027870820133896,0.0,0.0029116442658918,0.0011964742156813,12565.0,0.0044324270052405,-0.1041077616798707,54.715479506565856,False,605700792,2026-07-13 13:52:39+00:00,239,False,0.4953278303146362,sentence-transformers/all-mpnet-base-v2,confirmatory,True,True
2076688119404081650,BOX,False,,7,insufficient,False,0.0037357600981255,0.0003596899565414,3.0,0.0009537606446885,0.0003292884701768,271.0,0.0014873582929398,-1.8041041273870844,0.7380073800738007,False,914061,2026-07-13 15:20:05+00:00,230,False,0.2443485856056213,sentence-transformers/all-mpnet-base-v2,confirmatory,True,False
2076764958579446006,BOX,False,,11,partial,True,-0.0167710590223016,0.0041910533774784,0.0,0.0023659974273463,0.00134124926425,472.0,0.0040409491025227,1.3607134771869138,90.67796610169492,True,914061,2026-07-13 20:25:25+00:00,231,False,0.4657667875289917,sentence-transformers/all-mpnet-base-v2,confirmatory,True,True
2076839463410671637,BOX,False,,11,partial,True,-0.0167710590223016,0.0041910533774784,0.0,0.0023659974273463,0.00134124926425,472.0,0.0040409491025227,1.3607134771869138,90.67796610169492,True,914061,2026-07-14 01:21:28+00:00,232,False,0.520380437374115,sentence-transformers/all-mpnet-base-v2,confirmatory,True,True
2076874033522495636,SHOP,False,,15,complete,True,-0.0051115984305259,0.0035619306687659,0.0,0.0022388075140546,0.0010375195416403,8237.0,0.0035029443251395,1.2752754060125424,90.6397960422484,True,676573,2026-07-14 03:38:50+00:00,254,False,0.4749996066093445,sentence-transformers/all-mpnet-base-v2,exploratory_only,True,False
2076882332821373381,BOX,False,,11,partial,True,-0.0167710590223016,0.0041910533774784,0.0,0.0023659974273463,0.00134124926425,472.0,0.0040409491025227,1.3607134771869138,90.67796610169492,True,914061,2026-07-14 04:11:49+00:00,232,False,0.3604827523231506,sentence-transformers/all-mpnet-base-v2,confirmatory,True,True
2077043523703243070,BOX,False,,13,partial,True,0.0017496453595196,0.0005890904263093,2.0,0.0012459311727754,0.0005641575098515,353.0,0.0020798702764527,-1.1642860991763917,3.68271954674221,False,914061,2026-07-14 14:52:20+00:00,233,False,0.3451049327850342,sentence-transformers/all-mpnet-base-v2,confirmatory,True,True
2077043524172755148,SHOP,False,,13,partial,True,-0.0005154123335135,0.0012395216460359,2.0,0.0014492332007035,0.0007027666091938,6461.0,0.0022357268463656,-0.2984085355282314,45.50379198266522,False,676573,2026-07-14 14:52:20+00:00,255,False,0.6043664813041687,sentence-transformers/all-mpnet-base-v2,exploratory_only,True,False
2077063479232795024,MSFT,False,,15,complete,True,0.002993344394671,0.0003842780021035,5.0,0.0004669323990018,0.0002276766504381,8901.0,0.0007157854781702,-0.3630341395978578,41.197618245140994,False,20571756,2026-07-14 16:11:38+00:00,100,False,0.5382815599441528,sentence-transformers/all-mpnet-base-v2,null_baseline,True,False
2077201458546745553,BOX,False,,10,partial,True,0.0203684597725599,0.0027392341187158,0.0,0.0023659974273463,0.00134124926425,472.0,0.0040409491025227,0.2782754118252818,73.72881355932203,False,914061,2026-07-15 01:19:54+00:00,233,False,0.4303407669067383,sentence-transformers/all-mpnet-base-v2,confirmatory,True,True
2077266840477479424,HOOD,False,,2,insufficient,False,,0.0,,,,,,,,False,605700792,2026-07-15 05:39:43+00:00,236,False,0.5607028007507324,sentence-transformers/all-mpnet-base-v2,confirmatory,True,False
2077397393801150864,SHOP,False,,14,partial,True,0.0117597554582989,0.0021177124264967,1.0,0.0016737787051314,0.0008995730012445,7835.0,0.0026076580221628,0.4934938251271679,80.1531589023612,False,676573,2026-07-15 14:18:29+00:00,254,False,0.5441803932189941,sentence-transformers/all-mpnet-base-v2,exploratory_only,True,False
2077427804631650737,SHOP,False,,14,partial,True,0.0006923355208763,0.0008393873366281,5.0,0.0010928384705565,0.0005862999426027,4158.0,0.0017391895075174,-0.4322892013312668,38.91293891293891,False,676573,2026-07-15 16:19:20+00:00,255,False,0.6546233296394348,sentence-transformers/all-mpnet-base-v2,exploratory_only,True,False
2077471148699439152,BOX,False,,14,partial,True,0.0020596220697133,0.0006066561522931,11.0,0.0008934168611414,0.0005987207556726,755.0,0.0013152033478981,-0.4789556836494121,29.80132450331126,False,914061,2026-07-15 19:11:34+00:00,234,False,0.3529459238052368,sentence-transformers/all-mpnet-base-v2,confirmatory,True,True
2077526010753581156,BOX,False,,13,partial,True,0.0095584049107042,0.0018005491750464,0.0,0.0023659974273463,0.00134124926425,472.0,0.0040409491025227,-0.4215832711871342,46.39830508474576,False,914061,2026-07-15 22:49:34+00:00,234,False,0.3677018284797668,sentence-transformers/all-mpnet-base-v2,confirmatory,True,True
2077782120232350205,BOX,False,,10,partial,True,0.0054905319664835,0.0011949707480681,4.0,0.0009576938331044,0.0005641838163725,206.0,0.0015407005801061,0.4205666807128013,77.66990291262135,False,914061,2026-07-16 15:47:15+00:00,234,False,0.3770116567611694,sentence-transformers/all-mpnet-base-v2,confirmatory,True,True
2077814433762451646,HOOD,False,,15,complete,True,0.0004653403555878,0.0015361706132227,8.0,0.001213082701226,0.0006543315496727,8409.0,0.0018807725151064,0.4937678951264139,80.9727672731597,False,605700792,2026-07-16 17:55:39+00:00,236,False,0.5215152502059937,sentence-transformers/all-mpnet-base-v2,confirmatory,True,True
2077843264409944092,SHOP,False,,9,partial,True,-0.0034347135733086,0.0010495499901992,12.0,0.0009352907168921,0.0004771495814668,6952.0,0.0014380990916787,0.2394621681442998,69.76409666283084,False,676573,2026-07-16 19:50:13+00:00,254,False,0.5747271180152893,sentence-transformers/all-mpnet-base-v2,exploratory_only,True,False
2077857617859535112,BOX,False,,13,partial,True,0.0138620858527764,0.0026761531827726,0.0,0.0023659974273463,0.00134124926425,472.0,0.0040409491025227,0.2312439333189213,71.61016949152543,False,914061,2026-07-16 20:47:15+00:00,235,False,0.3224107027053833,sentence-transformers/all-mpnet-base-v2,confirmatory,True,True
2077862721563828422,SHOP,False,,14,partial,True,-0.0105211661444497,0.0037550632383641,0.0,0.0022388075140546,0.0010375195416403,8237.0,0.0035029443251395,1.461423774160728,92.48512808061189,True,676573,2026-07-16 21:07:32+00:00,255,False,0.7976826429367065,sentence-transformers/all-mpnet-base-v2,exploratory_only,True,False
2078100488017334434,SHOP,False,,14,partial,True,-0.0105211661444497,0.0037550632383641,0.0,0.0022388075140546,0.0010375195416403,8237.0,0.0035029443251395,1.461423774160728,92.48512808061189,True,676573,2026-07-17 12:52:20+00:00,256,False,0.7351338863372803,sentence-transformers/all-mpnet-base-v2,exploratory_only,False,False
2078139206946459853,BOX,False,,14,partial,True,0.0001395953418679,0.000687121415252,3.0,0.0009537606446885,0.0003292884701768,271.0,0.0014873582929398,-0.8097435944029248,18.081180811808117,False,914061,2026-07-17 15:26:11+00:00,236,False,0.2927449345588684,sentence-transformers/all-mpnet-base-v2,confirmatory,False,False
2078200377309090285,SHOP,False,,15,complete,True,-0.003837459190974,0.0007193703298148,12.0,0.0009352907168921,0.0004771495814668,6952.0,0.0014380990916787,-0.4525213800115553,36.392405063291136,False,676573,2026-07-17 19:29:15+00:00,256,False,0.6848652362823486,sentence-transformers/all-mpnet-base-v2,exploratory_only,False,False
2078219943863009404,HOOD,False,,0,insufficient,False,,,,,,,,,,False,605700792,2026-07-17 20:47:00+00:00,236,False,0.4067375063896179,sentence-transformers/all-mpnet-base-v2,confirmatory,False,False
2078234040646218181,SHOP,False,,0,insufficient,False,,,,,,,,,,False,676573,2026-07-17 21:43:01+00:00,257,False,0.5054001212120056,sentence-transformers/all-mpnet-base-v2,exploratory_only,False,False
2078250427741556805,HOOD,False,,0,insufficient,False,,,,,,,,,,False,605700792,2026-07-17 22:48:08+00:00,237,False,0.7156782746315002,sentence-transformers/all-mpnet-base-v2,confirmatory,False,False
