post_id,ticker,excluded_flag,excluded_reason,bars_found,window_quality,confirmatory_eligible,market_adjusted_return,raw_volatility,time_bucket,baseline_mean,baseline_std,baseline_n,baseline_p_threshold,vol_zscore,vol_percentile_rank,abnormal_volatility_flag
2078139206946459853,BOX,False,,48,partial,True,-0.003431870152632688,0.0007480189527426368,1.0,0.0013670565185054764,9.769056425029918e-05,43.0,0.0014788781460496501,-6.336718090569773,0.0,False
2077857617859535112,BOX,False,,54,partial,True,0.0007979537912523593,0.0018780642050587894,0.0,0.00419474496533706,0.00028532857008037186,3.0,0.004396504703856751,-8.119343813434819,0.0,False
2077782120232350205,BOX,False,,47,partial,True,0.010833310104468197,0.0009687654233459319,2.0,,,,,,,False
2077526010753581156,BOX,False,,50,partial,True,0.00549638118795559,0.0013957884170267695,0.0,0.00419474496533706,0.00028532857008037186,3.0,0.004396504703856751,-9.809590913107213,0.0,False
2077471148699439152,BOX,False,,47,partial,True,-0.004676487641568916,0.0008937447303580511,5.0,0.001156084544584349,0.0002470170345756928,55.0,0.0015310284194640484,-1.0620312671023895,21.818181818181817,False
2077201458546745553,BOX,False,,51,partial,True,0.030389351273255816,0.0020648416929199245,0.0,0.00419474496533706,0.00028532857008037186,3.0,0.004396504703856751,-7.464738886180168,0.0,False
2077043523703243070,BOX,False,,44,partial,True,-0.00022712961855542169,0.000885952690614275,1.0,0.0013670565185054764,9.769056425029918e-05,43.0,0.0014788781460496501,-4.9247727411885425,0.0,False
2076882332821373381,BOX,False,,41,partial,True,0.001071532859042712,0.002635923914395799,0.0,0.00419474496533706,0.00028532857008037186,3.0,0.004396504703856751,-5.463249090345804,0.0,False
2076839463410671637,BOX,False,,41,partial,True,0.001071532859042712,0.002635923914395799,0.0,0.00419474496533706,0.00028532857008037186,3.0,0.004396504703856751,-5.463249090345804,0.0,False
2076764958579446006,BOX,False,,41,partial,True,0.001071532859042712,0.002635923914395799,0.0,0.00419474496533706,0.00028532857008037186,3.0,0.004396504703856751,-5.463249090345804,0.0,False
2076688119404081650,BOX,False,,31,partial,True,0.004912575783629358,0.0008154058989081594,1.0,0.0013670565185054764,9.769056425029918e-05,43.0,0.0014788781460496501,-5.646918142307971,0.0,False
2076338364635287637,BOX,False,,32,partial,True,0.01650986234787366,0.0011779786264378355,0.0,0.00419474496533706,0.00028532857008037186,3.0,0.004396504703856751,-10.572955726268338,0.0,False
2076116544980214164,BOX,False,,32,partial,True,0.01650986234787366,0.0011779786264378355,0.0,0.00419474496533706,0.00028532857008037186,3.0,0.004396504703856751,-10.572955726268338,0.0,False
2075963779599466894,BOX,False,,32,partial,True,0.01650986234787366,0.0011779786264378355,0.0,0.00419474496533706,0.00028532857008037186,3.0,0.004396504703856751,-10.572955726268338,0.0,False
2075655202724815315,BOX,False,,48,partial,True,-0.004560100752529328,0.0008452272432896654,5.0,0.001156084544584349,0.0002470170345756928,55.0,0.0015310284194640484,-1.258444794419343,7.2727272727272725,False
2075416313481290077,BOX,False,,35,partial,True,0.002844668413952922,0.002182315529363459,0.0,0.00419474496533706,0.00028532857008037186,3.0,0.004396504703856751,-7.053024642456014,0.0,False
2075287443411222628,BOX,False,,39,partial,True,-0.003949386550328726,0.0005334032105041431,5.0,0.001156084544584349,0.0002470170345756928,55.0,0.0015310284194640484,-2.5208032116076557,0.0,False
2075073587015516228,BOX,False,,40,partial,True,-0.0118697135373661,0.0018245872423456528,0.0,0.00419474496533706,0.00028532857008037186,3.0,0.004396504703856751,-8.306766204042505,0.0,False
2074719479377109312,BOX,False,,36,partial,True,-0.004469424463039218,0.0013869958739709258,0.0,0.00419474496533706,0.00028532857008037186,3.0,0.004396504703856751,-9.840406414875462,0.0,False
2074528241990394178,BOX,False,,37,partial,True,-0.00719758410101734,0.0008760686837433077,2.0,,,,,,,False
2074163686990913576,BOX,False,,37,partial,True,0.009008110964737304,0.0006024923344507232,2.0,,,,,,,False
2073138135014502777,BOX,False,,21,insufficient,False,-0.015847365399686564,0.0026201056202725262,0.0,0.00419474496533706,0.00028532857008037186,3.0,0.004396504703856751,-5.518687962516289,0.0,False
2072875685811716182,BOX,False,,21,insufficient,False,-0.015847365399686564,0.0026201056202725262,0.0,0.00419474496533706,0.00028532857008037186,3.0,0.004396504703856751,-5.518687962516289,0.0,False
2072519377371459836,BOX,True,"jobs_report(ALL, 2026-07-02 12:30:00+00:00->2026-07-02 20:00:00+00:00)",34,partial,False,0.006168138375580501,0.002530831913094642,0.0,0.00419474496533706,0.00028532857008037186,3.0,0.004396504703856751,-5.831568327608146,0.0,False
2072172275017879829,BOX,False,,44,partial,True,0.035108038796765606,0.0025582921058625255,0.0,0.00419474496533706,0.00028532857008037186,3.0,0.004396504703856751,-5.735327727656488,0.0,False
2072046374045249671,BOX,False,,4,insufficient,False,-0.0025077869296051825,0.00031999884576514113,6.0,,,,,,,False
2071992799109824562,BOX,False,,34,partial,True,0.0034173996779043314,0.0008072886477088132,2.0,,,,,,,False
2071775583072375214,BOX,False,,27,insufficient,False,-0.0008476380646544879,0.0022602199118325313,0.0,0.00419474496533706,0.00028532857008037186,3.0,0.004396504703856751,-6.779990706712644,0.0,False
2071253118252356001,BOX,False,,52,partial,True,0.024143604595990187,0.0022470679186399833,0.0,0.00419474496533706,0.00028532857008037186,3.0,0.004396504703856751,-6.8260849102788805,0.0,False
2070937863806751154,BOX,False,,52,partial,True,0.024143604595990187,0.0022470679186399833,0.0,0.00419474496533706,0.00028532857008037186,3.0,0.004396504703856751,-6.8260849102788805,0.0,False
2070682290464919874,BOX,False,,52,partial,True,0.024143604595990187,0.0022470679186399833,0.0,0.00419474496533706,0.00028532857008037186,3.0,0.004396504703856751,-6.8260849102788805,0.0,False
2070563281916620895,BOX,False,,32,partial,True,0.002041648860722889,0.0007289942477859606,4.0,0.0006705297706363384,0.0,1.0,0.0006705297706363384,,100.0,True
2070370225271251161,BOX,False,,45,partial,True,0.03678750591062885,0.002101692181556041,0.0,0.00419474496533706,0.00028532857008037186,3.0,0.004396504703856751,-7.335587821406891,0.0,False
2070310706369712272,BOX,False,,45,partial,True,0.03678750591062885,0.002101692181556041,0.0,0.00419474496533706,0.00028532857008037186,3.0,0.004396504703856751,-7.335587821406891,0.0,False
2069975251476422664,BOX,False,,29,partial,True,-0.0044114835149826614,0.003069298164847897,0.0,0.00419474496533706,0.00028532857008037186,3.0,0.004396504703856751,-3.944388745130377,0.0,False
2069639600310767616,BOX,False,,34,partial,True,0.016999380990891266,0.003553010117335351,0.0,0.00419474496533706,0.00028532857008037186,3.0,0.004396504703856751,-2.2491082747898097,0.0,False
2069596515560267891,BOX,False,,34,partial,True,0.016999380990891266,0.003553010117335351,0.0,0.00419474496533706,0.00028532857008037186,3.0,0.004396504703856751,-2.2491082747898097,0.0,False
2069228335255949775,BOX,False,,37,partial,True,0.020665374013250415,0.0024194900932836575,0.0,0.00419474496533706,0.00028532857008037186,3.0,0.004396504703856751,-6.221791500070761,0.0,False
2069140445205348432,BOX,False,,28,partial,True,0.006013176480062388,0.0010968861456372497,6.0,,,,,,,False
2068917230570795178,BOX,False,,39,partial,True,-0.0008672144334442855,0.002921248128424223,0.0,0.00419474496533706,0.00028532857008037186,3.0,0.004396504703856751,-4.463264357137863,0.0,False
2068851573175021864,BOX,False,,39,partial,True,-0.0008672144334442855,0.002921248128424223,0.0,0.00419474496533706,0.00028532857008037186,3.0,0.004396504703856751,-4.463264357137863,0.0,False
2068434042148782515,BOX,False,,39,partial,True,-0.0008672144334442855,0.002921248128424223,0.0,0.00419474496533706,0.00028532857008037186,3.0,0.004396504703856751,-4.463264357137863,0.0,False
2068068247413694532,BOX,False,,39,partial,True,-0.0008672144334442855,0.002921248128424223,0.0,0.00419474496533706,0.00028532857008037186,3.0,0.004396504703856751,-4.463264357137863,0.0,False
2067821985342878180,BOX,False,,39,partial,True,-0.0008672144334442855,0.002921248128424223,0.0,0.00419474496533706,0.00028532857008037186,3.0,0.004396504703856751,-4.463264357137863,0.0,False
2067802697324212562,BOX,False,,39,partial,True,-0.0008672144334442855,0.002921248128424223,0.0,0.00419474496533706,0.00028532857008037186,3.0,0.004396504703856751,-4.463264357137863,0.0,False
2067455756795039957,BOX,False,,39,partial,True,-0.016248398752462312,0.001935340540377255,0.0,0.00419474496533706,0.00028532857008037186,3.0,0.004396504703856751,-7.918605642341991,0.0,False
2067070918300664161,BOX,False,,29,partial,True,-0.013511258243542823,0.0035383535143973964,0.0,0.00419474496533706,0.00028532857008037186,3.0,0.004396504703856751,-2.300475731381438,0.0,False
2066908002809221496,BOX,False,,27,insufficient,False,-0.004712339816893452,0.0006010290544205667,2.0,,,,,,,False
2066735879213994434,BOX,False,,34,partial,True,0.005864414776280635,0.0022979443741781274,0.0,0.00419474496533706,0.00028532857008037186,3.0,0.004396504703856751,-6.647776598833541,0.0,False
2066554018953146689,BOX,False,,31,partial,True,-0.013706111382830843,0.0007411243074318891,2.0,,,,,,,False
2066526720480690221,BOX,False,,40,partial,True,0.0050192408175571135,0.000883934874606182,0.0,0.00419474496533706,0.00028532857008037186,3.0,0.004396504703856751,-11.603500097443039,0.0,False
2066237607244427761,BOX,False,,43,partial,True,-0.011091794220599027,0.002207031659580386,0.0,0.00419474496533706,0.00028532857008037186,3.0,0.004396504703856751,-6.966401244701052,0.0,False
2066167615618466060,BOX,False,,43,partial,True,-0.011091794220599027,0.002207031659580386,0.0,0.00419474496533706,0.00028532857008037186,3.0,0.004396504703856751,-6.966401244701052,0.0,False
2065989559905812973,BOX,False,,43,partial,True,-0.011091794220599027,0.002207031659580386,0.0,0.00419474496533706,0.00028532857008037186,3.0,0.004396504703856751,-6.966401244701052,0.0,False
2065964446489710939,BOX,False,,43,partial,True,-0.011091794220599027,0.002207031659580386,0.0,0.00419474496533706,0.00028532857008037186,3.0,0.004396504703856751,-6.966401244701052,0.0,False
2065842361834651996,BOX,False,,43,partial,True,-0.011091794220599027,0.002207031659580386,0.0,0.00419474496533706,0.00028532857008037186,3.0,0.004396504703856751,-6.966401244701052,0.0,False
2065616509666472329,BOX,False,,43,partial,True,-0.011091794220599027,0.002207031659580386,0.0,0.00419474496533706,0.00028532857008037186,3.0,0.004396504703856751,-6.966401244701052,0.0,False
2065594956186865815,BOX,False,,43,partial,True,-0.011091794220599027,0.002207031659580386,0.0,0.00419474496533706,0.00028532857008037186,3.0,0.004396504703856751,-6.966401244701052,0.0,False
2065469347712401712,BOX,False,,24,insufficient,False,-0.0033434515102037654,0.0007514675398325706,2.0,,,,,,,False
2065287110744297809,BOX,False,,35,partial,True,-0.0101424633785403,0.0037222589258972434,0.0,0.00419474496533706,0.00028532857008037186,3.0,0.004396504703856751,-1.6559366603446881,0.0,False
2064922814688481678,BOX,False,,55,partial,True,-0.037658731714459326,0.0022033910932458493,0.0,0.00419474496533706,0.00028532857008037186,3.0,0.004396504703856751,-6.979160451861804,0.0,False
2064569513023328268,BOX,True,"cpi(ALL, 2026-06-10 12:30:00+00:00->2026-06-10 20:00:00+00:00)",40,partial,False,-0.00730382344972258,0.002306956766309684,0.0,0.00419474496533706,0.00028532857008037186,3.0,0.004396504703856751,-6.6161905851055165,0.0,False
2064396746953023647,BOX,False,,44,partial,True,0.004549040499319146,0.0006229723127841644,3.0,,,,,,,False
2064379199629181139,BOX,False,,48,partial,True,0.009538828968237212,0.0009412421562182298,2.0,,,,,,,False
2064186766907887941,BOX,False,,54,partial,True,-0.004449628372180325,0.001726440208975692,0.0,0.00419474496533706,0.00028532857008037186,3.0,0.004396504703856751,-8.650745194097077,0.0,False
2063835799096090749,BOX,False,,33,partial,True,-0.000846082906325929,0.0017723261961650864,0.0,0.00419474496533706,0.00028532857008037186,3.0,0.004396504703856751,-8.489927133793936,0.0,False
2063756386572681606,BOX,False,,33,partial,True,-0.000846082906325929,0.0017723261961650864,0.0,0.00419474496533706,0.00028532857008037186,3.0,0.004396504703856751,-8.489927133793936,0.0,False
2063649508681224367,BOX,False,,33,partial,True,-0.000846082906325929,0.0017723261961650864,0.0,0.00419474496533706,0.00028532857008037186,3.0,0.004396504703856751,-8.489927133793936,0.0,False
2063320673217609936,BOX,False,,33,partial,True,-0.000846082906325929,0.0017723261961650864,0.0,0.00419474496533706,0.00028532857008037186,3.0,0.004396504703856751,-8.489927133793936,0.0,False
2063055332545540096,BOX,False,,33,partial,True,-0.000846082906325929,0.0017723261961650864,0.0,0.00419474496533706,0.00028532857008037186,3.0,0.004396504703856751,-8.489927133793936,0.0,False
2062728257359790292,BOX,True,"jobs_report(ALL, 2026-06-05 12:30:00+00:00->2026-06-05 20:00:00+00:00)",50,partial,False,0.0042353253983393735,0.002462325882582579,0.0,0.00419474496533706,0.00028532857008037186,3.0,0.004396504703856751,-6.07166356410257,0.0,False
2062335852379066698,BOX,False,,34,partial,True,0.011659668259772715,0.004953731672575563,0.0,0.00419474496533706,0.00028532857008037186,3.0,0.004396504703856751,2.6600445480265464,100.0,True
2062280745889222937,BOX,False,,34,partial,True,0.011659668259772715,0.004953731672575563,0.0,0.00419474496533706,0.00028532857008037186,3.0,0.004396504703856751,2.6600445480265464,100.0,True
2061974298760495132,BOX,False,,40,partial,True,-0.03218728008803651,0.002740264721877029,0.0,0.00419474496533706,0.00028532857008037186,3.0,0.004396504703856751,-5.097562585654601,0.0,False
2061662386680127688,BOX,False,,35,partial,True,-0.04121243894007909,0.002780117361043503,0.0,0.00419474496533706,0.00028532857008037186,3.0,0.004396504703856751,-4.957889789638246,0.0,False
2061612625574944804,BOX,False,,35,partial,True,-0.04121243894007909,0.002780117361043503,0.0,0.00419474496533706,0.00028532857008037186,3.0,0.004396504703856751,-4.957889789638246,0.0,False
2061247380897579500,BOX,False,,52,partial,True,0.02112391034604577,0.003510741266542858,0.0,0.00419474496533706,0.00028532857008037186,3.0,0.004396504703856751,-2.397249243570422,0.0,False
2060923684295221390,BOX,False,,52,partial,True,0.02112391034604577,0.003510741266542858,0.0,0.00419474496533706,0.00028532857008037186,3.0,0.004396504703856751,-2.397249243570422,0.0,False
2060525104384418271,BOX,False,,52,partial,True,0.02112391034604577,0.003510741266542858,0.0,0.00419474496533706,0.00028532857008037186,3.0,0.004396504703856751,-2.397249243570422,0.0,False
2060091844361683063,BOX,False,,50,partial,True,0.02143153744252957,0.002093492924221088,0.0,0.00419474496533706,0.00028532857008037186,3.0,0.004396504703856751,-7.364324016077631,0.0,False
2059839815273824423,BOX,False,,52,partial,True,0.02455660687802874,0.0027846551286624583,0.0,0.00419474496533706,0.00028532857008037186,3.0,0.004396504703856751,-4.941986132960344,0.0,False
2059482349977653619,BOX,True,"earnings(BOX, 2026-05-26 20:00:00+00:00->2026-05-27 20:00:00+00:00)",36,partial,False,-0.037927003392598024,0.006049819308697007,,,,,,,,False
2059025559896883489,BOX,False,,60,complete,True,-0.0021858046005391873,0.0019460439944765124,0.0,0.00419474496533706,0.00028532857008037186,3.0,0.004396504703856751,-7.881092910629768,0.0,False
2058582370253701432,BOX,False,,60,complete,True,-0.0021858046005391873,0.0019460439944765124,0.0,0.00419474496533706,0.00028532857008037186,3.0,0.004396504703856751,-7.881092910629768,0.0,False
2058223867815227756,BOX,False,,60,complete,True,-0.0021858046005391873,0.0019460439944765124,0.0,0.00419474496533706,0.00028532857008037186,3.0,0.004396504703856751,-7.881092910629768,0.0,False
2058006473620463985,BOX,False,,60,complete,True,-0.0021858046005391873,0.0019460439944765124,0.0,0.00419474496533706,0.00028532857008037186,3.0,0.004396504703856751,-7.881092910629768,0.0,False
2057663408376516703,BOX,False,,40,partial,True,0.006365123124023819,0.0018366765151969589,0.0,0.00419474496533706,0.00028532857008037186,3.0,0.004396504703856751,-8.26439654982982,0.0,False
2057315272156135501,BOX,False,,29,partial,True,-0.008263712513119081,0.0030309295798287847,0.0,0.00419474496533706,0.00028532857008037186,3.0,0.004396504703856751,-4.078860329971336,0.0,False
2056965292753146019,BOX,False,,37,partial,True,-0.01731946057889222,0.003452364534991113,0.0,0.00419474496533706,0.00028532857008037186,3.0,0.004396504703856751,-2.6018440078987943,0.0,False
2056804573449474527,BOX,False,,49,partial,True,0.002972822957744037,0.0009131090298445333,5.0,0.001156084544584349,0.0002470170345756928,55.0,0.0015310284194640484,-0.9836386998863483,30.909090909090907,False
2056574979236409521,BOX,False,,49,partial,True,0.026350800053253742,0.0029349559878632044,0.0,0.00419474496533706,0.00028532857008037186,3.0,0.004396504703856751,-4.415221991681364,0.0,False
2056219645796090197,BOX,False,,44,partial,True,0.026922271364246075,0.0017517386333669577,0.0,0.00419474496533706,0.00028532857008037186,3.0,0.004396504703856751,-8.56208101166298,0.0,False
2056051851439857933,BOX,False,,44,partial,True,0.026922271364246075,0.0017517386333669577,0.0,0.00419474496533706,0.00028532857008037186,3.0,0.004396504703856751,-8.56208101166298,0.0,False
2055501840419328286,BOX,False,,44,partial,True,0.026922271364246075,0.0017517386333669577,0.0,0.00419474496533706,0.00028532857008037186,3.0,0.004396504703856751,-8.56208101166298,0.0,False
2055357619888595271,BOX,False,,37,partial,True,-0.0012904454558532175,0.0007794223990372293,5.0,0.001156084544584349,0.0002470170345756928,55.0,0.0015310284194640484,-1.5248427955348156,0.0,False
2055143231625818554,BOX,False,,44,partial,True,0.02775104801326589,0.0023388809807424644,0.0,0.00419474496533706,0.00028532857008037186,3.0,0.004396504703856751,-6.504304788237056,0.0,False
2055136119969529993,BOX,False,,44,partial,True,0.02775104801326589,0.0023388809807424644,0.0,0.00419474496533706,0.00028532857008037186,3.0,0.004396504703856751,-6.504304788237056,0.0,False
2054729966630441007,BOX,False,,35,partial,True,0.012881787255386357,0.0024840337816179614,0.0,0.00419474496533706,0.00028532857008037186,3.0,0.004396504703856751,-5.995583208639857,0.0,False
2054398342852194386,BOX,False,,40,partial,True,-0.015853828117917912,0.001982676918468167,0.0,0.00419474496533706,0.00028532857008037186,3.0,0.004396504703856751,-7.752704351498322,0.0,False
2054277953794847152,BOX,True,"cpi(ALL, 2026-05-12 12:30:00+00:00->2026-05-12 20:00:00+00:00)",46,partial,False,-0.00296437954774309,0.0007831502082220265,5.0,0.001156084544584349,0.0002470170345756928,55.0,0.0015310284194640484,-1.5097514914423649,0.0,False
2053888702427115811,BOX,False,,40,partial,True,-0.004627265723889384,0.00088923263252236,3.0,,,,,,,False
2053672965125140915,BOX,False,,48,partial,True,-0.032783839209863386,0.0023652903307349706,0.0,0.00419474496533706,0.00028532857008037186,3.0,0.004396504703856751,-6.41174710996086,0.0,False
2053267097493573921,BOX,False,,48,partial,True,-0.032783839209863386,0.0023652903307349706,0.0,0.00419474496533706,0.00028532857008037186,3.0,0.004396504703856751,-6.41174710996086,0.0,False
2052903105256382679,BOX,False,,48,partial,True,-0.032783839209863386,0.0023652903307349706,0.0,0.00419474496533706,0.00028532857008037186,3.0,0.004396504703856751,-6.41174710996086,0.0,False
2052566788236509254,BOX,True,"jobs_report(ALL, 2026-05-08 12:30:00+00:00->2026-05-08 20:00:00+00:00)",43,partial,False,-0.028122416284346752,0.002148849787067525,0.0,0.00419474496533706,0.00028532857008037186,3.0,0.004396504703856751,-7.1703130804365065,0.0,False
2052071639337337288,BOX,False,,40,partial,True,-0.00490411330901197,0.0006961584542204036,3.0,,,,,,,False
2051344780328858040,BOX,False,,46,partial,True,0.0015148501723680763,0.0005832547832438444,3.0,,,,,,,False
2051057677984469277,BOX,False,,49,partial,True,0.025868589525068098,0.002239397471404901,0.0,0.00419474496533706,0.00028532857008037186,3.0,0.004396504703856751,-6.852967767585885,0.0,False
2051009208393589096,BOX,False,,49,partial,True,0.025868589525068098,0.002239397471404901,0.0,0.00419474496533706,0.00028532857008037186,3.0,0.004396504703856751,-6.852967767585885,0.0,False
2050684160151617603,BOX,False,,49,partial,True,0.025868589525068098,0.002239397471404901,0.0,0.00419474496533706,0.00028532857008037186,3.0,0.004396504703856751,-6.852967767585885,0.0,False
2050295657836277764,BOX,False,,34,partial,True,-0.00023826820174854824,0.0010817684645100952,5.0,0.001156084544584349,0.0002470170345756928,55.0,0.0015310284194640484,-0.30085406944467713,36.36363636363637,False
2050240083325030404,BOX,False,,42,partial,True,0.00648032913202623,0.000665362497465212,2.0,,,,,,,False
2050051426446152159,BOX,False,,49,partial,True,0.006029535241635742,0.002204280969087729,0.0,0.00419474496533706,0.00028532857008037186,3.0,0.004396504703856751,-6.976041676053166,0.0,False
2049714403050918067,BOX,False,,44,partial,True,-0.029229337664067656,0.0023060576747142942,0.0,0.00419474496533706,0.00028532857008037186,3.0,0.004396504703856751,-6.619341659654891,0.0,False
2049333853777764495,BOX,False,,47,partial,True,-0.005632788855982396,0.0021124192641477552,0.0,0.00419474496533706,0.00028532857008037186,3.0,0.004396504703856751,-7.297992278175127,0.0,False
2049163935182733396,BOX,False,,35,partial,True,0.0019634310168689106,0.0004163996019409046,2.0,,,,,,,False
2048950940661932319,BOX,False,,57,partial,True,0.025880221882670584,0.002374872914221492,0.0,0.00419474496533706,0.00028532857008037186,3.0,0.004396504703856751,-6.378162728684838,0.0,False
2048576989930619185,BOX,False,,49,partial,True,0.012141319226464109,0.00301749959423453,0.0,0.00419474496533706,0.00028532857008037186,3.0,0.004396504703856751,-4.125928822237889,0.0,False
2048537503972684252,BOX,False,,49,partial,True,0.012141319226464109,0.00301749959423453,0.0,0.00419474496533706,0.00028532857008037186,3.0,0.004396504703856751,-4.125928822237889,0.0,False
2048223146063609965,BOX,False,,49,partial,True,0.012141319226464109,0.00301749959423453,0.0,0.00419474496533706,0.00028532857008037186,3.0,0.004396504703856751,-4.125928822237889,0.0,False
2047747142308274645,BOX,False,,46,partial,True,0.0057859252078371615,0.0007040449044036656,5.0,0.001156084544584349,0.0002470170345756928,55.0,0.0015310284194640484,-1.8299937935744506,0.0,False
2047540230694350958,BOX,False,,43,partial,True,0.0026554700027972,0.0015766206758953624,0.0,0.00419474496533706,0.00028532857008037186,3.0,0.004396504703856751,-9.1758224166063,0.0,False
2047428766390157688,BOX,False,,43,partial,True,0.0026554700027972,0.0015766206758953624,0.0,0.00419474496533706,0.00028532857008037186,3.0,0.004396504703856751,-9.1758224166063,0.0,False
2047387742951313910,BOX,False,,56,partial,True,0.0065620110471505955,0.0008678814608631281,5.0,0.001156084544584349,0.0002470170345756928,55.0,0.0015310284194640484,-1.166733639306594,12.727272727272727,False
2047028112626749645,BOX,False,,51,partial,True,0.007678627052691178,0.0006730489608596321,5.0,0.001156084544584349,0.0002470170345756928,55.0,0.0015310284194640484,-1.9554747896412845,0.0,False
2046805326784319663,BOX,False,,51,partial,True,-0.002597669465755903,0.001822094830774997,0.0,0.00419474496533706,0.00028532857008037186,3.0,0.004396504703856751,-8.31550143714571,0.0,False
2046397816755634340,BOX,False,,48,partial,True,0.026587992163196628,0.001962976952165624,0.0,0.00419474496533706,0.00028532857008037186,3.0,0.004396504703856751,-7.821747442055267,0.0,False
2046067263326028108,BOX,False,,47,partial,True,0.0067726100516808385,0.0026506646653253587,0.0,0.00419474496533706,0.00028532857008037186,3.0,0.004396504703856751,-5.411586717645421,0.0,False
2045680043607941548,BOX,False,,47,partial,True,0.0067726100516808385,0.0026506646653253587,0.0,0.00419474496533706,0.00028532857008037186,3.0,0.004396504703856751,-5.411586717645421,0.0,False
2045616837787070695,BOX,False,,47,partial,True,0.0067726100516808385,0.0026506646653253587,0.0,0.00419474496533706,0.00028532857008037186,3.0,0.004396504703856751,-5.411586717645421,0.0,False
2045355693050655048,BOX,False,,47,partial,True,0.0067726100516808385,0.0026506646653253587,0.0,0.00419474496533706,0.00028532857008037186,3.0,0.004396504703856751,-5.411586717645421,0.0,False
2045137708620906573,BOX,False,,51,partial,True,-0.006220396298200925,0.0010444865905188283,0.0,0.00419474496533706,0.00028532857008037186,3.0,0.004396504703856751,-11.040809456728645,0.0,False
2044855448722100720,BOX,False,,45,partial,True,-0.00023201305540831996,0.0005990148898592793,5.0,0.001156084544584349,0.0002470170345756928,55.0,0.0015310284194640484,-2.2551872006801545,0.0,False
2044621545348481285,BOX,False,,54,partial,True,0.002394997907819829,0.0020796246032579093,0.0,0.00419474496533706,0.00028532857008037186,3.0,0.004396504703856751,-7.412928756077107,0.0,False
2044225408972009842,BOX,False,,56,partial,True,0.04110229876827054,0.0024442785610641073,0.0,0.00419474496533706,0.00028532857008037186,3.0,0.004396504703856751,-6.134914578585236,0.0,False
2043883641366032638,BOX,False,,56,partial,True,0.0007417491858678904,0.0015555892155831425,0.0,0.00419474496533706,0.00028532857008037186,3.0,0.004396504703856751,-9.249532036033107,0.0,False
2043426157367095397,BOX,False,,50,partial,True,0.005502602442591709,0.0020665643099908853,0.0,0.00419474496533706,0.00028532857008037186,3.0,0.004396504703856751,-7.458701576034621,0.0,False
2043318118169354302,BOX,False,,50,partial,True,0.005502602442591709,0.0020665643099908853,0.0,0.00419474496533706,0.00028532857008037186,3.0,0.004396504703856751,-7.458701576034621,0.0,False
2043192337111924930,BOX,False,,50,partial,True,0.005502602442591709,0.0020665643099908853,0.0,0.00419474496533706,0.00028532857008037186,3.0,0.004396504703856751,-7.458701576034621,0.0,False
2043051227387433144,BOX,False,,50,partial,True,0.005502602442591709,0.0020665643099908853,0.0,0.00419474496533706,0.00028532857008037186,3.0,0.004396504703856751,-7.458701576034621,0.0,False
2042759653281456218,BOX,False,,50,partial,True,0.005502602442591709,0.0020665643099908853,0.0,0.00419474496533706,0.00028532857008037186,3.0,0.004396504703856751,-7.458701576034621,0.0,False
2042469771275329594,BOX,True,"cpi(ALL, 2026-04-10 12:30:00+00:00->2026-04-10 20:00:00+00:00)",53,partial,False,-0.025294685624565605,0.0028921986635713297,0.0,0.00419474496533706,0.00028532857008037186,3.0,0.004396504703856751,-4.565074928875249,0.0,False
2042460500785602648,BOX,True,"cpi(ALL, 2026-04-10 12:30:00+00:00->2026-04-10 20:00:00+00:00)",53,partial,False,-0.025294685624565605,0.0028921986635713297,0.0,0.00419474496533706,0.00028532857008037186,3.0,0.004396504703856751,-4.565074928875249,0.0,False
2042392664943870443,BOX,True,"cpi(ALL, 2026-04-10 12:30:00+00:00->2026-04-10 20:00:00+00:00)",53,partial,False,-0.025294685624565605,0.0028921986635713297,0.0,0.00419474496533706,0.00028532857008037186,3.0,0.004396504703856751,-4.565074928875249,0.0,False
2042343980742951264,BOX,True,"cpi(ALL, 2026-04-10 12:30:00+00:00->2026-04-10 20:00:00+00:00)",53,partial,False,-0.025294685624565605,0.0028921986635713297,0.0,0.00419474496533706,0.00028532857008037186,3.0,0.004396504703856751,-4.565074928875249,0.0,False
2042285272985931972,BOX,False,,47,partial,True,-0.012189591392371524,0.0009324607577068991,3.0,,,,,,,False
2041975669928702370,BOX,False,,44,partial,True,-0.029870444006193875,0.0032008860410243137,0.0,0.00419474496533706,0.00028532857008037186,3.0,0.004396504703856751,-3.4832085831180315,0.0,False
2041732610179703100,BOX,False,,53,partial,True,-0.01497083123981624,0.001680555415184677,0.0,0.00419474496533706,0.00028532857008037186,3.0,0.004396504703856751,-8.81155907185944,0.0,False
2041512156693201176,BOX,False,,49,partial,True,-0.0015914908204935907,0.0012537853249199081,0.0,0.00419474496533706,0.00028532857008037186,3.0,0.004396504703856751,-10.307273609469732,0.0,False
2041347596342460439,BOX,False,,47,partial,True,0.011202128271163736,0.0019094948101167426,0.0,0.00419474496533706,0.00028532857008037186,3.0,0.004396504703856751,-8.009187984843592,0.0,False
2040967947275948357,BOX,False,,49,partial,True,0.003377636054624711,0.001742569118660896,0.0,0.00419474496533706,0.00028532857008037186,3.0,0.004396504703856751,-8.594217697812141,0.0,False
2040650799550722243,BOX,False,,49,partial,True,0.003377636054624711,0.001742569118660896,0.0,0.00419474496533706,0.00028532857008037186,3.0,0.004396504703856751,-8.594217697812141,0.0,False
2040528801386361128,BOX,False,,49,partial,True,0.003377636054624711,0.001742569118660896,0.0,0.00419474496533706,0.00028532857008037186,3.0,0.004396504703856751,-8.594217697812141,0.0,False
2040264454982480138,BOX,False,,49,partial,True,0.003377636054624711,0.001742569118660896,0.0,0.00419474496533706,0.00028532857008037186,3.0,0.004396504703856751,-8.594217697812141,0.0,False
2039931799414194621,BOX,False,,49,partial,True,0.003377636054624711,0.001742569118660896,0.0,0.00419474496533706,0.00028532857008037186,3.0,0.004396504703856751,-8.594217697812141,0.0,False
2039722279014432932,BOX,False,,44,partial,True,0.002484462735638626,0.0010930564656667734,1.0,0.0013670565185054764,9.769056425029918e-05,43.0,0.0014788781460496501,-2.8047750050523823,0.0,False
2039414479084278239,BOX,False,,43,partial,True,-0.0022000519456710776,0.0007239574330351608,5.0,0.001156084544584349,0.0002470170345756928,55.0,0.0015310284194640484,-1.7493818282267997,0.0,False
2039216522028257549,BOX,False,,49,partial,True,-0.010944070666813022,0.0015034196494454312,0.0,0.00419474496533706,0.00028532857008037186,3.0,0.004396504703856751,-9.432372352805508,0.0,False
2039065077870157987,BOX,False,,18,insufficient,False,-0.0030215007524260207,0.0006285346858393683,6.0,,,,,,,False
2038816649927913834,BOX,False,,47,partial,True,-0.0021520528296874453,0.0020679019206776435,0.0,0.00419474496533706,0.00028532857008037186,3.0,0.004396504703856751,-7.454013609854503,0.0,False
2038468564500537416,BOX,False,,33,partial,True,0.018418637424017614,0.002530491137603457,0.0,0.00419474496533706,0.00028532857008037186,3.0,0.004396504703856751,-5.832762654173792,0.0,False
2038263457125142742,BOX,False,,33,partial,True,0.018418637424017614,0.002530491137603457,0.0,0.00419474496533706,0.00028532857008037186,3.0,0.004396504703856751,-5.832762654173792,0.0,False
2037928306977509601,BOX,False,,33,partial,True,0.018418637424017614,0.002530491137603457,0.0,0.00419474496533706,0.00028532857008037186,3.0,0.004396504703856751,-5.832762654173792,0.0,False
2037744753073385518,BOX,False,,33,partial,True,0.018418637424017614,0.002530491137603457,0.0,0.00419474496533706,0.00028532857008037186,3.0,0.004396504703856751,-5.832762654173792,0.0,False
2037383187245273477,BOX,False,,44,partial,True,-0.012138812074087069,0.0025464793015363587,0.0,0.00419474496533706,0.00028532857008037186,3.0,0.004396504703856751,-5.776728433946921,0.0,False
2037200776389681499,BOX,False,,43,partial,True,0.0038981627133772845,0.001071350328772573,2.0,,,,,,,False
2036832183131033977,BOX,False,,23,insufficient,False,0.005865006185355792,0.001158481759906254,2.0,,,,,,,False
2036478998667207012,BOX,False,,42,partial,True,0.009672657599513745,0.0008957434481198041,2.0,,,,,,,False
2036290915950797314,BOX,False,,44,partial,True,-0.02748120795791187,0.0026455485581666246,0.0,0.00419474496533706,0.00028532857008037186,3.0,0.004396504703856751,-5.429517299070523,0.0,False
2035762343502836020,BOX,False,,51,partial,True,-0.019808469184022015,0.0022745952718167778,0.0,0.00419474496533706,0.00028532857008037186,3.0,0.004396504703856751,-6.729608931133011,0.0,False
2035171720945115469,BOX,False,,51,partial,True,-0.019808469184022015,0.0022745952718167778,0.0,0.00419474496533706,0.00028532857008037186,3.0,0.004396504703856751,-6.729608931133011,0.0,False
2034833274506281061,BOX,False,,44,partial,True,0.03908273838589815,0.002873688907295984,0.0,0.00419474496533706,0.00028532857008037186,3.0,0.004396504703856751,-4.6299466529726,0.0,False
2034484203522261293,BOX,False,,35,partial,True,-0.0029207946232004955,0.0020335198216911523,0.0,0.00419474496533706,0.00028532857008037186,3.0,0.004396504703856751,-7.574513631905594,0.0,False
2034283304401113453,BOX,False,,37,partial,True,0.010197822680883872,0.0009829541412803248,1.0,0.0013670565185054764,9.769056425029918e-05,43.0,0.0014788781460496501,-3.931826785655763,0.0,False
2034023235654980049,BOX,False,,29,partial,True,-0.0027908678596512138,0.002431154189951847,0.0,0.00419474496533706,0.00028532857008037186,3.0,0.004396504703856751,-6.180911974179247,0.0,False
2033749314997280850,BOX,False,,41,partial,True,0.009674514013988667,0.0017328470971684784,0.0,0.00419474496533706,0.00028532857008037186,3.0,0.004396504703856751,-8.62829077184633,0.0,False
2033332698404851860,BOX,False,,38,partial,True,-0.019249770725812465,0.0013380405632252832,0.0,0.00419474496533706,0.00028532857008037186,3.0,0.004396504703856751,-10.011981629835018,0.0,False
2032889536066498595,BOX,False,,38,partial,True,-0.019249770725812465,0.0013380405632252832,0.0,0.00419474496533706,0.00028532857008037186,3.0,0.004396504703856751,-10.011981629835018,0.0,False
2032652452395434196,BOX,False,,38,partial,True,-0.019249770725812465,0.0013380405632252832,0.0,0.00419474496533706,0.00028532857008037186,3.0,0.004396504703856751,-10.011981629835018,0.0,False
2032329562390970811,BOX,False,,39,partial,True,0.020798194694230387,0.0019046578956777365,0.0,0.00419474496533706,0.00028532857008037186,3.0,0.004396504703856751,-8.026140070776114,0.0,False
2031872496186900875,BOX,False,,39,partial,True,0.026932280040658174,0.001961809898915502,0.0,0.00419474496533706,0.00028532857008037186,3.0,0.004396504703856751,-7.825837650231032,0.0,False
2031575412967616632,BOX,True,"cpi(ALL, 2026-03-11 12:30:00+00:00->2026-03-11 20:00:00+00:00)",36,partial,False,-0.00799918153125001,0.0018900315693012504,0.0,0.00419474496533706,0.00028532857008037186,3.0,0.004396504703856751,-8.07740141615196,0.0,False
2030714592238956960,BOX,False,,47,partial,True,-0.015225500892557808,0.002378261787912207,0.0,0.00419474496533706,0.00028532857008037186,3.0,0.004396504703856751,-6.366285636637027,0.0,False
2030344039757934833,BOX,False,,47,partial,True,-0.015225500892557808,0.002378261787912207,0.0,0.00419474496533706,0.00028532857008037186,3.0,0.004396504703856751,-6.366285636637027,0.0,False
2030049511398330663,BOX,False,,47,partial,True,-0.015225500892557808,0.002378261787912207,0.0,0.00419474496533706,0.00028532857008037186,3.0,0.004396504703856751,-6.366285636637027,0.0,False
2029777072953167910,BOX,True,"jobs_report(ALL, 2026-03-06 13:30:00+00:00->2026-03-06 21:00:00+00:00)",45,partial,False,-0.00463423578179023,0.002612379549805955,0.0,0.00419474496533706,0.00028532857008037186,3.0,0.004396504703856751,-5.545765764309482,0.0,False
2029658336065716498,BOX,False,,16,insufficient,False,-0.000441504780547608,0.0013671113542267183,6.0,,,,,,,False
2029358591275335912,BOX,False,,55,partial,True,0.007102749216072346,0.002633634029066761,0.0,0.00419474496533706,0.00028532857008037186,3.0,0.004396504703856751,-5.47127452336989,0.0,False
2028987147005640944,BOX,True,"earnings(BOX, 2026-03-03 21:00:00+00:00->2026-03-04 21:00:00+00:00)",57,partial,False,0.060914174704939095,0.0037240032347718617,0.0,0.00419474496533706,0.00028532857008037186,3.0,0.004396504703856751,-1.6498233262536541,0.0,False
2028711992320835686,BOX,False,,44,partial,True,0.017305775418413938,0.002405480042962515,0.0,0.00419474496533706,0.00028532857008037186,3.0,0.004396504703856751,-6.270892963401953,0.0,False
2028268614848303451,BOX,False,,41,partial,True,0.023743578693524392,0.0037422154317660497,0.0,0.00419474496533706,0.00028532857008037186,3.0,0.004396504703856751,-1.5859944675135078,0.0,False
2027884295268991104,BOX,False,,41,partial,True,0.023743578693524392,0.0037422154317660497,0.0,0.00419474496533706,0.00028532857008037186,3.0,0.004396504703856751,-1.5859944675135078,0.0,False
2027544515100254411,BOX,False,,41,partial,True,0.023743578693524392,0.0037422154317660497,0.0,0.00419474496533706,0.00028532857008037186,3.0,0.004396504703856751,-1.5859944675135078,0.0,False
2027474021910995106,BOX,False,,44,partial,True,0.005951018444912748,0.0012966130871237623,5.0,0.001156084544584349,0.0002470170345756928,55.0,0.0015310284194640484,0.5689022329201007,69.0909090909091,False
2026885050411745491,BOX,False,,46,partial,True,0.042210371504854405,0.003622839696779064,0.0,0.00419474496533706,0.00028532857008037186,3.0,0.004396504703856751,-2.00437435478999,0.0,False
2026855402990629132,BOX,False,,46,partial,True,0.042210371504854405,0.003622839696779064,0.0,0.00419474496533706,0.00028532857008037186,3.0,0.004396504703856751,-2.00437435478999,0.0,False
2026707314380882347,BOX,False,,28,partial,True,0.00807443106845529,0.0011788249010366194,2.0,,,,,,,False
2026426391533895962,BOX,False,,50,partial,True,-0.012187944762906189,0.002467349188021462,0.0,0.00419474496533706,0.00028532857008037186,3.0,0.004396504703856751,-6.05405822777937,0.0,False
2026173183083331701,BOX,False,,53,partial,True,0.06464228905287417,0.0036903219306540923,0.0,0.00419474496533706,0.00028532857008037186,3.0,0.004396504703856751,-1.7678672505206212,0.0,False
2025809687900508666,BOX,False,,28,partial,True,-0.034360360899789555,0.0036333054971728544,0.0,0.00419474496533706,0.00028532857008037186,3.0,0.004396504703856751,-1.9676945354825772,0.0,False
2025736031283400712,BOX,False,,28,partial,True,-0.034360360899789555,0.0036333054971728544,0.0,0.00419474496533706,0.00028532857008037186,3.0,0.004396504703856751,-1.9676945354825772,0.0,False
2025385106307977366,BOX,False,,28,partial,True,-0.034360360899789555,0.0036333054971728544,0.0,0.00419474496533706,0.00028532857008037186,3.0,0.004396504703856751,-1.9676945354825772,0.0,False
2025093420935680379,BOX,False,,28,partial,True,-0.034360360899789555,0.0036333054971728544,0.0,0.00419474496533706,0.00028532857008037186,3.0,0.004396504703856751,-1.9676945354825772,0.0,False
2024969864864301348,BOX,False,,28,partial,True,-0.034360360899789555,0.0036333054971728544,0.0,0.00419474496533706,0.00028532857008037186,3.0,0.004396504703856751,-1.9676945354825772,0.0,False
2024736684924158292,BOX,False,,19,insufficient,False,0.018465447657981082,0.004124869881726115,0.0,0.00419474496533706,0.00028532857008037186,3.0,0.004396504703856751,-0.24489339988372882,33.33333333333333,False
2024335500283420836,BOX,False,,19,insufficient,False,0.007370734630997355,0.0025002778381512545,0.0,0.00419474496533706,0.00028532857008037186,3.0,0.004396504703856751,-5.93865215358036,0.0,False
2023822262097637478,BOX,False,,34,partial,True,0.005323294612700424,0.001143371143542805,3.0,,,,,,,False
2023635013963559352,BOX,False,,43,partial,True,-0.010527316233589046,0.0018930859353614056,0.0,0.00419474496533706,0.00028532857008037186,3.0,0.004396504703856751,-8.066696683501826,0.0,False
2023152367366222151,BOX,False,,43,partial,True,-0.010527316233589046,0.0018930859353614056,0.0,0.00419474496533706,0.00028532857008037186,3.0,0.004396504703856751,-8.066696683501826,0.0,False
2022859327124463881,BOX,False,,43,partial,True,-0.010527316233589046,0.0018930859353614056,0.0,0.00419474496533706,0.00028532857008037186,3.0,0.004396504703856751,-8.066696683501826,0.0,False
2022737438838325687,BOX,False,,43,partial,True,-0.010527316233589046,0.0018930859353614056,0.0,0.00419474496533706,0.00028532857008037186,3.0,0.004396504703856751,-8.066696683501826,0.0,False
2022528168511320525,BOX,False,,43,partial,True,-0.010527316233589046,0.0018930859353614056,0.0,0.00419474496533706,0.00028532857008037186,3.0,0.004396504703856751,-8.066696683501826,0.0,False
2022375298097111160,BOX,True,"cpi(ALL, 2026-02-13 13:30:00+00:00->2026-02-13 21:00:00+00:00)",28,partial,False,0.00042314146056765534,0.0009803854906434537,3.0,,,,,,,False
2022174379761971640,BOX,True,"cpi(ALL, 2026-02-13 13:30:00+00:00->2026-02-13 21:00:00+00:00)",55,partial,False,0.017674162766814216,0.002773487059675827,0.0,0.00419474496533706,0.00028532857008037186,3.0,0.004396504703856751,-4.9811272150590815,0.0,False
2021817744572780985,BOX,False,,39,partial,True,-0.013531657585193813,0.003523065401956698,0.0,0.00419474496533706,0.00028532857008037186,3.0,0.004396504703856751,-2.3540564591592132,0.0,False
2021653900617826731,BOX,True,"jobs_report(ALL, 2026-02-11 13:30:00+00:00->2026-02-11 21:00:00+00:00)",47,partial,False,0.0077370914335901375,0.0012531706272811158,4.0,0.0006705297706363384,0.0,1.0,0.0006705297706363384,,100.0,True
2021462942718349332,BOX,True,"jobs_report(ALL, 2026-02-11 13:30:00+00:00->2026-02-11 21:00:00+00:00)",54,partial,False,-0.030889900841879814,0.0026317910314220456,0.0,0.00419474496533706,0.00028532857008037186,3.0,0.004396504703856751,-5.4777337350926985,0.0,False
2021090905126539398,BOX,False,,49,partial,True,0.007790464066575575,0.0017790121656459075,0.0,0.00419474496533706,0.00028532857008037186,3.0,0.004396504703856751,-8.466494606588762,0.0,False
2020380616471245259,BOX,False,,33,partial,True,-0.023621540107604755,0.0028970828449018946,0.0,0.00419474496533706,0.00028532857008037186,3.0,0.004396504703856751,-4.547957185183514,0.0,False
2020008277325803982,BOX,False,,33,partial,True,-0.023621540107604755,0.0028970828449018946,0.0,0.00419474496533706,0.00028532857008037186,3.0,0.004396504703856751,-4.547957185183514,0.0,False
2019634114874470819,BOX,False,,40,partial,True,0.00034917390113142766,0.0032113010704014457,0.0,0.00419474496533706,0.00028532857008037186,3.0,0.004396504703856751,-3.4467067025871114,0.0,False
2019479689170153599,BOX,False,,46,partial,True,-0.0032453995436666494,0.00145542798699332,4.0,0.0006705297706363384,0.0,1.0,0.0006705297706363384,,100.0,True
2019102184651256315,BOX,False,,52,partial,True,0.008695106716600454,0.0011132354423259384,3.0,,,,,,,False
2018919899436093948,BOX,False,,59,partial,True,0.012032536959380558,0.002240991982383949,0.0,0.00419474496533706,0.00028532857008037186,3.0,0.004396504703856751,-6.8473794348837,0.0,False
2018510268414976002,BOX,False,,48,partial,True,-0.03988695238670581,0.002653996054297249,0.0,0.00419474496533706,0.00028532857008037186,3.0,0.004396504703856751,-5.399911094096921,0.0,False
2018125395930091819,BOX,False,,42,partial,True,0.014087528185272147,0.0021964561014493535,0.0,0.00419474496533706,0.00028532857008037186,3.0,0.004396504703856751,-7.0034657353970005,0.0,False
2017673895856545891,BOX,False,,42,partial,True,0.014087528185272147,0.0021964561014493535,0.0,0.00419474496533706,0.00028532857008037186,3.0,0.004396504703856751,-7.0034657353970005,0.0,False
2017432134198473041,BOX,False,,42,partial,True,0.014087528185272147,0.0021964561014493535,0.0,0.00419474496533706,0.00028532857008037186,3.0,0.004396504703856751,-7.0034657353970005,0.0,False
2017127995950203114,BOX,False,,40,partial,True,0.009415201117529692,0.0020072700952716294,0.0,0.00419474496533706,0.00028532857008037186,3.0,0.004396504703856751,-7.666511872432748,0.0,False
2016727602619453888,BOX,False,,48,partial,True,-0.03059179288722813,0.0026112482986152437,0.0,0.00419474496533706,0.00028532857008037186,3.0,0.004396504703856751,-5.549730495883304,0.0,False
2016670711415525770,BOX,False,,48,partial,True,-0.03059179288722813,0.0026112482986152437,0.0,0.00419474496533706,0.00028532857008037186,3.0,0.004396504703856751,-5.549730495883304,0.0,False
2016392874670338155,BOX,False,,23,insufficient,False,0.00873618995439518,0.0016672380379921122,0.0,0.00419474496533706,0.00028532857008037186,3.0,0.004396504703856751,-8.858232901924245,0.0,False
2015860958149967887,BOX,False,,29,partial,True,0.006021550171302459,0.0006680007775117219,4.0,0.0006705297706363384,0.0,1.0,0.0006705297706363384,,0.0,False
2014379893212250546,BOX,False,,34,partial,True,-0.0001597826368053834,0.0005655317296265013,2.0,,,,,,,False
2014169497691890139,BOX,False,,37,partial,True,0.01162117593903278,0.0016604985910284567,0.0,0.00419474496533706,0.00028532857008037186,3.0,0.004396504703856751,-8.881852853342908,0.0,False
2014047544020705548,BOX,False,,46,partial,True,3.426874396472712e-05,0.0010458953115997202,4.0,0.0006705297706363384,0.0,1.0,0.0006705297706363384,,100.0,True
2013018817610518642,BOX,False,,49,partial,True,0.01838929694099045,0.001886560612263372,0.0,0.00419474496533706,0.00028532857008037186,3.0,0.004396504703856751,-8.089566188284316,0.0,False
2012353041782263965,BOX,False,,49,partial,True,0.01838929694099045,0.001886560612263372,0.0,0.00419474496533706,0.00028532857008037186,3.0,0.004396504703856751,-8.089566188284316,0.0,False
2012289037235577313,BOX,False,,49,partial,True,0.01838929694099045,0.001886560612263372,0.0,0.00419474496533706,0.00028532857008037186,3.0,0.004396504703856751,-8.089566188284316,0.0,False
2011870566144463220,BOX,False,,38,partial,True,-0.002127397869511105,0.0007413984113628566,4.0,0.0006705297706363384,0.0,1.0,0.0006705297706363384,,100.0,True
2011641513969660229,BOX,False,,38,partial,True,-0.016080124021788378,0.0015235461582048264,0.0,0.00419474496533706,0.00028532857008037186,3.0,0.004396504703856751,-9.36183434550492,0.0,False
2010927960006721960,BOX,True,"cpi(ALL, 2026-01-13 13:30:00+00:00->2026-01-13 21:00:00+00:00)",56,partial,False,-0.03242844059543182,0.002140684628752486,0.0,0.00419474496533706,0.00028532857008037186,3.0,0.004396504703856751,-7.198929767201308,0.0,False
2010055953157357622,BOX,False,,43,partial,True,-0.009450259579454778,0.001476690384471844,0.0,0.00419474496533706,0.00028532857008037186,3.0,0.004396504703856751,-9.526051247162487,0.0,False
2009323784009089366,BOX,False,,35,partial,True,0.0007948785251633561,0.0006196103784399049,3.0,,,,,,,False
2009125381622857783,BOX,False,,49,partial,True,-0.007512169977238026,0.0014175916356183617,0.0,0.00419474496533706,0.00028532857008037186,3.0,0.004396504703856751,-9.73317648820244,0.0,False
2008746912569283060,BOX,False,,49,partial,True,0.01009225661952029,0.0013715524369111718,0.0,0.00419474496533706,0.00028532857008037186,3.0,0.004396504703856751,-9.894531513723445,0.0,False
2007958155137876183,BOX,False,,45,partial,True,-0.012222871500948918,0.0016852096172261077,0.0,0.00419474496533706,0.00028532857008037186,3.0,0.004396504703856751,-8.795247343804588,0.0,False
2006521312693637597,BOX,False,,44,partial,True,-0.03585879925501856,0.0021758256159311634,0.0,0.00419474496533706,0.00028532857008037186,3.0,0.004396504703856751,-7.075770045870988,0.0,False
2006172896453185596,BOX,False,,27,insufficient,False,-0.008606789581065644,0.0011396785902142974,0.0,0.00419474496533706,0.00028532857008037186,3.0,0.004396504703856751,-10.707187065992745,0.0,False
2005811362807833002,BOX,False,,24,insufficient,False,-0.0017677697787731317,0.0012263115098887795,0.0,0.00419474496533706,0.00028532857008037186,3.0,0.004396504703856751,-10.403561951795176,0.0,False
2005095077518201221,BOX,False,,40,partial,True,0.01690454260744334,0.0012793329750240758,0.0,0.00419474496533706,0.00028532857008037186,3.0,0.004396504703856751,-10.21773595785296,0.0,False
2004654686629163154,BOX,False,,15,insufficient,False,-0.00015752136361868452,0.00045784529652927126,6.0,,,,,,,False
2003911490584432978,BOX,False,,27,insufficient,False,0.002386789784196708,0.001421945699361181,0.0,0.00419474496533706,0.00028532857008037186,3.0,0.004396504703856751,-9.717916664268257,0.0,False
2003588900523257878,BOX,False,,33,partial,True,-0.003583007750776579,0.0010431993373092373,0.0,0.00419474496533706,0.00028532857008037186,3.0,0.004396504703856751,-11.045320933477113,0.0,False
2003272570364198954,BOX,False,,39,partial,True,-0.0075214111605071965,0.0008003185159002269,0.0,0.00419474496533706,0.00028532857008037186,3.0,0.004396504703856751,-11.896552975682333,0.0,False
2002805101510197370,BOX,False,,36,partial,True,0.0007568207070238753,0.0012794143327004303,0.0,0.00419474496533706,0.00028532857008037186,3.0,0.004396504703856751,-10.21745082104969,0.0,False
2002476175965466736,BOX,False,,36,partial,True,0.0007568207070238753,0.0012794143327004303,0.0,0.00419474496533706,0.00028532857008037186,3.0,0.004396504703856751,-10.21745082104969,0.0,False
2001888559725506915,BOX,False,,34,partial,True,-0.0033886146685659924,0.0009885541730133452,0.0,0.00419474496533706,0.00028532857008037186,3.0,0.004396504703856751,-11.236837556858008,0.0,False
2001749124593615024,BOX,True,"cpi(ALL, 2025-12-18 13:30:00+00:00->2025-12-18 21:00:00+00:00)",34,partial,False,0.008232328291576274,0.000629181151061485,5.0,0.001156084544584349,0.0002470170345756928,55.0,0.0015310284194640484,-2.1330650107914164,0.0,False
2001343878650302667,BOX,False,,29,partial,True,-0.0019730045206414193,0.000616408809075531,3.0,,,,,,,False
2000772401815326894,BOX,True,"jobs_report(ALL, 2025-12-16 13:30:00+00:00->2025-12-16 21:00:00+00:00)",43,partial,False,0.014009981980372954,0.0011213002466743767,0.0,0.00419474496533706,0.00028532857008037186,3.0,0.004396504703856751,-10.771598223749377,0.0,False
2000439482957619580,BOX,False,,41,partial,True,0.001996406779636417,0.001979058544512929,0.0,0.00419474496533706,0.00028532857008037186,3.0,0.004396504703856751,-7.765385780330418,0.0,False
1999725887626125445,BOX,False,,41,partial,True,0.001996406779636417,0.001979058544512929,0.0,0.00419474496533706,0.00028532857008037186,3.0,0.004396504703856751,-7.765385780330418,0.0,False
1999531307823780343,BOX,False,,26,insufficient,False,-0.005166923879176277,0.0006362307314606005,2.0,,,,,,,False
1999359216310714844,BOX,False,,49,partial,True,0.009319393541520338,0.0011881818750756209,0.0,0.00419474496533706,0.00028532857008037186,3.0,0.004396504703856751,-10.537196080345353,0.0,False
1999191612321391058,BOX,False,,33,partial,True,-0.001696864716601243,0.0006284425668465902,4.0,0.0006705297706363384,0.0,1.0,0.0006705297706363384,,0.0,False
1998597578678829449,BOX,False,,42,partial,True,-0.023633425927084173,0.0014527312487385088,0.0,0.00419474496533706,0.00028532857008037186,3.0,0.004396504703856751,-9.610021582578204,0.0,False
1998247121271824796,BOX,False,,44,partial,True,-0.0030531595442429005,0.0011543023869284895,0.0,0.00419474496533706,0.00028532857008037186,3.0,0.004396504703856751,-10.655934586403783,0.0,False
1997768912042369366,BOX,False,,36,partial,True,0.002668424232938227,0.0020095802157426112,0.0,0.00419474496533706,0.00028532857008037186,3.0,0.004396504703856751,-7.658415520671229,0.0,False
1997465631650955504,BOX,False,,36,partial,True,0.002668424232938227,0.0020095802157426112,0.0,0.00419474496533706,0.00028532857008037186,3.0,0.004396504703856751,-7.658415520671229,0.0,False
1997152030507556962,BOX,False,,36,partial,True,0.002668424232938227,0.0020095802157426112,0.0,0.00419474496533706,0.00028532857008037186,3.0,0.004396504703856751,-7.658415520671229,0.0,False
1997014930273587423,BOX,False,,39,partial,True,-0.005658706526694424,0.00043959892426295423,4.0,0.0006705297706363384,0.0,1.0,0.0006705297706363384,,0.0,False
1996240388940804171,BOX,True,"earnings(BOX, 2025-12-02 21:00:00+00:00->2025-12-03 21:00:00+00:00)",55,partial,False,-0.013143745257712447,0.0019624943163261835,1.0,0.0013670565185054764,9.769056425029918e-05,43.0,0.0014788781460496501,6.095141351575146,100.0,True
1996114346423066903,BOX,True,"earnings(BOX, 2025-12-02 21:00:00+00:00->2025-12-03 21:00:00+00:00)",55,partial,False,0.07674114136664678,0.004609448787480655,0.0,0.00419474496533706,0.00028532857008037186,3.0,0.004396504703856751,1.4534255087977368,100.0,True
1995886909781147962,BOX,False,,52,partial,True,0.005566846092117772,0.0006455974132017043,1.0,0.0013670565185054764,9.769056425029918e-05,43.0,0.0014788781460496501,-7.38514626095593,0.0,False
1995676190913560798,BOX,False,,47,partial,True,0.010034497028878375,0.0012917683130662797,0.0,0.00419474496533706,0.00028532857008037186,3.0,0.004396504703856751,-10.174153438097925,0.0,False
1995208111259599257,BOX,False,,47,partial,True,0.007559899206288856,0.0018774181976542006,0.0,0.00419474496533706,0.00028532857008037186,3.0,0.004396504703856751,-8.121607895872854,0.0,False
1994900315292979426,BOX,False,,47,partial,True,0.007559899206288856,0.0018774181976542006,0.0,0.00419474496533706,0.00028532857008037186,3.0,0.004396504703856751,-8.121607895872854,0.0,False
1994876287157244070,BOX,False,,47,partial,True,0.007559899206288856,0.0018774181976542006,0.0,0.00419474496533706,0.00028532857008037186,3.0,0.004396504703856751,-8.121607895872854,0.0,False
1994563889657516439,BOX,False,,47,partial,True,0.007559899206288856,0.0018774181976542006,0.0,0.00419474496533706,0.00028532857008037186,3.0,0.004396504703856751,-8.121607895872854,0.0,False
1994536868395061469,BOX,False,,47,partial,True,0.007559899206288856,0.0018774181976542006,0.0,0.00419474496533706,0.00028532857008037186,3.0,0.004396504703856751,-8.121607895872854,0.0,False
1994083411137577126,BOX,False,,37,partial,True,-0.00580587202417393,0.0007770907925460714,0.0,0.00419474496533706,0.00028532857008037186,3.0,0.004396504703856751,-11.97795990716351,0.0,False
1993906667877195970,BOX,False,,37,partial,True,-0.00580587202417393,0.0007770907925460714,0.0,0.00419474496533706,0.00028532857008037186,3.0,0.004396504703856751,-11.97795990716351,0.0,False
1993548974805168280,BOX,False,,41,partial,True,0.0016653830306390116,0.0012082131938418953,0.0,0.00419474496533706,0.00028532857008037186,3.0,0.004396504703856751,-10.466991688402997,0.0,False
1993179081266151641,BOX,False,,36,partial,True,0.006537621474990374,0.0013920390820364816,0.0,0.00419474496533706,0.00028532857008037186,3.0,0.004396504703856751,-9.822731325191539,0.0,False
1992752275669049462,BOX,False,,36,partial,True,-0.019766982718849913,0.0020391721369851464,0.0,0.00419474496533706,0.00028532857008037186,3.0,0.004396504703856751,-7.554703784989802,0.0,False
1992097401671504075,BOX,False,,36,partial,True,-0.019766982718849913,0.0020391721369851464,0.0,0.00419474496533706,0.00028532857008037186,3.0,0.004396504703856751,-7.554703784989802,0.0,False
1991991192066933045,BOX,False,,36,partial,True,-0.019766982718849913,0.0020391721369851464,0.0,0.00419474496533706,0.00028532857008037186,3.0,0.004396504703856751,-7.554703784989802,0.0,False
1991923373417672717,BOX,False,,39,partial,True,0.006376701426305087,0.0007827374200357675,3.0,,,,,,,False
1991745725726879875,BOX,False,,36,partial,True,0.0072926100227583834,0.002664308136528014,0.0,0.00419474496533706,0.00028532857008037186,3.0,0.004396504703856751,-5.363770015662818,0.0,False
1991382210541416620,BOX,True,"jobs_report(ALL, 2025-11-20 13:30:00+00:00->2025-11-20 21:00:00+00:00)",34,partial,False,-0.0010666779085029,0.0020053247314728005,0.0,0.00419474496533706,0.00028532857008037186,3.0,0.004396504703856751,-7.673329850030578,0.0,False
1990820579981840746,BOX,False,,34,partial,True,0.007309332527310364,0.0009122628109107054,2.0,,,,,,,False
1990594635614597230,BOX,False,,43,partial,True,-0.029617928316202247,0.0020416528004165344,0.0,0.00419474496533706,0.00028532857008037186,3.0,0.004396504703856751,-7.5460097259592285,0.0,False
1990158009952297028,BOX,False,,31,partial,True,-0.021202814457144226,0.001948058403284337,0.0,0.00419474496533706,0.00028532857008037186,3.0,0.004396504703856751,-7.8740329488206235,0.0,False
1989813515650281968,BOX,False,,31,partial,True,-0.021202814457144226,0.001948058403284337,0.0,0.00419474496533706,0.00028532857008037186,3.0,0.004396504703856751,-7.8740329488206235,0.0,False
1989051715207983511,BOX,False,,40,partial,True,-5.1509205041377903e-05,0.000630148415672371,4.0,0.0006705297706363384,0.0,1.0,0.0006705297706363384,,0.0,False
1988788206821863438,BOX,False,,30,partial,True,0.014017310373325653,0.0013774893115287806,0.0,0.00419474496533706,0.00028532857008037186,3.0,0.004396504703856751,-9.873724362809899,0.0,False
1988438465739125201,BOX,False,,28,partial,True,0.009893783777550569,0.0017529514580198685,0.0,0.00419474496533706,0.00028532857008037186,3.0,0.004396504703856751,-8.55783038701446,0.0,False
1988105997475606611,BOX,False,,21,insufficient,False,2.2214538858644772e-05,0.0018876350963632456,0.0,0.00419474496533706,0.00028532857008037186,3.0,0.004396504703856751,-8.08580041011646,0.0,False
1987945033971171705,BOX,False,,42,partial,True,0.0035678013763089655,0.0005312458767208185,3.0,,,,,,,False
1987595537122791875,BOX,False,,31,partial,True,-0.0017329174867719566,0.0016366428466969274,0.0,0.00419474496533706,0.00028532857008037186,3.0,0.004396504703856751,-8.965460829665817,0.0,False
1987269365725901293,BOX,False,,31,partial,True,-0.0017329174867719566,0.0016366428466969274,0.0,0.00419474496533706,0.00028532857008037186,3.0,0.004396504703856751,-8.965460829665817,0.0,False
1986620885592113218,BOX,False,,38,partial,True,0.004387014751567886,0.002047103410845974,0.0,0.00419474496533706,0.00028532857008037186,3.0,0.004396504703856751,-7.526906800416565,0.0,False
1986188497242488895,BOX,False,,25,insufficient,False,-0.0047401751994314845,0.0015771508792590116,0.0,0.00419474496533706,0.00028532857008037186,3.0,0.004396504703856751,-9.173964196227248,0.0,False
1985868555980820605,BOX,False,,39,partial,True,-0.001647191745154153,0.0013206568262379694,0.0,0.00419474496533706,0.00028532857008037186,3.0,0.004396504703856751,-10.072906958772169,0.0,False
1985566097152885126,BOX,False,,24,insufficient,False,-0.005519372672149414,0.0010157830414060465,0.0,0.00419474496533706,0.00028532857008037186,3.0,0.004396504703856751,-11.141407686708547,0.0,False
1985507252120535429,BOX,False,,24,insufficient,False,-0.005519372672149414,0.0010157830414060465,0.0,0.00419474496533706,0.00028532857008037186,3.0,0.004396504703856751,-11.141407686708547,0.0,False
1985180770785481004,BOX,False,,41,partial,True,-0.001015304857534316,0.0010752810670231242,0.0,0.00419474496533706,0.00028532857008037186,3.0,0.004396504703856751,-10.93288308785636,0.0,False
1984788764963848463,BOX,False,,41,partial,True,-0.001015304857534316,0.0010752810670231242,0.0,0.00419474496533706,0.00028532857008037186,3.0,0.004396504703856751,-10.93288308785636,0.0,False
1984662238914093489,BOX,False,,41,partial,True,-0.001015304857534316,0.0010752810670231242,0.0,0.00419474496533706,0.00028532857008037186,3.0,0.004396504703856751,-10.93288308785636,0.0,False
1984648216730878262,BOX,False,,41,partial,True,-0.001015304857534316,0.0010752810670231242,0.0,0.00419474496533706,0.00028532857008037186,3.0,0.004396504703856751,-10.93288308785636,0.0,False
1984063020054798440,BOX,False,,31,partial,True,-0.0003643318416630681,0.0009481477908114872,0.0,0.00419474496533706,0.00028532857008037186,3.0,0.004396504703856751,-11.378451073480182,0.0,False
1983721593340875138,BOX,False,,31,partial,True,0.010288173875954931,0.0012095904041647448,0.0,0.00419474496533706,0.00028532857008037186,3.0,0.004396504703856751,-10.462164936134686,0.0,False
1983368863673921758,BOX,False,,47,partial,True,-0.01888616691740841,0.002191168264858744,0.0,0.00419474496533706,0.00028532857008037186,3.0,0.004396504703856751,-7.0219981823549755,0.0,False
1982996352641462724,BOX,False,,26,insufficient,False,-0.0020557998506224306,0.0014985163040285568,0.0,0.00419474496533706,0.00028532857008037186,3.0,0.004396504703856751,-9.449557261472359,0.0,False
1982875803076702400,BOX,False,,28,partial,True,-0.0026141657771185933,0.0004155769719374987,4.0,0.0006705297706363384,0.0,1.0,0.0006705297706363384,,0.0,False
1982605763555246203,BOX,False,,25,insufficient,False,-0.014828432625619059,0.0009586580401268694,0.0,0.00419474496533706,0.00028532857008037186,3.0,0.004396504703856751,-11.341615472641395,0.0,False
1981921855863963863,BOX,False,,25,insufficient,False,-0.014828432625619059,0.0009586580401268694,0.0,0.00419474496533706,0.00028532857008037186,3.0,0.004396504703856751,-11.341615472641395,0.0,False
1981552772542869574,BOX,True,"cpi(ALL, 2025-10-24 12:30:00+00:00->2025-10-24 20:00:00+00:00)",26,insufficient,False,-0.005969017812112787,0.001013855845636627,0.0,0.00419474496533706,0.00028532857008037186,3.0,0.004396504703856751,-11.148161990243159,0.0,False
1981479811500724297,BOX,True,"cpi(ALL, 2025-10-24 12:30:00+00:00->2025-10-24 20:00:00+00:00)",26,insufficient,False,-0.005969017812112787,0.001013855845636627,0.0,0.00419474496533706,0.00028532857008037186,3.0,0.004396504703856751,-11.148161990243159,0.0,False
1981403279780434058,BOX,False,,19,insufficient,False,-0.0023698183964488972,0.000807242050229053,3.0,,,,,,,False
1981190193718972802,BOX,False,,32,partial,True,-0.013387818214792624,0.001467177577190695,0.0,0.00419474496533706,0.00028532857008037186,3.0,0.004396504703856751,-9.559391081580294,0.0,False
1981043419062694123,BOX,False,,37,partial,True,0.0015498468268969612,0.0008465471840685114,3.0,,,,,,,False
1980856705027305835,BOX,False,,36,partial,True,0.005166111688807207,0.001476395572441007,0.0,0.00419474496533706,0.00028532857008037186,3.0,0.004396504703856751,-9.52708448414522,0.0,False
1980710354016669751,BOX,False,,42,partial,True,0.006979748956610021,0.000564508775624649,5.0,0.001156084544584349,0.0002470170345756928,55.0,0.0015310284194640484,-2.3948784340961105,0.0,False
1980435175160050092,BOX,False,,29,partial,True,0.008270151198981557,0.0014650069276422727,0.0,0.00419474496533706,0.00028532857008037186,3.0,0.004396504703856751,-9.566998625219584,0.0,False
1980085588549362123,BOX,False,,46,partial,True,-0.0012117317335329503,0.001145201848033249,0.0,0.00419474496533706,0.00028532857008037186,3.0,0.004396504703856751,-10.687829530862647,0.0,False
1979941267753824738,BOX,False,,46,partial,True,-0.0012117317335329503,0.001145201848033249,0.0,0.00419474496533706,0.00028532857008037186,3.0,0.004396504703856751,-10.687829530862647,0.0,False
1979648582224658538,BOX,False,,46,partial,True,-0.0012117317335329503,0.001145201848033249,0.0,0.00419474496533706,0.00028532857008037186,3.0,0.004396504703856751,-10.687829530862647,0.0,False
1979597667031511064,BOX,False,,46,partial,True,-0.0012117317335329503,0.001145201848033249,0.0,0.00419474496533706,0.00028532857008037186,3.0,0.004396504703856751,-10.687829530862647,0.0,False
1979312435694834048,BOX,False,,46,partial,True,-0.0012117317335329503,0.001145201848033249,0.0,0.00419474496533706,0.00028532857008037186,3.0,0.004396504703856751,-10.687829530862647,0.0,False
1978982310113390827,BOX,False,,15,insufficient,False,-0.0016657832967366115,0.0018184505490455795,0.0,0.00419474496533706,0.00028532857008037186,3.0,0.004396504703856751,-8.328273665767579,0.0,False
1978669569096163384,BOX,False,,29,partial,True,-0.004465452442488638,0.00124037786280701,0.0,0.00419474496533706,0.00028532857008037186,3.0,0.004396504703856751,-10.354263162983848,0.0,False
1977875995484184777,BOX,False,,26,insufficient,False,0.004044015135872714,0.0010176760480492804,0.0,0.00419474496533706,0.00028532857008037186,3.0,0.004396504703856751,-11.134773206878151,0.0,False
1977605722008654123,BOX,False,,23,insufficient,False,-0.017061451740906675,0.0015085896884985696,0.0,0.00419474496533706,0.00028532857008037186,3.0,0.004396504703856751,-9.414252754576413,0.0,False
1977487728762884249,BOX,False,,23,insufficient,False,-0.017061451740906675,0.0015085896884985696,0.0,0.00419474496533706,0.00028532857008037186,3.0,0.004396504703856751,-9.414252754576413,0.0,False
1977079675722801607,BOX,False,,23,insufficient,False,-0.017061451740906675,0.0015085896884985696,0.0,0.00419474496533706,0.00028532857008037186,3.0,0.004396504703856751,-9.414252754576413,0.0,False
1976839744194855002,BOX,False,,23,insufficient,False,-0.017061451740906675,0.0015085896884985696,0.0,0.00419474496533706,0.00028532857008037186,3.0,0.004396504703856751,-9.414252754576413,0.0,False
1976462057840181320,BOX,False,,48,partial,True,-0.005043500017557712,0.0012514775982175586,0.0,0.00419474496533706,0.00028532857008037186,3.0,0.004396504703856751,-10.31536157171515,0.0,False
1976360528256852130,BOX,False,,30,partial,True,-0.003751563764783028,0.0008911130996135463,5.0,0.001156084544584349,0.0002470170345756928,55.0,0.0015310284194640484,-1.0726849078483618,21.818181818181817,False
1976105792878350577,BOX,False,,28,partial,True,0.00637710522053514,0.0012038611865219677,0.0,0.00419474496533706,0.00028532857008037186,3.0,0.004396504703856751,-10.482244305127294,0.0,False
1975771522758549617,BOX,False,,42,partial,True,0.007959290879420822,0.001523351707347968,0.0,0.00419474496533706,0.00028532857008037186,3.0,0.004396504703856751,-9.362515843529476,0.0,False
1975401848594116920,BOX,False,,45,partial,True,-0.004713906818903824,0.0017850304023867855,0.0,0.00419474496533706,0.00028532857008037186,3.0,0.004396504703856751,-8.445402303286704,0.0,False
1975274282398962099,BOX,False,,50,partial,True,-9.34566196572062e-05,0.0008091256599002793,5.0,0.001156084544584349,0.0002470170345756928,55.0,0.0015310284194640484,-1.4045949716789747,0.0,False
1975267269690441862,BOX,False,,45,partial,True,0.004303442672707103,0.0007429284774006166,5.0,0.001156084544584349,0.0002470170345756928,55.0,0.0015310284194640484,-1.672581277211997,0.0,False
1975010765913682214,BOX,False,,28,partial,True,-0.0030184294419924873,0.001823479172025773,0.0,0.00419474496533706,0.00028532857008037186,3.0,0.004396504703856751,-8.310649692890355,0.0,False
1974637047257370641,BOX,False,,28,partial,True,-0.0030184294419924873,0.001823479172025773,0.0,0.00419474496533706,0.00028532857008037186,3.0,0.004396504703856751,-8.310649692890355,0.0,False
1974510318933201021,BOX,False,,28,partial,True,-0.0030184294419924873,0.001823479172025773,0.0,0.00419474496533706,0.00028532857008037186,3.0,0.004396504703856751,-8.310649692890355,0.0,False
1974344042273267766,BOX,False,,28,partial,True,-0.0030184294419924873,0.001823479172025773,0.0,0.00419474496533706,0.00028532857008037186,3.0,0.004396504703856751,-8.310649692890355,0.0,False
1973971040947855474,BOX,False,,31,partial,True,1.3795945085437467e-05,0.0010780768916759317,0.0,0.00419474496533706,0.00028532857008037186,3.0,0.004396504703856751,-10.923084473395775,0.0,False
1973471766938001745,BOX,False,,24,insufficient,False,0.003807616737616759,0.0005878751155493123,6.0,,,,,,,False
1973229517213933956,BOX,False,,34,partial,True,0.01065934947529501,0.0016377522712052797,0.0,0.00419474496533706,0.00028532857008037186,3.0,0.004396504703856751,-8.961572594751104,0.0,False
1972831658157232444,BOX,False,,29,partial,True,-0.003464549690139873,0.0013541030373920588,0.0,0.00419474496533706,0.00028532857008037186,3.0,0.004396504703856751,-9.955686972197855,0.0,False
1972777693377949830,BOX,False,,29,partial,True,-0.003464549690139873,0.0013541030373920588,0.0,0.00419474496533706,0.00028532857008037186,3.0,0.004396504703856751,-9.955686972197855,0.0,False
1972415011227381902,BOX,False,,17,insufficient,False,-0.006076608766090508,0.0014863276837186038,0.0,0.00419474496533706,0.00028532857008037186,3.0,0.004396504703856751,-9.492275101843267,0.0,False
1971226298786906490,BOX,False,,18,insufficient,False,-0.005000746005569212,0.0007861416684721257,1.0,0.0013670565185054764,9.769056425029918e-05,43.0,0.0014788781460496501,-5.946478603040433,0.0,False
1971069915991007724,BOX,False,,32,partial,True,-0.0018833472256946093,0.0013446287990080982,0.0,0.00419474496533706,0.00028532857008037186,3.0,0.004396504703856751,-9.988891632990471,0.0,False
1970989665445687464,BOX,False,,32,partial,True,-0.0018833472256946093,0.0013446287990080982,0.0,0.00419474496533706,0.00028532857008037186,3.0,0.004396504703856751,-9.988891632990471,0.0,False
1970701791064137877,BOX,False,,31,partial,True,0.004315661979300112,0.0012342828212544928,0.0,0.00419474496533706,0.00028532857008037186,3.0,0.004396504703856751,-10.375624646521231,0.0,False
1970316300712063422,BOX,False,,14,insufficient,False,-0.008097132374110583,0.0009492286820304968,0.0,0.00419474496533706,0.00028532857008037186,3.0,0.004396504703856751,-11.374662840080683,0.0,False
1969866932557062471,BOX,False,,37,partial,True,0.009128418971987129,0.0013392864523810832,0.0,0.00419474496533706,0.00028532857008037186,3.0,0.004396504703856751,-10.007615122984864,0.0,False
1969839611682984194,BOX,False,,37,partial,True,0.009128418971987129,0.0013392864523810832,0.0,0.00419474496533706,0.00028532857008037186,3.0,0.004396504703856751,-10.007615122984864,0.0,False
1969229371912356273,BOX,False,,37,partial,True,0.009128418971987129,0.0013392864523810832,0.0,0.00419474496533706,0.00028532857008037186,3.0,0.004396504703856751,-10.007615122984864,0.0,False
1968883364469129316,BOX,False,,27,insufficient,False,-0.0021393632255195527,0.0013600839494139795,0.0,0.00419474496533706,0.00028532857008037186,3.0,0.004396504703856751,-9.93472548201047,0.0,False
1968512148533133810,BOX,False,,36,partial,True,-0.02004326847907334,0.0013926982725532716,0.0,0.00419474496533706,0.00028532857008037186,3.0,0.004396504703856751,-9.82042103948617,0.0,False
1968420057114939856,BOX,False,,36,partial,True,-0.02004326847907334,0.0013926982725532716,0.0,0.00419474496533706,0.00028532857008037186,3.0,0.004396504703856751,-9.82042103948617,0.0,False
1968151772746354967,BOX,False,,25,insufficient,False,0.011826852759897255,0.0013150936275447658,0.0,0.00419474496533706,0.00028532857008037186,3.0,0.004396504703856751,-10.09240447593856,0.0,False
1967984466300899337,BOX,False,,25,insufficient,False,-0.0018423887279326312,0.0008339188930970145,2.0,,,,,,,False
1967757615372640645,BOX,False,,24,insufficient,False,0.002460823543897095,0.0010587738618227653,0.0,0.00419474496533706,0.00028532857008037186,3.0,0.004396504703856751,-10.990736408313225,0.0,False
1967342270342173050,BOX,False,,20,insufficient,False,-0.0005120972211309915,0.0014216436079544953,0.0,0.00419474496533706,0.00028532857008037186,3.0,0.004396504703856751,-9.718975413508126,0.0,False
1967036306888044887,BOX,False,,20,insufficient,False,-0.0005120972211309915,0.0014216436079544953,0.0,0.00419474496533706,0.00028532857008037186,3.0,0.004396504703856751,-9.718975413508126,0.0,False
1966705068700561623,BOX,False,,20,insufficient,False,-0.0005120972211309915,0.0014216436079544953,0.0,0.00419474496533706,0.00028532857008037186,3.0,0.004396504703856751,-9.718975413508126,0.0,False
1966175904566227366,BOX,True,"cpi(ALL, 2025-09-11 12:30:00+00:00->2025-09-11 20:00:00+00:00)",19,insufficient,False,0.002376125232114168,0.0008296546556415526,2.0,,,,,,,False
1965635682271187329,BOX,False,,36,partial,True,-0.02425154001585561,0.0013491145225039607,0.0,0.00419474496533706,0.00028532857008037186,3.0,0.004396504703856751,-9.973170376985161,0.0,False
1965577317935448113,BOX,False,,36,partial,True,-0.02425154001585561,0.0013491145225039607,0.0,0.00419474496533706,0.00028532857008037186,3.0,0.004396504703856751,-9.973170376985161,0.0,False
1965484622797840797,BOX,False,,35,partial,True,0.002327637686922346,0.0007637776745898339,5.0,0.001156084544584349,0.0002470170345756928,55.0,0.0015310284194640484,-1.5881773929817842,0.0,False
1965253791718191383,BOX,False,,40,partial,True,-0.006470063586105801,0.0010301387765491903,0.0,0.00419474496533706,0.00028532857008037186,3.0,0.004396504703856751,-11.091094690925825,0.0,False
1964917120346861626,BOX,False,,36,partial,True,0.0005352729094638686,0.0014419617059134424,0.0,0.00419474496533706,0.00028532857008037186,3.0,0.004396504703856751,-9.647765937523214,0.0,False
1964912351196717301,BOX,False,,36,partial,True,0.0005352729094638686,0.0014419617059134424,0.0,0.00419474496533706,0.00028532857008037186,3.0,0.004396504703856751,-9.647765937523214,0.0,False
1964515570986209584,BOX,False,,36,partial,True,0.0005352729094638686,0.0014419617059134424,0.0,0.00419474496533706,0.00028532857008037186,3.0,0.004396504703856751,-9.647765937523214,0.0,False
1964372070890123489,BOX,False,,36,partial,True,0.0005352729094638686,0.0014419617059134424,0.0,0.00419474496533706,0.00028532857008037186,3.0,0.004396504703856751,-9.647765937523214,0.0,False
1964189550693273685,BOX,False,,36,partial,True,0.0005352729094638686,0.0014419617059134424,0.0,0.00419474496533706,0.00028532857008037186,3.0,0.004396504703856751,-9.647765937523214,0.0,False
1964047397044310490,BOX,True,"jobs_report(ALL, 2025-09-05 12:30:00+00:00->2025-09-05 20:00:00+00:00)",28,partial,False,0.0008874155349475332,0.0005678405726762268,5.0,0.001156084544584349,0.0002470170345756928,55.0,0.0015310284194640484,-2.3813903074278384,0.0,False
1963802448780472529,BOX,True,"jobs_report(ALL, 2025-09-05 12:30:00+00:00->2025-09-05 20:00:00+00:00)",35,partial,False,0.003951664905360253,0.0013805277441937122,0.0,0.00419474496533706,0.00028532857008037186,3.0,0.004396504703856751,-9.863075472430376,0.0,False
1963452672209784850,BOX,False,,22,insufficient,False,-0.004706247111173512,0.0013728036026621905,0.0,0.00419474496533706,0.00028532857008037186,3.0,0.004396504703856751,-9.890146513824323,0.0,False
1963071173060886971,BOX,False,,29,partial,True,-0.006639567393792234,0.001451822235960428,0.0,0.00419474496533706,0.00028532857008037186,3.0,0.004396504703856751,-9.613207428208119,0.0,False
1962748473138401646,BOX,False,,38,partial,True,0.0029096768794668604,0.0015697660062402529,0.0,0.00419474496533706,0.00028532857008037186,3.0,0.004396504703856751,-9.199846192610147,0.0,False
1962582305526206625,BOX,False,,38,partial,True,0.0029096768794668604,0.0015697660062402529,0.0,0.00419474496533706,0.00028532857008037186,3.0,0.004396504703856751,-9.199846192610147,0.0,False
1962319969783546322,BOX,False,,38,partial,True,0.0029096768794668604,0.0015697660062402529,0.0,0.00419474496533706,0.00028532857008037186,3.0,0.004396504703856751,-9.199846192610147,0.0,False
1962319895070458241,BOX,False,,38,partial,True,0.0029096768794668604,0.0015697660062402529,0.0,0.00419474496533706,0.00028532857008037186,3.0,0.004396504703856751,-9.199846192610147,0.0,False
1962295909892653208,BOX,False,,38,partial,True,0.0029096768794668604,0.0015697660062402529,0.0,0.00419474496533706,0.00028532857008037186,3.0,0.004396504703856751,-9.199846192610147,0.0,False
1961884479427080255,BOX,False,,38,partial,True,0.0029096768794668604,0.0015697660062402529,0.0,0.00419474496533706,0.00028532857008037186,3.0,0.004396504703856751,-9.199846192610147,0.0,False
1961844488445567067,BOX,False,,38,partial,True,0.0029096768794668604,0.0015697660062402529,0.0,0.00419474496533706,0.00028532857008037186,3.0,0.004396504703856751,-9.199846192610147,0.0,False
1961592190892982565,BOX,False,,38,partial,True,0.0029096768794668604,0.0015697660062402529,0.0,0.00419474496533706,0.00028532857008037186,3.0,0.004396504703856751,-9.199846192610147,0.0,False
1961252992537268515,BOX,False,,34,partial,True,0.0006458234483662784,0.0013103138471911415,0.0,0.00419474496533706,0.00028532857008037186,3.0,0.004396504703856751,-10.10915632224781,0.0,False
1961112921150546063,BOX,False,,45,partial,True,-0.006424124069547732,0.0005045842825788369,3.0,,,,,,,False
1960852529287455070,BOX,False,,47,partial,True,0.002377797876032095,0.0015614932171287561,0.0,0.00419474496533706,0.00028532857008037186,3.0,0.004396504703856751,-9.228840096407326,0.0,False
1960807122666709242,BOX,False,,47,partial,True,0.002377797876032095,0.0015614932171287561,0.0,0.00419474496533706,0.00028532857008037186,3.0,0.004396504703856751,-9.228840096407326,0.0,False
1960483226373513447,BOX,True,"earnings(BOX, 2025-08-26 20:00:00+00:00->2025-08-27 20:00:00+00:00)",54,partial,False,0.015922812449747248,0.007220652439706197,0.0,0.00419474496533706,0.00028532857008037186,3.0,0.004396504703856751,10.604992950817348,100.0,True
1960196953788305568,BOX,False,,47,partial,True,-0.001761419848436363,0.0010153798259159611,0.0,0.00419474496533706,0.00028532857008037186,3.0,0.004396504703856751,-11.142820848699202,0.0,False
1960070316111372735,BOX,False,,47,partial,True,-0.001761419848436363,0.0010153798259159611,0.0,0.00419474496533706,0.00028532857008037186,3.0,0.004396504703856751,-11.142820848699202,0.0,False
1959787184950788224,BOX,False,,32,partial,True,-0.0076065847099028305,0.0011665174916882294,0.0,0.00419474496533706,0.00028532857008037186,3.0,0.004396504703856751,-10.61312392514999,0.0,False
1959660079722246546,BOX,False,,32,partial,True,-0.0076065847099028305,0.0011665174916882294,0.0,0.00419474496533706,0.00028532857008037186,3.0,0.004396504703856751,-10.61312392514999,0.0,False
1959098026213220801,BOX,False,,32,partial,True,-0.0076065847099028305,0.0011665174916882294,0.0,0.00419474496533706,0.00028532857008037186,3.0,0.004396504703856751,-10.61312392514999,0.0,False
1958312148935008369,BOX,False,,39,partial,True,0.002935525454873522,0.0014155269783069264,0.0,0.00419474496533706,0.00028532857008037186,3.0,0.004396504703856751,-9.74041255752019,0.0,False
1957962344153448699,BOX,False,,28,partial,True,0.0011594699395761632,0.001360209388258448,0.0,0.00419474496533706,0.00028532857008037186,3.0,0.004396504703856751,-9.934285852552987,0.0,False
1957854649496867056,BOX,False,,24,insufficient,False,1.1297346803162966e-05,0.0005313587461283756,3.0,,,,,,,False
1957642363280801886,BOX,False,,30,partial,True,0.0045632241251111205,0.001102254953743145,0.0,0.00419474496533706,0.00028532857008037186,3.0,0.004396504703856751,-10.83834685998257,0.0,False
1957264955432223123,BOX,False,,19,insufficient,False,0.0018841705603861447,0.0017846842492187267,0.0,0.00419474496533706,0.00028532857008037186,3.0,0.004396504703856751,-8.44661547716537,0.0,False
1957161995297501611,BOX,False,,19,insufficient,False,0.0018841705603861447,0.0017846842492187267,0.0,0.00419474496533706,0.00028532857008037186,3.0,0.004396504703856751,-8.44661547716537,0.0,False
1956763646836838492,BOX,False,,19,insufficient,False,0.0018841705603861447,0.0017846842492187267,0.0,0.00419474496533706,0.00028532857008037186,3.0,0.004396504703856751,-8.44661547716537,0.0,False
1956506467789660377,BOX,False,,19,insufficient,False,0.0018841705603861447,0.0017846842492187267,0.0,0.00419474496533706,0.00028532857008037186,3.0,0.004396504703856751,-8.44661547716537,0.0,False
1956189037435478277,BOX,False,,33,partial,True,0.002985202453957503,0.0012898616758026456,0.0,0.00419474496533706,0.00028532857008037186,3.0,0.004396504703856751,-10.180835689591692,0.0,False
1956021327862882806,BOX,False,,23,insufficient,False,0.0010041201405492917,0.0006017213518853637,2.0,,,,,,,False
1955828224682025020,BOX,False,,26,insufficient,False,-0.011413013492239554,0.0016768941101977278,0.0,0.00419474496533706,0.00028532857008037186,3.0,0.004396504703856751,-8.824390962426579,0.0,False
1955485403177505020,BOX,False,,29,partial,True,0.009029030962123707,0.0013887177368689337,0.0,0.00419474496533706,0.00028532857008037186,3.0,0.004396504703856751,-9.834371747903546,0.0,False
1955038477361484203,BOX,True,"cpi(ALL, 2025-08-12 12:30:00+00:00->2025-08-12 20:00:00+00:00)",44,partial,False,-0.0037442165633956304,0.0013350397262133114,0.0,0.00419474496533706,0.00028532857008037186,3.0,0.004396504703856751,-10.02249875754896,0.0,False
1954731387640320012,BOX,False,,20,insufficient,False,-0.003323742360593518,0.0017532865570977394,0.0,0.00419474496533706,0.00028532857008037186,3.0,0.004396504703856751,-8.556655954752818,0.0,False
1954668252950589643,BOX,False,,20,insufficient,False,-0.003323742360593518,0.0017532865570977394,0.0,0.00419474496533706,0.00028532857008037186,3.0,0.004396504703856751,-8.556655954752818,0.0,False
1954342551668023655,BOX,False,,20,insufficient,False,-0.003323742360593518,0.0017532865570977394,0.0,0.00419474496533706,0.00028532857008037186,3.0,0.004396504703856751,-8.556655954752818,0.0,False
1954309317202747616,BOX,False,,20,insufficient,False,-0.003323742360593518,0.0017532865570977394,0.0,0.00419474496533706,0.00028532857008037186,3.0,0.004396504703856751,-8.556655954752818,0.0,False
1954201490991861783,BOX,False,,20,insufficient,False,-0.003323742360593518,0.0017532865570977394,0.0,0.00419474496533706,0.00028532857008037186,3.0,0.004396504703856751,-8.556655954752818,0.0,False
1953956848178192586,BOX,False,,20,insufficient,False,-0.003323742360593518,0.0017532865570977394,0.0,0.00419474496533706,0.00028532857008037186,3.0,0.004396504703856751,-8.556655954752818,0.0,False
1953920948668969248,BOX,False,,20,insufficient,False,-0.003323742360593518,0.0017532865570977394,0.0,0.00419474496533706,0.00028532857008037186,3.0,0.004396504703856751,-8.556655954752818,0.0,False
1953670264988016931,BOX,False,,32,partial,True,0.0020641523007811635,0.0012385972719841213,0.0,0.00419474496533706,0.00028532857008037186,3.0,0.004396504703856751,-10.360503655558382,0.0,False
1953626050757537961,BOX,False,,32,partial,True,0.0020641523007811635,0.0012385972719841213,0.0,0.00419474496533706,0.00028532857008037186,3.0,0.004396504703856751,-10.360503655558382,0.0,False
1953505866122236089,BOX,False,,48,partial,True,-0.00022150979724588904,0.0008760839657742796,3.0,,,,,,,False
1953225396822163885,BOX,False,,31,partial,True,-0.009622003183274552,0.0016525486974889774,0.0,0.00419474496533706,0.00028532857008037186,3.0,0.004396504703856751,-8.909715094888647,0.0,False
1952857455417016391,BOX,False,,29,partial,True,0.0013313352972967873,0.0013963309548042076,0.0,0.00419474496533706,0.00028532857008037186,3.0,0.004396504703856751,-9.807689463920806,0.0,False
1952780903086018699,BOX,False,,29,partial,True,-0.0034607855401644905,0.0006859670293638655,3.0,,,,,,,False
1952600861089452148,BOX,False,,30,partial,True,0.0008996190125609704,0.0011940991028471545,0.0,0.00419474496533706,0.00028532857008037186,3.0,0.004396504703856751,-10.516457786350234,0.0,False
1952500405210173516,BOX,False,,30,partial,True,0.0008996190125609704,0.0011940991028471545,0.0,0.00419474496533706,0.00028532857008037186,3.0,0.004396504703856751,-10.516457786350234,0.0,False
1952110754276200929,BOX,False,,44,partial,True,-0.012562747236577576,0.001312671725436681,0.0,0.00419474496533706,0.00028532857008037186,3.0,0.004396504703856751,-10.100892592314016,0.0,False
1952053109666250874,BOX,False,,44,partial,True,-0.012562747236577576,0.001312671725436681,0.0,0.00419474496533706,0.00028532857008037186,3.0,0.004396504703856751,-10.100892592314016,0.0,False
1951798756468564359,BOX,False,,44,partial,True,-0.012562747236577576,0.001312671725436681,0.0,0.00419474496533706,0.00028532857008037186,3.0,0.004396504703856751,-10.100892592314016,0.0,False
1951666669010751594,BOX,False,,44,partial,True,-0.012562747236577576,0.001312671725436681,0.0,0.00419474496533706,0.00028532857008037186,3.0,0.004396504703856751,-10.100892592314016,0.0,False
1951477125980287293,BOX,False,,44,partial,True,-0.012562747236577576,0.001312671725436681,0.0,0.00419474496533706,0.00028532857008037186,3.0,0.004396504703856751,-10.100892592314016,0.0,False
1951119978209615893,BOX,True,"jobs_report(ALL, 2025-08-01 12:30:00+00:00->2025-08-01 20:00:00+00:00)",40,partial,False,0.006753711439241528,0.0011571248957486012,0.0,0.00419474496533706,0.00028532857008037186,3.0,0.004396504703856751,-10.64604245110406,0.0,False
1950965166507708428,BOX,False,,20,insufficient,False,0.0007900208921285401,0.0009468570430526732,3.0,,,,,,,False
1950943213889712149,BOX,False,,19,insufficient,False,-0.0025830210682592503,0.0006754768049105963,2.0,,,,,,,False
1950608340947796074,BOX,True,"fomc(ALL, 2025-07-30 18:00:00+00:00->2025-07-30 20:00:00+00:00)",33,partial,False,-0.003480629563214932,0.0006186881364242481,3.0,,,,,,,False
1950354513610616943,BOX,False,,18,insufficient,False,-0.00818084045566947,0.0016663213582330148,0.0,0.00419474496533706,0.00028532857008037186,3.0,0.004396504703856751,-8.861445618263303,0.0,False
1949959279353745810,BOX,False,,12,insufficient,False,-0.00771949721360865,0.001480054860085632,0.0,0.00419474496533706,0.00028532857008037186,3.0,0.004396504703856751,-9.514259663821079,0.0,False
1949623247361974697,BOX,False,,29,partial,True,0.0011894227228483878,0.0012535730996407275,0.0,0.00419474496533706,0.00028532857008037186,3.0,0.004396504703856751,-10.308017402070384,0.0,False
1949504939849331122,BOX,False,,29,partial,True,0.0011894227228483878,0.0012535730996407275,0.0,0.00419474496533706,0.00028532857008037186,3.0,0.004396504703856751,-10.308017402070384,0.0,False
1949147166481752523,BOX,False,,29,partial,True,0.0011894227228483878,0.0012535730996407275,0.0,0.00419474496533706,0.00028532857008037186,3.0,0.004396504703856751,-10.308017402070384,0.0,False
1948936241569038571,BOX,False,,29,partial,True,0.0011894227228483878,0.0012535730996407275,0.0,0.00419474496533706,0.00028532857008037186,3.0,0.004396504703856751,-10.308017402070384,0.0,False
1948854933161439314,BOX,False,,29,partial,True,0.0011894227228483878,0.0012535730996407275,0.0,0.00419474496533706,0.00028532857008037186,3.0,0.004396504703856751,-10.308017402070384,0.0,False
1948564358856147163,BOX,False,,12,insufficient,False,0.007616458901800405,0.001644883385566269,0.0,0.00419474496533706,0.00028532857008037186,3.0,0.004396504703856751,-8.936579954305106,0.0,False
1948244333972652188,BOX,False,,22,insufficient,False,-0.010826706520324803,0.0011201570305480208,0.0,0.00419474496533706,0.00028532857008037186,3.0,0.004396504703856751,-10.775604889208898,0.0,False
1948217650984649113,BOX,False,,22,insufficient,False,-0.010826706520324803,0.0011201570305480208,0.0,0.00419474496533706,0.00028532857008037186,3.0,0.004396504703856751,-10.775604889208898,0.0,False
1948046549260648589,BOX,False,,28,partial,True,-0.0030812121893015743,0.000593674670556712,2.0,,,,,,,False
1947830617913364853,BOX,False,,27,insufficient,False,-0.005199301984116889,0.0017030836193403936,0.0,0.00419474496533706,0.00028532857008037186,3.0,0.004396504703856751,-8.732603767280684,0.0,False
1947722135876866369,BOX,False,,29,partial,True,-0.0009945288681676434,0.00037373470457753956,4.0,0.0006705297706363384,0.0,1.0,0.0006705297706363384,,0.0,False
1947465388843061641,BOX,False,,41,partial,True,0.0017433664307653363,0.0015213674492944333,0.0,0.00419474496533706,0.00028532857008037186,3.0,0.004396504703856751,-9.369470135043205,0.0,False
1947089114286981418,BOX,False,,34,partial,True,0.0026246521330672845,0.0009508021618909854,0.0,0.00419474496533706,0.00028532857008037186,3.0,0.004396504703856751,-11.369148215800172,0.0,False
1947003139686846797,BOX,False,,34,partial,True,0.0026246521330672845,0.0009508021618909854,0.0,0.00419474496533706,0.00028532857008037186,3.0,0.004396504703856751,-11.369148215800172,0.0,False
1946990049041711441,BOX,False,,34,partial,True,0.0026246521330672845,0.0009508021618909854,0.0,0.00419474496533706,0.00028532857008037186,3.0,0.004396504703856751,-11.369148215800172,0.0,False
1946693912984510767,BOX,False,,34,partial,True,0.0026246521330672845,0.0009508021618909854,0.0,0.00419474496533706,0.00028532857008037186,3.0,0.004396504703856751,-11.369148215800172,0.0,False
1946428061098066064,BOX,False,,34,partial,True,0.0026246521330672845,0.0009508021618909854,0.0,0.00419474496533706,0.00028532857008037186,3.0,0.004396504703856751,-11.369148215800172,0.0,False
1946324991181811979,BOX,False,,34,partial,True,0.0026246521330672845,0.0009508021618909854,0.0,0.00419474496533706,0.00028532857008037186,3.0,0.004396504703856751,-11.369148215800172,0.0,False
1946227618657014138,BOX,False,,15,insufficient,False,0.0005880889607621231,0.0006490408738390336,1.0,0.0013670565185054764,9.769056425029918e-05,43.0,0.0014788781460496501,-7.349897609627573,0.0,False
1945705670751436824,BOX,False,,23,insufficient,False,0.004635392980050668,0.0012399619478559963,0.0,0.00419474496533706,0.00028532857008037186,3.0,0.004396504703856751,-10.355720833174031,0.0,False
1945658595204591644,BOX,False,,23,insufficient,False,0.004635392980050668,0.0012399619478559963,0.0,0.00419474496533706,0.00028532857008037186,3.0,0.004396504703856751,-10.355720833174031,0.0,False
1945343647588999517,BOX,False,,31,partial,True,0.007488359422483715,0.0007869223954783901,0.0,0.00419474496533706,0.00028532857008037186,3.0,0.004396504703856751,-11.943502779615613,0.0,False
1945286014052000113,BOX,False,,31,partial,True,0.007488359422483715,0.0007869223954783901,0.0,0.00419474496533706,0.00028532857008037186,3.0,0.004396504703856751,-11.943502779615613,0.0,False
1945163574386520137,BOX,True,"cpi(ALL, 2025-07-15 12:30:00+00:00->2025-07-15 20:00:00+00:00)",20,insufficient,False,-0.0026673535638567225,0.0006948408653116642,3.0,,,,,,,False
1944944667952599367,BOX,True,"cpi(ALL, 2025-07-15 12:30:00+00:00->2025-07-15 20:00:00+00:00)",36,partial,False,-0.005791571608371959,0.0010421550571933114,0.0,0.00419474496533706,0.00028532857008037186,3.0,0.004396504703856751,-11.048980854793902,0.0,False
1944804366780915924,BOX,False,,19,insufficient,False,0.0011964844782819117,0.000751690431893616,3.0,,,,,,,False
1944477309651784107,BOX,False,,37,partial,True,0.0015551351524674129,0.0008825160871895391,0.0,0.00419474496533706,0.00028532857008037186,3.0,0.004396504703856751,-11.608472566257651,0.0,False
1944203516865859950,BOX,False,,37,partial,True,0.0015551351524674129,0.0008825160871895391,0.0,0.00419474496533706,0.00028532857008037186,3.0,0.004396504703856751,-11.608472566257651,0.0,False
1944059997991870860,BOX,False,,37,partial,True,0.0015551351524674129,0.0008825160871895391,0.0,0.00419474496533706,0.00028532857008037186,3.0,0.004396504703856751,-11.608472566257651,0.0,False
1943831253779673107,BOX,False,,37,partial,True,0.0015551351524674129,0.0008825160871895391,0.0,0.00419474496533706,0.00028532857008037186,3.0,0.004396504703856751,-11.608472566257651,0.0,False
1943825163541524819,BOX,False,,37,partial,True,0.0015551351524674129,0.0008825160871895391,0.0,0.00419474496533706,0.00028532857008037186,3.0,0.004396504703856751,-11.608472566257651,0.0,False
1943527967197368580,BOX,False,,30,partial,True,-0.010907048042542389,0.0010054470138189955,0.0,0.00419474496533706,0.00028532857008037186,3.0,0.004396504703856751,-11.177632687184802,0.0,False
1943172009531445539,BOX,False,,34,partial,True,-0.005011227046142652,0.001771368784569194,0.0,0.00419474496533706,0.00028532857008037186,3.0,0.004396504703856751,-8.493282604280548,0.0,False
1943127238632772050,BOX,False,,34,partial,True,-0.005011227046142652,0.001771368784569194,0.0,0.00419474496533706,0.00028532857008037186,3.0,0.004396504703856751,-8.493282604280548,0.0,False
1943029314100040191,BOX,False,,25,insufficient,False,-0.0018263018012699694,0.000613032000108255,5.0,0.001156084544584349,0.0002470170345756928,55.0,0.0015310284194640484,-2.198441679979312,0.0,False
1942788277553291481,BOX,False,,22,insufficient,False,-0.005515223697670657,0.0011514346802020384,0.0,0.00419474496533706,0.00028532857008037186,3.0,0.004396504703856751,-10.665985128225246,0.0,False
1942441524920475948,BOX,False,,25,insufficient,False,0.0061747040184790825,0.0010331645551916095,0.0,0.00419474496533706,0.00028532857008037186,3.0,0.004396504703856751,-11.080490149496388,0.0,False
1942418186697334895,BOX,False,,25,insufficient,False,0.0061747040184790825,0.0010331645551916095,0.0,0.00419474496533706,0.00028532857008037186,3.0,0.004396504703856751,-11.080490149496388,0.0,False
1942332421086818742,BOX,False,,25,insufficient,False,0.0061747040184790825,0.0010331645551916095,0.0,0.00419474496533706,0.00028532857008037186,3.0,0.004396504703856751,-11.080490149496388,0.0,False
1942258834376130988,BOX,False,,33,partial,True,0.00047084649158835035,0.0006208845924937212,2.0,,,,,,,False
1942067809200275541,BOX,False,,45,partial,True,0.015027308905950165,0.00121455194031657,0.0,0.00419474496533706,0.00028532857008037186,3.0,0.004396504703856751,-10.444776084571636,0.0,False
1941971854886916241,BOX,False,,45,partial,True,0.015027308905950165,0.00121455194031657,0.0,0.00419474496533706,0.00028532857008037186,3.0,0.004396504703856751,-10.444776084571636,0.0,False
1941892310075117580,BOX,False,,45,partial,True,0.015027308905950165,0.00121455194031657,0.0,0.00419474496533706,0.00028532857008037186,3.0,0.004396504703856751,-10.444776084571636,0.0,False
1941662312223605081,BOX,False,,45,partial,True,0.015027308905950165,0.00121455194031657,0.0,0.00419474496533706,0.00028532857008037186,3.0,0.004396504703856751,-10.444776084571636,0.0,False
1941534707700859335,BOX,False,,45,partial,True,0.015027308905950165,0.00121455194031657,0.0,0.00419474496533706,0.00028532857008037186,3.0,0.004396504703856751,-10.444776084571636,0.0,False
1941203632437030929,BOX,False,,45,partial,True,0.015027308905950165,0.00121455194031657,0.0,0.00419474496533706,0.00028532857008037186,3.0,0.004396504703856751,-10.444776084571636,0.0,False
1941165369101812213,BOX,False,,45,partial,True,0.015027308905950165,0.00121455194031657,0.0,0.00419474496533706,0.00028532857008037186,3.0,0.004396504703856751,-10.444776084571636,0.0,False
1940925836015845764,BOX,False,,45,partial,True,0.015027308905950165,0.00121455194031657,0.0,0.00419474496533706,0.00028532857008037186,3.0,0.004396504703856751,-10.444776084571636,0.0,False
1940878650695733432,BOX,False,,45,partial,True,0.015027308905950165,0.00121455194031657,0.0,0.00419474496533706,0.00028532857008037186,3.0,0.004396504703856751,-10.444776084571636,0.0,False
1940604306245472700,BOX,True,"jobs_report(ALL, 2025-07-03 12:30:00+00:00->2025-07-03 20:00:00+00:00)",42,partial,False,1.0873447218839871e-05,0.0015841318601078223,0.0,0.00419474496533706,0.00028532857008037186,3.0,0.004396504703856751,-9.149497733416164,0.0,False
1940554062619201874,BOX,True,"jobs_report(ALL, 2025-07-03 12:30:00+00:00->2025-07-03 20:00:00+00:00)",42,partial,False,1.0873447218839871e-05,0.0015841318601078223,0.0,0.00419474496533706,0.00028532857008037186,3.0,0.004396504703856751,-9.149497733416164,0.0,False
1940470102811648111,BOX,False,,32,partial,True,0.0021455204953229057,0.0003820794348666154,4.0,0.0006705297706363384,0.0,1.0,0.0006705297706363384,,0.0,False
1940277368167518249,BOX,False,,32,partial,True,-0.00937554356352499,0.0014442146969948302,0.0,0.00419474496533706,0.00028532857008037186,3.0,0.004396504703856751,-9.639869808927495,0.0,False
1940220908402061767,BOX,False,,32,partial,True,-0.00937554356352499,0.0014442146969948302,0.0,0.00419474496533706,0.00028532857008037186,3.0,0.004396504703856751,-9.639869808927495,0.0,False
1940106578709094717,BOX,False,,23,insufficient,False,-0.0010276291373544355,0.0006480569103179964,4.0,0.0006705297706363384,0.0,1.0,0.0006705297706363384,,0.0,False
1939809966669668639,BOX,False,,34,partial,True,-0.01143287239432933,0.0010088401698672576,0.0,0.00419474496533706,0.00028532857008037186,3.0,0.004396504703856751,-11.165740586624013,0.0,False
1939774275701055719,BOX,False,,5,insufficient,False,0.00326088523414636,0.0005578363380112494,6.0,,,,,,,False
1939458849700024500,BOX,False,,27,insufficient,False,0.0003815044977986126,0.0011194221962221697,0.0,0.00419474496533706,0.00028532857008037186,3.0,0.004396504703856751,-10.778180286147396,0.0,False
1938771411142586593,BOX,False,,27,insufficient,False,0.0003815044977986126,0.0011194221962221697,0.0,0.00419474496533706,0.00028532857008037186,3.0,0.004396504703856751,-10.778180286147396,0.0,False
1938647740554092586,BOX,False,,21,insufficient,False,-0.0021684951364704386,0.000752352777902656,3.0,,,,,,,False
1938294131731886271,BOX,False,,17,insufficient,False,-0.0005996649800189546,0.00040373028949889777,4.0,0.0006705297706363384,0.0,1.0,0.0006705297706363384,,0.0,False
1938093614711607466,BOX,False,,38,partial,True,-0.014647271877720303,0.0013029556077215787,0.0,0.00419474496533706,0.00028532857008037186,3.0,0.004396504703856751,-10.134944975194447,0.0,False
1937906900211003753,BOX,False,,11,insufficient,False,-0.004764496469317647,0.0011551347389078595,2.0,,,,,,,False
1937728424975696041,BOX,False,,24,insufficient,False,0.004577258544186336,0.0009625758353145459,0.0,0.00419474496533706,0.00028532857008037186,3.0,0.004396504703856751,-11.327884652812967,0.0,False
1937688942985511318,BOX,False,,24,insufficient,False,0.004577258544186336,0.0009625758353145459,0.0,0.00419474496533706,0.00028532857008037186,3.0,0.004396504703856751,-11.327884652812967,0.0,False
1937557450078695654,BOX,False,,12,insufficient,False,0.0008370734945977176,0.0006391829564673961,3.0,,,,,,,False
1937331467614589190,BOX,False,,38,partial,True,-0.004058891784582075,0.001302177681368182,0.0,0.00419474496533706,0.00028532857008037186,3.0,0.004396504703856751,-10.137671398115142,0.0,False
1936866200367280568,BOX,False,,35,partial,True,-0.010410371238878002,0.0012993220522811925,0.0,0.00419474496533706,0.00028532857008037186,3.0,0.004396504703856751,-10.147679611054299,0.0,False
1936519514205946288,BOX,False,,35,partial,True,-0.010410371238878002,0.0012993220522811925,0.0,0.00419474496533706,0.00028532857008037186,3.0,0.004396504703856751,-10.147679611054299,0.0,False
1936261663420039646,BOX,False,,35,partial,True,-0.010410371238878002,0.0012993220522811925,0.0,0.00419474496533706,0.00028532857008037186,3.0,0.004396504703856751,-10.147679611054299,0.0,False
1936085970128101679,BOX,False,,39,partial,True,0.0006946401063753216,0.000652145839418527,2.0,,,,,,,False
1935898443794583950,BOX,False,,51,partial,True,-0.009915961086099156,0.0017157869262214268,0.0,0.00419474496533706,0.00028532857008037186,3.0,0.004396504703856751,-8.688082088720929,0.0,False
1935872789254435213,BOX,False,,51,partial,True,-0.009915961086099156,0.0017157869262214268,0.0,0.00419474496533706,0.00028532857008037186,3.0,0.004396504703856751,-8.688082088720929,0.0,False
1935733578324996227,BOX,False,,51,partial,True,-0.009915961086099156,0.0017157869262214268,0.0,0.00419474496533706,0.00028532857008037186,3.0,0.004396504703856751,-8.688082088720929,0.0,False
1935544417634631719,BOX,False,,51,partial,True,-0.009915961086099156,0.0017157869262214268,0.0,0.00419474496533706,0.00028532857008037186,3.0,0.004396504703856751,-8.688082088720929,0.0,False
1935151559270351077,BOX,False,,27,insufficient,False,-0.011789346117180965,0.0012483908618722817,0.0,0.00419474496533706,0.00028532857008037186,3.0,0.004396504703856751,-10.326179753520105,0.0,False
1934840940478517594,BOX,False,,36,partial,True,0.004270894213474596,0.0008476148429283606,0.0,0.00419474496533706,0.00028532857008037186,3.0,0.004396504703856751,-11.730792053056144,0.0,False
1934389321248989568,BOX,False,,38,partial,True,-0.016404735721955332,0.0010767257485429127,0.0,0.00419474496533706,0.00028532857008037186,3.0,0.004396504703856751,-10.927819867165274,0.0,False
1934059421833089444,BOX,False,,38,partial,True,-0.016404735721955332,0.0010767257485429127,0.0,0.00419474496533706,0.00028532857008037186,3.0,0.004396504703856751,-10.927819867165274,0.0,False
1933690879640023556,BOX,False,,38,partial,True,-0.016404735721955332,0.0010767257485429127,0.0,0.00419474496533706,0.00028532857008037186,3.0,0.004396504703856751,-10.927819867165274,0.0,False
1933386098149110065,BOX,False,,29,partial,True,0.003204369858498146,0.0011593091416813306,0.0,0.00419474496533706,0.00028532857008037186,3.0,0.004396504703856751,-10.63838725578971,0.0,False
1933012259892310243,BOX,False,,33,partial,True,-0.00423615816511147,0.0011227074883386346,0.0,0.00419474496533706,0.00028532857008037186,3.0,0.004396504703856751,-10.766666219695727,0.0,False
1932617875358896598,BOX,True,"cpi(ALL, 2025-06-11 12:30:00+00:00->2025-06-11 20:00:00+00:00)",31,partial,False,-0.009265400509382626,0.0013950502705113994,0.0,0.00419474496533706,0.00028532857008037186,3.0,0.004396504703856751,-9.812177918380334,0.0,False
1932597370044494227,BOX,True,"cpi(ALL, 2025-06-11 12:30:00+00:00->2025-06-11 20:00:00+00:00)",31,partial,False,-0.009265400509382626,0.0013950502705113994,0.0,0.00419474496533706,0.00028532857008037186,3.0,0.004396504703856751,-9.812177918380334,0.0,False
1932515395497234434,BOX,False,,44,partial,True,-0.004287475668697693,0.0005281027049350845,5.0,0.001156084544584349,0.0002470170345756928,55.0,0.0015310284194640484,-2.5422612684504293,0.0,False
1932264269854220308,BOX,False,,28,partial,True,-0.009014135594821893,0.0012903452177005612,0.0,0.00419474496533706,0.00028532857008037186,3.0,0.004396504703856751,-10.17914100511695,0.0,False
1932244367819018742,BOX,False,,28,partial,True,-0.009014135594821893,0.0012903452177005612,0.0,0.00419474496533706,0.00028532857008037186,3.0,0.004396504703856751,-10.17914100511695,0.0,False
1931914258528477687,BOX,False,,24,insufficient,False,-0.007101973303540787,0.001014335101427829,0.0,0.00419474496533706,0.00028532857008037186,3.0,0.004396504703856751,-11.146482327421216,0.0,False
1931788373393612969,BOX,False,,24,insufficient,False,-0.007101973303540787,0.001014335101427829,0.0,0.00419474496533706,0.00028532857008037186,3.0,0.004396504703856751,-11.146482327421216,0.0,False
1931389329429127275,BOX,False,,24,insufficient,False,-0.007101973303540787,0.001014335101427829,0.0,0.00419474496533706,0.00028532857008037186,3.0,0.004396504703856751,-11.146482327421216,0.0,False
1931206440175472978,BOX,False,,24,insufficient,False,-0.007101973303540787,0.001014335101427829,0.0,0.00419474496533706,0.00028532857008037186,3.0,0.004396504703856751,-11.146482327421216,0.0,False
1931079784869802470,BOX,False,,24,insufficient,False,-0.007101973303540787,0.001014335101427829,0.0,0.00419474496533706,0.00028532857008037186,3.0,0.004396504703856751,-11.146482327421216,0.0,False
1930830928919846967,BOX,True,"jobs_report(ALL, 2025-06-06 12:30:00+00:00->2025-06-06 20:00:00+00:00)",31,partial,False,-0.027290104826210082,0.0020143943915503205,0.0,0.00419474496533706,0.00028532857008037186,3.0,0.004396504703856751,-7.641543127533896,0.0,False
1930821898335826254,BOX,True,"jobs_report(ALL, 2025-06-06 12:30:00+00:00->2025-06-06 20:00:00+00:00)",31,partial,False,-0.027290104826210082,0.0020143943915503205,0.0,0.00419474496533706,0.00028532857008037186,3.0,0.004396504703856751,-7.641543127533896,0.0,False
1930400246674403464,BOX,False,,39,partial,True,-0.0016441787436214383,0.0010158129982206872,0.0,0.00419474496533706,0.00028532857008037186,3.0,0.004396504703856751,-11.141302696119514,0.0,False
1930355235505238264,BOX,False,,39,partial,True,-0.0016441787436214383,0.0010158129982206872,0.0,0.00419474496533706,0.00028532857008037186,3.0,0.004396504703856751,-11.141302696119514,0.0,False
1930120330846081514,BOX,False,,34,partial,True,-0.0011160910707361804,0.0013057381941039108,0.0,0.00419474496533706,0.00028532857008037186,3.0,0.004396504703856751,-10.12519275731613,0.0,False
1929714923522883873,BOX,False,,38,partial,True,0.0018288659318410616,0.0010717838383281343,0.0,0.00419474496533706,0.00028532857008037186,3.0,0.004396504703856751,-10.945139935090427,0.0,False
1929705823636541489,BOX,False,,38,partial,True,0.0018288659318410616,0.0010717838383281343,0.0,0.00419474496533706,0.00028532857008037186,3.0,0.004396504703856751,-10.945139935090427,0.0,False
1929323455545041199,BOX,False,,58,partial,True,0.007303781115070573,0.0013973962696879703,0.0,0.00419474496533706,0.00028532857008037186,3.0,0.004396504703856751,-9.803955821392604,0.0,False
1928966652223230107,BOX,False,,58,partial,True,0.007303781115070573,0.0013973962696879703,0.0,0.00419474496533706,0.00028532857008037186,3.0,0.004396504703856751,-9.803955821392604,0.0,False
1928842580092928449,BOX,False,,58,partial,True,0.007303781115070573,0.0013973962696879703,0.0,0.00419474496533706,0.00028532857008037186,3.0,0.004396504703856751,-9.803955821392604,0.0,False
1928524649358364740,BOX,False,,52,partial,True,-0.004372937999324145,0.0006081609589805724,5.0,0.001156084544584349,0.0002470170345756928,55.0,0.0015310284194640484,-2.2181611342916416,0.0,False
1927940046684111335,BOX,False,,58,partial,True,-0.008570428021396403,0.0019795442100104107,0.0,0.00419474496533706,0.00028532857008037186,3.0,0.004396504703856751,-7.763683653209586,0.0,False
1927740843705942104,BOX,True,"earnings(BOX, 2025-05-27 20:00:00+00:00->2025-05-28 20:00:00+00:00)",57,partial,False,0.006923841792412344,0.0016385055966854996,1.0,0.0013670565185054764,9.769056425029918e-05,43.0,0.0014788781460496501,2.778662200010703,100.0,True
1927614666806894703,BOX,True,"earnings(BOX, 2025-05-27 20:00:00+00:00->2025-05-28 20:00:00+00:00)",60,complete,False,0.1791813867659361,0.003788306927602842,0.0,0.00419474496533706,0.00028532857008037186,3.0,0.004396504703856751,-1.4244561546000505,0.0,False
1927547141687288099,BOX,True,"earnings(BOX, 2025-05-27 20:00:00+00:00->2025-05-28 20:00:00+00:00)",60,complete,False,0.1791813867659361,0.003788306927602842,0.0,0.00419474496533706,0.00028532857008037186,3.0,0.004396504703856751,-1.4244561546000505,0.0,False
1927502700691718193,BOX,True,"earnings(BOX, 2025-05-27 20:00:00+00:00->2025-05-28 20:00:00+00:00)",60,complete,False,0.1791813867659361,0.003788306927602842,0.0,0.00419474496533706,0.00028532857008037186,3.0,0.004396504703856751,-1.4244561546000505,0.0,False
1927217835123585434,BOX,False,,33,partial,True,-0.007908846581885953,0.001324366750248102,0.0,0.00419474496533706,0.00028532857008037186,3.0,0.004396504703856751,-10.059904671587653,0.0,False
1927069695317840231,BOX,False,,33,partial,True,-0.007908846581885953,0.001324366750248102,0.0,0.00419474496533706,0.00028532857008037186,3.0,0.004396504703856751,-10.059904671587653,0.0,False
1927028752304730444,BOX,False,,33,partial,True,-0.007908846581885953,0.001324366750248102,0.0,0.00419474496533706,0.00028532857008037186,3.0,0.004396504703856751,-10.059904671587653,0.0,False
1926676115768185111,BOX,False,,33,partial,True,-0.007908846581885953,0.001324366750248102,0.0,0.00419474496533706,0.00028532857008037186,3.0,0.004396504703856751,-10.059904671587653,0.0,False
1926401273261072652,BOX,False,,33,partial,True,-0.007908846581885953,0.001324366750248102,0.0,0.00419474496533706,0.00028532857008037186,3.0,0.004396504703856751,-10.059904671587653,0.0,False
1926357276870283521,BOX,False,,33,partial,True,-0.007908846581885953,0.001324366750248102,0.0,0.00419474496533706,0.00028532857008037186,3.0,0.004396504703856751,-10.059904671587653,0.0,False
1926049497144021104,BOX,False,,33,partial,True,-0.007908846581885953,0.001324366750248102,0.0,0.00419474496533706,0.00028532857008037186,3.0,0.004396504703856751,-10.059904671587653,0.0,False
1925766270932140129,BOX,False,,26,insufficient,False,0.002255179491702508,0.0009549637608194462,0.0,0.00419474496533706,0.00028532857008037186,3.0,0.004396504703856751,-11.354562929345022,0.0,False
1925693924800082081,BOX,False,,26,insufficient,False,0.002255179491702508,0.0009549637608194462,0.0,0.00419474496533706,0.00028532857008037186,3.0,0.004396504703856751,-11.354562929345022,0.0,False
1925364028324680130,BOX,False,,17,insufficient,False,-0.0017446626728747638,0.0008027874835062212,0.0,0.00419474496533706,0.00028532857008037186,3.0,0.004396504703856751,-11.88789990737831,0.0,False
1925282282325385519,BOX,False,,17,insufficient,False,-0.0017446626728747638,0.0008027874835062212,0.0,0.00419474496533706,0.00028532857008037186,3.0,0.004396504703856751,-11.88789990737831,0.0,False
1925232544032989319,BOX,False,,28,partial,True,0.003221859326175469,0.0006886569620038796,3.0,,,,,,,False
1925014604205457748,BOX,False,,19,insufficient,False,0.005593694105765934,0.0013224271839903988,0.0,0.00419474496533706,0.00028532857008037186,3.0,0.004396504703856751,-10.066702330361034,0.0,False
1924659941769707862,BOX,False,,37,partial,True,0.010821516027857636,0.0013458270996091538,0.0,0.00419474496533706,0.00028532857008037186,3.0,0.004396504703856751,-9.9846919112426,0.0,False
1924486590006751413,BOX,False,,15,insufficient,False,-0.002622754912368075,0.0005192793264998572,1.0,0.0013670565185054764,9.769056425029918e-05,43.0,0.0014788781460496501,-8.678189122067876,0.0,False
1924264216439189795,BOX,False,,21,insufficient,False,-0.0025074871728378856,0.0011801391730698503,0.0,0.00419474496533706,0.00028532857008037186,3.0,0.004396504703856751,-10.565383590637452,0.0,False
1924161646878138605,BOX,False,,21,insufficient,False,-0.0025074871728378856,0.0011801391730698503,0.0,0.00419474496533706,0.00028532857008037186,3.0,0.004396504703856751,-10.565383590637452,0.0,False
1923891313289855247,BOX,False,,21,insufficient,False,-0.0025074871728378856,0.0011801391730698503,0.0,0.00419474496533706,0.00028532857008037186,3.0,0.004396504703856751,-10.565383590637452,0.0,False
1923764144655958064,BOX,False,,21,insufficient,False,-0.0025074871728378856,0.0011801391730698503,0.0,0.00419474496533706,0.00028532857008037186,3.0,0.004396504703856751,-10.565383590637452,0.0,False
1923597311118287117,BOX,False,,21,insufficient,False,-0.0025074871728378856,0.0011801391730698503,0.0,0.00419474496533706,0.00028532857008037186,3.0,0.004396504703856751,-10.565383590637452,0.0,False
1923526875244265578,BOX,False,,21,insufficient,False,-0.0025074871728378856,0.0011801391730698503,0.0,0.00419474496533706,0.00028532857008037186,3.0,0.004396504703856751,-10.565383590637452,0.0,False
1923214187733581898,BOX,False,,32,partial,True,-0.00473388528268226,0.001330893260819666,0.0,0.00419474496533706,0.00028532857008037186,3.0,0.004396504703856751,-10.037031005029391,0.0,False
1923104047306859006,BOX,False,,8,insufficient,False,-0.0006087884019156942,0.0009095259192870059,6.0,,,,,,,False
1923051243552768178,BOX,False,,33,partial,True,0.002311414973739767,0.0005424020820654108,2.0,,,,,,,False
1922846144436240547,BOX,False,,23,insufficient,False,0.00827727592394123,0.0010405082263318004,0.0,0.00419474496533706,0.00028532857008037186,3.0,0.004396504703856751,-11.054752554631204,0.0,False
1922665725917028794,BOX,False,,9,insufficient,False,-0.006857514480530735,0.0011024709709543973,1.0,0.0013670565185054764,9.769056425029918e-05,43.0,0.0014788781460496501,-2.7084043334335512,0.0,False
1922445108143653288,BOX,False,,22,insufficient,False,-0.0010462869975965683,0.0019941208478471157,0.0,0.00419474496533706,0.00028532857008037186,3.0,0.004396504703856751,-7.712596452819527,0.0,False
1922318628579368984,BOX,True,"cpi(ALL, 2025-05-13 12:30:00+00:00->2025-05-13 20:00:00+00:00)",26,insufficient,False,-0.001678330975643072,0.0003265590577028367,2.0,,,,,,,False
1922066095344595222,BOX,True,"cpi(ALL, 2025-05-13 12:30:00+00:00->2025-05-13 20:00:00+00:00)",22,insufficient,False,-0.0031426867055561747,0.000791705258879785,0.0,0.00419474496533706,0.00028532857008037186,3.0,0.004396504703856751,-11.926740128052023,0.0,False
1921783416653271270,BOX,False,,38,partial,True,-0.012108729589469958,0.0015062470823291182,0.0,0.00419474496533706,0.00028532857008037186,3.0,0.004396504703856751,-9.422462959985538,0.0,False
1921060440248852911,BOX,False,,38,partial,True,-0.012108729589469958,0.0015062470823291182,0.0,0.00419474496533706,0.00028532857008037186,3.0,0.004396504703856751,-9.422462959985538,0.0,False
1920150374402679220,BOX,False,,20,insufficient,False,-0.000935390115986312,0.0006694342008696116,2.0,,,,,,,False
1919836301995737225,BOX,False,,20,insufficient,False,0.0021898745819730614,0.0006531141273362287,5.0,0.001156084544584349,0.0002470170345756928,55.0,0.0015310284194640484,-2.0361770519676297,0.0,False
1919573650547622130,BOX,False,,31,partial,True,0.0015514584815911059,0.0011197694753532388,0.0,0.00419474496533706,0.00028532857008037186,3.0,0.004396504703856751,-10.776963166070807,0.0,False
1919239614562172962,BOX,False,,18,insufficient,False,0.006211973968783813,0.0015660164150751261,0.0,0.00419474496533706,0.00028532857008037186,3.0,0.004396504703856751,-9.212987502518478,0.0,False
1919051785114919287,BOX,False,,18,insufficient,False,0.006211973968783813,0.0015660164150751261,0.0,0.00419474496533706,0.00028532857008037186,3.0,0.004396504703856751,-9.212987502518478,0.0,False
1918812279182913572,BOX,False,,18,insufficient,False,0.006211973968783813,0.0015660164150751261,0.0,0.00419474496533706,0.00028532857008037186,3.0,0.004396504703856751,-9.212987502518478,0.0,False
1918519582261657909,BOX,False,,18,insufficient,False,0.006211973968783813,0.0015660164150751261,0.0,0.00419474496533706,0.00028532857008037186,3.0,0.004396504703856751,-9.212987502518478,0.0,False
1918512966884049076,BOX,False,,18,insufficient,False,0.006211973968783813,0.0015660164150751261,0.0,0.00419474496533706,0.00028532857008037186,3.0,0.004396504703856751,-9.212987502518478,0.0,False
1917970814441607623,BOX,False,,24,insufficient,False,0.0008434650752328077,0.0006315597832961674,2.0,,,,,,,False
1917425486244073614,BOX,False,,42,partial,True,0.007263705642217344,0.0010849569204629962,0.0,0.00419474496533706,0.00028532857008037186,3.0,0.004396504703856751,-10.898971820445785,0.0,False
1917337015949091298,BOX,False,,42,partial,True,0.007263705642217344,0.0010849569204629962,0.0,0.00419474496533706,0.00028532857008037186,3.0,0.004396504703856751,-10.898971820445785,0.0,False
1917036667787218992,BOX,False,,27,insufficient,False,0.012714427808368067,0.0010790974423850884,0.0,0.00419474496533706,0.00028532857008037186,3.0,0.004396504703856751,-10.919507717276087,0.0,False
1916641632193253383,BOX,False,,28,partial,True,0.0022056079311542076,0.0016350800786699758,0.0,0.00419474496533706,0.00028532857008037186,3.0,0.004396504703856751,-8.970937911846939,0.0,False
1915979893101498538,BOX,False,,28,partial,True,0.0022056079311542076,0.0016350800786699758,0.0,0.00419474496533706,0.00028532857008037186,3.0,0.004396504703856751,-8.970937911846939,0.0,False
1915802258585038889,BOX,False,,17,insufficient,False,0.0005440132820027088,0.0007445689338108226,2.0,,,,,,,False
1915617570318934436,BOX,False,,10,insufficient,False,-0.0015571449469196086,0.002287178508315703,0.0,0.00419474496533706,0.00028532857008037186,3.0,0.004396504703856751,-6.685508067012112,0.0,False
1915219359972184333,BOX,False,,19,insufficient,False,0.005063152389762182,0.0023533189052713983,0.0,0.00419474496533706,0.00028532857008037186,3.0,0.004396504703856751,-6.4537037407328866,0.0,False
1914797895393370161,BOX,False,,52,partial,True,-0.004334252986996523,0.0020286259898767423,0.0,0.00419474496533706,0.00028532857008037186,3.0,0.004396504703856751,-7.591665197951124,0.0,False
1914460738422497468,BOX,False,,21,insufficient,False,-0.00590329393835165,0.00145515924829833,0.0,0.00419474496533706,0.00028532857008037186,3.0,0.004396504703856751,-9.601512096272161,0.0,False
1914054995273761063,BOX,False,,27,insufficient,False,0.0050783532184511815,0.0013705896695353668,0.0,0.00419474496533706,0.00028532857008037186,3.0,0.004396504703856751,-9.897905754780112,0.0,False
1914017555649581510,BOX,False,,27,insufficient,False,0.0050783532184511815,0.0013705896695353668,0.0,0.00419474496533706,0.00028532857008037186,3.0,0.004396504703856751,-9.897905754780112,0.0,False
1913715060356350242,BOX,False,,27,insufficient,False,0.0050783532184511815,0.0013705896695353668,0.0,0.00419474496533706,0.00028532857008037186,3.0,0.004396504703856751,-9.897905754780112,0.0,False
1913631341163483441,BOX,False,,27,insufficient,False,0.0050783532184511815,0.0013705896695353668,0.0,0.00419474496533706,0.00028532857008037186,3.0,0.004396504703856751,-9.897905754780112,0.0,False
1913610656097645003,BOX,False,,27,insufficient,False,0.0050783532184511815,0.0013705896695353668,0.0,0.00419474496533706,0.00028532857008037186,3.0,0.004396504703856751,-9.897905754780112,0.0,False
1913446249489117205,BOX,False,,27,insufficient,False,0.0050783532184511815,0.0013705896695353668,0.0,0.00419474496533706,0.00028532857008037186,3.0,0.004396504703856751,-9.897905754780112,0.0,False
1913384293973516627,BOX,False,,27,insufficient,False,0.0050783532184511815,0.0013705896695353668,0.0,0.00419474496533706,0.00028532857008037186,3.0,0.004396504703856751,-9.897905754780112,0.0,False
1913339312093241680,BOX,False,,27,insufficient,False,0.0050783532184511815,0.0013705896695353668,0.0,0.00419474496533706,0.00028532857008037186,3.0,0.004396504703856751,-9.897905754780112,0.0,False
1913080949283438744,BOX,False,,27,insufficient,False,0.0050783532184511815,0.0013705896695353668,0.0,0.00419474496533706,0.00028532857008037186,3.0,0.004396504703856751,-9.897905754780112,0.0,False
1912928672581038290,BOX,False,,12,insufficient,False,0.0007557908842434902,0.0008532771173827425,4.0,0.0006705297706363384,0.0,1.0,0.0006705297706363384,,100.0,True
1912732082910220464,BOX,False,,16,insufficient,False,-0.006678389920750649,0.0013866644864242452,0.0,0.00419474496533706,0.00028532857008037186,3.0,0.004396504703856751,-9.841567839217186,0.0,False
1912723392962465870,BOX,False,,16,insufficient,False,-0.006678389920750649,0.0013866644864242452,0.0,0.00419474496533706,0.00028532857008037186,3.0,0.004396504703856751,-9.841567839217186,0.0,False
1912324567575720289,BOX,False,,20,insufficient,False,0.01373090625140383,0.0013463509803047153,0.0,0.00419474496533706,0.00028532857008037186,3.0,0.004396504703856751,-9.98285585011695,0.0,False
1911940996436574554,BOX,False,,20,insufficient,False,-0.003732659454052545,0.002775747689373493,0.0,0.00419474496533706,0.00028532857008037186,3.0,0.004396504703856751,-4.973204315165008,0.0,False
1911841223360524487,BOX,False,,26,insufficient,False,-0.0014022608573756035,0.0010096205396932412,4.0,0.0006705297706363384,0.0,1.0,0.0006705297706363384,,100.0,True
1911833204476268571,BOX,False,,28,partial,True,0.0003910557646427115,0.0010092397476953886,3.0,,,,,,,False
1911468726140174634,BOX,False,,35,partial,True,-0.010899747782141533,0.002539274205268159,0.0,0.00419474496533706,0.00028532857008037186,3.0,0.004396504703856751,-5.801980361106442,0.0,False
1911197897091326369,BOX,False,,35,partial,True,-0.010899747782141533,0.002539274205268159,0.0,0.00419474496533706,0.00028532857008037186,3.0,0.004396504703856751,-5.801980361106442,0.0,False
1911060015105860058,BOX,False,,35,partial,True,-0.010899747782141533,0.002539274205268159,0.0,0.00419474496533706,0.00028532857008037186,3.0,0.004396504703856751,-5.801980361106442,0.0,False
1910816866538258839,BOX,False,,35,partial,True,-0.010899747782141533,0.002539274205268159,0.0,0.00419474496533706,0.00028532857008037186,3.0,0.004396504703856751,-5.801980361106442,0.0,False
1910528673515446683,BOX,False,,40,partial,True,-0.008187770725688992,0.0034169328773521294,0.0,0.00419474496533706,0.00028532857008037186,3.0,0.004396504703856751,-2.726022451119545,0.0,False
1910412772292391343,BOX,True,"cpi(ALL, 2025-04-10 12:30:00+00:00->2025-04-10 20:00:00+00:00)",27,insufficient,False,0.0026338442585588373,0.002044616038540944,5.0,0.001156084544584349,0.0002470170345756928,55.0,0.0015310284194640484,3.597045424348354,100.0,True
1910369279230230784,BOX,True,"cpi(ALL, 2025-04-10 12:30:00+00:00->2025-04-10 20:00:00+00:00)",42,partial,False,0.002908914597945733,0.002031294147112875,3.0,,,,,,,False
1910094037710701015,BOX,True,"cpi(ALL, 2025-04-10 12:30:00+00:00->2025-04-10 20:00:00+00:00)",41,partial,False,0.006808418599316246,0.0023966594102770933,0.0,0.00419474496533706,0.00028532857008037186,3.0,0.004396504703856751,-6.301806911777108,0.0,False
1910015229141958998,BOX,False,,50,partial,True,-0.0006271469152772102,0.004386829380124407,3.0,,,,,,,False
1909942364874960913,BOX,False,,25,insufficient,False,-0.009219536538437434,0.003266082144200635,0.0,0.00419474496533706,0.00028532857008037186,3.0,0.004396504703856751,-3.254713752901917,0.0,False
1909809962043289828,BOX,False,,25,insufficient,False,-0.009219536538437434,0.003266082144200635,0.0,0.00419474496533706,0.00028532857008037186,3.0,0.004396504703856751,-3.254713752901917,0.0,False
1909731284621943192,BOX,False,,25,insufficient,False,-0.009219536538437434,0.003266082144200635,0.0,0.00419474496533706,0.00028532857008037186,3.0,0.004396504703856751,-3.254713752901917,0.0,False
1909699070169395584,BOX,False,,25,insufficient,False,-0.009219536538437434,0.003266082144200635,0.0,0.00419474496533706,0.00028532857008037186,3.0,0.004396504703856751,-3.254713752901917,0.0,False
1909459534235812088,BOX,False,,41,partial,True,-0.013397066055370388,0.0019289996030434624,0.0,0.00419474496533706,0.00028532857008037186,3.0,0.004396504703856751,-7.940828924546106,0.0,False
1909242876153700395,BOX,False,,42,partial,True,-0.026893177439323512,0.005503278861320428,0.0,0.00419474496533706,0.00028532857008037186,3.0,0.004396504703856751,4.586059838363813,100.0,True
1909229326240727326,BOX,False,,49,partial,True,-0.014364372802206149,0.004909606348554147,0.0,0.00419474496533706,0.00028532857008037186,3.0,0.004396504703856751,2.505397139219966,100.0,True
1909031237911507445,BOX,False,,49,partial,True,-0.014364372802206149,0.004909606348554147,0.0,0.00419474496533706,0.00028532857008037186,3.0,0.004396504703856751,2.505397139219966,100.0,True
1908995793328955659,BOX,False,,49,partial,True,-0.014364372802206149,0.004909606348554147,0.0,0.00419474496533706,0.00028532857008037186,3.0,0.004396504703856751,2.505397139219966,100.0,True
1908878922839638089,BOX,False,,49,partial,True,-0.014364372802206149,0.004909606348554147,0.0,0.00419474496533706,0.00028532857008037186,3.0,0.004396504703856751,2.505397139219966,100.0,True
1908624434984018340,BOX,False,,49,partial,True,-0.014364372802206149,0.004909606348554147,0.0,0.00419474496533706,0.00028532857008037186,3.0,0.004396504703856751,2.505397139219966,100.0,True
1908592499393998952,BOX,False,,49,partial,True,-0.014364372802206149,0.004909606348554147,0.0,0.00419474496533706,0.00028532857008037186,3.0,0.004396504703856751,2.505397139219966,100.0,True
1908572050261995522,BOX,False,,49,partial,True,-0.014364372802206149,0.004909606348554147,0.0,0.00419474496533706,0.00028532857008037186,3.0,0.004396504703856751,2.505397139219966,100.0,True
1908548840162283907,BOX,False,,49,partial,True,-0.014364372802206149,0.004909606348554147,0.0,0.00419474496533706,0.00028532857008037186,3.0,0.004396504703856751,2.505397139219966,100.0,True
1908521866358337954,BOX,False,,49,partial,True,-0.014364372802206149,0.004909606348554147,0.0,0.00419474496533706,0.00028532857008037186,3.0,0.004396504703856751,2.505397139219966,100.0,True
1908367300408881223,BOX,False,,49,partial,True,-0.014364372802206149,0.004909606348554147,0.0,0.00419474496533706,0.00028532857008037186,3.0,0.004396504703856751,2.505397139219966,100.0,True
1908138670202511767,BOX,True,"jobs_report(ALL, 2025-04-04 12:30:00+00:00->2025-04-04 20:00:00+00:00)",43,partial,False,0.014001637950270429,0.002053208589388534,0.0,0.00419474496533706,0.00028532857008037186,3.0,0.004396504703856751,-7.505509789451837,0.0,False
1908018205572125052,BOX,True,"jobs_report(ALL, 2025-04-04 12:30:00+00:00->2025-04-04 20:00:00+00:00)",43,partial,False,0.014001637950270429,0.002053208589388534,0.0,0.00419474496533706,0.00028532857008037186,3.0,0.004396504703856751,-7.505509789451837,0.0,False
1907986781418688749,BOX,True,"jobs_report(ALL, 2025-04-04 12:30:00+00:00->2025-04-04 20:00:00+00:00)",43,partial,False,0.014001637950270429,0.002053208589388534,0.0,0.00419474496533706,0.00028532857008037186,3.0,0.004396504703856751,-7.505509789451837,0.0,False
1907503704913359245,BOX,False,,29,partial,True,-0.0024013993516031062,0.0006214394868790886,5.0,0.001156084544584349,0.0002470170345756928,55.0,0.0015310284194640484,-2.1644056193275625,0.0,False
1907468011013025899,BOX,False,,33,partial,True,0.006099349775804841,0.0005149219090861064,2.0,,,,,,,False
1907270355124703698,BOX,False,,26,insufficient,False,-0.008500439747608501,0.0018716266069347123,0.0,0.00419474496533706,0.00028532857008037186,3.0,0.004396504703856751,-8.141905865746173,0.0,False
1907213443087863895,BOX,False,,26,insufficient,False,-0.008500439747608501,0.0018716266069347123,0.0,0.00419474496533706,0.00028532857008037186,3.0,0.004396504703856751,-8.141905865746173,0.0,False
1907100503437378006,BOX,False,,31,partial,True,-0.003167001936388081,0.0005990360637585713,2.0,,,,,,,False
1906917074305474831,BOX,False,,34,partial,True,0.005451751039553532,0.0013956991001653509,0.0,0.00419474496533706,0.00028532857008037186,3.0,0.004396504703856751,-9.809903944716327,0.0,False
1906828000638927015,BOX,False,,34,partial,True,0.005451751039553532,0.0013956991001653509,0.0,0.00419474496533706,0.00028532857008037186,3.0,0.004396504703856751,-9.809903944716327,0.0,False
1906810008349896742,BOX,False,,34,partial,True,0.005451751039553532,0.0013956991001653509,0.0,0.00419474496533706,0.00028532857008037186,3.0,0.004396504703856751,-9.809903944716327,0.0,False
1906534143057687035,BOX,False,,34,partial,True,-0.002836080097317395,0.0012491799252525397,0.0,0.00419474496533706,0.00028532857008037186,3.0,0.004396504703856751,-10.323414298311619,0.0,False
1906418414622797826,BOX,False,,34,partial,True,-0.002836080097317395,0.0012491799252525397,0.0,0.00419474496533706,0.00028532857008037186,3.0,0.004396504703856751,-10.323414298311619,0.0,False
1906151582032654447,BOX,False,,34,partial,True,-0.002836080097317395,0.0012491799252525397,0.0,0.00419474496533706,0.00028532857008037186,3.0,0.004396504703856751,-10.323414298311619,0.0,False
1906011398188224919,BOX,False,,34,partial,True,-0.002836080097317395,0.0012491799252525397,0.0,0.00419474496533706,0.00028532857008037186,3.0,0.004396504703856751,-10.323414298311619,0.0,False
1905632579438739650,BOX,False,,34,partial,True,-0.001497163294916115,0.0008689374205316504,1.0,0.0013670565185054764,9.769056425029918e-05,43.0,0.0014788781460496501,-5.098947905527124,0.0,False
1905450769891135857,BOX,False,,40,partial,True,0.0038441298860112383,0.0019512888748608789,0.0,0.00419474496533706,0.00028532857008037186,3.0,0.004396504703856751,-7.8627110136368055,0.0,False
1905102845537640557,BOX,False,,34,partial,True,0.00599868175619811,0.001367745851230187,0.0,0.00419474496533706,0.00028532857008037186,3.0,0.004396504703856751,-9.907872574101354,0.0,False
1905091603431145695,BOX,False,,34,partial,True,0.00599868175619811,0.001367745851230187,0.0,0.00419474496533706,0.00028532857008037186,3.0,0.004396504703856751,-9.907872574101354,0.0,False
1905050908083339398,BOX,False,,34,partial,True,0.00599868175619811,0.001367745851230187,0.0,0.00419474496533706,0.00028532857008037186,3.0,0.004396504703856751,-9.907872574101354,0.0,False
1905037721414013097,BOX,False,,34,partial,True,0.00599868175619811,0.001367745851230187,0.0,0.00419474496533706,0.00028532857008037186,3.0,0.004396504703856751,-9.907872574101354,0.0,False
1904714535035875718,BOX,False,,42,partial,True,-0.002057611211328636,0.0011342683272444966,0.0,0.00419474496533706,0.00028532857008037186,3.0,0.004396504703856751,-10.726148584526543,0.0,False
1904672062695973301,BOX,False,,42,partial,True,-0.002057611211328636,0.0011342683272444966,0.0,0.00419474496533706,0.00028532857008037186,3.0,0.004396504703856751,-10.726148584526543,0.0,False
1904574306878964025,BOX,False,,16,insufficient,False,-1.532670593462626e-05,0.0006495477618646404,3.0,,,,,,,False
1904560650950734064,BOX,False,,18,insufficient,False,0.0028213951892966938,0.0006158944345960026,2.0,,,,,,,False
1904373436149035048,BOX,False,,26,insufficient,False,-0.002869752899597122,0.0015286542187020694,0.0,0.00419474496533706,0.00028532857008037186,3.0,0.004396504703856751,-9.343931965467045,0.0,False
1904192431832416735,BOX,False,,25,insufficient,False,-0.00505392014416195,0.0005282395442625048,1.0,0.0013670565185054764,9.769056425029918e-05,43.0,0.0014788781460496501,-8.586468720702499,0.0,False
1903950027149738295,BOX,False,,29,partial,True,0.004546289084330413,0.0014315716313891306,0.0,0.00419474496533706,0.00028532857008037186,3.0,0.004396504703856751,-9.684180357997777,0.0,False
1903819862000247058,BOX,False,,29,partial,True,0.004546289084330413,0.0014315716313891306,0.0,0.00419474496533706,0.00028532857008037186,3.0,0.004396504703856751,-9.684180357997777,0.0,False
1903815357888184627,BOX,False,,29,partial,True,0.004546289084330413,0.0014315716313891306,0.0,0.00419474496533706,0.00028532857008037186,3.0,0.004396504703856751,-9.684180357997777,0.0,False
1903588869301481477,BOX,False,,29,partial,True,0.004546289084330413,0.0014315716313891306,0.0,0.00419474496533706,0.00028532857008037186,3.0,0.004396504703856751,-9.684180357997777,0.0,False
1903544507880411531,BOX,False,,29,partial,True,0.004546289084330413,0.0014315716313891306,0.0,0.00419474496533706,0.00028532857008037186,3.0,0.004396504703856751,-9.684180357997777,0.0,False
1903459734885372261,BOX,False,,29,partial,True,0.004546289084330413,0.0014315716313891306,0.0,0.00419474496533706,0.00028532857008037186,3.0,0.004396504703856751,-9.684180357997777,0.0,False
1903314884525428772,BOX,False,,29,partial,True,0.004546289084330413,0.0014315716313891306,0.0,0.00419474496533706,0.00028532857008037186,3.0,0.004396504703856751,-9.684180357997777,0.0,False
1902883005959680383,BOX,False,,34,partial,True,0.011643810894392814,0.0018222139950459918,0.0,0.00419474496533706,0.00028532857008037186,3.0,0.004396504703856751,-8.315083798382927,0.0,False
1902817611588501964,BOX,False,,34,partial,True,0.011643810894392814,0.0018222139950459918,0.0,0.00419474496533706,0.00028532857008037186,3.0,0.004396504703856751,-8.315083798382927,0.0,False
1902499895547687077,BOX,False,,19,insufficient,False,-0.01258467426723453,0.0020840053685983683,0.0,0.00419474496533706,0.00028532857008037186,3.0,0.004396504703856751,-7.3975753502151385,0.0,False
1902457371768566226,BOX,False,,19,insufficient,False,-0.01258467426723453,0.0020840053685983683,0.0,0.00419474496533706,0.00028532857008037186,3.0,0.004396504703856751,-7.3975753502151385,0.0,False
1902398384360558940,BOX,False,,23,insufficient,False,-0.001290594523597477,0.0007922594287824722,3.0,,,,,,,False
1902112777512128631,BOX,False,,34,partial,True,-0.0055868996655377146,0.0009954241851904667,0.0,0.00419474496533706,0.00028532857008037186,3.0,0.004396504703856751,-11.212760009435447,0.0,False
1901833521146286367,BOX,False,,29,partial,True,-0.0001561073983388228,0.0012330981027331672,0.0,0.00419474496533706,0.00028532857008037186,3.0,0.004396504703856751,-10.379776766727744,0.0,False
1901803318051262623,BOX,False,,29,partial,True,-0.0001561073983388228,0.0012330981027331672,0.0,0.00419474496533706,0.00028532857008037186,3.0,0.004396504703856751,-10.379776766727744,0.0,False
1901374781800505688,BOX,False,,33,partial,True,-0.0011251792808557592,0.0013006243376580268,0.0,0.00419474496533706,0.00028532857008037186,3.0,0.004396504703856751,-10.143115450597225,0.0,False
1901305619581460690,BOX,False,,33,partial,True,-0.0011251792808557592,0.0013006243376580268,0.0,0.00419474496533706,0.00028532857008037186,3.0,0.004396504703856751,-10.143115450597225,0.0,False
1901022128604147878,BOX,False,,33,partial,True,-0.0011251792808557592,0.0013006243376580268,0.0,0.00419474496533706,0.00028532857008037186,3.0,0.004396504703856751,-10.143115450597225,0.0,False
1900923776851996706,BOX,False,,33,partial,True,-0.0011251792808557592,0.0013006243376580268,0.0,0.00419474496533706,0.00028532857008037186,3.0,0.004396504703856751,-10.143115450597225,0.0,False
1900638059903021069,BOX,False,,33,partial,True,-0.0011251792808557592,0.0013006243376580268,0.0,0.00419474496533706,0.00028532857008037186,3.0,0.004396504703856751,-10.143115450597225,0.0,False
1900360028189843677,BOX,False,,36,partial,True,-0.0004883731998257534,0.0016004615401112856,0.0,0.00419474496533706,0.00028532857008037186,3.0,0.004396504703856751,-9.092266591091848,0.0,False
1900015612795162664,BOX,False,,38,partial,True,-0.012556907195147349,0.0015970310503926435,0.0,0.00419474496533706,0.00028532857008037186,3.0,0.004396504703856751,-9.104289536139643,0.0,False
1899844667811983614,BOX,True,"cpi(ALL, 2025-03-12 12:30:00+00:00->2025-03-12 20:00:00+00:00)",31,partial,False,-0.008842282630847964,0.001101630493160363,1.0,0.0013670565185054764,9.769056425029918e-05,43.0,0.0014788781460496501,-2.7170078029752043,0.0,False
1899522600172507617,BOX,False,,34,partial,True,0.0010826340024638892,0.000760779846550884,4.0,0.0006705297706363384,0.0,1.0,0.0006705297706363384,,100.0,True
1899482127466705397,BOX,False,,31,partial,True,-0.002197974930630231,0.0011354493782998415,1.0,0.0013670565185054764,9.769056425029918e-05,43.0,0.0014788781460496501,-2.3708240604713833,0.0,False
1898904236936814900,BOX,False,,36,partial,True,0.02175354458175205,0.0015343928328518817,0.0,0.00419474496533706,0.00028532857008037186,3.0,0.004396504703856751,-9.32381966424114,0.0,False
1898822422582948204,BOX,False,,36,partial,True,0.02175354458175205,0.0015343928328518817,0.0,0.00419474496533706,0.00028532857008037186,3.0,0.004396504703856751,-9.32381966424114,0.0,False
1898595782628114819,BOX,False,,36,partial,True,0.02175354458175205,0.0015343928328518817,0.0,0.00419474496533706,0.00028532857008037186,3.0,0.004396504703856751,-9.32381966424114,0.0,False
1898527920219701559,BOX,False,,36,partial,True,0.02175354458175205,0.0015343928328518817,0.0,0.00419474496533706,0.00028532857008037186,3.0,0.004396504703856751,-9.32381966424114,0.0,False
1898185082243805382,BOX,False,,36,partial,True,0.02175354458175205,0.0015343928328518817,0.0,0.00419474496533706,0.00028532857008037186,3.0,0.004396504703856751,-9.32381966424114,0.0,False
1897891141116477708,BOX,True,"jobs_report(ALL, 2025-03-07 13:30:00+00:00->2025-03-07 21:00:00+00:00)",33,partial,False,-0.0041089242064896725,0.0012682016896120366,0.0,0.00419474496533706,0.00028532857008037186,3.0,0.004396504703856751,-10.256748123402676,0.0,False
1897542826168344795,BOX,False,,40,partial,True,0.0009051821392224157,0.0027985737781736036,0.0,0.00419474496533706,0.00028532857008037186,3.0,0.004396504703856751,-4.893205004918295,0.0,False
1897408836094582903,BOX,False,,40,partial,True,0.0009051821392224157,0.0027985737781736036,0.0,0.00419474496533706,0.00028532857008037186,3.0,0.004396504703856751,-4.893205004918295,0.0,False
1897135250737938672,BOX,True,"earnings(BOX, 2025-03-04 21:00:00+00:00->2025-03-05 21:00:00+00:00)",58,partial,False,-0.05168503587124085,0.00427335708349494,0.0,0.00419474496533706,0.00028532857008037186,3.0,0.004396504703856751,0.2755143592376223,33.33333333333333,False
1896962302425067791,BOX,False,,40,partial,True,-0.0032355173284535077,0.0012620809217217944,2.0,,,,,,,False
1896690704245772759,BOX,False,,53,partial,True,0.03256247509346211,0.0034380564501721974,0.0,0.00419474496533706,0.00028532857008037186,3.0,0.004396504703856751,-2.651990002093786,0.0,False
1896381948895043916,BOX,False,,42,partial,True,0.0053171550651481825,0.0013335467998331946,0.0,0.00419474496533706,0.00028532857008037186,3.0,0.004396504703856751,-10.027731063517116,0.0,False
1896258239018553653,BOX,False,,42,partial,True,0.0053171550651481825,0.0013335467998331946,0.0,0.00419474496533706,0.00028532857008037186,3.0,0.004396504703856751,-10.027731063517116,0.0,False
1896005470131015847,BOX,False,,42,partial,True,0.0053171550651481825,0.0013335467998331946,0.0,0.00419474496533706,0.00028532857008037186,3.0,0.004396504703856751,-10.027731063517116,0.0,False
1895888843255300585,BOX,False,,42,partial,True,0.0053171550651481825,0.0013335467998331946,0.0,0.00419474496533706,0.00028532857008037186,3.0,0.004396504703856751,-10.027731063517116,0.0,False
1895885433671991429,BOX,False,,42,partial,True,0.0053171550651481825,0.0013335467998331946,0.0,0.00419474496533706,0.00028532857008037186,3.0,0.004396504703856751,-10.027731063517116,0.0,False
1895703228475723961,BOX,False,,42,partial,True,0.0053171550651481825,0.0013335467998331946,0.0,0.00419474496533706,0.00028532857008037186,3.0,0.004396504703856751,-10.027731063517116,0.0,False
1895362176409575936,BOX,False,,22,insufficient,False,-0.0042762005919039225,0.0015575756688784186,0.0,0.00419474496533706,0.00028532857008037186,3.0,0.004396504703856751,-9.242570050786707,0.0,False
1895317985281343659,BOX,False,,22,insufficient,False,-0.0042762005919039225,0.0015575756688784186,0.0,0.00419474496533706,0.00028532857008037186,3.0,0.004396504703856751,-9.242570050786707,0.0,False
1895287650581651494,BOX,False,,22,insufficient,False,-0.0042762005919039225,0.0015575756688784186,0.0,0.00419474496533706,0.00028532857008037186,3.0,0.004396504703856751,-9.242570050786707,0.0,False
1895212556467479021,BOX,False,,17,insufficient,False,-0.0029036865091692787,0.000637508013216757,6.0,,,,,,,False
1894996900577001974,BOX,False,,30,partial,True,0.002143845543403522,0.002064102996005989,0.0,0.00419474496533706,0.00028532857008037186,3.0,0.004396504703856751,-7.467327820452427,0.0,False
1894961069837475912,BOX,False,,30,partial,True,0.002143845543403522,0.002064102996005989,0.0,0.00419474496533706,0.00028532857008037186,3.0,0.004396504703856751,-7.467327820452427,0.0,False
1894925785330524577,BOX,False,,30,partial,True,0.002143845543403522,0.002064102996005989,0.0,0.00419474496533706,0.00028532857008037186,3.0,0.004396504703856751,-7.467327820452427,0.0,False
1894863924526551502,BOX,False,,30,partial,True,0.002143845543403522,0.002064102996005989,0.0,0.00419474496533706,0.00028532857008037186,3.0,0.004396504703856751,-7.467327820452427,0.0,False
1894851352565817599,BOX,False,,14,insufficient,False,-0.0037019184095657964,0.0006871127483651937,6.0,,,,,,,False
1894805462404735289,BOX,False,,33,partial,True,-0.001993793639267216,0.0007303129281833555,3.0,,,,,,,False
1894124000751882310,BOX,False,,24,insufficient,False,-0.00022245473523963,0.0006732216233183315,6.0,,,,,,,False
1894110480014479481,BOX,False,,28,partial,True,0.002855824961320308,0.0007868633045292803,5.0,0.001156084544584349,0.0002470170345756928,55.0,0.0015310284194640484,-1.4947197495479974,0.0,False
1894071278157328650,BOX,False,,30,partial,True,0.003701498985571261,0.0007932787559329574,2.0,,,,,,,False
1893891111745130625,BOX,False,,46,partial,True,-0.014216760019915564,0.0020095328038335237,0.0,0.00419474496533706,0.00028532857008037186,3.0,0.004396504703856751,-7.6585816866779295,0.0,False
1893513827422962049,BOX,False,,46,partial,True,-0.014216760019915564,0.0020095328038335237,0.0,0.00419474496533706,0.00028532857008037186,3.0,0.004396504703856751,-7.6585816866779295,0.0,False
1893489954581258505,BOX,False,,46,partial,True,-0.014216760019915564,0.0020095328038335237,0.0,0.00419474496533706,0.00028532857008037186,3.0,0.004396504703856751,-7.6585816866779295,0.0,False
1893354031323480353,BOX,False,,46,partial,True,-0.014216760019915564,0.0020095328038335237,0.0,0.00419474496533706,0.00028532857008037186,3.0,0.004396504703856751,-7.6585816866779295,0.0,False
1893336277602443779,BOX,False,,46,partial,True,-0.014216760019915564,0.0020095328038335237,0.0,0.00419474496533706,0.00028532857008037186,3.0,0.004396504703856751,-7.6585816866779295,0.0,False
1893170662593962485,BOX,False,,46,partial,True,-0.014216760019915564,0.0020095328038335237,0.0,0.00419474496533706,0.00028532857008037186,3.0,0.004396504703856751,-7.6585816866779295,0.0,False
1893046887692788115,BOX,False,,46,partial,True,-0.014216760019915564,0.0020095328038335237,0.0,0.00419474496533706,0.00028532857008037186,3.0,0.004396504703856751,-7.6585816866779295,0.0,False
1893020560470261861,BOX,False,,44,partial,True,-0.0010136839202558035,0.00059353489184076,5.0,0.001156084544584349,0.0002470170345756928,55.0,0.0015310284194640484,-2.2773718974883415,0.0,False
1892600851807498325,BOX,False,,33,partial,True,0.002734805497012771,0.0008516743894619983,1.0,0.0013670565185054764,9.769056425029918e-05,43.0,0.0014788781460496501,-5.275659251214733,0.0,False
1892434097529565547,BOX,False,,35,partial,True,-0.013076539884269933,0.0015996916927237383,0.0,0.00419474496533706,0.00028532857008037186,3.0,0.004396504703856751,-9.094964699407221,0.0,False
1892352586000584761,BOX,False,,35,partial,True,-0.013076539884269933,0.0015996916927237383,0.0,0.00419474496533706,0.00028532857008037186,3.0,0.004396504703856751,-9.094964699407221,0.0,False
1892013405990683014,BOX,False,,23,insufficient,False,-0.00591898188969231,0.001320204302809816,0.0,0.00419474496533706,0.00028532857008037186,3.0,0.004396504703856751,-10.074492931841833,0.0,False
1891902408940265497,BOX,False,,23,insufficient,False,-0.0023923821757156905,0.0005104748065221948,2.0,,,,,,,False
1891889293184074047,BOX,False,,19,insufficient,False,0.0030377326112001057,0.000596277634826114,1.0,0.0013670565185054764,9.769056425029918e-05,43.0,0.0014788781460496501,-7.890003395870465,0.0,False
1891709981998596565,BOX,False,,25,insufficient,False,-0.0015715501020119316,0.0011819106436326769,0.0,0.00419474496533706,0.00028532857008037186,3.0,0.004396504703856751,-10.55917506212477,0.0,False
1891645445056712930,BOX,False,,25,insufficient,False,-0.0015715501020119316,0.0011819106436326769,0.0,0.00419474496533706,0.00028532857008037186,3.0,0.004396504703856751,-10.55917506212477,0.0,False
1891587229048336741,BOX,False,,25,insufficient,False,-0.0015715501020119316,0.0011819106436326769,0.0,0.00419474496533706,0.00028532857008037186,3.0,0.004396504703856751,-10.55917506212477,0.0,False
1891543665106940226,BOX,False,,25,insufficient,False,-0.0015715501020119316,0.0011819106436326769,0.0,0.00419474496533706,0.00028532857008037186,3.0,0.004396504703856751,-10.55917506212477,0.0,False
1891358026470420716,BOX,False,,25,insufficient,False,-0.0015715501020119316,0.0011819106436326769,0.0,0.00419474496533706,0.00028532857008037186,3.0,0.004396504703856751,-10.55917506212477,0.0,False
1891291958275883406,BOX,False,,25,insufficient,False,-0.0015715501020119316,0.0011819106436326769,0.0,0.00419474496533706,0.00028532857008037186,3.0,0.004396504703856751,-10.55917506212477,0.0,False
1891283040707490045,BOX,False,,25,insufficient,False,-0.0015715501020119316,0.0011819106436326769,0.0,0.00419474496533706,0.00028532857008037186,3.0,0.004396504703856751,-10.55917506212477,0.0,False
1891007199868072406,BOX,False,,25,insufficient,False,-0.0015715501020119316,0.0011819106436326769,0.0,0.00419474496533706,0.00028532857008037186,3.0,0.004396504703856751,-10.55917506212477,0.0,False
1890962024319856775,BOX,False,,25,insufficient,False,-0.0015715501020119316,0.0011819106436326769,0.0,0.00419474496533706,0.00028532857008037186,3.0,0.004396504703856751,-10.55917506212477,0.0,False
1890905974036176943,BOX,False,,25,insufficient,False,-0.0015715501020119316,0.0011819106436326769,0.0,0.00419474496533706,0.00028532857008037186,3.0,0.004396504703856751,-10.55917506212477,0.0,False
1890804783214104816,BOX,False,,25,insufficient,False,-0.0015715501020119316,0.0011819106436326769,0.0,0.00419474496533706,0.00028532857008037186,3.0,0.004396504703856751,-10.55917506212477,0.0,False
1890602936889204839,BOX,False,,25,insufficient,False,-0.0015715501020119316,0.0011819106436326769,0.0,0.00419474496533706,0.00028532857008037186,3.0,0.004396504703856751,-10.55917506212477,0.0,False
1890500778839712173,BOX,False,,16,insufficient,False,0.0014275847984700496,0.0005391433360735242,6.0,,,,,,,False
1890462605627490502,BOX,False,,23,insufficient,False,-0.002175922449793033,0.0005124500275689746,3.0,,,,,,,False
1890293306321695066,BOX,False,,18,insufficient,False,-0.0014883874653633944,0.0012687371342780837,0.0,0.00419474496533706,0.00028532857008037186,3.0,0.004396504703856751,-10.254871533666513,0.0,False
1890254251580125222,BOX,False,,18,insufficient,False,-0.0014883874653633944,0.0012687371342780837,0.0,0.00419474496533706,0.00028532857008037186,3.0,0.004396504703856751,-10.254871533666513,0.0,False
1889940246969852413,BOX,False,,16,insufficient,False,-0.007802858599340712,0.0017797038501652725,0.0,0.00419474496533706,0.00028532857008037186,3.0,0.004396504703856751,-8.46407043813213,0.0,False
1889902458786423125,BOX,False,,16,insufficient,False,-0.007802858599340712,0.0017797038501652725,0.0,0.00419474496533706,0.00028532857008037186,3.0,0.004396504703856751,-8.46407043813213,0.0,False
1889748479041478712,BOX,True,"cpi(ALL, 2025-02-12 13:30:00+00:00->2025-02-12 21:00:00+00:00)",10,insufficient,False,-0.002222631117894003,0.0005594503525387073,4.0,0.0006705297706363384,0.0,1.0,0.0006705297706363384,,0.0,False
1889525710617977174,BOX,True,"cpi(ALL, 2025-02-12 13:30:00+00:00->2025-02-12 21:00:00+00:00)",26,insufficient,False,0.003990105205652572,0.0013575836443945276,0.0,0.00419474496533706,0.00028532857008037186,3.0,0.004396504703856751,-9.943488379531553,0.0,False
1889486654043463741,BOX,True,"cpi(ALL, 2025-02-12 13:30:00+00:00->2025-02-12 21:00:00+00:00)",26,insufficient,False,0.003990105205652572,0.0013575836443945276,0.0,0.00419474496533706,0.00028532857008037186,3.0,0.004396504703856751,-9.943488379531553,0.0,False
1889396545038196936,BOX,False,,22,insufficient,False,0.0010571296857009305,0.00039636245926583986,4.0,0.0006705297706363384,0.0,1.0,0.0006705297706363384,,0.0,False
1889344109376311483,BOX,False,,18,insufficient,False,0.0025360772668661102,0.000598903354628032,1.0,0.0013670565185054764,9.769056425029918e-05,43.0,0.0014788781460496501,-7.863125469408801,0.0,False
1889198176172921122,BOX,False,,26,insufficient,False,0.0007654697012825507,0.0010518128954263067,0.0,0.00419474496533706,0.00028532857008037186,3.0,0.004396504703856751,-11.015132725844616,0.0,False
1889189450045177893,BOX,False,,26,insufficient,False,0.0007654697012825507,0.0010518128954263067,0.0,0.00419474496533706,0.00028532857008037186,3.0,0.004396504703856751,-11.015132725844616,0.0,False
1889125076114735360,BOX,False,,26,insufficient,False,0.0007654697012825507,0.0010518128954263067,0.0,0.00419474496533706,0.00028532857008037186,3.0,0.004396504703856751,-11.015132725844616,0.0,False
1888802531343769729,BOX,False,,23,insufficient,False,0.0002553992932528004,0.0026281077060684374,0.0,0.00419474496533706,0.00028532857008037186,3.0,0.004396504703856751,-5.490642801130392,0.0,False
1888683513593077782,BOX,False,,23,insufficient,False,0.0002553992932528004,0.0026281077060684374,0.0,0.00419474496533706,0.00028532857008037186,3.0,0.004396504703856751,-5.490642801130392,0.0,False
1888366263510196449,BOX,False,,23,insufficient,False,0.0002553992932528004,0.0026281077060684374,0.0,0.00419474496533706,0.00028532857008037186,3.0,0.004396504703856751,-5.490642801130392,0.0,False
1888347334330978448,BOX,False,,23,insufficient,False,0.0002553992932528004,0.0026281077060684374,0.0,0.00419474496533706,0.00028532857008037186,3.0,0.004396504703856751,-5.490642801130392,0.0,False
1887931096605802524,BOX,True,"jobs_report(ALL, 2025-02-07 13:30:00+00:00->2025-02-07 21:00:00+00:00)",18,insufficient,False,-0.0037185020097435517,0.0008027634744196444,4.0,0.0006705297706363384,0.0,1.0,0.0006705297706363384,,100.0,True
1887654055599874081,BOX,True,"jobs_report(ALL, 2025-02-07 13:30:00+00:00->2025-02-07 21:00:00+00:00)",17,insufficient,False,0.01048845879711413,0.001869956247810875,0.0,0.00419474496533706,0.00028532857008037186,3.0,0.004396504703856751,-8.147760025823331,0.0,False
1887575416514158696,BOX,False,,30,partial,True,0.002547798297468873,0.0004779801625454763,4.0,0.0006705297706363384,0.0,1.0,0.0006705297706363384,,0.0,False
1887274386492899565,BOX,False,,18,insufficient,False,0.0076055892405895165,0.001920624828171206,0.0,0.00419474496533706,0.00028532857008037186,3.0,0.004396504703856751,-7.970180261041771,0.0,False
1887195521254891720,BOX,False,,30,partial,True,0.0028129227965612014,0.0006262083989897588,3.0,,,,,,,False
1886967543665189097,BOX,False,,10,insufficient,False,-0.002198721346464705,0.0017694441477137943,0.0,0.00419474496533706,0.00028532857008037186,3.0,0.004396504703856751,-8.500027939508835,0.0,False
1886947986418360440,BOX,False,,10,insufficient,False,-0.002198721346464705,0.0017694441477137943,0.0,0.00419474496533706,0.00028532857008037186,3.0,0.004396504703856751,-8.500027939508835,0.0,False
1886876005513748539,BOX,False,,25,insufficient,False,-0.001360692251591633,0.0008563259819580625,6.0,,,,,,,False
1886660365351837805,BOX,False,,12,insufficient,False,0.00295785050131836,0.0019673093302482697,0.0,0.00419474496533706,0.00028532857008037186,3.0,0.004396504703856751,-7.806563620535307,0.0,False
1886605881154134195,BOX,False,,12,insufficient,False,0.00295785050131836,0.0019673093302482697,0.0,0.00419474496533706,0.00028532857008037186,3.0,0.004396504703856751,-7.806563620535307,0.0,False
1886277540152737976,BOX,False,,27,insufficient,False,0.01494169271353607,0.0013673158004571676,0.0,0.00419474496533706,0.00028532857008037186,3.0,0.004396504703856751,-9.909379786550842,0.0,False
1886099361853276163,BOX,False,,27,insufficient,False,0.01494169271353607,0.0013673158004571676,0.0,0.00419474496533706,0.00028532857008037186,3.0,0.004396504703856751,-9.909379786550842,0.0,False
1885932322106798562,BOX,False,,27,insufficient,False,0.01494169271353607,0.0013673158004571676,0.0,0.00419474496533706,0.00028532857008037186,3.0,0.004396504703856751,-9.909379786550842,0.0,False
1885829441353646239,BOX,False,,27,insufficient,False,0.01494169271353607,0.0013673158004571676,0.0,0.00419474496533706,0.00028532857008037186,3.0,0.004396504703856751,-9.909379786550842,0.0,False
1885791033805643860,BOX,False,,27,insufficient,False,0.01494169271353607,0.0013673158004571676,0.0,0.00419474496533706,0.00028532857008037186,3.0,0.004396504703856751,-9.909379786550842,0.0,False
1885547937180377237,BOX,False,,27,insufficient,False,0.01494169271353607,0.0013673158004571676,0.0,0.00419474496533706,0.00028532857008037186,3.0,0.004396504703856751,-9.909379786550842,0.0,False
1885197788155408542,BOX,False,,18,insufficient,False,-0.0035476533986367187,0.0013250114402187396,0.0,0.00419474496533706,0.00028532857008037186,3.0,0.004396504703856751,-10.057645206401759,0.0,False
1885146393406587192,BOX,False,,18,insufficient,False,-0.0035476533986367187,0.0013250114402187396,0.0,0.00419474496533706,0.00028532857008037186,3.0,0.004396504703856751,-10.057645206401759,0.0,False
1884786461784039792,BOX,False,,38,partial,True,0.00012748378557159157,0.0021766554290188673,0.0,0.00419474496533706,0.00028532857008037186,3.0,0.004396504703856751,-7.072861773883118,0.0,False
1884474153979502726,BOX,False,,29,partial,True,-0.0036740479816700367,0.0015660100534136473,0.0,0.00419474496533706,0.00028532857008037186,3.0,0.004396504703856751,-9.213009798433244,0.0,False
1884455057527275697,BOX,False,,29,partial,True,-0.0036740479816700367,0.0015660100534136473,0.0,0.00419474496533706,0.00028532857008037186,3.0,0.004396504703856751,-9.213009798433244,0.0,False
1884271546665165269,BOX,False,,34,partial,True,0.008570217846469053,0.000882345009210976,1.0,0.0013670565185054764,9.769056425029918e-05,43.0,0.0014788781460496501,-4.9617024224836115,0.0,False
1884053695626875123,BOX,False,,27,insufficient,False,0.012329543924002317,0.0010040499360412472,0.0,0.00419474496533706,0.00028532857008037186,3.0,0.004396504703856751,-11.182529069546215,0.0,False
1883911644776206370,BOX,False,,25,insufficient,False,-0.0027358589077114415,0.0008537665899766092,1.0,0.0013670565185054764,9.769056425029918e-05,43.0,0.0014788781460496501,-5.254242643268336,0.0,False
1883732583068127480,BOX,False,,42,partial,True,0.044736265931017094,0.001506601133504881,0.0,0.00419474496533706,0.00028532857008037186,3.0,0.004396504703856751,-9.421222105711243,0.0,False
1883703145790062714,BOX,False,,42,partial,True,0.044736265931017094,0.001506601133504881,0.0,0.00419474496533706,0.00028532857008037186,3.0,0.004396504703856751,-9.421222105711243,0.0,False
1883638050712080431,BOX,False,,42,partial,True,0.044736265931017094,0.001506601133504881,0.0,0.00419474496533706,0.00028532857008037186,3.0,0.004396504703856751,-9.421222105711243,0.0,False
1883561338561315005,BOX,False,,42,partial,True,0.044736265931017094,0.001506601133504881,0.0,0.00419474496533706,0.00028532857008037186,3.0,0.004396504703856751,-9.421222105711243,0.0,False
1883254205936529616,BOX,False,,42,partial,True,0.044736265931017094,0.001506601133504881,0.0,0.00419474496533706,0.00028532857008037186,3.0,0.004396504703856751,-9.421222105711243,0.0,False
1883003257729216946,BOX,False,,42,partial,True,0.044736265931017094,0.001506601133504881,0.0,0.00419474496533706,0.00028532857008037186,3.0,0.004396504703856751,-9.421222105711243,0.0,False
1882867955131900004,BOX,False,,23,insufficient,False,-0.0010059370201299656,0.0003565460255960527,4.0,0.0006705297706363384,0.0,1.0,0.0006705297706363384,,0.0,False
1882854375368151487,BOX,False,,27,insufficient,False,0.0012361893872382401,0.00032220331915647487,3.0,,,,,,,False
1882615281639702554,BOX,False,,26,insufficient,False,0.0030966010498152396,0.0011464868174954927,0.0,0.00419474496533706,0.00028532857008037186,3.0,0.004396504703856751,-10.683326058035227,0.0,False
1882523238586368057,BOX,False,,32,partial,True,-0.0006812364014312511,0.0006153991022186009,5.0,0.001156084544584349,0.0002470170345756928,55.0,0.0015310284194640484,-2.1888589315084954,0.0,False
1882240165865025711,BOX,False,,22,insufficient,False,-0.005679365540361636,0.0010135700901719117,0.0,0.00419474496533706,0.00028532857008037186,3.0,0.004396504703856751,-11.14916348639419,0.0,False
1882122449934053859,BOX,False,,34,partial,True,-0.002291908615990046,0.0006411572848384785,3.0,,,,,,,False
1881921540494918086,BOX,False,,23,insufficient,False,-0.0014314613060761872,0.0011014869236122388,0.0,0.00419474496533706,0.00028532857008037186,3.0,0.004396504703856751,-10.841038599301523,0.0,False
1881838470429319235,BOX,False,,23,insufficient,False,-0.0014314613060761872,0.0011014869236122388,0.0,0.00419474496533706,0.00028532857008037186,3.0,0.004396504703856751,-10.841038599301523,0.0,False
1881805198651429331,BOX,False,,13,insufficient,False,-0.001927157336974461,0.00041907385561769747,6.0,,,,,,,False
1881531209387507872,BOX,False,,41,partial,True,0.0030176388829836753,0.001148340323589948,0.0,0.00419474496533706,0.00028532857008037186,3.0,0.004396504703856751,-10.676830017018608,0.0,False
1881403007214272738,BOX,False,,41,partial,True,0.0030176388829836753,0.001148340323589948,0.0,0.00419474496533706,0.00028532857008037186,3.0,0.004396504703856751,-10.676830017018608,0.0,False
1881395592204792285,BOX,False,,41,partial,True,0.0030176388829836753,0.001148340323589948,0.0,0.00419474496533706,0.00028532857008037186,3.0,0.004396504703856751,-10.676830017018608,0.0,False
1881199738529411369,BOX,False,,41,partial,True,0.0030176388829836753,0.001148340323589948,0.0,0.00419474496533706,0.00028532857008037186,3.0,0.004396504703856751,-10.676830017018608,0.0,False
1881186954517344698,BOX,False,,41,partial,True,0.0030176388829836753,0.001148340323589948,0.0,0.00419474496533706,0.00028532857008037186,3.0,0.004396504703856751,-10.676830017018608,0.0,False
1881037508026446321,BOX,False,,41,partial,True,0.0030176388829836753,0.001148340323589948,0.0,0.00419474496533706,0.00028532857008037186,3.0,0.004396504703856751,-10.676830017018608,0.0,False
1881023026537587155,BOX,False,,41,partial,True,0.0030176388829836753,0.001148340323589948,0.0,0.00419474496533706,0.00028532857008037186,3.0,0.004396504703856751,-10.676830017018608,0.0,False
1880822344295612457,BOX,False,,41,partial,True,0.0030176388829836753,0.001148340323589948,0.0,0.00419474496533706,0.00028532857008037186,3.0,0.004396504703856751,-10.676830017018608,0.0,False
1880735272129994886,BOX,False,,41,partial,True,0.0030176388829836753,0.001148340323589948,0.0,0.00419474496533706,0.00028532857008037186,3.0,0.004396504703856751,-10.676830017018608,0.0,False
1880464541815107793,BOX,False,,41,partial,True,0.0030176388829836753,0.001148340323589948,0.0,0.00419474496533706,0.00028532857008037186,3.0,0.004396504703856751,-10.676830017018608,0.0,False
2076411790561288265,CRM,False,,1,insufficient,False,0.015013756490506847,,,,,,,,,False
2076409729094455359,CRM,False,,1,insufficient,False,0.015013756490506847,,,,,,,,,False
2075857273415504357,CRM,False,,1,insufficient,False,0.015013756490506847,,,,,,,,,False
2074904379572764929,CRM,False,,57,partial,True,0.005882512941958629,0.0004400720557838507,3.0,0.0009085502090730903,0.000516554904198788,1167.0,0.001449122401117191,-0.9069280912469144,2.9134532990574122,False
2074813788864328162,CRM,False,,56,partial,True,-0.017168161710040653,0.001711129086149999,0.0,0.0015879446050451607,0.0006179192645440125,3112.0,0.0022651270721544864,0.1993536828726989,64.26735218508998,False
2074791252931858578,CRM,False,,56,partial,True,-0.017168161710040653,0.001711129086149999,0.0,0.0015879446050451607,0.0006179192645440125,3112.0,0.0022651270721544864,0.1993536828726989,64.26735218508998,False
2073483292054032599,CRM,False,,60,complete,True,-0.019064022950863957,0.002034888953201307,0.0,0.0015879446050451607,0.0006179192645440125,3112.0,0.0022651270721544864,0.7233054118906042,80.46272493573264,False
2073423003514225056,CRM,False,,60,complete,True,-0.019064022950863957,0.002034888953201307,0.0,0.0015879446050451607,0.0006179192645440125,3112.0,0.0022651270721544864,0.7233054118906042,80.46272493573264,False
2070300449756840419,CRM,False,,56,partial,True,0.03767038869747896,0.0023831343750494193,0.0,0.0015879446050451607,0.0006179192645440125,3112.0,0.0022651270721544864,1.2868829564507285,92.5771208226221,True
2069480886211346895,CRM,False,,56,partial,True,0.0013136087855565304,0.0005437007386752746,4.0,0.0008601445308332878,0.0004317505862432556,1469.0,0.001161313763172786,-0.7329319339469833,13.002042205582029,False
2069036531071754525,CRM,False,,31,partial,True,0.006374266807079199,0.0027732076940980366,,,,,,,,False
2067258671025770787,CRM,False,,58,partial,True,-0.004935742238055041,0.0007593646358601279,1.0,0.0010705933929371122,0.0003302993832515472,2193.0,0.0014833660400009772,-0.9422626043475255,21.751025991792066,False
2067248713991352352,CRM,False,,57,partial,True,-0.006223822002173862,0.0009672923250204745,0.0,0.0015879446050451607,0.0006179192645440125,3112.0,0.0022651270721544864,-1.0044229329582246,12.75706940874036,False
2067204120121885032,CRM,False,,58,partial,True,-0.01069676584508683,0.0019391224014222675,0.0,0.0015879446050451607,0.0006179192645440125,3112.0,0.0022651270721544864,0.5683231071234769,76.6388174807198,False
2067133050765361432,CRM,False,,58,partial,True,-0.01069676584508683,0.0019391224014222675,0.0,0.0015879446050451607,0.0006179192645440125,3112.0,0.0022651270721544864,0.5683231071234769,76.6388174807198,False
2066522147153916069,CRM,False,,59,partial,True,-0.005023582207842714,0.0011518367959570974,0.0,0.0015879446050451607,0.0006179192645440125,3112.0,0.0022651270721544864,-0.7057682679789645,24.967866323907455,False
2065433020283113524,CRM,False,,56,partial,True,-0.000911783946702549,0.0011186230202628793,0.0,0.0015879446050451607,0.0006179192645440125,3112.0,0.0022651270721544864,-0.7595192636187069,22.10796915167095,False
2064054943435092125,CRM,False,,51,partial,True,-5.216776337635398e-05,0.00047124669021333867,5.0,0.0007299617171020253,0.00021993790109040736,1654.0,0.0010283169946769533,-1.1763094291890128,12.031438935912938,False
2063971896316637593,CRM,False,,58,partial,True,-0.01979307715522438,0.0024734588110980156,0.0,0.0015879446050451607,0.0006179192645440125,3112.0,0.0022651270721544864,1.4330580981421763,93.73393316195373,True
2063263077701697632,CRM,False,,58,partial,True,-0.01979307715522438,0.0024734588110980156,0.0,0.0015879446050451607,0.0006179192645440125,3112.0,0.0022651270721544864,1.4330580981421763,93.73393316195373,True
2062905722023620624,CRM,True,"jobs_report(ALL, 2026-06-05 12:30:00+00:00->2026-06-05 20:00:00+00:00)",57,partial,False,-0.007278498624914809,0.0008951594662065358,1.0,0.0010705933929371122,0.0003302993832515472,2193.0,0.0014833660400009772,-0.5311361014470033,34.382124943000456,False
2062291326662553763,CRM,False,,60,complete,True,0.008739969871317754,0.0022831888695661446,0.0,0.0015879446050451607,0.0006179192645440125,3112.0,0.0022651270721544864,1.1251377071631399,90.39203084832906,True
2062289097784173047,CRM,False,,60,complete,True,0.008739969871317754,0.0022831888695661446,0.0,0.0015879446050451607,0.0006179192645440125,3112.0,0.0022651270721544864,1.1251377071631399,90.39203084832906,True
2061506033420283936,CRM,False,,57,partial,True,0.0027424009087484436,0.0006148716795431425,4.0,0.0008601445308332878,0.0004317505862432556,1469.0,0.001161313763172786,-0.5680892142482337,22.94077603812117,False
2061420773600854289,CRM,False,,8,insufficient,False,0.05428690750760812,0.004172342156451266,,,,,,,,False
2059881098386280734,CRM,True,"earnings(CRM, 2026-05-27 20:00:00+00:00->2026-05-28 20:00:00+00:00)",59,partial,False,0.010989715880883377,0.003326809026701388,0.0,0.0015879446050451607,0.0006179192645440125,3112.0,0.0022651270721544864,2.8140641042149825,98.7146529562982,True
2059879170575122892,CRM,True,"earnings(CRM, 2026-05-27 20:00:00+00:00->2026-05-28 20:00:00+00:00)",59,partial,False,0.010989715880883377,0.003326809026701388,0.0,0.0015879446050451607,0.0006179192645440125,3112.0,0.0022651270721544864,2.8140641042149825,98.7146529562982,True
2059800497494819131,CRM,True,"earnings(CRM, 2026-05-27 20:00:00+00:00->2026-05-28 20:00:00+00:00)",59,partial,False,0.010989715880883377,0.003326809026701388,0.0,0.0015879446050451607,0.0006179192645440125,3112.0,0.0022651270721544864,2.8140641042149825,98.7146529562982,True
2059748159610556924,CRM,True,"earnings(CRM, 2026-05-27 20:00:00+00:00->2026-05-28 20:00:00+00:00)",59,partial,False,0.010989715880883377,0.003326809026701388,0.0,0.0015879446050451607,0.0006179192645440125,3112.0,0.0022651270721544864,2.8140641042149825,98.7146529562982,True
2059730473870573749,CRM,True,"earnings(CRM, 2026-05-27 20:00:00+00:00->2026-05-28 20:00:00+00:00)",59,partial,False,0.010989715880883377,0.003326809026701388,0.0,0.0015879446050451607,0.0006179192645440125,3112.0,0.0022651270721544864,2.8140641042149825,98.7146529562982,True
2059730190377636066,CRM,True,"earnings(CRM, 2026-05-27 20:00:00+00:00->2026-05-28 20:00:00+00:00)",59,partial,False,0.010989715880883377,0.003326809026701388,0.0,0.0015879446050451607,0.0006179192645440125,3112.0,0.0022651270721544864,2.8140641042149825,98.7146529562982,True
2057859046976401897,CRM,False,,45,partial,True,0.0029464257108657854,0.0005149679812368136,2.0,0.0010034212859758558,0.0003176573568839746,993.0,0.0014518555230045702,-1.5376735156725854,3.2225579053373616,False
2057725709250928641,CRM,False,,59,partial,True,0.005725532933926081,0.0019810883582771235,0.0,0.0015879446050451607,0.0006179192645440125,3112.0,0.0022651270721544864,0.6362380585788653,78.08483290488432,False
2057698598977180129,CRM,False,,59,partial,True,0.005725532933926081,0.0019810883582771235,0.0,0.0015879446050451607,0.0006179192645440125,3112.0,0.0022651270721544864,0.6362380585788653,78.08483290488432,False
2057659936033878155,CRM,False,,59,partial,True,0.005725532933926081,0.0019810883582771235,0.0,0.0015879446050451607,0.0006179192645440125,3112.0,0.0022651270721544864,0.6362380585788653,78.08483290488432,False
2057618489825960180,CRM,False,,59,partial,True,0.005725532933926081,0.0019810883582771235,0.0,0.0015879446050451607,0.0006179192645440125,3112.0,0.0022651270721544864,0.6362380585788653,78.08483290488432,False
2057617107500900469,CRM,False,,59,partial,True,0.005725532933926081,0.0019810883582771235,0.0,0.0015879446050451607,0.0006179192645440125,3112.0,0.0022651270721544864,0.6362380585788653,78.08483290488432,False
2057522254431633867,CRM,False,,56,partial,True,-0.0015999323182367409,0.000722971598313098,4.0,0.0008601445308332878,0.0004317505862432556,1469.0,0.001161313763172786,-0.31771336714040793,39.48264125255276,False
2057176703907320031,CRM,False,,51,partial,True,0.011578796786924084,0.0006404060977638235,5.0,0.0007299617171020253,0.00021993790109040736,1654.0,0.0010283169946769533,-0.4071859324573134,32.82950423216445,False
2057176633048809978,CRM,False,,51,partial,True,0.011578796786924084,0.0006404060977638235,5.0,0.0007299617171020253,0.00021993790109040736,1654.0,0.0010283169946769533,-0.4071859324573134,32.82950423216445,False
2057176156433154454,CRM,False,,53,partial,True,0.01009617410760466,0.0006430243776110612,5.0,0.0007299617171020253,0.00021993790109040736,1654.0,0.0010283169946769533,-0.3952813001303845,33.675937122128175,False
2057173169614815598,CRM,False,,60,complete,True,0.007897570844112245,0.00068903013573511,5.0,0.0007299617171020253,0.00021993790109040736,1654.0,0.0010283169946769533,-0.18610517406952096,44.01451027811367,False
2055428789669343455,CRM,False,,60,complete,True,0.03792294587879175,0.0024319968920914095,0.0,0.0015879446050451607,0.0006179192645440125,3112.0,0.0022651270721544864,1.36595884847369,93.31619537275064,True
2055394139026632757,CRM,False,,60,complete,True,0.03792294587879175,0.0024319968920914095,0.0,0.0015879446050451607,0.0006179192645440125,3112.0,0.0022651270721544864,1.36595884847369,93.31619537275064,True
2050696874332758446,CRM,False,,60,complete,True,0.0333859729585142,0.0022164320018789978,0.0,0.0015879446050451607,0.0006179192645440125,3112.0,0.0022651270721544864,1.0171027719901615,88.07840616966581,False
2050386663155905002,CRM,False,,60,complete,True,0.0333859729585142,0.0022164320018789978,0.0,0.0015879446050451607,0.0006179192645440125,3112.0,0.0022651270721544864,1.0171027719901615,88.07840616966581,False
2050362890633592936,CRM,False,,60,complete,True,0.0333859729585142,0.0022164320018789978,0.0,0.0015879446050451607,0.0006179192645440125,3112.0,0.0022651270721544864,1.0171027719901615,88.07840616966581,False
2050320060703793175,CRM,False,,60,complete,True,0.0333859729585142,0.0022164320018789978,0.0,0.0015879446050451607,0.0006179192645440125,3112.0,0.0022651270721544864,1.0171027719901615,88.07840616966581,False
2047852518651359260,CRM,False,,60,complete,True,0.03364357469866153,0.0024493703965794773,0.0,0.0015879446050451607,0.0006179192645440125,3112.0,0.0022651270721544864,1.3940749883724655,93.54113110539845,True
2046999495393874233,CRM,False,,59,partial,True,-0.006291238630492746,0.0008684079206077206,3.0,0.0009085502090730903,0.000516554904198788,1167.0,0.001449122401117191,-0.07771156200255837,60.06855184233076,False
2046077126944948428,CRM,False,,60,complete,True,0.02510773649769449,0.002062564020581019,0.0,0.0015879446050451607,0.0006179192645440125,3112.0,0.0022651270721544864,0.7680929253534424,81.74807197943444,False
2044981547267395620,CRM,False,,60,complete,True,0.016782779373189616,0.0014518697308151692,0.0,0.0015879446050451607,0.0006179192645440125,3112.0,0.0022651270721544864,-0.22021464945004846,46.27249357326478,False
2042488444451242232,CRM,True,"cpi(ALL, 2026-04-10 12:30:00+00:00->2026-04-10 20:00:00+00:00)",60,complete,False,-0.03409557242526917,0.002084212957875328,0.0,0.0015879446050451607,0.0006179192645440125,3112.0,0.0022651270721544864,0.8031281452219872,82.58354755784062,False
2039039355747221519,CRM,False,,55,partial,True,-0.002036423600315862,0.0007871066878098545,4.0,0.0008601445308332878,0.0004317505862432556,1469.0,0.001161313763172786,-0.16916674893009295,52.688904016337645,False
2037674629108736429,CRM,False,,51,partial,True,0.019540134904264095,0.0021110200657737544,0.0,0.0015879446050451607,0.0006179192645440125,3112.0,0.0022651270721544864,0.8465110100015932,84.38303341902314,False
2036475068117819522,CRM,False,,58,partial,True,-0.0021268622904995205,0.0009241085497157305,2.0,0.0010034212859758558,0.0003176573568839746,993.0,0.0014518555230045702,-0.24968014919640158,42.69889224572004,False
2036252519308075219,CRM,False,,59,partial,True,-0.04382853081371607,0.002547351390747284,0.0,0.0015879446050451607,0.0006179192645440125,3112.0,0.0022651270721544864,1.5526410014261462,94.31233933161953,True
2034018646188822664,CRM,False,,57,partial,True,-0.00388953424998173,0.0014580946412420764,0.0,0.0015879446050451607,0.0006179192645440125,3112.0,0.0022651270721544864,-0.21014066279177385,46.72236503856041,False
2032161195533242422,CRM,False,,52,partial,True,-0.0016862674323063764,0.0010761847442864916,4.0,0.0008601445308332878,0.0004317505862432556,1469.0,0.001161313763172786,0.5003819805619977,82.23281143635126,False
2031447767802065216,CRM,False,,47,partial,True,0.002574305131489707,0.0008873808781823826,5.0,0.0007299617171020253,0.00021993790109040736,1654.0,0.0010283169946769533,0.7157436726453472,80.04836759371221,False
2030820345062752546,CRM,False,,60,complete,True,-0.008461586068728932,0.002311399926575973,0.0,0.0015879446050451607,0.0006179192645440125,3112.0,0.0022651270721544864,1.1707926310805008,91.19537275064268,True
2027140612965687692,CRM,False,,60,complete,True,-0.029729905813835722,0.0020010591276421142,0.0,0.0015879446050451607,0.0006179192645440125,3112.0,0.0022651270721544864,0.6685574415644856,78.88817480719794,False
2027104931253997713,CRM,True,"earnings(CRM, 2026-02-25 21:00:00+00:00->2026-02-26 21:00:00+00:00)",60,complete,False,-0.0009944278304963028,0.0009774648110760797,5.0,0.0007299617171020253,0.00021993790109040736,1654.0,0.0010283169946769533,1.1253317083912524,85.91293833131802,False
2027069956152586399,CRM,True,"earnings(CRM, 2026-02-25 21:00:00+00:00->2026-02-26 21:00:00+00:00)",58,partial,False,-0.0015184667221826986,0.0012082913987334007,2.0,0.0010034212859758558,0.0003176573568839746,993.0,0.0014518555230045702,0.6449405572318426,77.44209466263847,False
2026803953342755116,CRM,True,"earnings(CRM, 2026-02-25 21:00:00+00:00->2026-02-26 21:00:00+00:00)",60,complete,False,0.029022422618052546,0.0031685056393465183,0.0,0.0015879446050451607,0.0006179192645440125,3112.0,0.0022651270721544864,2.557876287394466,98.13624678663238,True
2026802311948013804,CRM,True,"earnings(CRM, 2026-02-25 21:00:00+00:00->2026-02-26 21:00:00+00:00)",60,complete,False,0.029022422618052546,0.0031685056393465183,0.0,0.0015879446050451607,0.0006179192645440125,3112.0,0.0022651270721544864,2.557876287394466,98.13624678663238,True
2026802112588558597,CRM,True,"earnings(CRM, 2026-02-25 21:00:00+00:00->2026-02-26 21:00:00+00:00)",60,complete,False,0.029022422618052546,0.0031685056393465183,0.0,0.0015879446050451607,0.0006179192645440125,3112.0,0.0022651270721544864,2.557876287394466,98.13624678663238,True
2026802020783632872,CRM,True,"earnings(CRM, 2026-02-25 21:00:00+00:00->2026-02-26 21:00:00+00:00)",60,complete,False,0.029022422618052546,0.0031685056393465183,0.0,0.0015879446050451607,0.0006179192645440125,3112.0,0.0022651270721544864,2.557876287394466,98.13624678663238,True
2026801939565142521,CRM,True,"earnings(CRM, 2026-02-25 21:00:00+00:00->2026-02-26 21:00:00+00:00)",60,complete,False,0.029022422618052546,0.0031685056393465183,0.0,0.0015879446050451607,0.0006179192645440125,3112.0,0.0022651270721544864,2.557876287394466,98.13624678663238,True
2026801866835964305,CRM,True,"earnings(CRM, 2026-02-25 21:00:00+00:00->2026-02-26 21:00:00+00:00)",60,complete,False,0.029022422618052546,0.0031685056393465183,0.0,0.0015879446050451607,0.0006179192645440125,3112.0,0.0022651270721544864,2.557876287394466,98.13624678663238,True
2026801430250795079,CRM,True,"earnings(CRM, 2026-02-25 21:00:00+00:00->2026-02-26 21:00:00+00:00)",60,complete,False,0.029022422618052546,0.0031685056393465183,0.0,0.0015879446050451607,0.0006179192645440125,3112.0,0.0022651270721544864,2.557876287394466,98.13624678663238,True
2026780435590820200,CRM,True,"earnings(CRM, 2026-02-25 21:00:00+00:00->2026-02-26 21:00:00+00:00)",60,complete,False,0.029022422618052546,0.0031685056393465183,0.0,0.0015879446050451607,0.0006179192645440125,3112.0,0.0022651270721544864,2.557876287394466,98.13624678663238,True
2026407065602896040,CRM,False,,60,complete,True,0.013086782117367024,0.002238037212570567,0.0,0.0015879446050451607,0.0006179192645440125,3112.0,0.0022651270721544864,1.0520672275934557,88.88174807197944,False
2025698591290052741,CRM,False,,60,complete,True,-0.04564619079767873,0.0023843188065928596,0.0,0.0015879446050451607,0.0006179192645440125,3112.0,0.0022651270721544864,1.2887997627576404,92.5771208226221,True
2021866814637330630,CRM,False,,59,partial,True,0.0009642320117795311,0.002794615351447178,0.0,0.0015879446050451607,0.0006179192645440125,3112.0,0.0022651270721544864,1.9527967740129744,96.56169665809769,True
2020688785659535730,CRM,False,,59,partial,True,0.0027532360700968095,0.002132236995812996,0.0,0.0015879446050451607,0.0006179192645440125,3112.0,0.0022651270721544864,0.8808470976697748,85.08997429305913,False
2020685677198028887,CRM,False,,59,partial,True,0.0027532360700968095,0.002132236995812996,0.0,0.0015879446050451607,0.0006179192645440125,3112.0,0.0022651270721544864,0.8808470976697748,85.08997429305913,False
2020637655520985358,CRM,False,,59,partial,True,0.0027532360700968095,0.002132236995812996,0.0,0.0015879446050451607,0.0006179192645440125,3112.0,0.0022651270721544864,0.8808470976697748,85.08997429305913,False
2020630810022629880,CRM,False,,59,partial,True,0.0027532360700968095,0.002132236995812996,0.0,0.0015879446050451607,0.0006179192645440125,3112.0,0.0022651270721544864,0.8808470976697748,85.08997429305913,False
2020599759464194554,CRM,False,,59,partial,True,0.0027532360700968095,0.002132236995812996,0.0,0.0015879446050451607,0.0006179192645440125,3112.0,0.0022651270721544864,0.8808470976697748,85.08997429305913,False
2020277273899991313,CRM,False,,59,partial,True,0.0027532360700968095,0.002132236995812996,0.0,0.0015879446050451607,0.0006179192645440125,3112.0,0.0022651270721544864,0.8808470976697748,85.08997429305913,False
2019878279990378668,CRM,False,,1,insufficient,False,0.0029982480563045533,,6.0,,,,,,,False
2019712015913353513,CRM,False,,60,complete,True,-0.008257533617516133,0.0025311813020718263,0.0,0.0015879446050451607,0.0006179192645440125,3112.0,0.0022651270721544864,1.5264723907300703,94.18380462724936,True
2018539238237798595,CRM,False,,60,complete,True,-0.053166344533744914,0.002734917536144049,0.0,0.0015879446050451607,0.0006179192645440125,3112.0,0.0022651270721544864,1.8561857461189302,95.8547557840617,True
2018132372747948543,CRM,False,,57,partial,True,0.01262486135613683,0.0017716984774525956,0.0,0.0015879446050451607,0.0006179192645440125,3112.0,0.0022651270721544864,0.2973752121857446,67.25578406169666,False
2016661138919047286,CRM,False,,60,complete,True,-0.07333028850059764,0.0029669034618303963,0.0,0.0015879446050451607,0.0006179192645440125,3112.0,0.0022651270721544864,2.2316165491341735,97.46143958868895,True
2016587742998909353,CRM,True,"fomc(ALL, 2026-01-28 19:00:00+00:00->2026-01-28 21:00:00+00:00)",58,partial,False,-0.004321421079876542,0.0011606933616995887,4.0,0.0008601445308332878,0.0004317505862432556,1469.0,0.001161313763172786,0.6961167869659048,89.92511912865895,False
2015940617843704006,CRM,False,,60,complete,True,-0.008532445292579904,0.00241425231982427,0.0,0.0015879446050451607,0.0006179192645440125,3112.0,0.0022651270721544864,1.337242196824653,93.12339331619538,True
2015907779056431249,CRM,False,,60,complete,True,-0.008532445292579904,0.00241425231982427,0.0,0.0015879446050451607,0.0006179192645440125,3112.0,0.0022651270721544864,1.337242196824653,93.12339331619538,True
2015873970114043942,CRM,False,,59,partial,True,-0.0024574514568859174,0.00044504758940749233,5.0,0.0007299617171020253,0.00021993790109040736,1654.0,0.0010283169946769533,-1.2954298748964446,9.673518742442564,False
2015861664734941365,CRM,False,,54,partial,True,0.004050396024470437,0.0003716757410388926,4.0,0.0008601445308332878,0.0004317505862432556,1469.0,0.001161313763172786,-1.1313679827157979,0.2722940776038121,False
2014915467258036259,CRM,False,,56,partial,True,0.004837139511390642,0.0015985032366690574,0.0,0.0015879446050451607,0.0006179192645440125,3112.0,0.0022651270721544864,0.01708739673570205,57.19794344473008,False
2014905156664799636,CRM,False,,56,partial,True,0.004837139511390642,0.0015985032366690574,0.0,0.0015879446050451607,0.0006179192645440125,3112.0,0.0022651270721544864,0.01708739673570205,57.19794344473008,False
2014724541764010192,CRM,False,,51,partial,True,0.0011945115951035312,0.0011148006425100298,1.0,0.0010705933929371122,0.0003302993832515472,2193.0,0.0014833660400009772,0.1338399398077304,54.537163702690385,False
2014719731115475416,CRM,False,,55,partial,True,-0.002605901436799174,0.0012432605504237074,0.0,0.0015879446050451607,0.0006179192645440125,3112.0,0.0022651270721544864,-0.5578140614790663,30.173521850899743,False
2014717452282638834,CRM,False,,56,partial,True,-0.004652329612754191,0.0012895015508575089,0.0,0.0015879446050451607,0.0006179192645440125,3112.0,0.0022651270721544864,-0.48298065995382894,32.005141388174806,False
2014249361308360788,CRM,False,,60,complete,True,0.00365686703442214,0.0016099333658743879,0.0,0.0015879446050451607,0.0006179192645440125,3112.0,0.0022651270721544864,0.03558516798380386,58.51542416452442,False
2014231190270570557,CRM,False,,60,complete,True,0.00365686703442214,0.0016099333658743879,0.0,0.0015879446050451607,0.0006179192645440125,3112.0,0.0022651270721544864,0.03558516798380386,58.51542416452442,False
2013932751208996894,CRM,False,,60,complete,True,-0.002911667227896375,0.0018879619713904165,0.0,0.0015879446050451607,0.0006179192645440125,3112.0,0.0022651270721544864,0.48552842346912545,74.61439588688947,False
2013862263522742517,CRM,False,,60,complete,True,-0.002911667227896375,0.0018879619713904165,0.0,0.0015879446050451607,0.0006179192645440125,3112.0,0.0022651270721544864,0.48552842346912545,74.61439588688947,False
2013538309075620062,CRM,False,,60,complete,True,0.009207759330316256,0.0017583263781806345,0.0,0.0015879446050451607,0.0006179192645440125,3112.0,0.0022651270721544864,0.2757346839820659,66.67737789203085,False
2013004109818057026,CRM,False,,60,complete,True,0.009207759330316256,0.0017583263781806345,0.0,0.0015879446050451607,0.0006179192645440125,3112.0,0.0022651270721544864,0.2757346839820659,66.67737789203085,False
2012319341233213774,CRM,False,,60,complete,True,0.009207759330316256,0.0017583263781806345,0.0,0.0015879446050451607,0.0006179192645440125,3112.0,0.0022651270721544864,0.2757346839820659,66.67737789203085,False
2012280730043273547,CRM,False,,60,complete,True,0.009207759330316256,0.0017583263781806345,0.0,0.0015879446050451607,0.0006179192645440125,3112.0,0.0022651270721544864,0.2757346839820659,66.67737789203085,False
2012277421580632080,CRM,False,,60,complete,True,0.009207759330316256,0.0017583263781806345,0.0,0.0015879446050451607,0.0006179192645440125,3112.0,0.0022651270721544864,0.2757346839820659,66.67737789203085,False
2012276791935910151,CRM,False,,60,complete,True,0.009207759330316256,0.0017583263781806345,0.0,0.0015879446050451607,0.0006179192645440125,3112.0,0.0022651270721544864,0.2757346839820659,66.67737789203085,False
2011577496064704801,CRM,False,,59,partial,True,-0.02012879009537749,0.0015999401893250999,0.0,0.0015879446050451607,0.0006179192645440125,3112.0,0.0022651270721544864,0.01941286664495115,57.390745501285345,False
2011254615489274088,CRM,False,,59,partial,True,0.0056260177602015515,0.0016060570304008627,0.0,0.0015879446050451607,0.0006179192645440125,3112.0,0.0022651270721544864,0.02931196095507391,58.09768637532133,False
2010857324987236485,CRM,True,"cpi(ALL, 2026-01-13 13:30:00+00:00->2026-01-13 21:00:00+00:00)",58,partial,False,-0.03751101595768702,0.0019156840715531093,0.0,0.0015879446050451607,0.0006179192645440125,3112.0,0.0022651270721544864,0.5303920517024191,75.9318766066838,False
2007699154743759087,CRM,False,,54,partial,True,0.009764226203464732,0.001323497467506317,0.0,0.0015879446050451607,0.0006179192645440125,3112.0,0.0022651270721544864,-0.4279638987044527,34.41516709511568,False
2004734227464814896,CRM,False,,39,partial,True,0.009120307897771851,0.0014108172405296851,0.0,0.0015879446050451607,0.0006179192645440125,3112.0,0.0022651270721544864,-0.2866513065362753,42.19151670951157,False
2004030074073526757,CRM,False,,29,partial,True,0.0009465327632802722,0.0015093303037026723,0.0,0.0015879446050451607,0.0006179192645440125,3112.0,0.0022651270721544864,-0.12722422791026108,50.41773778920309,False
2003547651028189685,CRM,False,,37,partial,True,0.004670405725703652,0.0004328245922755081,4.0,0.0008601445308332878,0.0004317505862432556,1469.0,0.001161313763172786,-0.9897379463360366,2.722940776038121,False
2001447313319842258,CRM,True,"cpi(ALL, 2025-12-18 13:30:00+00:00->2025-12-18 21:00:00+00:00)",58,partial,False,-0.009467282924234599,0.0013591832805852609,0.0,0.0015879446050451607,0.0006179192645440125,3112.0,0.0022651270721544864,-0.3702123199358608,37.56426735218509,False
2000340341132816555,CRM,False,,59,partial,True,-0.03220509669122851,0.0016242274784250578,0.0,0.0015879446050451607,0.0006179192645440125,3112.0,0.0022651270721544864,0.058717821990340036,59.350899742930594,False
2000299000973660249,CRM,False,,59,partial,True,-0.03220509669122851,0.0016242274784250578,0.0,0.0015879446050451607,0.0006179192645440125,3112.0,0.0022651270721544864,0.058717821990340036,59.350899742930594,False
1999672264967745792,CRM,False,,59,partial,True,-0.03220509669122851,0.0016242274784250578,0.0,0.0015879446050451607,0.0006179192645440125,3112.0,0.0022651270721544864,0.058717821990340036,59.350899742930594,False
1999630132210991306,CRM,False,,59,partial,True,-0.03220509669122851,0.0016242274784250578,0.0,0.0015879446050451607,0.0006179192645440125,3112.0,0.0022651270721544864,0.058717821990340036,59.350899742930594,False
1997947021924422135,CRM,False,,57,partial,True,0.0068161396690396,0.0022796937599233406,0.0,0.0015879446050451607,0.0006179192645440125,3112.0,0.0022651270721544864,1.119481451009056,90.3598971722365,True
1996830500053532707,CRM,False,,60,complete,True,0.03487117670974538,0.002053789961732039,0.0,0.0015879446050451607,0.0006179192645440125,3112.0,0.0022651270721544864,0.753893564122239,81.20179948586119,False
1996733865638117827,CRM,False,,60,complete,True,0.03487117670974538,0.002053789961732039,0.0,0.0015879446050451607,0.0006179192645440125,3112.0,0.0022651270721544864,0.753893564122239,81.20179948586119,False
1996371808787071265,CRM,True,"earnings(CRM, 2025-12-03 21:00:00+00:00->2025-12-04 21:00:00+00:00)",60,complete,False,0.022990021979719222,0.003947172415183773,0.0,0.0015879446050451607,0.0006179192645440125,3112.0,0.0022651270721544864,3.818019514053477,99.32519280205655,True
1996360435583594905,CRM,True,"earnings(CRM, 2025-12-03 21:00:00+00:00->2025-12-04 21:00:00+00:00)",60,complete,False,0.022990021979719222,0.003947172415183773,0.0,0.0015879446050451607,0.0006179192645440125,3112.0,0.0022651270721544864,3.818019514053477,99.32519280205655,True
1996325436142567930,CRM,True,"earnings(CRM, 2025-12-03 21:00:00+00:00->2025-12-04 21:00:00+00:00)",4,insufficient,False,0.048775979950155035,0.0011772596749357483,6.0,,,,,,,False
1996325288754679870,CRM,True,"earnings(CRM, 2025-12-03 21:00:00+00:00->2025-12-04 21:00:00+00:00)",4,insufficient,False,0.048775979950155035,0.0011772596749357483,6.0,,,,,,,False
1996324866434503042,CRM,True,"earnings(CRM, 2025-12-03 21:00:00+00:00->2025-12-04 21:00:00+00:00)",4,insufficient,False,0.048775979950155035,0.0011772596749357483,6.0,,,,,,,False
1996290400601198921,CRM,False,,50,partial,True,0.0019903605302336036,0.0005272089385996477,4.0,0.0008601445308332878,0.0004317505862432556,1469.0,0.001161313763172786,-0.7711294502934584,10.619469026548673,False
1995762727004889133,CRM,False,,54,partial,True,0.002467030179558849,0.0010876080286712092,0.0,0.0015879446050451607,0.0006179192645440125,3112.0,0.0022651270721544864,-0.8097118913150733,20.24421593830334,False
1995702688374554996,CRM,False,,54,partial,True,0.002467030179558849,0.0010876080286712092,0.0,0.0015879446050451607,0.0006179192645440125,3112.0,0.0022651270721544864,-0.8097118913150733,20.24421593830334,False
1995616112609010075,CRM,False,,54,partial,True,0.002467030179558849,0.0010876080286712092,0.0,0.0015879446050451607,0.0006179192645440125,3112.0,0.0022651270721544864,-0.8097118913150733,20.24421593830334,False
1995289421244244415,CRM,False,,54,partial,True,0.006560148015699152,0.0009063958104095147,0.0,0.0015879446050451607,0.0006179192645440125,3112.0,0.0022651270721544864,-1.1029738571730534,9.897172236503856,False
1994973635912597602,CRM,False,,54,partial,True,0.006560148015699152,0.0009063958104095147,0.0,0.0015879446050451607,0.0006179192645440125,3112.0,0.0022651270721544864,-1.1029738571730534,9.897172236503856,False
1994600555260645629,CRM,False,,54,partial,True,0.006560148015699152,0.0009063958104095147,0.0,0.0015879446050451607,0.0006179192645440125,3112.0,0.0022651270721544864,-1.1029738571730534,9.897172236503856,False
1994595873901494465,CRM,False,,54,partial,True,0.006560148015699152,0.0009063958104095147,0.0,0.0015879446050451607,0.0006179192645440125,3112.0,0.0022651270721544864,-1.1029738571730534,9.897172236503856,False
1994592263230664939,CRM,False,,54,partial,True,0.006560148015699152,0.0009063958104095147,0.0,0.0015879446050451607,0.0006179192645440125,3112.0,0.0022651270721544864,-1.1029738571730534,9.897172236503856,False
1993749333695668729,CRM,False,,27,insufficient,False,-0.0034769869307247347,0.0006539899551303547,4.0,0.0008601445308332878,0.0004317505862432556,1469.0,0.001161313763172786,-0.47748534054515934,29.748127978216477,False
1993021759101297087,CRM,False,,56,partial,True,-0.0057259308136353715,0.0005344433902895805,3.0,0.0009085502090730903,0.000516554904198788,1167.0,0.001449122401117191,-0.7242343761381475,5.8269065981148245,False
1992726929204760661,CRM,False,,53,partial,True,-0.006378141156558437,0.0013302591581548025,0.0,0.0015879446050451607,0.0006179192645440125,3112.0,0.0022651270721544864,-0.41702122215029924,35.02570694087404,False
1992140602897768820,CRM,False,,53,partial,True,-0.006378141156558437,0.0013302591581548025,0.0,0.0015879446050451607,0.0006179192645440125,3112.0,0.0022651270721544864,-0.41702122215029924,35.02570694087404,False
1992126539887255796,CRM,False,,53,partial,True,-0.006378141156558437,0.0013302591581548025,0.0,0.0015879446050451607,0.0006179192645440125,3112.0,0.0022651270721544864,-0.41702122215029924,35.02570694087404,False
1991179419285651927,CRM,False,,57,partial,True,0.004395793859670483,0.0009638046925057556,1.0,0.0010705933929371122,0.0003302993832515472,2193.0,0.0014833660400009772,-0.3233088096626241,39.07888736890105,False
1991177800108093784,CRM,False,,58,partial,True,0.0028773525477445716,0.0010104834729025782,1.0,0.0010705933929371122,0.0003302993832515472,2193.0,0.0014833660400009772,-0.18198617097857533,44.9156406748746,False
1991176047660794302,CRM,False,,59,partial,True,0.0015948284680384894,0.0009934471988468502,1.0,0.0010705933929371122,0.0003302993832515472,2193.0,0.0014833660400009772,-0.23356445092575165,43.04605563155495,False
1991175476635906246,CRM,False,,59,partial,True,0.0012892534232558095,0.0009769157378251218,1.0,0.0010705933929371122,0.0003302993832515472,2193.0,0.0014833660400009772,-0.283614380958889,41.22207022343821,False
1991125950008816107,CRM,False,,56,partial,True,-0.02576777066076641,0.0012143039095314772,0.0,0.0015879446050451607,0.0006179192645440125,3112.0,0.0022651270721544864,-0.6046755894387076,28.79177377892031,False
1991124641859973573,CRM,False,,56,partial,True,-0.02576777066076641,0.0012143039095314772,0.0,0.0015879446050451607,0.0006179192645440125,3112.0,0.0022651270721544864,-0.6046755894387076,28.79177377892031,False
1991122548885483888,CRM,False,,56,partial,True,-0.02576777066076641,0.0012143039095314772,0.0,0.0015879446050451607,0.0006179192645440125,3112.0,0.0022651270721544864,-0.6046755894387076,28.79177377892031,False
1991119357519241302,CRM,False,,56,partial,True,-0.02576777066076641,0.0012143039095314772,0.0,0.0015879446050451607,0.0006179192645440125,3112.0,0.0022651270721544864,-0.6046755894387076,28.79177377892031,False
1991117069392245062,CRM,False,,56,partial,True,-0.02576777066076641,0.0012143039095314772,0.0,0.0015879446050451607,0.0006179192645440125,3112.0,0.0022651270721544864,-0.6046755894387076,28.79177377892031,False
1990898584892444817,CRM,False,,56,partial,True,-0.02576777066076641,0.0012143039095314772,0.0,0.0015879446050451607,0.0006179192645440125,3112.0,0.0022651270721544864,-0.6046755894387076,28.79177377892031,False
1990818684735258784,CRM,False,,59,partial,True,-0.004757846062203197,0.0008032402694565202,1.0,0.0010705933929371122,0.0003302993832515472,2193.0,0.0014833660400009772,-0.8094266506001405,26.812585499316004,False
1990816753052426569,CRM,False,,60,complete,True,-0.003665087222013419,0.0008898976963687332,1.0,0.0010705933929371122,0.0003302993832515472,2193.0,0.0014833660400009772,-0.547066406208715,33.926128590971274,False
1990815573471539261,CRM,False,,60,complete,True,-0.0007484229749321614,0.0008615036897646731,1.0,0.0010705933929371122,0.0003302993832515472,2193.0,0.0014833660400009772,-0.6330308616204771,32.33014135886913,False
1990612809563189305,CRM,False,,56,partial,True,-0.005741458884120587,0.0018254937694561833,0.0,0.0015879446050451607,0.0006179192645440125,3112.0,0.0022651270721544864,0.38443398359868214,70.91902313624678,False
1990607939011555382,CRM,False,,56,partial,True,-0.005741458884120587,0.0018254937694561833,0.0,0.0015879446050451607,0.0006179192645440125,3112.0,0.0022651270721544864,0.38443398359868214,70.91902313624678,False
1990571595841351924,CRM,False,,56,partial,True,-0.005741458884120587,0.0018254937694561833,0.0,0.0015879446050451607,0.0006179192645440125,3112.0,0.0022651270721544864,0.38443398359868214,70.91902313624678,False
1990194141339484552,CRM,False,,41,partial,True,-0.015286417523276752,0.0015901972718547696,0.0,0.0015879446050451607,0.0006179192645440125,3112.0,0.0022651270721544864,0.003645568181583201,56.61953727506427,False
1988726858872156165,CRM,False,,47,partial,True,0.002198269332801317,0.0012903997519985338,0.0,0.0015879446050451607,0.0006179192645440125,3112.0,0.0022651270721544864,-0.48152707015243684,32.03727506426735,False
1988660606149496961,CRM,False,,44,partial,True,-0.0017852923375893948,0.0005194338305340498,3.0,0.0009085502090730903,0.000516554904198788,1167.0,0.001449122401117191,-0.7532914224144026,4.627249357326478,False
1988302701952987180,CRM,False,,42,partial,True,0.0018139501175820083,0.0004942882554763028,3.0,0.0009085502090730903,0.000516554904198788,1167.0,0.001449122401117191,-0.801970807419467,4.1988003427592115,False
1988301470094295286,CRM,False,,38,partial,True,0.0019152340771408927,0.0004924276283580234,3.0,0.0009085502090730903,0.000516554904198788,1167.0,0.001449122401117191,-0.8055728003599181,4.1988003427592115,False
1988057613670772882,CRM,False,,48,partial,True,0.015892659120874897,0.0011187694658882092,0.0,0.0015879446050451607,0.0006179192645440125,3112.0,0.0022651270721544864,-0.7592822656260355,22.10796915167095,False
1988056205751898311,CRM,False,,48,partial,True,0.015892659120874897,0.0011187694658882092,0.0,0.0015879446050451607,0.0006179192645440125,3112.0,0.0022651270721544864,-0.7592822656260355,22.10796915167095,False
1986850669811408940,CRM,False,,54,partial,True,-0.0007232515271760054,0.0005865658097011319,3.0,0.0009085502090730903,0.000516554904198788,1167.0,0.001449122401117191,-0.6233304470729557,14.56726649528706,False
1986849897870729556,CRM,False,,54,partial,True,-0.0002957113868755634,0.0005820435960032812,3.0,0.0009085502090730903,0.000516554904198788,1167.0,0.001449122401117191,-0.632085012485252,14.395886889460154,False
1986848329918259596,CRM,False,,53,partial,True,0.0005814563749138024,0.0005705684870633048,2.0,0.0010034212859758558,0.0003176573568839746,993.0,0.0014518555230045702,-1.362640560755695,9.466263846928499,False
1986713271286817254,CRM,False,,53,partial,True,0.004230130919783193,0.0012760290879197886,0.0,0.0015879446050451607,0.0006179192645440125,3112.0,0.0022651270721544864,-0.504783610129953,31.362467866323907,False
1983358878843838869,CRM,False,,59,partial,True,-0.01447304536435956,0.0014092697975100674,0.0,0.0015879446050451607,0.0006179192645440125,3112.0,0.0022651270721544864,-0.28915558680136727,42.159383033419026,False
1983311070254239808,CRM,False,,59,partial,True,-0.01447304536435956,0.0014092697975100674,0.0,0.0015879446050451607,0.0006179192645440125,3112.0,0.0022651270721544864,-0.28915558680136727,42.159383033419026,False
1982860556433535426,CRM,False,,33,partial,True,-0.0005158912282405836,0.0004696092159463739,3.0,0.0009085502090730903,0.000516554904198788,1167.0,0.001449122401117191,-0.8497470250670524,4.027420736932305,False
1982641501491634468,CRM,False,,52,partial,True,-0.004723403660847669,0.0013107791603653898,0.0,0.0015879446050451607,0.0006179192645440125,3112.0,0.0022651270721544864,-0.4485463726143939,33.48329048843188,False
1981494342188752983,CRM,True,"cpi(ALL, 2025-10-24 12:30:00+00:00->2025-10-24 20:00:00+00:00)",57,partial,False,-0.003212782726342178,0.0013530237797205883,0.0,0.0015879446050451607,0.0006179192645440125,3112.0,0.0022651270721544864,-0.3801804520497186,36.825192802056556,False
1981469524902957367,CRM,True,"cpi(ALL, 2025-10-24 12:30:00+00:00->2025-10-24 20:00:00+00:00)",57,partial,False,-0.003212782726342178,0.0013530237797205883,0.0,0.0015879446050451607,0.0006179192645440125,3112.0,0.0022651270721544864,-0.3801804520497186,36.825192802056556,False
1981465733453533574,CRM,True,"cpi(ALL, 2025-10-24 12:30:00+00:00->2025-10-24 20:00:00+00:00)",57,partial,False,-0.003212782726342178,0.0013530237797205883,0.0,0.0015879446050451607,0.0006179192645440125,3112.0,0.0022651270721544864,-0.3801804520497186,36.825192802056556,False
1980730009280213487,CRM,False,,60,complete,True,-0.010185161971097645,0.0013367357864524582,0.0,0.0015879446050451607,0.0006179192645440125,3112.0,0.0022651270721544864,-0.4065398718036078,35.443444730077125,False
1980725088967376912,CRM,False,,2,insufficient,False,-0.0014724959449570196,0.0,6.0,,,,,,,False
1980725086417219920,CRM,False,,2,insufficient,False,-0.0014724959449570196,0.0,6.0,,,,,,,False
1980724919995625579,CRM,False,,3,insufficient,False,-0.00045512550881277036,0.0002462717441495954,6.0,,,,,,,False
1980032245311422578,CRM,False,,58,partial,True,0.02248811139581619,0.0012462016768721904,0.0,0.0015879446050451607,0.0006179192645440125,3112.0,0.0022651270721544864,-0.553054335383371,30.302056555269925,False
1980029896866103523,CRM,False,,58,partial,True,0.02248811139581619,0.0012462016768721904,0.0,0.0015879446050451607,0.0006179192645440125,3112.0,0.0022651270721544864,-0.553054335383371,30.302056555269925,False
1980028936995447178,CRM,False,,58,partial,True,0.02248811139581619,0.0012462016768721904,0.0,0.0015879446050451607,0.0006179192645440125,3112.0,0.0022651270721544864,-0.553054335383371,30.302056555269925,False
1979406842645352534,CRM,False,,58,partial,True,0.02248811139581619,0.0012462016768721904,0.0,0.0015879446050451607,0.0006179192645440125,3112.0,0.0022651270721544864,-0.553054335383371,30.302056555269925,False
1979402261077033236,CRM,False,,58,partial,True,0.02248811139581619,0.0012462016768721904,0.0,0.0015879446050451607,0.0006179192645440125,3112.0,0.0022651270721544864,-0.553054335383371,30.302056555269925,False
1979387296387600829,CRM,False,,58,partial,True,0.02248811139581619,0.0012462016768721904,0.0,0.0015879446050451607,0.0006179192645440125,3112.0,0.0022651270721544864,-0.553054335383371,30.302056555269925,False
1979381575826706929,CRM,False,,58,partial,True,0.02248811139581619,0.0012462016768721904,0.0,0.0015879446050451607,0.0006179192645440125,3112.0,0.0022651270721544864,-0.553054335383371,30.302056555269925,False
1979326518271848873,CRM,False,,58,partial,True,0.02248811139581619,0.0012462016768721904,0.0,0.0015879446050451607,0.0006179192645440125,3112.0,0.0022651270721544864,-0.553054335383371,30.302056555269925,False
1979276817396830411,CRM,False,,58,partial,True,0.02248811139581619,0.0012462016768721904,0.0,0.0015879446050451607,0.0006179192645440125,3112.0,0.0022651270721544864,-0.553054335383371,30.302056555269925,False
1978985290959118396,CRM,False,,60,complete,True,-0.005501927409014562,0.002011948838688921,0.0,0.0015879446050451607,0.0006179192645440125,3112.0,0.0022651270721544864,0.6861806355182183,79.37017994858611,False
1978968562846044611,CRM,False,,60,complete,True,-0.005501927409014562,0.002011948838688921,0.0,0.0015879446050451607,0.0006179192645440125,3112.0,0.0022651270721544864,0.6861806355182183,79.37017994858611,False
1978966673223807275,CRM,False,,60,complete,True,-0.005501927409014562,0.002011948838688921,0.0,0.0015879446050451607,0.0006179192645440125,3112.0,0.0022651270721544864,0.6861806355182183,79.37017994858611,False
1978946283214700724,CRM,False,,60,complete,True,-0.005501927409014562,0.002011948838688921,0.0,0.0015879446050451607,0.0006179192645440125,3112.0,0.0022651270721544864,0.6861806355182183,79.37017994858611,False
1978926937520378354,CRM,False,,60,complete,True,-0.005501927409014562,0.002011948838688921,0.0,0.0015879446050451607,0.0006179192645440125,3112.0,0.0022651270721544864,0.6861806355182183,79.37017994858611,False
1978884550278463725,CRM,False,,60,complete,True,0.00011034196473080904,0.0010085374074692412,4.0,0.0008601445308332878,0.0004317505862432556,1469.0,0.001161313763172786,0.3437004635642726,75.49353301565691,False
1978857927701340175,CRM,False,,60,complete,True,0.011636707309969907,0.0012361935880809383,2.0,0.0010034212859758558,0.0003176573568839746,993.0,0.0014518555230045702,0.7327779352835936,78.95266868076536,False
1978735637348876310,CRM,False,,60,complete,True,0.06383234717634956,0.002855908010615664,0.0,0.0015879446050451607,0.0006179192645440125,3112.0,0.0022651270721544864,2.0519887925911884,97.04370179948586,True
1978689274674294956,CRM,False,,60,complete,True,0.06383234717634956,0.002855908010615664,0.0,0.0015879446050451607,0.0006179192645440125,3112.0,0.0022651270721544864,2.0519887925911884,97.04370179948586,True
1978688092761387149,CRM,False,,60,complete,True,0.06383234717634956,0.002855908010615664,0.0,0.0015879446050451607,0.0006179192645440125,3112.0,0.0022651270721544864,2.0519887925911884,97.04370179948586,True
1978672697740554254,CRM,False,,60,complete,True,0.06383234717634956,0.002855908010615664,0.0,0.0015879446050451607,0.0006179192645440125,3112.0,0.0022651270721544864,2.0519887925911884,97.04370179948586,True
1978672398028120078,CRM,False,,60,complete,True,0.06383234717634956,0.002855908010615664,0.0,0.0015879446050451607,0.0006179192645440125,3112.0,0.0022651270721544864,2.0519887925911884,97.04370179948586,True
1978671331156677010,CRM,False,,60,complete,True,0.06383234717634956,0.002855908010615664,0.0,0.0015879446050451607,0.0006179192645440125,3112.0,0.0022651270721544864,2.0519887925911884,97.04370179948586,True
1978668875307762003,CRM,False,,60,complete,True,0.06383234717634956,0.002855908010615664,0.0,0.0015879446050451607,0.0006179192645440125,3112.0,0.0022651270721544864,2.0519887925911884,97.04370179948586,True
1978646661875343729,CRM,False,,60,complete,True,0.06383234717634956,0.002855908010615664,0.0,0.0015879446050451607,0.0006179192645440125,3112.0,0.0022651270721544864,2.0519887925911884,97.04370179948586,True
1978637049705238780,CRM,False,,60,complete,True,0.06383234717634956,0.002855908010615664,0.0,0.0015879446050451607,0.0006179192645440125,3112.0,0.0022651270721544864,2.0519887925911884,97.04370179948586,True
1978523789013999782,CRM,False,,38,partial,True,-0.004727226753964753,0.0005248254320078969,4.0,0.0008601445308332878,0.0004317505862432556,1469.0,0.001161313763172786,-0.7766500139422309,10.483321987746766,False
1978511327535759408,CRM,False,,46,partial,True,-0.002815196401374509,0.0006230371323567674,3.0,0.0009085502090730903,0.000516554904198788,1167.0,0.001449122401117191,-0.5527255174533154,19.622964867180805,False
1978504636370948450,CRM,False,,46,partial,True,-0.0010927055615466141,0.0009046748056521643,3.0,0.0009085502090730903,0.000516554904198788,1167.0,0.001449122401117191,-0.007502403693053681,64.9528706083976,False
1978503669541961752,CRM,False,,46,partial,True,-0.00036491108582803466,0.000923832347473704,3.0,0.0009085502090730903,0.000516554904198788,1167.0,0.001449122401117191,0.02958473199343126,68.808911739503,False
1978369525231010260,CRM,False,,54,partial,True,-0.007749695291693781,0.0015596593459613266,0.0,0.0015879446050451607,0.0006179192645440125,3112.0,0.0022651270721544864,-0.04577500768600722,54.30591259640103,False
1978324567627043210,CRM,False,,54,partial,True,-0.007749695291693781,0.0015596593459613266,0.0,0.0015879446050451607,0.0006179192645440125,3112.0,0.0022651270721544864,-0.04577500768600722,54.30591259640103,False
1978242512675385538,CRM,False,,54,partial,True,-0.007749695291693781,0.0015596593459613266,0.0,0.0015879446050451607,0.0006179192645440125,3112.0,0.0022651270721544864,-0.04577500768600722,54.30591259640103,False
1978222543531049351,CRM,False,,54,partial,True,-0.007749695291693781,0.0015596593459613266,0.0,0.0015879446050451607,0.0006179192645440125,3112.0,0.0022651270721544864,-0.04577500768600722,54.30591259640103,False
1978218864925114709,CRM,False,,54,partial,True,-0.007749695291693781,0.0015596593459613266,0.0,0.0015879446050451607,0.0006179192645440125,3112.0,0.0022651270721544864,-0.04577500768600722,54.30591259640103,False
1978181780931793020,CRM,False,,28,partial,True,-0.008705591782423139,0.0010161873363812362,6.0,,,,,,,False
1978181412659597562,CRM,False,,30,partial,True,-0.009475308238930502,0.0009886318075902983,6.0,,,,,,,False
1978176807162548656,CRM,False,,48,partial,True,-0.011686211524770451,0.0008437711482703936,5.0,0.0007299617171020253,0.00021993790109040736,1654.0,0.0010283169946769533,0.5174616589688464,75.51390568319226,False
1978167190684676214,CRM,False,,55,partial,True,-0.003587708381598387,0.0006464909096585572,5.0,0.0007299617171020253,0.00021993790109040736,1654.0,0.0010283169946769533,-0.37951988733927533,34.220072551390565,False
1978166670406438942,CRM,False,,55,partial,True,-0.003587708381598387,0.0006464909096585572,5.0,0.0007299617171020253,0.00021993790109040736,1654.0,0.0010283169946769533,-0.37951988733927533,34.220072551390565,False
1978165496760434953,CRM,False,,52,partial,True,-0.0023393285055340884,0.0006352617069972387,4.0,0.0008601445308332878,0.0004317505862432556,1469.0,0.001161313763172786,-0.5208628106166515,26.412525527569773,False
1978132200643260503,CRM,False,,44,partial,True,-0.0024000563456940682,0.0006236083227829967,2.0,0.0010034212859758558,0.0003176573568839746,993.0,0.0014518555230045702,-1.1956687133538892,13.595166163141995,False
1978111272865460401,CRM,False,,52,partial,True,-0.00025419703113960246,0.0010810323829737053,1.0,0.0010705933929371122,0.0003302993832515472,2193.0,0.0014833660400009772,0.03160463072570438,50.296397628818966,False
1978109452210626821,CRM,False,,53,partial,True,-0.0020166861182993046,0.0011117593312239941,1.0,0.0010705933929371122,0.0003302993832515472,2193.0,0.0014833660400009772,0.1246321984668407,54.0811673506612,False
1977840015465202147,CRM,False,,57,partial,True,-0.015720417436576373,0.001988732713601528,0.0,0.0015879446050451607,0.0006179192645440125,3112.0,0.0022651270721544864,0.648609181738532,78.34190231362467,False
1977828746087600536,CRM,False,,57,partial,True,-0.015720417436576373,0.001988732713601528,0.0,0.0015879446050451607,0.0006179192645440125,3112.0,0.0022651270721544864,0.648609181738532,78.34190231362467,False
1977826790824689987,CRM,False,,57,partial,True,-0.015720417436576373,0.001988732713601528,0.0,0.0015879446050451607,0.0006179192645440125,3112.0,0.0022651270721544864,0.648609181738532,78.34190231362467,False
1977785545515516274,CRM,False,,49,partial,True,0.013045629782152401,0.0006817571771553175,3.0,0.0009085502090730903,0.000516554904198788,1167.0,0.001449122401117191,-0.43904922801874136,31.191088260497,False
1977640531460251947,CRM,False,,54,partial,True,-0.005637558701548251,0.0017682575774154187,0.0,0.0015879446050451607,0.0006179192645440125,3112.0,0.0022651270721544864,0.2918066853010615,67.09511568123393,False
1977506464685285781,CRM,False,,54,partial,True,-0.005637558701548251,0.0017682575774154187,0.0,0.0015879446050451607,0.0006179192645440125,3112.0,0.0022651270721544864,0.2918066853010615,67.09511568123393,False
1977152030801318259,CRM,False,,54,partial,True,-0.005637558701548251,0.0017682575774154187,0.0,0.0015879446050451607,0.0006179192645440125,3112.0,0.0022651270721544864,0.2918066853010615,67.09511568123393,False
1977088765014442080,CRM,False,,54,partial,True,-0.005637558701548251,0.0017682575774154187,0.0,0.0015879446050451607,0.0006179192645440125,3112.0,0.0022651270721544864,0.2918066853010615,67.09511568123393,False
1976797887679156634,CRM,False,,54,partial,True,-0.005637558701548251,0.0017682575774154187,0.0,0.0015879446050451607,0.0006179192645440125,3112.0,0.0022651270721544864,0.2918066853010615,67.09511568123393,False
1976697025623474529,CRM,False,,37,partial,True,-0.00017096202161215324,0.0008147989064614004,3.0,0.0009085502090730903,0.000516554904198788,1167.0,0.001449122401117191,-0.18149339373150372,48.58611825192802,False
1976073431969108078,CRM,False,,56,partial,True,0.012598087677159642,0.001524905082713706,0.0,0.0015879446050451607,0.0006179192645440125,3112.0,0.0022651270721544864,-0.10201902732062279,51.863753213367616,False
1976067092161106038,CRM,False,,56,partial,True,0.012598087677159642,0.001524905082713706,0.0,0.0015879446050451607,0.0006179192645440125,3112.0,0.0022651270721544864,-0.10201902732062279,51.863753213367616,False
1976018236257751502,CRM,False,,56,partial,True,0.012598087677159642,0.001524905082713706,0.0,0.0015879446050451607,0.0006179192645440125,3112.0,0.0022651270721544864,-0.10201902732062279,51.863753213367616,False
1974255523768799433,CRM,False,,60,complete,True,-0.015582145390552249,0.0014902146475915504,0.0,0.0015879446050451607,0.0006179192645440125,3112.0,0.0022651270721544864,-0.1581597517043414,49.325192802056556,False
1974177682100473974,CRM,False,,53,partial,True,-0.0010347409048786504,0.00039251020668882984,4.0,0.0008601445308332878,0.0004317505862432556,1469.0,0.001161313763172786,-1.0831121926513954,0.2722940776038121,False
1973470117662204372,CRM,False,,31,partial,True,0.004470549280247704,0.0006923727507781258,5.0,0.0007299617171020253,0.00021993790109040736,1654.0,0.0010283169946769533,-0.17090717942446984,45.163240628778716,False
1972829369187086727,CRM,False,,59,partial,True,-0.024545102476945746,0.0011201913168026134,0.0,0.0015879446050451607,0.0006179192645440125,3112.0,0.0022651270721544864,-0.7569812353847248,22.332904884318765,False
1972821473132990918,CRM,False,,59,partial,True,-0.024545102476945746,0.0011201913168026134,0.0,0.0015879446050451607,0.0006179192645440125,3112.0,0.0022651270721544864,-0.7569812353847248,22.332904884318765,False
1972465816437490105,CRM,False,,59,partial,True,-0.0032503104167442842,0.0009187126076502915,0.0,0.0015879446050451607,0.0006179192645440125,3112.0,0.0022651270721544864,-1.0830411605450143,10.604113110539846,False
1971794606154305576,CRM,False,,59,partial,True,-0.0032503104167442842,0.0009187126076502915,0.0,0.0015879446050451607,0.0006179192645440125,3112.0,0.0022651270721544864,-1.0830411605450143,10.604113110539846,False
1971682743399731498,CRM,False,,59,partial,True,-0.0032503104167442842,0.0009187126076502915,0.0,0.0015879446050451607,0.0006179192645440125,3112.0,0.0022651270721544864,-1.0830411605450143,10.604113110539846,False
1971679922151453006,CRM,False,,59,partial,True,-0.0032503104167442842,0.0009187126076502915,0.0,0.0015879446050451607,0.0006179192645440125,3112.0,0.0022651270721544864,-1.0830411605450143,10.604113110539846,False
1971273293736051176,CRM,False,,47,partial,True,-0.002230806522172779,0.000575399572957558,4.0,0.0008601445308332878,0.0004317505862432556,1469.0,0.001161313763172786,-0.6595126143391028,16.882232811436353,False
1971144771646390712,CRM,False,,57,partial,True,-0.007165545978267351,0.0012782807910603018,0.0,0.0015879446050451607,0.0006179192645440125,3112.0,0.0022651270721544864,-0.501139601487214,31.39460154241645,False
1971144583838048337,CRM,False,,57,partial,True,-0.007165545978267351,0.0012782807910603018,0.0,0.0015879446050451607,0.0006179192645440125,3112.0,0.0022651270721544864,-0.501139601487214,31.39460154241645,False
1970234088574591261,CRM,False,,52,partial,True,-0.010644899816486864,0.0012866913807739475,0.0,0.0015879446050451607,0.0006179192645440125,3112.0,0.0022651270721544864,-0.48752845485974616,31.844473007712082,False
1970199044288057550,CRM,False,,53,partial,True,-0.0014883485169310262,0.0005550494176992647,5.0,0.0007299617171020253,0.00021993790109040736,1654.0,0.0010283169946769533,-0.7952803883986392,20.072551390568318,False
1969627033706905984,CRM,False,,49,partial,True,-0.0017971312035724996,0.0014127170681653247,0.0,0.0015879446050451607,0.0006179192645440125,3112.0,0.0022651270721544864,-0.28357675012631856,42.35218508997429,False
1968846217363796412,CRM,False,,49,partial,True,0.002123986340181405,0.0009323542538163947,0.0,0.0015879446050451607,0.0006179192645440125,3112.0,0.0022651270721544864,-1.060964415331107,11.150385604113112,False
1968730082635301321,CRM,False,,43,partial,True,0.0007266747368297466,0.0004909863321658594,4.0,0.0008601445308332878,0.0004317505862432556,1469.0,0.001161313763172786,-0.8550265139870323,7.351940095302926,False
1968706806244327891,CRM,False,,45,partial,True,-0.005688771928594738,0.0004928311969736706,2.0,0.0010034212859758558,0.0003176573568839746,993.0,0.0014518555230045702,-1.6073611327965562,3.2225579053373616,False
1968171260686504274,CRM,False,,51,partial,True,0.007526744486308301,0.001756876511790666,0.0,0.0015879446050451607,0.0006179192645440125,3112.0,0.0022651270721544864,0.27338831533301833,66.6452442159383,False
1968166893799477654,CRM,False,,51,partial,True,0.007526744486308301,0.001756876511790666,0.0,0.0015879446050451607,0.0006179192645440125,3112.0,0.0022651270721544864,0.27338831533301833,66.6452442159383,False
1968155331865047432,CRM,False,,51,partial,True,0.007526744486308301,0.001756876511790666,0.0,0.0015879446050451607,0.0006179192645440125,3112.0,0.0022651270721544864,0.27338831533301833,66.6452442159383,False
1968135798089543869,CRM,False,,51,partial,True,0.007526744486308301,0.001756876511790666,0.0,0.0015879446050451607,0.0006179192645440125,3112.0,0.0022651270721544864,0.27338831533301833,66.6452442159383,False
1968058879515971714,CRM,False,,51,partial,True,0.007526744486308301,0.001756876511790666,0.0,0.0015879446050451607,0.0006179192645440125,3112.0,0.0022651270721544864,0.27338831533301833,66.6452442159383,False
1967980944809406501,CRM,False,,41,partial,True,0.0016330330361209455,0.0006021236578635596,2.0,0.0010034212859758558,0.0003176573568839746,993.0,0.0014518555230045702,-1.263303428728306,11.48036253776435,False
1967423200327021038,CRM,False,,50,partial,True,-0.007309193233022926,0.001620369584120448,0.0,0.0015879446050451607,0.0006179192645440125,3112.0,0.0022651270721544864,0.0524744589395752,59.318766066838045,False
1966604536593670604,CRM,False,,50,partial,True,-0.007309193233022926,0.001620369584120448,0.0,0.0015879446050451607,0.0006179192645440125,3112.0,0.0022651270721544864,0.0524744589395752,59.318766066838045,False
1966589471203246224,CRM,False,,12,insufficient,False,-0.001514735294528835,0.0005673338296639168,6.0,,,,,,,False
1964840098207596818,CRM,False,,59,partial,True,-0.0006731691262993333,0.0018362707595680847,0.0,0.0015879446050451607,0.0006179192645440125,3112.0,0.0022651270721544864,0.40187475738626455,71.62596401028277,False
1963390750357438848,CRM,True,"earnings(CRM, 2025-09-03 20:00:00+00:00->2025-09-04 20:00:00+00:00)",60,complete,False,-0.06930739703843358,0.002147464990382444,0.0,0.0015879446050451607,0.0006179192645440125,3112.0,0.0022651270721544864,0.9054910850694644,85.53984575835476,False
1963332633154523494,CRM,True,"earnings(CRM, 2025-09-03 20:00:00+00:00->2025-09-04 20:00:00+00:00)",60,complete,False,-0.06930739703843358,0.002147464990382444,0.0,0.0015879446050451607,0.0006179192645440125,3112.0,0.0022651270721544864,0.9054910850694644,85.53984575835476,False
1963332098095550749,CRM,True,"earnings(CRM, 2025-09-03 20:00:00+00:00->2025-09-04 20:00:00+00:00)",60,complete,False,-0.06930739703843358,0.002147464990382444,0.0,0.0015879446050451607,0.0006179192645440125,3112.0,0.0022651270721544864,0.9054910850694644,85.53984575835476,False
1963264973452546482,CRM,False,,60,complete,True,0.007652183503667032,0.0005358087967338769,2.0,0.0010034212859758558,0.0003176573568839746,993.0,0.0014518555230045702,-1.4720656679542163,4.33031218529708,False
1963103138485084465,CRM,False,,60,complete,True,-0.006715341207887082,0.0017693496329806509,0.0,0.0015879446050451607,0.0006179192645440125,3112.0,0.0022651270721544864,0.29357399638503956,67.12724935732648,False
1961504387697893462,CRM,False,,55,partial,True,0.0019710113430242426,0.00047269861714208637,5.0,0.0007299617171020253,0.00021993790109040736,1654.0,0.0010283169946769533,-1.1697078979315565,12.031438935912938,False
1961226167027208268,CRM,False,,59,partial,True,0.004998166156774397,0.0011475855150283702,0.0,0.0015879446050451607,0.0006179192645440125,3112.0,0.0022651270721544864,-0.7126482621346157,24.67866323907455,False
1961221243417629085,CRM,False,,59,partial,True,0.004998166156774397,0.0011475855150283702,0.0,0.0015879446050451607,0.0006179192645440125,3112.0,0.0022651270721544864,-0.7126482621346157,24.67866323907455,False
1961177427520131297,CRM,False,,59,partial,True,0.004998166156774397,0.0011475855150283702,0.0,0.0015879446050451607,0.0006179192645440125,3112.0,0.0022651270721544864,-0.7126482621346157,24.67866323907455,False
1961172848652997063,CRM,False,,59,partial,True,0.004998166156774397,0.0011475855150283702,0.0,0.0015879446050451607,0.0006179192645440125,3112.0,0.0022651270721544864,-0.7126482621346157,24.67866323907455,False
1960917609949618412,CRM,False,,57,partial,True,0.014639537813460834,0.0010919536954505302,0.0,0.0015879446050451607,0.0006179192645440125,3112.0,0.0022651270721544864,-0.802679149290874,20.533419023136247,False
1960517443094503609,CRM,False,,46,partial,True,0.013677892787859358,0.0010084819256745562,0.0,0.0015879446050451607,0.0006179192645440125,3112.0,0.0022651270721544864,-0.9377643854463953,14.845758354755784,False
1959688404943421751,CRM,False,,55,partial,True,-0.0020562201279472614,0.0009024777699351576,0.0,0.0015879446050451607,0.0006179192645440125,3112.0,0.0022651270721544864,-1.1093145568391312,9.640102827763496,False
1958358881694056560,CRM,False,,45,partial,True,-0.007042972946193382,0.0014420925262984483,0.0,0.0015879446050451607,0.0006179192645440125,3112.0,0.0022651270721544864,-0.23603743581994086,45.469151670951156,False
1958330597895758181,CRM,False,,45,partial,True,-0.007042972946193382,0.0014420925262984483,0.0,0.0015879446050451607,0.0006179192645440125,3112.0,0.0022651270721544864,-0.23603743581994086,45.469151670951156,False
1957930074315059245,CRM,False,,54,partial,True,0.005366846671991721,0.0011516406934003827,0.0,0.0015879446050451607,0.0006179192645440125,3112.0,0.0022651270721544864,-0.7060856274917148,24.903598971722367,False
1953652673770602999,CRM,False,,60,complete,True,-0.005673175505468864,0.0011163833606973692,0.0,0.0015879446050451607,0.0006179192645440125,3112.0,0.0022651270721544864,-0.7631437817297628,21.947300771208226,False
1952509357523964091,CRM,False,,53,partial,True,-0.0038311018558597754,0.0009719502230234817,0.0,0.0015879446050451607,0.0006179192645440125,3112.0,0.0022651270721544864,-0.9968848964051088,12.94987146529563,False
1950631959639814302,CRM,True,"fomc(ALL, 2025-07-30 18:00:00+00:00->2025-07-30 20:00:00+00:00)",47,partial,False,-0.0006771368030085156,0.000782615486202904,5.0,0.0007299617171020253,0.00021993790109040736,1654.0,0.0010283169946769533,0.2394028898149521,68.25876662636034,False
1950258279344423332,CRM,False,,40,partial,True,-0.001020311189036005,0.00039243869866803103,4.0,0.0008601445308332878,0.0004317505862432556,1469.0,0.001161313763172786,-1.083277816099463,0.2722940776038121,False
1950216480387203290,CRM,False,,37,partial,True,-0.0048745043691894585,0.0006022570900595958,1.0,0.0010705933929371122,0.0003302993832515472,2193.0,0.0014833660400009772,-1.41791455456895,4.924760601915184,False
1950197188358807831,CRM,False,,48,partial,True,-0.005529451779699879,0.0006940071011406429,0.0,0.0015879446050451607,0.0006179192645440125,3112.0,0.0022651270721544864,-1.4466898107865114,2.2814910025706943,False
1949585855192133892,CRM,False,,38,partial,True,-0.00517269669191367,0.0014297867827256215,0.0,0.0015879446050451607,0.0006179192645440125,3112.0,0.0022651270721544864,-0.25595224391693017,44.023136246786635,False
1949585461275660422,CRM,False,,38,partial,True,-0.00517269669191367,0.0014297867827256215,0.0,0.0015879446050451607,0.0006179192645440125,3112.0,0.0022651270721544864,-0.25595224391693017,44.023136246786635,False
1949575404198494526,CRM,False,,38,partial,True,-0.00517269669191367,0.0014297867827256215,0.0,0.0015879446050451607,0.0006179192645440125,3112.0,0.0022651270721544864,-0.25595224391693017,44.023136246786635,False
1948141609167810902,CRM,False,,42,partial,True,-0.003647310501904033,0.0012093331917719789,0.0,0.0015879446050451607,0.0006179192645440125,3112.0,0.0022651270721544864,-0.6127198729636215,28.53470437017995,False
1945959318064341461,CRM,False,,38,partial,True,0.0020786847890482685,0.0008954220055654589,0.0,0.0015879446050451607,0.0006179192645440125,3112.0,0.0022651270721544864,-1.1207331430113965,9.383033419023135,False
1945946105323147452,CRM,False,,38,partial,True,0.0020786847890482685,0.0008954220055654589,0.0,0.0015879446050451607,0.0006179192645440125,3112.0,0.0022651270721544864,-1.1207331430113965,9.383033419023135,False
1945945957050257850,CRM,False,,38,partial,True,0.0020786847890482685,0.0008954220055654589,0.0,0.0015879446050451607,0.0006179192645440125,3112.0,0.0022651270721544864,-1.1207331430113965,9.383033419023135,False
1945944660632813641,CRM,False,,38,partial,True,0.0020786847890482685,0.0008954220055654589,0.0,0.0015879446050451607,0.0006179192645440125,3112.0,0.0022651270721544864,-1.1207331430113965,9.383033419023135,False
1945860985908080797,CRM,False,,43,partial,True,0.003063445428026501,0.0006292277885365427,1.0,0.0010705933929371122,0.0003302993832515472,2193.0,0.0014833660400009772,-1.3362592447362738,7.7975376196990425,False
1945802355150393440,CRM,False,,51,partial,True,-0.005912272410760977,0.001042819653389168,0.0,0.0015879446050451607,0.0006179192645440125,3112.0,0.0022651270721544864,-0.8821944595921641,16.902313624678662,False
1943308190554145021,CRM,False,,44,partial,True,0.0016432059561284351,0.0009242892075369081,0.0,0.0015879446050451607,0.0006179192645440125,3112.0,0.0022651270721544864,-1.0740163571336305,10.76478149100257,False
1943300268302450854,CRM,False,,52,partial,True,-0.01835723189530014,0.0017507898422643659,0.0,0.0015879446050451607,0.0006179192645440125,3112.0,0.0022651270721544864,0.26353804867918346,66.4203084832905,False
1943300171883757658,CRM,False,,52,partial,True,-0.01835723189530014,0.0017507898422643659,0.0,0.0015879446050451607,0.0006179192645440125,3112.0,0.0022651270721544864,0.26353804867918346,66.4203084832905,False
1943260093702701165,CRM,False,,52,partial,True,-0.01835723189530014,0.0017507898422643659,0.0,0.0015879446050451607,0.0006179192645440125,3112.0,0.0022651270721544864,0.26353804867918346,66.4203084832905,False
1943240168787312821,CRM,False,,52,partial,True,-0.01835723189530014,0.0017507898422643659,0.0,0.0015879446050451607,0.0006179192645440125,3112.0,0.0022651270721544864,0.26353804867918346,66.4203084832905,False
1943238479728579033,CRM,False,,52,partial,True,-0.01835723189530014,0.0017507898422643659,0.0,0.0015879446050451607,0.0006179192645440125,3112.0,0.0022651270721544864,0.26353804867918346,66.4203084832905,False
1943048586838855887,CRM,False,,52,partial,True,-0.01835723189530014,0.0017507898422643659,0.0,0.0015879446050451607,0.0006179192645440125,3112.0,0.0022651270721544864,0.26353804867918346,66.4203084832905,False
1942979082729226292,CRM,False,,46,partial,True,-0.0027739769100655343,0.00047279581649388214,2.0,0.0010034212859758558,0.0003176573568839746,993.0,0.0014518555230045702,-1.6704334339588003,2.5176233635448138,False
1940481264047501608,CRM,False,,49,partial,True,0.004544485825103806,0.00039062384349301723,5.0,0.0007299617171020253,0.00021993790109040736,1654.0,0.0010283169946769533,-1.5428803854480742,4.111245465538089,False
1940113836885086539,CRM,False,,35,partial,True,-0.002195346613301341,0.0004833913397748128,4.0,0.0008601445308332878,0.0004317505862432556,1469.0,0.001161313763172786,-0.8726176710880152,6.671204901293397,False
1940113755792449687,CRM,False,,35,partial,True,-0.002195346613301341,0.0004833913397748128,4.0,0.0008601445308332878,0.0004317505862432556,1469.0,0.001161313763172786,-0.8726176710880152,6.671204901293397,False
1939783216426021339,CRM,False,,59,partial,True,0.0022054693086244193,0.0008025139671293055,0.0,0.0015879446050451607,0.0006179192645440125,3112.0,0.0022651270721544864,-1.2710894173132083,5.559125964010283,False
1939270643968544777,CRM,False,,57,partial,True,0.0038186985452741684,0.0007464185741943957,0.0,0.0015879446050451607,0.0006179192645440125,3112.0,0.0022651270721544864,-1.3618705211784599,3.7275064267352187,False
1938609704361689542,CRM,False,,51,partial,True,0.004306612216439909,0.0005356599200682725,1.0,0.0010705933929371122,0.0003302993832515472,2193.0,0.0014833660400009772,-1.6195412404432152,1.0031919744642042,False
1938260608110973000,CRM,False,,46,partial,True,0.002273032250674767,0.00044319501278132256,2.0,0.0010034212859758558,0.0003176573568839746,993.0,0.0014518555230045702,-1.7636181283191805,1.4098690835850958,False
1938111156805107750,CRM,False,,53,partial,True,-0.008610555972347278,0.0013070179728125128,0.0,0.0015879446050451607,0.0006179192645440125,3112.0,0.0022651270721544864,-0.45463323180246684,33.16195372750643,False
1938110630273147262,CRM,False,,53,partial,True,-0.008610555972347278,0.0013070179728125128,0.0,0.0015879446050451607,0.0006179192645440125,3112.0,0.0022651270721544864,-0.45463323180246684,33.16195372750643,False
1937898616733175880,CRM,False,,31,partial,True,-3.6999003311555256e-05,0.0005628347451588844,2.0,0.0010034212859758558,0.0003176573568839746,993.0,0.0014518555230045702,-1.3869867367117117,8.25780463242699,False
1937802660796563940,CRM,False,,50,partial,True,-0.006907461040355223,0.0011720202197112277,0.0,0.0015879446050451607,0.0006179192645440125,3112.0,0.0022651270721544864,-0.6731047390808576,26.124678663239077,False
1937755467981226208,CRM,False,,50,partial,True,-0.006907461040355223,0.0011720202197112277,0.0,0.0015879446050451607,0.0006179192645440125,3112.0,0.0022651270721544864,-0.6731047390808576,26.124678663239077,False
1937750866112504269,CRM,False,,50,partial,True,-0.006907461040355223,0.0011720202197112277,0.0,0.0015879446050451607,0.0006179192645440125,3112.0,0.0022651270721544864,-0.6731047390808576,26.124678663239077,False
1937749363092005062,CRM,False,,50,partial,True,-0.006907461040355223,0.0011720202197112277,0.0,0.0015879446050451607,0.0006179192645440125,3112.0,0.0022651270721544864,-0.6731047390808576,26.124678663239077,False
1937608061981720662,CRM,False,,50,partial,True,-0.006907461040355223,0.0011720202197112277,0.0,0.0015879446050451607,0.0006179192645440125,3112.0,0.0022651270721544864,-0.6731047390808576,26.124678663239077,False
2078250427741556805,HOOD,False,,0,insufficient,False,,,,,,,,,,False
2078219943863009404,HOOD,False,,0,insufficient,False,,,,,,,,,,False
2077814433762451646,HOOD,False,,60,complete,True,-0.0010037825346727036,0.0014342789018213433,4.0,0.0013431431635813136,0.0006582170574046798,9575.0,0.00200936800658168,0.13845848753809842,70.01566579634465,False
2077266840477479424,HOOD,False,,40,partial,True,0.003866017363683083,0.004080554126027255,,,,,,,,False
2076666114801877310,HOOD,False,,60,complete,True,0.013419144993368826,0.0031702570533368776,0.0,0.002468651752165623,0.0010353669234942095,13891.0,0.0035687533395987714,0.677639284441733,82.88820099344899,False
2076518587783926044,HOOD,False,,24,insufficient,False,-0.016944065305683376,0.00549300883856396,,,,,,,,False
2076051101879820304,HOOD,False,,24,insufficient,False,-0.016944065305683376,0.00549300883856396,,,,,,,,False
2075775949552165365,HOOD,False,,24,insufficient,False,-0.016944065305683376,0.00549300883856396,,,,,,,,False
2075425431793377704,HOOD,False,,60,complete,True,-0.033214863939766026,0.004089554764218189,0.0,0.002468651752165623,0.0010353669234942095,13891.0,0.0035687533395987714,1.5655348604166912,94.42084803109927,True
2075425266030293407,HOOD,False,,60,complete,True,-0.033214863939766026,0.004089554764218189,0.0,0.002468651752165623,0.0010353669234942095,13891.0,0.0035687533395987714,1.5655348604166912,94.42084803109927,True
2075425035062509812,HOOD,False,,60,complete,True,-0.033214863939766026,0.004089554764218189,0.0,0.002468651752165623,0.0010353669234942095,13891.0,0.0035687533395987714,1.5655348604166912,94.42084803109927,True
2075424842959175952,HOOD,False,,60,complete,True,-0.033214863939766026,0.004089554764218189,0.0,0.002468651752165623,0.0010353669234942095,13891.0,0.0035687533395987714,1.5655348604166912,94.42084803109927,True
2075424700059333035,HOOD,False,,60,complete,True,-0.033214863939766026,0.004089554764218189,0.0,0.002468651752165623,0.0010353669234942095,13891.0,0.0035687533395987714,1.5655348604166912,94.42084803109927,True
2075310357493796969,HOOD,False,,60,complete,True,-0.033214863939766026,0.004089554764218189,0.0,0.002468651752165623,0.0010353669234942095,13891.0,0.0035687533395987714,1.5655348604166912,94.42084803109927,True
2075005637852020928,HOOD,False,,60,complete,True,0.016183081339896876,0.002662821137852483,0.0,0.002468651752165623,0.0010353669234942095,13891.0,0.0035687533395987714,0.18753678650614736,68.18083651285005,False
2074953820690587714,HOOD,False,,60,complete,True,0.016183081339896876,0.002662821137852483,0.0,0.002468651752165623,0.0010353669234942095,13891.0,0.0035687533395987714,0.18753678650614736,68.18083651285005,False
2074952874346578107,HOOD,False,,60,complete,True,0.016183081339896876,0.002662821137852483,0.0,0.002468651752165623,0.0010353669234942095,13891.0,0.0035687533395987714,0.18753678650614736,68.18083651285005,False
2074952799121776709,HOOD,False,,60,complete,True,0.016183081339896876,0.002662821137852483,0.0,0.002468651752165623,0.0010353669234942095,13891.0,0.0035687533395987714,0.18753678650614736,68.18083651285005,False
2074922515328348610,HOOD,False,,60,complete,True,0.017015789392968217,0.0009796793149031867,4.0,0.0013431431635813136,0.0006582170574046798,9575.0,0.00200936800658168,-0.552194514847805,28.71018276762402,False
2074695821896065360,HOOD,False,,59,partial,True,-0.0021235216023228753,0.003191854216059078,0.0,0.002468651752165623,0.0010353669234942095,13891.0,0.0035687533395987714,0.6984987133380253,83.42092002015694,False
2074646246476890610,HOOD,False,,59,partial,True,-0.0021235216023228753,0.003191854216059078,0.0,0.002468651752165623,0.0010353669234942095,13891.0,0.0035687533395987714,0.6984987133380253,83.42092002015694,False
2074588631457841308,HOOD,False,,59,partial,True,-0.0021235216023228753,0.003191854216059078,0.0,0.002468651752165623,0.0010353669234942095,13891.0,0.0035687533395987714,0.6984987133380253,83.42092002015694,False
2074588628270137489,HOOD,False,,59,partial,True,-0.0021235216023228753,0.003191854216059078,0.0,0.002468651752165623,0.0010353669234942095,13891.0,0.0035687533395987714,0.6984987133380253,83.42092002015694,False
2074587444595560870,HOOD,False,,59,partial,True,-0.0021235216023228753,0.003191854216059078,0.0,0.002468651752165623,0.0010353669234942095,13891.0,0.0035687533395987714,0.6984987133380253,83.42092002015694,False
2074329947280195668,HOOD,False,,28,partial,True,-0.003940904709567539,0.003987350748503729,,,,,,,,False
2074329479451640156,HOOD,False,,28,partial,True,-0.003940904709567539,0.003987350748503729,,,,,,,,False
2074205699123327371,HOOD,False,,60,complete,True,0.00406704984782047,0.0012624921185420829,5.0,0.0012864632027318789,0.0005528423224853343,6233.0,0.0019156052701326646,-0.043359712552455486,59.73046686988609,False
2073453889068695799,HOOD,False,,60,complete,True,0.01511246327459137,0.0028493204902436237,0.0,0.002468651752165623,0.0010353669234942095,13891.0,0.0035687533395987714,0.36766553908569966,74.71024404290549,False
2072378897912455230,HOOD,False,,60,complete,True,-0.004249850996087323,0.00141022475073823,4.0,0.0013431431635813136,0.0006582170574046798,9575.0,0.00200936800658168,0.10191408199206498,68.50130548302872,False
2072375933915525312,HOOD,False,,60,complete,True,-0.005983635486051964,0.0013230572461096488,4.0,0.0013431431635813136,0.0006582170574046798,9575.0,0.00200936800658168,-0.030515644111173114,62.79895561357702,False
2072375574035583273,HOOD,False,,60,complete,True,-0.004520402969451998,0.0013259609770642218,4.0,0.0013431431635813136,0.0006582170574046798,9575.0,0.00200936800658168,-0.026104134379076143,62.96605744125326,False
2072357156012081527,HOOD,False,,60,complete,True,-0.0004538807033851455,0.0010653588097577632,3.0,0.001506820760317169,0.0009091550161590528,8915.0,0.0022131931570161805,-0.4855739040240568,28.379136287156477,False
2071692785460072819,HOOD,False,,60,complete,True,-0.0014644142437032492,0.0030925641182741118,0.0,0.002468651752165623,0.0010353669234942095,13891.0,0.0035687533395987714,0.6026002491975283,80.79331941544885,False
2071630137414619508,HOOD,False,,57,partial,True,0.0071325837544296,0.001107454490116563,2.0,0.0015371103180510993,0.000647493927910186,10131.0,0.0021891213272673417,-0.6635673469885173,25.19988155167308,False
2070587111884120130,HOOD,False,,43,partial,True,0.022119496759164026,0.003888613284008472,5.0,0.0012864632027318789,0.0005528423224853343,6233.0,0.0019156052701326646,4.706857589300469,99.11759987165088,True
2070563776420782115,HOOD,False,,60,complete,True,-0.0017815249274562017,0.001005550565948699,4.0,0.0013431431635813136,0.0006582170574046798,9575.0,0.00200936800658168,-0.5128894698714237,31.665796344647518,False
2070186628589449475,HOOD,False,,56,partial,True,0.0007434154630416856,0.0011272369773041666,3.0,0.001506820760317169,0.0009091550161590528,8915.0,0.0022131931570161805,-0.41751271924632455,34.234436343241725,False
2070186626928529892,HOOD,False,,56,partial,True,0.0007434154630416856,0.0011272369773041666,3.0,0.001506820760317169,0.0009091550161590528,8915.0,0.0022131931570161805,-0.41751271924632455,34.234436343241725,False
2070160108424663202,HOOD,False,,59,partial,True,0.002152246722472051,0.0016036326930405427,1.0,0.0017163780306508124,0.0006345735237307441,13323.0,0.0024248767060085588,-0.17767103951552288,51.19717781280493,False
2069216058926637078,HOOD,False,,1,insufficient,False,-0.02943652802935648,,,,,,,,,False
2069083242704273719,HOOD,False,,58,partial,True,-0.005104588701095536,0.0016439769019200275,2.0,0.0015371103180510993,0.000647493927910186,10131.0,0.0021891213272673417,0.16504646493573247,66.53834764583951,False
2068887258149871697,HOOD,False,,60,complete,True,0.0020289184665384097,0.0035112579292447925,0.0,0.002468651752165623,0.0010353669234942095,13891.0,0.0035687533395987714,1.0069919691470621,89.05766323518826,False
2068041675264688273,HOOD,False,,60,complete,True,0.0020289184665384097,0.0035112579292447925,0.0,0.002468651752165623,0.0010353669234942095,13891.0,0.0035687533395987714,1.0069919691470621,89.05766323518826,False
2067754876109774854,HOOD,False,,60,complete,True,0.0020289184665384097,0.0035112579292447925,0.0,0.002468651752165623,0.0010353669234942095,13891.0,0.0035687533395987714,1.0069919691470621,89.05766323518826,False
2067754874813710593,HOOD,False,,60,complete,True,0.0020289184665384097,0.0035112579292447925,0.0,0.002468651752165623,0.0010353669234942095,13891.0,0.0035687533395987714,1.0069919691470621,89.05766323518826,False
2067704868643738008,HOOD,False,,60,complete,True,0.0020289184665384097,0.0035112579292447925,0.0,0.002468651752165623,0.0010353669234942095,13891.0,0.0035687533395987714,1.0069919691470621,89.05766323518826,False
2067634505914155336,HOOD,False,,59,partial,True,0.0023174080822740972,0.001312844959716277,2.0,0.0015371103180510993,0.000647493927910186,10131.0,0.0021891213272673417,-0.34635901383453616,43.677820550784716,False
2067326045368484137,HOOD,True,"fomc(ALL, 2026-06-17 18:00:00+00:00->2026-06-17 20:00:00+00:00)",42,partial,False,-0.02096492289287777,0.002604068100705926,5.0,0.0012864632027318789,0.0005528423224853343,6233.0,0.0019156052701326646,2.383328562926729,96.58270495748435,True
2066531788550295920,HOOD,False,,60,complete,True,-0.003250739056101848,0.0017169862572999806,1.0,0.0017163780306508124,0.0006345735237307441,13323.0,0.0024248767060085588,0.0009584809741074105,58.500337761765365,False
2066505950039527712,HOOD,False,,60,complete,True,0.054010847615236335,0.003222118536018492,0.0,0.002468651752165623,0.0010353669234942095,13891.0,0.0035687533395987714,0.727729239514462,83.89604780073428,False
2066498557150998570,HOOD,False,,60,complete,True,0.054010847615236335,0.003222118536018492,0.0,0.002468651752165623,0.0010353669234942095,13891.0,0.0035687533395987714,0.727729239514462,83.89604780073428,False
2066071564852834685,HOOD,False,,4,insufficient,False,0.035076192960095565,0.0012327333599884925,,,,,,,,False
2065929194102456363,HOOD,False,,4,insufficient,False,0.035076192960095565,0.0012327333599884925,,,,,,,,False
2065442952806027320,HOOD,False,,60,complete,True,0.015777893630221973,0.0028046092592272157,1.0,0.0017163780306508124,0.0006345735237307441,13323.0,0.0024248767060085588,1.7149017219920297,95.0536665916085,True
2064409512455393388,HOOD,False,,60,complete,True,0.006408423066850855,0.0013020522297213413,4.0,0.0013431431635813136,0.0006582170574046798,9575.0,0.00200936800658168,-0.06242763446756006,61.221932114882506,False
2064405466126434309,HOOD,False,,60,complete,True,0.0128269151424516,0.0012778575549337707,4.0,0.0013431431635813136,0.0006582170574046798,9575.0,0.00200936800658168,-0.09918553144909549,59.070496083550914,False
2064405257749242032,HOOD,False,,60,complete,True,0.012169398395967201,0.001300563462623726,4.0,0.0013431431635813136,0.0006582170574046798,9575.0,0.00200936800658168,-0.06468945232971848,61.07571801566579,False
2063368679866208664,HOOD,False,,60,complete,True,0.01740636002025253,0.0030599453241462907,0.0,0.002468651752165623,0.0010353669234942095,13891.0,0.0035687533395987714,0.5710956749372869,80.1022244618818,False
2062736952638550097,HOOD,True,"jobs_report(ALL, 2026-06-05 12:30:00+00:00->2026-06-05 20:00:00+00:00)",60,complete,False,-0.03626384482127576,0.002928638049684601,0.0,0.002468651752165623,0.0010353669234942095,13891.0,0.0035687533395987714,0.44427370343896316,77.258656684184,False
2062530235266957749,HOOD,False,,60,complete,True,-0.004768078817052435,0.002225804201761423,0.0,0.002468651752165623,0.0010353669234942095,13891.0,0.0035687533395987714,-0.23455216203413692,47.64235836152905,False
2062198005948923925,HOOD,False,,59,partial,True,0.0015436621938670347,0.001064024876697885,2.0,0.0015371103180510993,0.000647493927910186,10131.0,0.0021891213272673417,-0.7306407380222351,20.047379330766955,False
2061905160088240305,HOOD,False,,60,complete,True,-0.04294291458708688,0.0021602551705773012,0.0,0.002468651752165623,0.0010353669234942095,13891.0,0.0035687533395987714,-0.2978621149568203,43.70455690735008,False
2061822671084798120,HOOD,False,,59,partial,True,-0.0029493290406613637,0.0012728879073264662,1.0,0.0017163780306508124,0.0006345735237307441,13323.0,0.0024248767060085588,-0.6988790214836057,22.88523605794491,False
2061554505674793217,HOOD,False,,60,complete,True,-0.04826251730784625,0.0030131846725927423,0.0,0.002468651752165623,0.0010353669234942095,13891.0,0.0035687533395987714,0.5259323125654833,79.11597437189548,False
2060229087113904144,HOOD,False,,60,complete,True,0.016117853121944803,0.003596354480932161,0.0,0.002468651752165623,0.0010353669234942095,13891.0,0.0035687533395987714,1.08918172212872,90.39665970772442,True
2060011382716977412,HOOD,False,,60,complete,True,0.030896457618212025,0.0014306465212940165,1.0,0.0017163780306508124,0.0006345735237307441,13323.0,0.0024248767060085588,-0.4502732917013957,36.59836373189221,False
2060011381072773619,HOOD,False,,60,complete,True,0.030896457618212025,0.0014306465212940165,1.0,0.0017163780306508124,0.0006345735237307441,13323.0,0.0024248767060085588,-0.4502732917013957,36.59836373189221,False
2059734714806857867,HOOD,False,,60,complete,True,0.027960113034160017,0.0029184689197846144,0.0,0.002468651752165623,0.0010353669234942095,13891.0,0.0035687533395987714,0.43445193912601093,76.97070045353107,False
2059721027647905890,HOOD,False,,23,insufficient,False,-0.0038661495675774704,0.0007979471898108762,6.0,,,,,,,False
2059659590745424213,HOOD,False,,60,complete,True,0.0069870180987243735,0.0013280719551775784,2.0,0.0015371103180510993,0.000647493927910186,10131.0,0.0021891213272673417,-0.32284219799280744,44.724114105221595,False
2059340250720469045,HOOD,False,,60,complete,True,-0.004366198951803457,0.0006843783711553826,4.0,0.0013431431635813136,0.0006582170574046798,9575.0,0.00200936800658168,-1.0008321495395622,3.0182767624020888,False
2057980041951363152,HOOD,False,,60,complete,True,0.002244952192706373,0.0023807814391857613,0.0,0.002468651752165623,0.0010353669234942095,13891.0,0.0035687533395987714,-0.08486876583164572,55.892304369735804,False
2056909794972516732,HOOD,False,,60,complete,True,0.00720303544163392,0.0025601568562906513,0.0,0.002468651752165623,0.0010353669234942095,13891.0,0.0035687533395987714,0.08837939676130692,64.23583615290475,False
2056494739155984524,HOOD,False,,60,complete,True,-0.03388533079747724,0.0024174147592116437,0.0,0.002468651752165623,0.0010353669234942095,13891.0,0.0035687533395987714,-0.04948679718399914,57.648837376718745,False
2056159037671256568,HOOD,False,,50,partial,True,0.024166853648314612,0.003008196115425525,,,,,,,,False
2055433428439568819,HOOD,False,,50,partial,True,0.024166853648314612,0.003008196115425525,,,,,,,,False
2055322366839001470,HOOD,False,,60,complete,True,0.007453662706908171,0.000807581406280087,2.0,0.0015371103180510993,0.000647493927910186,10131.0,0.0021891213272673417,-1.1266961438937315,2.6650873556411017,False
2055012020790112480,HOOD,False,,13,insufficient,False,-0.005262466813798716,0.0009205187651700254,6.0,,,,,,,False
2054985595030847868,HOOD,False,,59,partial,True,0.008050130380383269,0.0012040046633290927,4.0,0.0013431431635813136,0.0006582170574046798,9575.0,0.00200936800658168,-0.21138695615218148,51.72845953002611,False
2054797602219262039,HOOD,False,,60,complete,True,-0.012059357483830135,0.002148640345997343,0.0,0.002468651752165623,0.0010353669234942095,13891.0,0.0035687533395987714,-0.30908019070986825,42.95587070765244,False
2054334791823360303,HOOD,False,,60,complete,True,-0.014139477509428344,0.002032654416044423,0.0,0.002468651752165623,0.0010353669234942095,13891.0,0.0035687533395987714,-0.42110417691321805,36.30408177956951,False
2054279202325909795,HOOD,True,"cpi(ALL, 2026-05-12 12:30:00+00:00->2026-05-12 20:00:00+00:00)",44,partial,False,0.0036487567155794043,0.000752404622612678,5.0,0.0012864632027318789,0.0005528423224853343,6233.0,0.0019156052701326646,-0.966023327805856,7.396117439435264,False
2054279092816761193,HOOD,True,"cpi(ALL, 2026-05-12 12:30:00+00:00->2026-05-12 20:00:00+00:00)",45,partial,False,0.0019014969241459845,0.0007601068976590184,5.0,0.0012864632027318789,0.0005528423224853343,6233.0,0.0019156052701326646,-0.9520911906790992,8.118081180811808,False
2054279004484751510,HOOD,True,"cpi(ALL, 2026-05-12 12:30:00+00:00->2026-05-12 20:00:00+00:00)",45,partial,False,0.0019014969241459845,0.0007601068976590184,5.0,0.0012864632027318789,0.0005528423224853343,6233.0,0.0019156052701326646,-0.9520911906790992,8.118081180811808,False
2052887141894799538,HOOD,False,,60,complete,True,0.0026439315654767093,0.002559269554291029,0.0,0.002468651752165623,0.0010353669234942095,13891.0,0.0035687533395987714,0.08752240396050583,64.22143834137212,False
2052511267651453273,HOOD,True,"jobs_report(ALL, 2026-05-08 12:30:00+00:00->2026-05-08 20:00:00+00:00)",60,complete,False,-0.021705163501807623,0.0020013516730849235,0.0,0.002468651752165623,0.0010353669234942095,13891.0,0.0035687533395987714,-0.4513376547742428,34.41796846879274,False
2052067593578549739,HOOD,False,,60,complete,True,-0.004874719521476556,0.0010396708839655092,3.0,0.001506820760317169,0.0009091550161590528,8915.0,0.0022131931570161805,-0.5138286299351329,25.54122265844083,False
2051354924278264116,HOOD,False,,60,complete,True,-0.00434532839403956,0.0010012835057056958,4.0,0.0013431431635813136,0.0006582170574046798,9575.0,0.00200936800658168,-0.5193722253621853,31.321148825065276,False
2051354922969698316,HOOD,False,,60,complete,True,-0.00434532839403956,0.0010012835057056958,4.0,0.0013431431635813136,0.0006582170574046798,9575.0,0.00200936800658168,-0.5193722253621853,31.321148825065276,False
2050995457011384495,HOOD,False,,1,insufficient,False,0.01988565980353585,,,,,,,,,False
2050324219456839858,HOOD,False,,1,insufficient,False,0.01988565980353585,,,,,,,,,False
2050324217921749208,HOOD,False,,1,insufficient,False,0.01988565980353585,,,,,,,,,False
2050324216357282248,HOOD,False,,1,insufficient,False,0.01988565980353585,,,,,,,,,False
2050324214847345123,HOOD,False,,1,insufficient,False,0.01988565980353585,,,,,,,,,False
2050324213748449747,HOOD,False,,1,insufficient,False,0.01988565980353585,,,,,,,,,False
2050321017982292384,HOOD,False,,1,insufficient,False,0.01988565980353585,,,,,,,,,False
2049228409172333016,HOOD,True,"earnings(HOOD, 2026-04-28 20:00:00+00:00->2026-04-29 20:00:00+00:00)",60,complete,False,-0.1355299589458393,0.004083233294111634,0.0,0.002468651752165623,0.0010353669234942095,13891.0,0.0035687533395987714,1.5594293243375383,94.3992513138003,True
2049223735912337474,HOOD,True,"earnings(HOOD, 2026-04-28 20:00:00+00:00->2026-04-29 20:00:00+00:00)",60,complete,False,-0.1355299589458393,0.004083233294111634,0.0,0.002468651752165623,0.0010353669234942095,13891.0,0.0035687533395987714,1.5594293243375383,94.3992513138003,True
2048584630178332674,HOOD,False,,60,complete,True,-0.0025128251603865337,0.002325495030950629,0.0,0.002468651752165623,0.0010353669234942095,13891.0,0.0035687533395987714,-0.13826665500561006,53.09912893240227,False
2048582660684124263,HOOD,False,,60,complete,True,-0.0025128251603865337,0.002325495030950629,0.0,0.002468651752165623,0.0010353669234942095,13891.0,0.0035687533395987714,-0.13826665500561006,53.09912893240227,False
2047740014126325970,HOOD,False,,55,partial,True,-0.0012964341131821433,0.0006222775254572297,4.0,0.0013431431635813136,0.0006582170574046798,9575.0,0.00200936800658168,-1.0951792118035117,0.4699738903394256,False
2047504081493868930,HOOD,False,,2,insufficient,False,0.01696439417768314,0.0,,,,,,,,False
2047461655026762103,HOOD,False,,2,insufficient,False,0.01696439417768314,0.0,,,,,,,,False
2047461630578160039,HOOD,False,,2,insufficient,False,0.01696439417768314,0.0,,,,,,,,False
2047353335536357724,HOOD,False,,59,partial,True,-0.015795746617623507,0.0014716152124137386,3.0,0.001506820760317169,0.0009091550161590528,8915.0,0.0022131931570161805,-0.03872337200774043,61.97420078519349,False
2047353333468610723,HOOD,False,,59,partial,True,-0.015795746617623507,0.0014716152124137386,3.0,0.001506820760317169,0.0009091550161590528,8915.0,0.0022131931570161805,-0.03872337200774043,61.97420078519349,False
2047353331404964341,HOOD,False,,59,partial,True,-0.015795746617623507,0.0014716152124137386,3.0,0.001506820760317169,0.0009091550161590528,8915.0,0.0022131931570161805,-0.03872337200774043,61.97420078519349,False
2047353329383309382,HOOD,False,,59,partial,True,-0.015795746617623507,0.0014716152124137386,3.0,0.001506820760317169,0.0009091550161590528,8915.0,0.0022131931570161805,-0.03872337200774043,61.97420078519349,False
2047353327730754011,HOOD,False,,59,partial,True,-0.015795746617623507,0.0014716152124137386,3.0,0.001506820760317169,0.0009091550161590528,8915.0,0.0022131931570161805,-0.03872337200774043,61.97420078519349,False
2046951776780439823,HOOD,False,,60,complete,True,-0.00911041172458349,0.001646622668624582,0.0,0.002468651752165623,0.0010353669234942095,13891.0,0.0035687533395987714,-0.7939495312123888,15.729609099416889,False
2046730273862390231,HOOD,False,,60,complete,True,0.02800469399548966,0.002132131085767977,0.0,0.002468651752165623,0.0010353669234942095,13891.0,0.0035687533395987714,-0.32502551391340423,42.00561514649773,False
2046703249223495820,HOOD,False,,60,complete,True,0.02800469399548966,0.002132131085767977,0.0,0.002468651752165623,0.0010353669234942095,13891.0,0.0035687533395987714,-0.32502551391340423,42.00561514649773,False
2046327074953244727,HOOD,False,,60,complete,True,-0.017074522743846354,0.002069241734110477,0.0,0.002468651752165623,0.0010353669234942095,13891.0,0.0035687533395987714,-0.38576663885224016,38.18299618457994,False
2046327072898052197,HOOD,False,,60,complete,True,-0.017074522743846354,0.002069241734110477,0.0,0.002468651752165623,0.0010353669234942095,13891.0,0.0035687533395987714,-0.38576663885224016,38.18299618457994,False
2046301753273151996,HOOD,False,,57,partial,True,0.006572859023685873,0.0006724977939130476,5.0,0.0012864632027318789,0.0005528423224853343,6233.0,0.0019156052701326646,-1.1105615179002841,2.1017166693406066,False
2045965514686730330,HOOD,False,,26,insufficient,False,0.01359673274384865,0.004908330688894622,,,,,,,,False
2045632406372397293,HOOD,False,,26,insufficient,False,0.01359673274384865,0.004908330688894622,,,,,,,,False
2044970372987318726,HOOD,False,,4,insufficient,False,0.03218917606842475,0.01360691103938737,,,,,,,,False
2044925534724079661,HOOD,False,,4,insufficient,False,0.03218917606842475,0.01360691103938737,,,,,,,,False
2044923459399197175,HOOD,False,,4,insufficient,False,0.03218917606842475,0.01360691103938737,,,,,,,,False
2042704969443549595,HOOD,False,,60,complete,True,0.02097137745500688,0.002128202381699266,0.0,0.002468651752165623,0.0010353669234942095,13891.0,0.0035687533395987714,-0.32882001804480177,41.77525016197538,False
2041940987912871982,HOOD,False,,60,complete,True,-0.020001902113146675,0.0010142988483548337,4.0,0.0013431431635813136,0.0006582170574046798,9575.0,0.00200936800658168,-0.4995985921773256,32.71018276762402,False
2041623199344136421,HOOD,False,,60,complete,True,0.036980389583590956,0.002548079589141642,0.0,0.002468651752165623,0.0010353669234942095,13891.0,0.0035687533395987714,0.07671467493665157,63.83989633575696,False
2041573811590721647,HOOD,False,,50,partial,True,-0.001959954299435629,0.0007694713126229142,4.0,0.0013431431635813136,0.0006582170574046798,9575.0,0.00200936800658168,-0.8715542152923866,8.240208877284596,False
2041221757705789598,HOOD,False,,58,partial,True,-0.002870646690394052,0.0006451998796702716,5.0,0.0012864632027318789,0.0005528423224853343,6233.0,0.0019156052701326646,-1.159938913827674,1.2353601796887534,False
2041163324440903877,HOOD,False,,58,partial,True,-0.00502497755858855,0.001567906203577108,1.0,0.0017163780306508124,0.0006345735237307441,13323.0,0.0024248767060085588,-0.23397103963748472,48.72025820010508,False
2040910116707537261,HOOD,False,,60,complete,True,0.014771634687299473,0.0033642616270852677,0.0,0.002468651752165623,0.0010353669234942095,13891.0,0.0035687533395987714,0.8650168887925207,86.61723418040458,False
2040059243462537227,HOOD,False,,60,complete,True,0.014771634687299473,0.0033642616270852677,0.0,0.002468651752165623,0.0010353669234942095,13891.0,0.0035687533395987714,0.8650168887925207,86.61723418040458,False
2039801627838738926,HOOD,False,,60,complete,True,0.014771634687299473,0.0033642616270852677,0.0,0.002468651752165623,0.0010353669234942095,13891.0,0.0035687533395987714,0.8650168887925207,86.61723418040458,False
2039443986415534426,HOOD,False,,3,insufficient,False,-0.03554522781814351,0.00037550463166002856,,,,,,,,False
2039084177317126236,HOOD,False,,60,complete,True,0.0031543819617787516,0.0027900480481735106,0.0,0.002468651752165623,0.0010353669234942095,13891.0,0.0035687533395987714,0.3104177743318504,73.06889352818372,False
2039060932895113299,HOOD,False,,37,partial,True,0.00815317062792964,0.0010355317273926742,5.0,0.0012864632027318789,0.0005528423224853343,6233.0,0.0019156052701326646,-0.45389338900670234,40.04492218835232,False
2037666308389806090,HOOD,False,,11,insufficient,False,0.013506198588136398,0.0036131376878231294,,,,,,,,False
2037564090978361407,HOOD,False,,50,partial,True,-0.0013690421422477561,0.0010222490700775102,2.0,0.0015371103180510993,0.000647493927910186,10131.0,0.0021891213272673417,-0.7951599633301975,15.822722337380318,False
2037321516904509538,HOOD,False,,60,complete,True,-0.048733687518112134,0.0026096858905070657,0.0,0.002468651752165623,0.0010353669234942095,13891.0,0.0035687533395987714,0.13621657708117002,65.9923691598877,False
2037321515528835517,HOOD,False,,60,complete,True,-0.048733687518112134,0.0026096858905070657,0.0,0.002468651752165623,0.0010353669234942095,13891.0,0.0035687533395987714,0.13621657708117002,65.9923691598877,False
2036915091120284091,HOOD,False,,59,partial,True,-0.0012344539180711989,0.0020606759052965835,0.0,0.002468651752165623,0.0010353669234942095,13891.0,0.0035687533395987714,-0.3940398689695258,37.73666402706788,False
2035873089045909973,HOOD,False,,60,complete,True,0.011294047400727925,0.0018136592041231238,0.0,0.002468651752165623,0.0010353669234942095,13891.0,0.0035687533395987714,-0.6326187684574629,23.785184651932905,False
2035871150841221156,HOOD,False,,60,complete,True,0.011294047400727925,0.0018136592041231238,0.0,0.002468651752165623,0.0010353669234942095,13891.0,0.0035687533395987714,-0.6326187684574629,23.785184651932905,False
2035478403995087152,HOOD,False,,60,complete,True,0.011294047400727925,0.0018136592041231238,0.0,0.002468651752165623,0.0010353669234942095,13891.0,0.0035687533395987714,-0.6326187684574629,23.785184651932905,False
2035098184801034642,HOOD,False,,60,complete,True,0.011294047400727925,0.0018136592041231238,0.0,0.002468651752165623,0.0010353669234942095,13891.0,0.0035687533395987714,-0.6326187684574629,23.785184651932905,False
2035098183270068713,HOOD,False,,60,complete,True,0.011294047400727925,0.0018136592041231238,0.0,0.002468651752165623,0.0010353669234942095,13891.0,0.0035687533395987714,-0.6326187684574629,23.785184651932905,False
2035098181378482478,HOOD,False,,60,complete,True,0.011294047400727925,0.0018136592041231238,0.0,0.002468651752165623,0.0010353669234942095,13891.0,0.0035687533395987714,-0.6326187684574629,23.785184651932905,False
2035098179876921595,HOOD,False,,60,complete,True,0.011294047400727925,0.0018136592041231238,0.0,0.002468651752165623,0.0010353669234942095,13891.0,0.0035687533395987714,-0.6326187684574629,23.785184651932905,False
2035098178484412802,HOOD,False,,60,complete,True,0.011294047400727925,0.0018136592041231238,0.0,0.002468651752165623,0.0010353669234942095,13891.0,0.0035687533395987714,-0.6326187684574629,23.785184651932905,False
2035098177079304309,HOOD,False,,60,complete,True,0.011294047400727925,0.0018136592041231238,0.0,0.002468651752165623,0.0010353669234942095,13891.0,0.0035687533395987714,-0.6326187684574629,23.785184651932905,False
2035098175661645961,HOOD,False,,60,complete,True,0.011294047400727925,0.0018136592041231238,0.0,0.002468651752165623,0.0010353669234942095,13891.0,0.0035687533395987714,-0.6326187684574629,23.785184651932905,False
2035098174294303207,HOOD,False,,60,complete,True,0.011294047400727925,0.0018136592041231238,0.0,0.002468651752165623,0.0010353669234942095,13891.0,0.0035687533395987714,-0.6326187684574629,23.785184651932905,False
2035098172700467279,HOOD,False,,60,complete,True,0.011294047400727925,0.0018136592041231238,0.0,0.002468651752165623,0.0010353669234942095,13891.0,0.0035687533395987714,-0.6326187684574629,23.785184651932905,False
2034359937325822181,HOOD,False,,2,insufficient,False,-0.0017608708129168704,0.0,6.0,,,,,,,False
2034346503528210621,HOOD,True,"fomc(ALL, 2026-03-18 18:00:00+00:00->2026-03-18 20:00:00+00:00)",48,partial,False,-0.005868777966653749,0.0008516139554815928,5.0,0.0012864632027318789,0.0005528423224853343,6233.0,0.0019156052701326646,-0.7865701115200376,16.34846783250441,False
2034101337198367068,HOOD,False,,59,partial,True,-0.01491319301582028,0.0022734003729265612,0.0,0.002468651752165623,0.0010353669234942095,13891.0,0.0035687533395987714,-0.18858182042373656,50.34914692966669,False
2034032880188592131,HOOD,False,,59,partial,True,-0.01491319301582028,0.0022734003729265612,0.0,0.002468651752165623,0.0010353669234942095,13891.0,0.0035687533395987714,-0.18858182042373656,50.34914692966669,False
2033947181389144469,HOOD,False,,55,partial,True,0.006237285693909467,0.0009552514612615984,3.0,0.001506820760317169,0.0009091550161590528,8915.0,0.0022131931570161805,-0.6066834469943416,17.52103196859226,False
2033784669079277621,HOOD,False,,60,complete,True,0.014374168801993159,0.0023627291843273173,0.0,0.002468651752165623,0.0010353669234942095,13891.0,0.0035687533395987714,-0.10230437677189125,55.050032395075945,False
2033736673197232267,HOOD,False,,60,complete,True,0.014374168801993159,0.0023627291843273173,0.0,0.002468651752165623,0.0010353669234942095,13891.0,0.0035687533395987714,-0.10230437677189125,55.050032395075945,False
2032584581699015050,HOOD,False,,1,insufficient,False,0.014721353396918602,,,,,,,,,False
2032521471634071802,HOOD,False,,59,partial,True,-0.0031939673054778295,0.001053193414998304,4.0,0.0013431431635813136,0.0006582170574046798,9575.0,0.00200936800658168,-0.4405078010683413,37.0443864229765,False
2032143283951190098,HOOD,False,,53,partial,True,-0.0022703470142763083,0.0012184092445088638,3.0,0.001506820760317169,0.0009091550161590528,8915.0,0.0022131931570161805,-0.31723029701444083,41.39091418956814,False
2031874122947707207,HOOD,False,,54,partial,True,-0.015528309433189502,0.002350646146216,,,,,,,,False
2031580721702416848,HOOD,True,"cpi(ALL, 2026-03-11 12:30:00+00:00->2026-03-11 20:00:00+00:00)",60,complete,False,-0.0036169184130051546,0.00243876180828596,0.0,0.002468651752165623,0.0010353669234942095,13891.0,0.0035687533395987714,-0.028868938345826847,58.78626448779786,False
2031503194384413175,HOOD,True,"cpi(ALL, 2026-03-11 12:30:00+00:00->2026-03-11 20:00:00+00:00)",60,complete,False,-0.0036169184130051546,0.00243876180828596,0.0,0.002468651752165623,0.0010353669234942095,13891.0,0.0035687533395987714,-0.028868938345826847,58.78626448779786,False
2031106624094613938,HOOD,False,,60,complete,True,-0.009696841867003037,0.002374868773879297,0.0,0.002468651752165623,0.0010353669234942095,13891.0,0.0035687533395987714,-0.09057946140467979,55.63314376214815,False
2030835715089514970,HOOD,False,,59,partial,True,0.0068505824138810345,0.002925027327911013,0.0,0.002468651752165623,0.0010353669234942095,13891.0,0.0035687533395987714,0.44078631969929133,77.1650709092218,False
2030824452767003070,HOOD,False,,59,partial,True,0.0068505824138810345,0.002925027327911013,0.0,0.002468651752165623,0.0010353669234942095,13891.0,0.0035687533395987714,0.44078631969929133,77.1650709092218,False
2029946098337345800,HOOD,True,"jobs_report(ALL, 2026-03-06 13:30:00+00:00->2026-03-06 21:00:00+00:00)",60,complete,False,0.001192537139118377,0.00196893512196529,1.0,0.0017163780306508124,0.0006345735237307441,13323.0,0.0024248767060085588,0.3979950027376815,73.6170532162426,False
2029913136019673545,HOOD,True,"jobs_report(ALL, 2026-03-06 13:30:00+00:00->2026-03-06 21:00:00+00:00)",60,complete,False,-0.021281121805167502,0.0026333784007191424,0.0,0.002468651752165623,0.0010353669234942095,13891.0,0.0035687533395987714,0.15909977884708887,67.01461377870564,False
2029905335129882817,HOOD,True,"jobs_report(ALL, 2026-03-06 13:30:00+00:00->2026-03-06 21:00:00+00:00)",60,complete,False,-0.021281121805167502,0.0026333784007191424,0.0,0.002468651752165623,0.0010353669234942095,13891.0,0.0035687533395987714,0.15909977884708887,67.01461377870564,False
2029698309233774624,HOOD,True,"jobs_report(ALL, 2026-03-06 13:30:00+00:00->2026-03-06 21:00:00+00:00)",60,complete,False,-0.021281121805167502,0.0026333784007191424,0.0,0.002468651752165623,0.0010353669234942095,13891.0,0.0035687533395987714,0.15909977884708887,67.01461377870564,False
2029694316218622104,HOOD,True,"jobs_report(ALL, 2026-03-06 13:30:00+00:00->2026-03-06 21:00:00+00:00)",60,complete,False,-0.021281121805167502,0.0026333784007191424,0.0,0.002468651752165623,0.0010353669234942095,13891.0,0.0035687533395987714,0.15909977884708887,67.01461377870564,False
2029412774808568237,HOOD,False,,60,complete,True,-0.007793584461802006,0.003091298114345351,0.0,0.002468651752165623,0.0010353669234942095,13891.0,0.0035687533395987714,0.6013774904826873,80.7789216039162,False
2029412625746968714,HOOD,False,,60,complete,True,-0.007793584461802006,0.003091298114345351,0.0,0.002468651752165623,0.0010353669234942095,13891.0,0.0035687533395987714,0.6013774904826873,80.7789216039162,False
2029353701425774882,HOOD,False,,60,complete,True,-0.007793584461802006,0.003091298114345351,0.0,0.002468651752165623,0.0010353669234942095,13891.0,0.0035687533395987714,0.6013774904826873,80.7789216039162,False
2029301551089570222,HOOD,False,,60,complete,True,-0.007793584461802006,0.003091298114345351,0.0,0.002468651752165623,0.0010353669234942095,13891.0,0.0035687533395987714,0.6013774904826873,80.7789216039162,False
2029300753496416329,HOOD,False,,60,complete,True,-0.007793584461802006,0.003091298114345351,0.0,0.002468651752165623,0.0010353669234942095,13891.0,0.0035687533395987714,0.6013774904826873,80.7789216039162,False
2028981421902066103,HOOD,False,,60,complete,True,0.09262616387926181,0.003049571988604915,0.0,0.002468651752165623,0.0010353669234942095,13891.0,0.0035687533395987714,0.561076680408886,79.87905838312577,False
2028980939380998628,HOOD,False,,60,complete,True,0.09262616387926181,0.003049571988604915,0.0,0.002468651752165623,0.0010353669234942095,13891.0,0.0035687533395987714,0.561076680408886,79.87905838312577,False
2028980936683946018,HOOD,False,,60,complete,True,0.09262616387926181,0.003049571988604915,0.0,0.002468651752165623,0.0010353669234942095,13891.0,0.0035687533395987714,0.561076680408886,79.87905838312577,False
2027893294211186945,HOOD,False,,60,complete,True,0.010776527237565614,0.003800723405781333,0.0,0.002468651752165623,0.0010353669234942095,13891.0,0.0035687533395987714,1.2865696434653002,92.24677848966957,True
2027802817013158000,HOOD,False,,60,complete,True,0.010776527237565614,0.003800723405781333,0.0,0.002468651752165623,0.0010353669234942095,13891.0,0.0035687533395987714,1.2865696434653002,92.24677848966957,True
2027802815046029745,HOOD,False,,60,complete,True,0.010776527237565614,0.003800723405781333,0.0,0.002468651752165623,0.0010353669234942095,13891.0,0.0035687533395987714,1.2865696434653002,92.24677848966957,True
2027500955538010371,HOOD,False,,1,insufficient,False,,,7.0,,,,,,,False
2026793469768073459,HOOD,False,,59,partial,True,0.006912763490148133,0.0035210201210190907,0.0,0.002468651752165623,0.0010353669234942095,13891.0,0.0035687533395987714,1.0164206958648834,89.23763587934634,False
2026452080311824868,HOOD,False,,59,partial,True,0.023201044698309525,0.002890020724858557,0.0,0.002468651752165623,0.0010353669234942095,13891.0,0.0035687533395987714,0.40697550127531257,75.89806349434886,False
2026436165440778404,HOOD,False,,59,partial,True,0.023201044698309525,0.002890020724858557,0.0,0.002468651752165623,0.0010353669234942095,13891.0,0.0035687533395987714,0.40697550127531257,75.89806349434886,False
2026028329783189595,HOOD,False,,41,partial,True,0.0012329453976516191,0.0009785477791470119,5.0,0.0012864632027318789,0.0005528423224853343,6233.0,0.0019156052701326646,-0.5569678931247803,33.54724851596342,False
2026028297822588941,HOOD,False,,41,partial,True,0.0012329453976516191,0.0009785477791470119,5.0,0.0012864632027318789,0.0005528423224853343,6233.0,0.0019156052701326646,-0.5569678931247803,33.54724851596342,False
2025254192940757164,HOOD,False,,60,complete,True,-0.04052905734124035,0.0021872412353495766,0.0,0.002468651752165623,0.0010353669234942095,13891.0,0.0035687533395987714,-0.27179786260346006,45.38190195090346,False
2025067088495390886,HOOD,False,,60,complete,True,-0.04052905734124035,0.0021872412353495766,0.0,0.002468651752165623,0.0010353669234942095,13891.0,0.0035687533395987714,-0.27179786260346006,45.38190195090346,False
2025066880566952094,HOOD,False,,60,complete,True,-0.04052905734124035,0.0021872412353495766,0.0,0.002468651752165623,0.0010353669234942095,13891.0,0.0035687533395987714,-0.27179786260346006,45.38190195090346,False
2024888735951982766,HOOD,False,,59,partial,True,-0.014093330548006877,0.001445641538869019,2.0,0.0015371103180510993,0.000647493927910186,10131.0,0.0021891213272673417,-0.14126584858841792,54.654032178462145,False
2024627759805505961,HOOD,False,,60,complete,True,0.011494564614420888,0.004044124892617136,0.0,0.002468651752165623,0.0010353669234942095,13891.0,0.0035687533395987714,1.5216568201102325,94.16168742351164,True
2024284301068816570,HOOD,False,,60,complete,True,0.0030805748625493123,0.0030813338323653354,0.0,0.002468651752165623,0.0010353669234942095,13891.0,0.0035687533395987714,0.5917535767242801,80.60614786552443,False
2023815960323649856,HOOD,False,,59,partial,True,0.02293056652191061,0.001356465436532576,3.0,0.001506820760317169,0.0009091550161590528,8915.0,0.0022131931570161805,-0.16537919399026765,53.10151430173864,False
2022459120050409852,HOOD,False,,60,complete,True,-0.027220259815748604,0.0048833110777404985,0.0,0.002468651752165623,0.0010353669234942095,13891.0,0.0035687533395987714,2.3321773863759905,98.01310200849471,True
2022379430308647250,HOOD,True,"cpi(ALL, 2026-02-13 13:30:00+00:00->2026-02-13 21:00:00+00:00)",59,partial,False,0.002892486125250504,0.0012641423485183286,4.0,0.0013431431635813136,0.0006582170574046798,9575.0,0.00200936800658168,-0.12002243663280579,57.75456919060053,False
2022040725937102909,HOOD,False,,49,partial,True,0.005887333222197144,0.0012317796176685085,5.0,0.0012864632027318789,0.0005528423224853343,6233.0,0.0019156052701326646,-0.09891352893811965,58.07797208406866,False
2021401110129541373,HOOD,True,"earnings(HOOD, 2026-02-10 21:00:00+00:00->2026-02-11 21:00:00+00:00); jobs_report(ALL, 2026-02-11 13:30:00+00:00->2026-02-11 21:00:00+00:00)",60,complete,False,-0.11988124726074345,0.004149763532802653,0.0,0.002468651752165623,0.0010353669234942095,13891.0,0.0035687533395987714,1.6236869678659689,94.80958894248074,True
2021343426181202354,HOOD,True,"earnings(HOOD, 2026-02-10 21:00:00+00:00->2026-02-11 21:00:00+00:00); jobs_report(ALL, 2026-02-11 13:30:00+00:00->2026-02-11 21:00:00+00:00)",60,complete,False,-0.11988124726074345,0.004149763532802653,0.0,0.002468651752165623,0.0010353669234942095,13891.0,0.0035687533395987714,1.6236869678659689,94.80958894248074,True
2021280624716239320,HOOD,False,,60,complete,True,-0.005734185102531986,0.0010734212939003448,3.0,0.001506820760317169,0.0009091550161590528,8915.0,0.0022131931570161805,-0.47670579682640474,29.287717330342122,False
2020983043297771958,HOOD,False,,60,complete,True,0.007963163157351127,0.0028206956958658977,0.0,0.002468651752165623,0.0010353669234942095,13891.0,0.0035687533395987714,0.3400185342141111,74.0119501835721,False
2019936302226108508,HOOD,False,,50,partial,True,0.04479591624236057,0.0038617391644050736,,,,,,,,False
2019871947094651215,HOOD,False,,27,insufficient,False,0.00858613843341316,0.0014865272536472838,6.0,,,,,,,False
2019832811017101801,HOOD,False,,60,complete,True,-0.007958576374852422,0.0013980855928435241,3.0,0.001506820760317169,0.0009091550161590528,8915.0,0.0022131931570161805,-0.11960025027747524,56.10768367919238,False
2019832751168659883,HOOD,False,,60,complete,True,-0.007958576374852422,0.0013980855928435241,3.0,0.001506820760317169,0.0009091550161590528,8915.0,0.0022131931570161805,-0.11960025027747524,56.10768367919238,False
2019574512124326012,HOOD,False,,60,complete,True,0.1035126596349667,0.004770278403365229,0.0,0.002468651752165623,0.0010353669234942095,13891.0,0.0035687533395987714,2.2230057759928807,97.66755453171118,True
2019544061510873238,HOOD,False,,60,complete,True,0.1035126596349667,0.004770278403365229,0.0,0.002468651752165623,0.0010353669234942095,13891.0,0.0035687533395987714,2.2230057759928807,97.66755453171118,True
2019532485626065317,HOOD,False,,60,complete,True,0.1035126596349667,0.004770278403365229,0.0,0.002468651752165623,0.0010353669234942095,13891.0,0.0035687533395987714,2.2230057759928807,97.66755453171118,True
2019524439873142888,HOOD,False,,60,complete,True,0.1035126596349667,0.004770278403365229,0.0,0.002468651752165623,0.0010353669234942095,13891.0,0.0035687533395987714,2.2230057759928807,97.66755453171118,True
2018782718096810200,HOOD,False,,37,partial,True,0.02086039243249882,0.0015163875417644479,5.0,0.0012864632027318789,0.0005528423224853343,6233.0,0.0019156052701326646,0.4158949662155585,75.58158190277555,False
2018744803081740528,HOOD,False,,58,partial,True,-0.00809889164775679,0.0011769425519036595,3.0,0.001506820760317169,0.0009091550161590528,8915.0,0.0022131931570161805,-0.36284044255418657,38.452047111609645,False
2018744402668372436,HOOD,False,,59,partial,True,-0.009617177187995485,0.0011740034994573308,3.0,0.001506820760317169,0.0009091550161590528,8915.0,0.0022131931570161805,-0.36607317228024083,38.29500841278743,False
2018484270533427312,HOOD,False,,60,complete,True,0.00035542069018001943,0.0031368427562229856,0.0,0.002468651752165623,0.0010353669234942095,13891.0,0.0035687533395987714,0.6453663806472757,82.0603268303218,False
2018452550689980471,HOOD,False,,60,complete,True,0.00035542069018001943,0.0031368427562229856,0.0,0.002468651752165623,0.0010353669234942095,13891.0,0.0035687533395987714,0.6453663806472757,82.0603268303218,False
2018448321120174340,HOOD,False,,60,complete,True,0.00035542069018001943,0.0031368427562229856,0.0,0.002468651752165623,0.0010353669234942095,13891.0,0.0035687533395987714,0.6453663806472757,82.0603268303218,False
2017408757526106212,HOOD,False,,60,complete,True,-0.08668913482267726,0.003336750007289647,0.0,0.002468651752165623,0.0010353669234942095,13891.0,0.0035687533395987714,0.8384450337609025,86.18529983442517,False
2017408525966970907,HOOD,False,,60,complete,True,-0.08668913482267726,0.003336750007289647,0.0,0.002468651752165623,0.0010353669234942095,13891.0,0.0035687533395987714,0.8384450337609025,86.18529983442517,False
2017400526032576883,HOOD,False,,60,complete,True,-0.08668913482267726,0.003336750007289647,0.0,0.002468651752165623,0.0010353669234942095,13891.0,0.0035687533395987714,0.8384450337609025,86.18529983442517,False
2017326986092478730,HOOD,False,,58,partial,True,-0.005148952708296628,0.0014068055665996037,5.0,0.0012864632027318789,0.0005528423224853343,6233.0,0.0019156052701326646,0.21767936167896637,69.35665008824002,False
2017326503185522912,HOOD,False,,59,partial,True,-0.006870521505356941,0.0013916403018341967,5.0,0.0012864632027318789,0.0005528423224853343,6233.0,0.0019156052701326646,0.19024791486564954,68.3298572116156,False
2017073570036535450,HOOD,False,,60,complete,True,0.022377339858974832,0.0025824925632526507,0.0,0.002468651752165623,0.0010353669234942095,13891.0,0.0035687533395987714,0.10995214208971642,65.05651141026564,False
2017006454679507009,HOOD,False,,60,complete,True,0.022377339858974832,0.0025824925632526507,0.0,0.002468651752165623,0.0010353669234942095,13891.0,0.0035687533395987714,0.10995214208971642,65.05651141026564,False
2016963751719600320,HOOD,False,,59,partial,True,0.006634954039588026,0.0009554429188666804,5.0,0.0012864632027318789,0.0005528423224853343,6233.0,0.0019156052701326646,-0.5987607504018105,29.552382480346544,False
2016958191871885377,HOOD,False,,58,partial,True,-0.0038724460232925084,0.0008277777792332193,5.0,0.0012864632027318789,0.0005528423224853343,6233.0,0.0019156052701326646,-0.8296857979986282,14.198620247072036,False
2016643357502513467,HOOD,False,,60,complete,True,-0.008474375420973512,0.0024068073203512815,0.0,0.002468651752165623,0.0010353669234942095,13891.0,0.0035687533395987714,-0.059731898335737436,57.23849974803829,False
2016640349561639234,HOOD,False,,60,complete,True,-0.008474375420973512,0.0024068073203512815,0.0,0.002468651752165623,0.0010353669234942095,13891.0,0.0035687533395987714,-0.059731898335737436,57.23849974803829,False
2016500601798992083,HOOD,False,,57,partial,True,-0.002090864671990822,0.003549572724476419,0.0,0.002468651752165623,0.0010353669234942095,13891.0,0.0035687533395987714,1.043997975773505,89.69836584839105,False
2016332563879502219,HOOD,False,,57,partial,True,-0.002090864671990822,0.003549572724476419,0.0,0.002468651752165623,0.0010353669234942095,13891.0,0.0035687533395987714,1.043997975773505,89.69836584839105,False
2016196503644033521,HOOD,False,,59,partial,True,-0.009236233840099084,0.0008649683535550361,2.0,0.0015371103180510993,0.000647493927910186,10131.0,0.0021891213272673417,-1.0380668227506469,4.382588095943145,False
2016165797907853662,HOOD,False,,58,partial,True,-0.004867060219843733,0.001278189861906486,0.0,0.002468651752165623,0.0010353669234942095,13891.0,0.0035687533395987714,-1.149797104046462,3.189115254481319,False
2015910475364728968,HOOD,False,,60,complete,True,-0.013960364540008707,0.002129128208783298,0.0,0.002468651752165623,0.0010353669234942095,13891.0,0.0035687533395987714,-0.32792581613142835,41.82564250233965,False
2015908355446079783,HOOD,False,,60,complete,True,-0.013960364540008707,0.002129128208783298,0.0,0.002468651752165623,0.0010353669234942095,13891.0,0.0035687533395987714,-0.32792581613142835,41.82564250233965,False
2015848539994325075,HOOD,False,,48,partial,True,-0.0010009658440707225,0.0007019952961393202,3.0,0.001506820760317169,0.0009091550161590528,8915.0,0.0022131931570161805,-0.8852455850466847,2.434099831744251,False
2015543492643369300,HOOD,False,,60,complete,True,0.006711995841661711,0.001620898207886366,0.0,0.002468651752165623,0.0010353669234942095,13891.0,0.0035687533395987714,-0.8187952744503509,14.772154632495859,False
2014828363450614255,HOOD,False,,60,complete,True,0.006711995841661711,0.001620898207886366,0.0,0.002468651752165623,0.0010353669234942095,13891.0,0.0035687533395987714,-0.8187952744503509,14.772154632495859,False
2014776723917963326,HOOD,False,,50,partial,True,-0.007143866651195818,0.0008834764506805147,4.0,0.0013431431635813136,0.0006582170574046798,9575.0,0.00200936800658168,-0.6983512622921747,18.60052219321149,False
2014491376604549135,HOOD,False,,58,partial,True,0.012864141051531996,0.0023000969781314614,0.0,0.002468651752165623,0.0010353669234942095,13891.0,0.0035687533395987714,-0.1627971400373832,51.88971276365992,False
2014451475024625935,HOOD,False,,58,partial,True,0.012864141051531996,0.0023000969781314614,0.0,0.002468651752165623,0.0010353669234942095,13891.0,0.0035687533395987714,-0.1627971400373832,51.88971276365992,False
2012695273550589977,HOOD,False,,60,complete,True,-0.0028470702464332698,0.0029938518480609037,0.0,0.002468651752165623,0.0010353669234942095,13891.0,0.0035687533395987714,0.5072598747145683,78.77762580087827,False
2012297126211109141,HOOD,False,,60,complete,True,-0.0028470702464332698,0.0029938518480609037,0.0,0.002468651752165623,0.0010353669234942095,13891.0,0.0035687533395987714,0.5072598747145683,78.77762580087827,False
2011853930968596973,HOOD,False,,58,partial,True,-0.004863971517763743,0.0007476824463639193,3.0,0.001506820760317169,0.0009091550161590528,8915.0,0.0022131931570161805,-0.8349932634815289,3.5109366236679755,False
2011834003444404424,HOOD,False,,58,partial,True,0.004460821975900586,0.0008965081199779336,1.0,0.0017163780306508124,0.0006345735237307441,13323.0,0.0024248767060085588,-1.2920014466609826,1.7188320948735272,False
2011622052457783432,HOOD,False,,60,complete,True,-0.034899451975251794,0.0025631504830333613,0.0,0.002468651752165623,0.0010353669234942095,13891.0,0.0035687533395987714,0.0912707647148117,64.33662083363329,False
2011530170851869028,HOOD,False,,52,partial,True,0.007168118153062952,0.0011114349129996818,5.0,0.0012864632027318789,0.0005528423224853343,6233.0,0.0019156052701326646,-0.3165971247377504,47.63356329215466,False
2010871340056690809,HOOD,True,"cpi(ALL, 2026-01-13 13:30:00+00:00->2026-01-13 21:00:00+00:00)",33,partial,False,-0.005166217357762015,0.0027839091761503597,,,,,,,,False
2010853052065227144,HOOD,True,"cpi(ALL, 2026-01-13 13:30:00+00:00->2026-01-13 21:00:00+00:00)",33,partial,False,-0.005166217357762015,0.0027839091761503597,,,,,,,,False
2010825179300069648,HOOD,True,"cpi(ALL, 2026-01-13 13:30:00+00:00->2026-01-13 21:00:00+00:00)",33,partial,False,-0.005166217357762015,0.0027839091761503597,,,,,,,,False
2010068175627661365,HOOD,False,,20,insufficient,False,0.009564214387152825,0.004312158739618,,,,,,,,False
2010035249967952039,HOOD,False,,20,insufficient,False,0.009564214387152825,0.004312158739618,,,,,,,,False
2009665993585664474,HOOD,True,"jobs_report(ALL, 2026-01-09 13:30:00+00:00->2026-01-09 21:00:00+00:00)",53,partial,False,-0.009052246581005785,0.0009887632769223563,2.0,0.0015371103180510993,0.000647493927910186,10131.0,0.0021891213272673417,-0.8468759589739416,12.06198795775343,False
2009424123278315669,HOOD,True,"jobs_report(ALL, 2026-01-09 13:30:00+00:00->2026-01-09 21:00:00+00:00)",59,partial,False,0.008063592129059272,0.0021529536099835415,0.0,0.002468651752165623,0.0010353669234942095,13891.0,0.0035687533395987714,-0.30491426277811445,43.11424663451155,False
2009012760194240891,HOOD,False,,57,partial,True,-0.010660322189973481,0.0021445434754586543,0.0,0.002468651752165623,0.0010353669234942095,13891.0,0.0035687533395987714,-0.31303711694125913,42.69671010006479,False
2008943581193801844,HOOD,False,,52,partial,True,-0.005559879898003439,0.00076881516313707,2.0,0.0015371103180510993,0.000647493927910186,10131.0,0.0021891213272673417,-1.1865673511313601,1.5595696377455335,False
2008703788627206288,HOOD,False,,59,partial,True,-0.028216278638157344,0.002098828062058863,0.0,0.002468651752165623,0.0010353669234942095,13891.0,0.0035687533395987714,-0.35719094527248363,40.01151824922612,False
2008698877986349383,HOOD,False,,59,partial,True,-0.028216278638157344,0.002098828062058863,0.0,0.002468651752165623,0.0010353669234942095,13891.0,0.0035687533395987714,-0.35719094527248363,40.01151824922612,False
2006541263303237740,HOOD,False,,3,insufficient,False,0.012348653557562983,0.0006523640330438063,,,,,,,,False
2006161471382688067,HOOD,False,,52,partial,True,-0.005165749894282645,0.0011364071313397443,0.0,0.002468651752165623,0.0010353669234942095,13891.0,0.0035687533395987714,-1.2867367023178131,1.0078468072852926,False
2006160908205146195,HOOD,False,,52,partial,True,-0.005165749894282645,0.0011364071313397443,0.0,0.002468651752165623,0.0010353669234942095,13891.0,0.0035687533395987714,-1.2867367023178131,1.0078468072852926,False
2005742822847369513,HOOD,False,,11,insufficient,False,0.003928349435997069,0.000785032002597687,6.0,,,,,,,False
2005736558578856430,HOOD,False,,35,partial,True,0.001400371094675279,0.0006696082635274289,5.0,0.0012864632027318789,0.0005528423224853343,6233.0,0.0019156052701326646,-1.115788198760441,2.005454837157067,False
2005085844722647075,HOOD,False,,60,complete,True,-0.00670547884189876,0.0022435211331186017,0.0,0.002468651752165623,0.0010353669234942095,13891.0,0.0035687533395987714,-0.21744042033643374,48.83017781297243,False
2004993499289264254,HOOD,False,,60,complete,True,-0.00670547884189876,0.0022435211331186017,0.0,0.002468651752165623,0.0010353669234942095,13891.0,0.0035687533395987714,-0.21744042033643374,48.83017781297243,False
2004756962890993834,HOOD,False,,60,complete,True,-0.00670547884189876,0.0022435211331186017,0.0,0.002468651752165623,0.0010353669234942095,13891.0,0.0035687533395987714,-0.21744042033643374,48.83017781297243,False
2004631668884472086,HOOD,False,,44,partial,True,-0.008472446522088672,0.0006043807312013148,4.0,0.0013431431635813136,0.0006582170574046798,9575.0,0.00200936800658168,-1.1223690180453632,0.21932114882506526,False
2004406869939683671,HOOD,False,,58,partial,True,-0.0067393689478894014,0.0018409300859876876,0.0,0.002468651752165623,0.0010353669234942095,13891.0,0.0035687533395987714,-0.6062794280306617,25.563314376214812,False
2004406389360460070,HOOD,False,,58,partial,True,-0.0067393689478894014,0.0018409300859876876,0.0,0.002468651752165623,0.0010353669234942095,13891.0,0.0035687533395987714,-0.6062794280306617,25.563314376214812,False
2004405295775469665,HOOD,False,,58,partial,True,-0.0067393689478894014,0.0018409300859876876,0.0,0.002468651752165623,0.0010353669234942095,13891.0,0.0035687533395987714,-0.6062794280306617,25.563314376214812,False
2004280393839821311,HOOD,False,,58,partial,True,-0.0067393689478894014,0.0018409300859876876,0.0,0.002468651752165623,0.0010353669234942095,13891.0,0.0035687533395987714,-0.6062794280306617,25.563314376214812,False
2003644305072881910,HOOD,False,,57,partial,True,-0.004689385264763257,0.001844143849678193,0.0,0.002468651752165623,0.0010353669234942095,13891.0,0.0035687533395987714,-0.6031754427501012,25.786480454970846,False
2003594067750584680,HOOD,False,,57,partial,True,-0.004689385264763257,0.001844143849678193,0.0,0.002468651752165623,0.0010353669234942095,13891.0,0.0035687533395987714,-0.6031754427501012,25.786480454970846,False
2003533729080463698,HOOD,False,,46,partial,True,0.0012802287516808786,0.0007347963484378121,4.0,0.0013431431635813136,0.0006582170574046798,9575.0,0.00200936800658168,-0.92423435141925,6.046997389033942,False
2003274479678722528,HOOD,False,,59,partial,True,-0.0346849450234743,0.0018889497587369938,0.0,0.002468651752165623,0.0010353669234942095,13891.0,0.0035687533395987714,-0.5599000511550253,28.666042761500254,False
2003150133375172900,HOOD,False,,45,partial,True,0.001958140924944285,0.0009693864075057445,2.0,0.0015371103180510993,0.000647493927910186,10131.0,0.0021891213272673417,-0.8768019066645268,10.630737340835061,False
2002469986930217207,HOOD,False,,59,partial,True,0.00221170929061687,0.0023000057264412656,0.0,0.002468651752165623,0.0010353669234942095,13891.0,0.0035687533395987714,-0.16288527467653882,51.86091714059463,False
2002233659957592280,HOOD,False,,59,partial,True,0.00221170929061687,0.0023000057264412656,0.0,0.002468651752165623,0.0010353669234942095,13891.0,0.0035687533395987714,-0.16288527467653882,51.86091714059463,False
2002165900158644347,HOOD,False,,59,partial,True,0.00221170929061687,0.0023000057264412656,0.0,0.002468651752165623,0.0010353669234942095,13891.0,0.0035687533395987714,-0.16288527467653882,51.86091714059463,False
2002156180559573460,HOOD,False,,59,partial,True,0.00221170929061687,0.0023000057264412656,0.0,0.002468651752165623,0.0010353669234942095,13891.0,0.0035687533395987714,-0.16288527467653882,51.86091714059463,False
2002114423843107255,HOOD,False,,32,partial,True,-0.007842043101927931,0.0018862731830625412,6.0,,,,,,,False
2001849089571590259,HOOD,False,,1,insufficient,False,0.0235134949233321,,,,,,,,,False
2001830061591454199,HOOD,False,,1,insufficient,False,0.0235134949233321,,,,,,,,,False
2001820756393758881,HOOD,False,,1,insufficient,False,0.0235134949233321,,,,,,,,,False
2001782195934134614,HOOD,False,,1,insufficient,False,0.0235134949233321,,,,,,,,,False
2001781015078146176,HOOD,False,,1,insufficient,False,0.0235134949233321,,,,,,,,,False
2001487893685244103,HOOD,True,"cpi(ALL, 2025-12-18 13:30:00+00:00->2025-12-18 21:00:00+00:00)",60,complete,False,0.04720807330144461,0.0029562679289766238,0.0,0.002468651752165623,0.0010353669234942095,13891.0,0.0035687533395987714,0.47095977836086245,77.88496148585415,False
2001485557613105175,HOOD,True,"cpi(ALL, 2025-12-18 13:30:00+00:00->2025-12-18 21:00:00+00:00)",60,complete,False,0.04720807330144461,0.0029562679289766238,0.0,0.002468651752165623,0.0010353669234942095,13891.0,0.0035687533395987714,0.47095977836086245,77.88496148585415,False
2001108837214876066,HOOD,False,,60,complete,True,0.04316412776435041,0.0036324783297083402,0.0,0.002468651752165623,0.0010353669234942095,13891.0,0.0035687533395987714,1.1240716224688496,90.7854006191059,True
2001079324460638565,HOOD,False,,60,complete,True,0.04316412776435041,0.0036324783297083402,0.0,0.002468651752165623,0.0010353669234942095,13891.0,0.0035687533395987714,1.1240716224688496,90.7854006191059,True
2000654136061370651,HOOD,False,,59,partial,True,-0.016402868015256256,0.0011017405338620229,5.0,0.0012864632027318789,0.0005528423224853343,6233.0,0.0019156052701326646,-0.3341326475140772,46.68698860901653,False
1999277930938290615,HOOD,False,,60,complete,True,-0.011070020184442808,0.002344287516858961,0.0,0.002468651752165623,0.0010353669234942095,13891.0,0.0035687533395987714,-0.12011609844261878,54.15016917428551,False
1999015482482110774,HOOD,False,,60,complete,True,-0.06299768949849338,0.0037358911022886275,0.0,0.002468651752165623,0.0010353669234942095,13891.0,0.0035687533395987714,1.2239519356541353,91.71405946296163,True
1998949881680113992,HOOD,False,,60,complete,True,-0.06299768949849338,0.0037358911022886275,0.0,0.002468651752165623,0.0010353669234942095,13891.0,0.0035687533395987714,1.2239519356541353,91.71405946296163,True
1998948292240224313,HOOD,False,,60,complete,True,-0.06299768949849338,0.0037358911022886275,0.0,0.002468651752165623,0.0010353669234942095,13891.0,0.0035687533395987714,1.2239519356541353,91.71405946296163,True
1998943350377034124,HOOD,False,,60,complete,True,-0.06299768949849338,0.0037358911022886275,0.0,0.002468651752165623,0.0010353669234942095,13891.0,0.0035687533395987714,1.2239519356541353,91.71405946296163,True
1998612691603304922,HOOD,False,,59,partial,True,-0.002340023836580385,0.002167727480490462,0.0,0.002468651752165623,0.0010353669234942095,13891.0,0.0035687533395987714,-0.2906450504132256,44.22287812252538,False
1998470844457402627,HOOD,False,,57,partial,True,0.006386150937802482,0.0006178572181762676,4.0,0.0013431431635813136,0.0006582170574046798,9575.0,0.00200936800658168,-1.1018947887264057,0.34464751958224543,False
1998442329636745505,HOOD,False,,56,partial,True,0.00016673171757830563,0.000937418646354242,2.0,0.0015371103180510993,0.000647493927910186,10131.0,0.0021891213272673417,-0.9261734293515114,8.24202941466785,False
1998167470356775347,HOOD,False,,60,complete,True,0.009391057709996042,0.002033292277855596,0.0,0.002468651752165623,0.0010353669234942095,13891.0,0.0035687533395987714,-0.4204881037156888,36.35447411993377,False
1998123852615045400,HOOD,False,,43,partial,True,-0.0015894270198814064,0.0009337501557283078,5.0,0.0012864632027318789,0.0005528423224853343,6233.0,0.0019156052701326646,-0.6379993583304718,26.616396598748597,False
1997881396447297603,HOOD,False,,58,partial,True,0.011450014428377564,0.002174698092797675,0.0,0.002468651752165623,0.0010353669234942095,13891.0,0.0035687533395987714,-0.2839125460719741,44.68360809157008,False
1997503730674196589,HOOD,False,,58,partial,True,0.011450014428377564,0.002174698092797675,0.0,0.002468651752165623,0.0010353669234942095,13891.0,0.0035687533395987714,-0.2839125460719741,44.68360809157008,False
1997096186981785964,HOOD,False,,58,partial,True,0.011450014428377564,0.002174698092797675,0.0,0.002468651752165623,0.0010353669234942095,13891.0,0.0035687533395987714,-0.2839125460719741,44.68360809157008,False
1996640861103555013,HOOD,False,,47,partial,True,0.0020866657804948785,0.0007555978158632311,3.0,0.001506820760317169,0.0009091550161590528,8915.0,0.0022131931570161805,-0.8262869709806612,3.8586651710600113,False
1996635903943758100,HOOD,False,,54,partial,True,-6.540375841712631e-05,0.0007789745643499048,3.0,0.001506820760317169,0.0009091550161590528,8915.0,0.0022131931570161805,-0.8005743608413756,4.8233314638250135,False
1996358156453310773,HOOD,False,,56,partial,True,0.01281121020512832,0.0030456210154058186,0.0,0.002468651752165623,0.0010353669234942095,13891.0,0.0035687533395987714,0.5572606678345589,79.80706932546254,False
1996279106678497380,HOOD,False,,57,partial,True,-0.004365612202486879,0.0008790309662629653,3.0,0.001506820760317169,0.0009091550161590528,8915.0,0.0022131931570161805,-0.6905200795200523,11.104879416713406,False
1996270789385969821,HOOD,False,,56,partial,True,0.006689415317602698,0.0010463862543855272,3.0,0.001506820760317169,0.0009091550161590528,8915.0,0.0022131931570161805,-0.5064422433446604,26.102075154234438,False
1995885002249338883,HOOD,False,,59,partial,True,-0.00033665944538485704,0.0017626163980804233,1.0,0.0017163780306508124,0.0006345735237307441,13323.0,0.0024248767060085588,0.0728652641505893,61.382571492907005,False
1995870549348659609,HOOD,False,,59,partial,True,-0.005630620176444334,0.00202496556078089,0.0,0.002468651752165623,0.0010353669234942095,13891.0,0.0035687533395987714,-0.4285303898712137,35.79295947016053,False
1995629083766702163,HOOD,False,,59,partial,True,0.025435646379815324,0.002384615379828548,0.0,0.002468651752165623,0.0010353669234942095,13891.0,0.0035687533395987714,-0.08116578811834604,56.15146497732345,False
1995629080897810492,HOOD,False,,59,partial,True,0.025435646379815324,0.002384615379828548,0.0,0.002468651752165623,0.0010353669234942095,13891.0,0.0035687533395987714,-0.08116578811834604,56.15146497732345,False
1995265513669472492,HOOD,False,,60,complete,True,-0.05439448585398943,0.0027840404777919243,0.0,0.002468651752165623,0.0010353669234942095,13891.0,0.0035687533395987714,0.30461541553009186,72.85292635519401,False
1994963677666333024,HOOD,False,,60,complete,True,-0.05439448585398943,0.0027840404777919243,0.0,0.002468651752165623,0.0010353669234942095,13891.0,0.0035687533395987714,0.30461541553009186,72.85292635519401,False
1994922834477351317,HOOD,False,,60,complete,True,-0.05439448585398943,0.0027840404777919243,0.0,0.002468651752165623,0.0010353669234942095,13891.0,0.0035687533395987714,0.30461541553009186,72.85292635519401,False
1994922827208663383,HOOD,False,,60,complete,True,-0.05439448585398943,0.0027840404777919243,0.0,0.002468651752165623,0.0010353669234942095,13891.0,0.0035687533395987714,0.30461541553009186,72.85292635519401,False
1993765804903682479,HOOD,False,,60,complete,True,-0.000649203926020081,0.0009274683886989587,5.0,0.0012864632027318789,0.0005528423224853343,6233.0,0.0019156052701326646,-0.6493620322319723,25.66982191561046,False
1993536039651361023,HOOD,False,,60,complete,True,0.0632885870080917,0.0034349175280709407,0.0,0.002468651752165623,0.0010353669234942095,13891.0,0.0035687533395987714,0.9332592668155889,87.8194514433806,False
1993466831252926864,HOOD,False,,60,complete,True,0.0632885870080917,0.0034349175280709407,0.0,0.002468651752165623,0.0010353669234942095,13891.0,0.0035687533395987714,0.9332592668155889,87.8194514433806,False
1993465691421478944,HOOD,False,,60,complete,True,0.0632885870080917,0.0034349175280709407,0.0,0.002468651752165623,0.0010353669234942095,13891.0,0.0035687533395987714,0.9332592668155889,87.8194514433806,False
1993408593752998351,HOOD,False,,59,partial,True,-0.0026324272973277107,0.000974798547683396,5.0,0.0012864632027318789,0.0005528423224853343,6233.0,0.0019156052701326646,-0.5637496305409047,32.80924113588962,False
1993032173956559022,HOOD,False,,60,complete,True,0.0005660255936348335,0.0009896255368686115,4.0,0.0013431431635813136,0.0006582170574046798,9575.0,0.00200936800658168,-0.5370836606796643,30.13054830287206,False
1992968981947572531,HOOD,False,,60,complete,True,0.02620599670817869,0.0022840948430968536,0.0,0.002468651752165623,0.0010353669234942095,13891.0,0.0035687533395987714,-0.17825266084985322,50.92505939097257,False
1992401670345732602,HOOD,False,,60,complete,True,0.02557860391493083,0.0033081900240226527,0.0,0.002468651752165623,0.0010353669234942095,13891.0,0.0035687533395987714,0.810860626128284,85.7965589230437,False
1992401666906509404,HOOD,False,,60,complete,True,0.02557860391493083,0.0033081900240226527,0.0,0.002468651752165623,0.0010353669234942095,13891.0,0.0035687533395987714,0.810860626128284,85.7965589230437,False
1991995565950050466,HOOD,False,,60,complete,True,0.02557860391493083,0.0033081900240226527,0.0,0.002468651752165623,0.0010353669234942095,13891.0,0.0035687533395987714,0.810860626128284,85.7965589230437,False
1991338259864224004,HOOD,True,"jobs_report(ALL, 2025-11-20 13:30:00+00:00->2025-11-20 21:00:00+00:00)",13,insufficient,False,0.010564187318959473,0.0037650385741763376,,,,,,,,False
1991329300109488445,HOOD,True,"jobs_report(ALL, 2025-11-20 13:30:00+00:00->2025-11-20 21:00:00+00:00)",13,insufficient,False,0.010564187318959473,0.0037650385741763376,,,,,,,,False
1991325899200033290,HOOD,True,"jobs_report(ALL, 2025-11-20 13:30:00+00:00->2025-11-20 21:00:00+00:00)",13,insufficient,False,0.010564187318959473,0.0037650385741763376,,,,,,,,False
1991325596664885738,HOOD,True,"jobs_report(ALL, 2025-11-20 13:30:00+00:00->2025-11-20 21:00:00+00:00)",13,insufficient,False,0.010564187318959473,0.0037650385741763376,,,,,,,,False
1990903812497027495,HOOD,False,,57,partial,True,0.025572920134697474,0.0025212307512529025,0.0,0.002468651752165623,0.0010353669234942095,13891.0,0.0035687533395987714,0.05078296195693924,62.68087250737888,False
1990822181304193403,HOOD,False,,60,complete,True,-0.011792696325693575,0.00206724810563848,2.0,0.0015371103180510993,0.000647493927910186,10131.0,0.0021891213272673417,0.818753295955103,86.11193366893693,False
1990658075066577342,HOOD,False,,60,complete,True,-0.009717273328923248,0.005078071918222314,0.0,0.002468651752165623,0.0010353669234942095,13891.0,0.0035687533395987714,2.5202854242728616,98.39464401410986,True
1990520407238324427,HOOD,False,,19,insufficient,False,0.016716894781485303,0.0020979947631857014,6.0,,,,,,,False
1990502364269429223,HOOD,False,,60,complete,True,0.007529783267631651,0.001978151133212184,4.0,0.0013431431635813136,0.0006582170574046798,9575.0,0.00200936800658168,0.9647394616825613,89.44125326370758,False
1990211285284528272,HOOD,False,,1,insufficient,False,-0.0024564825646117283,,,,,,,,,False
1989882407558971803,HOOD,False,,1,insufficient,False,-0.0024564825646117283,,,,,,,,,False
1989462523910000662,HOOD,False,,1,insufficient,False,-0.0024564825646117283,,,,,,,,,False
1989462522454528327,HOOD,False,,1,insufficient,False,-0.0024564825646117283,,,,,,,,,False
1989447367402426722,HOOD,False,,1,insufficient,False,-0.0024564825646117283,,,,,,,,,False
1989195734193951031,HOOD,False,,60,complete,True,0.010628913419606256,0.005372908325135059,0.0,0.002468651752165623,0.0010353669234942095,13891.0,0.0035687533395987714,2.8050505642656627,98.88416960621986,True
1989195587296862319,HOOD,False,,60,complete,True,0.010628913419606256,0.005372908325135059,0.0,0.002468651752165623,0.0010353669234942095,13891.0,0.0035687533395987714,2.8050505642656627,98.88416960621986,True
1989060437326090735,HOOD,False,,59,partial,True,0.009615416687860145,0.0019599855189249304,5.0,0.0012864632027318789,0.0005528423224853343,6233.0,0.0019156052701326646,1.2182900780193409,90.80699502647201,True
1989014619495755840,HOOD,False,,56,partial,True,0.002626466211817613,0.0017492654039607256,2.0,0.0015371103180510993,0.000647493927910186,10131.0,0.0021891213272673417,0.3276557150031751,72.3620570526108,False
1988662096503111807,HOOD,False,,55,partial,True,0.010329822852007453,0.0015801858494283816,3.0,0.001506820760317169,0.0009091550161590528,8915.0,0.0022131931570161805,0.08069590752648698,68.8951205832866,False
1988429787975860655,HOOD,False,,57,partial,True,-0.006633843535039818,0.0027417878574354628,0.0,0.002468651752165623,0.0010353669234942095,13891.0,0.0035687533395987714,0.26380609528073984,71.42754301346196,False
1988312387146133915,HOOD,False,,48,partial,True,0.006205137196688915,0.001314450599911194,3.0,0.001506820760317169,0.0009091550161590528,8915.0,0.0022131931570161805,-0.21159225543152094,49.31015143017387,False
1988277941277782381,HOOD,False,,56,partial,True,0.0022860591421860477,0.001509459197337767,1.0,0.0017163780306508124,0.0006345735237307441,13323.0,0.0024248767060085588,-0.3260754279449629,43.90902949786084,False
1988055934946759023,HOOD,False,,54,partial,True,-0.02560479380484748,0.0028459490690870225,0.0,0.002468651752165623,0.0010353669234942095,13891.0,0.0035687533395987714,0.36440928173374254,74.63825498524224,False
1988039525097173249,HOOD,False,,54,partial,True,-0.02560479380484748,0.0028459490690870225,0.0,0.002468651752165623,0.0010353669234942095,13891.0,0.0035687533395987714,0.36440928173374254,74.63825498524224,False
1987636012739420357,HOOD,False,,60,complete,True,0.032282010939150174,0.003199020530733699,0.0,0.002468651752165623,0.0010353669234942095,13891.0,0.0035687533395987714,0.7054202350826412,83.5289036066518,False
1987635521838047459,HOOD,False,,60,complete,True,0.032282010939150174,0.003199020530733699,0.0,0.002468651752165623,0.0010353669234942095,13891.0,0.0035687533395987714,0.7054202350826412,83.5289036066518,False
1986889205415616817,HOOD,False,,49,partial,True,0.00021422083995736863,0.0028959928156610426,5.0,0.0012864632027318789,0.0005528423224853343,6233.0,0.0019156052701326646,2.9113719182956745,98.2993742980908,True
1986536542601683162,HOOD,True,"earnings(HOOD, 2025-11-05 21:00:00+00:00->2025-11-06 21:00:00+00:00)",15,insufficient,False,0.010176124218679083,0.001903203527186081,6.0,,,,,,,False
1986272024248148335,HOOD,True,"earnings(HOOD, 2025-11-05 21:00:00+00:00->2025-11-06 21:00:00+00:00)",60,complete,False,-0.07401246514413451,0.004454393455947817,0.0,0.002468651752165623,0.0010353669234942095,13891.0,0.0035687533395987714,1.9179110890278501,96.71729897055647,True
1986253069575987354,HOOD,True,"earnings(HOOD, 2025-11-05 21:00:00+00:00->2025-11-06 21:00:00+00:00)",60,complete,False,-0.07401246514413451,0.004454393455947817,0.0,0.002468651752165623,0.0010353669234942095,13891.0,0.0035687533395987714,1.9179110890278501,96.71729897055647,True
1986253067617255660,HOOD,True,"earnings(HOOD, 2025-11-05 21:00:00+00:00->2025-11-06 21:00:00+00:00)",60,complete,False,-0.07401246514413451,0.004454393455947817,0.0,0.002468651752165623,0.0010353669234942095,13891.0,0.0035687533395987714,1.9179110890278501,96.71729897055647,True
1986191795986780549,HOOD,True,"earnings(HOOD, 2025-11-05 21:00:00+00:00->2025-11-06 21:00:00+00:00)",60,complete,False,-0.07401246514413451,0.004454393455947817,0.0,0.002468651752165623,0.0010353669234942095,13891.0,0.0035687533395987714,1.9179110890278501,96.71729897055647,True
1986112854668550308,HOOD,False,,60,complete,True,0.004177035079507174,0.0011312249897782588,2.0,0.0015371103180510993,0.000647493927910186,10131.0,0.0021891213272673417,-0.626855806328335,28.082124173329387,False
1985813706211803476,HOOD,False,,10,insufficient,False,-0.005289961915650343,0.007507637473031585,6.0,,,,,,,False
1985794602859970649,HOOD,False,,60,complete,True,-0.003157039940316242,0.0011772517549904905,5.0,0.0012864632027318789,0.0005528423224853343,6233.0,0.0019156052701326646,-0.19754538192810933,54.00288785496551,False
1985771116691087613,HOOD,False,,54,partial,True,-0.000740680813688166,0.0013570580529961764,3.0,0.001506820760317169,0.0009091550161590528,8915.0,0.0022131931570161805,-0.16472736184605963,53.12394840157039,False
1985431247095808489,HOOD,False,,47,partial,True,-0.0006299649005977459,0.0007049296120856317,5.0,0.0012864632027318789,0.0005528423224853343,6233.0,0.0019156052701326646,-1.0518977418948854,3.866516926038826,False
1984385007042089328,HOOD,False,,59,partial,True,-0.022245344365068642,0.002362846282111999,0.0,0.002468651752165623,0.0010353669234942095,13891.0,0.0035687533395987714,-0.10219127891061648,55.050032395075945,False
1983964742919319976,HOOD,False,,58,partial,True,-0.01525050871238176,0.0013098634087010655,5.0,0.0012864632027318789,0.0005528423224853343,6233.0,0.0019156052701326646,0.04232708860636726,63.32424193807156,False
1983328781524935096,HOOD,False,,58,partial,True,-0.009138873322539931,0.0025461274699009615,0.0,0.002468651752165623,0.0010353669234942095,13891.0,0.0035687533395987714,0.0748292378066991,63.78230508962638,False
1982868325140230506,HOOD,False,,56,partial,True,0.0032979079688812973,0.0006477997040848773,4.0,0.0013431431635813136,0.0006582170574046798,9575.0,0.00200936800658168,-1.05640449707904,1.3159268929503916,False
1982868323735089546,HOOD,False,,56,partial,True,0.0032979079688812973,0.0006477997040848773,4.0,0.0013431431635813136,0.0006582170574046798,9575.0,0.00200936800658168,-1.05640449707904,1.3159268929503916,False
1982863923604033904,HOOD,False,,57,partial,True,0.00766240485876124,0.000761355807312073,4.0,0.0013431431635813136,0.0006582170574046798,9575.0,0.00200936800658168,-0.8838837427932998,7.885117493472585,False
1981791418910949698,HOOD,True,"cpi(ALL, 2025-10-24 12:30:00+00:00->2025-10-24 20:00:00+00:00)",56,partial,False,0.004249229624711082,0.0007402388704812239,5.0,0.0012864632027318789,0.0005528423224853343,6233.0,0.0019156052701326646,-0.9880291541267539,6.914808278517567,False
1981530430550819291,HOOD,True,"cpi(ALL, 2025-10-24 12:30:00+00:00->2025-10-24 20:00:00+00:00)",59,partial,False,0.02429278153672043,0.003073004984790354,0.0,0.002468651752165623,0.0010353669234942095,13891.0,0.0035687533395987714,0.5837092328438781,80.41897631560003,False
1981530428684325094,HOOD,True,"cpi(ALL, 2025-10-24 12:30:00+00:00->2025-10-24 20:00:00+00:00)",59,partial,False,0.02429278153672043,0.003073004984790354,0.0,0.002468651752165623,0.0010353669234942095,13891.0,0.0035687533395987714,0.5837092328438781,80.41897631560003,False
1981472545506525478,HOOD,True,"cpi(ALL, 2025-10-24 12:30:00+00:00->2025-10-24 20:00:00+00:00)",59,partial,False,0.02429278153672043,0.003073004984790354,0.0,0.002468651752165623,0.0010353669234942095,13891.0,0.0035687533395987714,0.5837092328438781,80.41897631560003,False
1981405533501608229,HOOD,False,,54,partial,True,0.002484535484318595,0.0010531878401404142,3.0,0.001506820760317169,0.0009091550161590528,8915.0,0.0022131931570161805,-0.4989610265730455,26.57319125070107,False
1981385174949769533,HOOD,False,,54,partial,True,0.007780427307435112,0.0010157388859037613,2.0,0.0015371103180510993,0.000647493927910186,10131.0,0.0021891213272673417,-0.8052143961103794,15.072549600236895,False
1979347061863780699,HOOD,False,,59,partial,True,0.04323165980422283,0.0019833349914858646,0.0,0.002468651752165623,0.0010353669234942095,13891.0,0.0035687533395987714,-0.46873890759604947,33.25174573464834,False
1978900057761157370,HOOD,False,,53,partial,True,-0.005039666718574809,0.00132584602041948,5.0,0.0012864632027318789,0.0005528423224853343,6233.0,0.0019156052701326646,0.07123698039352962,64.20664206642066,False
1977535866601185282,HOOD,False,,1,insufficient,False,0.022309408893108396,,,,,,,,,False
1976730288492265624,HOOD,False,,36,partial,True,-0.011667316667568928,0.0013910744067232158,5.0,0.0012864632027318789,0.0005528423224853343,6233.0,0.0019156052701326646,0.18922430453777725,68.24963901812932,False
1976726462456537300,HOOD,False,,51,partial,True,-0.01851761605922131,0.0012531643315963634,5.0,0.0012864632027318789,0.0005528423224853343,6233.0,0.0019156052701326646,-0.060232130900938416,59.20102679287662,False
1976071089974304833,HOOD,False,,60,complete,True,-0.012199983924137792,0.0019488763670275123,0.0,0.002468651752165623,0.0010353669234942095,13891.0,0.0035687533395987714,-0.5020204657339697,31.703980994888774,False
1974305906688225711,HOOD,False,,58,partial,True,-0.005775364660997151,0.0027988070490901342,0.0,0.002468651752165623,0.0010353669234942095,13891.0,0.0035687533395987714,0.31887757801870503,73.31365632423872,False
1974191753021251830,HOOD,False,,43,partial,True,0.0022568063952329576,0.0007100749382930452,5.0,0.0012864632027318789,0.0005528423224853343,6233.0,0.0019156052701326646,-1.04259070081257,4.1713460612867,False
1974174821388071306,HOOD,False,,60,complete,True,0.011645726021905833,0.0008881407147246878,4.0,0.0013431431635813136,0.0006582170574046798,9575.0,0.00200936800658168,-0.6912650526722599,19.080939947780678,False
1973651755562094734,HOOD,False,,60,complete,True,0.03826810431099392,0.002461561097672724,0.0,0.002468651752165623,0.0010353669234942095,13891.0,0.0035687533395987714,-0.006848446026234579,59.959686127708586,False
1973650654527901759,HOOD,False,,60,complete,True,0.03826810431099392,0.002461561097672724,0.0,0.002468651752165623,0.0010353669234942095,13891.0,0.0035687533395987714,-0.006848446026234579,59.959686127708586,False
1973646691569115458,HOOD,False,,60,complete,True,0.03826810431099392,0.002461561097672724,0.0,0.002468651752165623,0.0010353669234942095,13891.0,0.0035687533395987714,-0.006848446026234579,59.959686127708586,False
1973609608892784950,HOOD,False,,60,complete,True,0.03826810431099392,0.002461561097672724,0.0,0.002468651752165623,0.0010353669234942095,13891.0,0.0035687533395987714,-0.006848446026234579,59.959686127708586,False
1973549300694298754,HOOD,False,,60,complete,True,0.03826810431099392,0.002461561097672724,0.0,0.002468651752165623,0.0010353669234942095,13891.0,0.0035687533395987714,-0.006848446026234579,59.959686127708586,False
1973087653810626908,HOOD,False,,60,complete,True,0.013569064724739288,0.0010840935329937322,4.0,0.0013431431635813136,0.0006582170574046798,9575.0,0.00200936800658168,-0.3935626214382873,40.91906005221932,False
1973087649603743851,HOOD,False,,60,complete,True,0.013569064724739288,0.0010840935329937322,4.0,0.0013431431635813136,0.0006582170574046798,9575.0,0.00200936800658168,-0.3935626214382873,40.91906005221932,False
1973086952522952931,HOOD,False,,60,complete,True,0.012002530758207897,0.0010684925512372465,4.0,0.0013431431635813136,0.0006582170574046798,9575.0,0.00200936800658168,-0.41726450151110056,38.882506527415146,False
1972796566248530329,HOOD,False,,60,complete,True,0.024927478445638473,0.003623812252722384,0.0,0.002468651752165623,0.0010353669234942095,13891.0,0.0035687533395987714,1.115701568539843,90.68461593837736,True
1972796561890607591,HOOD,False,,60,complete,True,0.024927478445638473,0.003623812252722384,0.0,0.002468651752165623,0.0010353669234942095,13891.0,0.0035687533395987714,1.115701568539843,90.68461593837736,True
1972651434144674024,HOOD,False,,60,complete,True,0.06915860171643873,0.0018287218205599552,0.0,0.002468651752165623,0.0010353669234942095,13891.0,0.0035687533395987714,-0.6180706733860101,24.71384349578864,False
1971999438622413017,HOOD,False,,60,complete,True,0.06915860171643873,0.0018287218205599552,0.0,0.002468651752165623,0.0010353669234942095,13891.0,0.0035687533395987714,-0.6180706733860101,24.71384349578864,False
1971656850316861892,HOOD,False,,36,partial,True,5.874992268117829e-05,0.000800305358734346,5.0,0.0012864632027318789,0.0005528423224853343,6233.0,0.0019156052701326646,-0.8793788467785578,11.647681694208247,False
1971644188371636393,HOOD,False,,57,partial,True,-0.001421696599073985,0.0005391833039249525,5.0,0.0012864632027318789,0.0005528423224853343,6233.0,0.0019156052701326646,-1.3517053026032573,0.1764800256698219,False
1971349964388475208,HOOD,False,,8,insufficient,False,0.003868189250831433,0.0025478979378340118,,,,,,,,False
1971349963067249136,HOOD,False,,8,insufficient,False,0.003868189250831433,0.0025478979378340118,,,,,,,,False
1971318059462951258,HOOD,False,,8,insufficient,False,0.003868189250831433,0.0025478979378340118,,,,,,,,False
1971311763972087889,HOOD,False,,8,insufficient,False,0.003868189250831433,0.0025478979378340118,,,,,,,,False
1970914244330913976,HOOD,False,,60,complete,True,0.0015818498691479999,0.0006657535956797867,4.0,0.0013431431635813136,0.0006582170574046798,9575.0,0.00200936800658168,-1.0291279453808801,1.9634464751958225,False
1970898727453016520,HOOD,False,,58,partial,True,-0.00601200586842654,0.000826470449028834,3.0,0.001506820760317169,0.0009091550161590528,8915.0,0.0022131931570161805,-0.7483325716692856,7.0443073471676945,False
1970845165129757011,HOOD,False,,60,complete,True,-0.0036196634363490077,0.0019511387389593584,0.0,0.002468651752165623,0.0010353669234942095,13891.0,0.0035687533395987714,-0.49983537378201626,31.804765675617308,False
1968756461023977880,HOOD,False,,41,partial,True,-0.0033084881509772845,0.0009633305871627754,5.0,0.0012864632027318789,0.0005528423224853343,6233.0,0.0019156052701326646,-0.5844932676580228,31.156746350072197,False
1968756357848240204,HOOD,False,,42,partial,True,-0.00355306942469813,0.0009524496913824205,5.0,0.0012864632027318789,0.0005528423224853343,6233.0,0.0019156052701326646,-0.6041750021016509,29.15129151291513,False
1968720181363896782,HOOD,False,,60,complete,True,-0.00816541340412602,0.000814323852547264,3.0,0.001506820760317169,0.0009091550161590528,8915.0,0.0022131931570161805,-0.7616928856593974,6.4273696017947275,False
1968720089202454691,HOOD,False,,60,complete,True,-0.007309850795273021,0.0008295299342507132,3.0,0.001506820760317169,0.0009091550161590528,8915.0,0.0022131931570161805,-0.7449673752313836,7.223780145821649,False
1968719993740169305,HOOD,False,,60,complete,True,-0.007309850795273021,0.0008295299342507132,3.0,0.001506820760317169,0.0009091550161590528,8915.0,0.0022131931570161805,-0.7449673752313836,7.223780145821649,False
1968466396649574680,HOOD,False,,60,complete,True,0.02118004140998453,0.002206074363591573,0.0,0.002468651752165623,0.0010353669234942095,13891.0,0.0035687533395987714,-0.253608052001401,46.49053343891729,False
1968466119234072707,HOOD,False,,60,complete,True,0.02118004140998453,0.002206074363591573,0.0,0.002468651752165623,0.0010353669234942095,13891.0,0.0035687533395987714,-0.253608052001401,46.49053343891729,False
1967656323392405622,HOOD,False,,60,complete,True,-0.006686345540271255,0.0009539170642499681,4.0,0.0013431431635813136,0.0006582170574046798,9575.0,0.00200936800658168,-0.5913339603595911,25.60835509138381,False
1967569281295716404,HOOD,False,,16,insufficient,False,0.00783445425612772,0.0024943403805062526,,,,,,,,False
1965945691450257873,HOOD,True,"cpi(ALL, 2025-09-11 12:30:00+00:00->2025-09-11 20:00:00+00:00)",2,insufficient,False,-0.0027483232222804688,0.0,,,,,,,,False
1965944644589728222,HOOD,True,"cpi(ALL, 2025-09-11 12:30:00+00:00->2025-09-11 20:00:00+00:00)",2,insufficient,False,-0.0027483232222804688,0.0,,,,,,,,False
1965943866089168959,HOOD,True,"cpi(ALL, 2025-09-11 12:30:00+00:00->2025-09-11 20:00:00+00:00)",2,insufficient,False,-0.0027483232222804688,0.0,,,,,,,,False
1965569661304504803,HOOD,False,,10,insufficient,False,0.005716593603880993,0.0015176331105734098,,,,,,,,False
1965134557914824966,HOOD,False,,33,partial,True,0.0016874560028476981,0.0007555171718270321,5.0,0.0012864632027318789,0.0005528423224853343,6233.0,0.0019156052701326646,-0.960393242901427,7.684902935985882,False
1965127523920121893,HOOD,False,,60,complete,True,0.009617222085066324,0.000959978249441495,5.0,0.0012864632027318789,0.0005528423224853343,6233.0,0.0019156052701326646,-0.5905570901711216,30.386651692603884,False
1964123867502563519,HOOD,False,,4,insufficient,False,,0.003659797286281212,,,,,,,,False
1964090320456421593,HOOD,False,,4,insufficient,False,,0.003659797286281212,,,,,,,,False
1961900833928544628,HOOD,False,,60,complete,True,-0.027703491906516997,0.003276146802669371,0.0,0.002468651752165623,0.0010353669234942095,13891.0,0.0035687533395987714,0.7799119637495973,85.01907710028075,False
1961600363481710805,HOOD,False,,60,complete,True,-0.027703491906516997,0.003276146802669371,0.0,0.002468651752165623,0.0010353669234942095,13891.0,0.0035687533395987714,0.7799119637495973,85.01907710028075,False
1961287570299785320,HOOD,False,,1,insufficient,False,-0.008530188161253283,,,,,,,,,False
1960792131171483796,HOOD,False,,17,insufficient,False,-0.00674429188409309,0.0013782357390004516,6.0,,,,,,,False
1960504650119176647,HOOD,False,,57,partial,True,-0.01878502022907469,0.0021618043521223714,0.0,0.002468651752165623,0.0010353669234942095,13891.0,0.0035687533395987714,-0.29636585164193485,43.81973939961126,False
1960082176273494030,HOOD,False,,60,complete,True,-0.005518421482884617,0.002587842250478321,0.0,0.002468651752165623,0.0010353669234942095,13891.0,0.0035687533395987714,0.11511909025492924,65.27967748902167,False
1958994577899364843,HOOD,False,,25,insufficient,False,-0.02847902147522885,0.004091843876982557,,,,,,,,False
1958994061970612720,HOOD,False,,25,insufficient,False,-0.02847902147522885,0.004091843876982557,,,,,,,,False
1958223023095599110,HOOD,False,,58,partial,True,-0.0051465705772676396,0.0012818323406479362,4.0,0.0013431431635813136,0.0006582170574046798,9575.0,0.00200936800658168,-0.09314681569499772,59.498694516971284,False
1958199677649838125,HOOD,False,,60,complete,True,-0.004732875476606391,0.001388418286675307,2.0,0.0015371103180510993,0.000647493927910186,10131.0,0.0021891213272673417,-0.22964235642441025,49.67920244793209,False
1958042956751118410,HOOD,False,,15,insufficient,False,-0.02438844713796373,0.00601238133566379,,,,,,,,False
1957538650717319442,HOOD,False,,42,partial,True,-0.009410869998287219,0.0042271419731446346,,,,,,,,False
1957521317085012138,HOOD,False,,45,partial,True,0.005982704284139606,0.0008487066520539219,5.0,0.0012864632027318789,0.0005528423224853343,6233.0,0.0019156052701326646,-0.7918289408632778,16.139900529440077,False
1956474493112930778,HOOD,False,,60,complete,True,-0.022345765536812,0.002607492948136841,0.0,0.002468651752165623,0.0010353669234942095,13891.0,0.0035687533395987714,0.1340985430581941,65.95637463105608,False
1956116274158952918,HOOD,False,,3,insufficient,False,-0.0001906428093452206,0.0007678431247772899,,,,,,,,False
1956036819864445221,HOOD,False,,58,partial,True,0.0031859559831857176,0.0008037846089775864,3.0,0.001506820760317169,0.0009091550161590528,8915.0,0.0022131931570161805,-0.7732852361192817,5.866517106001122,False
1955781532330942777,HOOD,False,,25,insufficient,False,4.374511261351355e-05,0.0037153820773137627,,,,,,,,False
1955761344390815995,HOOD,False,,25,insufficient,False,4.374511261351355e-05,0.0037153820773137627,,,,,,,,False
1954189762505371883,HOOD,False,,51,partial,True,0.014826241029471499,0.002812045168228818,,,,,,,,False
1953843512270614571,HOOD,False,,60,complete,True,0.0034410666900659415,0.0011246154938945629,2.0,0.0015371103180510993,0.000647493927910186,10131.0,0.0021891213272673417,-0.6370636177050816,27.401046293554437,False
1953229588064251976,HOOD,False,,45,partial,True,0.04055090408471851,0.003902971754066653,,,,,,,,False
1952902953180012986,HOOD,False,,32,partial,True,-0.008969235400634878,0.0032026618219024167,,,,,,,,False
1952902698942251181,HOOD,False,,32,partial,True,-0.008969235400634878,0.0032026618219024167,,,,,,,,False
1951456743613145565,HOOD,False,,60,complete,True,0.017985121634567003,0.004199119584979783,0.0,0.002468651752165623,0.0010353669234942095,13891.0,0.0035687533395987714,1.671357075010749,95.16953423079691,True
1951439420957339828,HOOD,False,,60,complete,True,0.017985121634567003,0.004199119584979783,0.0,0.002468651752165623,0.0010353669234942095,13891.0,0.0035687533395987714,1.671357075010749,95.16953423079691,True
1951411721517584438,HOOD,False,,60,complete,True,0.017985121634567003,0.004199119584979783,0.0,0.002468651752165623,0.0010353669234942095,13891.0,0.0035687533395987714,1.671357075010749,95.16953423079691,True
1951356948118446546,HOOD,True,"jobs_report(ALL, 2025-08-01 12:30:00+00:00->2025-08-01 20:00:00+00:00)",60,complete,False,0.0027905478175984655,0.0014871461781286663,5.0,0.0012864632027318789,0.0005528423224853343,6233.0,0.0019156052701326646,0.36300219291208674,73.99326167174716,False
1950929498356031608,HOOD,True,"earnings(HOOD, 2025-07-30 20:00:00+00:00->2025-07-31 20:00:00+00:00)",60,complete,False,0.004198406303681956,0.0024073255532762374,1.0,0.0017163780306508124,0.0006345735237307441,13323.0,0.0024248767060085588,1.0888376157947002,89.62696089469338,False
1950662709688909911,HOOD,True,"earnings(HOOD, 2025-07-30 20:00:00+00:00->2025-07-31 20:00:00+00:00)",60,complete,False,0.006256115624532432,0.004344061440747034,0.0,0.002468651752165623,0.0010353669234942095,13891.0,0.0035687533395987714,1.8113478864595967,96.33575696494134,True
1950232690088911117,HOOD,False,,56,partial,True,0.002691801685874573,0.0008698524079485846,3.0,0.001506820760317169,0.0009091550161590528,8915.0,0.0022131931570161805,-0.700615781739414,10.49915872125631,False
1950215604117414101,HOOD,False,,59,partial,True,0.0025657153340149508,0.0017140674496496412,1.0,0.0017163780306508124,0.0006345735237307441,13323.0,0.0024248767060085588,-0.0036411556971159796,58.32019815356902,False
1949989681795682807,HOOD,False,,1,insufficient,False,,,,,,,,,,False
1949979787344093495,HOOD,False,,1,insufficient,False,,,,,,,,,,False
1949952339369918977,HOOD,False,,1,insufficient,False,,,,,,,,,,False
1949881999272915212,HOOD,False,,58,partial,True,0.0025072139970457874,0.0008935975993946267,3.0,0.001506820760317169,0.0009091550161590528,8915.0,0.0022131931570161805,-0.6744979129227633,12.148065058889513,False
1949225243840827830,HOOD,False,,19,insufficient,False,0.004545218918106331,0.003910209669308751,,,,,,,,False
1948773113543672143,HOOD,False,,59,partial,True,-0.00455116366069519,0.0010154452908061945,2.0,0.0015371103180510993,0.000647493927910186,10131.0,0.0021891213272673417,-0.8056678290846692,15.003454742868424,False
1948222848499130396,HOOD,False,,39,partial,True,-0.006771959790478954,0.0019046757406732775,,,,,,,,False
1948194160709947756,HOOD,False,,39,partial,True,-0.006771959790478954,0.0019046757406732775,,,,,,,,False
1947340483937636363,HOOD,False,,58,partial,True,-0.0028290994732592667,0.0007642418621230549,3.0,0.001506820760317169,0.0009091550161590528,8915.0,0.0022131931570161805,-0.8167791905623749,4.340998317442512,False
1947326228412666186,HOOD,False,,59,partial,True,-0.0024079278984333596,0.0015109275247483078,2.0,0.0015371103180510993,0.000647493927910186,10131.0,0.0021891213272673417,-0.0404371256226257,58.88855986575856,False
1947034762356670583,HOOD,False,,6,insufficient,False,-0.0033672119989863747,0.0022021165122047383,,,,,,,,False
1946656962097054166,HOOD,False,,6,insufficient,False,-0.0033672119989863747,0.0022021165122047383,,,,,,,,False
1946360824739627490,HOOD,False,,6,insufficient,False,-0.0033672119989863747,0.0022021165122047383,,,,,,,,False
1946022029804847599,HOOD,False,,46,partial,True,0.06923896060808454,0.003876931924391407,,,,,,,,False
1946022025996407186,HOOD,False,,46,partial,True,0.06923896060808454,0.003876931924391407,,,,,,,,False
1946020698411163934,HOOD,False,,46,partial,True,0.06923896060808454,0.003876931924391407,,,,,,,,False
1945942804062142674,HOOD,False,,46,partial,True,0.06923896060808454,0.003876931924391407,,,,,,,,False
1945942543906271350,HOOD,False,,46,partial,True,0.06923896060808454,0.003876931924391407,,,,,,,,False
1945596799395217450,HOOD,False,,60,complete,True,0.02361088527368982,0.0018563542137358334,0.0,0.002468651752165623,0.0010353669234942095,13891.0,0.0035687533395987714,-0.5913821704515885,26.729537110359225,False
1944453260615594367,HOOD,False,,1,insufficient,False,,,,,,,,,,False
1944157554176626997,HOOD,False,,1,insufficient,False,,,,,,,,,,False
1944035267389927690,HOOD,False,,1,insufficient,False,,,,,,,,,,False
1943751870281134442,HOOD,False,,40,partial,True,0.0016736831691134268,0.0009986129516256377,5.0,0.0012864632027318789,0.0005528423224853343,6233.0,0.0019156052701326646,-0.5206733265503152,36.24257981710252,False
1943634773034803437,HOOD,False,,60,complete,True,0.024453269590628657,0.0028670001497229456,0.0,0.002468651752165623,0.0010353669234942095,13891.0,0.0035687533395987714,0.3847412820693133,75.16377510618386,False
1943460219641815546,HOOD,False,,60,complete,True,0.024453269590628657,0.0028670001497229456,0.0,0.002468651752165623,0.0010353669234942095,13891.0,0.0035687533395987714,0.3847412820693133,75.16377510618386,False
1943457476738777431,HOOD,False,,60,complete,True,0.024453269590628657,0.0028670001497229456,0.0,0.002468651752165623,0.0010353669234942095,13891.0,0.0035687533395987714,0.3847412820693133,75.16377510618386,False
1943405387132059932,HOOD,False,,60,complete,True,0.024453269590628657,0.0028670001497229456,0.0,0.002468651752165623,0.0010353669234942095,13891.0,0.0035687533395987714,0.3847412820693133,75.16377510618386,False
1943404400711536825,HOOD,False,,60,complete,True,0.024453269590628657,0.0028670001497229456,0.0,0.002468651752165623,0.0010353669234942095,13891.0,0.0035687533395987714,0.3847412820693133,75.16377510618386,False
1943402639657447761,HOOD,False,,60,complete,True,0.024453269590628657,0.0028670001497229456,0.0,0.002468651752165623,0.0010353669234942095,13891.0,0.0035687533395987714,0.3847412820693133,75.16377510618386,False
1942940277888483479,HOOD,False,,60,complete,True,0.005549534491989028,0.0023016904274829344,0.0,0.002468651752165623,0.0010353669234942095,13891.0,0.0035687533395987714,-0.16125812105260115,52.0048952559211,False
1942842602778415358,HOOD,False,,36,partial,True,0.014857311760265945,0.002359893592417349,,,,,,,,False
1942632139503116622,HOOD,False,,59,partial,True,0.007166810727181838,0.0012110917903532087,3.0,0.001506820760317169,0.0009091550161590528,8915.0,0.0022131931570161805,-0.3252789290140414,40.90858104318564,False
1942548421937881173,HOOD,False,,31,partial,True,0.0035318649514035627,0.005508331738235717,,,,,,,,False
1942270088096240100,HOOD,False,,59,partial,True,0.00905071713932748,0.0009758477779809283,3.0,0.001506820760317169,0.0009091550161590528,8915.0,0.0022131931570161805,-0.5840290961374942,19.551318003365115,False
1942268851720269928,HOOD,False,,59,partial,True,0.007994766079185922,0.0010523178253997192,3.0,0.001506820760317169,0.0009091550161590528,8915.0,0.0022131931570161805,-0.49991797530591464,26.528323051037578,False
1941263575143825909,HOOD,False,,60,complete,True,0.002006162364697861,0.002846085868836532,0.0,0.002468651752165623,0.0010353669234942095,13891.0,0.0035687533395987714,0.3645414085637633,74.64545389100856,False
1940753870453641305,HOOD,True,"jobs_report(ALL, 2025-07-03 12:30:00+00:00->2025-07-03 20:00:00+00:00)",60,complete,False,-0.04896638339341419,0.003056387350041991,0.0,0.002468651752165623,0.0010353669234942095,13891.0,0.0035687533395987714,0.5676592370681958,79.97264415808797,False
1940556310082474118,HOOD,True,"jobs_report(ALL, 2025-07-03 12:30:00+00:00->2025-07-03 20:00:00+00:00)",14,insufficient,False,-0.02668369366994372,0.00173014017102657,,,,,,,,False
1940547859532612028,HOOD,True,"jobs_report(ALL, 2025-07-03 12:30:00+00:00->2025-07-03 20:00:00+00:00)",14,insufficient,False,-0.02668369366994372,0.00173014017102657,,,,,,,,False
1940344130044862860,HOOD,False,,6,insufficient,False,-0.014066374299540718,0.007211314768881848,,,,,,,,False
1940308314144883074,HOOD,False,,6,insufficient,False,-0.014066374299540718,0.007211314768881848,,,,,,,,False
1939713633392480417,HOOD,False,,60,complete,True,-0.0009920240861461815,0.0021183892837941024,2.0,0.0015371103180510993,0.000647493927910186,10131.0,0.0021891213272673417,0.8977365511659785,87.94788273615634,False
1939702282838536251,HOOD,False,,60,complete,True,0.05358338416291675,0.0029035853444923016,1.0,0.0017163780306508124,0.0006345735237307441,13323.0,0.0024248767060085588,1.8708743265267922,95.82676574345118,True
1939681717113192789,HOOD,False,,60,complete,True,0.009408409175710841,0.002249864720203516,0.0,0.002468651752165623,0.0010353669234942095,13891.0,0.0035687533395987714,-0.2113135227690422,49.18292419552228,False
1939665834420457685,HOOD,False,,60,complete,True,0.05241708531020506,0.0024866505353702494,0.0,0.002468651752165623,0.0010353669234942095,13891.0,0.0035687533395987714,0.017383965815600273,61.07551652148874,False
1939350979066867790,HOOD,False,,5,insufficient,False,0.02236657826049182,0.0012621395092741268,,,,,,,,False
1938640085865336863,HOOD,False,,60,complete,True,-0.004030371947493783,0.0011448021859034108,3.0,0.001506820760317169,0.0009091550161590528,8915.0,0.0022131931570161805,-0.3981923522164503,35.79360628154795,False
1938554287166001640,HOOD,False,,3,insufficient,False,-0.0010019763946969018,0.0005902491536602383,,,,,,,,False
1938222629099335931,HOOD,False,,60,complete,True,0.007637422059437515,0.001881979337984968,0.0,0.002468651752165623,0.0010353669234942095,13891.0,0.0035687533395987714,-0.5666323704843909,28.291699661651432,False
1937932869361614881,HOOD,False,,57,partial,True,0.002389300884034773,0.0010414922618406594,4.0,0.0013431431635813136,0.0006582170574046798,9575.0,0.00200936800658168,-0.45828484440991274,35.85378590078329,False
1936227382668746861,HOOD,False,,60,complete,True,-0.009170504025159731,0.002966453247743967,0.0,0.002468651752165623,0.0010353669234942095,13891.0,0.0035687533395987714,0.4807971785483912,78.13692318767548,False
1936087172257567131,HOOD,False,,59,partial,True,0.009557432306937397,0.000980947046757231,2.0,0.0015371103180510993,0.000647493927910186,10131.0,0.0021891213272673417,-0.858947470115911,11.578323956174119,False
1936081010258833804,HOOD,False,,58,partial,True,0.010224715776237514,0.0009086645195875636,1.0,0.0017163780306508124,0.0006345735237307441,13323.0,0.0024248767060085588,-1.27284464424956,2.0190647752007806,False
1935468274164388180,HOOD,False,,60,complete,True,-0.026808978296751662,0.002858058810327244,0.0,0.002468651752165623,0.0010353669234942095,13891.0,0.0035687533395987714,0.37610536837262487,74.89741559282989,False
1935467911789039930,HOOD,False,,60,complete,True,-0.026808978296751662,0.002858058810327244,0.0,0.002468651752165623,0.0010353669234942095,13891.0,0.0035687533395987714,0.37610536837262487,74.89741559282989,False
1935363704847221106,HOOD,False,,59,partial,True,0.010570822488287446,0.0014010960541192708,2.0,0.0015371103180510993,0.000647493927910186,10131.0,0.0021891213272673417,-0.21006260919051437,50.616918369361365,False
1935019324173074635,HOOD,False,,59,partial,True,-0.0024126873563602436,0.0010960805815847714,3.0,0.001506820760317169,0.0009091550161590528,8915.0,0.0022131931570161805,-0.4517823379204018,31.340437464946717,False
1935016481944912360,HOOD,False,,59,partial,True,-0.01249809252829126,0.0010196479774086868,3.0,0.001506820760317169,0.0009091550161590528,8915.0,0.0022131931570161805,-0.5358522740892553,23.712843522153673,False
1935002200369242425,HOOD,False,,60,complete,True,-0.006123533276459869,0.0010782771085867155,2.0,0.0015371103180510993,0.000647493927910186,10131.0,0.0021891213272673417,-0.7086293626648938,21.912940479715722,False
1934986518160097411,HOOD,False,,60,complete,True,-0.011040946392992246,0.0013370700286754115,1.0,0.0017163780306508124,0.0006345735237307441,13323.0,0.0024248767060085588,-0.5977368859409662,28.484575546048184,False
1934824203683025166,HOOD,False,,2,insufficient,False,,0.0,,,,,,,,False
1933701899708215740,HOOD,False,,1,insufficient,False,0.010665087983283916,,,,,,,,,False
1933173593921446181,HOOD,False,,57,partial,True,-0.002389647742438439,0.0010050692031371598,1.0,0.0017163780306508124,0.0006345735237307441,13323.0,0.0024248767060085588,-1.12092421274019,5.411694062898746,False
1932631759365288400,HOOD,True,"cpi(ALL, 2025-06-11 12:30:00+00:00->2025-06-11 20:00:00+00:00)",3,insufficient,False,0.004238681474589612,0.008562765813418416,,,,,,,,False
1932542433167872300,HOOD,True,"cpi(ALL, 2025-06-11 12:30:00+00:00->2025-06-11 20:00:00+00:00)",3,insufficient,False,0.004238681474589612,0.008562765813418416,,,,,,,,False
1932472719267774814,HOOD,False,,60,complete,True,-0.004659455904830856,0.0010760946934897941,2.0,0.0015371103180510993,0.000647493927910186,10131.0,0.0021891213272673417,-0.7119999195193267,21.606948968512487,False
1932454885930447172,HOOD,False,,60,complete,True,0.001921763076772276,0.0017028488103400321,1.0,0.0017163780306508124,0.0006345735237307441,13323.0,0.0024248767060085588,-0.021320177733291007,57.554604818734525,False
1932271098252665037,HOOD,False,,2,insufficient,False,-0.001305599773141597,0.0,,,,,,,,False
1932200828041105445,HOOD,False,,2,insufficient,False,-0.001305599773141597,0.0,,,,,,,,False
1932190118867087736,HOOD,False,,2,insufficient,False,-0.001305599773141597,0.0,,,,,,,,False
1932164762265174206,HOOD,False,,4,insufficient,False,0.01258575304716203,0.0019450527105856676,6.0,,,,,,,False
1932075626317435304,HOOD,False,,60,complete,True,0.00342319862381002,0.0026034714932995683,0.0,0.002468651752165623,0.0010353669234942095,13891.0,0.0035687533395987714,0.1302144564160393,65.82679432726226,False
1931787946165981610,HOOD,False,,60,complete,True,-0.059174870295450765,0.005212616633656574,0.0,0.002468651752165623,0.0010353669234942095,13891.0,0.0035687533395987714,2.6502342495455404,98.6538046216975,True
1931007953412542967,HOOD,True,"jobs_report(ALL, 2025-06-06 12:30:00+00:00->2025-06-06 20:00:00+00:00)",60,complete,False,0.026745979564450018,0.0014008998282411063,1.0,0.0017163780306508124,0.0006345735237307441,13323.0,0.0024248767060085588,-0.49714996074050927,33.87375215792239,False
1931007381728837651,HOOD,True,"jobs_report(ALL, 2025-06-06 12:30:00+00:00->2025-06-06 20:00:00+00:00)",60,complete,False,0.021228795441061377,0.001537984898211788,1.0,0.0017163780306508124,0.0006345735237307441,13323.0,0.0024248767060085588,-0.2811228735012877,46.49853636568341,False
1930764343957975528,HOOD,True,"jobs_report(ALL, 2025-06-06 12:30:00+00:00->2025-06-06 20:00:00+00:00)",7,insufficient,False,0.01634422627138843,0.003806806369726871,,,,,,,,False
1930453164266070287,HOOD,False,,7,insufficient,False,0.022517329701672528,0.0020537031626922738,,,,,,,,False
1930123083509313708,HOOD,False,,6,insufficient,False,0.02781732722940422,0.008369149498177042,,,,,,,,False
1929989027803083177,HOOD,False,,9,insufficient,False,-0.0042702930672953165,0.0006527340669153849,6.0,,,,,,,False
1929678870095212598,HOOD,False,,6,insufficient,False,0.02758774194298863,0.0024095815521980872,,,,,,,,False
1929659333220212873,HOOD,False,,6,insufficient,False,0.02758774194298863,0.0024095815521980872,,,,,,,,False
1928949333140922375,HOOD,False,,3,insufficient,False,,0.0009914974807396781,,,,,,,,False
2077063479232795024,MSFT,False,,60,complete,True,0.003323420395764387,0.0004051981199888901,2.0,0.0005469180339176587,0.0002536873704358448,10190.0,0.0007458176265516419,-0.558640005157877,25.564278704612363,False
2076323181154230284,MSFT,False,,37,partial,True,0.0073189841164443825,0.0017763439004148936,,,,,,,,False
2075616733503853044,MSFT,False,,60,complete,True,0.00042495815187049146,0.00038599427004329975,2.0,0.0005469180339176587,0.0002536873704358448,10190.0,0.0007458176265516419,-0.6343388856839252,20.932286555446517,False
2075318017068863653,MSFT,False,,2,insufficient,False,,0.0,,,,,,,,False
2075318015063925053,MSFT,False,,2,insufficient,False,,0.0,,,,,,,,False
2072708957077176563,MSFT,True,"jobs_report(ALL, 2026-07-02 12:30:00+00:00->2026-07-02 20:00:00+00:00)",60,complete,False,0.007303695335933558,0.0007471153684062802,2.0,0.0005469180339176587,0.0002536873704358448,10190.0,0.0007458176265516419,0.7891497875699318,90.03925417075564,True
2070180315117875587,MSFT,False,,60,complete,True,-0.0019958118752485543,0.0006437082448844158,2.0,0.0005469180339176587,0.0002536873704358448,10190.0,0.0007458176265516419,0.3815334236011345,78.21393523061825,False
2070180313654063255,MSFT,False,,60,complete,True,-0.0019958118752485543,0.0006437082448844158,2.0,0.0005469180339176587,0.0002536873704358448,10190.0,0.0007458176265516419,0.3815334236011345,78.21393523061825,False
2067020073408368664,MSFT,False,,60,complete,True,-0.018377221501629126,0.0010692878369392127,0.0,0.0008174575401678934,0.00039896042515146537,14622.0,0.0012105221411381904,0.6312162332284259,83.76419094515114,False
2066911399494963335,MSFT,False,,60,complete,True,-0.004526758565208788,0.0004254980468717183,2.0,0.0005469180339176587,0.0002536873704358448,10190.0,0.0007458176265516419,-0.4786205432195386,30.96172718351325,False
2066182223213293753,MSFT,False,,60,complete,True,0.003293059077005722,0.0011898105769198686,0.0,0.0008174575401678934,0.00039896042515146537,14622.0,0.0012105221411381904,0.9333082012097096,88.989194364656,False
2064395257148834152,MSFT,False,,60,complete,True,-0.0009044560774960075,0.000536363650586427,3.0,0.0005162286279595578,0.00039985994037040727,9792.0,0.0006680850669626745,0.0503551883897577,67.8921568627451,False
2063633495302533158,MSFT,False,,60,complete,True,-0.01662181886908487,0.0012042807098371047,0.0,0.0008174575401678934,0.00039896042515146537,14622.0,0.0012105221411381904,0.9695777958988134,89.71412939406373,False
2062252757722296705,MSFT,False,,42,partial,True,-0.0006633175905638167,0.000552896034501425,5.0,0.000494370972611095,0.00023926542545988245,7142.0,0.0007939814404011009,0.244603087879669,73.29879585550266,False
2062022060176801826,MSFT,False,,60,complete,True,-0.02082207676819625,0.0011855011716492313,0.0,0.0008174575401678934,0.00039896042515146537,14622.0,0.0012105221411381904,0.9225066153907624,88.83189714129394,False
2061993323901137339,MSFT,False,,60,complete,True,-0.02082207676819625,0.0011855011716492313,0.0,0.0008174575401678934,0.00039896042515146537,14622.0,0.0012105221411381904,0.9225066153907624,88.83189714129394,False
2061993322072469649,MSFT,False,,60,complete,True,-0.02082207676819625,0.0011855011716492313,0.0,0.0008174575401678934,0.00039896042515146537,14622.0,0.0012105221411381904,0.9225066153907624,88.83189714129394,False
2061942751860769094,MSFT,False,,60,complete,True,-0.02082207676819625,0.0011855011716492313,0.0,0.0008174575401678934,0.00039896042515146537,14622.0,0.0012105221411381904,0.9225066153907624,88.83189714129394,False
2061896520333684886,MSFT,False,,19,insufficient,False,-0.0014689350454549777,0.0008457270124028459,6.0,,,,,,,False
2061896517854875837,MSFT,False,,19,insufficient,False,-0.0014689350454549777,0.0008457270124028459,6.0,,,,,,,False
2061896515057258562,MSFT,False,,19,insufficient,False,-0.0014689350454549777,0.0008457270124028459,6.0,,,,,,,False
2061896512934949105,MSFT,False,,19,insufficient,False,-0.0014689350454549777,0.0008457270124028459,6.0,,,,,,,False
2061896510250668490,MSFT,False,,19,insufficient,False,-0.0014689350454549777,0.0008457270124028459,6.0,,,,,,,False
2061896508287725888,MSFT,False,,19,insufficient,False,-0.0014689350454549777,0.0008457270124028459,6.0,,,,,,,False
2061896505481658767,MSFT,False,,19,insufficient,False,-0.0014689350454549777,0.0008457270124028459,6.0,,,,,,,False
2061896503304806521,MSFT,False,,19,insufficient,False,-0.0014689350454549777,0.0008457270124028459,6.0,,,,,,,False
2061650162460839954,MSFT,False,,60,complete,True,-0.035553764817786604,0.0015799345316520879,0.0,0.0008174575401678934,0.00039896042515146537,14622.0,0.0012105221411381904,1.9111594619810222,97.73628778552865,True
2061315017589600699,MSFT,False,,60,complete,True,0.028342618652594243,0.0019464037156426835,0.0,0.0008174575401678934,0.00039896042515146537,14622.0,0.0012105221411381904,2.829719702264167,99.19299685405554,True
2060050593474093065,MSFT,False,,60,complete,True,0.0012815556039398324,0.0005028607929408505,3.0,0.0005162286279595578,0.00039985994037040727,9792.0,0.0006680850669626745,-0.03343129348322343,61.58088235294118,False
2054351354156794163,MSFT,False,,60,complete,True,-0.011163274502437148,0.0009533348811969399,0.0,0.0008174575401678934,0.00039896042515146537,14622.0,0.0012105221411381904,0.34057849466513024,76.09082204896731,False
2053334532666081624,MSFT,False,,60,complete,True,-0.012046110323469028,0.001338271921068826,0.0,0.0008174575401678934,0.00039896042515146537,14622.0,0.0012105221411381904,1.305428679306238,93.79017918205443,True
2052465914210398325,MSFT,False,,51,partial,True,-0.005981136944514742,0.0005490163487412672,5.0,0.000494370972611095,0.00023926542545988245,7142.0,0.0007939814404011009,0.2283881008931422,73.04676561187343,False
2052465911832171001,MSFT,False,,51,partial,True,-0.005981136944514742,0.0005490163487412672,5.0,0.000494370972611095,0.00023926542545988245,7142.0,0.0007939814404011009,0.2283881008931422,73.04676561187343,False
2051787232043020719,MSFT,False,,60,complete,True,0.002649156751680648,0.0013327075533271393,0.0,0.0008174575401678934,0.00039896042515146537,14622.0,0.0012105221411381904,1.2914815121415393,93.64655997811518,True
2051712534638637234,MSFT,False,,60,complete,True,0.0009680761906223356,0.0003860448277854446,3.0,0.0005162286279595578,0.00039985994037040727,9792.0,0.0006680850669626745,-0.3255734996947141,32.005718954248366,False
2051712533174931707,MSFT,False,,60,complete,True,0.0009680761906223356,0.0003860448277854446,3.0,0.0005162286279595578,0.00039985994037040727,9792.0,0.0006680850669626745,-0.3255734996947141,32.005718954248366,False
2050548824368873498,MSFT,False,,60,complete,True,0.01312091105518709,0.0014043138364768731,0.0,0.0008174575401678934,0.00039896042515146537,14622.0,0.0012105221411381904,1.4709636828920554,95.27424428942689,True
2050251014691840015,MSFT,False,,60,complete,True,0.00026322934349831684,0.00045893301547019616,2.0,0.0005469180339176587,0.0002536873704358448,10190.0,0.0007458176265516419,-0.3468245908194043,39.47006869479882,False
2049622817659142284,MSFT,True,"earnings(MSFT, 2026-04-29 20:00:00+00:00->2026-04-30 20:00:00+00:00)",60,complete,False,-0.05532941927314905,0.002441836227272323,0.0,0.0008174575401678934,0.00039896042515146537,14622.0,0.0012105221411381904,4.071528363966762,99.58282040760497,True
2049622816207814788,MSFT,True,"earnings(MSFT, 2026-04-29 20:00:00+00:00->2026-04-30 20:00:00+00:00)",60,complete,False,-0.05532941927314905,0.002441836227272323,0.0,0.0008174575401678934,0.00039896042515146537,14622.0,0.0012105221411381904,4.071528363966762,99.58282040760497,True
2049622814790152567,MSFT,True,"earnings(MSFT, 2026-04-29 20:00:00+00:00->2026-04-30 20:00:00+00:00)",60,complete,False,-0.05532941927314905,0.002441836227272323,0.0,0.0008174575401678934,0.00039896042515146537,14622.0,0.0012105221411381904,4.071528363966762,99.58282040760497,True
2049622812680409373,MSFT,True,"earnings(MSFT, 2026-04-29 20:00:00+00:00->2026-04-30 20:00:00+00:00)",60,complete,False,-0.05532941927314905,0.002441836227272323,0.0,0.0008174575401678934,0.00039896042515146537,14622.0,0.0012105221411381904,4.071528363966762,99.58282040760497,True
2048966332876828859,MSFT,False,,2,insufficient,False,-0.006695452419772763,0.0,,,,,,,,False
2048882284548534346,MSFT,False,,2,insufficient,False,-0.006695452419772763,0.0,,,,,,,,False
2048882283164389661,MSFT,False,,2,insufficient,False,-0.006695452419772763,0.0,,,,,,,,False
2048829906478682304,MSFT,False,,60,complete,True,-0.002997349053649234,0.0004297346479123273,4.0,0.00047021430884765236,0.00023829349046844693,10669.0,0.0006810947374758415,-0.16987312937398558,53.82884993907583,False
2048194326946308453,MSFT,False,,60,complete,True,0.0011586425097706021,0.001250834019261987,0.0,0.0008174575401678934,0.00039896042515146537,14622.0,0.0012105221411381904,1.0862643304271646,91.36233073450964,True
2048194324391936364,MSFT,False,,60,complete,True,0.0011586425097706021,0.001250834019261987,0.0,0.0008174575401678934,0.00039896042515146537,14622.0,0.0012105221411381904,1.0862643304271646,91.36233073450964,True
2047743658527789565,MSFT,False,,60,complete,True,0.0030217373190555286,0.0003174301581144997,4.0,0.00047021430884765236,0.00023829349046844693,10669.0,0.0006810947374758415,-0.6411595651765537,17.180616740088105,False
2047743655587504507,MSFT,False,,60,complete,True,0.0030217373190555286,0.0003174301581144997,4.0,0.00047021430884765236,0.00023829349046844693,10669.0,0.0006810947374758415,-0.6411595651765537,17.180616740088105,False
2047743653045837988,MSFT,False,,60,complete,True,0.0030217373190555286,0.0003174301581144997,4.0,0.00047021430884765236,0.00023829349046844693,10669.0,0.0006810947374758415,-0.6411595651765537,17.180616740088105,False
2047743651053556126,MSFT,False,,60,complete,True,0.0030217373190555286,0.0003174301581144997,4.0,0.00047021430884765236,0.00023829349046844693,10669.0,0.0006810947374758415,-0.6411595651765537,17.180616740088105,False
2047160006488014873,MSFT,False,,60,complete,True,-0.03127804120524791,0.001087713508203793,0.0,0.0008174575401678934,0.00039896042515146537,14622.0,0.0012105221411381904,0.6774004412425038,84.5643550813842,False
2047159807208214766,MSFT,False,,60,complete,True,-0.03127804120524791,0.001087713508203793,0.0,0.0008174575401678934,0.00039896042515146537,14622.0,0.0012105221411381904,0.6774004412425038,84.5643550813842,False
2047118960941023552,MSFT,False,,60,complete,True,-0.03127804120524791,0.001087713508203793,0.0,0.0008174575401678934,0.00039896042515146537,14622.0,0.0012105221411381904,0.6774004412425038,84.5643550813842,False
2047105085172511013,MSFT,False,,60,complete,True,-0.03127804120524791,0.001087713508203793,0.0,0.0008174575401678934,0.00039896042515146537,14622.0,0.0012105221411381904,0.6774004412425038,84.5643550813842,False
2047033636923568440,MSFT,False,,42,partial,True,-0.014728778738123172,0.0017284867122277843,5.0,0.000494370972611095,0.00023926542545988245,7142.0,0.0007939814404011009,5.157935950188562,99.8319798375805,True
2046372864857890884,MSFT,False,,60,complete,True,0.01418246646361876,0.0011413428956288656,0.0,0.0008174575401678934,0.00039896042515146537,14622.0,0.0012105221411381904,0.8118232662751176,87.06059362604294,False
2046372861829640492,MSFT,False,,60,complete,True,0.01418246646361876,0.0011413428956288656,0.0,0.0008174575401678934,0.00039896042515146537,14622.0,0.0012105221411381904,0.8118232662751176,87.06059362604294,False
2045994527689978184,MSFT,False,,3,insufficient,False,-0.0021320312210860726,0.0012972030999383044,,,,,,,,False
2044767391293509761,MSFT,False,,60,complete,True,0.009926918860440614,0.0012538925469029775,0.0,0.0008174575401678934,0.00039896042515146537,14622.0,0.0012105221411381904,1.0939305736136395,91.5127889481603,True
2044116976247996679,MSFT,False,,60,complete,True,0.0020032914484953146,0.0003647883013818823,4.0,0.00047021430884765236,0.00023829349046844693,10669.0,0.0006810947374758415,-0.4424208452296342,33.292717218108535,False
2044116974331113806,MSFT,False,,60,complete,True,0.0020032914484953146,0.0003647883013818823,4.0,0.00047021430884765236,0.00023829349046844693,10669.0,0.0006810947374758415,-0.4424208452296342,33.292717218108535,False
2044090233478885398,MSFT,False,,60,complete,True,-0.0014691820124325128,0.0003025711206493936,2.0,0.0005469180339176587,0.0002536873704358448,10190.0,0.0007458176265516419,-0.9631812291186098,4.268891069676154,False
2042748720358510752,MSFT,False,,60,complete,True,0.017735544425913963,0.0012464383498995177,0.0,0.0008174575401678934,0.00039896042515146537,14622.0,0.0012105221411381904,1.075246522430794,91.22555054028176,True
2039711802259542302,MSFT,False,,60,complete,True,0.003366152918718779,0.001085201268123105,1.0,0.0006167743380345266,0.00026114728950398414,13108.0,0.0008656246689829483,1.793726946116482,96.81873664937443,True
2038677639511359939,MSFT,False,,60,complete,True,-0.0020241549951355298,0.0007737409037199195,4.0,0.00047021430884765236,0.00023829349046844693,10669.0,0.0006810947374758415,1.2737510969165895,93.80448026994095,True
2038677637644922943,MSFT,False,,60,complete,True,-0.0020241549951355298,0.0007737409037199195,4.0,0.00047021430884765236,0.00023829349046844693,10669.0,0.0006810947374758415,1.2737510969165895,93.80448026994095,True
2038604622978494538,MSFT,False,,60,complete,True,0.013620637352793397,0.0011504571232804567,0.0,0.0008174575401678934,0.00039896042515146537,14622.0,0.0012105221411381904,0.8346682079711037,87.52564628641773,False
2038604621279793575,MSFT,False,,60,complete,True,0.013620637352793397,0.0011504571232804567,0.0,0.0008174575401678934,0.00039896042515146537,14622.0,0.0012105221411381904,0.8346682079711037,87.52564628641773,False
2038604619795042716,MSFT,False,,60,complete,True,0.013620637352793397,0.0011504571232804567,0.0,0.0008174575401678934,0.00039896042515146537,14622.0,0.0012105221411381904,0.8346682079711037,87.52564628641773,False
2034682749240713260,MSFT,False,,60,complete,True,-0.0006958263904852657,0.00040736974150907683,3.0,0.0005162286279595578,0.00039985994037040727,9792.0,0.0006680850669626745,-0.2722425416000422,40.0531045751634,False
2033187858522255605,MSFT,False,,4,insufficient,False,-0.002651300409636015,0.00033930931073444863,,,,,,,,False
2033187856370557379,MSFT,False,,4,insufficient,False,-0.002651300409636015,0.00033930931073444863,,,,,,,,False
2032515189086761005,MSFT,False,,59,partial,True,-0.0007431527341350552,0.00047673757587504565,4.0,0.00047021430884765236,0.00023829349046844693,10669.0,0.0006810947374758415,0.02737492750880263,66.94160652357297,False
2032200335218131055,MSFT,False,,60,complete,True,-0.006163840562887546,0.0007632686454905748,0.0,0.0008174575401678934,0.00039896042515146537,14622.0,0.0012105221411381904,-0.1358252379462093,51.217343728628094,False
2030992879548789074,MSFT,False,,60,complete,True,0.0037537216499469173,0.001357667267133624,0.0,0.0008174575401678934,0.00039896042515146537,14622.0,0.0012105221411381904,1.3540433910472194,94.27574887156341,True
2030992877665583440,MSFT,False,,60,complete,True,0.0037537216499469173,0.001357667267133624,0.0,0.0008174575401678934,0.00039896042515146537,14622.0,0.0012105221411381904,1.3540433910472194,94.27574887156341,True
2030696738550596063,MSFT,False,,60,complete,True,0.0037537216499469173,0.001357667267133624,0.0,0.0008174575401678934,0.00039896042515146537,14622.0,0.0012105221411381904,1.3540433910472194,94.27574887156341,True
2029623352844054549,MSFT,False,,60,complete,True,-0.00012797201564662686,0.0007175170616857268,3.0,0.0005162286279595578,0.00039985994037040727,9792.0,0.0006680850669626745,0.5033973484308205,92.99428104575163,True
2029196698745225320,MSFT,False,,60,complete,True,-0.005425698510284516,0.0013256867060489575,0.0,0.0008174575401678934,0.00039896042515146537,14622.0,0.0012105221411381904,1.273883658230299,93.35248256052525,True
2029196696887148841,MSFT,False,,60,complete,True,-0.005425698510284516,0.0013256867060489575,0.0,0.0008174575401678934,0.00039896042515146537,14622.0,0.0012105221411381904,1.273883658230299,93.35248256052525,True
2029196695008100434,MSFT,False,,60,complete,True,-0.005425698510284516,0.0013256867060489575,0.0,0.0008174575401678934,0.00039896042515146537,14622.0,0.0012105221411381904,1.273883658230299,93.35248256052525,True
2029196693452014009,MSFT,False,,60,complete,True,-0.005425698510284516,0.0013256867060489575,0.0,0.0008174575401678934,0.00039896042515146537,14622.0,0.0012105221411381904,1.273883658230299,93.35248256052525,True
2028923616755368182,MSFT,False,,59,partial,True,-0.00021729943262360774,0.0007061471508895968,5.0,0.000494370972611095,0.00023926542545988245,7142.0,0.0007939814404011009,0.8851098225807398,86.15233828059368,False
2026305871001813206,MSFT,False,,60,complete,True,-0.007050606073026544,0.0011223360158586528,0.0,0.0008174575401678934,0.00039896042515146537,14622.0,0.0012105221411381904,0.7641822508460887,86.24675147038708,False
2026262832204145035,MSFT,False,,60,complete,True,0.004216918299084993,0.0015250848129796351,0.0,0.0008174575401678934,0.00039896042515146537,14622.0,0.0012105221411381904,1.7736778592590754,97.19600601832855,True
2024581126719729758,MSFT,False,,34,partial,True,0.0008158494856447263,0.0003421261257140555,5.0,0.000494370972611095,0.00023926542545988245,7142.0,0.0007939814404011009,-0.6363010727706097,24.93699243909269,False
2024163804699918549,MSFT,False,,60,complete,True,0.00015672934428534457,0.0003451009377149462,2.0,0.0005469180339176587,0.0002536873704358448,10190.0,0.0007458176265516419,-0.7955346608543532,11.089303238469087,False
2020709207193145816,MSFT,False,,60,complete,True,0.019964216125265777,0.0014080911418708378,0.0,0.0008174575401678934,0.00039896042515146537,14622.0,0.0012105221411381904,1.480431552775467,95.363151415675,True
2016671264514134137,MSFT,True,"earnings(MSFT, 2026-01-28 21:00:00+00:00->2026-01-29 21:00:00+00:00)",60,complete,False,-0.10711658908154165,0.002440383545250325,0.0,0.0008174575401678934,0.00039896042515146537,14622.0,0.0012105221411381904,4.067887195744508,99.58282040760497,True
2016671263117459675,MSFT,True,"earnings(MSFT, 2026-01-28 21:00:00+00:00->2026-01-29 21:00:00+00:00)",60,complete,False,-0.10711658908154165,0.002440383545250325,0.0,0.0008174575401678934,0.00039896042515146537,14622.0,0.0012105221411381904,4.067887195744508,99.58282040760497,True
2016671261729206658,MSFT,True,"earnings(MSFT, 2026-01-28 21:00:00+00:00->2026-01-29 21:00:00+00:00)",60,complete,False,-0.10711658908154165,0.002440383545250325,0.0,0.0008174575401678934,0.00039896042515146537,14622.0,0.0012105221411381904,4.067887195744508,99.58282040760497,True
2016671260382769626,MSFT,True,"earnings(MSFT, 2026-01-28 21:00:00+00:00->2026-01-29 21:00:00+00:00)",60,complete,False,-0.10711658908154165,0.002440383545250325,0.0,0.0008174575401678934,0.00039896042515146537,14622.0,0.0012105221411381904,4.067887195744508,99.58282040760497,True
2016671258939937076,MSFT,True,"earnings(MSFT, 2026-01-28 21:00:00+00:00->2026-01-29 21:00:00+00:00)",60,complete,False,-0.10711658908154165,0.002440383545250325,0.0,0.0008174575401678934,0.00039896042515146537,14622.0,0.0012105221411381904,4.067887195744508,99.58282040760497,True
2015817415003893982,MSFT,False,,60,complete,True,0.0037101635625038654,0.0005779242854912583,1.0,0.0006167743380345266,0.00026114728950398414,13108.0,0.0008656246689829483,-0.14876682280355674,51.04516325907843,False
2015817413200408959,MSFT,False,,60,complete,True,0.0037101635625038654,0.0005779242854912583,1.0,0.0006167743380345266,0.00026114728950398414,13108.0,0.0008656246689829483,-0.14876682280355674,51.04516325907843,False
2014720111530410042,MSFT,False,,60,complete,True,0.008250084632112076,0.0006884540049641857,0.0,0.0008174575401678934,0.00039896042515146537,14622.0,0.0012105221411381904,-0.32334920225416236,38.954999316099034,False
2014720109756219822,MSFT,False,,60,complete,True,0.008250084632112076,0.0006884540049641857,0.0,0.0008174575401678934,0.00039896042515146537,14622.0,0.0012105221411381904,-0.32334920225416236,38.954999316099034,False
2014360953111060894,MSFT,False,,60,complete,True,0.002667638819972007,0.00039185895280822785,1.0,0.0006167743380345266,0.00026114728950398414,13108.0,0.0008656246689829483,-0.8612587389036156,9.803173634421727,False
2014337035310698974,MSFT,False,,60,complete,True,0.0013979937032280176,0.0011992107866203618,0.0,0.0008174575401678934,0.00039896042515146537,14622.0,0.0012105221411381904,0.9568699609930876,89.52947613185611,False
2011069589141279228,MSFT,True,"cpi(ALL, 2026-01-13 13:30:00+00:00->2026-01-13 21:00:00+00:00)",60,complete,False,-0.015258937349011958,0.000761126638595898,0.0,0.0008174575401678934,0.00039896042515146537,14622.0,0.0012105221411381904,-0.141194208800558,50.88907126248119,False
2005724537917431817,MSFT,False,,59,partial,True,0.0005720795560288927,0.00019177461323135206,5.0,0.000494370972611095,0.00023926542545988245,7142.0,0.0007939814404011009,-1.2646890322667166,0.798095771492579,False
1999388548097810772,MSFT,False,,60,complete,True,-0.003060913284372635,0.0008109705224069588,0.0,0.0008174575401678934,0.00039896042515146537,14622.0,0.0012105221411381904,-0.016259802606917367,59.5814526056627,False
1999384095881884119,MSFT,False,,60,complete,True,-0.003060913284372635,0.0008109705224069588,0.0,0.0008174575401678934,0.00039896042515146537,14622.0,0.0012105221411381904,-0.016259802606917367,59.5814526056627,False
1999183536277098925,MSFT,False,,60,complete,True,0.007417943822374706,0.0005691933730956588,3.0,0.0005162286279595578,0.00039985994037040727,9792.0,0.0006680850669626745,0.13245824297137018,74.36683006535948,False
1999183534053879967,MSFT,False,,60,complete,True,0.007417943822374706,0.0005691933730956588,3.0,0.0005162286279595578,0.00039985994037040727,9792.0,0.0006680850669626745,0.13245824297137018,74.36683006535948,False
1999183482048905583,MSFT,False,,60,complete,True,0.007417943822374706,0.0005691933730956588,3.0,0.0005162286279595578,0.00039985994037040727,9792.0,0.0006680850669626745,0.13245824297137018,74.36683006535948,False
1999183430140198938,MSFT,False,,60,complete,True,0.007417943822374706,0.0005691933730956588,3.0,0.0005162286279595578,0.00039985994037040727,9792.0,0.0006680850669626745,0.13245824297137018,74.36683006535948,False
1999055307738321153,MSFT,False,,60,complete,True,0.005363722420776207,0.0009223880834658368,0.0,0.0008174575401678934,0.00039896042515146537,14622.0,0.0012105221411381904,0.26300990444880956,73.09533579537683,False
1998987907131125935,MSFT,False,,60,complete,True,0.005363722420776207,0.0009223880834658368,0.0,0.0008174575401678934,0.00039896042515146537,14622.0,0.0012105221411381904,0.26300990444880956,73.09533579537683,False
1998643116975546493,MSFT,False,,59,partial,True,-0.022918298856607455,0.0009179940256324236,,,,,,,,False
1998424250966053164,MSFT,False,,59,partial,True,0.002103564492048182,0.0002844939857565229,1.0,0.0006167743380345266,0.00026114728950398414,13108.0,0.0008656246689829483,-1.2723867550344015,2.311565456209948,False
1998424249611211263,MSFT,False,,59,partial,True,0.002103564492048182,0.0002844939857565229,1.0,0.0006167743380345266,0.00026114728950398414,13108.0,0.0008656246689829483,-1.2723867550344015,2.311565456209948,False
1998376337938039091,MSFT,False,,60,complete,True,-0.0016599438411974976,0.0006098128658565876,0.0,0.0008174575401678934,0.00039896042515146537,14622.0,0.0012105221411381904,-0.5204643398714884,28.210915059499385,False
1996597609587470504,MSFT,False,,60,complete,True,-0.003678872019975521,0.00046267312426277496,0.0,0.0008174575401678934,0.00039896042515146537,14622.0,0.0012105221411381904,-0.8892722023003272,7.926412255505403,False
1990797471451394095,MSFT,False,,60,complete,True,-0.011103217036808943,0.0014533096342691301,0.0,0.0008174575401678934,0.00039896042515146537,14622.0,0.0012105221411381904,1.5937723493748417,96.17015456161948,True
1990797469127749692,MSFT,False,,60,complete,True,-0.011103217036808943,0.0014533096342691301,0.0,0.0008174575401678934,0.00039896042515146537,14622.0,0.0012105221411381904,1.5937723493748417,96.17015456161948,True
1989755076353921404,MSFT,False,,38,partial,True,-0.004057264958805429,0.001033684448024169,,,,,,,,False
1988653837461369307,MSFT,False,,60,complete,True,0.007028538502871884,0.0006198520623735311,2.0,0.0005469180339176587,0.0002536873704358448,10190.0,0.0007458176265516419,0.2874957012269428,74.92639842983317,False
1985807905145438659,MSFT,False,,25,insufficient,False,0.0030769409835760264,0.0003815263685279646,6.0,,,,,,,False
1985807902385586516,MSFT,False,,25,insufficient,False,0.0030769409835760264,0.0003815263685279646,6.0,,,,,,,False
1985517602475508037,MSFT,False,,15,insufficient,False,-0.0014964372274386406,0.002216481779857107,,,,,,,,False
1985052892416573932,MSFT,False,,34,partial,True,0.008757260159537705,0.0024394005802432094,,,,,,,,False
1983949591394578915,MSFT,True,"earnings(MSFT, 2025-10-29 20:00:00+00:00->2025-10-30 20:00:00+00:00)",59,partial,False,-0.004803960473270252,0.0006912459037403528,4.0,0.00047021430884765236,0.00023829349046844693,10669.0,0.0006810947374758415,0.9275603561733374,90.43959133939451,True
1983949531286008023,MSFT,True,"earnings(MSFT, 2025-10-29 20:00:00+00:00->2025-10-30 20:00:00+00:00)",59,partial,False,-0.004803960473270252,0.0006912459037403528,4.0,0.00047021430884765236,0.00023829349046844693,10669.0,0.0006810947374758415,0.9275603561733374,90.43959133939451,True
1983670347972194551,MSFT,True,"earnings(MSFT, 2025-10-29 20:00:00+00:00->2025-10-30 20:00:00+00:00)",60,complete,False,-0.019165900116848933,0.002324907092019506,0.0,0.0008174575401678934,0.00039896042515146537,14622.0,0.0012105221411381904,3.7784438175272874,99.52810832991383,True
1983670346164400160,MSFT,True,"earnings(MSFT, 2025-10-29 20:00:00+00:00->2025-10-30 20:00:00+00:00)",60,complete,False,-0.019165900116848933,0.002324907092019506,0.0,0.0008174575401678934,0.00039896042515146537,14622.0,0.0012105221411381904,3.7784438175272874,99.52810832991383,True
1983670344692199680,MSFT,True,"earnings(MSFT, 2025-10-29 20:00:00+00:00->2025-10-30 20:00:00+00:00)",60,complete,False,-0.019165900116848933,0.002324907092019506,0.0,0.0008174575401678934,0.00039896042515146537,14622.0,0.0012105221411381904,3.7784438175272874,99.52810832991383,True
1983670343098315127,MSFT,True,"earnings(MSFT, 2025-10-29 20:00:00+00:00->2025-10-30 20:00:00+00:00)",60,complete,False,-0.019165900116848933,0.002324907092019506,0.0,0.0008174575401678934,0.00039896042515146537,14622.0,0.0012105221411381904,3.7784438175272874,99.52810832991383,True
1983670341810712849,MSFT,True,"earnings(MSFT, 2025-10-29 20:00:00+00:00->2025-10-30 20:00:00+00:00)",60,complete,False,-0.019165900116848933,0.002324907092019506,0.0,0.0008174575401678934,0.00039896042515146537,14622.0,0.0012105221411381904,3.7784438175272874,99.52810832991383,True
1983372241988726838,MSFT,False,,60,complete,True,-0.010677653855487135,0.0008963128223947116,0.0,0.0008174575401678934,0.00039896042515146537,14622.0,0.0012105221411381904,0.19765189040211378,70.28450280399399,False
1983372239052710047,MSFT,False,,60,complete,True,-0.010677653855487135,0.0008963128223947116,0.0,0.0008174575401678934,0.00039896042515146537,14622.0,0.0012105221411381904,0.19765189040211378,70.28450280399399,False
1983320065530572983,MSFT,False,,60,complete,True,-0.010677653855487135,0.0008963128223947116,0.0,0.0008174575401678934,0.00039896042515146537,14622.0,0.0012105221411381904,0.19765189040211378,70.28450280399399,False
1983320062623916277,MSFT,False,,60,complete,True,-0.010677653855487135,0.0008963128223947116,0.0,0.0008174575401678934,0.00039896042515146537,14622.0,0.0012105221411381904,0.19765189040211378,70.28450280399399,False
1983269885812846764,MSFT,False,,60,complete,True,-0.010677653855487135,0.0008963128223947116,0.0,0.0008174575401678934,0.00039896042515146537,14622.0,0.0012105221411381904,0.19765189040211378,70.28450280399399,False
1983259692580364424,MSFT,False,,11,insufficient,False,-0.002222729374885546,0.0005463701156860774,6.0,,,,,,,False
1982953924077465850,MSFT,False,,33,partial,True,0.02726235963851753,0.00522542077530878,,,,,,,,False
1982953921590202717,MSFT,False,,33,partial,True,0.02726235963851753,0.00522542077530878,,,,,,,,False
1981782892402639171,MSFT,True,"cpi(ALL, 2025-10-24 12:30:00+00:00->2025-10-24 20:00:00+00:00)",58,partial,False,0.0010616325359609213,0.0002214321595167391,4.0,0.00047021430884765236,0.00023829349046844693,10669.0,0.0006810947374758415,-1.0440157170967923,2.3713562658168525,False
1981466897557196837,MSFT,True,"cpi(ALL, 2025-10-24 12:30:00+00:00->2025-10-24 20:00:00+00:00)",57,partial,False,-0.0025698764715240685,0.0007041946985619271,0.0,0.0008174575401678934,0.00039896042515146537,14622.0,0.0012105221411381904,-0.28389492908467334,41.64273013267679,False
1981422847332667690,MSFT,False,,51,partial,True,-0.000965831801327699,0.00022380124246308838,4.0,0.00047021430884765236,0.00023829349046844693,10669.0,0.0006810947374758415,-1.034073846919424,2.7369013028400038,False
1981422845034188885,MSFT,False,,51,partial,True,-0.000965831801327699,0.00022380124246308838,4.0,0.00047021430884765236,0.00023829349046844693,10669.0,0.0006810947374758415,-1.034073846919424,2.7369013028400038,False
1981408462287622378,MSFT,False,,50,partial,True,0.0007096102193784315,0.00025617979942799173,3.0,0.0005162286279595578,0.00039985994037040727,9792.0,0.0006680850669626745,-0.6503497907058952,3.022875816993464,False
1980736083714535694,MSFT,False,,60,complete,True,0.013913462254663833,0.0007883429589312815,0.0,0.0008174575401678934,0.00039896042515146537,14622.0,0.0012105221411381904,-0.07297611342167222,55.6216659827657,False
1978825646370423095,MSFT,False,,54,partial,True,-2.6942709340227466e-05,0.0005464141541261157,0.0,0.0008174575401678934,0.00039896042515146537,14622.0,0.0012105221411381904,-0.6793741157130462,18.3900971139379,False
1978825644231336390,MSFT,False,,54,partial,True,-2.6942709340227466e-05,0.0005464141541261157,0.0,0.0008174575401678934,0.00039896042515146537,14622.0,0.0012105221411381904,-0.6793741157130462,18.3900971139379,False
1978810259356430427,MSFT,False,,58,partial,True,0.0006012532129631154,0.0008359040602274082,0.0,0.0008174575401678934,0.00039896042515146537,14622.0,0.0012105221411381904,0.04623646581615588,63.63698536451922,False
1978810256999268551,MSFT,False,,58,partial,True,0.0006012532129631154,0.0008359040602274082,0.0,0.0008174575401678934,0.00039896042515146537,14622.0,0.0012105221411381904,0.04623646581615588,63.63698536451922,False
1978593398648119794,MSFT,False,,58,partial,True,0.0006012532129631154,0.0008359040602274082,0.0,0.0008174575401678934,0.00039896042515146537,14622.0,0.0012105221411381904,0.04623646581615588,63.63698536451922,False
1978564974805962867,MSFT,False,,58,partial,True,0.0006012532129631154,0.0008359040602274082,0.0,0.0008174575401678934,0.00039896042515146537,14622.0,0.0012105221411381904,0.04623646581615588,63.63698536451922,False
1978564972532715922,MSFT,False,,58,partial,True,0.0006012532129631154,0.0008359040602274082,0.0,0.0008174575401678934,0.00039896042515146537,14622.0,0.0012105221411381904,0.04623646581615588,63.63698536451922,False
1978174753752949151,MSFT,False,,56,partial,True,0.0023672690387875894,0.0005520734342610933,5.0,0.000494370972611095,0.00023926542545988245,7142.0,0.0007939814404011009,0.2411650640249868,73.22878745449454,False
1978174751207039375,MSFT,False,,56,partial,True,0.0023672690387875894,0.0005520734342610933,5.0,0.000494370972611095,0.00023926542545988245,7142.0,0.0007939814404011009,0.2411650640249868,73.22878745449454,False
1977478846653059085,MSFT,False,,56,partial,True,-0.0038195750123439787,0.0008612080699555848,0.0,0.0008174575401678934,0.00039896042515146537,14622.0,0.0012105221411381904,0.10966132736368882,66.64614963753249,False
1977478844123959743,MSFT,False,,56,partial,True,-0.0038195750123439787,0.0008612080699555848,0.0,0.0008174575401678934,0.00039896042515146537,14622.0,0.0012105221411381904,0.10966132736368882,66.64614963753249,False
1977478841213018142,MSFT,False,,56,partial,True,-0.0038195750123439787,0.0008612080699555848,0.0,0.0008174575401678934,0.00039896042515146537,14622.0,0.0012105221411381904,0.10966132736368882,66.64614963753249,False
1977478838683939105,MSFT,False,,56,partial,True,-0.0038195750123439787,0.0008612080699555848,0.0,0.0008174575401678934,0.00039896042515146537,14622.0,0.0012105221411381904,0.10966132736368882,66.64614963753249,False
1977478835978502274,MSFT,False,,56,partial,True,-0.0038195750123439787,0.0008612080699555848,0.0,0.0008174575401678934,0.00039896042515146537,14622.0,0.0012105221411381904,0.10966132736368882,66.64614963753249,False
1977478833042600040,MSFT,False,,56,partial,True,-0.0038195750123439787,0.0008612080699555848,0.0,0.0008174575401678934,0.00039896042515146537,14622.0,0.0012105221411381904,0.10966132736368882,66.64614963753249,False
1977478830974783574,MSFT,False,,56,partial,True,-0.0038195750123439787,0.0008612080699555848,0.0,0.0008174575401678934,0.00039896042515146537,14622.0,0.0012105221411381904,0.10966132736368882,66.64614963753249,False
1976322457436041438,MSFT,False,,57,partial,True,-0.00030814988322191983,0.00035175277686040797,2.0,0.0005469180339176587,0.0002536873704358448,10190.0,0.0007458176265516419,-0.7693140447707317,12.747791952894996,False
1976322455288545343,MSFT,False,,57,partial,True,-0.00030814988322191983,0.00035175277686040797,2.0,0.0005469180339176587,0.0002536873704358448,10190.0,0.0007458176265516419,-0.7693140447707317,12.747791952894996,False
1974612741974561031,MSFT,False,,59,partial,True,0.008636557173619552,0.0008318843120318575,0.0,0.0008174575401678934,0.00039896042515146537,14622.0,0.0012105221411381904,0.03616090959018528,62.97360142251402,False
1974557470149464384,MSFT,False,,59,partial,True,0.008636557173619552,0.0008318843120318575,0.0,0.0008174575401678934,0.00039896042515146537,14622.0,0.0012105221411381904,0.03616090959018528,62.97360142251402,False
1974557468333408630,MSFT,False,,59,partial,True,0.008636557173619552,0.0008318843120318575,0.0,0.0008174575401678934,0.00039896042515146537,14622.0,0.0012105221411381904,0.03616090959018528,62.97360142251402,False
1974557465854554288,MSFT,False,,59,partial,True,0.008636557173619552,0.0008318843120318575,0.0,0.0008174575401678934,0.00039896042515146537,14622.0,0.0012105221411381904,0.03616090959018528,62.97360142251402,False
1974557463895797857,MSFT,False,,59,partial,True,0.008636557173619552,0.0008318843120318575,0.0,0.0008174575401678934,0.00039896042515146537,14622.0,0.0012105221411381904,0.03616090959018528,62.97360142251402,False
1974557461458956517,MSFT,False,,59,partial,True,0.008636557173619552,0.0008318843120318575,0.0,0.0008174575401678934,0.00039896042515146537,14622.0,0.0012105221411381904,0.03616090959018528,62.97360142251402,False
1974557458996863461,MSFT,False,,59,partial,True,0.008636557173619552,0.0008318843120318575,0.0,0.0008174575401678934,0.00039896042515146537,14622.0,0.0012105221411381904,0.03616090959018528,62.97360142251402,False
1974557455725277647,MSFT,False,,59,partial,True,0.008636557173619552,0.0008318843120318575,0.0,0.0008174575401678934,0.00039896042515146537,14622.0,0.0012105221411381904,0.03616090959018528,62.97360142251402,False
1974281794565615825,MSFT,False,,59,partial,True,0.008636557173619552,0.0008318843120318575,0.0,0.0008174575401678934,0.00039896042515146537,14622.0,0.0012105221411381904,0.03616090959018528,62.97360142251402,False
1973917771307364724,MSFT,False,,59,partial,True,0.0015058811263928273,0.0007018206173951181,0.0,0.0008174575401678934,0.00039896042515146537,14622.0,0.0012105221411381904,-0.2898455974145148,41.18451648201341,False
1973917769558274283,MSFT,False,,59,partial,True,0.0015058811263928273,0.0007018206173951181,0.0,0.0008174575401678934,0.00039896042515146537,14622.0,0.0012105221411381904,-0.2898455974145148,41.18451648201341,False
1973820578286145548,MSFT,False,,56,partial,True,-0.0001770840557269171,0.00020830236200374954,5.0,0.000494370972611095,0.00023926542545988245,7142.0,0.0007939814404011009,-1.1956119863850139,1.372164659759171,False
1973820577044660242,MSFT,False,,56,partial,True,-0.0001770840557269171,0.00020830236200374954,5.0,0.000494370972611095,0.00023926542545988245,7142.0,0.0007939814404011009,-1.1956119863850139,1.372164659759171,False
1973437432029913495,MSFT,False,,59,partial,True,0.0005615610697182749,0.000381903443376421,3.0,0.0005162286279595578,0.00039985994037040727,9792.0,0.0006680850669626745,-0.335930587241887,30.279820261437905,False
1973437429383405891,MSFT,False,,59,partial,True,0.0005615610697182749,0.000381903443376421,3.0,0.0005162286279595578,0.00039985994037040727,9792.0,0.0006680850669626745,-0.335930587241887,30.279820261437905,False
1973067365395972530,MSFT,False,,53,partial,True,0.0006932927843619208,0.000295539570582398,3.0,0.0005162286279595578,0.00039985994037040727,9792.0,0.0006680850669626745,-0.5519158962828988,7.700163398692811,False
1972707360662757796,MSFT,False,,57,partial,True,-0.0003022048284520018,0.00025588660774740403,3.0,0.0005162286279595578,0.00039985994037040727,9792.0,0.0006680850669626745,-0.651083026649251,2.9922385620915035,False
1972670683655319655,MSFT,False,,58,partial,True,-0.002730985228630134,0.00041920732160542686,1.0,0.0006167743380345266,0.00026114728950398414,13108.0,0.0008656246689829483,-0.7565348152927531,13.449801647848641,False
1972670680782258419,MSFT,False,,58,partial,True,-0.002730985228630134,0.00041920732160542686,1.0,0.0006167743380345266,0.00026114728950398414,13108.0,0.0008656246689829483,-0.7565348152927531,13.449801647848641,False
1972657812946796555,MSFT,False,,58,partial,True,0.0036964994840187337,0.0006765679425113802,0.0,0.0008174575401678934,0.00039896042515146537,14622.0,0.0012105221411381904,-0.35314178744176056,37.361510053344276,False
1972657808911802612,MSFT,False,,58,partial,True,0.0036964994840187337,0.0006765679425113802,0.0,0.0008174575401678934,0.00039896042515146537,14622.0,0.0012105221411381904,-0.35314178744176056,37.361510053344276,False
1972657804155727957,MSFT,False,,58,partial,True,0.0036964994840187337,0.0006765679425113802,0.0,0.0008174575401678934,0.00039896042515146537,14622.0,0.0012105221411381904,-0.35314178744176056,37.361510053344276,False
1972657799067799617,MSFT,False,,58,partial,True,0.0036964994840187337,0.0006765679425113802,0.0,0.0008174575401678934,0.00039896042515146537,14622.0,0.0012105221411381904,-0.35314178744176056,37.361510053344276,False
1972657794584351022,MSFT,False,,58,partial,True,0.0036964994840187337,0.0006765679425113802,0.0,0.0008174575401678934,0.00039896042515146537,14622.0,0.0012105221411381904,-0.35314178744176056,37.361510053344276,False
1970884338993778855,MSFT,False,,54,partial,True,-0.0023353381192394718,0.00040278511725445366,2.0,0.0005469180339176587,0.0002536873704358448,10190.0,0.0007458176265516419,-0.5681517231842447,24.916584887144257,False
1970862418948718884,MSFT,False,,52,partial,True,-0.0005223232402006284,0.0005340148375972399,1.0,0.0006167743380345266,0.00026114728950398414,13108.0,0.0008656246689829483,-0.31690736899654526,38.61763808361306,False
1970505474601820212,MSFT,False,,59,partial,True,0.00020069944867440181,0.0002546470970418039,1.0,0.0006167743380345266,0.00026114728950398414,13108.0,0.0008656246689829483,-1.3866781527027798,0.8162953921269454,False
1970271483487469628,MSFT,False,,54,partial,True,-0.004734220910221243,0.0008427800557726258,,,,,,,,False
1970179227267076112,MSFT,False,,51,partial,True,0.0005618850822692867,0.0002105311531091391,4.0,0.00047021430884765236,0.00023829349046844693,10669.0,0.0006810947374758415,-1.0897618530326516,1.4809260474271253,False
1970179225669062774,MSFT,False,,51,partial,True,0.0005618850822692867,0.0002105311531091391,4.0,0.00047021430884765236,0.00023829349046844693,10669.0,0.0006810947374758415,-1.0897618530326516,1.4809260474271253,False
1968677247784460580,MSFT,False,,57,partial,True,0.0024496220344265573,0.0006502344483843574,0.0,0.0008174575401678934,0.00039896042515146537,14622.0,0.0012105221411381904,-0.4191470663288214,33.93516618793599,False
1968677244861379012,MSFT,False,,57,partial,True,0.0024496220344265573,0.0006502344483843574,0.0,0.0008174575401678934,0.00039896042515146537,14622.0,0.0012105221411381904,-0.4191470663288214,33.93516618793599,False
1968034919210418352,MSFT,False,,28,partial,True,-0.0031138518078909216,0.0005393937222879996,6.0,,,,,,,False
1968034916832338396,MSFT,False,,28,partial,True,-0.0031138518078909216,0.0005393937222879996,6.0,,,,,,,False
1965171270661947474,MSFT,False,,59,partial,True,0.005322178546246725,0.0006891370633046101,0.0,0.0008174575401678934,0.00039896042515146537,14622.0,0.0012105221411381904,-0.3216371067746042,39.15333059772944,False
1963666556703154376,MSFT,False,,52,partial,True,-0.0010083748527659475,0.00026326166774831783,4.0,0.00047021430884765236,0.00023829349046844693,10669.0,0.0006810947374758415,-0.8684779457991013,6.889118005436311,False
1963666553427435854,MSFT,False,,52,partial,True,-0.0010083748527659475,0.00026326166774831783,4.0,0.00047021430884765236,0.00023829349046844693,10669.0,0.0006810947374758415,-0.8684779457991013,6.889118005436311,False
1963265500210700628,MSFT,False,,59,partial,True,-0.0016710692836900964,0.0003798410191245786,2.0,0.0005469180339176587,0.0002536873704358448,10190.0,0.0007458176265516419,-0.6585941369727442,19.401373895976448,False
1962869102697173132,MSFT,False,,60,complete,True,0.006295885625912434,0.001175850487883414,0.0,0.0008174575401678934,0.00039896042515146537,14622.0,0.0012105221411381904,0.8983170387876357,88.49678566543564,False
1962869100860100840,MSFT,False,,60,complete,True,0.006295885625912434,0.001175850487883414,0.0,0.0008174575401678934,0.00039896042515146537,14622.0,0.0012105221411381904,0.8983170387876357,88.49678566543564,False
1960789358996545694,MSFT,False,,20,insufficient,False,0.003254809342315257,0.0003118870076793918,6.0,,,,,,,False
1960789357042000311,MSFT,False,,20,insufficient,False,0.003254809342315257,0.0003118870076793918,6.0,,,,,,,False
1960789354579952116,MSFT,False,,20,insufficient,False,0.003254809342315257,0.0003118870076793918,6.0,,,,,,,False
1960789352994497023,MSFT,False,,20,insufficient,False,0.003254809342315257,0.0003118870076793918,6.0,,,,,,,False
1960789351509713245,MSFT,False,,20,insufficient,False,0.003254809342315257,0.0003118870076793918,6.0,,,,,,,False
1960789349886517650,MSFT,False,,20,insufficient,False,0.003254809342315257,0.0003118870076793918,6.0,,,,,,,False
1960789348133298359,MSFT,False,,20,insufficient,False,0.003254809342315257,0.0003118870076793918,6.0,,,,,,,False
1958163571772375401,MSFT,False,,60,complete,True,0.002929296033613138,0.0007281493654057029,0.0,0.0008174575401678934,0.00039896042515146537,14622.0,0.0012105221411381904,-0.22385221473604736,45.40418547394337,False
1957493298672857197,MSFT,False,,53,partial,True,-7.046319061743134e-05,0.0003135220058752222,3.0,0.0005162286279595578,0.00039985994037040727,9792.0,0.0006680850669626745,-0.5069440612044304,11.121323529411764,False
1957493248718680571,MSFT,False,,53,partial,True,-7.046319061743134e-05,0.0003135220058752222,3.0,0.0005162286279595578,0.00039985994037040727,9792.0,0.0006680850669626745,-0.5069440612044304,11.121323529411764,False
1957445998701125665,MSFT,False,,58,partial,True,-0.00319629665436294,0.00041388548539631723,0.0,0.0008174575401678934,0.00039896042515146537,14622.0,0.0012105221411381904,-1.0115591154645478,4.335932157023663,False
1953511338917200071,MSFT,False,,52,partial,True,-0.004111087603449359,0.00046254252450846236,4.0,0.00047021430884765236,0.00023829349046844693,10669.0,0.0006810947374758415,-0.032194686997569694,63.6048364420283,False
1952878078050615413,MSFT,False,,59,partial,True,-0.0038425438252890354,0.000717839642194904,0.0,0.0008174575401678934,0.00039896042515146537,14622.0,0.0012105221411381904,-0.24969368311448312,43.98167145397346,False
1952530191676539031,MSFT,False,,60,complete,True,-0.0008784192988049444,0.0005579425027493892,0.0,0.0008174575401678934,0.00039896042515146537,14622.0,0.0012105221411381904,-0.6504781453448154,20.18875666803447,False
1950689588185583920,MSFT,True,"earnings(MSFT, 2025-07-30 20:00:00+00:00->2025-07-31 20:00:00+00:00)",60,complete,False,0.04145534459685485,0.0018742434789771254,0.0,0.0008174575401678934,0.00039896042515146537,14622.0,0.0012105221411381904,2.6488490391196646,99.1109287375188,True
1950689586856022192,MSFT,True,"earnings(MSFT, 2025-07-30 20:00:00+00:00->2025-07-31 20:00:00+00:00)",60,complete,False,0.04145534459685485,0.0018742434789771254,0.0,0.0008174575401678934,0.00039896042515146537,14622.0,0.0012105221411381904,2.6488490391196646,99.1109287375188,True
1950689585375420499,MSFT,True,"earnings(MSFT, 2025-07-30 20:00:00+00:00->2025-07-31 20:00:00+00:00)",60,complete,False,0.04145534459685485,0.0018742434789771254,0.0,0.0008174575401678934,0.00039896042515146537,14622.0,0.0012105221411381904,2.6488490391196646,99.1109287375188,True
1950689583773200501,MSFT,True,"earnings(MSFT, 2025-07-30 20:00:00+00:00->2025-07-31 20:00:00+00:00)",60,complete,False,0.04145534459685485,0.0018742434789771254,0.0,0.0008174575401678934,0.00039896042515146537,14622.0,0.0012105221411381904,2.6488490391196646,99.1109287375188,True
1950689581827084714,MSFT,True,"earnings(MSFT, 2025-07-30 20:00:00+00:00->2025-07-31 20:00:00+00:00)",60,complete,False,0.04145534459685485,0.0018742434789771254,0.0,0.0008174575401678934,0.00039896042515146537,14622.0,0.0012105221411381904,2.6488490391196646,99.1109287375188,True
1949885049287168245,MSFT,False,,57,partial,True,-0.0009067812729854907,0.00018052151575923767,4.0,0.00047021430884765236,0.00023829349046844693,10669.0,0.0006810947374758415,-1.2156974683568775,0.5717499297028775,False
1949884999345590406,MSFT,False,,57,partial,True,-0.0009067812729854907,0.00018052151575923767,4.0,0.00047021430884765236,0.00023829349046844693,10669.0,0.0006810947374758415,-1.2156974683568775,0.5717499297028775,False
1948101916711625074,MSFT,False,,34,partial,True,-0.0012932939096894636,0.0002904920022423886,5.0,0.000494370972611095,0.00023926542545988245,7142.0,0.0007939814404011009,-0.8521037670897867,12.293475217026042,False
1948101877486452897,MSFT,False,,34,partial,True,-0.0012932939096894636,0.0002904920022423886,5.0,0.000494370972611095,0.00023926542545988245,7142.0,0.0007939814404011009,-0.8521037670897867,12.293475217026042,False
1945887678869959063,MSFT,False,,50,partial,True,-0.000889978095476307,0.00029136734451588685,3.0,0.0005162286279595578,0.00039985994037040727,9792.0,0.0006680850669626745,-0.5623501149811916,7.046568627450981,False
1944876160116253012,MSFT,True,"cpi(ALL, 2025-07-15 12:30:00+00:00->2025-07-15 20:00:00+00:00)",53,partial,False,0.003825241861459938,0.0005822990115804645,,,,,,,,False
1943396620756009007,MSFT,False,,12,insufficient,False,0.00025761601924800814,0.00037602226625467277,6.0,,,,,,,False
1940077885584507246,MSFT,False,,60,complete,True,0.002594722735743238,0.0003753488607561855,2.0,0.0005469180339176587,0.0002536873704358448,10190.0,0.0007458176265516419,-0.6763015946229827,18.439646712463198,False
1939784914704245001,MSFT,False,,1,insufficient,False,,,,,,,,,,False
1939736687539802155,MSFT,False,,49,partial,True,0.001405109965356699,0.0003100360107898088,3.0,0.0005162286279595578,0.00039985994037040727,9792.0,0.0006680850669626745,-0.5156621015317114,10.477941176470589,False
1938292160966869134,MSFT,False,,57,partial,True,0.0018905119809933257,0.00026177670529973113,4.0,0.00047021430884765236,0.00023829349046844693,10669.0,0.0006810947374758415,-0.8747095992348184,6.711031961758366,False
1938291958872740150,MSFT,False,,57,partial,True,0.0018905119809933257,0.00026177670529973113,4.0,0.00047021430884765236,0.00023829349046844693,10669.0,0.0006810947374758415,-0.8747095992348184,6.711031961758366,False
1937999694250287111,MSFT,False,,58,partial,True,0.0008475506198915017,0.0005201621858471301,0.0,0.0008174575401678934,0.00039896042515146537,14622.0,0.0012105221411381904,-0.745175048898384,14.662836821228286,False
1936963330654228852,MSFT,False,,60,complete,True,-0.00887321744505254,0.0006800155239956902,0.0,0.0008174575401678934,0.00039896042515146537,14622.0,0.0012105221411381904,-0.34450037524404414,37.758172616605115,False
1935797271662412045,MSFT,False,,51,partial,True,0.0016456042236057122,0.0005695333757417754,,,,,,,,False
1935797232672145634,MSFT,False,,51,partial,True,0.0016456042236057122,0.0005695333757417754,,,,,,,,False
1934564127588172047,MSFT,False,,59,partial,True,-0.0007406846401341038,0.0007277895976106842,0.0,0.0008174575401678934,0.00039896042515146537,14622.0,0.0012105221411381904,-0.2247539778492235,45.39050745452059,False
1934538693559378025,MSFT,False,,59,partial,True,-0.0007406846401341038,0.0007277895976106842,0.0,0.0008174575401678934,0.00039896042515146537,14622.0,0.0012105221411381904,-0.2247539778492235,45.39050745452059,False
1934538635615129625,MSFT,False,,59,partial,True,-0.0007406846401341038,0.0007277895976106842,0.0,0.0008174575401678934,0.00039896042515146537,14622.0,0.0012105221411381904,-0.2247539778492235,45.39050745452059,False
1932073714889466326,MSFT,False,,52,partial,True,0.0003831988589189095,0.0004979391507405008,0.0,0.0008174575401678934,0.00039896042515146537,14622.0,0.0012105221411381904,-0.8008774035822913,11.60579948023526,False
1931800139292967389,MSFT,False,,58,partial,True,-0.0008359948288167995,0.0005767065639236385,0.0,0.0008174575401678934,0.00039896042515146537,14622.0,0.0012105221411381904,-0.6034457581923164,23.177403911913554,False
1931144813816188998,MSFT,False,,58,partial,True,-0.0008359948288167995,0.0005767065639236385,0.0,0.0008174575401678934,0.00039896042515146537,14622.0,0.0012105221411381904,-0.6034457581923164,23.177403911913554,False
1925221986743292209,MSFT,False,,58,partial,True,-0.0020692889124299674,0.00029747935558442726,2.0,0.0005469180339176587,0.0002536873704358448,10190.0,0.0007458176265516419,-0.9832522521901111,3.4151128557409227,False
1924694661849088333,MSFT,False,,60,complete,True,-0.0035546749544710377,0.0005761334688245966,0.0,0.0008174575401678934,0.00039896042515146537,14622.0,0.0012105221411381904,-0.6048822292378452,23.074818766242647,False
1924694659739385946,MSFT,False,,60,complete,True,-0.0035546749544710377,0.0005761334688245966,0.0,0.0008174575401678934,0.00039896042515146537,14622.0,0.0012105221411381904,-0.6048822292378452,23.074818766242647,False
1924610074603082016,MSFT,False,,60,complete,True,-0.0035546749544710377,0.0005761334688245966,0.0,0.0008174575401678934,0.00039896042515146537,14622.0,0.0012105221411381904,-0.6048822292378452,23.074818766242647,False
1924592062751756475,MSFT,False,,60,complete,True,-0.0035546749544710377,0.0005761334688245966,0.0,0.0008174575401678934,0.00039896042515146537,14622.0,0.0012105221411381904,-0.6048822292378452,23.074818766242647,False
1924573795911926093,MSFT,False,,60,complete,True,-0.0035546749544710377,0.0005761334688245966,0.0,0.0008174575401678934,0.00039896042515146537,14622.0,0.0012105221411381904,-0.6048822292378452,23.074818766242647,False
1924573793961537785,MSFT,False,,60,complete,True,-0.0035546749544710377,0.0005761334688245966,0.0,0.0008174575401678934,0.00039896042515146537,14622.0,0.0012105221411381904,-0.6048822292378452,23.074818766242647,False
1924551335804072433,MSFT,False,,16,insufficient,False,0.002077469914662844,0.00040071888226406356,6.0,,,,,,,False
1924551333698535722,MSFT,False,,16,insufficient,False,0.002077469914662844,0.00040071888226406356,6.0,,,,,,,False
1924535906574467160,MSFT,False,,56,partial,True,-0.0007768783492362319,0.0002508104377043856,5.0,0.000494370972611095,0.00023926542545988245,7142.0,0.0007939814404011009,-1.0179512331903846,5.0966115933912075,False
1924535904741568522,MSFT,False,,56,partial,True,-0.0007768783492362319,0.0002508104377043856,5.0,0.000494370972611095,0.00023926542545988245,7142.0,0.0007939814404011009,-1.0179512331903846,5.0966115933912075,False
1924535902321442846,MSFT,False,,56,partial,True,-0.0007768783492362319,0.0002508104377043856,5.0,0.000494370972611095,0.00023926542545988245,7142.0,0.0007939814404011009,-1.0179512331903846,5.0966115933912075,False
1924535900463366247,MSFT,False,,56,partial,True,-0.0007768783492362319,0.0002508104377043856,5.0,0.000494370972611095,0.00023926542545988245,7142.0,0.0007939814404011009,-1.0179512331903846,5.0966115933912075,False
1924535898055835938,MSFT,False,,56,partial,True,-0.0007768783492362319,0.0002508104377043856,5.0,0.000494370972611095,0.00023926542545988245,7142.0,0.0007939814404011009,-1.0179512331903846,5.0966115933912075,False
1924535896139038767,MSFT,False,,56,partial,True,-0.0007768783492362319,0.0002508104377043856,5.0,0.000494370972611095,0.00023926542545988245,7142.0,0.0007939814404011009,-1.0179512331903846,5.0966115933912075,False
1924535894163554561,MSFT,False,,56,partial,True,-0.0007768783492362319,0.0002508104377043856,5.0,0.000494370972611095,0.00023926542545988245,7142.0,0.0007939814404011009,-1.0179512331903846,5.0966115933912075,False
1923862635520590191,MSFT,False,,58,partial,True,0.007678173791391352,0.0010330015933396224,0.0,0.0008174575401678934,0.00039896042515146537,14622.0,0.0012105221411381904,0.5402642457328886,81.76036109971277,False
1920190278000132578,MSFT,True,"fomc(ALL, 2025-05-07 18:00:00+00:00->2025-05-07 20:00:00+00:00)",58,partial,False,-0.002476065587791787,0.001218552392793692,5.0,0.000494370972611095,0.00023926542545988245,7142.0,0.0007939814404011009,3.0266864457774334,97.66171940632876,True
1918157057011982666,MSFT,True,"jobs_report(ALL, 2025-05-02 12:30:00+00:00->2025-05-02 20:00:00+00:00)",31,partial,False,0.018199470185827682,0.0017540366918831413,,,,,,,,False
1918071080662778220,MSFT,True,"jobs_report(ALL, 2025-05-02 12:30:00+00:00->2025-05-02 20:00:00+00:00)",31,partial,False,0.018199470185827682,0.0017540366918831413,,,,,,,,False
1918036165237854318,MSFT,True,"jobs_report(ALL, 2025-05-02 12:30:00+00:00->2025-05-02 20:00:00+00:00)",31,partial,False,0.018199470185827682,0.0017540366918831413,,,,,,,,False
1917712586394722805,MSFT,True,"earnings(MSFT, 2025-04-30 20:00:00+00:00->2025-05-01 20:00:00+00:00)",60,complete,False,0.0774111393393011,0.0020224357420694228,0.0,0.0008174575401678934,0.00039896042515146537,14622.0,0.0012105221411381904,3.0202950617070834,99.24770893174669,True
1917712584876384589,MSFT,True,"earnings(MSFT, 2025-04-30 20:00:00+00:00->2025-05-01 20:00:00+00:00)",60,complete,False,0.0774111393393011,0.0020224357420694228,0.0,0.0008174575401678934,0.00039896042515146537,14622.0,0.0012105221411381904,3.0202950617070834,99.24770893174669,True
1917712583194468796,MSFT,True,"earnings(MSFT, 2025-04-30 20:00:00+00:00->2025-05-01 20:00:00+00:00)",60,complete,False,0.0774111393393011,0.0020224357420694228,0.0,0.0008174575401678934,0.00039896042515146537,14622.0,0.0012105221411381904,3.0202950617070834,99.24770893174669,True
1917712581202161891,MSFT,True,"earnings(MSFT, 2025-04-30 20:00:00+00:00->2025-05-01 20:00:00+00:00)",60,complete,False,0.0774111393393011,0.0020224357420694228,0.0,0.0008174575401678934,0.00039896042515146537,14622.0,0.0012105221411381904,3.0202950617070834,99.24770893174669,True
1917712579113410676,MSFT,True,"earnings(MSFT, 2025-04-30 20:00:00+00:00->2025-05-01 20:00:00+00:00)",60,complete,False,0.0774111393393011,0.0020224357420694228,0.0,0.0008174575401678934,0.00039896042515146537,14622.0,0.0012105221411381904,3.0202950617070834,99.24770893174669,True
1915098373176352852,MSFT,False,,57,partial,True,-8.233455244277543e-05,0.0007107533173540697,4.0,0.00047021430884765236,0.00023829349046844693,10669.0,0.0006810947374758415,1.009423329330382,91.34876745711875,True
1915098370773037193,MSFT,False,,57,partial,True,-8.233455244277543e-05,0.0007107533173540697,4.0,0.00047021430884765236,0.00023829349046844693,10669.0,0.0006810947374758415,1.009423329330382,91.34876745711875,True
1915098367912505644,MSFT,False,,57,partial,True,-8.233455244277543e-05,0.0007107533173540697,4.0,0.00047021430884765236,0.00023829349046844693,10669.0,0.0006810947374758415,1.009423329330382,91.34876745711875,True
1915098365433672168,MSFT,False,,57,partial,True,-8.233455244277543e-05,0.0007107533173540697,4.0,0.00047021430884765236,0.00023829349046844693,10669.0,0.0006810947374758415,1.009423329330382,91.34876745711875,True
1915098363080675335,MSFT,False,,57,partial,True,-8.233455244277543e-05,0.0007107533173540697,4.0,0.00047021430884765236,0.00023829349046844693,10669.0,0.0006810947374758415,1.009423329330382,91.34876745711875,True
1915098359251247392,MSFT,False,,57,partial,True,-8.233455244277543e-05,0.0007107533173540697,4.0,0.00047021430884765236,0.00023829349046844693,10669.0,0.0006810947374758415,1.009423329330382,91.34876745711875,True
1914726618897268831,MSFT,False,,58,partial,True,0.0007464699056726198,0.0009032195592157302,3.0,0.0005162286279595578,0.00039985994037040727,9792.0,0.0006680850669626745,0.967816208089478,96.44607843137256,True
1914726560336371714,MSFT,False,,58,partial,True,0.0007464699056726198,0.0009032195592157302,3.0,0.0005162286279595578,0.00039985994037040727,9792.0,0.0006680850669626745,0.967816208089478,96.44607843137256,True
1914679199337746825,MSFT,False,,60,complete,True,0.0038098885473711874,0.0006075012085619381,0.0,0.0008174575401678934,0.00039896042515146537,14622.0,0.0012105221411381904,-0.5262585418747872,27.814252496238545,False
1914462142721613833,MSFT,False,,60,complete,True,-0.006837308930656372,0.0007963539163469322,0.0,0.0008174575401678934,0.00039896042515146537,14622.0,0.0012105221411381904,-0.05289653431903483,56.98946792504446,False
1912632802425888886,MSFT,False,,60,complete,True,-0.001922307637941878,0.0010743753282786781,0.0,0.0008174575401678934,0.00039896042515146537,14622.0,0.0012105221411381904,0.643968102884505,83.97620024620434,False
1912264311474631084,MSFT,False,,60,complete,True,-0.007708456251875995,0.0010937169608360453,0.0,0.0008174575401678934,0.00039896042515146537,14622.0,0.0012105221411381904,0.692448180952459,84.96785665435644,False
1911860160320143407,MSFT,False,,47,partial,True,0.003726955631074058,0.0006370134949918122,5.0,0.000494370972611095,0.00023926542545988245,7142.0,0.0007939814404011009,0.5961685525877786,82.00784094091291,False
1908725272733794709,MSFT,False,,2,insufficient,False,0.007142435342828435,0.0,,,,,,,,False
1908357692630204920,MSFT,False,,2,insufficient,False,0.007142435342828435,0.0,,,,,,,,False
1908270494379630788,MSFT,False,,2,insufficient,False,0.007142435342828435,0.0,,,,,,,,False
1908236714545701317,MSFT,True,"jobs_report(ALL, 2025-04-04 12:30:00+00:00->2025-04-04 20:00:00+00:00)",45,partial,False,-6.297686802558822e-05,0.0013408195597843127,5.0,0.000494370972611095,0.00023926542545988245,7142.0,0.0007939814404011009,3.53769703895284,98.05376645197424,True
1908205929608470587,MSFT,True,"jobs_report(ALL, 2025-04-04 12:30:00+00:00->2025-04-04 20:00:00+00:00)",60,complete,False,-0.0005622686033865953,0.0009651339009272886,3.0,0.0005162286279595578,0.00039985994037040727,9792.0,0.0006680850669626745,1.1226562794759853,96.94648692810458,True
1908205881835319800,MSFT,True,"jobs_report(ALL, 2025-04-04 12:30:00+00:00->2025-04-04 20:00:00+00:00)",60,complete,False,-0.000998763879027642,0.0009523797144860819,3.0,0.0005162286279595578,0.00039985994037040727,9792.0,0.0006680850669626745,1.0907596447958723,96.80351307189542,True
1908044867739210013,MSFT,True,"jobs_report(ALL, 2025-04-04 12:30:00+00:00->2025-04-04 20:00:00+00:00)",60,complete,False,0.03150718267897701,0.0017612849362500637,0.0,0.0008174575401678934,0.00039896042515146537,14622.0,0.0012105221411381904,2.3657168395182206,98.83736834906306,True
1908044816677744693,MSFT,True,"jobs_report(ALL, 2025-04-04 12:30:00+00:00->2025-04-04 20:00:00+00:00)",60,complete,False,0.03150718267897701,0.0017612849362500637,0.0,0.0008174575401678934,0.00039896042515146537,14622.0,0.0012105221411381904,2.3657168395182206,98.83736834906306,True
1907939716894437536,MSFT,True,"jobs_report(ALL, 2025-04-04 12:30:00+00:00->2025-04-04 20:00:00+00:00)",60,complete,False,0.03150718267897701,0.0017612849362500637,0.0,0.0008174575401678934,0.00039896042515146537,14622.0,0.0012105221411381904,2.3657168395182206,98.83736834906306,True
1905668970835059194,MSFT,False,,59,partial,True,-0.0004150684756576428,0.0003888408090980302,3.0,0.0005162286279595578,0.00039985994037040727,9792.0,0.0006680850669626745,-0.3185810980302824,33.39460784313725,False
1905668917852602804,MSFT,False,,59,partial,True,-0.0008119570015212574,0.0003765667043277202,3.0,0.0005162286279595578,0.00039985994037040727,9792.0,0.0006680850669626745,-0.34927710813557067,28.829656862745097,False
1905084696712843733,MSFT,False,,60,complete,True,0.0008971765484200311,0.0007974507472114903,0.0,0.0008174575401678934,0.00039896042515146537,14622.0,0.0012105221411381904,-0.05014731210196495,57.21515524552044,False
1904767942975512933,MSFT,False,,60,complete,True,-0.0017900490111757428,0.0006362592870218056,0.0,0.0008174575401678934,0.00039896042515146537,14622.0,0.0012105221411381904,-0.454176007751385,31.842429216249485,False
1904739853037887716,MSFT,False,,60,complete,True,-0.0017900490111757428,0.0006362592870218056,0.0,0.0008174575401678934,0.00039896042515146537,14622.0,0.0012105221411381904,-0.454176007751385,31.842429216249485,False
1904208615889891725,MSFT,False,,55,partial,True,0.00043691727779004985,0.0002355641612611181,2.0,0.0005469180339176587,0.0002536873704358448,10190.0,0.0007458176265516419,-1.227313256161008,0.6378802747791953,False
1902092328384528642,MSFT,False,,59,partial,True,0.0024242271153243067,0.000704062451373475,0.0,0.0008174575401678934,0.00039896042515146537,14622.0,0.0012105221411381904,-0.284226408550091,41.59485706469703,False
1902061864303096237,MSFT,False,,58,partial,True,0.0006518797155905531,0.0004435156469427536,4.0,0.00047021430884765236,0.00023829349046844693,10669.0,0.0006810947374758415,-0.11204108787199116,58.843378011060075,False
1902060094222987448,MSFT,False,,58,partial,True,-0.000553514323912152,0.0004410264105847132,4.0,0.00047021430884765236,0.00023829349046844693,10669.0,0.0006810947374758415,-0.12248718253092185,58.121660886681035,False
1902038061254639632,MSFT,False,,59,partial,True,-0.00026117850984275215,0.00048786853643455766,3.0,0.0005162286279595578,0.00039985994037040727,9792.0,0.0006680850669626745,-0.07092506315768714,58.772467320261434,False
1902038012093198486,MSFT,False,,59,partial,True,-0.0002934724657018828,0.0005006401866929707,3.0,0.0005162286279595578,0.00039985994037040727,9792.0,0.0006680850669626745,-0.03898475364185499,61.28472222222222,False
1900209497077129468,MSFT,False,,60,complete,True,0.0015677455873324142,0.00067458174516788,2.0,0.0005469180339176587,0.0002536873704358448,10190.0,0.0007458176265516419,0.5032324274988151,82.15897939156035,False
1900209495479034021,MSFT,False,,60,complete,True,0.0015677455873324142,0.00067458174516788,2.0,0.0005469180339176587,0.0002536873704358448,10190.0,0.0007458176265516419,0.5032324274988151,82.15897939156035,False
1898774082143076453,MSFT,False,,60,complete,True,0.0070475225056944035,0.001379097453591507,0.0,0.0008174575401678934,0.00039896042515146537,14622.0,0.0012105221411381904,1.4077584592767236,94.67241143482423,True
1897318306107031628,MSFT,False,,60,complete,True,0.001502474913476659,0.0007449992906309903,1.0,0.0006167743380345266,0.00026114728950398414,13108.0,0.0008656246689829483,0.4910062548993349,80.78272810497407,False
1897308312162746426,MSFT,False,,60,complete,True,0.0032624498096729404,0.0007220341530657852,0.0,0.0008174575401678934,0.00039896042515146537,14622.0,0.0012105221411381904,-0.2391800817484109,44.562987279441934,False
1896581951303405739,MSFT,False,,54,partial,True,0.001932608983221229,0.0006903580081450978,0.0,0.0008174575401678934,0.00039896042515146537,14622.0,0.0012105221411381904,-0.31857679110538906,39.29694980166872,False
1896581949298536757,MSFT,False,,54,partial,True,0.001932608983221229,0.0006903580081450978,0.0,0.0008174575401678934,0.00039896042515146537,14622.0,0.0012105221411381904,-0.31857679110538906,39.29694980166872,False
1895212584342822934,MSFT,False,,18,insufficient,False,-0.0008787348510272963,0.000683418790125353,6.0,,,,,,,False
1895212396383478194,MSFT,False,,19,insufficient,False,-0.0009894839246107345,0.0006720216241888632,6.0,,,,,,,False
1894876061302956372,MSFT,False,,60,complete,True,-0.002361362033325598,0.0012026926826902706,0.0,0.0008174575401678934,0.00039896042515146537,14622.0,0.0012105221411381904,0.9655973831893793,89.67309533579537,False
1893838508525011177,MSFT,False,,60,complete,True,-0.017371428134107192,0.001324960531512857,0.0,0.0008174575401678934,0.00039896042515146537,14622.0,0.0012105221411381904,1.2720634913908817,93.33880454110245,True
1893838447246270806,MSFT,False,,60,complete,True,-0.017371428134107192,0.001324960531512857,0.0,0.0008174575401678934,0.00039896042515146537,14622.0,0.0012105221411381904,1.2720634913908817,93.33880454110245,True
1892305489532506469,MSFT,False,,50,partial,True,0.0006883814263873855,0.0005830766938473918,5.0,0.000494370972611095,0.00023926542545988245,7142.0,0.0007939814404011009,0.37074191168991144,76.155138616634,False
1892244167079923825,MSFT,False,,59,partial,True,0.004820811492465715,0.0008252767516074478,1.0,0.0006167743380345266,0.00026114728950398414,13108.0,0.0008656246689829483,0.7984092577370604,87.82422947818127,False
1892244164814725387,MSFT,False,,59,partial,True,0.004820811492465715,0.0008252767516074478,1.0,0.0006167743380345266,0.00026114728950398414,13108.0,0.0008656246689829483,0.7984092577370604,87.82422947818127,False
1892242897216450621,MSFT,False,,59,partial,True,0.003545297615786147,0.0008532941066842648,1.0,0.0006167743380345266,0.00026114728950398414,13108.0,0.0008656246689829483,0.9056949015208131,89.48733597802868,False
1892242895094313420,MSFT,False,,59,partial,True,0.003545297615786147,0.0008532941066842648,1.0,0.0006167743380345266,0.00026114728950398414,13108.0,0.0008656246689829483,0.9056949015208131,89.48733597802868,False
1887602132582604976,MSFT,False,,20,insufficient,False,0.002796619471894024,0.0005759675685543174,6.0,,,,,,,False
1887587703665139765,MSFT,False,,56,partial,True,-0.0028547619114553946,0.0002638495360874438,5.0,0.000494370972611095,0.00023926542545988245,7142.0,0.0007939814404011009,-0.9634548580538758,6.706804816577989,False
1885442033617338795,MSFT,False,,60,complete,True,0.0004234813054088127,0.0012396254835700326,0.0,0.0008174575401678934,0.00039896042515146537,14622.0,0.0012105221411381904,1.058169975735972,91.06825331691971,True
1885351425016029321,MSFT,False,,60,complete,True,-0.0025309190582446517,0.0005716858983488507,1.0,0.0006167743380345266,0.00026114728950398414,13108.0,0.0008656246689829483,-0.1726552083742309,49.382056759231006,False
1883753899255046301,MSFT,False,,60,complete,True,-0.014566446340325445,0.0012063277754004688,0.0,0.0008174575401678934,0.00039896042515146537,14622.0,0.0012105221411381904,0.97470879495113,89.80987553002325,False
1882918743409676719,MSFT,False,,60,complete,True,-0.014566446340325445,0.0012063277754004688,0.0,0.0008174575401678934,0.00039896042515146537,14622.0,0.0012105221411381904,0.97470879495113,89.80987553002325,False
1881422295413280932,MSFT,False,,60,complete,True,-0.005001264395201321,0.0010932571543532902,0.0,0.0008174575401678934,0.00039896042515146537,14622.0,0.0012105221411381904,0.6912956694406203,84.93366160579949,False
1879960414483804169,MSFT,False,,50,partial,True,0.0004799496194991537,0.0006135324743255124,4.0,0.00047021430884765236,0.00023829349046844693,10669.0,0.0006810947374758415,0.6014355037400285,85.415690317743,False
1879960413082947966,MSFT,False,,50,partial,True,0.0004799496194991537,0.0006135324743255124,4.0,0.00047021430884765236,0.00023829349046844693,10669.0,0.0006810947374758415,0.6014355037400285,85.415690317743,False
1879530496100868130,MSFT,True,"cpi(ALL, 2025-01-15 13:30:00+00:00->2025-01-15 21:00:00+00:00)",60,complete,False,0.006289471269260938,0.00109621689710964,0.0,0.0008174575401678934,0.00039896042515146537,14622.0,0.0012105221411381904,0.6987143069037874,85.06360279031597,False
1879530451716776062,MSFT,True,"cpi(ALL, 2025-01-15 13:30:00+00:00->2025-01-15 21:00:00+00:00)",60,complete,False,0.006289471269260938,0.00109621689710964,0.0,0.0008174575401678934,0.00039896042515146537,14622.0,0.0012105221411381904,0.6987143069037874,85.06360279031597,False
1879237790015402316,MSFT,False,,55,partial,True,-0.00017416400461489623,0.0003004191649981341,4.0,0.00047021430884765236,0.00023829349046844693,10669.0,0.0006810947374758415,-0.712546295392829,13.675133564532757,False
1878578360445792407,MSFT,False,,58,partial,True,-0.0037256932904954354,0.0011303828920960612,0.0,0.0008174575401678934,0.00039896042515146537,14622.0,0.0012105221411381904,0.7843518609881308,86.71180413076186,False
1878578314115473577,MSFT,False,,58,partial,True,-0.0037256932904954354,0.0011303828920960612,0.0,0.0008174575401678934,0.00039896042515146537,14622.0,0.0012105221411381904,0.7843518609881308,86.71180413076186,False
1877174465865318721,MSFT,True,"jobs_report(ALL, 2025-01-10 13:30:00+00:00->2025-01-10 21:00:00+00:00)",2,insufficient,False,-0.0009487133109153945,0.0,,,,,,,,False
1876877914324476183,MSFT,False,,59,partial,True,0.012059445075459752,0.0009125940551723198,0.0,0.0008174575401678934,0.00039896042515146537,14622.0,0.0012105221411381904,0.2384610327410489,72.04212829982218,False
1876669948912861497,MSFT,False,,54,partial,True,-0.001554794934142012,0.0004170268655718432,2.0,0.0005469180339176587,0.0002536873704358448,10190.0,0.0007458176265516419,-0.512012750664952,28.518155053974485,False
1876583121195552929,MSFT,False,,60,complete,True,0.004710049156941065,0.0009629152980760272,0.0,0.0008174575401678934,0.00039896042515146537,14622.0,0.0012105221411381904,0.3645919463137497,76.87730816577759,False
1876556891041792195,MSFT,False,,60,complete,True,0.004710049156941065,0.0009629152980760272,0.0,0.0008174575401678934,0.00039896042515146537,14622.0,0.0012105221411381904,0.3645919463137497,76.87730816577759,False
1876279310300103067,MSFT,False,,58,partial,True,0.0035554777738613375,0.0009697716352227762,0.0,0.0008174575401678934,0.00039896042515146537,14622.0,0.0012105221411381904,0.38177745323250223,77.41075092326632,False
1875265482498220525,MSFT,False,,47,partial,True,-0.002408314990248406,0.00024592256636508263,5.0,0.000494370972611095,0.00023926542545988245,7142.0,0.0007939814404011009,-1.0383798903183763,4.326519182301877,False
1869445092832059804,MSFT,True,"fomc(ALL, 2024-12-18 19:00:00+00:00->2024-12-18 21:00:00+00:00)",54,partial,False,0.00255227736905983,0.000564503278416117,3.0,0.0005162286279595578,0.00039985994037040727,9792.0,0.0006680850669626745,0.12072889925367458,73.51919934640523,False
1869445091213095140,MSFT,True,"fomc(ALL, 2024-12-18 19:00:00+00:00->2024-12-18 21:00:00+00:00)",54,partial,False,0.00255227736905983,0.000564503278416117,3.0,0.0005162286279595578,0.00039985994037040727,9792.0,0.0006680850669626745,0.12072889925367458,73.51919934640523,False
1869081030839390572,MSFT,False,,54,partial,True,0.0018165564958445568,0.00034460163660489417,3.0,0.0005162286279595578,0.00039985994037040727,9792.0,0.0006680850669626745,-0.42921776859086774,19.11764705882353,False
1869080969728422079,MSFT,False,,54,partial,True,0.0018165564958445568,0.00034460163660489417,3.0,0.0005162286279595578,0.00039985994037040727,9792.0,0.0006680850669626745,-0.42921776859086774,19.11764705882353,False
1868532219519869209,MSFT,False,,31,partial,True,-0.0032871627720488794,0.001027717953412977,,,,,,,,False
1867622809851367866,MSFT,False,,58,partial,True,0.0012555742027684502,0.00032822524891002624,3.0,0.0005162286279595578,0.00039985994037040727,9792.0,0.0006680850669626745,-0.470173078291804,14.736519607843137,False
1867622807213158699,MSFT,False,,58,partial,True,0.0012555742027684502,0.00032822524891002624,3.0,0.0005162286279595578,0.00039985994037040727,9792.0,0.0006680850669626745,-0.470173078291804,14.736519607843137,False
1867383295128084989,MSFT,False,,60,complete,True,-0.0025268514637448725,0.0007690702747538594,0.0,0.0008174575401678934,0.00039896042515146537,14622.0,0.0012105221411381904,-0.12128337139119458,52.202161127068806,False
1867383293655888160,MSFT,False,,60,complete,True,-0.0025268514637448725,0.0007690702747538594,0.0,0.0008174575401678934,0.00039896042515146537,14622.0,0.0012105221411381904,-0.12128337139119458,52.202161127068806,False
1867273195331760371,MSFT,False,,56,partial,True,-0.0011562815700549844,0.00032354749083382165,3.0,0.0005162286279595578,0.00039985994037040727,9792.0,0.0006680850669626745,-0.4818715696982484,13.429330065359476,False
1859033782067884050,MSFT,False,,60,complete,True,-0.007318627990310356,0.0005928032531845864,0.0,0.0008174575401678934,0.00039896042515146537,14622.0,0.0012105221411381904,-0.563099176811878,25.468472165230477,False
1858985696830386451,MSFT,False,,60,complete,True,-0.007318627990310356,0.0005928032531845864,0.0,0.0008174575401678934,0.00039896042515146537,14622.0,0.0012105221411381904,-0.563099176811878,25.468472165230477,False
1858945686009455050,MSFT,False,,59,partial,True,-0.002416050626973809,0.0003599232728261252,4.0,0.00047021430884765236,0.00023829349046844693,10669.0,0.0006810947374758415,-0.4628369654777922,31.736807573343327,False
1858945684604420311,MSFT,False,,59,partial,True,-0.002416050626973809,0.0003599232728261252,4.0,0.00047021430884765236,0.00023829349046844693,10669.0,0.0006810947374758415,-0.4628369654777922,31.736807573343327,False
1858945683048313066,MSFT,False,,59,partial,True,-0.002416050626973809,0.0003599232728261252,4.0,0.00047021430884765236,0.00023829349046844693,10669.0,0.0006810947374758415,-0.4628369654777922,31.736807573343327,False
1858945681223720965,MSFT,False,,59,partial,True,-0.002416050626973809,0.0003599232728261252,4.0,0.00047021430884765236,0.00023829349046844693,10669.0,0.0006810947374758415,-0.4628369654777922,31.736807573343327,False
1858945679567015967,MSFT,False,,59,partial,True,-0.002416050626973809,0.0003599232728261252,4.0,0.00047021430884765236,0.00023829349046844693,10669.0,0.0006810947374758415,-0.4628369654777922,31.736807573343327,False
1858945678338138244,MSFT,False,,59,partial,True,-0.002416050626973809,0.0003599232728261252,4.0,0.00047021430884765236,0.00023829349046844693,10669.0,0.0006810947374758415,-0.4628369654777922,31.736807573343327,False
1858657006405509524,MSFT,False,,58,partial,True,-0.003100714817405148,0.0008079703453782529,0.0,0.0008174575401678934,0.00039896042515146537,14622.0,0.0012105221411381904,-0.023779789150863116,59.08220489673095,False
1857123978399318389,MSFT,False,,57,partial,True,0.006445185801912889,0.0005973660744505688,3.0,0.0005162286279595578,0.00039985994037040727,9792.0,0.0006680850669626745,0.20291466661013824,80.47385620915033,False
1856757431302590649,MSFT,True,"cpi(ALL, 2024-11-13 13:30:00+00:00->2024-11-13 21:00:00+00:00)",59,partial,False,0.0010016315143919208,0.0003897220209087714,3.0,0.0005162286279595578,0.00039985994037040727,9792.0,0.0006680850669626745,-0.31637729684448496,33.88480392156863,False
1856440392956485655,MSFT,False,,5,insufficient,False,-0.0015561986973424702,0.00040464810436424806,6.0,,,,,,,False
1854216231991271547,MSFT,False,,57,partial,True,0.00027814232727108035,0.0003338262817428444,3.0,0.0005162286279595578,0.00039985994037040727,9792.0,0.0006680850669626745,-0.45616559150123004,16.503267973856207,False
1851306694997164398,MSFT,False,,58,partial,True,0.0004325689242545838,0.0003193681895990889,3.0,0.0005162286279595578,0.00039985994037040727,9792.0,0.0006680850669626745,-0.49232348251267355,12.438725490196079,False
1851301277801857439,MSFT,False,,56,partial,True,0.001881343457711182,0.0003767129871615947,3.0,0.0005162286279595578,0.00039985994037040727,9792.0,0.0006680850669626745,-0.3489112729540345,28.890931372549016,False
1849564114181554651,MSFT,False,,60,complete,True,0.0057457124173982965,0.000747872299227973,0.0,0.0008174575401678934,0.00039896042515146537,14622.0,0.0012105221411381904,-0.1744163996053051,48.50225687320476,False
1849367916707545417,MSFT,False,,60,complete,True,-0.002654635203343303,0.0008805437870616596,0.0,0.0008174575401678934,0.00039896042515146537,14622.0,0.0012105221411381904,0.1581265782685474,68.55423334701135,False
1849022176118337890,MSFT,False,,60,complete,True,0.0073026476393461826,0.0008548170885690206,0.0,0.0008174575401678934,0.00039896042515146537,14622.0,0.0012105221411381904,0.0936422412998573,65.9690876761045,False
1848731073670484418,MSFT,False,,58,partial,True,-0.0014963639366144532,0.0006228227130428267,0.0,0.0008174575401678934,0.00039896042515146537,14622.0,0.0012105221411381904,-0.4878549722097715,30.11215975926686,False
1848325890779787685,MSFT,False,,58,partial,True,-0.0015650535657274478,0.0007946812339149957,0.0,0.0008174575401678934,0.00039896042515146537,14622.0,0.0012105221411381904,-0.05708913670886218,56.722746546300094,False
1848310867709862137,MSFT,False,,58,partial,True,-0.0015650535657274478,0.0007946812339149957,0.0,0.0008174575401678934,0.00039896042515146537,14622.0,0.0012105221411381904,-0.05708913670886218,56.722746546300094,False
1846980279107571867,MSFT,False,,42,partial,True,0.0024788376827351577,0.00035778970211340226,4.0,0.00047021430884765236,0.00023829349046844693,10669.0,0.0006810947374758415,-0.4717905072154564,31.00571749929703,False
1846596104215056674,MSFT,False,,46,partial,True,-0.00240205081104794,0.0003273358619276848,3.0,0.0005162286279595578,0.00039985994037040727,9792.0,0.0006680850669626745,-0.47239732456543054,14.51184640522876,False
1843676169071468585,MSFT,False,,53,partial,True,0.0022315995294469593,0.000343607754518002,2.0,0.0005469180339176587,0.0002536873704358448,10190.0,0.0007458176265516419,-0.8014205793940853,10.765456329735034,False
1841589429502411220,MSFT,False,,58,partial,True,0.00037272606771443506,0.0009442759670865246,0.0,0.0008174575401678934,0.00039896042515146537,14622.0,0.0012105221411381904,0.3178721971495909,75.15387771850635,False
1841173011732562217,MSFT,False,,45,partial,True,0.0001161813281507218,0.0004297777348672276,4.0,0.00047021430884765236,0.00023829349046844693,10669.0,0.0006810947374758415,-0.16969231472052762,53.85696878807761,False
1841142540806078913,MSFT,False,,41,partial,True,4.885429787648832e-05,0.0006707637269279133,2.0,0.0005469180339176587,0.0002536873704358448,10190.0,0.0007458176265516419,0.4881823355947237,81.68792934249264,False
1838975273653702753,MSFT,False,,51,partial,True,0.0015136902103659589,0.0004898636215585713,2.0,0.0005469180339176587,0.0002536873704358448,10190.0,0.0007458176265516419,-0.2249004838556435,46.9774288518155,False
1838660210250125760,MSFT,False,,37,partial,True,-0.000508562393330303,0.0003726458658837513,5.0,0.000494370972611095,0.00023926542545988245,7142.0,0.0007939814404011009,-0.5087450746106787,34.57014841781014,False
1838630817339445706,MSFT,False,,53,partial,True,-0.001091032003940895,0.000210198869971361,3.0,0.0005162286279595578,0.00039985994037040727,9792.0,0.0006680850669626745,-0.7653423788957414,1.511437908496732,False
1838600423407784446,MSFT,False,,54,partial,True,0.0016490436411835674,0.0003836068954798192,1.0,0.0006167743380345266,0.00026114728950398414,13108.0,0.0008656246689829483,-0.8928579844637835,8.89533109551419,False
1838245008249671890,MSFT,False,,49,partial,True,-0.003429253846736202,0.00039143595767753415,2.0,0.0005469180339176587,0.0002536873704358448,10190.0,0.0007458176265516419,-0.6128885169687409,22.178606476938175,False
1835711224174305419,MSFT,False,,60,complete,True,-0.0007811771917832777,0.00037286537680886075,2.0,0.0005469180339176587,0.0002536873704358448,10190.0,0.0007458176265516419,-0.686091139695952,17.693817468105983,False
1835703768677339207,MSFT,False,,60,complete,True,-0.0029221079759963464,0.00045423762463571866,2.0,0.0005469180339176587,0.0002536873704358448,10190.0,0.0007458176265516419,-0.3653331623198722,38.066732090284596,False
1835699037569441844,MSFT,False,,58,partial,True,-0.0030058663487917414,0.0004635755199374552,1.0,0.0006167743380345266,0.00026114728950398414,13108.0,0.0008656246689829483,-0.5866375959254756,22.017088800732378,False
1833555602997674312,MSFT,False,,52,partial,True,-0.000499114512136023,0.0004417070501896361,3.0,0.0005162286279595578,0.00039985994037040727,9792.0,0.0006680850669626745,-0.1863692014281031,47.549019607843135,False
1832212940461904246,MSFT,False,,59,partial,True,-0.0016068585047086525,0.0010120133078628899,0.0,0.0008174575401678934,0.00039896042515146537,14622.0,0.0012105221411381904,0.48765680861988586,80.13951579811244,False
1831026125289693263,MSFT,False,,56,partial,True,0.0009580010929075566,0.0004383122341753147,4.0,0.00047021430884765236,0.00023829349046844693,10669.0,0.0006810947374758415,-0.13387723940600837,57.2124847689568,False
1819048640545235018,MSFT,False,,52,partial,True,-0.00013781723421768532,0.0007090668701083055,3.0,0.0005162286279595578,0.00039985994037040727,9792.0,0.0006680850669626745,0.4822644698293942,92.74918300653596,True
1816551955046744502,MSFT,False,,47,partial,True,0.0010389879562998638,0.0007129647753655974,5.0,0.000494370972611095,0.00023926542545988245,7142.0,0.0007939814404011009,0.9136038035347233,86.5723886866424,False
1816154169809723412,MSFT,False,,55,partial,True,-0.0001225283911430175,0.0004493549435034733,3.0,0.0005162286279595578,0.00039985994037040727,9792.0,0.0006680850669626745,-0.16724277104162172,49.49959150326798,False
1814329337451344250,MSFT,False,,31,partial,True,-0.00045355450418171905,0.0005829218896295777,2.0,0.0005469180339176587,0.0002536873704358448,10190.0,0.0007458176265516419,0.141922144764491,66.94798822374878,False
1812296545725006290,MSFT,False,,58,partial,True,-0.003327927692090338,0.0006097125609041447,0.0,0.0008174575401678934,0.00039896042515146537,14622.0,0.0012105221411381904,-0.5207157556664381,28.18355902065381,False
1807114709499523208,MSFT,False,,58,partial,True,0.006803024557803461,0.0009505779696109878,0.0,0.0008174575401678934,0.00039896042515146537,14622.0,0.0012105221411381904,0.3336682564255721,75.8856517576255,False
1806053061905023266,MSFT,False,,7,insufficient,False,0.002264302032628729,0.0007422048962713849,6.0,,,,,,,False
1803112708591718871,MSFT,False,,36,partial,True,-0.002355524804492304,0.0004209756691961578,3.0,0.0005162286279595578,0.00039985994037040727,9792.0,0.0006680850669626745,-0.23821580795306257,43.03513071895425,False
1803053504224968853,MSFT,False,,55,partial,True,-0.00392573818743458,0.0007938010503783921,0.0,0.0008174575401678934,0.00039896042515146537,14622.0,0.0012105221411381904,-0.05929532930620909,56.606483381206395,False
1802747537721618694,MSFT,False,,54,partial,True,0.0030625985026295766,0.000355865161953273,3.0,0.0005162286279595578,0.00039985994037040727,9792.0,0.0006680850669626745,-0.4010490919838914,22.426470588235293,False
1799927810422943838,MSFT,False,,59,partial,True,0.008059803317819303,0.0007044697837794025,0.0,0.0008174575401678934,0.00039896042515146537,14622.0,0.0012105221411381904,-0.2832054240607828,41.731637258924906,False
1797726803483865237,MSFT,False,,53,partial,True,-0.0015419652571914133,0.0008848382356114268,0.0,0.0008174575401678934,0.00039896042515146537,14622.0,0.0012105221411381904,0.16889067485315695,69.03296402680891,False
1796600812388639221,MSFT,False,,46,partial,True,-0.0013821196354121268,0.0003823180869610339,4.0,0.00047021430884765236,0.00023829349046844693,10669.0,0.0006810947374758415,-0.368856999466618,39.46011809916581,False
1793066495435813188,MSFT,False,,56,partial,True,0.007180688785875744,0.0006474314750655267,0.0,0.0008174575401678934,0.00039896042515146537,14622.0,0.0012105221411381904,-0.42617275895927853,33.56585966352072,False
1793054879608651886,MSFT,False,,56,partial,True,0.007180688785875744,0.0006474314750655267,0.0,0.0008174575401678934,0.00039896042515146537,14622.0,0.0012105221411381904,-0.42617275895927853,33.56585966352072,False
1792995324480348390,MSFT,False,,47,partial,True,-0.0013907769657588442,0.00044025149525147623,5.0,0.000494370972611095,0.00023926542545988245,7142.0,0.0007939814404011009,-0.22619012862221072,50.68608232987959,False
1792970481336983820,MSFT,False,,51,partial,True,-0.002425331740963932,0.0002502836780202038,3.0,0.0005162286279595578,0.00039985994037040727,9792.0,0.0006680850669626745,-0.6650952573368513,2.6348039215686274,False
1792932914268713025,MSFT,False,,53,partial,True,0.008181683446378818,0.0006638147304866692,1.0,0.0006167743380345266,0.00026114728950398414,13108.0,0.0008656246689829483,0.180129736523361,68.95788831248093,False
1792617851385426024,MSFT,False,,42,partial,True,-0.00026543337061357697,0.0003636243408116811,4.0,0.00047021430884765236,0.00023829349046844693,10669.0,0.0006810947374758415,-0.4473054124409038,32.82406973474553,False
1790063618916000046,MSFT,False,,47,partial,True,-0.0013017140140249017,0.0003523188227883588,3.0,0.0005162286279595578,0.00039985994037040727,9792.0,0.0006680850669626745,-0.409918045351986,21.354166666666664,False
1788338535499808903,MSFT,False,,59,partial,True,-0.0007366598342516406,0.0004813845694164372,0.0,0.0008174575401678934,0.00039896042515146537,14622.0,0.0012105221411381904,-0.8423716979544177,9.554096566817124,False
1788209533850108264,MSFT,False,,50,partial,True,0.00551040356022825,0.00046249384260284055,0.0,0.0008174575401678934,0.00039896042515146537,14622.0,0.0012105221411381904,-0.889721574339838,7.919573245794009,False
1785892561300885522,MSFT,False,,57,partial,True,-0.00017808749940240176,0.000972638828982209,0.0,0.0008174575401678934,0.00039896042515146537,14622.0,0.0012105221411381904,0.38896411531394615,77.6364382437423,False
1785714562601529831,MSFT,False,,56,partial,True,1.4106898679422386e-05,0.00032409599998529926,3.0,0.0005162286279595578,0.00039985994037040727,9792.0,0.0006680850669626745,-0.4804998165014428,13.572303921568626,False
1785524632298365097,MSFT,False,,56,partial,True,0.011861643781155284,0.0010655735017495239,0.0,0.0008174575401678934,0.00039896042515146537,14622.0,0.0012105221411381904,0.6219061990608046,83.66160579948023,False
1785196931876368513,MSFT,False,,56,partial,True,-0.005793755727945826,0.0007398188336961754,0.0,0.0008174575401678934,0.00039896042515146537,14622.0,0.0012105221411381904,-0.19460252590778268,47.08658186294625,False
1785174185842769981,MSFT,False,,56,partial,True,-0.005793755727945826,0.0007398188336961754,0.0,0.0008174575401678934,0.00039896042515146537,14622.0,0.0012105221411381904,-0.19460252590778268,47.08658186294625,False
1785164742170194234,MSFT,False,,56,partial,True,-0.005793755727945826,0.0007398188336961754,0.0,0.0008174575401678934,0.00039896042515146537,14622.0,0.0012105221411381904,-0.19460252590778268,47.08658186294625,False
1784982781338210563,MSFT,False,,39,partial,True,-0.0011937550574070421,0.00027624292184614125,2.0,0.0005469180339176587,0.0002536873704358448,10190.0,0.0007458176265516419,-1.0669632926798327,1.8842001962708539,False
1784976536120267130,MSFT,False,,47,partial,True,0.00102324261059894,0.000292128237895613,2.0,0.0005469180339176587,0.0002536873704358448,10190.0,0.0007458176265516419,-1.0043456068952383,2.95387634936212,False
1782779420950011950,MSFT,False,,55,partial,True,-0.002999977154133804,0.00047050497420451416,1.0,0.0006167743380345266,0.00026114728950398414,13108.0,0.0008656246689829483,-0.5601029369588036,23.672566371681416,False
1777751428947378575,MSFT,False,,47,partial,True,-0.0008866833719759493,0.0003497486339602485,4.0,0.00047021430884765236,0.00023829349046844693,10669.0,0.0006810947374758415,-0.5055348958571533,28.409410441465933,False
1775988939079450886,MSFT,True,"jobs_report(ALL, 2024-04-05 12:30:00+00:00->2024-04-05 20:00:00+00:00)",56,partial,False,0.0045882361637532565,0.0008594075519039773,0.0,0.0008174575401678934,0.00039896042515146537,14622.0,0.0012105221411381904,0.1051483031685601,66.48885241417042,False
1775539553715265614,MSFT,False,,50,partial,True,-0.0010242706865095652,0.00029293174260410035,1.0,0.0006167743380345266,0.00026114728950398414,13108.0,0.0008656246689829483,-1.2400764183519724,2.8532194079951174,False
1775212618581676406,MSFT,False,,51,partial,True,-0.0012746845450067879,0.00029239968962585516,3.0,0.0005162286279595578,0.00039985994037040727,9792.0,0.0006680850669626745,-0.5597683482030242,7.209967320261438,False
1774581166039015641,MSFT,False,,58,partial,True,0.010359925709637174,0.0010367877144748542,0.0,0.0008174575401678934,0.00039896042515146537,14622.0,0.0012105221411381904,0.5497542123976132,82.02024346874572,False
1773063169138671984,MSFT,False,,53,partial,True,-0.0010485102765085408,0.0004413846738804479,5.0,0.000494370972611095,0.00023926542545988245,7142.0,0.0007939814404011009,-0.22145405517242744,50.99411929431532,False
1770882661483184130,MSFT,False,,51,partial,True,0.0001277150590861531,0.00033538723291095813,5.0,0.000494370972611095,0.00023926542545988245,7142.0,0.0007939814404011009,-0.6644659979374815,23.326799215905908,False
1770496554589372568,MSFT,True,"fomc(ALL, 2024-03-20 18:00:00+00:00->2024-03-20 20:00:00+00:00)",36,partial,False,-0.003319081673006319,0.000750489803132414,3.0,0.0005162286279595578,0.00039985994037040727,9792.0,0.0006680850669626745,0.5858580755947947,94.12785947712419,True
1770132249029357569,MSFT,False,,53,partial,True,-0.0021990983919639717,0.00036345406372995006,3.0,0.0005162286279595578,0.00039985994037040727,9792.0,0.0006680850669626745,-0.38207019209797854,24.877450980392158,False
1769850474528952779,MSFT,False,,57,partial,True,0.006712742839980135,0.0009817973351890301,0.0,0.0008174575401678934,0.00039896042515146537,14622.0,0.0012105221411381904,0.4119200418406038,78.33401723430448,False
1767946880913412533,MSFT,False,,43,partial,True,0.001351791399643698,0.0004133189539715306,2.0,0.0005469180339176587,0.0002536873704358448,10190.0,0.0007458176265516419,-0.5266288176530021,27.674190382728163,False
1767246756419608682,MSFT,False,,50,partial,True,0.0019165831947403067,0.0003164792654523846,4.0,0.00047021430884765236,0.00023829349046844693,10669.0,0.0006810947374758415,-0.6451499916890269,16.955665948073857,False
1765796164660867353,MSFT,False,,56,partial,True,-5.930034723267141e-05,0.00034551798640895207,3.0,0.0005162286279595578,0.00039985994037040727,9792.0,0.0006680850669626745,-0.42692609165216505,19.42401960784314,False
1763294026810495267,MSFT,False,,53,partial,True,0.007316903794169827,0.0007998037381574103,5.0,0.000494370972611095,0.00023926542545988245,7142.0,0.0007939814404011009,1.276543675122535,90.24082889946794,True
1763250537309565236,MSFT,False,,46,partial,True,0.001343393398648196,0.00034104783556033075,2.0,0.0005469180339176587,0.0002536873704358448,10190.0,0.0007458176265516419,-0.8115114205474041,10.225711481844947,False
1762525817836638357,MSFT,False,,46,partial,True,-0.0022315616472253774,0.0003271394548204953,2.0,0.0005469180339176587,0.0002536873704358448,10190.0,0.0007458176265516419,-0.8663363048762547,7.556427870461237,False
1762165185513722057,MSFT,False,,43,partial,True,0.0005280447216861051,0.00030241584205878923,2.0,0.0005469180339176587,0.0002536873704358448,10190.0,0.0007458176265516419,-0.963793315523769,4.259077526987243,False
1759806782632079789,MSFT,False,,59,partial,True,-0.005187302551494688,0.001081355930981546,0.0,0.0008174575401678934,0.00039896042515146537,14622.0,0.0012105221411381904,0.6614650831933104,84.20188756668034,False
1757476882646450454,MSFT,True,"cpi(ALL, 2024-02-13 13:30:00+00:00->2024-02-13 21:00:00+00:00)",59,partial,False,0.00023957221679071772,0.00032251948990241004,4.0,0.00047021430884765236,0.00023829349046844693,10669.0,0.0006810947374758415,-0.6198021551276869,18.680288686849753,False
1755464663385711093,MSFT,False,,51,partial,True,-0.0003202655401826071,0.0006620257193156451,0.0,0.0008174575401678934,0.00039896042515146537,14622.0,0.0012105221411381904,-0.3895920774428656,35.54917247982492,False
1755258763962118367,MSFT,False,,50,partial,True,6.842750240498852e-05,0.00038042556660642713,1.0,0.0006167743380345266,0.00026114728950398414,13108.0,0.0008656246689829483,-0.9050401092694232,8.460482148306378,False
1755104278925255077,MSFT,False,,58,partial,True,0.008258897229197038,0.0005339456689392127,0.0,0.0008174575401678934,0.00039896042515146537,14622.0,0.0012105221411381904,-0.7106265517965734,16.65298864724388,False
1753147910865535215,MSFT,False,,51,partial,True,-0.002960216434194085,0.00034315145515129505,5.0,0.000494370972611095,0.00023926542545988245,7142.0,0.0007939814404011009,-0.6320157505797046,25.20302436292355,False
1747153222035485180,MSFT,False,,58,partial,True,0.01117835115318866,0.0010443140765291784,,,,,,,,False
1747000699664429075,MSFT,False,,58,partial,True,0.01117835115318866,0.0010443140765291784,,,,,,,,False
1746944456493072495,MSFT,False,,58,partial,True,0.01117835115318866,0.0010443140765291784,,,,,,,,False
1745496546949644397,MSFT,True,"cpi(ALL, 2024-01-11 13:30:00+00:00->2024-01-11 21:00:00+00:00)",49,partial,False,0.0017536078070494732,0.00043562884169576807,2.0,0.0005469180339176587,0.0002536873704358448,10190.0,0.0007458176265516419,-0.43868637224900653,33.65063788027478,False
1744856756482879957,MSFT,False,,59,partial,True,0.012483981079310924,0.0008343293047214901,0.0,0.0008174575401678934,0.00039896042515146537,14622.0,0.0012105221411381904,0.04228931866410381,63.39762002462044,False
1744772206369079649,MSFT,False,,47,partial,True,0.0006975262379336211,0.00032726067419646554,2.0,0.0005469180339176587,0.0002536873704358448,10190.0,0.0007458176265516419,-0.8658584751137324,7.566241413150148,False
2075218665826636038,QCOM,False,,59,partial,True,0.015261523861233917,0.00229764707964013,0.0,0.001732485937910717,0.0009055282058883688,4816.0,0.003122734368416331,0.6241231781123388,74.89617940199335,False
2074493890124816461,QCOM,False,,60,complete,True,-0.008699005406709426,0.001968939530660622,0.0,0.001732485937910717,0.0009055282058883688,4816.0,0.003122734368416331,0.26112228333951476,69.39368770764119,False
2073465899575820371,QCOM,False,,60,complete,True,0.0498673233344713,0.0028007597856446326,0.0,0.001732485937910717,0.0009055282058883688,4816.0,0.003122734368416331,1.1797245417506186,83.74169435215947,False
2072748263208616222,QCOM,True,"jobs_report(ALL, 2026-07-02 12:30:00+00:00->2026-07-02 20:00:00+00:00)",60,complete,False,-0.0010531215158134932,0.0015086104410165031,4.0,0.0009476882220797412,0.0005636901752572568,2138.0,0.001418950593795801,0.9950895785628485,91.90832553788587,True
2072372393038028973,QCOM,False,,59,partial,True,0.009735203201696407,0.0048205867228125225,4.0,0.0009476882220797412,0.0005636901752572568,2138.0,0.001418950593795801,6.870615580562973,99.62581852198316,True
2071730234622418994,QCOM,False,,60,complete,True,0.018847748738224812,0.0035003593024579907,0.0,0.001732485937910717,0.0009055282058883688,4816.0,0.003122734368416331,1.952311759094131,95.16196013289037,True
2070304246935765210,QCOM,False,,60,complete,True,0.00548365706953069,0.00377343244560614,0.0,0.001732485937910717,0.0009055282058883688,4816.0,0.003122734368416331,2.253874031116625,97.17607973421927,True
2070303126280605811,QCOM,False,,60,complete,True,0.00548365706953069,0.00377343244560614,0.0,0.001732485937910717,0.0009055282058883688,4816.0,0.003122734368416331,2.253874031116625,97.17607973421927,True
2069822102660640873,QCOM,False,,59,partial,True,-0.00018974844907415633,0.0017744591625277475,3.0,0.001134792953688542,0.0005617187407871956,1807.0,0.001906119446027666,1.1387660093782415,88.32318760376315,False
2069598972579029422,QCOM,False,,60,complete,True,-0.042439788089937425,0.00411698608518876,0.0,0.001732485937910717,0.0009055282058883688,4816.0,0.003122734368416331,2.633269876931916,98.58803986710963,True
2069088587619193173,QCOM,False,,52,partial,True,0.00859719345574228,0.0013969523853293998,2.0,0.0013220627764260018,0.0006958446398886958,1733.0,0.0020854948053090953,0.10762403647368335,63.93537218695903,False
2068806527004348577,QCOM,False,,60,complete,True,0.017352540362897906,0.004952250122242418,0.0,0.001732485937910717,0.0009055282058883688,4816.0,0.003122734368416331,3.5556751997282623,99.87541528239203,True
2068795171823608227,QCOM,False,,60,complete,True,0.017352540362897906,0.004952250122242418,0.0,0.001732485937910717,0.0009055282058883688,4816.0,0.003122734368416331,3.5556751997282623,99.87541528239203,True
2068792523753996518,QCOM,False,,60,complete,True,0.017352540362897906,0.004952250122242418,0.0,0.001732485937910717,0.0009055282058883688,4816.0,0.003122734368416331,3.5556751997282623,99.87541528239203,True
2063266602922213430,QCOM,False,,60,complete,True,-0.003350016134403555,0.00325064477720276,0.0,0.001732485937910717,0.0009055282058883688,4816.0,0.003122734368416331,1.6765450589169144,91.86046511627907,True
2063224212806914340,QCOM,False,,60,complete,True,-0.003350016134403555,0.00325064477720276,0.0,0.001732485937910717,0.0009055282058883688,4816.0,0.003122734368416331,1.6765450589169144,91.86046511627907,True
2062536245969096917,QCOM,False,,58,partial,True,0.020159612867932664,0.0017522035081812511,0.0,0.001732485937910717,0.0009055282058883688,4816.0,0.003122734368416331,0.02177466161994396,64.05730897009967,False
2062097720219992176,QCOM,False,,60,complete,True,0.04763532876936949,0.005162937223987928,0.0,0.001732485937910717,0.0009055282058883688,4816.0,0.003122734368416331,3.788342829930699,99.89617940199335,True
2061860614755213809,QCOM,False,,54,partial,True,-0.0017358458019013367,0.0013284507380001698,3.0,0.001134792953688542,0.0005617187407871956,1807.0,0.001906119446027666,0.34475934351101556,72.77255118981738,False
2061327347777998985,QCOM,False,,60,complete,True,-0.060378700206996205,0.004197216028877117,0.0,0.001732485937910717,0.0009055282058883688,4816.0,0.003122734368416331,2.7218700366692343,98.67109634551495,True
2061085542478192968,QCOM,False,,60,complete,True,-0.060378700206996205,0.004197216028877117,0.0,0.001732485937910717,0.0009055282058883688,4816.0,0.003122734368416331,2.7218700366692343,98.67109634551495,True
2058972842700767608,QCOM,False,,60,complete,True,0.009129065980880036,0.005180922985777568,0.0,0.001732485937910717,0.0009055282058883688,4816.0,0.003122734368416331,3.8082050072463076,99.89617940199335,True
2056409938260619586,QCOM,False,,54,partial,True,0.0012414329078708208,0.0014977684272007746,2.0,0.0013220627764260018,0.0006958446398886958,1733.0,0.0020854948053090953,0.25250701191415065,67.97461050201962,False
2055290775772987547,QCOM,False,,59,partial,True,-0.0020180513872425365,0.00209908402577328,0.0,0.001732485937910717,0.0009055282058883688,4816.0,0.003122734368416331,0.40484447141313706,72.15531561461795,False
2052526042959732745,QCOM,True,"jobs_report(ALL, 2026-05-08 12:30:00+00:00->2026-05-08 20:00:00+00:00)",6,insufficient,False,0.06278913093199567,0.004007102525244884,,,,,,,,False
2051372902747181454,QCOM,False,,60,complete,True,-0.0008656104238013995,0.0005678571817497144,5.0,0.0010843439815498878,0.0007001409905529,2330.0,0.001639212923495502,-0.7376897036014199,18.326180257510728,False
2050352176929857700,QCOM,False,,60,complete,True,-0.04353292278102949,0.004410872834621088,0.0,0.001732485937910717,0.0009055282058883688,4816.0,0.003122734368416331,2.957817193648583,99.00332225913621,True
2050300588026695793,QCOM,False,,14,insufficient,False,0.004895360444483243,0.0014212618085615242,6.0,,,,,,,False
2050299817256186348,QCOM,False,,17,insufficient,False,0.005450950238812702,0.00130274006033176,6.0,,,,,,,False
2049610712646140247,QCOM,True,"earnings(QCOM, 2026-04-29 20:00:00+00:00->2026-04-30 20:00:00+00:00)",60,complete,False,0.1323199148312364,0.004742973324797484,0.0,0.001732485937910717,0.0009055282058883688,4816.0,0.003122734368416331,3.3245650078158833,99.66777408637874,True
2046595385943281813,QCOM,False,,42,partial,True,-0.0020030502954669904,0.0008788914291831555,0.0,0.001732485937910717,0.0009055282058883688,4816.0,0.003122734368416331,-0.9426481728309525,12.956810631229235,False
2046376034099171359,QCOM,False,,46,partial,True,-0.002935987013903407,0.0018677789404996001,0.0,0.001732485937910717,0.0009055282058883688,4816.0,0.003122734368416331,0.14940782817046977,66.77740863787376,False
2044814755072987637,QCOM,False,,46,partial,True,-0.004095772701771083,0.000665983756174173,2.0,0.0013220627764260018,0.0006958446398886958,1733.0,0.0020854948053090953,-0.9428527326973049,14.25274091171379,False
2044199903879147601,QCOM,False,,45,partial,True,0.0007474412515235951,0.0009177837700284512,0.0,0.001732485937910717,0.0009055282058883688,4816.0,0.003122734368416331,-0.8996982784020536,16.756644518272427,False
2044199902117539946,QCOM,False,,45,partial,True,0.0007474412515235951,0.0009177837700284512,0.0,0.001732485937910717,0.0009055282058883688,4816.0,0.003122734368416331,-0.8996982784020536,16.756644518272427,False
2044199900121067796,QCOM,False,,45,partial,True,0.0007474412515235951,0.0009177837700284512,0.0,0.001732485937910717,0.0009055282058883688,4816.0,0.003122734368416331,-0.8996982784020536,16.756644518272427,False
2044199898183283189,QCOM,False,,45,partial,True,0.0007474412515235951,0.0009177837700284512,0.0,0.001732485937910717,0.0009055282058883688,4816.0,0.003122734368416331,-0.8996982784020536,16.756644518272427,False
2044199895838666911,QCOM,False,,45,partial,True,0.0007474412515235951,0.0009177837700284512,0.0,0.001732485937910717,0.0009055282058883688,4816.0,0.003122734368416331,-0.8996982784020536,16.756644518272427,False
2044199893817000037,QCOM,False,,45,partial,True,0.0007474412515235951,0.0009177837700284512,0.0,0.001732485937910717,0.0009055282058883688,4816.0,0.003122734368416331,-0.8996982784020536,16.756644518272427,False
2044199891787030970,QCOM,False,,45,partial,True,0.0007474412515235951,0.0009177837700284512,0.0,0.001732485937910717,0.0009055282058883688,4816.0,0.003122734368416331,-0.8996982784020536,16.756644518272427,False
2044199889006145875,QCOM,False,,45,partial,True,0.0007474412515235951,0.0009177837700284512,0.0,0.001732485937910717,0.0009055282058883688,4816.0,0.003122734368416331,-0.8996982784020536,16.756644518272427,False
2040791818640777610,QCOM,False,,49,partial,True,-0.0009294138384550177,0.0025273791205356853,0.0,0.001732485937910717,0.0009055282058883688,4816.0,0.003122734368416331,0.877822664668008,78.7375415282392,False
2032151165237149718,QCOM,False,,57,partial,True,-0.005466439350434782,0.0006394256150407118,4.0,0.0009476882220797412,0.0005636901752572568,2138.0,0.001418950593795801,-0.5468653181658605,24.462114125350794,False
2029602337698820337,QCOM,False,,51,partial,True,-0.0026561518233835235,0.0008969902997660933,2.0,0.0013220627764260018,0.0006958446398886958,1733.0,0.0020854948053090953,-0.6108726751533232,27.466820542412,False
2029166475148161359,QCOM,False,,59,partial,True,-0.009007762056995716,0.0016824107480692318,0.0,0.001732485937910717,0.0009055282058883688,4816.0,0.003122734368416331,-0.055299425811213485,61.939368770764126,False
2028795945761005667,QCOM,False,,57,partial,True,-0.007251943938179073,0.0015486918731524538,0.0,0.001732485937910717,0.0009055282058883688,4816.0,0.003122734368416331,-0.20296890098299245,57.3297342192691,False
2028790035038801927,QCOM,False,,57,partial,True,-0.007251943938179073,0.0015486918731524538,0.0,0.001732485937910717,0.0009055282058883688,4816.0,0.003122734368416331,-0.20296890098299245,57.3297342192691,False
2028727071665684576,QCOM,False,,57,partial,True,-0.007251943938179073,0.0015486918731524538,0.0,0.001732485937910717,0.0009055282058883688,4816.0,0.003122734368416331,-0.20296890098299245,57.3297342192691,False
2028724190526779433,QCOM,False,,57,partial,True,-0.007251943938179073,0.0015486918731524538,0.0,0.001732485937910717,0.0009055282058883688,4816.0,0.003122734368416331,-0.20296890098299245,57.3297342192691,False
2028372759554769028,QCOM,False,,59,partial,True,-0.02656585319816862,0.0016374097777489694,0.0,0.001732485937910717,0.0009055282058883688,4816.0,0.003122734368416331,-0.10499524978183646,60.506644518272424,False
2025927884402008127,QCOM,False,,55,partial,True,0.00894950186425747,0.0015348562611068569,0.0,0.001732485937910717,0.0009055282058883688,4816.0,0.003122734368416331,-0.21824795243122813,57.122093023255815,False
2024912138905813077,QCOM,False,,54,partial,True,0.002034164267972871,0.0009115911688343984,3.0,0.001134792953688542,0.0005617187407871956,1807.0,0.001906119446027666,-0.3973550616120576,39.01494189263973,False
2024904942968795511,QCOM,False,,52,partial,True,0.0007178629954862625,0.0009323277584236563,3.0,0.001134792953688542,0.0005617187407871956,1807.0,0.001906119446027666,-0.3604387401800941,40.95185390149419,False
2024896700658422030,QCOM,False,,51,partial,True,-0.005349000365042156,0.0006835282642996029,2.0,0.0013220627764260018,0.0006958446398886958,1733.0,0.0020854948053090953,-0.9176394780141384,14.88747836122331,False
2023866218936185307,QCOM,False,,58,partial,True,0.001388534188998758,0.0013202483377685735,0.0,0.001732485937910717,0.0009055282058883688,4816.0,0.003122734368416331,-0.45524545504103603,42.71179401993355,False
2023829504163279172,QCOM,False,,54,partial,True,-0.0018992804749669023,0.0004838001939279599,4.0,0.0009476882220797412,0.0005636901752572568,2138.0,0.001418950593795801,-0.8229485779844792,9.12067352666043,False
2023629431256789487,QCOM,False,,59,partial,True,0.0085157090861947,0.0019677133792752864,0.0,0.001732485937910717,0.0009055282058883688,4816.0,0.003122734368416331,0.25976821023901675,69.3313953488372,False
2022363914403799365,QCOM,True,"cpi(ALL, 2026-02-13 13:30:00+00:00->2026-02-13 21:00:00+00:00)",59,partial,False,-0.00284600581487382,0.0004903165170903827,3.0,0.001134792953688542,0.0005617187407871956,1807.0,0.001906119446027666,-1.1473294191591088,4.095185390149418,False
2021996917224522025,QCOM,False,,58,partial,True,0.0018447867839476162,0.0008452239685895907,2.0,0.0013220627764260018,0.0006958446398886958,1733.0,0.0020854948053090953,-0.6852661937766512,25.100980957876512,False
2019184192098087294,QCOM,True,"earnings(QCOM, 2026-02-04 21:00:00+00:00->2026-02-05 21:00:00+00:00)",60,complete,False,-0.08510131591901615,0.004283549765506212,0.0,0.001732485937910717,0.0009055282058883688,4816.0,0.003122734368416331,2.8172107848289194,98.81644518272425,True
2019083838035579015,QCOM,False,,58,partial,True,-0.00015870828229980205,0.000960112943360049,1.0,0.0014049941536428139,0.0008717321533434989,3575.0,0.0024544828179355513,-0.5103416325489868,38.74125874125875,False
2016554821831229685,QCOM,False,,50,partial,True,0.0038793048031147137,0.0006178738359456588,2.0,0.0013220627764260018,0.0006958446398886958,1733.0,0.0020854948053090953,-1.0119916143824603,11.367570686670515,False
2015169527714111668,QCOM,False,,55,partial,True,-0.00641482304033969,0.0010169330539033905,0.0,0.001732485937910717,0.0009055282058883688,4816.0,0.003122734368416331,-0.7902049647424655,23.89950166112957,False
2014285028465725840,QCOM,False,,59,partial,True,0.0030875551374776045,0.00122798994164126,0.0,0.001732485937910717,0.0009055282058883688,4816.0,0.003122734368416331,-0.5571289695769563,36.37873754152824,False
2014092626048299406,QCOM,False,,59,partial,True,0.0030875551374776045,0.00122798994164126,0.0,0.001732485937910717,0.0009055282058883688,4816.0,0.003122734368416331,-0.5571289695769563,36.37873754152824,False
2013963243291648146,QCOM,False,,56,partial,True,0.00568299769378755,0.0012005433929674293,0.0,0.001732485937910717,0.0009055282058883688,4816.0,0.003122734368416331,-0.5874389571569725,34.26079734219269,False
2013565255062790594,QCOM,False,,59,partial,True,-0.015547659933917268,0.0017943305878000456,0.0,0.001732485937910717,0.0009055282058883688,4816.0,0.003122734368416331,0.06829676810415415,65.11627906976744,False
2013298662441447662,QCOM,False,,59,partial,True,-0.015547659933917268,0.0017943305878000456,0.0,0.001732485937910717,0.0009055282058883688,4816.0,0.003122734368416331,0.06829676810415415,65.11627906976744,False
2011932198384123975,QCOM,False,,55,partial,True,-0.002482769200476742,0.0011142232388988542,0.0,0.001732485937910717,0.0009055282058883688,4816.0,0.003122734368416331,-0.6827647057170526,29.505813953488374,False
2011544223888355359,QCOM,False,,57,partial,True,-0.011492588562645678,0.0014906689072674228,0.0,0.001732485937910717,0.0009055282058883688,4816.0,0.003122734368416331,-0.26704527707787906,54.630398671096344,False
2009732158533873832,QCOM,False,,59,partial,True,-0.03009225945405214,0.0013767921405375533,0.0,0.001732485937910717,0.0009055282058883688,4816.0,0.003122734368416331,-0.3928025599425808,47.487541528239205,False
2009717059043701190,QCOM,True,"jobs_report(ALL, 2026-01-09 13:30:00+00:00->2026-01-09 21:00:00+00:00)",57,partial,False,-0.003449971855025602,0.0006991477852133263,5.0,0.0010843439815498878,0.0007001409905529,2330.0,0.001639212923495502,-0.5501694680558165,29.69957081545064,False
2009701959603740714,QCOM,True,"jobs_report(ALL, 2026-01-09 13:30:00+00:00->2026-01-09 21:00:00+00:00)",54,partial,False,-0.0031003539349458986,0.0005412845814354829,4.0,0.0009476882220797412,0.0005636901752572568,2138.0,0.001418950593795801,-0.7209698846689743,15.294667913938259,False
2009686985800401396,QCOM,True,"jobs_report(ALL, 2026-01-09 13:30:00+00:00->2026-01-09 21:00:00+00:00)",48,partial,False,0.005114791297291754,0.0006258484346183094,3.0,0.001134792953688542,0.0005617187407871956,1807.0,0.001906119446027666,-0.9060486718976031,17.15550636413946,False
2009659614741315957,QCOM,True,"jobs_report(ALL, 2026-01-09 13:30:00+00:00->2026-01-09 21:00:00+00:00)",57,partial,False,-0.0016513629410953579,0.0006658177805871934,1.0,0.0014049941536428139,0.0008717321533434989,3575.0,0.0024544828179355513,-0.8479397831323932,16.97902097902098,False
2009433304307835185,QCOM,True,"jobs_report(ALL, 2026-01-09 13:30:00+00:00->2026-01-09 21:00:00+00:00)",60,complete,False,-0.02711517510646555,0.001955682346264305,0.0,0.001732485937910717,0.0009055282058883688,4816.0,0.003122734368416331,0.24648200564290643,68.87458471760797,False
2009363709639143799,QCOM,False,,22,insufficient,False,0.0001127898528741067,0.0007452041766160992,6.0,,,,,,,False
2007167802986377628,QCOM,False,,33,partial,True,0.0010955820365310398,0.0005635214214886579,4.0,0.0009476882220797412,0.0005636901752572568,2138.0,0.001418950593795801,-0.6815211927647264,18.568755846585596,False
2006427268210721072,QCOM,False,,29,partial,True,0.000914538700598877,0.0003508926979503095,3.0,0.001134792953688542,0.0005617187407871956,1807.0,0.001906119446027666,-1.395538725732509,0.0,False
2004034924093841794,QCOM,False,,26,insufficient,False,0.0021329476347544674,0.0010894303761148575,0.0,0.001732485937910717,0.0009055282058883688,4816.0,0.003122734368416331,-0.7101441541127805,27.927740863787378,False
2001678489028542736,QCOM,True,"cpi(ALL, 2025-12-18 13:30:00+00:00->2025-12-18 21:00:00+00:00)",53,partial,False,-0.0024611057002594805,0.000696860884070223,1.0,0.0014049941536428139,0.0008717321533434989,3575.0,0.0024544828179355513,-0.8123289554670776,18.48951048951049,False
2000951552060624945,QCOM,True,"jobs_report(ALL, 2025-12-16 13:30:00+00:00->2025-12-16 21:00:00+00:00)",59,partial,False,0.0007104846644869767,0.0012307355278686186,1.0,0.0014049941536428139,0.0008717321533434989,3575.0,0.0024544828179355513,-0.19989927537470348,52.167832167832174,False
2000683801174008242,QCOM,True,"jobs_report(ALL, 2025-12-16 13:30:00+00:00->2025-12-16 21:00:00+00:00)",57,partial,False,-0.01428344571024176,0.001405429787718784,0.0,0.001732485937910717,0.0009055282058883688,4816.0,0.003122734368416331,-0.36117720913074636,49.56395348837209,False
1999335048311636437,QCOM,False,,55,partial,True,0.0032215523560363835,0.0009944466083362609,0.0,0.001732485937910717,0.0009055282058883688,4816.0,0.003122734368416331,-0.8150373724144818,21.906146179401993,False
1999246017506738190,QCOM,False,,55,partial,True,0.0032215523560363835,0.0009944466083362609,0.0,0.001732485937910717,0.0009055282058883688,4816.0,0.003122734368416331,-0.8150373724144818,21.906146179401993,False
1994452989067633088,QCOM,False,,45,partial,True,0.0022422009832470113,0.0005707309605468649,2.0,0.0013220627764260018,0.0006958446398886958,1733.0,0.0020854948053090953,-1.0797407536247121,9.578765147143683,False
1994108974199648351,QCOM,False,,52,partial,True,0.003982655946172198,0.0009672063825103405,0.0,0.001732485937910717,0.0009055282058883688,4816.0,0.003122734368416331,-0.8451195119312696,20.24501661129568,False
1993755895608533022,QCOM,False,,29,partial,True,0.0016683376663819693,0.0006048540798462007,4.0,0.0009476882220797412,0.0005636901752572568,2138.0,0.001418950593795801,-0.6081960574833116,21.796071094480823,False
1992432939746066501,QCOM,False,,56,partial,True,0.003228166678740374,0.001346288204917396,0.0,0.001732485937910717,0.0009055282058883688,4816.0,0.003122734368416331,-0.42648890501918885,44.39368770764119,False
1991610881923510385,QCOM,True,"jobs_report(ALL, 2025-11-20 13:30:00+00:00->2025-11-20 21:00:00+00:00)",6,insufficient,False,0.0018089493114099575,0.0013172035414133346,6.0,,,,,,,False
1991255252952313941,QCOM,True,"jobs_report(ALL, 2025-11-20 13:30:00+00:00->2025-11-20 21:00:00+00:00)",53,partial,False,-0.00747939267210973,0.001466711094547083,0.0,0.001732485937910717,0.0009055282058883688,4816.0,0.003122734368416331,-0.29350255644758794,53.4468438538206,False
1991248962049720567,QCOM,False,,4,insufficient,False,-0.007576279253366458,0.0002846781003056691,6.0,,,,,,,False
1991237285522657661,QCOM,False,,47,partial,True,-0.004154105243747153,0.0008739278547283188,5.0,0.0010843439815498878,0.0007001409905529,2330.0,0.001639212923495502,-0.30053393482276164,46.09442060085837,False
1991234095993467215,QCOM,False,,53,partial,True,-0.0038670597859570277,0.0008382554524347487,5.0,0.0010843439815498878,0.0007001409905529,2330.0,0.001639212923495502,-0.3514842473668102,42.66094420600858,False
1989388907155525675,QCOM,False,,27,insufficient,False,0.0009524059524899098,0.0011154796589804465,3.0,0.001134792953688542,0.0005617187407871956,1807.0,0.001906119446027666,-0.03438250018332947,57.6092971776425,False
1989115297010483685,QCOM,False,,55,partial,True,-0.0035266351308765875,0.0016346623797644905,0.0,0.001732485937910717,0.0009055282058883688,4816.0,0.003122734368416331,-0.10802927784039215,60.40282392026578,False
1988345057460826558,QCOM,False,,22,insufficient,False,0.00011900139093112827,0.0006447458086641177,6.0,,,,,,,False
1988003557229105372,QCOM,False,,60,complete,True,0.02553015116891799,0.0013286053814280923,0.0,0.001732485937910717,0.0009055282058883688,4816.0,0.003122734368416331,-0.44601653913849926,43.23089700996678,False
1986474076429566218,QCOM,True,"earnings(QCOM, 2025-11-05 21:00:00+00:00->2025-11-06 21:00:00+00:00)",56,partial,False,0.003987117585073863,0.0011915768696950317,2.0,0.0013220627764260018,0.0006958446398886958,1733.0,0.0020854948053090953,-0.18752160935211348,43.681477207155226,False
1986199005538492846,QCOM,True,"earnings(QCOM, 2025-11-05 21:00:00+00:00->2025-11-06 21:00:00+00:00)",60,complete,False,-0.02837396078190857,0.002293377555018276,0.0,0.001732485937910717,0.0009055282058883688,4816.0,0.003122734368416331,0.619408223245013,74.8546511627907,False
1982816909792772100,QCOM,False,,60,complete,True,-0.046061578535210645,0.0039428327312901225,1.0,0.0014049941536428139,0.0008717321533434989,3575.0,0.0024544828179355513,2.911259574301023,98.34965034965035,True
1982815909661286838,QCOM,False,,60,complete,True,-0.047173987141544194,0.0045066340863084715,0.0,0.001732485937910717,0.0009055282058883688,4816.0,0.003122734368416331,3.063569009069326,99.08637873754152,True
1981824663627215012,QCOM,False,,58,partial,True,0.18244610690193763,0.006963726264731184,0.0,0.001732485937910717,0.0009055282058883688,4816.0,0.003122734368416331,5.777004286341756,100.0,True
1981028639048454568,QCOM,False,,50,partial,True,-0.00461392255214832,0.0012157759531854241,2.0,0.0013220627764260018,0.0006958446398886958,1733.0,0.0020854948053090953,-0.15274504846021203,46.2204270051933,False
1980708424192282692,QCOM,False,,40,partial,True,0.00027927790106674344,0.0004198588915476412,5.0,0.0010843439815498878,0.0007001409905529,2330.0,0.001639212923495502,-0.9490732566272172,0.9012875536480687,False
1980298516963684402,QCOM,False,,46,partial,True,0.0020293522934053954,0.0004717350906150384,2.0,0.0013220627764260018,0.0006958446398886958,1733.0,0.0020854948053090953,-1.2220079556077028,5.885747259088286,False
1977888354298720580,QCOM,False,,54,partial,True,0.010795469618297138,0.0015849739452427406,0.0,0.001732485937910717,0.0009055282058883688,4816.0,0.003122734368416331,-0.16290159898802895,58.65863787375415,False
1976669390549704916,QCOM,False,,59,partial,True,-0.0030996601330777196,0.0014754230106379684,1.0,0.0014049941536428139,0.0008717321533434989,3575.0,0.0024544828179355513,0.08079185415500281,63.72027972027971,False
1976620269545603178,QCOM,False,,54,partial,True,-0.013074361821129532,0.0015324911902962516,0.0,0.001732485937910717,0.0009055282058883688,4816.0,0.003122734368416331,-0.2208597659509241,57.0390365448505,False
1975637104337297839,QCOM,False,,53,partial,True,-0.0031786442933924297,0.0005346959332107838,5.0,0.0010843439815498878,0.0007001409905529,2330.0,0.001639212923495502,-0.7850533760422282,14.97854077253219,False
1973825561148440738,QCOM,False,,45,partial,True,-0.0008040609669353049,0.00041983811626098485,5.0,0.0010843439815498878,0.0007001409905529,2330.0,0.001639212923495502,-0.9491029296315645,0.9012875536480687,False
1973772758476902904,QCOM,False,,40,partial,True,0.0019519121024094144,0.0007208656120909978,2.0,0.0013220627764260018,0.0006958446398886958,1733.0,0.0020854948053090953,-0.8639818860014051,16.907097518753606,False
1973495442056089733,QCOM,False,,45,partial,True,0.015105443009836406,0.0011251483032772831,0.0,0.001732485937910717,0.0009055282058883688,4816.0,0.003122734368416331,-0.6706998530626719,30.274086378737543,False
1973052624208286097,QCOM,False,,38,partial,True,-0.0004481194061116689,0.0004972950703739927,2.0,0.0013220627764260018,0.0006958446398886958,1733.0,0.0020854948053090953,-1.1852756474260335,6.462781304096941,False
1972765940048879698,QCOM,False,,52,partial,True,0.006940971562762299,0.0009401705769147102,0.0,0.001732485937910717,0.0009055282058883688,4816.0,0.003122734368416331,-0.8749759044984198,18.583887043189367,False
1971649823242952983,QCOM,False,,46,partial,True,-0.00045046058052278237,0.0005331180860964147,5.0,0.0010843439815498878,0.0007001409905529,2330.0,0.001639212923495502,-0.7873069894367577,14.892703862660944,False
1971647347932426282,QCOM,False,,41,partial,True,0.002510801423291631,0.0003411219184182139,5.0,0.0010843439815498878,0.0007001409905529,2330.0,0.001639212923495502,-1.0615319959266387,0.08583690987124463,False
1971647343444611160,QCOM,False,,41,partial,True,0.002510801423291631,0.0003411219184182139,5.0,0.0010843439815498878,0.0007001409905529,2330.0,0.001639212923495502,-1.0615319959266387,0.08583690987124463,False
1971643760418386259,QCOM,False,,38,partial,True,-6.364588252194547e-05,0.0003819084581121837,5.0,0.0010843439815498878,0.0007001409905529,2330.0,0.001639212923495502,-1.003277244034794,0.38626609442060084,False
1971066415919907096,QCOM,False,,58,partial,True,-0.013917294529635749,0.0013463612208600353,0.0,0.001732485937910717,0.0009055282058883688,4816.0,0.003122734368416331,-0.42640827148158666,44.41445182724252,False
1970617421141811378,QCOM,False,,44,partial,True,0.010676680609316147,0.0011364397073941406,0.0,0.001732485937910717,0.0009055282058883688,4816.0,0.003122734368416331,-0.6582304412393482,31.18770764119601,False
1970357541290025173,QCOM,False,,31,partial,True,-0.001708541281690068,0.0015772658141221078,0.0,0.001732485937910717,0.0009055282058883688,4816.0,0.003122734368416331,-0.17141390271364362,58.28488372093024,False
1969102878947024946,QCOM,False,,48,partial,True,-0.0012934943511810904,0.0004587789704995068,4.0,0.0009476882220797412,0.0005636901752572568,2138.0,0.001418950593795801,-0.8673368333182429,6.922357343311505,False
1968730445320741064,QCOM,False,,49,partial,True,-0.0058990629723835175,0.0006992344995228273,4.0,0.0009476882220797412,0.0005636901752572568,2138.0,0.001418950593795801,-0.4407629110149467,34.51824134705332,False
1968389189940244497,QCOM,True,"fomc(ALL, 2025-09-17 18:00:00+00:00->2025-09-17 20:00:00+00:00)",56,partial,False,0.003259504700474425,0.0009654958979564528,5.0,0.0010843439815498878,0.0007001409905529,2330.0,0.001639212923495502,-0.16974878659736928,50.90128755364807,False
1968027029686849929,QCOM,False,,54,partial,True,-0.0006889182569367325,0.0006518108172561503,5.0,0.0010843439815498878,0.0007001409905529,2330.0,0.001639212923495502,-0.6177800901960716,26.09442060085837,False
1966625789660852720,QCOM,False,,40,partial,True,-0.004663415992340658,0.0016352912167659133,0.0,0.001732485937910717,0.0009055282058883688,4816.0,0.003122734368416331,-0.10733483563822374,60.423588039867106,False
1966540183857139984,QCOM,False,,40,partial,True,0.00037631820795791526,0.00048027671087809214,3.0,0.001134792953688542,0.0005617187407871956,1807.0,0.001906119446027666,-1.1652027879525744,3.597122302158273,False
1966534842822340741,QCOM,False,,44,partial,True,-0.00035963790810411567,0.00041614423324950756,2.0,0.0013220627764260018,0.0006958446398886958,1733.0,0.0020854948053090953,-1.3018977099850921,2.7120600115406805,False
1966246772805980662,QCOM,False,,38,partial,True,-0.007579106999649365,0.0011988125012537191,0.0,0.001732485937910717,0.0009055282058883688,4816.0,0.003122734368416331,-0.5893504290497912,34.19850498338871,False
1965820822976868522,QCOM,False,,41,partial,True,0.0022206539881884924,0.0005421086792111732,3.0,0.001134792953688542,0.0005617187407871956,1807.0,0.001906119446027666,-1.0551264030229397,10.293303818483675,False
1965483038797897789,QCOM,False,,35,partial,True,-0.006176753921795619,0.00039978911351730195,5.0,0.0010843439815498878,0.0007001409905529,2330.0,0.001639212923495502,-0.9777385944679431,0.6008583690987125,False
1964416419258658967,QCOM,False,,47,partial,True,-0.008578881444048503,0.0010584478743630524,0.0,0.001732485937910717,0.0009055282058883688,4816.0,0.003122734368416331,-0.744358993087796,25.892857142857146,False
1964150875557130270,QCOM,False,,47,partial,True,-0.008578881444048503,0.0010584478743630524,0.0,0.001732485937910717,0.0009055282058883688,4816.0,0.003122734368416331,-0.744358993087796,25.892857142857146,False
1962534722355241285,QCOM,False,,58,partial,True,-0.013412214409314838,0.0022091451734467154,0.0,0.001732485937910717,0.0009055282058883688,4816.0,0.003122734368416331,0.5263880599592938,73.71262458471762,False
1961046699407032321,QCOM,False,,49,partial,True,-0.0024920655506279754,0.0010449486658210838,0.0,0.001732485937910717,0.0009055282058883688,4816.0,0.003122734368416331,-0.7592665447843499,25.269933554817275,False
1960927979753889887,QCOM,False,,49,partial,True,-0.0024920655506279754,0.0010449486658210838,0.0,0.001732485937910717,0.0009055282058883688,4816.0,0.003122734368416331,-0.7592665447843499,25.269933554817275,False
1960491295354638519,QCOM,False,,45,partial,True,-0.005745802135713185,0.001155184716149163,0.0,0.001732485937910717,0.0009055282058883688,4816.0,0.003122734368416331,-0.637529806368861,32.39202657807309,False
1959018525785563219,QCOM,False,,55,partial,True,-0.01183680052259739,0.0011846230108398758,0.0,0.001732485937910717,0.0009055282058883688,4816.0,0.003122734368416331,-0.6050202782290587,33.5548172757475,False
1958651099889770597,QCOM,False,,56,partial,True,0.017940237893401934,0.0016938834053887403,0.0,0.001732485937910717,0.0009055282058883688,4816.0,0.003122734368416331,-0.04262985103164795,62.18853820598007,False
1958004814819762675,QCOM,False,,57,partial,True,-0.0016522372605325408,0.00142084467503701,0.0,0.001732485937910717,0.0009055282058883688,4816.0,0.003122734368416331,-0.34415412004529583,50.47757475083057,False
1957955147491078402,QCOM,False,,57,partial,True,-0.0016522372605325408,0.00142084467503701,0.0,0.001732485937910717,0.0009055282058883688,4816.0,0.003122734368416331,-0.34415412004529583,50.47757475083057,False
1956353250044915839,QCOM,False,,44,partial,True,-0.004289511438642535,0.0006692858407763212,0.0,0.001732485937910717,0.0009055282058883688,4816.0,0.003122734368416331,-1.1741214577533152,1.8064784053156147,False
1956133244480713057,QCOM,False,,44,partial,True,-0.0015089466656601491,0.0016514401155028468,0.0,0.001732485937910717,0.0009055282058883688,4816.0,0.003122734368416331,-0.08950115731443191,60.75581395348837,False
1956034935988609253,QCOM,False,,41,partial,True,-0.00041273855628420897,0.00037693264861631253,3.0,0.001134792953688542,0.0005617187407871956,1807.0,0.001906119446027666,-1.349181093744816,0.3320420586607637,False
1953829804899217765,QCOM,False,,42,partial,True,-0.00010389068806559987,0.000400111086144173,1.0,0.0014049941536428139,0.0008717321533434989,3575.0,0.0024544828179355513,-1.1527429195360595,0.11188811188811189,False
1950990432294588819,QCOM,True,"earnings(QCOM, 2025-07-30 20:00:00+00:00->2025-07-31 20:00:00+00:00)",58,partial,False,-0.0005477184116964295,0.0006723326747624577,5.0,0.0010843439815498878,0.0007001409905529,2330.0,0.001639212923495502,-0.5884690545857992,27.76824034334764,False
1950648173091045465,QCOM,True,"earnings(QCOM, 2025-07-30 20:00:00+00:00->2025-07-31 20:00:00+00:00)",1,insufficient,False,-0.052495623370379274,,6.0,,,,,,,False
1950618766653673578,QCOM,True,"fomc(ALL, 2025-07-30 18:00:00+00:00->2025-07-30 20:00:00+00:00)",57,partial,False,-0.0019134201986015231,0.0008557176288461162,4.0,0.0009476882220797412,0.0005636901752572568,2138.0,0.001418950593795801,-0.16315805609287318,54.25631431244153,False
1948155014440165500,QCOM,False,,48,partial,True,-0.01333878185927917,0.0014901517492231081,0.0,0.001732485937910717,0.0009055282058883688,4816.0,0.003122734368416331,-0.2676163890995165,54.58887043189369,False
1947384892159103285,QCOM,False,,4,insufficient,False,-1.62450453049523e-05,0.0004987466922821115,6.0,,,,,,,False
1942286735335108853,QCOM,False,,53,partial,True,-0.0014223338252399298,0.0005124927237622178,4.0,0.0009476882220797412,0.0005636901752572568,2138.0,0.001418950593795801,-0.7720473363207173,11.646398503274089,False
1941157742053617838,QCOM,False,,51,partial,True,-0.016649067555915775,0.0012747153272817187,0.0,0.001732485937910717,0.0009055282058883688,4816.0,0.003122734368416331,-0.50552882577512,39.61794019933555,False
1940423466991378686,QCOM,False,,57,partial,True,0.0039882656320657794,0.0006646660569793886,1.0,0.0014049941536428139,0.0008717321533434989,3575.0,0.0024544828179355513,-0.8492609729077012,16.97902097902098,False
1939723127573139704,QCOM,False,,30,partial,True,-0.0027152659766584986,0.0004946938870242909,3.0,0.001134792953688542,0.0005617187407871956,1807.0,0.001906119446027666,-1.1395366046844242,4.205866076369674,False
1938658515658400015,QCOM,False,,39,partial,True,-0.0006229262461867613,0.0006733998724850829,4.0,0.0009476882220797412,0.0005636901752572568,2138.0,0.001418950593795801,-0.48659416401834343,29.232927970065482,False
1938315325155819623,QCOM,False,,38,partial,True,1.7826613258220547e-05,0.0006347356658249227,5.0,0.0010843439815498878,0.0007001409905529,2330.0,0.001639212923495502,-0.6421682515258965,24.892703862660944,False
1933476195670372428,QCOM,False,,52,partial,True,-0.014819617007222896,0.001183990278249059,0.0,0.001732485937910717,0.0009055282058883688,4816.0,0.003122734368416331,-0.6057190224390151,33.53405315614618,False
1933467685909897393,QCOM,False,,52,partial,True,-0.014819617007222896,0.001183990278249059,0.0,0.001732485937910717,0.0009055282058883688,4816.0,0.003122734368416331,-0.6057190224390151,33.53405315614618,False
1933462599129313699,QCOM,False,,52,partial,True,-0.014819617007222896,0.001183990278249059,0.0,0.001732485937910717,0.0009055282058883688,4816.0,0.003122734368416331,-0.6057190224390151,33.53405315614618,False
1933450447391744487,QCOM,False,,52,partial,True,-0.014819617007222896,0.001183990278249059,0.0,0.001732485937910717,0.0009055282058883688,4816.0,0.003122734368416331,-0.6057190224390151,33.53405315614618,False
1933285382009074004,QCOM,False,,52,partial,True,-0.014819617007222896,0.001183990278249059,0.0,0.001732485937910717,0.0009055282058883688,4816.0,0.003122734368416331,-0.6057190224390151,33.53405315614618,False
1933190506051457217,QCOM,False,,36,partial,True,0.0020725875815590378,0.0007731578168182965,2.0,0.0013220627764260018,0.0006958446398886958,1733.0,0.0020854948053090953,-0.7888326332376515,20.542412002308136,False
1933184769669685481,QCOM,False,,40,partial,True,0.004480237999807235,0.0006691654192692549,1.0,0.0014049941536428139,0.0008717321533434989,3575.0,0.0024544828179355513,-0.8440995683723641,17.25874125874126,False
1933163630402667006,QCOM,False,,53,partial,True,-0.003822668860807843,0.0007091159621382465,0.0,0.001732485937910717,0.0009055282058883688,4816.0,0.003122734368416331,-1.1301359462000333,3.1146179401993357,False
1932801241882714327,QCOM,True,"cpi(ALL, 2025-06-11 12:30:00+00:00->2025-06-11 20:00:00+00:00)",55,partial,False,0.0025220944224662034,0.0006885686763095016,0.0,0.001732485937910717,0.0009055282058883688,4816.0,0.003122734368416331,-1.1528268858031647,2.3463455149501664,False
1932438854444671145,QCOM,False,,52,partial,True,0.008403236120157143,0.0007062166746015321,0.0,0.001732485937910717,0.0009055282058883688,4816.0,0.003122734368416331,-1.1333377101184419,2.9277408637873754,False
1932102760566342093,QCOM,False,,51,partial,True,0.0017934407239659222,0.0005718405424731649,2.0,0.0013220627764260018,0.0006958446398886958,1733.0,0.0020854948053090953,-1.0781461707786368,9.636468551644548,False
1928120473965183425,QCOM,False,,54,partial,True,6.702052103735312e-06,0.000562615701499246,2.0,0.0013220627764260018,0.0006958446398886958,1733.0,0.0020854948053090953,-1.0914032118552117,9.290248124639353,False
1927762122873721085,QCOM,False,,29,partial,True,0.00032245842540290504,0.0003874663918954518,2.0,0.0013220627764260018,0.0006958446398886958,1733.0,0.0020854948053090953,-1.3431107045389383,1.9042123485285631,False
1927584545055846712,QCOM,False,,47,partial,True,-0.0011235590693072783,0.0008909648661104686,0.0,0.001732485937910717,0.0009055282058883688,4816.0,0.003122734368416331,-0.9293151404098714,14.078073089700997,False
1926987939461890415,QCOM,False,,1,insufficient,False,0.00500276808491118,,,,,,,,,False
1925337587247652928,QCOM,False,,56,partial,True,-0.01816896650812916,0.0014682131515891003,0.0,0.001732485937910717,0.0009055282058883688,4816.0,0.003122734368416331,-0.2918437930515391,53.50913621262458,False
1924844361214525781,QCOM,False,,44,partial,True,0.0003094729266047702,0.00044732471153331564,1.0,0.0014049941536428139,0.0008717321533434989,3575.0,0.0024544828179355513,-1.0985822175267825,1.3706293706293706,False
1924380659352748150,QCOM,False,,50,partial,True,-0.002780648758723969,0.0009957986193427626,0.0,0.001732485937910717,0.0009055282058883688,4816.0,0.003122734368416331,-0.813544309031464,22.00996677740864,False
1924066283366293971,QCOM,False,,50,partial,True,-0.002780648758723969,0.0009957986193427626,0.0,0.001732485937910717,0.0009055282058883688,4816.0,0.003122734368416331,-0.813544309031464,22.00996677740864,False
1923753884280930798,QCOM,False,,50,partial,True,-0.002780648758723969,0.0009957986193427626,0.0,0.001732485937910717,0.0009055282058883688,4816.0,0.003122734368416331,-0.813544309031464,22.00996677740864,False
1923735464999334355,QCOM,False,,50,partial,True,-0.002780648758723969,0.0009957986193427626,0.0,0.001732485937910717,0.0009055282058883688,4816.0,0.003122734368416331,-0.813544309031464,22.00996677740864,False
1923352925159526475,QCOM,False,,50,partial,True,-0.003296604432058259,0.001256858203125092,0.0,0.001732485937910717,0.0009055282058883688,4816.0,0.003122734368416331,-0.5252489449724099,38.2890365448505,False
1923276482920817054,QCOM,False,,50,partial,True,-0.003296604432058259,0.001256858203125092,0.0,0.001732485937910717,0.0009055282058883688,4816.0,0.003122734368416331,-0.5252489449724099,38.2890365448505,False
1923254002663465304,QCOM,False,,50,partial,True,-0.003296604432058259,0.001256858203125092,0.0,0.001732485937910717,0.0009055282058883688,4816.0,0.003122734368416331,-0.5252489449724099,38.2890365448505,False
1922361643964752062,QCOM,True,"cpi(ALL, 2025-05-13 12:30:00+00:00->2025-05-13 20:00:00+00:00)",59,partial,False,-0.0030136790853154682,0.00042900282753899344,5.0,0.0010843439815498878,0.0007001409905529,2330.0,0.001639212923495502,-0.9360131214334025,1.6738197424892705,False
1922359625116205140,QCOM,True,"cpi(ALL, 2025-05-13 12:30:00+00:00->2025-05-13 20:00:00+00:00)",58,partial,False,-0.00409406654780986,0.00038896676421233304,5.0,0.0010843439815498878,0.0007001409905529,2330.0,0.001639212923495502,-0.9931959801245412,0.38626609442060084,False
1919437406706794713,QCOM,False,,47,partial,True,-0.0003150479872584544,0.00041513871603790877,3.0,0.001134792953688542,0.0005617187407871956,1807.0,0.001906119446027666,-1.28116472781753,0.4980630879911455,False
1918055843695858135,QCOM,True,"jobs_report(ALL, 2025-05-02 12:30:00+00:00->2025-05-02 20:00:00+00:00)",60,complete,False,0.017895949177352488,0.0012969483017523744,0.0,0.001732485937910717,0.0009055282058883688,4816.0,0.003122734368416331,-0.48097633328942874,41.320598006644516,False
1914369229165617330,QCOM,False,,45,partial,True,0.003539813679560355,0.0008289397230216213,3.0,0.001134792953688542,0.0005617187407871956,1807.0,0.001906119446027666,-0.5444953291718491,35.80520199225235,False
1913956066703946093,QCOM,False,,45,partial,True,-3.142049035387284e-05,0.0010773719642840473,0.0,0.001732485937910717,0.0009055282058883688,4816.0,0.003122734368416331,-0.7234605939016221,27.200996677740864,False
1912904433249505623,QCOM,False,,51,partial,True,0.0032674183617580344,0.0008642860564759766,2.0,0.0013220627764260018,0.0006958446398886958,1733.0,0.0020854948053090953,-0.6578720215812097,25.851125216387764,False
1912904429600424137,QCOM,False,,51,partial,True,0.0032674183617580344,0.0008642860564759766,2.0,0.0013220627764260018,0.0006958446398886958,1733.0,0.0020854948053090953,-0.6578720215812097,25.851125216387764,False
1912648075971293600,QCOM,False,,49,partial,True,0.0036399915759703916,0.001639343937639604,0.0,0.001732485937910717,0.0009055282058883688,4816.0,0.003122734368416331,-0.10285930318397542,60.56893687707641,False
1908268297063457153,QCOM,False,,60,complete,True,0.022548668813774597,0.006768787832537559,0.0,0.001732485937910717,0.0009055282058883688,4816.0,0.003122734368416331,5.5617283502350725,100.0,True
1900800251105058991,QCOM,False,,53,partial,True,-0.006359112798702049,0.0012102108480923897,0.0,0.001732485937910717,0.0009055282058883688,4816.0,0.003122734368416331,-0.5767629174023895,34.8421926910299,False
1899959924555485502,QCOM,False,,49,partial,True,0.018030212704904347,0.001498097376690121,0.0,0.001732485937910717,0.0009055282058883688,4816.0,0.003122734368416331,-0.258841811548707,55.211794019933556,False
1899948377347154182,QCOM,False,,49,partial,True,0.018030212704904347,0.001498097376690121,0.0,0.001732485937910717,0.0009055282058883688,4816.0,0.003122734368416331,-0.258841811548707,55.211794019933556,False
1899238812942999776,QCOM,False,,58,partial,True,-0.019065365140254364,0.002207505027623074,0.0,0.001732485937910717,0.0009055282058883688,4816.0,0.003122734368416331,0.5245768012784755,73.71262458471762,False
1898135403930230974,QCOM,False,,58,partial,True,-0.019065365140254364,0.002207505027623074,0.0,0.001732485937910717,0.0009055282058883688,4816.0,0.003122734368416331,0.5245768012784755,73.71262458471762,False
1898085262376538545,QCOM,True,"jobs_report(ALL, 2025-03-07 13:30:00+00:00->2025-03-07 21:00:00+00:00)",56,partial,False,0.0031357302140866405,0.0008157704142625142,4.0,0.0009476882220797412,0.0005636901752572568,2138.0,0.001418950593795801,-0.23402538062158418,51.12254443405051,False
1897711997778903443,QCOM,False,,55,partial,True,-9.396195904010085e-06,0.0009527063332770948,3.0,0.001134792953688542,0.0005617187407871956,1807.0,0.001906119446027666,-0.3241597746165099,42.28002213613725,False
1897693955824792048,QCOM,False,,58,partial,True,0.0003282843965652926,0.0010531357259932494,2.0,0.0013220627764260018,0.0006958446398886958,1733.0,0.0020854948053090953,-0.38647570882455706,37.96884016156953,False
1897411815929475272,QCOM,False,,59,partial,True,-1.371588727117068e-05,0.0013268627949773052,0.0,0.001732485937910717,0.0009055282058883688,4816.0,0.003122734368416331,-0.4479409258549545,43.14784053156146,False
1897361721838198914,QCOM,False,,45,partial,True,0.0053063351537270265,0.0009146486472180023,4.0,0.0009476882220797412,0.0005636901752572568,2138.0,0.001418950593795801,-0.058613004646852956,60.056127221702525,False
1897351862925599227,QCOM,False,,36,partial,True,0.00352646570139048,0.0010952907066506075,3.0,0.001134792953688542,0.0005617187407871956,1807.0,0.001906119446027666,-0.07032389017780641,55.39568345323741,False
1896630503308247134,QCOM,False,,47,partial,True,0.0007542920125185315,0.0010311539931119511,4.0,0.0009476882220797412,0.0005636901752572568,2138.0,0.001418950593795801,0.14807029587506612,65.90271281571563,False
1890472994436243707,QCOM,False,,48,partial,True,0.0022543710803444306,0.0003445931726033245,4.0,0.0009476882220797412,0.0005636901752572568,2138.0,0.001418950593795801,-1.0699051996093003,0.7015902712815716,False
1888004670809047367,QCOM,False,,49,partial,True,0.0040660678168296105,0.0015505589795273907,0.0,0.001732485937910717,0.0009055282058883688,4816.0,0.003122734368416331,-0.20090700344871837,57.412790697674424,False
1885540822747406372,QCOM,False,,60,complete,True,-0.0024995214427540047,0.001446462954855311,0.0,0.001732485937910717,0.0009055282058883688,4816.0,0.003122734368416331,-0.31586314064596466,52.2217607973422,False
1885417368865955954,QCOM,False,,59,partial,True,0.00022296514847985893,0.001045123620309361,5.0,0.0010843439815498878,0.0007001409905529,2330.0,0.001639212923495502,-0.056017804656108734,57.42489270386266,False
1884650574316204399,QCOM,False,,41,partial,True,0.0014036686038408908,0.0008151943072034455,2.0,0.0013220627764260018,0.0006958446398886958,1733.0,0.0020854948053090953,-0.7284218921390738,23.889209463358338,False
1882454494589624601,QCOM,False,,51,partial,True,0.005484739373215364,0.0006269550817641056,1.0,0.0014049941536428139,0.0008717321533434989,3575.0,0.0024544828179355513,-0.8925207919595096,13.202797202797203,False
1882444244796768710,QCOM,False,,54,partial,True,0.005089563869903113,0.000812899851379604,0.0,0.001732485937910717,0.0009055282058883688,4816.0,0.003122734368416331,-1.0155245088461409,9.364617940199334,False
1882439604768215166,QCOM,False,,55,partial,True,0.0041547760922722166,0.0008560957056247684,0.0,0.001732485937910717,0.0009055282058883688,4816.0,0.003122734368416331,-0.967822124796395,11.565614617940199,False
1882377738725544305,QCOM,False,,54,partial,True,0.005894736023448255,0.0009167815218876065,0.0,0.001732485937910717,0.0009055282058883688,4816.0,0.003122734368416331,-0.9008050889180899,16.590531561461795,False
1882373967127933007,QCOM,False,,54,partial,True,0.005894736023448255,0.0009167815218876065,0.0,0.001732485937910717,0.0009055282058883688,4816.0,0.003122734368416331,-0.9008050889180899,16.590531561461795,False
1882183346824036392,QCOM,False,,54,partial,True,0.005894736023448255,0.0009167815218876065,0.0,0.001732485937910717,0.0009055282058883688,4816.0,0.003122734368416331,-0.9008050889180899,16.590531561461795,False
1882182667632095735,QCOM,False,,54,partial,True,0.005894736023448255,0.0009167815218876065,0.0,0.001732485937910717,0.0009055282058883688,4816.0,0.003122734368416331,-0.9008050889180899,16.590531561461795,False
1881836421520007604,QCOM,False,,57,partial,True,0.011157326501893605,0.001348744568340521,0.0,0.001732485937910717,0.0009055282058883688,4816.0,0.003122734368416331,-0.42377627452667405,44.642857142857146,False
1881835414656549313,QCOM,False,,57,partial,True,0.011157326501893605,0.001348744568340521,0.0,0.001732485937910717,0.0009055282058883688,4816.0,0.003122734368416331,-0.42377627452667405,44.642857142857146,False
1881833898839290354,QCOM,False,,57,partial,True,0.011157326501893605,0.001348744568340521,0.0,0.001732485937910717,0.0009055282058883688,4816.0,0.003122734368416331,-0.42377627452667405,44.642857142857146,False
1881388865614942516,QCOM,False,,48,partial,True,0.009535729440815377,0.0016458558096049626,0.0,0.001732485937910717,0.0009055282058883688,4816.0,0.003122734368416331,-0.09566806173725513,60.65199335548173,False
1879749726842814640,QCOM,False,,52,partial,True,-0.006394370476544342,0.0015381447513856522,0.0,0.001732485937910717,0.0009055282058883688,4816.0,0.003122734368416331,-0.21461638109263115,57.14285714285714,False
1877874836069900596,QCOM,False,,55,partial,True,-0.0006218998879322646,0.0014050934116262414,0.0,0.001732485937910717,0.0009055282058883688,4816.0,0.003122734368416331,-0.3615486786116032,49.52242524916943,False
1877438270612603226,QCOM,True,"jobs_report(ALL, 2025-01-10 13:30:00+00:00->2025-01-10 21:00:00+00:00)",56,partial,False,0.0027524910647428458,0.0016885382172255807,0.0,0.001732485937910717,0.0009055282058883688,4816.0,0.003122734368416331,-0.04853269108500197,62.02242524916943,False
1877097533719326850,QCOM,False,,1,insufficient,False,0.0026310772785310688,,6.0,,,,,,,False
1873809865522708537,QCOM,False,,52,partial,True,-0.0025464919187446755,0.0004211089758866379,4.0,0.0009476882220797412,0.0005636901752572568,2138.0,0.001418950593795801,-0.934164314559471,4.583723105706268,False
1873809864147034411,QCOM,False,,52,partial,True,-0.0025464919187446755,0.0004211089758866379,4.0,0.0009476882220797412,0.0005636901752572568,2138.0,0.001418950593795801,-0.934164314559471,4.583723105706268,False
1872711206152356057,QCOM,False,,34,partial,True,0.0028515627503764573,0.0005384973490122691,4.0,0.0009476882220797412,0.0005636901752572568,2138.0,0.001418950593795801,-0.7259145023784132,14.967259120673527,False
1871934174573081021,QCOM,False,,25,insufficient,False,-0.0007011732492785416,0.001521333612630016,0.0,0.001732485937910717,0.0009055282058883688,4816.0,0.003122734368416331,-0.23318138950023073,56.748338870431894,False
1866218763487424550,QCOM,False,,28,partial,True,0.00037654739376813406,0.0008011336554193168,6.0,,,,,,,False
1866188916732416116,QCOM,False,,40,partial,True,0.001956346449589641,0.0005835940692077647,4.0,0.0009476882220797412,0.0005636901752572568,2138.0,0.001418950593795801,-0.6459118303876971,19.738072965388213,False
1862143157749915990,QCOM,False,,56,partial,True,0.02016006063996789,0.0011016500759854562,0.0,0.001732485937910717,0.0009055282058883688,4816.0,0.003122734368416331,-0.6966495994527072,28.716777408637874,False
1861433482452341200,QCOM,False,,59,partial,True,-0.01289226529751486,0.0008086378636914634,1.0,0.0014049941536428139,0.0008717321533434989,3575.0,0.0024544828179355513,-0.684104960066055,28.923076923076923,False
1860710468337430668,QCOM,False,,54,partial,True,0.006969556201567251,0.0012679189735956117,0.0,0.001732485937910717,0.0009055282058883688,4816.0,0.003122734368416331,-0.5130342283036249,39.098837209302324,False
1860020035810693614,QCOM,False,,33,partial,True,0.00035173845506752954,0.0007186383549923833,3.0,0.001134792953688542,0.0005617187407871956,1807.0,0.001906119446027666,-0.7408593811788393,27.504150525733262,False
1860020033709285498,QCOM,False,,33,partial,True,0.00035173845506752954,0.0007186383549923833,3.0,0.001134792953688542,0.0005617187407871956,1807.0,0.001906119446027666,-0.7408593811788393,27.504150525733262,False
1860020031314362618,QCOM,False,,33,partial,True,0.00035173845506752954,0.0007186383549923833,3.0,0.001134792953688542,0.0005617187407871956,1807.0,0.001906119446027666,-0.7408593811788393,27.504150525733262,False
1858850089256841612,QCOM,False,,56,partial,True,-0.00043231593879655694,0.0015076464595325807,0.0,0.001732485937910717,0.0009055282058883688,4816.0,0.003122734368416331,-0.24829649360017164,56.00083056478405,False
1858598139357524192,QCOM,False,,59,partial,True,0.0036242393863781253,0.00048772444970549103,5.0,0.0010843439815498878,0.0007001409905529,2330.0,0.001639212923495502,-0.8521419826787279,8.669527896995708,False
1858598137079676978,QCOM,False,,59,partial,True,0.0036242393863781253,0.00048772444970549103,5.0,0.0010843439815498878,0.0007001409905529,2330.0,0.001639212923495502,-0.8521419826787279,8.669527896995708,False
1856830227424710803,QCOM,False,,58,partial,True,0.021608429536366436,0.00156973950379826,0.0,0.001732485937910717,0.0009055282058883688,4816.0,0.003122734368416331,-0.17972541667301742,58.01495016611295,False
1856041040291217654,QCOM,False,,27,insufficient,False,0.0003529657614875781,0.0005698784557615334,3.0,0.001134792953688542,0.0005617187407871956,1807.0,0.001906119446027666,-1.005689247852643,13.835085777531821,False
1856029758083178814,QCOM,False,,41,partial,True,-0.0019376092183865934,0.0005908537952077192,3.0,0.001134792953688542,0.0005617187407871956,1807.0,0.001906119446027666,-0.968347891897898,15.163254012174876,False
1854199310499340631,QCOM,False,,58,partial,True,0.003444107876526159,0.0008348571854087934,1.0,0.0014049941536428139,0.0008717321533434989,3575.0,0.0024544828179355513,-0.654027691931839,30.76923076923077,False
1853929697023082972,QCOM,False,,58,partial,True,0.007009885384679393,0.0019007926395579263,0.0,0.001732485937910717,0.0009055282058883688,4816.0,0.003122734368416331,0.18586577486240968,67.19269102990033,False
1852076606682206528,QCOM,False,,5,insufficient,False,-0.0008318328656068408,0.0011251288415415135,6.0,,,,,,,False
1852076605046427698,QCOM,False,,5,insufficient,False,-0.0008318328656068408,0.0011251288415415135,6.0,,,,,,,False
1852076603377095034,QCOM,False,,5,insufficient,False,-0.0008318328656068408,0.0011251288415415135,6.0,,,,,,,False
1852076601888194991,QCOM,False,,5,insufficient,False,-0.0008318328656068408,0.0011251288415415135,6.0,,,,,,,False
1852076598234878458,QCOM,False,,5,insufficient,False,-0.0008318328656068408,0.0011251288415415135,6.0,,,,,,,False
1852009552897806493,QCOM,False,,59,partial,True,-0.0021602176311187327,0.0007580890407349552,1.0,0.0014049941536428139,0.0008717321533434989,3575.0,0.0024544828179355513,-0.7420916051182421,23.524475524475523,False
1851712928451563792,QCOM,False,,11,insufficient,False,-0.00377195553566545,0.0005860586981668109,6.0,,,,,,,False
1851683234486038754,QCOM,False,,52,partial,True,-0.0052315026805536124,0.0003821548894102481,4.0,0.0009476882220797412,0.0005636901752572568,2138.0,0.001418950593795801,-1.0032698058137968,2.525724976613658,False
1851326586471268821,QCOM,False,,47,partial,True,0.004705222796051123,0.00031875295391756755,4.0,0.0009476882220797412,0.0005636901752572568,2138.0,0.001418950593795801,-1.115746372331468,0.6548175865294669,False
1851326584101515385,QCOM,False,,47,partial,True,0.004705222796051123,0.00031875295391756755,4.0,0.0009476882220797412,0.0005636901752572568,2138.0,0.001418950593795801,-1.115746372331468,0.6548175865294669,False
1850943664597651734,QCOM,False,,39,partial,True,-0.004726596650328707,0.0006083827911828369,3.0,0.001134792953688542,0.0005617187407871956,1807.0,0.001906119446027666,-0.93714189020646,16.27006087437742,False
1849888407725752802,QCOM,False,,57,partial,True,-0.002735013786391738,0.0007283003552588561,5.0,0.0010843439815498878,0.0007001409905529,2330.0,0.001639212923495502,-0.5085313259688805,30.90128755364807,False
1849864484078354956,QCOM,False,,48,partial,True,-0.004056241907031244,0.0009214357532704176,3.0,0.001134792953688542,0.0005617187407871956,1807.0,0.001906119446027666,-0.379829236459379,40.066408411732155,False
1849210440993354015,QCOM,False,,57,partial,True,0.0017037769223982036,0.0014025819079668711,0.0,0.001732485937910717,0.0009055282058883688,4816.0,0.003122734368416331,-0.36432220200164095,49.41860465116279,False
1849204814418468972,QCOM,False,,57,partial,True,0.0017037769223982036,0.0014025819079668711,0.0,0.001732485937910717,0.0009055282058883688,4816.0,0.003122734368416331,-0.36432220200164095,49.41860465116279,False
1849096439940644909,QCOM,False,,47,partial,True,-0.0030007051195343193,0.0008300575931466692,1.0,0.0014049941536428139,0.0008717321533434989,3575.0,0.0024544828179355513,-0.6595335026831294,30.48951048951049,False
1848909732331069866,QCOM,False,,57,partial,True,-0.01585271539469757,0.0016178904856627404,0.0,0.001732485937910717,0.0009055282058883688,4816.0,0.003122734368416331,-0.12655094728446661,60.00830564784053,False
1848866393338613839,QCOM,False,,57,partial,True,-0.01585271539469757,0.0016178904856627404,0.0,0.001732485937910717,0.0009055282058883688,4816.0,0.003122734368416331,-0.12655094728446661,60.00830564784053,False
1848809969422110771,QCOM,False,,26,insufficient,False,0.001421446288485284,0.0005174144035917863,6.0,,,,,,,False
1848799996260585558,QCOM,False,,59,partial,True,0.004554125308793955,0.0005747531449039903,5.0,0.0010843439815498878,0.0007001409905529,2330.0,0.001639212923495502,-0.727840311482798,18.88412017167382,False
1848463245092467026,QCOM,False,,58,partial,True,0.012948518525499497,0.0011220304512522677,0.0,0.001732485937910717,0.0009055282058883688,4816.0,0.003122734368416331,-0.6741429838284956,30.10797342192691,False
1848457143927615530,QCOM,False,,58,partial,True,0.012948518525499497,0.0011220304512522677,0.0,0.001732485937910717,0.0009055282058883688,4816.0,0.003122734368416331,-0.6741429838284956,30.10797342192691,False
1848441369389633687,QCOM,False,,47,partial,True,0.006479402470406681,0.0005830417109988424,5.0,0.0010843439815498878,0.0007001409905529,2330.0,0.001639212923495502,-0.7160018872129853,19.871244635193133,False
1848204446683066580,QCOM,False,,46,partial,True,-0.007935530395593915,0.001137396806735088,0.0,0.001732485937910717,0.0009055282058883688,4816.0,0.003122734368416331,-0.6571734897995989,31.25,False
1848185252239303044,QCOM,False,,46,partial,True,-0.007935530395593915,0.001137396806735088,0.0,0.001732485937910717,0.0009055282058883688,4816.0,0.003122734368416331,-0.6571734897995989,31.25,False
1845135794580734347,QCOM,False,,50,partial,True,0.008206194451686688,0.0009461411886625606,0.0,0.001732485937910717,0.0009055282058883688,4816.0,0.003122734368416331,-0.8683823917739951,18.812292358803987,False
1843321386946724169,QCOM,False,,34,partial,True,0.00046438071373422485,0.0006512258460305695,2.0,0.0013220627764260018,0.0006958446398886958,1733.0,0.0020854948053090953,-0.9640613607410073,13.964223889209462,False
1841611740699902131,QCOM,False,,44,partial,True,-0.004097104207207991,0.0019103023087284684,0.0,0.001732485937910717,0.0009055282058883688,4816.0,0.003122734368416331,0.19636756719610363,67.48338870431894,False
1836084806117134699,QCOM,False,,49,partial,True,0.003958926658060746,0.0010729012827864757,3.0,0.001134792953688542,0.0005617187407871956,1807.0,0.001906119446027666,-0.11018267045057267,53.23741007194245,False
1835819956727857551,QCOM,False,,57,partial,True,0.0055471412723522295,0.0013164107437456014,0.0,0.001732485937910717,0.0009055282058883688,4816.0,0.003122734368416331,-0.459483416926726,42.29651162790697,False
1835803853062836666,QCOM,False,,57,partial,True,0.0055471412723522295,0.0013164107437456014,0.0,0.001732485937910717,0.0009055282058883688,4816.0,0.003122734368416331,-0.459483416926726,42.29651162790697,False
1834003482476744904,QCOM,False,,57,partial,True,-0.010790406019495435,0.001653773227631952,0.0,0.001732485937910717,0.0009055282058883688,4816.0,0.003122734368416331,-0.0869246366561755,60.75581395348837,False
1833918398453219353,QCOM,True,"cpi(ALL, 2024-09-11 12:30:00+00:00->2024-09-11 20:00:00+00:00)",60,complete,False,0.0036227828667723116,0.0007418272650926733,3.0,0.001134792953688542,0.0005617187407871956,1807.0,0.001906119446027666,-0.6995773152328235,29.219701162147203,False
1831633680315355438,QCOM,False,,59,partial,True,-0.00667313285157245,0.001528173120562867,0.0,0.001732485937910717,0.0009055282058883688,4816.0,0.003122734368416331,-0.22562833053599773,56.935215946843854,False
1831581873325146143,QCOM,False,,59,partial,True,-0.00667313285157245,0.001528173120562867,0.0,0.001732485937910717,0.0009055282058883688,4816.0,0.003122734368416331,-0.22562833053599773,56.935215946843854,False
1831262426106343438,QCOM,False,,60,complete,True,0.014191456036992012,0.0023280573664855326,0.0,0.001732485937910717,0.0009055282058883688,4816.0,0.003122734368416331,0.6577061042405963,75.35299003322258,False
1830903867766145359,QCOM,False,,60,complete,True,-0.025545003887123885,0.0016156166426127302,0.0,0.001732485937910717,0.0009055282058883688,4816.0,0.003122734368416331,-0.129062015449129,59.94601328903655,False
1830610380424712509,QCOM,False,,60,complete,True,-0.025545003887123885,0.0016156166426127302,0.0,0.001732485937910717,0.0009055282058883688,4816.0,0.003122734368416331,-0.129062015449129,59.94601328903655,False
1830493776919368008,QCOM,False,,60,complete,True,-0.025545003887123885,0.0016156166426127302,0.0,0.001732485937910717,0.0009055282058883688,4816.0,0.003122734368416331,-0.129062015449129,59.94601328903655,False
1828801208938827794,QCOM,False,,60,complete,True,-0.01521072768091547,0.001093659234811957,0.0,0.001732485937910717,0.0009055282058883688,4816.0,0.003122734368416331,-0.7054741077579563,28.301495016611295,False
1828460988112478638,QCOM,False,,59,partial,True,0.004388546518676151,0.0005319762258640818,2.0,0.0013220627764260018,0.0006958446398886958,1733.0,0.0020854948053090953,-1.1354352757366915,7.270628967109059,False
1828101623337656606,QCOM,False,,60,complete,True,-0.000650566032128097,0.0005634211576811734,2.0,0.0013220627764260018,0.0006958446398886958,1733.0,0.0020854948053090953,-1.090245688845397,9.290248124639353,False
1826647244575240290,QCOM,False,,58,partial,True,0.0061905508632329465,0.0009850194626679972,2.0,0.0013220627764260018,0.0006958446398886958,1733.0,0.0020854948053090953,-0.48436575413143446,33.87189844200808,False
1824233907681890717,QCOM,False,,59,partial,True,-0.005175547834654348,0.001253787409692458,0.0,0.001732485937910717,0.0009055282058883688,4816.0,0.003122734368416331,-0.5286401076249542,38.06063122923588,False
1824149760523243790,QCOM,False,,59,partial,True,-0.005974518006387819,0.0007013450328062363,4.0,0.0009476882220797412,0.0005636901752572568,2138.0,0.001418950593795801,-0.4370187739409844,34.79887745556595,False
1823796801176297492,QCOM,True,"cpi(ALL, 2024-08-14 12:30:00+00:00->2024-08-14 20:00:00+00:00)",58,partial,False,0.0021868150153787624,0.0007217704868376132,5.0,0.0010843439815498878,0.0007001409905529,2330.0,0.001639212923495502,-0.5178578309290975,30.643776824034337,False
1823465802227450310,QCOM,True,"cpi(ALL, 2024-08-14 12:30:00+00:00->2024-08-14 20:00:00+00:00)",60,complete,False,-0.02176887673273309,0.001755196533627858,0.0,0.001732485937910717,0.0009055282058883688,4816.0,0.003122734368416331,0.025079942921116132,64.16112956810632,False
1823434481363247279,QCOM,False,,59,partial,True,0.007424255861103957,0.0008067593161542887,5.0,0.0010843439815498878,0.0007001409905529,2330.0,0.001639212923495502,-0.39646966702576714,39.05579399141631,False
1823058215476899951,QCOM,False,,60,complete,True,-0.00045993410739941787,0.0006520451664186259,4.0,0.0009476882220797412,0.0005636901752572568,2138.0,0.001418950593795801,-0.5244779289016166,26.23947614593078,False
1820579508682145835,QCOM,False,,57,partial,True,-0.0003445376782234,0.0027418690658651728,0.0,0.001732485937910717,0.0009055282058883688,4816.0,0.003122734368416331,1.1146898808791936,82.1843853820598,False
1819149489342763078,QCOM,True,"jobs_report(ALL, 2024-08-02 12:30:00+00:00->2024-08-02 20:00:00+00:00)",60,complete,False,0.01699797506637757,0.0034260927920241203,0.0,0.001732485937910717,0.0009055282058883688,4816.0,0.003122734368416331,1.8702971846712269,94.16528239202658,True
1819070403123597550,QCOM,True,"earnings(QCOM, 2024-07-31 20:00:00+00:00->2024-08-01 20:00:00+00:00)",60,complete,False,-0.015360224286875002,0.0012251638325443278,4.0,0.0009476882220797412,0.0005636901752572568,2138.0,0.001418950593795801,0.4922484418642782,80.07483629560338,False
1818776067135643649,QCOM,True,"earnings(QCOM, 2024-07-31 20:00:00+00:00->2024-08-01 20:00:00+00:00)",50,partial,False,-0.053068125895398555,0.004343908148171629,,,,,,,,False
1818687573868659132,QCOM,False,,59,partial,True,-0.004587937498203631,0.0007350276163136268,3.0,0.001134792953688542,0.0005617187407871956,1807.0,0.001906119446027666,-0.7116823925345304,28.721638074156058,False
1818411073638482059,QCOM,False,,60,complete,True,0.027570115580071386,0.0022049957230881982,0.0,0.001732485937910717,0.0009055282058883688,4816.0,0.003122734368416331,0.5218057064428218,73.69186046511628,False
1816885049075335568,QCOM,False,,58,partial,True,-0.003361653448330948,0.001066441217721652,3.0,0.001134792953688542,0.0005617187407871956,1807.0,0.001906119446027666,-0.12168320371704443,52.462645268400664,False
1816523129126314396,QCOM,False,,59,partial,True,0.0007343163623625415,0.0010758022917264909,3.0,0.001134792953688542,0.0005617187407871956,1807.0,0.001906119446027666,-0.10501814819171101,53.680132816823466,False
1812979205832839255,QCOM,False,,59,partial,True,-0.004630325855424666,0.0015078913179731432,0.0,0.001732485937910717,0.0009055282058883688,4816.0,0.003122734368416331,-0.24802608960947287,56.00083056478405,False
1812942714905755768,QCOM,False,,59,partial,True,-0.004630325855424666,0.0015078913179731432,0.0,0.001732485937910717,0.0009055282058883688,4816.0,0.003122734368416331,-0.24802608960947287,56.00083056478405,False
1812912531117166937,QCOM,False,,49,partial,True,0.002825156875130297,0.0006976358718158141,4.0,0.0009476882220797412,0.0005636901752572568,2138.0,0.001418950593795801,-0.4435989152193548,34.284377923292794,False
1812517278237536480,QCOM,False,,58,partial,True,0.01658416147473485,0.001456979365800669,0.0,0.001732485937910717,0.0009055282058883688,4816.0,0.003122734368416331,-0.3042495753511754,52.886212624584715,False
1811883285670154734,QCOM,False,,58,partial,True,0.01658416147473485,0.001456979365800669,0.0,0.001732485937910717,0.0009055282058883688,4816.0,0.003122734368416331,-0.3042495753511754,52.886212624584715,False
1811868188067484089,QCOM,False,,58,partial,True,0.01658416147473485,0.001456979365800669,0.0,0.001732485937910717,0.0009055282058883688,4816.0,0.003122734368416331,-0.3042495753511754,52.886212624584715,False
1811837999665016915,QCOM,False,,56,partial,True,-0.011159992512765227,0.0007862687203939472,5.0,0.0010843439815498878,0.0007001409905529,2330.0,0.001639212923495502,-0.42573605199225817,36.60944206008584,False
1811817809875243201,QCOM,False,,53,partial,True,0.006427208985992694,0.0005069817006583991,4.0,0.0009476882220797412,0.0005636901752572568,2138.0,0.001418950593795801,-0.781824024554291,11.131898971000934,False
1808876670549401695,QCOM,True,"jobs_report(ALL, 2024-07-05 12:30:00+00:00->2024-07-05 20:00:00+00:00)",1,insufficient,False,,,,,,,,,,False
1808514534174560631,QCOM,False,,53,partial,True,0.006090018445497947,0.0006318603874843001,1.0,0.0014049941536428139,0.0008717321533434989,3575.0,0.0024544828179355513,-0.8868937129291212,13.566433566433567,False
1808152901422141556,QCOM,False,,56,partial,True,-0.004570418891416517,0.0006039742895285036,1.0,0.0014049941536428139,0.0008717321533434989,3575.0,0.0024544828179355513,-0.9188830090091619,10.48951048951049,False
1807791281374192093,QCOM,False,,50,partial,True,0.00522358826676661,0.0006594204504320744,1.0,0.0014049941536428139,0.0008717321533434989,3575.0,0.0024544828179355513,-0.8552784250886204,16.41958041958042,False
1806826769837945235,QCOM,False,,56,partial,True,-0.007454632162847363,0.0016082310641586089,0.0,0.001732485937910717,0.0009055282058883688,4816.0,0.003122734368416331,-0.1372181152879802,59.73837209302325,False
2078234040646218181,SHOP,False,,0,insufficient,False,,,,,,,,,,False
2078200377309090285,SHOP,False,,30,partial,True,-0.0019928424337259942,0.0007775284947814354,6.0,,,,,,,False
2078100488017334434,SHOP,False,,54,partial,True,-0.015150487815438485,0.0027123749978072527,0.0,0.0021830597770019144,0.0010972910583416315,4468.0,0.003316890727823291,0.4823836089627013,79.7224709042077,False
2077862721563828422,SHOP,False,,54,partial,True,-0.015150487815438485,0.0027123749978072527,0.0,0.0021830597770019144,0.0010972910583416315,4468.0,0.003316890727823291,0.4823836089627013,79.7224709042077,False
2077843264409944092,SHOP,False,,9,insufficient,False,-0.003434713573308601,0.0010495499901992894,6.0,,,,,,,False
2077427804631650737,SHOP,False,,52,partial,True,-0.009333252737582454,0.0009382451749010821,2.0,0.0014747561151007857,0.0006296761045464006,2272.0,0.0025959379889743932,-0.8520427189883434,20.554577464788732,False
2077397393801150864,SHOP,False,,57,partial,True,0.02123137807526232,0.0016727274235798372,0.0,0.0021830597770019144,0.0010972910583416315,4468.0,0.003316890727823291,-0.46508385313314926,37.04118173679499,False
2077043524172755148,SHOP,False,,50,partial,True,-0.0013625603385646334,0.0013995609412637581,1.0,0.0016618307674977708,0.0008094845583133122,3332.0,0.0025068289212535387,-0.3239960831130528,40.216086434573825,False
2076874033522495636,SHOP,False,,53,partial,True,-0.0021616885409336817,0.0028573211238115573,0.0,0.0021830597770019144,0.0010972910583416315,4468.0,0.003316890727823291,0.6144781201704806,82.2515666965085,False
2076112365402169373,SHOP,False,,40,partial,True,0.006515912232128218,0.0029426120748330346,,,,,,,,False
2076097329610850724,SHOP,False,,40,partial,True,0.006515912232128218,0.0029426120748330346,,,,,,,,False
2074493694137258222,SHOP,False,,58,partial,True,-0.0037612815559591173,0.0018929680769049937,0.0,0.0021830597770019144,0.0010972910583416315,4468.0,0.003316890727823291,-0.2643707864851691,49.59713518352731,False
2073776496859082949,SHOP,False,,59,partial,True,-0.032344436958115175,0.0025677694832377503,0.0,0.0021830597770019144,0.0010972910583416315,4468.0,0.003316890727823291,0.3505995089554991,76.6338406445837,False
2072368961795039694,SHOP,False,,57,partial,True,0.0029588868028875837,0.0006359901058719447,3.0,0.0014734619751447392,0.001171180151806253,1872.0,0.0023870645160023445,-0.7150666513441192,4.967948717948718,False
2072311562220576905,SHOP,False,,60,complete,True,0.050094980470893336,0.0030045977243665497,0.0,0.0021830597770019144,0.0010972910583416315,4468.0,0.003316890727823291,0.7486964749409787,84.46732318710832,False
2072311376295379123,SHOP,False,,60,complete,True,0.050094980470893336,0.0030045977243665497,0.0,0.0021830597770019144,0.0010972910583416315,4468.0,0.003316890727823291,0.7486964749409787,84.46732318710832,False
2072013455394062434,SHOP,False,,54,partial,True,-0.006910842384819538,0.0006748063111587171,4.0,0.0013470067229900834,0.000850454886297098,2585.0,0.0021921378277236256,-0.7904010226317163,9.555125725338492,False
2070576615852024289,SHOP,False,,53,partial,True,0.0018977019340821188,0.0010013623399328369,5.0,0.0011814904504143394,0.0005788969127489584,2397.0,0.001969054886829111,-0.3111574902449272,51.18898623279099,False
2070196046106349977,SHOP,False,,48,partial,True,-4.680960447012161e-05,0.0013179729092150446,3.0,0.0014734619751447392,0.001171180151806253,1872.0,0.0023870645160023445,-0.13276272287392468,59.56196581196581,False
2069956584495591537,SHOP,False,,60,complete,True,0.002854240650115525,0.003119408854202123,0.0,0.0021830597770019144,0.0010972910583416315,4468.0,0.003316890727823291,0.8533279024576583,86.83974932855864,False
2068471946237358379,SHOP,False,,60,complete,True,-0.00036077601215256383,0.003241804903473899,0.0,0.0021830597770019144,0.0010972910583416315,4468.0,0.003316890727823291,0.9648717342799618,88.5183527305282,False
2068462305398899059,SHOP,False,,60,complete,True,-0.00036077601215256383,0.003241804903473899,0.0,0.0021830597770019144,0.0010972910583416315,4468.0,0.003316890727823291,0.9648717342799618,88.5183527305282,False
2068372053766369290,SHOP,False,,60,complete,True,-0.00036077601215256383,0.003241804903473899,0.0,0.0021830597770019144,0.0010972910583416315,4468.0,0.003316890727823291,0.9648717342799618,88.5183527305282,False
2067687737868640720,SHOP,False,,43,partial,True,-0.005764521982563275,0.0011837332583783191,5.0,0.0011814904504143394,0.0005788969127489584,2397.0,0.001969054886829111,0.0038742786748153777,67.37588652482269,False
2067584164564512814,SHOP,False,,55,partial,True,-0.008487575262385305,0.0029460834464384964,0.0,0.0021830597770019144,0.0010972910583416315,4468.0,0.003316890727823291,0.695370351955444,83.61683079677708,False
2067277805507985796,SHOP,False,,47,partial,True,-0.0027644221762100907,0.0008223657054064789,2.0,0.0014747561151007857,0.0006296761045464006,2272.0,0.0025959379889743932,-1.0360729984573083,7.086267605633803,False
2067277793717805137,SHOP,False,,47,partial,True,-0.0027644221762100907,0.0008223657054064789,2.0,0.0014747561151007857,0.0006296761045464006,2272.0,0.0025959379889743932,-1.0360729984573083,7.086267605633803,False
2067277722691465501,SHOP,False,,47,partial,True,-0.0027644221762100907,0.0008223657054064789,2.0,0.0014747561151007857,0.0006296761045464006,2272.0,0.0025959379889743932,-1.0360729984573083,7.086267605633803,False
2067277638444753239,SHOP,False,,47,partial,True,-0.0027644221762100907,0.0008223657054064789,2.0,0.0014747561151007857,0.0006296761045464006,2272.0,0.0025959379889743932,-1.0360729984573083,7.086267605633803,False
2067277565929394645,SHOP,False,,47,partial,True,-0.002981273441878818,0.000812075433191517,2.0,0.0014747561151007857,0.0006296761045464006,2272.0,0.0025959379889743932,-1.0524151657091125,6.558098591549295,False
2067277489584701912,SHOP,False,,47,partial,True,-0.002981273441878818,0.000812075433191517,2.0,0.0014747561151007857,0.0006296761045464006,2272.0,0.0025959379889743932,-1.0524151657091125,6.558098591549295,False
2067277372035150322,SHOP,False,,47,partial,True,-0.002981273441878818,0.000812075433191517,2.0,0.0014747561151007857,0.0006296761045464006,2272.0,0.0025959379889743932,-1.0524151657091125,6.558098591549295,False
2067277302640361942,SHOP,False,,47,partial,True,-0.00413258292689811,0.0007925701907326068,2.0,0.0014747561151007857,0.0006296761045464006,2272.0,0.0025959379889743932,-1.0833917937216384,6.25,False
2067277220515922315,SHOP,False,,47,partial,True,-0.00413258292689811,0.0007925701907326068,2.0,0.0014747561151007857,0.0006296761045464006,2272.0,0.0025959379889743932,-1.0833917937216384,6.25,False
2067277141990056114,SHOP,False,,47,partial,True,-0.00413258292689811,0.0007925701907326068,2.0,0.0014747561151007857,0.0006296761045464006,2272.0,0.0025959379889743932,-1.0833917937216384,6.25,False
2067003017480581157,SHOP,False,,58,partial,True,-0.005531811117151064,0.0027926232199630943,0.0,0.0021830597770019144,0.0010972910583416315,4468.0,0.003316890727823291,0.5555166410290732,81.15487914055505,False
2066904645767930043,SHOP,False,,29,partial,True,-0.007114104342124672,0.001178574379243894,1.0,0.0016618307674977708,0.0008094845583133122,3332.0,0.0025068289212535387,-0.5969927199856871,28.841536614645857,False
2066904633910640931,SHOP,False,,30,partial,True,-0.007127387377032446,0.0011581818692484606,1.0,0.0016618307674977708,0.0008094845583133122,3332.0,0.0025068289212535387,-0.6221846891048071,27.25090036014406,False
2066572580207636791,SHOP,False,,54,partial,True,-0.0014349853361182996,0.0005599968576089296,3.0,0.0014734619751447392,0.001171180151806253,1872.0,0.0023870645160023445,-0.779952696540338,3.205128205128205,False
2066546446036333001,SHOP,False,,60,complete,True,-0.006935873027598238,0.0008166643628769266,2.0,0.0014747561151007857,0.0006296761045464006,2272.0,0.0025959379889743932,-1.0451274035528604,6.690140845070422,False
2066493350039937093,SHOP,False,,46,partial,True,0.020471959999695644,0.002889893040118399,0.0,0.0021830597770019144,0.0010972910583416315,4468.0,0.003316890727823291,0.6441620550382894,82.63205013428828,False
2066449672026145193,SHOP,False,,46,partial,True,0.020471959999695644,0.002889893040118399,0.0,0.0021830597770019144,0.0010972910583416315,4468.0,0.003316890727823291,0.6441620550382894,82.63205013428828,False
2066257376991158384,SHOP,False,,46,partial,True,0.020471959999695644,0.002889893040118399,0.0,0.0021830597770019144,0.0010972910583416315,4468.0,0.003316890727823291,0.6441620550382894,82.63205013428828,False
2066251482832208367,SHOP,False,,46,partial,True,0.020471959999695644,0.002889893040118399,0.0,0.0021830597770019144,0.0010972910583416315,4468.0,0.003316890727823291,0.6441620550382894,82.63205013428828,False
2066197628975824924,SHOP,False,,46,partial,True,0.020471959999695644,0.002889893040118399,0.0,0.0021830597770019144,0.0010972910583416315,4468.0,0.003316890727823291,0.6441620550382894,82.63205013428828,False
2066044269534622087,SHOP,False,,46,partial,True,0.020471959999695644,0.002889893040118399,0.0,0.0021830597770019144,0.0010972910583416315,4468.0,0.003316890727823291,0.6441620550382894,82.63205013428828,False
2066037598208905245,SHOP,False,,46,partial,True,0.020471959999695644,0.002889893040118399,0.0,0.0021830597770019144,0.0010972910583416315,4468.0,0.003316890727823291,0.6441620550382894,82.63205013428828,False
2065729598977941955,SHOP,False,,46,partial,True,0.020471959999695644,0.002889893040118399,0.0,0.0021830597770019144,0.0010972910583416315,4468.0,0.003316890727823291,0.6441620550382894,82.63205013428828,False
2065713528162373705,SHOP,False,,46,partial,True,0.020471959999695644,0.002889893040118399,0.0,0.0021830597770019144,0.0010972910583416315,4468.0,0.003316890727823291,0.6441620550382894,82.63205013428828,False
2065520628057174414,SHOP,False,,15,insufficient,False,-1.3028932472458621e-05,0.0007141581204651959,6.0,,,,,,,False
2065384054652821981,SHOP,False,,13,insufficient,False,-0.019786064745810794,0.0033613145078444625,,,,,,,,False
2065351060143698307,SHOP,False,,13,insufficient,False,-0.019786064745810794,0.0033613145078444625,,,,,,,,False
2065342900427264484,SHOP,False,,13,insufficient,False,-0.019786064745810794,0.0033613145078444625,,,,,,,,False
2065111629742723104,SHOP,False,,45,partial,True,0.010971447101757903,0.0025788877156721207,3.0,0.0014734619751447392,0.001171180151806253,1872.0,0.0023870645160023445,0.9438562793456995,92.46794871794873,True
2064785896507875795,SHOP,True,"cpi(ALL, 2026-06-10 12:30:00+00:00->2026-06-10 20:00:00+00:00)",54,partial,False,-0.0024203094699418726,0.0009184658365059485,5.0,0.0011814904504143394,0.0005788969127489584,2397.0,0.001969054886829111,-0.4543548395506003,40.926157697121404,False
2064784637340070013,SHOP,True,"cpi(ALL, 2026-06-10 12:30:00+00:00->2026-06-10 20:00:00+00:00)",58,partial,False,-0.005106746367307791,0.0009135630894658899,5.0,0.0011814904504143394,0.0005788969127489584,2397.0,0.001969054886829111,-0.46282395889134326,40.13350020859407,False
2064651007158579416,SHOP,True,"cpi(ALL, 2026-06-10 12:30:00+00:00->2026-06-10 20:00:00+00:00)",55,partial,False,-0.016534329426782124,0.002975333250834108,0.0,0.0021830597770019144,0.0010972910583416315,4468.0,0.003316890727823291,0.7220267291976113,84.08683974932856,False
2064436578177397150,SHOP,False,,3,insufficient,False,0.0009195904676064792,0.00011337134460287501,6.0,,,,,,,False
2063340695297913005,SHOP,False,,43,partial,True,0.01457674701220757,0.005244732087257097,,,,,,,,False
2063319636758683668,SHOP,False,,43,partial,True,0.01457674701220757,0.005244732087257097,,,,,,,,False
2063209546068205938,SHOP,False,,43,partial,True,0.01457674701220757,0.005244732087257097,,,,,,,,False
2062935998648942960,SHOP,True,"jobs_report(ALL, 2026-06-05 12:30:00+00:00->2026-06-05 20:00:00+00:00)",53,partial,False,-0.0051017323520388125,0.0006770754722973211,3.0,0.0014734619751447392,0.001171180151806253,1872.0,0.0023870645160023445,-0.6799863382411242,7.745726495726496,False
2062578615695364133,SHOP,False,,46,partial,True,-0.004674037016830557,0.0006989441698422301,3.0,0.0014734619751447392,0.001171180151806253,1872.0,0.0023870645160023445,-0.6613139781339435,9.882478632478632,False
2062316429211295774,SHOP,False,,57,partial,True,0.0349357988742065,0.002377941268206757,0.0,0.0021830597770019144,0.0010972910583416315,4468.0,0.003316890727823291,0.17760236878205557,70.0313339301701,False
2061957236167950646,SHOP,False,,58,partial,True,-0.022885335357884173,0.0015948862949291002,0.0,0.0021830597770019144,0.0010972910583416315,4468.0,0.003316890727823291,-0.5360232160842887,31.5129811996419,False
2061916071326613512,SHOP,False,,58,partial,True,-0.022885335357884173,0.0015948862949291002,0.0,0.0021830597770019144,0.0010972910583416315,4468.0,0.003316890727823291,-0.5360232160842887,31.5129811996419,False
2061581929049112803,SHOP,False,,58,partial,True,-0.04772314449260451,0.002584532730170913,0.0,0.0021830597770019144,0.0010972910583416315,4468.0,0.003316890727823291,0.36587644646968737,77.17099373321396,False
2059805480403587181,SHOP,False,,8,insufficient,False,0.009215381183947602,0.005189601905800921,,,,,,,,False
2059362089072787900,SHOP,False,,7,insufficient,False,0.0012707347829937765,0.0006426838698857289,6.0,,,,,,,False
2059026399030071806,SHOP,False,,60,complete,True,0.004774662440006683,0.002706490336970715,0.0,0.0021830597770019144,0.0010972910583416315,4468.0,0.003316890727823291,0.4770207102205651,79.61056401074306,False
2059004281638797476,SHOP,False,,60,complete,True,0.004774662440006683,0.002706490336970715,0.0,0.0021830597770019144,0.0010972910583416315,4468.0,0.003316890727823291,0.4770207102205651,79.61056401074306,False
2059002125682720919,SHOP,False,,60,complete,True,0.004774662440006683,0.002706490336970715,0.0,0.0021830597770019144,0.0010972910583416315,4468.0,0.003316890727823291,0.4770207102205651,79.61056401074306,False
2058641165830758433,SHOP,False,,60,complete,True,0.004774662440006683,0.002706490336970715,0.0,0.0021830597770019144,0.0010972910583416315,4468.0,0.003316890727823291,0.4770207102205651,79.61056401074306,False
2058599175982289095,SHOP,False,,60,complete,True,0.004774662440006683,0.002706490336970715,0.0,0.0021830597770019144,0.0010972910583416315,4468.0,0.003316890727823291,0.4770207102205651,79.61056401074306,False
2058308828848914713,SHOP,False,,60,complete,True,0.004774662440006683,0.002706490336970715,0.0,0.0021830597770019144,0.0010972910583416315,4468.0,0.003316890727823291,0.4770207102205651,79.61056401074306,False
2057978005000003819,SHOP,False,,60,complete,True,0.004774662440006683,0.002706490336970715,0.0,0.0021830597770019144,0.0010972910583416315,4468.0,0.003316890727823291,0.4770207102205651,79.61056401074306,False
2057813615005053062,SHOP,False,,58,partial,True,-0.003640439922018013,0.002359127780092632,0.0,0.0021830597770019144,0.0010972910583416315,4468.0,0.003316890727823291,0.1604569742478484,69.24798567591763,False
2057813294556106753,SHOP,False,,58,partial,True,-0.003640439922018013,0.002359127780092632,0.0,0.0021830597770019144,0.0010972910583416315,4468.0,0.003316890727823291,0.1604569742478484,69.24798567591763,False
2057809101669671312,SHOP,False,,58,partial,True,-0.003640439922018013,0.002359127780092632,0.0,0.0021830597770019144,0.0010972910583416315,4468.0,0.003316890727823291,0.1604569742478484,69.24798567591763,False
2057500244569473477,SHOP,False,,52,partial,True,0.01285337609315107,0.0015236399812521364,3.0,0.0014734619751447392,0.001171180151806253,1872.0,0.0023870645160023445,0.04284396899145721,72.32905982905983,False
2057484512024580379,SHOP,False,,50,partial,True,-0.00271974633875105,0.0008626864386620714,2.0,0.0014747561151007857,0.0006296761045464006,2272.0,0.0025959379889743932,-0.972038913370598,11.267605633802818,False
2057474133324095668,SHOP,False,,51,partial,True,0.003918143613794722,0.0010050824003677498,1.0,0.0016618307674977708,0.0008094845583133122,3332.0,0.0025068289212535387,-0.8113167328336183,16.926770708283314,False
2057470953471234071,SHOP,False,,52,partial,True,0.000695278213555639,0.0010979060137058193,1.0,0.0016618307674977708,0.0008094845583133122,3332.0,0.0025068289212535387,-0.6966467093170708,22.178871548619448,False
2057196657536553338,SHOP,False,,57,partial,True,-0.009925888208187295,0.001734232484508902,0.0,0.0021830597770019144,0.0010972910583416315,4468.0,0.003316890727823291,-0.40903212423086577,41.58460161145926,False
2057134907344777468,SHOP,False,,51,partial,True,-0.00023705240261007177,0.0011924278262765407,2.0,0.0014747561151007857,0.0006296761045464006,2272.0,0.0025959379889743932,-0.4483706572089561,37.36795774647887,False
2057108476560642402,SHOP,False,,51,partial,True,0.00839312270929371,0.0014330903368512502,1.0,0.0016618307674977708,0.0008094845583133122,3332.0,0.0025068289212535387,-0.2825754096200886,42.857142857142854,False
2057107846358049006,SHOP,False,,52,partial,True,0.011178600756962753,0.0014689434408742352,1.0,0.0016618307674977708,0.0008094845583133122,3332.0,0.0025068289212535387,-0.2382841335793317,44.5078031212485,False
2057094727380402683,SHOP,False,,52,partial,True,0.009227228635261042,0.002721252408332006,0.0,0.0021830597770019144,0.0010972910583416315,4468.0,0.003316890727823291,0.49047390593292384,79.87914055505819,False
2056895988195807428,SHOP,False,,51,partial,True,0.0063096546608440995,0.0037317972455858097,0.0,0.0021830597770019144,0.0010972910583416315,4468.0,0.003316890727823291,1.4114190185095905,94.7851387645479,True
2056560793034830011,SHOP,False,,60,complete,True,0.018524138586902605,0.0027890648998034513,0.0,0.0021830597770019144,0.0010972910583416315,4468.0,0.003316890727823291,0.552273818504828,81.06535362578335,False
2056514143872548929,SHOP,False,,60,complete,True,0.018524138586902605,0.0027890648998034513,0.0,0.0021830597770019144,0.0010972910583416315,4468.0,0.003316890727823291,0.552273818504828,81.06535362578335,False
2056331541895143469,SHOP,False,,60,complete,True,0.018371247742875463,0.0030373426066483853,0.0,0.0021830597770019144,0.0010972910583416315,4468.0,0.003316890727823291,0.7785380397955434,84.95971351835273,False
2056198717225464307,SHOP,False,,60,complete,True,0.018371247742875463,0.0030373426066483853,0.0,0.0021830597770019144,0.0010972910583416315,4468.0,0.003316890727823291,0.7785380397955434,84.95971351835273,False
2056115497226096716,SHOP,False,,60,complete,True,0.018371247742875463,0.0030373426066483853,0.0,0.0021830597770019144,0.0010972910583416315,4468.0,0.003316890727823291,0.7785380397955434,84.95971351835273,False
2055697492117708843,SHOP,False,,60,complete,True,0.018371247742875463,0.0030373426066483853,0.0,0.0021830597770019144,0.0010972910583416315,4468.0,0.003316890727823291,0.7785380397955434,84.95971351835273,False
2055657385318895695,SHOP,False,,60,complete,True,0.018371247742875463,0.0030373426066483853,0.0,0.0021830597770019144,0.0010972910583416315,4468.0,0.003316890727823291,0.7785380397955434,84.95971351835273,False
2055656117120778446,SHOP,False,,60,complete,True,0.018371247742875463,0.0030373426066483853,0.0,0.0021830597770019144,0.0010972910583416315,4468.0,0.003316890727823291,0.7785380397955434,84.95971351835273,False
2055300379739373975,SHOP,False,,60,complete,True,0.007279799241106777,0.0016645461877399697,1.0,0.0016618307674977708,0.0008094845583133122,3332.0,0.0025068289212535387,0.003354505301320165,61.13445378151261,False
2055285042193072457,SHOP,False,,60,complete,True,0.021190535795055032,0.002425251631334405,0.0,0.0021830597770019144,0.0010972910583416315,4468.0,0.003316890727823291,0.22071796948616573,71.68755595344673,False
2055097431847481660,SHOP,False,,60,complete,True,0.01933564539279886,0.0033626700210084366,0.0,0.0021830597770019144,0.0010972910583416315,4468.0,0.003316890727823291,1.075020374074042,90.75649059982095,True
2055051110604247413,SHOP,False,,60,complete,True,0.01933564539279886,0.0033626700210084366,0.0,0.0021830597770019144,0.0010972910583416315,4468.0,0.003316890727823291,1.075020374074042,90.75649059982095,True
2054291305790849334,SHOP,False,,60,complete,True,-0.02527126656940193,0.002203798831225169,0.0,0.0021830597770019144,0.0010972910583416315,4468.0,0.003316890727823291,0.01890023076885179,62.153088630259624,False
2053962576610935274,SHOP,True,"cpi(ALL, 2026-05-12 12:30:00+00:00->2026-05-12 20:00:00+00:00)",58,partial,False,0.011366851290652846,0.0022589501492379714,0.0,0.0021830597770019144,0.0010972910583416315,4468.0,0.003316890727823291,0.06916156990356993,64.88361683079677,False
2053473802193883353,SHOP,False,,60,complete,True,-0.04137701093084234,0.0020859738466986397,0.0,0.0021830597770019144,0.0010972910583416315,4468.0,0.003316890727823291,-0.08847782870845917,57.184422560429724,False
2053121182044451016,SHOP,False,,60,complete,True,-0.04137701093084234,0.0020859738466986397,0.0,0.0021830597770019144,0.0010972910583416315,4468.0,0.003316890727823291,-0.08847782870845917,57.184422560429724,False
2052714349471338867,SHOP,True,"jobs_report(ALL, 2026-05-08 12:30:00+00:00->2026-05-08 20:00:00+00:00)",60,complete,False,-0.03478002422289628,0.002416909566477882,0.0,0.0021830597770019144,0.0010972910583416315,4468.0,0.003316890727823291,0.21311555188410242,71.37421665174574,False
2052439738062123152,SHOP,False,,60,complete,True,0.005687490818549246,0.0014870274705103613,3.0,0.0014734619751447392,0.001171180151806253,1872.0,0.0023870645160023445,0.011582757225436852,71.74145299145299,False
2052369354851832005,SHOP,False,,60,complete,True,0.02201191339970565,0.00243714583302578,0.0,0.0021830597770019144,0.0010972910583416315,4468.0,0.003316890727823291,0.23155757453074774,72.11280214861236,False
2052138354620203174,SHOP,False,,4,insufficient,False,0.022389004049597316,0.0010392468217011897,,,,,,,,False
2052006315686310398,SHOP,False,,60,complete,True,-0.0020938453928440737,0.003546184030792287,0.0,0.0021830597770019144,0.0010972910583416315,4468.0,0.003316890727823291,1.2422631565507358,93.39749328558639,True
2050932144730460321,SHOP,False,,54,partial,True,0.006216291356007764,0.002887452660551787,0.0,0.0021830597770019144,0.0010972910583416315,4468.0,0.003316890727823291,0.6419380511625077,82.58728737690242,False
2050355012899881227,SHOP,False,,54,partial,True,0.006216291356007764,0.002887452660551787,0.0,0.0021830597770019144,0.0010972910583416315,4468.0,0.003316890727823291,0.6419380511625077,82.58728737690242,False
2049928302538723382,SHOP,False,,49,partial,True,-0.004249099246595889,0.0007332202897434927,5.0,0.0011814904504143394,0.0005788969127489584,2397.0,0.001969054886829111,-0.7743523083275473,16.14518147684606,False
2049924686331429219,SHOP,False,,53,partial,True,-0.005462134986032985,0.0007444391818765834,5.0,0.0011814904504143394,0.0005788969127489584,2397.0,0.001969054886829111,-0.7549725329547327,17.39674593241552,False
2049817934604763199,SHOP,False,,53,partial,True,-0.013087646148499332,0.0025558149697268574,0.0,0.0021830597770019144,0.0010972910583416315,4468.0,0.003316890727823291,0.33970493962495146,76.45478961504028,False
2049685958602162410,SHOP,False,,53,partial,True,-0.013087646148499332,0.0025558149697268574,0.0,0.0021830597770019144,0.0010972910583416315,4468.0,0.003316890727823291,0.33970493962495146,76.45478961504028,False
2048729178661421061,SHOP,False,,47,partial,True,-0.0031423796921591363,0.003597206387772567,0.0,0.0021830597770019144,0.0010972910583416315,4468.0,0.003316890727823291,1.2887616280295715,93.7332139659803,True
2048503798143017382,SHOP,False,,47,partial,True,-0.0031423796921591363,0.003597206387772567,0.0,0.0021830597770019144,0.0010972910583416315,4468.0,0.003316890727823291,1.2887616280295715,93.7332139659803,True
2048198394091393284,SHOP,False,,47,partial,True,-0.0031423796921591363,0.003597206387772567,0.0,0.0021830597770019144,0.0010972910583416315,4468.0,0.003316890727823291,1.2887616280295715,93.7332139659803,True
2048094614054142251,SHOP,False,,47,partial,True,-0.0031423796921591363,0.003597206387772567,0.0,0.0021830597770019144,0.0010972910583416315,4468.0,0.003316890727823291,1.2887616280295715,93.7332139659803,True
2047490547808395363,SHOP,False,,46,partial,True,-0.020336379991815035,0.001982245444406145,0.0,0.0021830597770019144,0.0010972910583416315,4468.0,0.003316890727823291,-0.1830091761608504,53.53625783348255,False
2047299355887988847,SHOP,False,,54,partial,True,-0.05894375349397474,0.0026796366429921595,0.0,0.0021830597770019144,0.0010972910583416315,4468.0,0.003316890727823291,0.4525479928185476,79.09579230080574,False
2047133338150842676,SHOP,False,,54,partial,True,-0.05894375349397474,0.0026796366429921595,0.0,0.0021830597770019144,0.0010972910583416315,4468.0,0.003316890727823291,0.4525479928185476,79.09579230080574,False
2046773191402496111,SHOP,False,,43,partial,True,0.0033852142266757035,0.0022247374334622167,0.0,0.0021830597770019144,0.0010972910583416315,4468.0,0.003316890727823291,0.0379823166729263,63.00358102059087,False
2046047262732616170,SHOP,False,,57,partial,True,0.009504406891582717,0.002335569143612219,0.0,0.0021830597770019144,0.0010972910583416315,4468.0,0.003316890727823291,0.13898715883167448,68.01700984780662,False
2044919594867978721,SHOP,False,,58,partial,True,0.030026009393829156,0.0019996806461622767,0.0,0.0021830597770019144,0.0010972910583416315,4468.0,0.003316890727823291,-0.16711986254292827,54.162936436884515,False
2044550039058403765,SHOP,False,,54,partial,True,-0.00547032871381703,0.002184140453976137,0.0,0.0021830597770019144,0.0010972910583416315,4468.0,0.003316890727823291,0.0009848589998133132,61.54879140555059,False
2044548316084535628,SHOP,False,,54,partial,True,-0.00547032871381703,0.002184140453976137,0.0,0.0021830597770019144,0.0010972910583416315,4468.0,0.003316890727823291,0.0009848589998133132,61.54879140555059,False
2044459356557873387,SHOP,False,,47,partial,True,0.007386792297998879,0.0008881785661397804,3.0,0.0014734619751447392,0.001171180151806253,1872.0,0.0023870645160023445,-0.49973815565633106,26.282051282051285,False
2044446135906119717,SHOP,False,,50,partial,True,0.007324794869662088,0.0008382554756990965,2.0,0.0014747561151007857,0.0006296761045464006,2272.0,0.0025959379889743932,-1.0108381671243578,8.934859154929578,False
2043352615941988855,SHOP,False,,58,partial,True,0.03717955153982411,0.0033468361457155912,0.0,0.0021830597770019144,0.0010972910583416315,4468.0,0.003316890727823291,1.0605904056782587,90.51029543419875,True
2043158266725675260,SHOP,False,,58,partial,True,0.03717955153982411,0.0033468361457155912,0.0,0.0021830597770019144,0.0010972910583416315,4468.0,0.003316890727823291,1.0605904056782587,90.51029543419875,True
2043133889774825738,SHOP,False,,58,partial,True,0.03717955153982411,0.0033468361457155912,0.0,0.0021830597770019144,0.0010972910583416315,4468.0,0.003316890727823291,1.0605904056782587,90.51029543419875,True
2043117930842304920,SHOP,False,,58,partial,True,0.03717955153982411,0.0033468361457155912,0.0,0.0021830597770019144,0.0010972910583416315,4468.0,0.003316890727823291,1.0605904056782587,90.51029543419875,True
2043107157063725255,SHOP,False,,58,partial,True,0.03717955153982411,0.0033468361457155912,0.0,0.0021830597770019144,0.0010972910583416315,4468.0,0.003316890727823291,1.0605904056782587,90.51029543419875,True
2043097760937680953,SHOP,False,,58,partial,True,0.03717955153982411,0.0033468361457155912,0.0,0.0021830597770019144,0.0010972910583416315,4468.0,0.003316890727823291,1.0605904056782587,90.51029543419875,True
2043067264505630979,SHOP,False,,58,partial,True,0.03717955153982411,0.0033468361457155912,0.0,0.0021830597770019144,0.0010972910583416315,4468.0,0.003316890727823291,1.0605904056782587,90.51029543419875,True
2042798214718308530,SHOP,False,,58,partial,True,0.03717955153982411,0.0033468361457155912,0.0,0.0021830597770019144,0.0010972910583416315,4468.0,0.003316890727823291,1.0605904056782587,90.51029543419875,True
2042412534217441570,SHOP,True,"cpi(ALL, 2026-04-10 12:30:00+00:00->2026-04-10 20:00:00+00:00)",59,partial,False,-0.0030219401551095926,0.002159276027615523,0.0,0.0021830597770019144,0.0010972910583416315,4468.0,0.003316890727823291,-0.02167496873831857,60.340196956132495,False
2042255953836298385,SHOP,False,,54,partial,True,-0.0031848988066094375,0.0015890983088280683,1.0,0.0016618307674977708,0.0008094845583133122,3332.0,0.0025068289212535387,-0.0898503349109611,54.65186074429772,False
2042255729805897733,SHOP,False,,54,partial,True,-0.0031848988066094375,0.0015890983088280683,1.0,0.0016618307674977708,0.0008094845583133122,3332.0,0.0025068289212535387,-0.0898503349109611,54.65186074429772,False
2042227945763160561,SHOP,False,,59,partial,True,-0.04509265317837874,0.0036052293678001833,0.0,0.0021830597770019144,0.0010972910583416315,4468.0,0.003316890727823291,1.2960732523854117,93.75559534467324,True
2041847569140035630,SHOP,False,,58,partial,True,0.03810017161142376,0.0019134251601826602,0.0,0.0021830597770019144,0.0010972910583416315,4468.0,0.003316890727823291,-0.24572752577311716,50.47000895255148,False
2041719844920283326,SHOP,False,,58,partial,True,0.03810017161142376,0.0019134251601826602,0.0,0.0021830597770019144,0.0010972910583416315,4468.0,0.003316890727823291,-0.24572752577311716,50.47000895255148,False
2041588565499359718,SHOP,False,,51,partial,True,0.008574360418623472,0.0015657265449920295,5.0,0.0011814904504143394,0.0005788969127489584,2397.0,0.001969054886829111,0.6637383722657993,80.26700041718814,False
2041456620467589157,SHOP,False,,48,partial,True,-0.017041677570800218,0.0025480036145366803,0.0,0.0021830597770019144,0.0010972910583416315,4468.0,0.003316890727823291,0.3325861764391996,76.11906893464638,False
2041337455849132296,SHOP,False,,48,partial,True,-0.017041677570800218,0.0025480036145366803,0.0,0.0021830597770019144,0.0010972910583416315,4468.0,0.003316890727823291,0.3325861764391996,76.11906893464638,False
2041324561958862895,SHOP,False,,48,partial,True,-0.017041677570800218,0.0025480036145366803,0.0,0.0021830597770019144,0.0010972910583416315,4468.0,0.003316890727823291,0.3325861764391996,76.11906893464638,False
2040948112185827465,SHOP,False,,40,partial,True,0.004128371238423911,0.0024298109311185565,0.0,0.0021830597770019144,0.0010972910583416315,4468.0,0.003316890727823291,0.22487302000762172,71.911369740376,False
2040934209628336302,SHOP,False,,40,partial,True,0.004128371238423911,0.0024298109311185565,0.0,0.0021830597770019144,0.0010972910583416315,4468.0,0.003316890727823291,0.22487302000762172,71.911369740376,False
2040934208495821140,SHOP,False,,40,partial,True,0.004128371238423911,0.0024298109311185565,0.0,0.0021830597770019144,0.0010972910583416315,4468.0,0.003316890727823291,0.22487302000762172,71.911369740376,False
2040852493253443616,SHOP,False,,40,partial,True,0.004128371238423911,0.0024298109311185565,0.0,0.0021830597770019144,0.0010972910583416315,4468.0,0.003316890727823291,0.22487302000762172,71.911369740376,False
2040259593779958081,SHOP,False,,40,partial,True,0.004128371238423911,0.0024298109311185565,0.0,0.0021830597770019144,0.0010972910583416315,4468.0,0.003316890727823291,0.22487302000762172,71.911369740376,False
2039846200812208537,SHOP,False,,40,partial,True,0.004128371238423911,0.0024298109311185565,0.0,0.0021830597770019144,0.0010972910583416315,4468.0,0.003316890727823291,0.22487302000762172,71.911369740376,False
2039740336541475090,SHOP,False,,45,partial,True,0.003993493107458335,0.0014649327522916805,2.0,0.0014747561151007857,0.0006296761045464006,2272.0,0.0025959379889743932,-0.015600659987219366,58.934859154929576,False
2039518836873974027,SHOP,False,,56,partial,True,-0.01166987715097989,0.0024961396171576957,0.0,0.0021830597770019144,0.0010972910583416315,4468.0,0.003316890727823291,0.2853206884132895,74.37332139659803,False
2039481815795376334,SHOP,False,,56,partial,True,-0.01166987715097989,0.0024961396171576957,0.0,0.0021830597770019144,0.0010972910583416315,4468.0,0.003316890727823291,0.2853206884132895,74.37332139659803,False
2039474710249865385,SHOP,False,,56,partial,True,-0.01166987715097989,0.0024961396171576957,0.0,0.0021830597770019144,0.0010972910583416315,4468.0,0.003316890727823291,0.2853206884132895,74.37332139659803,False
2039335171913076791,SHOP,False,,50,partial,True,-0.007931334906309928,0.0031263178250836164,0.0,0.0021830597770019144,0.0010972910583416315,4468.0,0.003316890727823291,0.8596242910311106,86.8845120859445,False
2039170032668729631,SHOP,False,,50,partial,True,0.0009857639812265173,0.0031626145408564887,0.0,0.0021830597770019144,0.0010972910583416315,4468.0,0.003316890727823291,0.8927027668802884,87.26499552372427,False
2038812115033534561,SHOP,False,,60,complete,True,0.01920992350208328,0.003096452960339012,0.0,0.0021830597770019144,0.0010972910583416315,4468.0,0.003316890727823291,0.8324073876237866,86.39212175470009,False
2038450129825378779,SHOP,False,,57,partial,True,-0.0023833310382955775,0.0027801144423980602,0.0,0.0021830597770019144,0.0010972910583416315,4468.0,0.003316890727823291,0.5441169513387745,80.97582811101164,False
2037975214437417159,SHOP,False,,57,partial,True,-0.0023833310382955775,0.0027801144423980602,0.0,0.0021830597770019144,0.0010972910583416315,4468.0,0.003316890727823291,0.5441169513387745,80.97582811101164,False
2037974787176214855,SHOP,False,,57,partial,True,-0.0023833310382955775,0.0027801144423980602,0.0,0.0021830597770019144,0.0010972910583416315,4468.0,0.003316890727823291,0.5441169513387745,80.97582811101164,False
2037642603835896236,SHOP,False,,57,partial,True,-0.0023833310382955775,0.0027801144423980602,0.0,0.0021830597770019144,0.0010972910583416315,4468.0,0.003316890727823291,0.5441169513387745,80.97582811101164,False
2037236594164252944,SHOP,False,,59,partial,True,-0.0057054535164383635,0.0008224961856244606,5.0,0.0011814904504143394,0.0005788969127489584,2397.0,0.001969054886829111,-0.620135048026346,25.698790154359617,False
2036936395650949614,SHOP,False,,60,complete,True,0.012757510207810241,0.0025230947986989005,0.0,0.0021830597770019144,0.0010972910583416315,4468.0,0.003316890727823291,0.30988589500664576,75.35810205908685,False
2036935885267120476,SHOP,False,,60,complete,True,0.012757510207810241,0.0025230947986989005,0.0,0.0021830597770019144,0.0010972910583416315,4468.0,0.003316890727823291,0.30988589500664576,75.35810205908685,False
2036748608129671263,SHOP,False,,54,partial,True,0.018253164133965827,0.002361830048696389,0.0,0.0021830597770019144,0.0010972910583416315,4468.0,0.003316890727823291,0.16291964682976223,69.33751119068936,False
2036507410399920520,SHOP,False,,55,partial,True,-0.00025288894040942367,0.0015713977644772788,4.0,0.0013470067229900834,0.000850454886297098,2585.0,0.0021921378277236256,0.2638482594464236,71.52804642166343,False
2035964924309217615,SHOP,False,,58,partial,True,0.01625901236569316,0.0023271718864165286,0.0,0.0021830597770019144,0.0010972910583416315,4468.0,0.003316890727823291,0.13133444250645318,67.591763652641,False
2035451316445512143,SHOP,False,,58,partial,True,0.01625901236569316,0.0023271718864165286,0.0,0.0021830597770019144,0.0010972910583416315,4468.0,0.003316890727823291,0.13133444250645318,67.591763652641,False
2034796296842743898,SHOP,False,,45,partial,True,-0.00823380461446721,0.002794816437449621,0.0,0.0021830597770019144,0.0010972910583416315,4468.0,0.003316890727823291,0.5575153973935345,81.17726051924798,False
2034792767357063497,SHOP,False,,45,partial,True,-0.00823380461446721,0.002794816437449621,0.0,0.0021830597770019144,0.0010972910583416315,4468.0,0.003316890727823291,0.5575153973935345,81.17726051924798,False
2034787423880691951,SHOP,False,,45,partial,True,-0.00823380461446721,0.002794816437449621,0.0,0.0021830597770019144,0.0010972910583416315,4468.0,0.003316890727823291,0.5575153973935345,81.17726051924798,False
2034760343772094905,SHOP,False,,45,partial,True,-0.00823380461446721,0.002794816437449621,0.0,0.0021830597770019144,0.0010972910583416315,4468.0,0.003316890727823291,0.5575153973935345,81.17726051924798,False
2034649088684069280,SHOP,False,,34,partial,True,-0.006223430757218873,0.0016416879246800213,1.0,0.0016618307674977708,0.0008094845583133122,3332.0,0.0025068289212535387,-0.02488354176850549,59.21368547418968,False
2034486015725834283,SHOP,False,,52,partial,True,-0.009970132046569158,0.0035081736359708245,0.0,0.0021830597770019144,0.0010972910583416315,4468.0,0.003316890727823291,1.207622944610151,92.90510295434198,True
2034079258121806180,SHOP,False,,39,partial,True,-0.002260570985179289,0.002926357915819488,0.0,0.0021830597770019144,0.0010972910583416315,4468.0,0.003316890727823291,0.6773937809544737,83.3930170098478,False
2034072777347539078,SHOP,False,,39,partial,True,-0.002260570985179289,0.002926357915819488,0.0,0.0021830597770019144,0.0010972910583416315,4468.0,0.003316890727823291,0.6773937809544737,83.3930170098478,False
2033380989276217383,SHOP,False,,46,partial,True,0.014987441466978169,0.002379394869742764,0.0,0.0021830597770019144,0.0010972910583416315,4468.0,0.003316890727823291,0.17892708707348487,70.09847806624889,False
2032931369752330539,SHOP,False,,46,partial,True,0.014987441466978169,0.002379394869742764,0.0,0.0021830597770019144,0.0010972910583416315,4468.0,0.003316890727823291,0.17892708707348487,70.09847806624889,False
2032493789965676876,SHOP,False,,44,partial,True,-0.0004400984704158173,0.0015281367651153303,2.0,0.0014747561151007857,0.0006296761045464006,2272.0,0.0025959379889743932,0.0847747748868418,64.30457746478874,False
2032217673593921697,SHOP,False,,41,partial,True,0.008314513685927505,0.0026836832906934538,0.0,0.0021830597770019144,0.0010972910583416315,4468.0,0.003316890727823291,0.4562358454357101,79.18531781557743,False
2032212536716578932,SHOP,False,,41,partial,True,0.008314513685927505,0.0026836832906934538,0.0,0.0021830597770019144,0.0010972910583416315,4468.0,0.003316890727823291,0.4562358454357101,79.18531781557743,False
2032212535160496637,SHOP,False,,41,partial,True,0.008314513685927505,0.0026836832906934538,0.0,0.0021830597770019144,0.0010972910583416315,4468.0,0.003316890727823291,0.4562358454357101,79.18531781557743,False
2032212531846971413,SHOP,False,,41,partial,True,0.008314513685927505,0.0026836832906934538,0.0,0.0021830597770019144,0.0010972910583416315,4468.0,0.003316890727823291,0.4562358454357101,79.18531781557743,False
2031933672337674517,SHOP,False,,52,partial,True,0.00310702559208087,0.002927301009982839,0.0,0.0021830597770019144,0.0010972910583416315,4468.0,0.003316890727823291,0.6782532558915758,83.3930170098478,False
2031889821988200552,SHOP,False,,52,partial,True,0.00310702559208087,0.002927301009982839,0.0,0.0021830597770019144,0.0010972910583416315,4468.0,0.003316890727823291,0.6782532558915758,83.3930170098478,False
2031536615529570583,SHOP,True,"cpi(ALL, 2026-03-11 12:30:00+00:00->2026-03-11 20:00:00+00:00)",59,partial,False,-0.005617600007798984,0.002617204389349676,0.0,0.0021830597770019144,0.0010972910583416315,4468.0,0.003316890727823291,0.39565128053070725,77.86481647269471,False
2031479029249806840,SHOP,True,"cpi(ALL, 2026-03-11 12:30:00+00:00->2026-03-11 20:00:00+00:00)",59,partial,False,-0.005617600007798984,0.002617204389349676,0.0,0.0021830597770019144,0.0010972910583416315,4468.0,0.003316890727823291,0.39565128053070725,77.86481647269471,False
2031479027316179341,SHOP,True,"cpi(ALL, 2026-03-11 12:30:00+00:00->2026-03-11 20:00:00+00:00)",59,partial,False,-0.005617600007798984,0.002617204389349676,0.0,0.0021830597770019144,0.0010972910583416315,4468.0,0.003316890727823291,0.39565128053070725,77.86481647269471,False
2031123236184825905,SHOP,False,,59,partial,True,-0.02996158575704999,0.002517761921032563,0.0,0.0021830597770019144,0.0010972910583416315,4468.0,0.003316890727823291,0.30502585570732155,75.20143240823634,False
2031058192650674194,SHOP,False,,51,partial,True,-0.0012003420028012801,0.0009690792888444053,3.0,0.0014734619751447392,0.001171180151806253,1872.0,0.0023870645160023445,-0.43066191441380686,32.21153846153847,False
2030816002854838685,SHOP,False,,60,complete,True,0.01146611464636782,0.003852605217385811,0.0,0.0021830597770019144,0.0010972910583416315,4468.0,0.003316890727823291,1.5215155793824933,95.36705461056401,True
2030771823151853938,SHOP,False,,60,complete,True,0.01146611464636782,0.003852605217385811,0.0,0.0021830597770019144,0.0010972910583416315,4468.0,0.003316890727823291,1.5215155793824933,95.36705461056401,True
2030753154011128122,SHOP,False,,60,complete,True,0.01146611464636782,0.003852605217385811,0.0,0.0021830597770019144,0.0010972910583416315,4468.0,0.003316890727823291,1.5215155793824933,95.36705461056401,True
2030461622574006467,SHOP,False,,60,complete,True,0.01146611464636782,0.003852605217385811,0.0,0.0021830597770019144,0.0010972910583416315,4468.0,0.003316890727823291,1.5215155793824933,95.36705461056401,True
2030461620690821586,SHOP,False,,60,complete,True,0.01146611464636782,0.003852605217385811,0.0,0.0021830597770019144,0.0010972910583416315,4468.0,0.003316890727823291,1.5215155793824933,95.36705461056401,True
2030449390188380186,SHOP,False,,60,complete,True,0.01146611464636782,0.003852605217385811,0.0,0.0021830597770019144,0.0010972910583416315,4468.0,0.003316890727823291,1.5215155793824933,95.36705461056401,True
2028580097700057404,SHOP,False,,58,partial,True,-0.02733483825407268,0.003072706190258066,0.0,0.0021830597770019144,0.0010972910583416315,4468.0,0.003316890727823291,0.8107661194293341,85.72068039391226,False
2028246696497451365,SHOP,False,,58,partial,True,-0.01144605612544447,0.004008719196125224,0.0,0.0021830597770019144,0.0010972910583416315,4468.0,0.003316890727823291,1.6637877482410934,95.85944494180842,True
2027938039549349902,SHOP,False,,58,partial,True,-0.01144605612544447,0.004008719196125224,0.0,0.0021830597770019144,0.0010972910583416315,4468.0,0.003316890727823291,1.6637877482410934,95.85944494180842,True
2027879000215806060,SHOP,False,,58,partial,True,-0.01144605612544447,0.004008719196125224,0.0,0.0021830597770019144,0.0010972910583416315,4468.0,0.003316890727823291,1.6637877482410934,95.85944494180842,True
2027869518584852940,SHOP,False,,58,partial,True,-0.01144605612544447,0.004008719196125224,0.0,0.0021830597770019144,0.0010972910583416315,4468.0,0.003316890727823291,1.6637877482410934,95.85944494180842,True
2027865126527721935,SHOP,False,,58,partial,True,-0.01144605612544447,0.004008719196125224,0.0,0.0021830597770019144,0.0010972910583416315,4468.0,0.003316890727823291,1.6637877482410934,95.85944494180842,True
2027859447096246305,SHOP,False,,58,partial,True,-0.01144605612544447,0.004008719196125224,0.0,0.0021830597770019144,0.0010972910583416315,4468.0,0.003316890727823291,1.6637877482410934,95.85944494180842,True
2027720729182032171,SHOP,False,,58,partial,True,-0.01144605612544447,0.004008719196125224,0.0,0.0021830597770019144,0.0010972910583416315,4468.0,0.003316890727823291,1.6637877482410934,95.85944494180842,True
2027487301232689590,SHOP,False,,6,insufficient,False,0.006024213457866634,0.001295150042295253,6.0,,,,,,,False
2026863715736281537,SHOP,False,,59,partial,True,0.03891785850844187,0.002859234889002992,0.0,0.0021830597770019144,0.0010972910583416315,4468.0,0.003316890727823291,0.6162222018130732,82.34109221128023,False
2026474911326159072,SHOP,False,,59,partial,True,0.03005923987629111,0.002956473905383704,0.0,0.0021830597770019144,0.0010972910583416315,4468.0,0.003316890727823291,0.7048395432572588,83.81826320501344,False
2026148694404538383,SHOP,False,,57,partial,True,0.00673336842190464,0.0030531788528938017,0.0,0.0021830597770019144,0.0010972910583416315,4468.0,0.003316890727823291,0.7929701689239353,85.40734109221127,False
2026148524140695973,SHOP,False,,57,partial,True,0.00673336842190464,0.0030531788528938017,0.0,0.0021830597770019144,0.0010972910583416315,4468.0,0.003316890727823291,0.7929701689239353,85.40734109221127,False
2025716819445645472,SHOP,False,,60,complete,True,-0.06275302545946193,0.0023974943235247244,0.0,0.0021830597770019144,0.0010972910583416315,4468.0,0.003316890727823291,0.19542175696473027,70.68039391226499,False
2025716075946447194,SHOP,False,,60,complete,True,-0.06275302545946193,0.0023974943235247244,0.0,0.0021830597770019144,0.0010972910583416315,4468.0,0.003316890727823291,0.19542175696473027,70.68039391226499,False
2025587630063173999,SHOP,False,,60,complete,True,-0.06275302545946193,0.0023974943235247244,0.0,0.0021830597770019144,0.0010972910583416315,4468.0,0.003316890727823291,0.19542175696473027,70.68039391226499,False
2025297895700734259,SHOP,False,,60,complete,True,-0.06275302545946193,0.0023974943235247244,0.0,0.0021830597770019144,0.0010972910583416315,4468.0,0.003316890727823291,0.19542175696473027,70.68039391226499,False
2025213233867473129,SHOP,False,,60,complete,True,-0.06275302545946193,0.0023974943235247244,0.0,0.0021830597770019144,0.0010972910583416315,4468.0,0.003316890727823291,0.19542175696473027,70.68039391226499,False
2023534200117506427,SHOP,False,,60,complete,True,-0.00514905999795312,0.004569590916524052,0.0,0.0021830597770019144,0.0010972910583416315,4468.0,0.003316890727823291,2.1749299070466983,97.26947179946285,True
2023517423761322157,SHOP,False,,60,complete,True,-0.00514905999795312,0.004569590916524052,0.0,0.0021830597770019144,0.0010972910583416315,4468.0,0.003316890727823291,2.1749299070466983,97.26947179946285,True
2023466837623881848,SHOP,False,,60,complete,True,-0.00514905999795312,0.004569590916524052,0.0,0.0021830597770019144,0.0010972910583416315,4468.0,0.003316890727823291,2.1749299070466983,97.26947179946285,True
2023409268033302664,SHOP,False,,60,complete,True,-0.00514905999795312,0.004569590916524052,0.0,0.0021830597770019144,0.0010972910583416315,4468.0,0.003316890727823291,2.1749299070466983,97.26947179946285,True
2023185534412292246,SHOP,False,,60,complete,True,-0.00514905999795312,0.004569590916524052,0.0,0.0021830597770019144,0.0010972910583416315,4468.0,0.003316890727823291,2.1749299070466983,97.26947179946285,True
2022436595266109815,SHOP,False,,60,complete,True,-0.00514905999795312,0.004569590916524052,0.0,0.0021830597770019144,0.0010972910583416315,4468.0,0.003316890727823291,2.1749299070466983,97.26947179946285,True
2022128803582230859,SHOP,True,"cpi(ALL, 2026-02-13 13:30:00+00:00->2026-02-13 21:00:00+00:00)",60,complete,False,0.0012774086099824888,0.004416956101065673,0.0,0.0021830597770019144,0.0010972910583416315,4468.0,0.003316890727823291,2.0358284222600997,97.11280214861236,True
2021597510968484177,SHOP,True,"earnings(SHOP, 2026-02-11 14:30:00+00:00->2026-02-11 21:00:00+00:00); jobs_report(ALL, 2026-02-11 13:30:00+00:00->2026-02-11 21:00:00+00:00)",60,complete,False,-0.07827611807063184,0.003435872861275132,0.0,0.0021830597770019144,0.0010972910583416315,4468.0,0.003316890727823291,1.1417327014098075,91.89794091316024,True
2021449943626711124,SHOP,True,"earnings(SHOP, 2026-02-11 14:30:00+00:00->2026-02-11 21:00:00+00:00); jobs_report(ALL, 2026-02-11 13:30:00+00:00->2026-02-11 21:00:00+00:00)",39,partial,False,-0.07250606014248961,0.010246543305960054,,,,,,,,False
2021111214739193886,SHOP,False,,60,complete,True,0.07255285046418036,0.0033240947206151527,0.0,0.0021830597770019144,0.0010972910583416315,4468.0,0.003316890727823291,1.0398653437837344,90.19695613249776,True
2021064443229241718,SHOP,False,,60,complete,True,0.07255285046418036,0.0033240947206151527,0.0,0.0021830597770019144,0.0010972910583416315,4468.0,0.003316890727823291,1.0398653437837344,90.19695613249776,True
2020722667721052490,SHOP,False,,59,partial,True,0.008051875908560158,0.003050064481777398,0.0,0.0021830597770019144,0.0010972910583416315,4468.0,0.003316890727823291,0.790131932803511,85.3401969561325,False
2019562419132199202,SHOP,False,,59,partial,True,-0.0025591620672396065,0.0034549218032693626,0.0,0.0021830597770019144,0.0010972910583416315,4468.0,0.003316890727823291,1.1590926733602032,92.05461056401074,True
2019249827159372168,SHOP,False,,60,complete,True,-0.019715867941301868,0.003254568677637325,0.0,0.0021830597770019144,0.0010972910583416315,4468.0,0.003316890727823291,0.9765038113541303,88.69740376007162,False
2018881718715896301,SHOP,False,,60,complete,True,-0.04925931169707043,0.003719946751549696,0.0,0.0021830597770019144,0.0010972910583416315,4468.0,0.003316890727823291,1.4006192457911073,94.65085049239033,True
2018881321313997151,SHOP,False,,60,complete,True,-0.04925931169707043,0.003719946751549696,0.0,0.0021830597770019144,0.0010972910583416315,4468.0,0.003316890727823291,1.4006192457911073,94.65085049239033,True
2018511810484424911,SHOP,False,,60,complete,True,-0.05940771139036616,0.002179166822315702,0.0,0.0021830597770019144,0.0010972910583416315,4468.0,0.003316890727823291,-0.003547786757777952,61.32497761862131,False
2018506396321419760,SHOP,False,,60,complete,True,-0.05940771139036616,0.002179166822315702,0.0,0.0021830597770019144,0.0010972910583416315,4468.0,0.003316890727823291,-0.003547786757777952,61.32497761862131,False
2018149325654704487,SHOP,False,,59,partial,True,0.03341479582543028,0.00221426892403614,0.0,0.0021830597770019144,0.0010972910583416315,4468.0,0.003316890727823291,0.028441995218108074,62.66786034019696,False
2017795986966335853,SHOP,False,,59,partial,True,0.03341479582543028,0.00221426892403614,0.0,0.0021830597770019144,0.0010972910583416315,4468.0,0.003316890727823291,0.028441995218108074,62.66786034019696,False
2017751113328447896,SHOP,False,,59,partial,True,0.03341479582543028,0.00221426892403614,0.0,0.0021830597770019144,0.0010972910583416315,4468.0,0.003316890727823291,0.028441995218108074,62.66786034019696,False
2017750533361070425,SHOP,False,,59,partial,True,0.03341479582543028,0.00221426892403614,0.0,0.0021830597770019144,0.0010972910583416315,4468.0,0.003316890727823291,0.028441995218108074,62.66786034019696,False
2017630013734912382,SHOP,False,,59,partial,True,0.03341479582543028,0.00221426892403614,0.0,0.0021830597770019144,0.0010972910583416315,4468.0,0.003316890727823291,0.028441995218108074,62.66786034019696,False
2017616594860409319,SHOP,False,,59,partial,True,0.03341479582543028,0.00221426892403614,0.0,0.0021830597770019144,0.0010972910583416315,4468.0,0.003316890727823291,0.028441995218108074,62.66786034019696,False
2017284898285916640,SHOP,False,,49,partial,True,-0.011622028862002809,0.0011491407746309008,2.0,0.0014747561151007857,0.0006296761045464006,2272.0,0.0025959379889743932,-0.5171156061328518,35.87147887323944,False
2016893290398831071,SHOP,False,,58,partial,True,0.005030544520978175,0.0017532233861664295,0.0,0.0021830597770019144,0.0010972910583416315,4468.0,0.003316890727823291,-0.3917250464841201,42.36794986571173,False
2016777076045730041,SHOP,False,,59,partial,True,0.010547098607957883,0.0026979148765686302,0.0,0.0021830597770019144,0.0010972910583416315,4468.0,0.003316890727823291,0.4692055910351002,79.52103849597135,False
2016777002758656232,SHOP,False,,59,partial,True,0.010547098607957883,0.0026979148765686302,0.0,0.0021830597770019144,0.0010972910583416315,4468.0,0.003316890727823291,0.4692055910351002,79.52103849597135,False
2016752446446411843,SHOP,False,,59,partial,True,0.010547098607957883,0.0026979148765686302,0.0,0.0021830597770019144,0.0010972910583416315,4468.0,0.003316890727823291,0.4692055910351002,79.52103849597135,False
2016581330382000331,SHOP,True,"fomc(ALL, 2026-01-28 19:00:00+00:00->2026-01-28 21:00:00+00:00)",58,partial,False,1.8477601203659155e-05,0.0018602539888885974,4.0,0.0013470067229900834,0.000850454886297098,2585.0,0.0021921378277236256,0.6034973449717075,80.81237911025146,False
2016200173286764613,SHOP,False,,43,partial,True,0.0019310288923983787,0.0006414013948784984,2.0,0.0014747561151007857,0.0006296761045464006,2272.0,0.0025959379889743932,-1.3234656900671347,2.3767605633802815,False
2016130736990941190,SHOP,False,,55,partial,True,0.000738113120601458,0.0021688838003326946,0.0,0.0021830597770019144,0.0010972910583416315,4468.0,0.003316890727823291,-0.012919066970840368,60.92211280214861,False
2016126697100214712,SHOP,False,,55,partial,True,0.000738113120601458,0.0021688838003326946,0.0,0.0021830597770019144,0.0010972910583416315,4468.0,0.003316890727823291,-0.012919066970840368,60.92211280214861,False
2015182208932130939,SHOP,False,,57,partial,True,-0.015046497268938808,0.0015737726189435427,0.0,0.0021830597770019144,0.0010972910583416315,4468.0,0.003316890727823291,-0.555264852863383,30.25962399283796,False
2015118038408774050,SHOP,False,,57,partial,True,-0.015046497268938808,0.0015737726189435427,0.0,0.0021830597770019144,0.0010972910583416315,4468.0,0.003316890727823291,-0.555264852863383,30.25962399283796,False
2014419936060305785,SHOP,False,,57,partial,True,0.0001936152041537298,0.000566684725200366,4.0,0.0013470067229900834,0.000850454886297098,2585.0,0.0021921378277236256,-0.9175348514807868,3.5589941972920696,False
2014115897036714205,SHOP,False,,57,partial,True,-0.002456059409849054,0.0024763821459023306,0.0,0.0021830597770019144,0.0010972910583416315,4468.0,0.003316890727823291,0.26731500878511033,73.50044762757386,False
2013449759365755101,SHOP,False,,56,partial,True,-0.018397552618548696,0.002633495768251233,0.0,0.0021830597770019144,0.0010972910583416315,4468.0,0.003316890727823291,0.41049818808336586,78.3348254252462,False
2013217570912919575,SHOP,False,,56,partial,True,-0.018397552618548696,0.002633495768251233,0.0,0.0021830597770019144,0.0010972910583416315,4468.0,0.003316890727823291,0.41049818808336586,78.3348254252462,False
2013013617113751908,SHOP,False,,56,partial,True,-0.018397552618548696,0.002633495768251233,0.0,0.0021830597770019144,0.0010972910583416315,4468.0,0.003316890727823291,0.41049818808336586,78.3348254252462,False
2012909122589491534,SHOP,False,,56,partial,True,-0.018397552618548696,0.002633495768251233,0.0,0.0021830597770019144,0.0010972910583416315,4468.0,0.003316890727823291,0.41049818808336586,78.3348254252462,False
2012356776931348520,SHOP,False,,56,partial,True,-0.018397552618548696,0.002633495768251233,0.0,0.0021830597770019144,0.0010972910583416315,4468.0,0.003316890727823291,0.41049818808336586,78.3348254252462,False
2012278162500239584,SHOP,False,,56,partial,True,-0.018397552618548696,0.002633495768251233,0.0,0.0021830597770019144,0.0010972910583416315,4468.0,0.003316890727823291,0.41049818808336586,78.3348254252462,False
2012163185722200142,SHOP,False,,44,partial,True,-0.004043777432192197,0.00226112667603332,,,,,,,,False
2012163184107348179,SHOP,False,,44,partial,True,-0.004043777432192197,0.00226112667603332,,,,,,,,False
2011611021329514838,SHOP,False,,50,partial,True,0.011217463059587152,0.002260502428822549,0.0,0.0021830597770019144,0.0010972910583416315,4468.0,0.003316890727823291,0.07057621697717631,64.9059982094897,False
2011164667083964719,SHOP,True,"cpi(ALL, 2026-01-13 13:30:00+00:00->2026-01-13 21:00:00+00:00)",39,partial,False,0.0044885288759533015,0.0007924104067231246,5.0,0.0011814904504143394,0.0005788969127489584,2397.0,0.001969054886829111,-0.6721059226998182,22.861910721735505,False
2011056240076493155,SHOP,True,"cpi(ALL, 2026-01-13 13:30:00+00:00->2026-01-13 21:00:00+00:00)",53,partial,False,-0.011893566222186958,0.002644591414946278,0.0,0.0021830597770019144,0.0010972910583416315,4468.0,0.003316890727823291,0.42061004182599454,78.64816472694717,False
2010879581650145708,SHOP,True,"cpi(ALL, 2026-01-13 13:30:00+00:00->2026-01-13 21:00:00+00:00)",53,partial,False,-0.011893566222186958,0.002644591414946278,0.0,0.0021830597770019144,0.0010972910583416315,4468.0,0.003316890727823291,0.42061004182599454,78.64816472694717,False
2010879270428819751,SHOP,True,"cpi(ALL, 2026-01-13 13:30:00+00:00->2026-01-13 21:00:00+00:00)",53,partial,False,-0.011893566222186958,0.002644591414946278,0.0,0.0021830597770019144,0.0010972910583416315,4468.0,0.003316890727823291,0.42061004182599454,78.64816472694717,False
2010816894106767492,SHOP,False,,8,insufficient,False,-0.0012901565765609524,0.0005935835610018289,6.0,,,,,,,False
2010813254663102569,SHOP,False,,21,insufficient,False,4.71981011274103e-05,0.0007740905819387,6.0,,,,,,,False
2010722385692086572,SHOP,False,,52,partial,True,-0.008522937981735756,0.0017779066401075218,0.0,0.0021830597770019144,0.0010972910583416315,4468.0,0.003316890727823291,-0.36923032755476254,43.733213965980305,False
2010533947097407510,SHOP,False,,53,partial,True,-0.012753601384597246,0.002111715403196084,0.0,0.0021830597770019144,0.0010972910583416315,4468.0,0.003316890727823291,-0.06501864137456423,58.21396598030438,False
2010454606866977064,SHOP,False,,53,partial,True,-0.012753601384597246,0.002111715403196084,0.0,0.0021830597770019144,0.0010972910583416315,4468.0,0.003316890727823291,-0.06501864137456423,58.21396598030438,False
2010443433408913729,SHOP,False,,53,partial,True,-0.012753601384597246,0.002111715403196084,0.0,0.0021830597770019144,0.0010972910583416315,4468.0,0.003316890727823291,-0.06501864137456423,58.21396598030438,False
2010438500609663110,SHOP,False,,53,partial,True,-0.012753601384597246,0.002111715403196084,0.0,0.0021830597770019144,0.0010972910583416315,4468.0,0.003316890727823291,-0.06501864137456423,58.21396598030438,False
2010372720035504396,SHOP,False,,53,partial,True,-0.012753601384597246,0.002111715403196084,0.0,0.0021830597770019144,0.0010972910583416315,4468.0,0.003316890727823291,-0.06501864137456423,58.21396598030438,False
2010372707666502108,SHOP,False,,53,partial,True,-0.012753601384597246,0.002111715403196084,0.0,0.0021830597770019144,0.0010972910583416315,4468.0,0.003316890727823291,-0.06501864137456423,58.21396598030438,False
2010372642843599064,SHOP,False,,53,partial,True,-0.012753601384597246,0.002111715403196084,0.0,0.0021830597770019144,0.0010972910583416315,4468.0,0.003316890727823291,-0.06501864137456423,58.21396598030438,False
2010352444967116956,SHOP,False,,53,partial,True,-0.012753601384597246,0.002111715403196084,0.0,0.0021830597770019144,0.0010972910583416315,4468.0,0.003316890727823291,-0.06501864137456423,58.21396598030438,False
2010197268734095498,SHOP,False,,53,partial,True,-0.012753601384597246,0.002111715403196084,0.0,0.0021830597770019144,0.0010972910583416315,4468.0,0.003316890727823291,-0.06501864137456423,58.21396598030438,False
2009788652218695727,SHOP,False,,53,partial,True,-0.012753601384597246,0.002111715403196084,0.0,0.0021830597770019144,0.0010972910583416315,4468.0,0.003316890727823291,-0.06501864137456423,58.21396598030438,False
2009311882553765914,SHOP,False,,36,partial,True,-0.0033288955201935533,0.001106078981609234,2.0,0.0014747561151007857,0.0006296761045464006,2272.0,0.0025959379889743932,-0.5855028177655487,34.066901408450704,False
2009283382358798785,SHOP,False,,53,partial,True,0.006449524952339081,0.001200016196794961,0.0,0.0021830597770019144,0.0010972910583416315,4468.0,0.003316890727823291,-0.8958822481362935,7.251566696508505,False
2009089394318487675,SHOP,False,,54,partial,True,-0.015868142901280136,0.0021058771492574106,0.0,0.0021830597770019144,0.0010972910583416315,4468.0,0.003316890727823291,-0.0703392478757206,57.92300805729633,False
2008701814028333342,SHOP,False,,47,partial,True,-0.019724402748643066,0.0018463580201769642,0.0,0.0021830597770019144,0.0010972910583416315,4468.0,0.003316890727823291,-0.3068481732948936,46.97851387645479,False
2008545543061131483,SHOP,False,,48,partial,True,-0.017317318431354978,0.0025965703509073074,0.0,0.0021830597770019144,0.0010972910583416315,4468.0,0.003316890727823291,0.3768467543427756,77.43957027752909,False
2006439720038052227,SHOP,False,,34,partial,True,-0.00274509500748632,0.0005201083967677155,4.0,0.0013470067229900834,0.000850454886297098,2585.0,0.0021921378277236256,-0.9723012231991564,1.4700193423597678,False
2006435495757361476,SHOP,False,,31,partial,True,-0.002092358479719336,0.0005619370002083751,4.0,0.0013470067229900834,0.000850454886297098,2585.0,0.0021921378277236256,-0.923117422724116,3.3268858800773695,False
2005106175361372554,SHOP,False,,44,partial,True,-0.01339731792786314,0.0019021341399791261,0.0,0.0021830597770019144,0.0010972910583416315,4468.0,0.003316890727823291,-0.25601743027721335,49.91047448522829,False
2005106172316319758,SHOP,False,,44,partial,True,-0.01339731792786314,0.0019021341399791261,0.0,0.0021830597770019144,0.0010972910583416315,4468.0,0.003316890727823291,-0.25601743027721335,49.91047448522829,False
2004689887451308440,SHOP,False,,44,partial,True,-0.01339731792786314,0.0019021341399791261,0.0,0.0021830597770019144,0.0010972910583416315,4468.0,0.003316890727823291,-0.25601743027721335,49.91047448522829,False
2004590911209312586,SHOP,False,,20,insufficient,False,0.0009188739400488588,0.0006196200917064459,2.0,0.0014747561151007857,0.0006296761045464006,2272.0,0.0025959379889743932,-1.3580569712270623,1.8045774647887325,False
2004201578459512842,SHOP,False,,32,partial,True,-0.00601722489333778,0.001422037823737406,0.0,0.0021830597770019144,0.0010972910583416315,4468.0,0.003316890727823291,-0.6935461174856044,18.554162936436885,False
2003950726897348942,SHOP,False,,32,partial,True,-0.00601722489333778,0.001422037823737406,0.0,0.0021830597770019144,0.0010972910583416315,4468.0,0.003316890727823291,-0.6935461174856044,18.554162936436885,False
2003852823013011795,SHOP,False,,35,partial,True,-0.002840001599188735,0.0006142381899936676,1.0,0.0016618307674977708,0.0008094845583133122,3332.0,0.0025068289212535387,-1.2941476977484614,0.7202881152460985,False
2003852375896084650,SHOP,False,,34,partial,True,-0.0035819862862633833,0.0006141848720316632,1.0,0.0016618307674977708,0.0008094845583133122,3332.0,0.0025068289212535387,-1.2942135643069486,0.7202881152460985,False
2003586628145807568,SHOP,False,,44,partial,True,-0.0012380054165945786,0.0016278482597929737,0.0,0.0021830597770019144,0.0010972910583416315,4468.0,0.003316890727823291,-0.5059838162247019,33.460161145926584,False
2003230394288848992,SHOP,False,,36,partial,True,-0.01186858228853327,0.0017697366382979577,0.0,0.0021830597770019144,0.0010972910583416315,4468.0,0.003316890727823291,-0.37667593804019894,43.28558639212176,False
2002463266698854809,SHOP,False,,54,partial,True,0.004253356359462224,0.0021808789226912427,0.0,0.0021830597770019144,0.0010972910583416315,4468.0,0.003316890727823291,-0.0019874893667389745,61.369740376007165,False
2002386197037924766,SHOP,False,,54,partial,True,0.004253356359462224,0.0021808789226912427,0.0,0.0021830597770019144,0.0010972910583416315,4468.0,0.003316890727823291,-0.0019874893667389745,61.369740376007165,False
2001471963722826117,SHOP,True,"cpi(ALL, 2025-12-18 13:30:00+00:00->2025-12-18 21:00:00+00:00)",57,partial,False,0.03766705885902755,0.0031436083347696894,0.0,0.0021830597770019144,0.0010972910583416315,4468.0,0.003316890727823291,0.8753817416679587,87.10832587287378,False
2001419398167359612,SHOP,True,"cpi(ALL, 2025-12-18 13:30:00+00:00->2025-12-18 21:00:00+00:00)",57,partial,False,0.03766705885902755,0.0031436083347696894,0.0,0.0021830597770019144,0.0010972910583416315,4468.0,0.003316890727823291,0.8753817416679587,87.10832587287378,False
2001271539170230505,SHOP,False,,59,partial,True,0.043061887306726554,0.002310861746655399,0.0,0.0021830597770019144,0.0010972910583416315,4468.0,0.003316890727823291,0.1164704375215045,66.87555953446733,False
