post_id,ticker,excluded_flag,excluded_reason,bars_found,window_quality,confirmatory_eligible,market_adjusted_return,raw_volatility,time_bucket,baseline_mean,baseline_std,baseline_n,baseline_p_threshold,vol_zscore,vol_percentile_rank,abnormal_volatility_flag
2078139206946459853,BOX,False,,4,partial,True,-0.0023446704493005344,0.00035044566281690814,3.0,0.000758629565148131,0.0004824263753766098,1776.0,0.0013826965166150963,-0.846106106890551,16.722972972972975,False
2077857617859535112,BOX,False,,4,partial,True,0.01624455090995558,0.0005643466814997425,0.0,0.0017581846887766912,0.0013656116753667834,1971.0,0.0032630178027621367,-0.8742148509797275,9.994926433282597,False
2077782120232350205,BOX,False,,3,partial,True,0.0005968242297129667,0.0019401664185114686,4.0,0.0006405765596762355,0.0004336418091671976,1560.0,0.0011404427505576464,2.996920110934588,98.01282051282051,True
2077526010753581156,BOX,False,,4,partial,True,0.01161533820320626,0.0016841478145085797,0.0,0.0017581846887766912,0.0013656116753667834,1971.0,0.0032630178027621367,-0.05421517375957277,61.694571283612376,False
2077471148699439152,BOX,False,,4,partial,True,-0.00033364496959387147,0.0008016658286889356,11.0,0.0005922930022773065,0.00037423045557609527,2768.0,0.001087637501794158,0.559475647403731,77.27601156069365,False
2077201458546745553,BOX,False,,4,partial,True,0.010624865938078987,0.0008933485727084653,0.0,0.0017581846887766912,0.0013656116753667834,1971.0,0.0032630178027621367,-0.6332957836172157,23.38914256722476,False
2077043523703243070,BOX,False,,5,complete,True,0.0017612887088336304,0.0005897706938448236,2.0,0.0008900083077710569,0.0005870184378314879,2142.0,0.0015609803531372367,-0.5114619824129286,33.33333333333333,False
2076882332821373381,BOX,False,,5,complete,True,-0.02880952990593899,0.004464268755541519,0.0,0.0017581846887766912,0.0013656116753667834,1971.0,0.0032630178027621367,1.9815911913890254,95.28158295281582,True
2076839463410671637,BOX,False,,5,complete,True,-0.02880952990593899,0.004464268755541519,0.0,0.0017581846887766912,0.0013656116753667834,1971.0,0.0032630178027621367,1.9815911913890254,95.28158295281582,True
2076764958579446006,BOX,False,,5,complete,True,-0.02880952990593899,0.004464268755541519,0.0,0.0017581846887766912,0.0013656116753667834,1971.0,0.0032630178027621367,1.9815911913890254,95.28158295281582,True
2076688119404081650,BOX,False,,2,partial,True,0.0010851580776405356,0.0,3.0,0.000758629565148131,0.0004824263753766098,1776.0,0.0013826965166150963,-1.5725292062563974,0.3941441441441441,False
2076338364635287637,BOX,False,,2,partial,True,0.01779171167791771,0.0,0.0,0.0017581846887766912,0.0013656116753667834,1971.0,0.0032630178027621367,-1.2874704577378986,0.0,False
2076116544980214164,BOX,False,,2,partial,True,0.01779171167791771,0.0,0.0,0.0017581846887766912,0.0013656116753667834,1971.0,0.0032630178027621367,-1.2874704577378986,0.0,False
2075963779599466894,BOX,False,,2,partial,True,0.01779171167791771,0.0,0.0,0.0017581846887766912,0.0013656116753667834,1971.0,0.0032630178027621367,-1.2874704577378986,0.0,False
2075655202724815315,BOX,False,,3,partial,True,0.0002354796303289941,8.694895065319841e-05,10.0,0.0005355339254825178,0.0003411724991485386,1693.0,0.000982805961567209,-1.314833334893197,1.8901358535144714,False
2075416313481290077,BOX,False,,3,partial,True,0.006978651202276698,0.0017128876659930903,0.0,0.0017581846887766912,0.0013656116753667834,1971.0,0.0032630178027621367,-0.03316976824428127,63.06443429731101,False
2075287443411222628,BOX,False,,4,partial,True,-0.000333965052557339,0.0003564210650048598,10.0,0.0005355339254825178,0.0003411724991485386,1693.0,0.000982805961567209,-0.5249920814973907,35.02658003544005,False
2075073587015516228,BOX,False,,4,partial,True,-0.02187845465105076,0.0004305438954559802,0.0,0.0017581846887766912,0.0013656116753667834,1971.0,0.0032630178027621367,-0.9721949638165813,4.769152714358194,False
2074719479377109312,BOX,False,,3,partial,True,-0.005284810778098947,0.0013146137653379242,0.0,0.0017581846887766912,0.0013656116753667834,1971.0,0.0032630178027621367,-0.32481482945701257,44.74885844748858,False
2074528241990394178,BOX,False,,4,partial,True,-0.0021093531040541347,0.0008563467680692159,5.0,0.0006354635698313305,0.000429445047786007,1327.0,0.001119594825776626,0.5143456639601343,77.99547852298417,False
2074163686990913576,BOX,False,,4,partial,True,-0.0005180963638052871,0.00016890167096273622,5.0,0.0006354635698313305,0.000429445047786007,1327.0,0.001119594825776626,-1.0864298034729758,5.124340617935192,False
2073138135014502777,BOX,False,,1,insufficient,False,-0.021676762235385838,,0.0,,,,,,,False
2072875685811716182,BOX,False,,1,insufficient,False,-0.021676762235385838,,0.0,,,,,,,False
2072519377371459836,BOX,True,"jobs_report(ALL, 2026-07-02 12:30:00+00:00->2026-07-02 20:00:00+00:00)",1,insufficient,False,-0.012258895443915896,,0.0,,,,,,,False
2072172275017879829,BOX,False,,5,complete,True,0.03307356616009782,0.0039938950554323826,0.0,0.0017581846887766912,0.0013656116753667834,1971.0,0.0032630178027621367,1.6371494232100878,93.86098427194317,True
2072046374045249671,BOX,False,,4,partial,True,-0.0025077869296051825,0.00031999884576514113,12.0,0.0006555028553598318,0.00043303716082071324,7406.0,0.0011453263011522575,-0.7747695577876665,17.97191466378612,False
2071992799109824562,BOX,False,,1,insufficient,False,0.0008643505260230722,,5.0,,,,,,,False
2071775583072375214,BOX,False,,2,partial,True,-0.006852201800755187,0.0,0.0,0.0017581846887766912,0.0013656116753667834,1971.0,0.0032630178027621367,-1.2874704577378986,0.0,False
2071253118252356001,BOX,False,,4,partial,True,-0.00017214606314630565,0.0035673883758596857,0.0,0.0017581846887766912,0.0013656116753667834,1971.0,0.0032630178027621367,1.324830271824579,91.73008625063419,True
2070937863806751154,BOX,False,,4,partial,True,-0.00017214606314630565,0.0035673883758596857,0.0,0.0017581846887766912,0.0013656116753667834,1971.0,0.0032630178027621367,1.324830271824579,91.73008625063419,True
2070682290464919874,BOX,False,,4,partial,True,-0.00017214606314630565,0.0035673883758596857,0.0,0.0017581846887766912,0.0013656116753667834,1971.0,0.0032630178027621367,1.324830271824579,91.73008625063419,True
2070563281916620895,BOX,False,,3,partial,True,-0.0001886331875182723,9.590486267052611e-05,8.0,0.0006684660967236313,0.0005258114149754871,1318.0,0.0012066461305059878,-1.0889098595925264,1.2139605462822458,False
2070370225271251161,BOX,False,,3,partial,True,0.02412016677863016,0.004740580993144894,0.0,0.0017581846887766912,0.0013656116753667834,1971.0,0.0032630178027621367,2.1839270695801383,96.04261796042618,True
2070310706369712272,BOX,False,,3,partial,True,0.02412016677863016,0.004740580993144894,0.0,0.0017581846887766912,0.0013656116753667834,1971.0,0.0032630178027621367,2.1839270695801383,96.04261796042618,True
2069975251476422664,BOX,False,,4,partial,True,-0.029800964340325198,0.0016675380435532715,0.0,0.0017581846887766912,0.0013656116753667834,1971.0,0.0032630178027621367,-0.06637805377511381,60.93353627600203,False
2069639600310767616,BOX,False,,4,partial,True,0.008338037130880771,0.0016438686946237827,0.0,0.0017581846887766912,0.0013656116753667834,1971.0,0.0032630178027621367,-0.08371046924610165,59.96955859969558,False
2069596515560267891,BOX,False,,4,partial,True,0.008338037130880771,0.0016438686946237827,0.0,0.0017581846887766912,0.0013656116753667834,1971.0,0.0032630178027621367,-0.08371046924610165,59.96955859969558,False
2069228335255949775,BOX,False,,4,partial,True,0.04153334221019189,0.004500809372214946,0.0,0.0017581846887766912,0.0013656116753667834,1971.0,0.0032630178027621367,2.008348883442012,95.33231861998985,True
2069140445205348432,BOX,False,,5,complete,True,0.0014101181586019251,0.000762794518064002,12.0,0.0006555028553598318,0.00043303716082071324,7406.0,0.0011453263011522575,0.24776548622484454,69.28166351606805,False
2068917230570795178,BOX,False,,3,partial,True,-0.00958763177512778,0.006217718798251504,0.0,0.0017581846887766912,0.0013656116753667834,1971.0,0.0032630178027621367,3.265594597583567,98.42719431760527,True
2068851573175021864,BOX,False,,3,partial,True,-0.00958763177512778,0.006217718798251504,0.0,0.0017581846887766912,0.0013656116753667834,1971.0,0.0032630178027621367,3.265594597583567,98.42719431760527,True
2068434042148782515,BOX,False,,3,partial,True,-0.00958763177512778,0.006217718798251504,0.0,0.0017581846887766912,0.0013656116753667834,1971.0,0.0032630178027621367,3.265594597583567,98.42719431760527,True
2068068247413694532,BOX,False,,3,partial,True,-0.00958763177512778,0.006217718798251504,0.0,0.0017581846887766912,0.0013656116753667834,1971.0,0.0032630178027621367,3.265594597583567,98.42719431760527,True
2067821985342878180,BOX,False,,3,partial,True,-0.00958763177512778,0.006217718798251504,0.0,0.0017581846887766912,0.0013656116753667834,1971.0,0.0032630178027621367,3.265594597583567,98.42719431760527,True
2067802697324212562,BOX,False,,3,partial,True,-0.00958763177512778,0.006217718798251504,0.0,0.0017581846887766912,0.0013656116753667834,1971.0,0.0032630178027621367,3.265594597583567,98.42719431760527,True
2067455756795039957,BOX,False,,1,insufficient,False,-0.016738778719803227,,0.0,,,,,,,False
2067070918300664161,BOX,False,,1,insufficient,False,-0.015674475831622958,,0.0,,,,,,,False
2066908002809221496,BOX,False,,4,partial,True,-2.252147797066062e-05,0.0005510282524297236,4.0,0.0006405765596762355,0.0004336418091671976,1560.0,0.0011404427505576464,-0.20650293710951917,51.217948717948715,False
2066735879213994434,BOX,False,,3,partial,True,0.00251393778418052,0.000978282448651946,0.0,0.0017581846887766912,0.0013656116753667834,1971.0,0.0032630178027621367,-0.5711010342052582,27.65093860984272,False
2066554018953146689,BOX,False,,3,partial,True,-0.0015715241165151772,0.00038902925907535746,5.0,0.0006354635698313305,0.000429445047786007,1327.0,0.001119594825776626,-0.5738436431540167,29.691032403918616,False
2066526720480690221,BOX,False,,4,partial,True,-0.0002320900024028738,0.0008464030731662331,1.0,0.0010898910825094931,0.0007399482592778116,2778.0,0.0019181544918991436,-0.32906085836448074,43.73650107991361,False
2066237607244427761,BOX,False,,4,partial,True,-0.01435477235559457,0.004765367335649676,0.0,0.0017581846887766912,0.0013656116753667834,1971.0,0.0032630178027621367,2.2020774288307834,96.04261796042618,True
2066167615618466060,BOX,False,,4,partial,True,-0.01435477235559457,0.004765367335649676,0.0,0.0017581846887766912,0.0013656116753667834,1971.0,0.0032630178027621367,2.2020774288307834,96.04261796042618,True
2065989559905812973,BOX,False,,4,partial,True,-0.01435477235559457,0.004765367335649676,0.0,0.0017581846887766912,0.0013656116753667834,1971.0,0.0032630178027621367,2.2020774288307834,96.04261796042618,True
2065964446489710939,BOX,False,,4,partial,True,-0.01435477235559457,0.004765367335649676,0.0,0.0017581846887766912,0.0013656116753667834,1971.0,0.0032630178027621367,2.2020774288307834,96.04261796042618,True
2065842361834651996,BOX,False,,4,partial,True,-0.01435477235559457,0.004765367335649676,0.0,0.0017581846887766912,0.0013656116753667834,1971.0,0.0032630178027621367,2.2020774288307834,96.04261796042618,True
2065616509666472329,BOX,False,,4,partial,True,-0.01435477235559457,0.004765367335649676,0.0,0.0017581846887766912,0.0013656116753667834,1971.0,0.0032630178027621367,2.2020774288307834,96.04261796042618,True
2065594956186865815,BOX,False,,4,partial,True,-0.01435477235559457,0.004765367335649676,0.0,0.0017581846887766912,0.0013656116753667834,1971.0,0.0032630178027621367,2.2020774288307834,96.04261796042618,True
2065469347712401712,BOX,False,,3,partial,True,0.0012245930967168528,0.00029478195213727965,5.0,0.0006354635698313305,0.000429445047786007,1327.0,0.001119594825776626,-0.7933066627509765,17.85983421250942,False
2065287110744297809,BOX,False,,1,insufficient,False,-0.007767536559966981,,0.0,,,,,,,False
2064922814688481678,BOX,False,,3,partial,True,-0.024969457972553788,0.0015250359943461689,0.0,0.0017581846887766912,0.0013656116753667834,1971.0,0.0032630178027621367,-0.1707283985895199,55.35261288685946,False
2064569513023328268,BOX,True,"cpi(ALL, 2026-06-10 12:30:00+00:00->2026-06-10 20:00:00+00:00)",4,partial,False,-0.0189547858132445,0.0011810575197856445,0.0,0.0017581846887766912,0.0013656116753667834,1971.0,0.0032630178027621367,-0.4226144074493495,38.00101471334348,False
2064396746953023647,BOX,False,,4,partial,True,-9.562242871963278e-06,0.0004751052627688357,7.0,0.0006681341163889676,0.0005705509900078666,1250.0,0.001189888240982327,-0.3383200748060581,41.68,False
2064379199629181139,BOX,False,,4,partial,True,0.005623872168602051,0.0002389831929606134,5.0,0.0006354635698313305,0.000429445047786007,1327.0,0.001119594825776626,-0.9232389077828737,12.509419743782967,False
2064186766907887941,BOX,False,,4,partial,True,-0.01741618695334357,0.004006224818363832,0.0,0.0017581846887766912,0.0013656116753667834,1971.0,0.0032630178027621367,1.6461781706599348,94.01319127346525,True
2063835799096090749,BOX,False,,2,partial,True,-0.008651003568214244,0.0,0.0,0.0017581846887766912,0.0013656116753667834,1971.0,0.0032630178027621367,-1.2874704577378986,0.0,False
2063756386572681606,BOX,False,,2,partial,True,-0.008651003568214244,0.0,0.0,0.0017581846887766912,0.0013656116753667834,1971.0,0.0032630178027621367,-1.2874704577378986,0.0,False
2063649508681224367,BOX,False,,2,partial,True,-0.008651003568214244,0.0,0.0,0.0017581846887766912,0.0013656116753667834,1971.0,0.0032630178027621367,-1.2874704577378986,0.0,False
2063320673217609936,BOX,False,,2,partial,True,-0.008651003568214244,0.0,0.0,0.0017581846887766912,0.0013656116753667834,1971.0,0.0032630178027621367,-1.2874704577378986,0.0,False
2063055332545540096,BOX,False,,2,partial,True,-0.008651003568214244,0.0,0.0,0.0017581846887766912,0.0013656116753667834,1971.0,0.0032630178027621367,-1.2874704577378986,0.0,False
2062728257359790292,BOX,True,"jobs_report(ALL, 2026-06-05 12:30:00+00:00->2026-06-05 20:00:00+00:00)",4,partial,False,0.02178179055021523,0.0040426394407302915,0.0,0.0017581846887766912,0.0013656116753667834,1971.0,0.0032630178027621367,1.6728436005352905,94.06392694063926,True
2062335852379066698,BOX,False,,1,insufficient,False,0.026967079846212383,,0.0,,,,,,,False
2062280745889222937,BOX,False,,1,insufficient,False,0.026967079846212383,,0.0,,,,,,,False
2061974298760495132,BOX,False,,3,partial,True,-0.02959066397808552,0.005473660750633158,0.0,0.0017581846887766912,0.0013656116753667834,1971.0,0.0032630178027621367,2.72074128310198,97.51395230847285,True
2061662386680127688,BOX,False,,4,partial,True,-0.03442693639893746,0.002016254646726937,0.0,0.0017581846887766912,0.0013656116753667834,1971.0,0.0032630178027621367,0.18897755680137407,72.19685438863522,False
2061612625574944804,BOX,False,,4,partial,True,-0.03442693639893746,0.002016254646726937,0.0,0.0017581846887766912,0.0013656116753667834,1971.0,0.0032630178027621367,0.18897755680137407,72.19685438863522,False
2061247380897579500,BOX,False,,5,complete,True,0.008368515991016623,0.00622254775289711,0.0,0.0017581846887766912,0.0013656116753667834,1971.0,0.0032630178027621367,3.269130708714361,98.42719431760527,True
2060923684295221390,BOX,False,,5,complete,True,0.008368515991016623,0.00622254775289711,0.0,0.0017581846887766912,0.0013656116753667834,1971.0,0.0032630178027621367,3.269130708714361,98.42719431760527,True
2060525104384418271,BOX,False,,5,complete,True,0.008368515991016623,0.00622254775289711,0.0,0.0017581846887766912,0.0013656116753667834,1971.0,0.0032630178027621367,3.269130708714361,98.42719431760527,True
2060091844361683063,BOX,False,,4,partial,True,0.00046191844038800944,0.0035806200465890456,0.0,0.0017581846887766912,0.0013656116753667834,1971.0,0.0032630178027621367,1.3345194616345637,91.83155758498224,True
2059839815273824423,BOX,False,,5,complete,True,0.023901998221352083,0.0027621777116152153,0.0,0.0017581846887766912,0.0013656116753667834,1971.0,0.0032630178027621367,0.7351965723117198,85.64180618975139,False
2059482349977653619,BOX,True,"earnings(BOX, 2026-05-26 20:00:00+00:00->2026-05-27 20:00:00+00:00)",1,insufficient,False,,,,,,,,,,False
2059025559896883489,BOX,False,,5,complete,True,-0.009357835617100796,0.0006485279610119052,0.0,0.0017581846887766912,0.0013656116753667834,1971.0,0.0032630178027621367,-0.8125712073066074,13.54642313546423,False
2058582370253701432,BOX,False,,5,complete,True,-0.009357835617100796,0.0006485279610119052,0.0,0.0017581846887766912,0.0013656116753667834,1971.0,0.0032630178027621367,-0.8125712073066074,13.54642313546423,False
2058223867815227756,BOX,False,,5,complete,True,-0.009357835617100796,0.0006485279610119052,0.0,0.0017581846887766912,0.0013656116753667834,1971.0,0.0032630178027621367,-0.8125712073066074,13.54642313546423,False
2058006473620463985,BOX,False,,5,complete,True,-0.009357835617100796,0.0006485279610119052,0.0,0.0017581846887766912,0.0013656116753667834,1971.0,0.0032630178027621367,-0.8125712073066074,13.54642313546423,False
2057663408376516703,BOX,False,,3,partial,True,0.010367432677794497,0.002720735577040223,0.0,0.0017581846887766912,0.0013656116753667834,1971.0,0.0032630178027621367,0.7048496330444779,85.08371385083714,False
2057315272156135501,BOX,False,,3,partial,True,-0.02201492179356157,0.0020036499313591527,0.0,0.0017581846887766912,0.0013656116753667834,1971.0,0.0032630178027621367,0.179747469218534,71.9431760527651,False
2056965292753146019,BOX,False,,3,partial,True,-0.023395518206568044,0.0023819020829340953,0.0,0.0017581846887766912,0.0013656116753667834,1971.0,0.0032630178027621367,0.4567311523533092,79.65499746321663,False
2056804573449474527,BOX,False,,5,complete,True,0.0019568423784011024,0.0007461232583447578,10.0,0.0005355339254825178,0.0003411724991485386,1693.0,0.000982805961567209,0.6172517813944738,78.49970466627289,False
2056574979236409521,BOX,False,,3,partial,True,0.02219597823253816,0.000755772847076619,0.0,0.0017581846887766912,0.0013656116753667834,1971.0,0.0032630178027621367,-0.7340387167024176,17.80821917808219,False
2056219645796090197,BOX,False,,2,partial,True,0.0057153737275533745,0.0,0.0,0.0017581846887766912,0.0013656116753667834,1971.0,0.0032630178027621367,-1.2874704577378986,0.0,False
2056051851439857933,BOX,False,,2,partial,True,0.0057153737275533745,0.0,0.0,0.0017581846887766912,0.0013656116753667834,1971.0,0.0032630178027621367,-1.2874704577378986,0.0,False
2055501840419328286,BOX,False,,2,partial,True,0.0057153737275533745,0.0,0.0,0.0017581846887766912,0.0013656116753667834,1971.0,0.0032630178027621367,-1.2874704577378986,0.0,False
2055357619888595271,BOX,False,,1,insufficient,False,-6.0115069556165857e-05,,10.0,,,,,,,False
2055143231625818554,BOX,False,,4,partial,True,0.024231678449300187,0.005185235068797822,0.0,0.0017581846887766912,0.0013656116753667834,1971.0,0.0032630178027621367,2.5095350617156047,96.7529173008625,True
2055136119969529993,BOX,False,,4,partial,True,0.024231678449300187,0.005185235068797822,0.0,0.0017581846887766912,0.0013656116753667834,1971.0,0.0032630178027621367,2.5095350617156047,96.7529173008625,True
2054729966630441007,BOX,False,,2,partial,True,0.0059268761290638405,0.0,0.0,0.0017581846887766912,0.0013656116753667834,1971.0,0.0032630178027621367,-1.2874704577378986,0.0,False
2054398342852194386,BOX,False,,2,partial,True,-0.015080089039156808,0.0,0.0,0.0017581846887766912,0.0013656116753667834,1971.0,0.0032630178027621367,-1.2874704577378986,0.0,False
2054277953794847152,BOX,True,"cpi(ALL, 2026-05-12 12:30:00+00:00->2026-05-12 20:00:00+00:00)",4,partial,False,-0.0024716524186840783,0.0009453647942777244,11.0,0.0005922930022773065,0.00037423045557609527,2768.0,0.001087637501794158,0.9434608721433282,84.9349710982659,False
2053888702427115811,BOX,False,,4,partial,True,-0.002594468324274235,0.0010220121036723386,7.0,0.0006681341163889676,0.0005705509900078666,1250.0,0.001189888240982327,0.6202390206675338,85.84,False
2053672965125140915,BOX,False,,5,complete,True,-0.0033568167797355386,0.004043637714813155,0.0,0.0017581846887766912,0.0013656116753667834,1971.0,0.0032630178027621367,1.673574609284608,94.06392694063926,True
2053267097493573921,BOX,False,,5,complete,True,-0.0033568167797355386,0.004043637714813155,0.0,0.0017581846887766912,0.0013656116753667834,1971.0,0.0032630178027621367,1.673574609284608,94.06392694063926,True
2052903105256382679,BOX,False,,5,complete,True,-0.0033568167797355386,0.004043637714813155,0.0,0.0017581846887766912,0.0013656116753667834,1971.0,0.0032630178027621367,1.673574609284608,94.06392694063926,True
2052566788236509254,BOX,True,"jobs_report(ALL, 2026-05-08 12:30:00+00:00->2026-05-08 20:00:00+00:00)",3,partial,False,-0.020323296370796995,0.0024682789602137323,0.0,0.0017581846887766912,0.0013656116753667834,1971.0,0.0032630178027621367,0.5199825720926998,81.68442415017758,False
2052071639337337288,BOX,False,,3,partial,True,-0.0011560425345072955,0.0,7.0,0.0006681341163889676,0.0005705509900078666,1250.0,0.001189888240982327,-1.171033138299796,0.4,False
2051344780328858040,BOX,False,,4,partial,True,-0.0004666100414120189,0.00024752375180587275,6.0,0.000644298708764403,0.00048330042126132664,1228.0,0.0011389836365124227,-0.8209696071090099,12.785016286644952,False
2051057677984469277,BOX,False,,2,partial,True,0.011872339738815407,0.0,0.0,0.0017581846887766912,0.0013656116753667834,1971.0,0.0032630178027621367,-1.2874704577378986,0.0,False
2051009208393589096,BOX,False,,2,partial,True,0.011872339738815407,0.0,0.0,0.0017581846887766912,0.0013656116753667834,1971.0,0.0032630178027621367,-1.2874704577378986,0.0,False
2050684160151617603,BOX,False,,2,partial,True,0.011872339738815407,0.0,0.0,0.0017581846887766912,0.0013656116753667834,1971.0,0.0032630178027621367,-1.2874704577378986,0.0,False
2050295657836277764,BOX,False,,5,complete,True,-0.00024061935134922496,0.0015767593674202054,11.0,0.0005922930022773065,0.00037423045557609527,2768.0,0.001087637501794158,2.630642029461227,97.9407514450867,True
2050240083325030404,BOX,False,,4,partial,True,0.0011887281417276574,0.0006566118266315091,4.0,0.0006405765596762355,0.0004336418091671976,1560.0,0.0011404427505576464,0.03697813867640919,60.89743589743589,False
2050051426446152159,BOX,False,,5,complete,True,0.02578514256023956,0.003266420462931387,0.0,0.0017581846887766912,0.0013656116753667834,1971.0,0.0032630178027621367,1.1044397183771923,90.10654490106545,True
2049714403050918067,BOX,False,,2,partial,True,-0.019698301160304688,0.0,0.0,0.0017581846887766912,0.0013656116753667834,1971.0,0.0032630178027621367,-1.2874704577378986,0.0,False
2049333853777764495,BOX,False,,4,partial,True,-0.005290324350451292,0.003249648587886247,0.0,0.0017581846887766912,0.0013656116753667834,1971.0,0.0032630178027621367,1.092158133979757,89.8021308980213,False
2049163935182733396,BOX,False,,2,partial,True,0.0006686348169538947,0.0,5.0,0.0006354635698313305,0.000429445047786007,1327.0,0.001119594825776626,-1.4797319776009683,0.6782215523737753,False
2048950940661932319,BOX,False,,5,complete,True,0.031914292207013806,0.004091627470043956,0.0,0.0017581846887766912,0.0013656116753667834,1971.0,0.0032630178027621367,1.7087161916952236,94.16539827498731,True
2048576989930619185,BOX,False,,4,partial,True,-0.0028293041103674144,0.007716797423388261,0.0,0.0017581846887766912,0.0013656116753667834,1971.0,0.0032630178027621367,4.363328786722018,99.13749365804159,True
2048537503972684252,BOX,False,,4,partial,True,-0.0028293041103674144,0.007716797423388261,0.0,0.0017581846887766912,0.0013656116753667834,1971.0,0.0032630178027621367,4.363328786722018,99.13749365804159,True
2048223146063609965,BOX,False,,4,partial,True,-0.0028293041103674144,0.007716797423388261,0.0,0.0017581846887766912,0.0013656116753667834,1971.0,0.0032630178027621367,4.363328786722018,99.13749365804159,True
2047747142308274645,BOX,False,,3,partial,True,-0.00041714764616096467,0.0004157139947627009,10.0,0.0005355339254825178,0.0003411724991485386,1693.0,0.000982805961567209,-0.3512004367844728,42.46898995865328,False
2047540230694350958,BOX,False,,3,partial,True,0.0034983937809838217,0.0009504924950738403,0.0,0.0017581846887766912,0.0013656116753667834,1971.0,0.0032630178027621367,-0.5914508555193163,26.48401826484018,False
2047428766390157688,BOX,False,,3,partial,True,0.0034983937809838217,0.0009504924950738403,0.0,0.0017581846887766912,0.0013656116753667834,1971.0,0.0032630178027621367,-0.5914508555193163,26.48401826484018,False
2047387742951313910,BOX,False,,4,partial,True,0.0004886860100963286,0.0006068609987875957,10.0,0.0005355339254825178,0.0003411724991485386,1693.0,0.000982805961567209,0.20906454501194635,68.51742468989958,False
2047028112626749645,BOX,False,,5,complete,True,-0.00230526449437507,0.00043771660132360863,11.0,0.0005922930022773065,0.00037423045557609527,2768.0,0.001087637501794158,-0.41305136621160604,40.7514450867052,False
2046805326784319663,BOX,False,,3,partial,True,-0.006326326134199811,0.0014424217853321597,0.0,0.0017581846887766912,0.0013656116753667834,1971.0,0.0032630178027621367,-0.2312245194884718,51.44596651445966,False
2046397816755634340,BOX,False,,4,partial,True,0.0014242625296692069,0.0012972612214430983,0.0,0.0017581846887766912,0.0013656116753667834,1971.0,0.0032630178027621367,-0.3375216217375965,44.08929477422628,False
2046067263326028108,BOX,False,,3,partial,True,0.015449471007278226,0.003121354194457915,0.0,0.0017581846887766912,0.0013656116753667834,1971.0,0.0032630178027621367,0.9982116660763728,88.68594622019279,False
2045680043607941548,BOX,False,,3,partial,True,0.015449471007278226,0.003121354194457915,0.0,0.0017581846887766912,0.0013656116753667834,1971.0,0.0032630178027621367,0.9982116660763728,88.68594622019279,False
2045616837787070695,BOX,False,,3,partial,True,0.015449471007278226,0.003121354194457915,0.0,0.0017581846887766912,0.0013656116753667834,1971.0,0.0032630178027621367,0.9982116660763728,88.68594622019279,False
2045355693050655048,BOX,False,,3,partial,True,0.015449471007278226,0.003121354194457915,0.0,0.0017581846887766912,0.0013656116753667834,1971.0,0.0032630178027621367,0.9982116660763728,88.68594622019279,False
2045137708620906573,BOX,False,,4,partial,True,0.00033294067415479134,0.0006993655189955771,0.0,0.0017581846887766912,0.0013656116753667834,1971.0,0.0032630178027621367,-0.7753442569951158,15.322171486555048,False
2044855448722100720,BOX,False,,5,complete,True,-9.778350919975587e-06,0.0002284122418333169,11.0,0.0005922930022773065,0.00037423045557609527,2768.0,0.001087637501794158,-0.9723440597153612,11.452312138728324,False
2044621545348481285,BOX,False,,5,complete,True,0.021861444526756424,0.005280560809130897,0.0,0.0017581846887766912,0.0013656116753667834,1971.0,0.0032630178027621367,2.5793394885908154,97.10806697108066,True
2044225408972009842,BOX,False,,3,partial,True,0.021491921303676165,0.003954277013016982,0.0,0.0017581846887766912,0.0013656116753667834,1971.0,0.0032630178027621367,1.6081382166350127,93.40436326737697,True
2043883641366032638,BOX,False,,5,complete,True,0.017079594474121995,0.002926476139424335,0.0,0.0017581846887766912,0.0013656116753667834,1971.0,0.0032630178027621367,0.8555078077623037,86.85946220192795,False
2043426157367095397,BOX,False,,5,complete,True,0.005662766246748219,0.0031567948047586045,0.0,0.0017581846887766912,0.0013656116753667834,1971.0,0.0032630178027621367,1.0241638536125337,88.73668188736681,False
2043318118169354302,BOX,False,,5,complete,True,0.005662766246748219,0.0031567948047586045,0.0,0.0017581846887766912,0.0013656116753667834,1971.0,0.0032630178027621367,1.0241638536125337,88.73668188736681,False
2043192337111924930,BOX,False,,5,complete,True,0.005662766246748219,0.0031567948047586045,0.0,0.0017581846887766912,0.0013656116753667834,1971.0,0.0032630178027621367,1.0241638536125337,88.73668188736681,False
2043051227387433144,BOX,False,,5,complete,True,0.005662766246748219,0.0031567948047586045,0.0,0.0017581846887766912,0.0013656116753667834,1971.0,0.0032630178027621367,1.0241638536125337,88.73668188736681,False
2042759653281456218,BOX,False,,5,complete,True,0.005662766246748219,0.0031567948047586045,0.0,0.0017581846887766912,0.0013656116753667834,1971.0,0.0032630178027621367,1.0241638536125337,88.73668188736681,False
2042469771275329594,BOX,True,"cpi(ALL, 2026-04-10 12:30:00+00:00->2026-04-10 20:00:00+00:00)",4,partial,False,-0.00977192123866455,0.004829400510538114,0.0,0.0017581846887766912,0.0013656116753667834,1971.0,0.0032630178027621367,2.248967167724704,96.24556062912227,True
2042460500785602648,BOX,True,"cpi(ALL, 2026-04-10 12:30:00+00:00->2026-04-10 20:00:00+00:00)",4,partial,False,-0.00977192123866455,0.004829400510538114,0.0,0.0017581846887766912,0.0013656116753667834,1971.0,0.0032630178027621367,2.248967167724704,96.24556062912227,True
2042392664943870443,BOX,True,"cpi(ALL, 2026-04-10 12:30:00+00:00->2026-04-10 20:00:00+00:00)",4,partial,False,-0.00977192123866455,0.004829400510538114,0.0,0.0017581846887766912,0.0013656116753667834,1971.0,0.0032630178027621367,2.248967167724704,96.24556062912227,True
2042343980742951264,BOX,True,"cpi(ALL, 2026-04-10 12:30:00+00:00->2026-04-10 20:00:00+00:00)",4,partial,False,-0.00977192123866455,0.004829400510538114,0.0,0.0017581846887766912,0.0013656116753667834,1971.0,0.0032630178027621367,2.248967167724704,96.24556062912227,True
2042285272985931972,BOX,False,,4,partial,True,-0.0005357770929864669,0.00018205052612498964,6.0,0.000644298708764403,0.00048330042126132664,1228.0,0.0011389836365124227,-0.9564406781045821,6.921824104234528,False
2041975669928702370,BOX,False,,3,partial,True,-0.025689320996992282,0.006376635380189288,0.0,0.0017581846887766912,0.0013656116753667834,1971.0,0.0032630178027621367,3.3819648548128796,98.52866565195332,True
2041732610179703100,BOX,False,,3,partial,True,-0.014907748800943255,0.002161185298789059,0.0,0.0017581846887766912,0.0013656116753667834,1971.0,0.0032630178027621367,0.295106300921254,76.05276509386098,False
2041512156693201176,BOX,False,,4,partial,True,0.0004357700930478492,0.0016025933677315729,0.0,0.0017581846887766912,0.0013656116753667834,1971.0,0.0032630178027621367,-0.11393525981925186,58.19381024860477,False
2041347596342460439,BOX,False,,3,partial,True,0.008617320791679206,0.0053472718950033915,0.0,0.0017581846887766912,0.0013656116753667834,1971.0,0.0032630178027621367,2.62819018829985,97.20953830542871,True
2040967947275948357,BOX,False,,5,complete,True,0.000558132055410665,0.0022599635770800233,0.0,0.0017581846887766912,0.0013656116753667834,1971.0,0.0032630178027621367,0.3674389267128678,77.72704211060375,False
2040650799550722243,BOX,False,,5,complete,True,0.000558132055410665,0.0022599635770800233,0.0,0.0017581846887766912,0.0013656116753667834,1971.0,0.0032630178027621367,0.3674389267128678,77.72704211060375,False
2040528801386361128,BOX,False,,5,complete,True,0.000558132055410665,0.0022599635770800233,0.0,0.0017581846887766912,0.0013656116753667834,1971.0,0.0032630178027621367,0.3674389267128678,77.72704211060375,False
2040264454982480138,BOX,False,,5,complete,True,0.000558132055410665,0.0022599635770800233,0.0,0.0017581846887766912,0.0013656116753667834,1971.0,0.0032630178027621367,0.3674389267128678,77.72704211060375,False
2039931799414194621,BOX,False,,5,complete,True,0.000558132055410665,0.0022599635770800233,0.0,0.0017581846887766912,0.0013656116753667834,1971.0,0.0032630178027621367,0.3674389267128678,77.72704211060375,False
2039722279014432932,BOX,False,,4,partial,True,-0.0008426132529455455,0.0013608923313278784,3.0,0.000758629565148131,0.0004824263753766098,1776.0,0.0013826965166150963,1.2484034806546105,89.58333333333334,False
2039414479084278239,BOX,False,,3,partial,True,0.0002750064932087737,0.0001057417789707138,10.0,0.0005355339254825178,0.0003411724991485386,1693.0,0.000982805961567209,-1.2597502658755697,2.244536326048435,False
2039216522028257549,BOX,False,,2,partial,True,-0.011965866371931977,0.0,0.0,0.0017581846887766912,0.0013656116753667834,1971.0,0.0032630178027621367,-1.2874704577378986,0.0,False
2039065077870157987,BOX,False,,4,partial,True,0.000805952184586789,0.0003579998704954177,12.0,0.0006555028553598318,0.00043303716082071324,7406.0,0.0011453263011522575,-0.6870149072208304,23.170402376451527,False
2038816649927913834,BOX,False,,5,complete,True,-0.012722171178336517,0.0016961299175174695,0.0,0.0017581846887766912,0.0013656116753667834,1971.0,0.0032630178027621367,-0.04544100814205078,61.89751395230847,False
2038468564500537416,BOX,False,,2,partial,True,0.00972737815560154,0.0,0.0,0.0017581846887766912,0.0013656116753667834,1971.0,0.0032630178027621367,-1.2874704577378986,0.0,False
2038263457125142742,BOX,False,,2,partial,True,0.00972737815560154,0.0,0.0,0.0017581846887766912,0.0013656116753667834,1971.0,0.0032630178027621367,-1.2874704577378986,0.0,False
2037928306977509601,BOX,False,,2,partial,True,0.00972737815560154,0.0,0.0,0.0017581846887766912,0.0013656116753667834,1971.0,0.0032630178027621367,-1.2874704577378986,0.0,False
2037744753073385518,BOX,False,,2,partial,True,0.00972737815560154,0.0,0.0,0.0017581846887766912,0.0013656116753667834,1971.0,0.0032630178027621367,-1.2874704577378986,0.0,False
2037383187245273477,BOX,False,,2,partial,True,-0.01881447406556369,0.0,0.0,0.0017581846887766912,0.0013656116753667834,1971.0,0.0032630178027621367,-1.2874704577378986,0.0,False
2037200776389681499,BOX,False,,4,partial,True,-0.0020968657254856193,0.0008353857678862565,5.0,0.0006354635698313305,0.000429445047786007,1327.0,0.001119594825776626,0.4655361590164325,76.56367746797287,False
2036832183131033977,BOX,False,,2,partial,True,0.0028269744109041817,0.0,4.0,0.0006405765596762355,0.0004336418091671976,1560.0,0.0011404427505576464,-1.4772020274208635,0.38461538461538464,False
2036478998667207012,BOX,False,,3,partial,True,0.0011072263870774979,0.0006369877907759225,5.0,0.0006354635698313305,0.000429445047786007,1327.0,0.001119594825776626,0.0035492805248309597,60.96458176337604,False
2036290915950797314,BOX,False,,4,partial,True,-0.01987978781370725,0.0004922981235715801,0.0,0.0017581846887766912,0.0013656116753667834,1971.0,0.0032630178027621367,-0.926974035181057,6.494165398274987,False
2035762343502836020,BOX,False,,4,partial,True,-0.021374588501589353,0.0036013592612250075,0.0,0.0017581846887766912,0.0013656116753667834,1971.0,0.0032630178027621367,1.349706220074068,91.88229325215627,True
2035171720945115469,BOX,False,,4,partial,True,-0.021374588501589353,0.0036013592612250075,0.0,0.0017581846887766912,0.0013656116753667834,1971.0,0.0032630178027621367,1.349706220074068,91.88229325215627,True
2034833274506281061,BOX,False,,3,partial,True,0.02398404680647037,0.005908924952494621,0.0,0.0017581846887766912,0.0013656116753667834,1971.0,0.0032630178027621367,3.0394733280257733,98.07204464738712,True
2034484203522261293,BOX,False,,5,complete,True,0.00962528735744217,0.0016050492952608703,0.0,0.0017581846887766912,0.0013656116753667834,1971.0,0.0032630178027621367,-0.1121368514037425,58.19381024860477,False
2034283304401113453,BOX,False,,4,partial,True,-0.0006295651940535496,0.00044345898207702147,3.0,0.000758629565148131,0.0004824263753766098,1776.0,0.0013826965166150963,-0.6533029684064625,26.351351351351347,False
2034023235654980049,BOX,False,,2,partial,True,-0.004549640074544614,0.0,0.0,0.0017581846887766912,0.0013656116753667834,1971.0,0.0032630178027621367,-1.2874704577378986,0.0,False
2033749314997280850,BOX,False,,3,partial,True,0.006503896661051112,0.0010186120264605858,0.0,0.0017581846887766912,0.0013656116753667834,1971.0,0.0032630178027621367,-0.5415687897640937,30.035514967021815,False
2033332698404851860,BOX,False,,2,partial,True,-0.009289983254166412,0.0,0.0,0.0017581846887766912,0.0013656116753667834,1971.0,0.0032630178027621367,-1.2874704577378986,0.0,False
2032889536066498595,BOX,False,,2,partial,True,-0.009289983254166412,0.0,0.0,0.0017581846887766912,0.0013656116753667834,1971.0,0.0032630178027621367,-1.2874704577378986,0.0,False
2032652452395434196,BOX,False,,2,partial,True,-0.009289983254166412,0.0,0.0,0.0017581846887766912,0.0013656116753667834,1971.0,0.0032630178027621367,-1.2874704577378986,0.0,False
2032329562390970811,BOX,False,,4,partial,True,-0.0006668842002131026,0.0041195078433653234,0.0,0.0017581846887766912,0.0013656116753667834,1971.0,0.0032630178027621367,1.7291322249089698,94.26686960933536,True
2031872496186900875,BOX,False,,3,partial,True,0.015993398388056357,0.0014122264800866535,0.0,0.0017581846887766912,0.0013656116753667834,1971.0,0.0032630178027621367,-0.2533357139005994,49.213597158802635,False
2031575412967616632,BOX,True,"cpi(ALL, 2026-03-11 12:30:00+00:00->2026-03-11 20:00:00+00:00)",2,partial,False,0.004014346211614228,0.0,0.0,0.0017581846887766912,0.0013656116753667834,1971.0,0.0032630178027621367,-1.2874704577378986,0.0,False
2030714592238956960,BOX,False,,5,complete,True,-0.019726570535187005,0.002124007135052644,0.0,0.0017581846887766912,0.0013656116753667834,1971.0,0.0032630178027621367,0.26788175062848524,75.34246575342466,False
2030344039757934833,BOX,False,,5,complete,True,-0.019726570535187005,0.002124007135052644,0.0,0.0017581846887766912,0.0013656116753667834,1971.0,0.0032630178027621367,0.26788175062848524,75.34246575342466,False
2030049511398330663,BOX,False,,5,complete,True,-0.019726570535187005,0.002124007135052644,0.0,0.0017581846887766912,0.0013656116753667834,1971.0,0.0032630178027621367,0.26788175062848524,75.34246575342466,False
2029777072953167910,BOX,True,"jobs_report(ALL, 2026-03-06 13:30:00+00:00->2026-03-06 21:00:00+00:00)",4,partial,False,0.009642164094857741,0.007700036450751242,0.0,0.0017581846887766912,0.0013656116753667834,1971.0,0.0032630178027621367,4.351055185859227,99.08675799086758,True
2029658336065716498,BOX,False,,3,partial,True,0.00026429453717968787,0.0011500863832374364,12.0,0.0006555028553598318,0.00043303716082071324,7406.0,0.0011453263011522575,1.1421272182282132,90.12962462867945,True
2029358591275335912,BOX,False,,4,partial,True,-0.005332837321123773,0.002085411440843404,0.0,0.0017581846887766912,0.0013656116753667834,1971.0,0.0032630178027621367,0.23961918162337364,73.921867072552,False
2028987147005640944,BOX,True,"earnings(BOX, 2026-03-03 21:00:00+00:00->2026-03-04 21:00:00+00:00)",5,complete,False,0.07637235933127795,0.006891389004711334,0.0,0.0017581846887766912,0.0013656116753667834,1971.0,0.0032630178027621367,3.75890482523587,98.88381532217149,True
2028711992320835686,BOX,False,,5,complete,True,0.01791735713015541,0.0032805932498644504,0.0,0.0017581846887766912,0.0013656116753667834,1971.0,0.0032630178027621367,1.1148180617882184,90.10654490106545,True
2028268614848303451,BOX,False,,5,complete,True,0.01700572833917502,0.008379285894280067,0.0,0.0017581846887766912,0.0013656116753667834,1971.0,0.0032630178027621367,4.848450935896579,99.54337899543378,True
2027884295268991104,BOX,False,,5,complete,True,0.01700572833917502,0.008379285894280067,0.0,0.0017581846887766912,0.0013656116753667834,1971.0,0.0032630178027621367,4.848450935896579,99.54337899543378,True
2027544515100254411,BOX,False,,5,complete,True,0.01700572833917502,0.008379285894280067,0.0,0.0017581846887766912,0.0013656116753667834,1971.0,0.0032630178027621367,4.848450935896579,99.54337899543378,True
2027474021910995106,BOX,False,,3,partial,True,0.0010128234152704252,0.0003211647685628094,11.0,0.0005922930022773065,0.00037423045557609527,2768.0,0.001087637501794158,-0.7244953735716639,23.699421965317917,False
2026885050411745491,BOX,False,,3,partial,True,0.002771629241123841,0.0029309586554822076,0.0,0.0017581846887766912,0.0013656116753667834,1971.0,0.0032630178027621367,0.8587902314107899,87.01166920345003,False
2026855402990629132,BOX,False,,3,partial,True,0.002771629241123841,0.0029309586554822076,0.0,0.0017581846887766912,0.0013656116753667834,1971.0,0.0032630178027621367,0.8587902314107899,87.01166920345003,False
2026707314380882347,BOX,False,,4,partial,True,-0.0015892720884806977,0.0015336104345509633,5.0,0.0006354635698313305,0.000429445047786007,1327.0,0.001119594825776626,2.0914127880854747,96.3074604370761,True
2026426391533895962,BOX,False,,4,partial,True,-0.025116154342583852,0.002676642569777436,0.0,0.0017581846887766912,0.0013656116753667834,1971.0,0.0032630178027621367,0.6725615323653853,84.83003551496702,False
2026173183083331701,BOX,False,,4,partial,True,0.035738724447343384,0.006218499314117258,0.0,0.0017581846887766912,0.0013656116753667834,1971.0,0.0032630178027621367,3.2661661479590025,98.42719431760527,True
2025809687900508666,BOX,False,,3,partial,True,-0.014099473706800536,0.005885890561749152,0.0,0.0017581846887766912,0.0013656116753667834,1971.0,0.0032630178027621367,3.022605875029458,98.02130898021308,True
2025736031283400712,BOX,False,,3,partial,True,-0.014099473706800536,0.005885890561749152,0.0,0.0017581846887766912,0.0013656116753667834,1971.0,0.0032630178027621367,3.022605875029458,98.02130898021308,True
2025385106307977366,BOX,False,,3,partial,True,-0.014099473706800536,0.005885890561749152,0.0,0.0017581846887766912,0.0013656116753667834,1971.0,0.0032630178027621367,3.022605875029458,98.02130898021308,True
2025093420935680379,BOX,False,,3,partial,True,-0.014099473706800536,0.005885890561749152,0.0,0.0017581846887766912,0.0013656116753667834,1971.0,0.0032630178027621367,3.022605875029458,98.02130898021308,True
2024969864864301348,BOX,False,,3,partial,True,-0.014099473706800536,0.005885890561749152,0.0,0.0017581846887766912,0.0013656116753667834,1971.0,0.0032630178027621367,3.022605875029458,98.02130898021308,True
2024736684924158292,BOX,False,,1,insufficient,False,0.003293571180614907,,0.0,,,,,,,False
2024335500283420836,BOX,False,,2,partial,True,0.0003028919679933795,0.0,0.0,0.0017581846887766912,0.0013656116753667834,1971.0,0.0032630178027621367,-1.2874704577378986,0.0,False
2023822262097637478,BOX,False,,4,partial,True,-0.0010116690579015097,0.0008395452277641044,7.0,0.0006681341163889676,0.0005705509900078666,1250.0,0.001189888240982327,0.30043083681753563,76.55999999999999,False
2023635013963559352,BOX,False,,4,partial,True,0.0082562304548226,0.0008065092143314759,0.0,0.0017581846887766912,0.0013656116753667834,1971.0,0.0032630178027621367,-0.6968858655881138,19.989852866565194,False
2023152367366222151,BOX,False,,4,partial,True,0.0082562304548226,0.0008065092143314759,0.0,0.0017581846887766912,0.0013656116753667834,1971.0,0.0032630178027621367,-0.6968858655881138,19.989852866565194,False
2022859327124463881,BOX,False,,4,partial,True,0.0082562304548226,0.0008065092143314759,0.0,0.0017581846887766912,0.0013656116753667834,1971.0,0.0032630178027621367,-0.6968858655881138,19.989852866565194,False
2022737438838325687,BOX,False,,4,partial,True,0.0082562304548226,0.0008065092143314759,0.0,0.0017581846887766912,0.0013656116753667834,1971.0,0.0032630178027621367,-0.6968858655881138,19.989852866565194,False
2022528168511320525,BOX,False,,4,partial,True,0.0082562304548226,0.0008065092143314759,0.0,0.0017581846887766912,0.0013656116753667834,1971.0,0.0032630178027621367,-0.6968858655881138,19.989852866565194,False
2022375298097111160,BOX,True,"cpi(ALL, 2026-02-13 13:30:00+00:00->2026-02-13 21:00:00+00:00)",3,partial,False,-0.001752777591154886,0.001182761418989875,7.0,0.0006681341163889676,0.0005705509900078666,1250.0,0.001189888240982327,0.9019830157402967,89.84,False
2022174379761971640,BOX,True,"cpi(ALL, 2026-02-13 13:30:00+00:00->2026-02-13 21:00:00+00:00)",2,partial,False,0.0077522020668554514,0.0,0.0,0.0017581846887766912,0.0013656116753667834,1971.0,0.0032630178027621367,-1.2874704577378986,0.0,False
2021817744572780985,BOX,False,,4,partial,True,-0.01053654706644136,0.005725106889095487,0.0,0.0017581846887766912,0.0013656116753667834,1971.0,0.0032630178027621367,2.904868398443751,97.76763064434297,True
2021653900617826731,BOX,True,"jobs_report(ALL, 2026-02-11 13:30:00+00:00->2026-02-11 21:00:00+00:00)",4,partial,False,-0.003662823290743411,0.0006618912238873918,8.0,0.0006684660967236313,0.0005258114149754871,1318.0,0.0012066461305059878,-0.012504241347719837,63.3535660091047,False
2021462942718349332,BOX,True,"jobs_report(ALL, 2026-02-11 13:30:00+00:00->2026-02-11 21:00:00+00:00)",4,partial,False,-0.0340734725320776,0.0019036085630798085,0.0,0.0017581846887766912,0.0013656116753667834,1971.0,0.0032630178027621367,0.10648991724829723,69.10197869101978,False
2021090905126539398,BOX,False,,2,partial,True,0.011649685759702377,0.0,0.0,0.0017581846887766912,0.0013656116753667834,1971.0,0.0032630178027621367,-1.2874704577378986,0.0,False
2020380616471245259,BOX,False,,1,insufficient,False,-0.007912341297677816,,0.0,,,,,,,False
2020008277325803982,BOX,False,,1,insufficient,False,-0.007912341297677816,,0.0,,,,,,,False
2019634114874470819,BOX,False,,2,partial,True,0.017225979864109453,0.0,0.0,0.0017581846887766912,0.0013656116753667834,1971.0,0.0032630178027621367,-1.2874704577378986,0.0,False
2019479689170153599,BOX,False,,3,partial,True,-0.002379389184070102,0.0009165697501316572,8.0,0.0006684660967236313,0.0005258114149754871,1318.0,0.0012066461305059878,0.471849119935124,78.52807283763278,False
2019102184651256315,BOX,False,,5,complete,True,-0.0008754459797692959,0.000606401117363676,6.0,0.000644298708764403,0.00048330042126132664,1228.0,0.0011389836365124227,-0.0784141493231502,57.32899022801303,False
2018919899436093948,BOX,False,,5,complete,True,-0.005871269494683418,0.0002693682065368367,0.0,0.0017581846887766912,0.0013656116753667834,1971.0,0.0032630178027621367,-1.090219503168776,1.67427701674277,False
2018510268414976002,BOX,False,,4,partial,True,-0.02467203329065215,0.004634684083997232,0.0,0.0017581846887766912,0.0013656116753667834,1971.0,0.0032630178027621367,2.106381665525783,95.78893962455606,True
2018125395930091819,BOX,False,,3,partial,True,0.000423988835346778,0.0012722616100873108,0.0,0.0017581846887766912,0.0013656116753667834,1971.0,0.0032630178027621367,-0.35582815192237466,43.07458143074581,False
2017673895856545891,BOX,False,,3,partial,True,0.000423988835346778,0.0012722616100873108,0.0,0.0017581846887766912,0.0013656116753667834,1971.0,0.0032630178027621367,-0.35582815192237466,43.07458143074581,False
2017432134198473041,BOX,False,,3,partial,True,0.000423988835346778,0.0012722616100873108,0.0,0.0017581846887766912,0.0013656116753667834,1971.0,0.0032630178027621367,-0.35582815192237466,43.07458143074581,False
2017127995950203114,BOX,False,,4,partial,True,0.009986927405114532,0.0038484126672477252,0.0,0.0017581846887766912,0.0013656116753667834,1971.0,0.0032630178027621367,1.5306166578501386,92.8462709284627,True
2016727602619453888,BOX,False,,4,partial,True,-0.031039135063618106,0.0020702316498129843,0.0,0.0017581846887766912,0.0013656116753667834,1971.0,0.0032630178027621367,0.22850343671269643,73.56671740233384,False
2016670711415525770,BOX,False,,4,partial,True,-0.031039135063618106,0.0020702316498129843,0.0,0.0017581846887766912,0.0013656116753667834,1971.0,0.0032630178027621367,0.22850343671269643,73.56671740233384,False
2016392874670338155,BOX,False,,1,insufficient,False,-0.0002457066756436088,,0.0,,,,,,,False
2015860958149967887,BOX,False,,2,partial,True,0.0002670147726494543,0.0,8.0,0.0006684660967236313,0.0005258114149754871,1318.0,0.0012066461305059878,-1.2713038889709054,0.07587253414264036,False
2014379893212250546,BOX,False,,3,partial,True,0.0014210495324772365,0.00037986706480519494,4.0,0.0006405765596762355,0.0004336418091671976,1560.0,0.0011404427505576464,-0.6012093145993674,28.846153846153843,False
2014169497691890139,BOX,False,,4,partial,True,-0.001812558753137461,0.003258564770691308,0.0,0.0017581846887766912,0.0013656116753667834,1971.0,0.0032630178027621367,1.0986872102654193,89.95433789954338,False
2014047544020705548,BOX,False,,3,partial,True,0.0009537176297584882,0.0012556190084636043,8.0,0.0006684660967236313,0.0005258114149754871,1318.0,0.0012066461305059878,1.1166606410919124,90.59180576631259,True
2013018817610518642,BOX,False,,4,partial,True,0.029139036297544108,0.0028359745022481083,0.0,0.0017581846887766912,0.0013656116753667834,1971.0,0.0032630178027621367,0.789235939405643,86.04769152714357,False
2012353041782263965,BOX,False,,4,partial,True,0.029139036297544108,0.0028359745022481083,0.0,0.0017581846887766912,0.0013656116753667834,1971.0,0.0032630178027621367,0.789235939405643,86.04769152714357,False
2012289037235577313,BOX,False,,4,partial,True,0.029139036297544108,0.0028359745022481083,0.0,0.0017581846887766912,0.0013656116753667834,1971.0,0.0032630178027621367,0.789235939405643,86.04769152714357,False
2011870566144463220,BOX,False,,5,complete,True,-0.00045566474491154363,0.0005306193721008269,8.0,0.0006684660967236313,0.0005258114149754871,1318.0,0.0012066461305059878,-0.2621600077458013,50.45523520485584,False
2011641513969660229,BOX,False,,5,complete,True,-0.010240180184504899,0.0017193022168173239,0.0,0.0017581846887766912,0.0013656116753667834,1971.0,0.0032630178027621367,-0.028472568491276266,63.216641298833075,False
2010927960006721960,BOX,True,"cpi(ALL, 2026-01-13 13:30:00+00:00->2026-01-13 21:00:00+00:00)",4,partial,False,-0.007866512747233156,0.004185428867990038,0.0,0.0017581846887766912,0.0013656116753667834,1971.0,0.0032630178027621367,1.7774043844209404,94.72349061390157,True
2010055953157357622,BOX,False,,4,partial,True,0.002700177831156503,0.0021308135223001203,0.0,0.0017581846887766912,0.0013656116753667834,1971.0,0.0032630178027621367,0.27286588145443796,75.44393708777271,False
2009323784009089366,BOX,False,,3,partial,True,-0.0005785070287601668,8.469551980949674e-05,6.0,0.000644298708764403,0.00048330042126132664,1228.0,0.0011389836365124227,-1.1578785458006497,1.4657980456026058,False
2009125381622857783,BOX,False,,5,complete,True,0.004949242634816109,0.0010357029583859963,0.0,0.0017581846887766912,0.0013656116753667834,1971.0,0.0032630178027621367,-0.5290535687582246,30.948756976154236,False
2008746912569283060,BOX,False,,3,partial,True,0.011786217848891667,0.0009351935368433484,0.0,0.0017581846887766912,0.0013656116753667834,1971.0,0.0032630178027621367,-0.6026538633043682,25.317097919837643,False
2007958155137876183,BOX,False,,4,partial,True,-0.010250393235445743,0.0024264098026794928,0.0,0.0017581846887766912,0.0013656116753667834,1971.0,0.0032630178027621367,0.48932293561661744,80.82191780821918,False
2006521312693637597,BOX,False,,2,partial,True,-0.011905572521534458,0.0,0.0,0.0017581846887766912,0.0013656116753667834,1971.0,0.0032630178027621367,-1.2874704577378986,0.0,False
2006172896453185596,BOX,False,,3,partial,True,-0.0013641199486856825,0.0005757818740486087,0.0,0.0017581846887766912,0.0013656116753667834,1971.0,0.0032630178027621367,-0.8658411729018839,10.553018772196854,False
2005811362807833002,BOX,False,,2,partial,True,-0.005762868667075538,0.0,0.0,0.0017581846887766912,0.0013656116753667834,1971.0,0.0032630178027621367,-1.2874704577378986,0.0,False
2005095077518201221,BOX,False,,1,insufficient,False,0.0014815999861904627,,0.0,,,,,,,False
2004654686629163154,BOX,False,,5,complete,True,-0.0006422763261356712,0.0002458121279276517,12.0,0.0006555028553598318,0.00043303716082071324,7406.0,0.0011453263011522575,-0.9460867669086739,10.3294625978936,False
2003911490584432978,BOX,False,,2,partial,True,-0.00012676405722400474,0.0,0.0,0.0017581846887766912,0.0013656116753667834,1971.0,0.0032630178027621367,-1.2874704577378986,0.0,False
2003588900523257878,BOX,False,,2,partial,True,-0.0097672231026672,0.0,0.0,0.0017581846887766912,0.0013656116753667834,1971.0,0.0032630178027621367,-1.2874704577378986,0.0,False
2003272570364198954,BOX,False,,5,complete,True,0.0012908649275684692,0.0005791492210914233,0.0,0.0017581846887766912,0.0013656116753667834,1971.0,0.0032630178027621367,-0.8633753569576037,10.755961440892946,False
2002805101510197370,BOX,False,,3,partial,True,-0.0003754022259563339,0.0036104900126530115,0.0,0.0017581846887766912,0.0013656116753667834,1971.0,0.0032630178027621367,1.3563924190812282,91.88229325215627,True
2002476175965466736,BOX,False,,3,partial,True,-0.0003754022259563339,0.0036104900126530115,0.0,0.0017581846887766912,0.0013656116753667834,1971.0,0.0032630178027621367,1.3563924190812282,91.88229325215627,True
2001888559725506915,BOX,False,,2,partial,True,-0.0063029865355817005,0.0,0.0,0.0017581846887766912,0.0013656116753667834,1971.0,0.0032630178027621367,-1.2874704577378986,0.0,False
2001749124593615024,BOX,True,"cpi(ALL, 2025-12-18 13:30:00+00:00->2025-12-18 21:00:00+00:00)",3,partial,False,-6.478791154007624e-06,0.0,11.0,0.0005922930022773065,0.00037423045557609527,2768.0,0.001087637501794158,-1.582695885521992,0.32514450867052025,False
2001343878650302667,BOX,False,,2,partial,True,0.0004322818440808396,0.0,6.0,0.000644298708764403,0.00048330042126132664,1228.0,0.0011389836365124227,-1.3331225888090477,0.7328990228013029,False
2000772401815326894,BOX,True,"jobs_report(ALL, 2025-12-16 13:30:00+00:00->2025-12-16 21:00:00+00:00)",2,partial,False,0.0027736547600837325,0.0,0.0,0.0017581846887766912,0.0013656116753667834,1971.0,0.0032630178027621367,-1.2874704577378986,0.0,False
2000439482957619580,BOX,False,,3,partial,True,-0.0008238546077161679,0.0015010784073699046,0.0,0.0017581846887766912,0.0013656116753667834,1971.0,0.0032630178027621367,-0.18827188288188262,53.83054287163876,False
1999725887626125445,BOX,False,,3,partial,True,-0.0008238546077161679,0.0015010784073699046,0.0,0.0017581846887766912,0.0013656116753667834,1971.0,0.0032630178027621367,-0.18827188288188262,53.83054287163876,False
1999531307823780343,BOX,False,,2,partial,True,0.00012810101009708141,0.0,5.0,0.0006354635698313305,0.000429445047786007,1327.0,0.001119594825776626,-1.4797319776009683,0.6782215523737753,False
1999359216310714844,BOX,False,,4,partial,True,-0.0020829314644515984,0.00178095428168434,0.0,0.0017581846887766912,0.0013656116753667834,1971.0,0.0032630178027621367,0.01667354879748912,65.34753932014206,False
1999191612321391058,BOX,False,,2,partial,True,-0.0011128301487075554,0.0,8.0,0.0006684660967236313,0.0005258114149754871,1318.0,0.0012066461305059878,-1.2713038889709054,0.07587253414264036,False
1998597578678829449,BOX,False,,5,complete,True,-0.006110247750037767,0.002404000425487695,0.0,0.0017581846887766912,0.0013656116753667834,1971.0,0.0032630178027621367,0.4729131629147408,80.16235413495687,False
1998247121271824796,BOX,False,,5,complete,True,-0.0036019987698074907,0.0008516503141222028,0.0,0.0017581846887766912,0.0013656116753667834,1971.0,0.0032630178027621367,-0.6638302754778415,21.61339421613394,False
1997768912042369366,BOX,False,,3,partial,True,-0.0023190992345598627,0.000551015169934832,0.0,0.0017581846887766912,0.0013656116753667834,1971.0,0.0032630178027621367,-0.8839771514970616,9.28462709284627,False
1997465631650955504,BOX,False,,3,partial,True,-0.0023190992345598627,0.000551015169934832,0.0,0.0017581846887766912,0.0013656116753667834,1971.0,0.0032630178027621367,-0.8839771514970616,9.28462709284627,False
1997152030507556962,BOX,False,,3,partial,True,-0.0023190992345598627,0.000551015169934832,0.0,0.0017581846887766912,0.0013656116753667834,1971.0,0.0032630178027621367,-0.8839771514970616,9.28462709284627,False
1997014930273587423,BOX,False,,4,partial,True,-0.0005620125498442263,0.00025671956851249894,8.0,0.0006684660967236313,0.0005258114149754871,1318.0,0.0012066461305059878,-0.7830688275003077,14.036418816388469,False
1996240388940804171,BOX,True,"earnings(BOX, 2025-12-02 21:00:00+00:00->2025-12-03 21:00:00+00:00)",5,complete,False,-0.0021914967435116006,0.0017666179284490987,2.0,0.0008900083077710569,0.0005870184378314879,2142.0,0.0015609803531372367,1.493325531505171,93.27731092436974,True
1996114346423066903,BOX,True,"earnings(BOX, 2025-12-02 21:00:00+00:00->2025-12-03 21:00:00+00:00)",4,partial,False,0.011894293324755001,0.0019608343917820407,0.0,0.0017581846887766912,0.0013656116753667834,1971.0,0.0032630178027621367,0.14839482311171714,71.02993404363266,False
1995886909781147962,BOX,False,,3,partial,True,0.002481556515167349,0.00033239148697661314,3.0,0.000758629565148131,0.0004824263753766098,1776.0,0.0013826965166150963,-0.8835297983837884,14.414414414414415,False
1995676190913560798,BOX,False,,4,partial,True,0.0098295525623886,0.0006907200540336022,0.0,0.0017581846887766912,0.0013656116753667834,1971.0,0.0032630178027621367,-0.7816750940243562,15.017757483510907,False
1995208111259599257,BOX,False,,4,partial,True,-0.014394485999814188,0.0036163712167947863,0.0,0.0017581846887766912,0.0013656116753667834,1971.0,0.0032630178027621367,1.360699063677098,91.88229325215627,True
1994900315292979426,BOX,False,,4,partial,True,-0.014394485999814188,0.0036163712167947863,0.0,0.0017581846887766912,0.0013656116753667834,1971.0,0.0032630178027621367,1.360699063677098,91.88229325215627,True
1994876287157244070,BOX,False,,4,partial,True,-0.014394485999814188,0.0036163712167947863,0.0,0.0017581846887766912,0.0013656116753667834,1971.0,0.0032630178027621367,1.360699063677098,91.88229325215627,True
1994563889657516439,BOX,False,,4,partial,True,-0.014394485999814188,0.0036163712167947863,0.0,0.0017581846887766912,0.0013656116753667834,1971.0,0.0032630178027621367,1.360699063677098,91.88229325215627,True
1994536868395061469,BOX,False,,4,partial,True,-0.014394485999814188,0.0036163712167947863,0.0,0.0017581846887766912,0.0013656116753667834,1971.0,0.0032630178027621367,1.360699063677098,91.88229325215627,True
1994083411137577126,BOX,False,,4,partial,True,-0.0005268042423498542,0.0008996653445416396,0.0,0.0017581846887766912,0.0013656116753667834,1971.0,0.0032630178027621367,-0.6286701847393519,23.74429223744292,False
1993906667877195970,BOX,False,,4,partial,True,-0.0005268042423498542,0.0008996653445416396,0.0,0.0017581846887766912,0.0013656116753667834,1971.0,0.0032630178027621367,-0.6286701847393519,23.74429223744292,False
1993548974805168280,BOX,False,,3,partial,True,-0.004694386704942599,0.0008339728463448992,0.0,0.0017581846887766912,0.0013656116753667834,1971.0,0.0032630178027621367,-0.6767750006117677,20.85235920852359,False
1993179081266151641,BOX,False,,2,partial,True,0.005108050309889922,0.0,0.0,0.0017581846887766912,0.0013656116753667834,1971.0,0.0032630178027621367,-1.2874704577378986,0.0,False
1992752275669049462,BOX,False,,3,partial,True,-0.014413807392829048,0.001326480303760924,0.0,0.0017581846887766912,0.0013656116753667834,1971.0,0.0032630178027621367,-0.31612528861824324,45.053272450532724,False
1992097401671504075,BOX,False,,3,partial,True,-0.014413807392829048,0.001326480303760924,0.0,0.0017581846887766912,0.0013656116753667834,1971.0,0.0032630178027621367,-0.31612528861824324,45.053272450532724,False
1991991192066933045,BOX,False,,3,partial,True,-0.014413807392829048,0.001326480303760924,0.0,0.0017581846887766912,0.0013656116753667834,1971.0,0.0032630178027621367,-0.31612528861824324,45.053272450532724,False
1991923373417672717,BOX,False,,2,partial,True,0.0004033632861792924,0.0,6.0,0.000644298708764403,0.00048330042126132664,1228.0,0.0011389836365124227,-1.3331225888090477,0.7328990228013029,False
1991745725726879875,BOX,False,,2,partial,True,-0.007395039658258051,0.0,0.0,0.0017581846887766912,0.0013656116753667834,1971.0,0.0032630178027621367,-1.2874704577378986,0.0,False
1991382210541416620,BOX,True,"jobs_report(ALL, 2025-11-20 13:30:00+00:00->2025-11-20 21:00:00+00:00)",3,partial,False,0.00368832122791507,0.0035294904611460343,0.0,0.0017581846887766912,0.0013656116753667834,1971.0,0.0032630178027621367,1.2970786676187402,91.52714358193809,True
1990820579981840746,BOX,False,,3,partial,True,-0.0008311547005575015,0.00016963520778223717,4.0,0.0006405765596762355,0.0004336418091671976,1560.0,0.0011404427505576464,-1.086014636823036,4.423076923076923,False
1990594635614597230,BOX,False,,3,partial,True,0.0013518475083543757,0.0032602560832346583,0.0,0.0017581846887766912,0.0013656116753667834,1971.0,0.0032630178027621367,1.0999257120839514,89.95433789954338,False
1990158009952297028,BOX,False,,4,partial,True,-0.009819005339745779,0.0009454171443701704,0.0,0.0017581846887766912,0.0013656116753667834,1971.0,0.0032630178027621367,-0.5951673957299928,26.128868594622016,False
1989813515650281968,BOX,False,,4,partial,True,-0.009819005339745779,0.0009454171443701704,0.0,0.0017581846887766912,0.0013656116753667834,1971.0,0.0032630178027621367,-0.5951673957299928,26.128868594622016,False
1989051715207983511,BOX,False,,2,partial,True,-0.0005104290775446163,0.0,9.0,0.0006141504376655027,0.000412204725296186,1423.0,0.0011014392407613976,-1.489916053786648,0.21082220660576245,False
1988788206821863438,BOX,False,,3,partial,True,0.0031289091681516723,0.001407251938917664,0.0,0.0017581846887766912,0.0013656116753667834,1971.0,0.0032630178027621367,-0.25697843405210463,49.01065449010654,False
1988438465739125201,BOX,False,,1,insufficient,False,0.010336629526209729,,0.0,,,,,,,False
1988105997475606611,BOX,False,,1,insufficient,False,0.002428494122842073,,0.0,,,,,,,False
1987945033971171705,BOX,False,,4,partial,True,-0.0010504934477305605,0.00025595505886742654,7.0,0.0006681341163889676,0.0005705509900078666,1250.0,0.001189888240982327,-0.7224228241473354,14.719999999999999,False
1987595537122791875,BOX,False,,3,partial,True,-0.011042824074404267,0.0014343779973626791,0.0,0.0017581846887766912,0.0013656116753667834,1971.0,0.0032630178027621367,-0.2371147649473942,50.88787417554541,False
1987269365725901293,BOX,False,,3,partial,True,-0.011042824074404267,0.0014343779973626791,0.0,0.0017581846887766912,0.0013656116753667834,1971.0,0.0032630178027621367,-0.2371147649473942,50.88787417554541,False
1986620885592113218,BOX,False,,4,partial,True,0.01669851886899021,0.003124159549835056,0.0,0.0017581846887766912,0.0013656116753667834,1971.0,0.0032630178027621367,1.000265950927436,88.68594622019279,False
1986188497242488895,BOX,False,,2,partial,True,-0.002897306239060371,0.0,0.0,0.0017581846887766912,0.0013656116753667834,1971.0,0.0032630178027621367,-1.2874704577378986,0.0,False
1985868555980820605,BOX,False,,3,partial,True,0.0052524704029409675,0.0003934698348102561,0.0,0.0017581846887766912,0.0013656116753667834,1971.0,0.0032630178027621367,-0.9993432822693848,3.8051750380517504,False
1985566097152885126,BOX,False,,3,partial,True,-0.0005372434099464307,0.00046954386714959107,0.0,0.0017581846887766912,0.0013656116753667834,1971.0,0.0032630178027621367,-0.9436363534904533,5.834601725012684,False
1985507252120535429,BOX,False,,3,partial,True,-0.0005372434099464307,0.00046954386714959107,0.0,0.0017581846887766912,0.0013656116753667834,1971.0,0.0032630178027621367,-0.9436363534904533,5.834601725012684,False
1985180770785481004,BOX,False,,5,complete,True,-0.0076646339470762825,0.0012932647897777143,0.0,0.0017581846887766912,0.0013656116753667834,1971.0,0.0032630178027621367,-0.34044809910848645,43.886352105530186,False
1984788764963848463,BOX,False,,5,complete,True,-0.0076646339470762825,0.0012932647897777143,0.0,0.0017581846887766912,0.0013656116753667834,1971.0,0.0032630178027621367,-0.34044809910848645,43.886352105530186,False
1984662238914093489,BOX,False,,5,complete,True,-0.0076646339470762825,0.0012932647897777143,0.0,0.0017581846887766912,0.0013656116753667834,1971.0,0.0032630178027621367,-0.34044809910848645,43.886352105530186,False
1984648216730878262,BOX,False,,5,complete,True,-0.0076646339470762825,0.0012932647897777143,0.0,0.0017581846887766912,0.0013656116753667834,1971.0,0.0032630178027621367,-0.34044809910848645,43.886352105530186,False
1984063020054798440,BOX,False,,1,insufficient,False,-0.009235176599410977,,0.0,,,,,,,False
1983721593340875138,BOX,False,,2,partial,True,0.007056905986455586,0.0,0.0,0.0017581846887766912,0.0013656116753667834,1971.0,0.0032630178027621367,-1.2874704577378986,0.0,False
1983368863673921758,BOX,False,,5,complete,True,-0.02145309082789204,0.004816823690837193,0.0,0.0017581846887766912,0.0013656116753667834,1971.0,0.0032630178027621367,2.2397575073741187,96.24556062912227,True
1982996352641462724,BOX,False,,1,insufficient,False,-0.0014455050526998026,,0.0,,,,,,,False
1982875803076702400,BOX,False,,2,partial,True,0.0003120027901719613,0.0,9.0,0.0006141504376655027,0.000412204725296186,1423.0,0.0011014392407613976,-1.489916053786648,0.21082220660576245,False
1982605763555246203,BOX,False,,3,partial,True,-0.009696879293645044,0.00037779759671296986,0.0,0.0017581846887766912,0.0013656116753667834,1971.0,0.0032630178027621367,-1.0108196326697114,3.5514967021816335,False
1981921855863963863,BOX,False,,3,partial,True,-0.009696879293645044,0.00037779759671296986,0.0,0.0017581846887766912,0.0013656116753667834,1971.0,0.0032630178027621367,-1.0108196326697114,3.5514967021816335,False
1981552772542869574,BOX,True,"cpi(ALL, 2025-10-24 12:30:00+00:00->2025-10-24 20:00:00+00:00)",3,partial,False,0.0011883881025656073,0.0002981514697768528,0.0,0.0017581846887766912,0.0013656116753667834,1971.0,0.0032630178027621367,-1.0691423084147949,2.28310502283105,False
1981479811500724297,BOX,True,"cpi(ALL, 2025-10-24 12:30:00+00:00->2025-10-24 20:00:00+00:00)",3,partial,False,0.0011883881025656073,0.0002981514697768528,0.0,0.0017581846887766912,0.0013656116753667834,1971.0,0.0032630178027621367,-1.0691423084147949,2.28310502283105,False
1981403279780434058,BOX,False,,1,insufficient,False,-0.0004022016817990526,,6.0,,,,,,,False
1981190193718972802,BOX,False,,2,partial,True,-0.004049040899698486,0.0,0.0,0.0017581846887766912,0.0013656116753667834,1971.0,0.0032630178027621367,-1.2874704577378986,0.0,False
1981043419062694123,BOX,False,,3,partial,True,-7.133247940838139e-05,0.0,6.0,0.000644298708764403,0.00048330042126132664,1228.0,0.0011389836365124227,-1.3331225888090477,0.7328990228013029,False
1980856705027305835,BOX,False,,1,insufficient,False,-0.0031961632395671735,,0.0,,,,,,,False
1980710354016669751,BOX,False,,4,partial,True,0.0016312948237409142,0.0005094474040329317,10.0,0.0005355339254825178,0.0003411724991485386,1693.0,0.000982805961567209,-0.07646138394709434,56.1724748966332,False
1980435175160050092,BOX,False,,3,partial,True,0.0031647033353461307,0.0010564668460466553,0.0,0.0017581846887766912,0.0013656116753667834,1971.0,0.0032630178027621367,-0.5138487429389945,32.217148655504815,False
1980085588549362123,BOX,False,,3,partial,True,-3.6454742654790095e-05,0.002820878549608219,0.0,0.0017581846887766912,0.0013656116753667834,1971.0,0.0032630178027621367,0.7781815870504356,85.99695585996956,False
1979941267753824738,BOX,False,,3,partial,True,-3.6454742654790095e-05,0.002820878549608219,0.0,0.0017581846887766912,0.0013656116753667834,1971.0,0.0032630178027621367,0.7781815870504356,85.99695585996956,False
1979648582224658538,BOX,False,,3,partial,True,-3.6454742654790095e-05,0.002820878549608219,0.0,0.0017581846887766912,0.0013656116753667834,1971.0,0.0032630178027621367,0.7781815870504356,85.99695585996956,False
1979597667031511064,BOX,False,,3,partial,True,-3.6454742654790095e-05,0.002820878549608219,0.0,0.0017581846887766912,0.0013656116753667834,1971.0,0.0032630178027621367,0.7781815870504356,85.99695585996956,False
1979312435694834048,BOX,False,,3,partial,True,-3.6454742654790095e-05,0.002820878549608219,0.0,0.0017581846887766912,0.0013656116753667834,1971.0,0.0032630178027621367,0.7781815870504356,85.99695585996956,False
1978982310113390827,BOX,False,,1,insufficient,False,0.008628262482310745,,0.0,,,,,,,False
1978669569096163384,BOX,False,,1,insufficient,False,-0.002179569241869128,,0.0,,,,,,,False
1977875995484184777,BOX,False,,1,insufficient,False,0.00540854374675348,,0.0,,,,,,,False
1977605722008654123,BOX,False,,2,partial,True,-0.01805842388967205,0.0,0.0,0.0017581846887766912,0.0013656116753667834,1971.0,0.0032630178027621367,-1.2874704577378986,0.0,False
1977487728762884249,BOX,False,,2,partial,True,-0.01805842388967205,0.0,0.0,0.0017581846887766912,0.0013656116753667834,1971.0,0.0032630178027621367,-1.2874704577378986,0.0,False
1977079675722801607,BOX,False,,2,partial,True,-0.01805842388967205,0.0,0.0,0.0017581846887766912,0.0013656116753667834,1971.0,0.0032630178027621367,-1.2874704577378986,0.0,False
1976839744194855002,BOX,False,,2,partial,True,-0.01805842388967205,0.0,0.0,0.0017581846887766912,0.0013656116753667834,1971.0,0.0032630178027621367,-1.2874704577378986,0.0,False
1976462057840181320,BOX,False,,3,partial,True,-0.0014207027205785927,0.0030960009401959088,0.0,0.0017581846887766912,0.0013656116753667834,1971.0,0.0032630178027621367,0.9796461728843228,88.4830035514967,False
1976360528256852130,BOX,False,,4,partial,True,-0.0020771630407645514,0.0006093537980056294,11.0,0.0005922930022773065,0.00037423045557609527,2768.0,0.001087637501794158,0.045589009323304015,61.054913294797686,False
1976105792878350577,BOX,False,,2,partial,True,0.0009765149910718751,0.0,0.0,0.0017581846887766912,0.0013656116753667834,1971.0,0.0032630178027621367,-1.2874704577378986,0.0,False
1975771522758549617,BOX,False,,3,partial,True,0.0012861481006642972,0.0014426791049162446,0.0,0.0017581846887766912,0.0013656116753667834,1971.0,0.0032630178027621367,-0.23103609140988512,51.44596651445966,False
1975401848594116920,BOX,False,,5,complete,True,0.008316988238340706,0.003650262526846073,0.0,0.0017581846887766912,0.0013656116753667834,1971.0,0.0032630178027621367,1.385516741105188,92.03450025367833,True
1975274282398962099,BOX,False,,4,partial,True,-0.0003492156470171759,0.0008027618109236489,11.0,0.0005922930022773065,0.00037423045557609527,2768.0,0.001087637501794158,0.5624042765903271,77.3121387283237,False
1975267269690441862,BOX,False,,5,complete,True,0.001984737023962291,0.0009495994848332514,10.0,0.0005355339254825178,0.0003411724991485386,1693.0,0.000982805961567209,1.2136545600366784,88.7182516243355,False
1975010765913682214,BOX,False,,3,partial,True,-0.0034553028071985237,0.004029187410429458,0.0,0.0017581846887766912,0.0013656116753667834,1971.0,0.0032630178027621367,1.662993047450922,94.06392694063926,True
1974637047257370641,BOX,False,,3,partial,True,-0.0034553028071985237,0.004029187410429458,0.0,0.0017581846887766912,0.0013656116753667834,1971.0,0.0032630178027621367,1.662993047450922,94.06392694063926,True
1974510318933201021,BOX,False,,3,partial,True,-0.0034553028071985237,0.004029187410429458,0.0,0.0017581846887766912,0.0013656116753667834,1971.0,0.0032630178027621367,1.662993047450922,94.06392694063926,True
1974344042273267766,BOX,False,,3,partial,True,-0.0034553028071985237,0.004029187410429458,0.0,0.0017581846887766912,0.0013656116753667834,1971.0,0.0032630178027621367,1.662993047450922,94.06392694063926,True
1973971040947855474,BOX,False,,4,partial,True,-0.0019280322270516237,0.001198175290284483,0.0,0.0017581846887766912,0.0013656116753667834,1971.0,0.0032630178027621367,-0.41007953329177405,38.762049720953826,False
1973471766938001745,BOX,False,,5,complete,True,0.0007364904044248055,0.0003488841360352671,12.0,0.0006555028553598318,0.00043303716082071324,7406.0,0.0011453263011522575,-0.7080656051398588,21.71212530380772,False
1973229517213933956,BOX,False,,4,partial,True,0.014283588177537831,0.0012095437927446017,0.0,0.0017581846887766912,0.0013656116753667834,1971.0,0.0032630178027621367,-0.40175469053802026,39.52308472856418,False
1972831658157232444,BOX,False,,2,partial,True,-0.00027923794139006475,0.0,0.0,0.0017581846887766912,0.0013656116753667834,1971.0,0.0032630178027621367,-1.2874704577378986,0.0,False
1972777693377949830,BOX,False,,2,partial,True,-0.00027923794139006475,0.0,0.0,0.0017581846887766912,0.0013656116753667834,1971.0,0.0032630178027621367,-1.2874704577378986,0.0,False
1972415011227381902,BOX,False,,1,insufficient,False,-0.011866666398241188,,0.0,,,,,,,False
1971226298786906490,BOX,False,,3,partial,True,-0.0007626468692569777,0.0007759638548845427,2.0,0.0008900083077710569,0.0005870184378314879,2142.0,0.0015609803531372367,-0.19427746308583974,52.05415499533147,False
1971069915991007724,BOX,False,,3,partial,True,0.00341854937415198,0.0010064617574134793,0.0,0.0017581846887766912,0.0013656116753667834,1971.0,0.0032630178027621367,-0.5504660987621609,29.173008625063417,False
1970989665445687464,BOX,False,,3,partial,True,0.00341854937415198,0.0010064617574134793,0.0,0.0017581846887766912,0.0013656116753667834,1971.0,0.0032630178027621367,-0.5504660987621609,29.173008625063417,False
1970701791064137877,BOX,False,,1,insufficient,False,0.0016044062561550998,,0.0,,,,,,,False
1970316300712063422,BOX,False,,1,insufficient,False,0.0006246086896308789,,0.0,,,,,,,False
1969866932557062471,BOX,False,,5,complete,True,-0.002408623593428416,0.0022818853370642693,0.0,0.0017581846887766912,0.0013656116753667834,1971.0,0.0032630178027621367,0.3834916306986902,78.08219178082192,False
1969839611682984194,BOX,False,,5,complete,True,-0.002408623593428416,0.0022818853370642693,0.0,0.0017581846887766912,0.0013656116753667834,1971.0,0.0032630178027621367,0.3834916306986902,78.08219178082192,False
1969229371912356273,BOX,False,,5,complete,True,-0.002408623593428416,0.0022818853370642693,0.0,0.0017581846887766912,0.0013656116753667834,1971.0,0.0032630178027621367,0.3834916306986902,78.08219178082192,False
1968883364469129316,BOX,False,,2,partial,True,-0.002198961778102082,0.0,0.0,0.0017581846887766912,0.0013656116753667834,1971.0,0.0032630178027621367,-1.2874704577378986,0.0,False
1968512148533133810,BOX,False,,1,insufficient,False,-0.015393349607471518,,0.0,,,,,,,False
1968420057114939856,BOX,False,,1,insufficient,False,-0.015393349607471518,,0.0,,,,,,,False
1968151772746354967,BOX,False,,1,insufficient,False,0.005594132302598753,,0.0,,,,,,,False
1967984466300899337,BOX,False,,3,partial,True,-0.00039049274531988143,0.0013836458870430945,5.0,0.0006354635698313305,0.000429445047786007,1327.0,0.001119594825776626,1.74220734659533,94.64958553127354,True
1967757615372640645,BOX,False,,2,partial,True,-0.0011958101235165497,0.0,0.0,0.0017581846887766912,0.0013656116753667834,1971.0,0.0032630178027621367,-1.2874704577378986,0.0,False
1967342270342173050,BOX,False,,1,insufficient,False,-0.0037785814374736715,,0.0,,,,,,,False
1967036306888044887,BOX,False,,1,insufficient,False,-0.0037785814374736715,,0.0,,,,,,,False
1966705068700561623,BOX,False,,1,insufficient,False,-0.0037785814374736715,,0.0,,,,,,,False
1966175904566227366,BOX,True,"cpi(ALL, 2025-09-11 12:30:00+00:00->2025-09-11 20:00:00+00:00)",3,partial,False,0.0012939043535373784,0.00022833946628764146,5.0,0.0006354635698313305,0.000429445047786007,1327.0,0.001119594825776626,-0.9480237474913425,11.303692539562924,False
1965635682271187329,BOX,False,,3,partial,True,-0.005403754659191962,0.0010469416266776221,0.0,0.0017581846887766912,0.0013656116753667834,1971.0,0.0032630178027621367,-0.5208238000074505,31.65905631659056,False
1965577317935448113,BOX,False,,3,partial,True,-0.005403754659191962,0.0010469416266776221,0.0,0.0017581846887766912,0.0013656116753667834,1971.0,0.0032630178027621367,-0.5208238000074505,31.65905631659056,False
1965484622797840797,BOX,False,,5,complete,True,-0.0002688873978937689,0.00021199423968883436,10.0,0.0005355339254825178,0.0003411724991485386,1693.0,0.000982805961567209,-0.9483170144168677,13.585351447135263,False
1965253791718191383,BOX,False,,3,partial,True,0.0009162143199623607,7.538634835291269e-05,0.0,0.0017581846887766912,0.0013656116753667834,1971.0,0.0032630178027621367,-1.2322671010935837,0.10147133434804667,False
1964917120346861626,BOX,False,,2,partial,True,-0.0039051105556069388,0.0,0.0,0.0017581846887766912,0.0013656116753667834,1971.0,0.0032630178027621367,-1.2874704577378986,0.0,False
1964912351196717301,BOX,False,,2,partial,True,-0.0039051105556069388,0.0,0.0,0.0017581846887766912,0.0013656116753667834,1971.0,0.0032630178027621367,-1.2874704577378986,0.0,False
1964515570986209584,BOX,False,,2,partial,True,-0.0039051105556069388,0.0,0.0,0.0017581846887766912,0.0013656116753667834,1971.0,0.0032630178027621367,-1.2874704577378986,0.0,False
1964372070890123489,BOX,False,,2,partial,True,-0.0039051105556069388,0.0,0.0,0.0017581846887766912,0.0013656116753667834,1971.0,0.0032630178027621367,-1.2874704577378986,0.0,False
1964189550693273685,BOX,False,,2,partial,True,-0.0039051105556069388,0.0,0.0,0.0017581846887766912,0.0013656116753667834,1971.0,0.0032630178027621367,-1.2874704577378986,0.0,False
1964047397044310490,BOX,True,"jobs_report(ALL, 2025-09-05 12:30:00+00:00->2025-09-05 20:00:00+00:00)",5,complete,False,-0.00030891910457064853,0.00028602821682570677,11.0,0.0005922930022773065,0.00037423045557609527,2768.0,0.001087637501794158,-0.8183855185707206,19.25578034682081,False
1963802448780472529,BOX,True,"jobs_report(ALL, 2025-09-05 12:30:00+00:00->2025-09-05 20:00:00+00:00)",2,partial,False,-0.0003696728551483286,0.0,0.0,0.0017581846887766912,0.0013656116753667834,1971.0,0.0032630178027621367,-1.2874704577378986,0.0,False
1963452672209784850,BOX,False,,1,insufficient,False,-0.005317000565311258,,0.0,,,,,,,False
1963071173060886971,BOX,False,,4,partial,True,-0.005475486449628031,0.0027997129862732226,0.0,0.0017581846887766912,0.0013656116753667834,1971.0,0.0032630178027621367,0.762682625144364,85.94622019279554,False
1962748473138401646,BOX,False,,2,partial,True,0.009087787000568559,0.0,0.0,0.0017581846887766912,0.0013656116753667834,1971.0,0.0032630178027621367,-1.2874704577378986,0.0,False
1962582305526206625,BOX,False,,2,partial,True,0.009087787000568559,0.0,0.0,0.0017581846887766912,0.0013656116753667834,1971.0,0.0032630178027621367,-1.2874704577378986,0.0,False
1962319969783546322,BOX,False,,2,partial,True,0.009087787000568559,0.0,0.0,0.0017581846887766912,0.0013656116753667834,1971.0,0.0032630178027621367,-1.2874704577378986,0.0,False
1962319895070458241,BOX,False,,2,partial,True,0.009087787000568559,0.0,0.0,0.0017581846887766912,0.0013656116753667834,1971.0,0.0032630178027621367,-1.2874704577378986,0.0,False
1962295909892653208,BOX,False,,2,partial,True,0.009087787000568559,0.0,0.0,0.0017581846887766912,0.0013656116753667834,1971.0,0.0032630178027621367,-1.2874704577378986,0.0,False
1961884479427080255,BOX,False,,2,partial,True,0.009087787000568559,0.0,0.0,0.0017581846887766912,0.0013656116753667834,1971.0,0.0032630178027621367,-1.2874704577378986,0.0,False
1961844488445567067,BOX,False,,2,partial,True,0.009087787000568559,0.0,0.0,0.0017581846887766912,0.0013656116753667834,1971.0,0.0032630178027621367,-1.2874704577378986,0.0,False
1961592190892982565,BOX,False,,2,partial,True,0.009087787000568559,0.0,0.0,0.0017581846887766912,0.0013656116753667834,1971.0,0.0032630178027621367,-1.2874704577378986,0.0,False
1961252992537268515,BOX,False,,3,partial,True,-0.0019122517361458424,0.0006900334817339093,0.0,0.0017581846887766912,0.0013656116753667834,1971.0,0.0032630178027621367,-0.7821778521012512,15.017757483510907,False
1961112921150546063,BOX,False,,4,partial,True,0.00022941806278387045,0.00021515496509351352,7.0,0.0006681341163889676,0.0005705509900078666,1250.0,0.001189888240982327,-0.7939328109643777,9.28,False
1960852529287455070,BOX,False,,2,partial,True,-0.0046757460083025615,0.0,0.0,0.0017581846887766912,0.0013656116753667834,1971.0,0.0032630178027621367,-1.2874704577378986,0.0,False
1960807122666709242,BOX,False,,2,partial,True,-0.0046757460083025615,0.0,0.0,0.0017581846887766912,0.0013656116753667834,1971.0,0.0032630178027621367,-1.2874704577378986,0.0,False
1960483226373513447,BOX,True,"earnings(BOX, 2025-08-26 20:00:00+00:00->2025-08-27 20:00:00+00:00)",5,complete,False,0.012841961309375427,0.014268154416084788,0.0,0.0017581846887766912,0.0013656116753667834,1971.0,0.0032630178027621367,9.160707947190112,100.0,True
1960196953788305568,BOX,False,,5,complete,True,-0.00020413046112666144,0.0014956291644553775,0.0,0.0017581846887766912,0.0013656116753667834,1971.0,0.0032630178027621367,-0.19226221411060726,53.62760020294267,False
1960070316111372735,BOX,False,,5,complete,True,-0.00020413046112666144,0.0014956291644553775,0.0,0.0017581846887766912,0.0013656116753667834,1971.0,0.0032630178027621367,-0.19226221411060726,53.62760020294267,False
1959787184950788224,BOX,False,,3,partial,True,-0.001441344088585983,0.00015834685619742217,0.0,0.0017581846887766912,0.0013656116753667834,1971.0,0.0032630178027621367,-1.1715173950527158,0.35514967021816335,False
1959660079722246546,BOX,False,,3,partial,True,-0.001441344088585983,0.00015834685619742217,0.0,0.0017581846887766912,0.0013656116753667834,1971.0,0.0032630178027621367,-1.1715173950527158,0.35514967021816335,False
1959098026213220801,BOX,False,,3,partial,True,-0.001441344088585983,0.00015834685619742217,0.0,0.0017581846887766912,0.0013656116753667834,1971.0,0.0032630178027621367,-1.1715173950527158,0.35514967021816335,False
1958312148935008369,BOX,False,,2,partial,True,0.002908124722891259,0.0,0.0,0.0017581846887766912,0.0013656116753667834,1971.0,0.0032630178027621367,-1.2874704577378986,0.0,False
1957962344153448699,BOX,False,,3,partial,True,0.0008422082210008952,0.0027746063512938957,0.0,0.0017581846887766912,0.0013656116753667834,1971.0,0.0032630178027621367,0.7442977244934644,85.84474885844749,False
1957854649496867056,BOX,False,,3,partial,True,-0.0006527642721427807,0.00031717084229043735,7.0,0.0006681341163889676,0.0005705509900078666,1250.0,0.001189888240982327,-0.6151304269819798,21.12,False
1957642363280801886,BOX,False,,1,insufficient,False,0.0038562303249027874,,0.0,,,,,,,False
1957264955432223123,BOX,False,,1,insufficient,False,-0.0002361220926342389,,0.0,,,,,,,False
1957161995297501611,BOX,False,,1,insufficient,False,-0.0002361220926342389,,0.0,,,,,,,False
1956763646836838492,BOX,False,,1,insufficient,False,-0.0002361220926342389,,0.0,,,,,,,False
1956506467789660377,BOX,False,,1,insufficient,False,-0.0002361220926342389,,0.0,,,,,,,False
1956189037435478277,BOX,False,,2,partial,True,0.006903313259367327,0.0,0.0,0.0017581846887766912,0.0013656116753667834,1971.0,0.0032630178027621367,-1.2874704577378986,0.0,False
1956021327862882806,BOX,False,,2,partial,True,0.00030014341525719246,0.0,4.0,0.0006405765596762355,0.0004336418091671976,1560.0,0.0011404427505576464,-1.4772020274208635,0.38461538461538464,False
1955828224682025020,BOX,False,,3,partial,True,-0.002732117503818521,0.0026928120979530235,0.0,0.0017581846887766912,0.0013656116753667834,1971.0,0.0032630178027621367,0.6844020346598934,84.93150684931507,False
1955485403177505020,BOX,False,,1,insufficient,False,-0.0012656362802223597,,0.0,,,,,,,False
1955038477361484203,BOX,True,"cpi(ALL, 2025-08-12 12:30:00+00:00->2025-08-12 20:00:00+00:00)",3,partial,False,-0.007525834707462042,0.001126825044546198,0.0,0.0017581846887766912,0.0013656116753667834,1971.0,0.0032630178027621367,-0.46232736261640345,35.51496702181633,False
1954731387640320012,BOX,False,,3,partial,True,-0.00039241539524081936,0.0006289308383413683,0.0,0.0017581846887766912,0.0013656116753667834,1971.0,0.0032630178027621367,-0.8269216431032795,12.734652460679857,False
1954668252950589643,BOX,False,,3,partial,True,-0.00039241539524081936,0.0006289308383413683,0.0,0.0017581846887766912,0.0013656116753667834,1971.0,0.0032630178027621367,-0.8269216431032795,12.734652460679857,False
1954342551668023655,BOX,False,,3,partial,True,-0.00039241539524081936,0.0006289308383413683,0.0,0.0017581846887766912,0.0013656116753667834,1971.0,0.0032630178027621367,-0.8269216431032795,12.734652460679857,False
1954309317202747616,BOX,False,,3,partial,True,-0.00039241539524081936,0.0006289308383413683,0.0,0.0017581846887766912,0.0013656116753667834,1971.0,0.0032630178027621367,-0.8269216431032795,12.734652460679857,False
1954201490991861783,BOX,False,,3,partial,True,-0.00039241539524081936,0.0006289308383413683,0.0,0.0017581846887766912,0.0013656116753667834,1971.0,0.0032630178027621367,-0.8269216431032795,12.734652460679857,False
1953956848178192586,BOX,False,,3,partial,True,-0.00039241539524081936,0.0006289308383413683,0.0,0.0017581846887766912,0.0013656116753667834,1971.0,0.0032630178027621367,-0.8269216431032795,12.734652460679857,False
1953920948668969248,BOX,False,,3,partial,True,-0.00039241539524081936,0.0006289308383413683,0.0,0.0017581846887766912,0.0013656116753667834,1971.0,0.0032630178027621367,-0.8269216431032795,12.734652460679857,False
1953670264988016931,BOX,False,,2,partial,True,-0.00041923577464575423,0.0,0.0,0.0017581846887766912,0.0013656116753667834,1971.0,0.0032630178027621367,-1.2874704577378986,0.0,False
1953626050757537961,BOX,False,,2,partial,True,-0.00041923577464575423,0.0,0.0,0.0017581846887766912,0.0013656116753667834,1971.0,0.0032630178027621367,-1.2874704577378986,0.0,False
1953505866122236089,BOX,False,,5,complete,True,-0.001469877503605388,0.0002520506358706315,7.0,0.0006681341163889676,0.0005705509900078666,1250.0,0.001189888240982327,-0.7292660740324003,14.56,False
1953225396822163885,BOX,False,,2,partial,True,-0.003737495298050897,0.0,0.0,0.0017581846887766912,0.0013656116753667834,1971.0,0.0032630178027621367,-1.2874704577378986,0.0,False
1952857455417016391,BOX,False,,1,insufficient,False,-0.0006875138245971968,,0.0,,,,,,,False
1952780903086018699,BOX,False,,3,partial,True,-0.0010674111365188699,0.0006304673822101758,7.0,0.0006681341163889676,0.0005705509900078666,1250.0,0.001189888240982327,-0.0660181733770586,58.96,False
1952600861089452148,BOX,False,,1,insufficient,False,0.0005247401465235946,,0.0,,,,,,,False
1952500405210173516,BOX,False,,1,insufficient,False,0.0005247401465235946,,0.0,,,,,,,False
1952110754276200929,BOX,False,,2,partial,True,-0.008368954972186038,0.0,0.0,0.0017581846887766912,0.0013656116753667834,1971.0,0.0032630178027621367,-1.2874704577378986,0.0,False
1952053109666250874,BOX,False,,2,partial,True,-0.008368954972186038,0.0,0.0,0.0017581846887766912,0.0013656116753667834,1971.0,0.0032630178027621367,-1.2874704577378986,0.0,False
1951798756468564359,BOX,False,,2,partial,True,-0.008368954972186038,0.0,0.0,0.0017581846887766912,0.0013656116753667834,1971.0,0.0032630178027621367,-1.2874704577378986,0.0,False
1951666669010751594,BOX,False,,2,partial,True,-0.008368954972186038,0.0,0.0,0.0017581846887766912,0.0013656116753667834,1971.0,0.0032630178027621367,-1.2874704577378986,0.0,False
1951477125980287293,BOX,False,,2,partial,True,-0.008368954972186038,0.0,0.0,0.0017581846887766912,0.0013656116753667834,1971.0,0.0032630178027621367,-1.2874704577378986,0.0,False
1951119978209615893,BOX,True,"jobs_report(ALL, 2025-08-01 12:30:00+00:00->2025-08-01 20:00:00+00:00)",4,partial,False,0.010862539495539947,0.00044582753665305347,0.0,0.0017581846887766912,0.0013656116753667834,1971.0,0.0032630178027621367,-0.9610031722752792,5.225773718924404,False
1950965166507708428,BOX,False,,3,partial,True,0.00011904052840061574,0.00046388168420441467,6.0,0.000644298708764403,0.00048330042126132664,1228.0,0.0011389836365124227,-0.37330202214418223,40.390879478827365,False
1950943213889712149,BOX,False,,2,partial,True,-0.002226339710472036,0.0,4.0,0.0006405765596762355,0.0004336418091671976,1560.0,0.0011404427505576464,-1.4772020274208635,0.38461538461538464,False
1950608340947796074,BOX,False,,3,partial,True,-0.00013709340837120276,0.00022925847783139552,7.0,0.0006681341163889676,0.0005705509900078666,1250.0,0.001189888240982327,-0.7692137008675088,10.879999999999999,False
1950354513610616943,BOX,False,,3,partial,True,-0.00522688554684414,0.0011501719292161816,0.0,0.0017581846887766912,0.0013656116753667834,1971.0,0.0032630178027621367,-0.44523107888427077,36.12379502790461,False
1949959279353745810,BOX,False,,2,partial,True,0.0017562895577705184,0.0,0.0,0.0017581846887766912,0.0013656116753667834,1971.0,0.0032630178027621367,-1.2874704577378986,0.0,False
1949623247361974697,BOX,False,,1,insufficient,False,-0.0006703737852666869,,0.0,,,,,,,False
1949504939849331122,BOX,False,,1,insufficient,False,-0.0006703737852666869,,0.0,,,,,,,False
1949147166481752523,BOX,False,,1,insufficient,False,-0.0006703737852666869,,0.0,,,,,,,False
1948936241569038571,BOX,False,,1,insufficient,False,-0.0006703737852666869,,0.0,,,,,,,False
1948854933161439314,BOX,False,,1,insufficient,False,-0.0006703737852666869,,0.0,,,,,,,False
1948564358856147163,BOX,False,,2,partial,True,0.0018161420277653662,0.0,0.0,0.0017581846887766912,0.0013656116753667834,1971.0,0.0032630178027621367,-1.2874704577378986,0.0,False
1948244333972652188,BOX,False,,1,insufficient,False,-0.00528808714196527,,0.0,,,,,,,False
1948217650984649113,BOX,False,,1,insufficient,False,-0.00528808714196527,,0.0,,,,,,,False
1948046549260648589,BOX,False,,4,partial,True,-0.0009054856836709924,0.0002855699072514169,4.0,0.0006405765596762355,0.0004336418091671976,1560.0,0.0011404427505576464,-0.8186633413106623,17.692307692307693,False
1947830617913364853,BOX,False,,2,partial,True,-0.0003464136449828903,0.0,0.0,0.0017581846887766912,0.0013656116753667834,1971.0,0.0032630178027621367,-1.2874704577378986,0.0,False
1947722135876866369,BOX,False,,4,partial,True,-7.993211586887483e-05,0.0007247042994462539,9.0,0.0006141504376655027,0.000412204725296186,1423.0,0.0011014392407613976,0.26820134509936455,71.18763176387914,False
1947465388843061641,BOX,False,,4,partial,True,0.001236369160476647,0.0020422030509006832,0.0,0.0017581846887766912,0.0013656116753667834,1971.0,0.0032630178027621367,0.20797886196140558,72.95788939624556,False
1947089114286981418,BOX,False,,5,complete,True,0.002228207791333814,0.0010858992247911796,0.0,0.0017581846887766912,0.0013656116753667834,1971.0,0.0032630178027621367,-0.49229621869258366,33.13039066463724,False
1947003139686846797,BOX,False,,5,complete,True,0.002228207791333814,0.0010858992247911796,0.0,0.0017581846887766912,0.0013656116753667834,1971.0,0.0032630178027621367,-0.49229621869258366,33.13039066463724,False
1946990049041711441,BOX,False,,5,complete,True,0.002228207791333814,0.0010858992247911796,0.0,0.0017581846887766912,0.0013656116753667834,1971.0,0.0032630178027621367,-0.49229621869258366,33.13039066463724,False
1946693912984510767,BOX,False,,5,complete,True,0.002228207791333814,0.0010858992247911796,0.0,0.0017581846887766912,0.0013656116753667834,1971.0,0.0032630178027621367,-0.49229621869258366,33.13039066463724,False
1946428061098066064,BOX,False,,5,complete,True,0.002228207791333814,0.0010858992247911796,0.0,0.0017581846887766912,0.0013656116753667834,1971.0,0.0032630178027621367,-0.49229621869258366,33.13039066463724,False
1946324991181811979,BOX,False,,5,complete,True,0.002228207791333814,0.0010858992247911796,0.0,0.0017581846887766912,0.0013656116753667834,1971.0,0.0032630178027621367,-0.49229621869258366,33.13039066463724,False
1946227618657014138,BOX,False,,2,partial,True,-0.0021157230234981617,0.0,3.0,0.000758629565148131,0.0004824263753766098,1776.0,0.0013826965166150963,-1.5725292062563974,0.3941441441441441,False
1945705670751436824,BOX,False,,1,insufficient,False,0.0022638691853953397,,0.0,,,,,,,False
1945658595204591644,BOX,False,,1,insufficient,False,0.0022638691853953397,,0.0,,,,,,,False
1945343647588999517,BOX,False,,1,insufficient,False,0.004133965487574054,,0.0,,,,,,,False
1945286014052000113,BOX,False,,1,insufficient,False,0.004133965487574054,,0.0,,,,,,,False
1945163574386520137,BOX,True,"cpi(ALL, 2025-07-15 12:30:00+00:00->2025-07-15 20:00:00+00:00)",2,partial,False,0.0006416952148744492,0.0,6.0,0.000644298708764403,0.00048330042126132664,1228.0,0.0011389836365124227,-1.3331225888090477,0.7328990228013029,False
1944944667952599367,BOX,True,"cpi(ALL, 2025-07-15 12:30:00+00:00->2025-07-15 20:00:00+00:00)",2,partial,False,-0.0030516908775291007,0.0,0.0,0.0017581846887766912,0.0013656116753667834,1971.0,0.0032630178027621367,-1.2874704577378986,0.0,False
1944804366780915924,BOX,False,,2,partial,True,-0.0014664683436638182,0.0,7.0,0.0006681341163889676,0.0005705509900078666,1250.0,0.001189888240982327,-1.171033138299796,0.4,False
1944477309651784107,BOX,False,,4,partial,True,0.0015812452154857493,0.0004774518474974509,0.0,0.0017581846887766912,0.0013656116753667834,1971.0,0.0032630178027621367,-0.9378455562305104,6.139015728056823,False
1944203516865859950,BOX,False,,4,partial,True,0.0015812452154857493,0.0004774518474974509,0.0,0.0017581846887766912,0.0013656116753667834,1971.0,0.0032630178027621367,-0.9378455562305104,6.139015728056823,False
1944059997991870860,BOX,False,,4,partial,True,0.0015812452154857493,0.0004774518474974509,0.0,0.0017581846887766912,0.0013656116753667834,1971.0,0.0032630178027621367,-0.9378455562305104,6.139015728056823,False
1943831253779673107,BOX,False,,4,partial,True,0.0015812452154857493,0.0004774518474974509,0.0,0.0017581846887766912,0.0013656116753667834,1971.0,0.0032630178027621367,-0.9378455562305104,6.139015728056823,False
1943825163541524819,BOX,False,,4,partial,True,0.0015812452154857493,0.0004774518474974509,0.0,0.0017581846887766912,0.0013656116753667834,1971.0,0.0032630178027621367,-0.9378455562305104,6.139015728056823,False
1943527967197368580,BOX,False,,4,partial,True,-0.0038811953886657147,0.0010691895120076994,0.0,0.0017581846887766912,0.0013656116753667834,1971.0,0.0032630178027621367,-0.5045322833696027,32.52156265854896,False
1943172009531445539,BOX,False,,4,partial,True,-0.015153860927392349,0.0014944731709316081,0.0,0.0017581846887766912,0.0013656116753667834,1971.0,0.0032630178027621367,-0.1931087164835889,53.475393201420594,False
1943127238632772050,BOX,False,,4,partial,True,-0.015153860927392349,0.0014944731709316081,0.0,0.0017581846887766912,0.0013656116753667834,1971.0,0.0032630178027621367,-0.1931087164835889,53.475393201420594,False
1943029314100040191,BOX,False,,4,partial,True,0.0010046564739176755,0.0002515425806737385,11.0,0.0005922930022773065,0.00037423045557609527,2768.0,0.001087637501794158,-0.9105363193356681,14.776011560693641,False
1942788277553291481,BOX,False,,1,insufficient,False,-0.009607693355821456,,0.0,,,,,,,False
1942441524920475948,BOX,False,,2,partial,True,-0.0015022682763218276,0.0,0.0,0.0017581846887766912,0.0013656116753667834,1971.0,0.0032630178027621367,-1.2874704577378986,0.0,False
1942418186697334895,BOX,False,,2,partial,True,-0.0015022682763218276,0.0,0.0,0.0017581846887766912,0.0013656116753667834,1971.0,0.0032630178027621367,-1.2874704577378986,0.0,False
1942332421086818742,BOX,False,,2,partial,True,-0.0015022682763218276,0.0,0.0,0.0017581846887766912,0.0013656116753667834,1971.0,0.0032630178027621367,-1.2874704577378986,0.0,False
1942258834376130988,BOX,False,,4,partial,True,-0.0005893572826491944,0.0006207277259444418,5.0,0.0006354635698313305,0.000429445047786007,1327.0,0.001119594825776626,-0.03431368917364167,59.38206480783723,False
1942067809200275541,BOX,False,,3,partial,True,0.006364852807993704,0.003308590893941865,0.0,0.0017581846887766912,0.0013656116753667834,1971.0,0.0032630178027621367,1.135319969162359,90.2080162354135,True
1941971854886916241,BOX,False,,3,partial,True,0.006364852807993704,0.003308590893941865,0.0,0.0017581846887766912,0.0013656116753667834,1971.0,0.0032630178027621367,1.135319969162359,90.2080162354135,True
1941892310075117580,BOX,False,,3,partial,True,0.006364852807993704,0.003308590893941865,0.0,0.0017581846887766912,0.0013656116753667834,1971.0,0.0032630178027621367,1.135319969162359,90.2080162354135,True
1941662312223605081,BOX,False,,3,partial,True,0.006364852807993704,0.003308590893941865,0.0,0.0017581846887766912,0.0013656116753667834,1971.0,0.0032630178027621367,1.135319969162359,90.2080162354135,True
1941534707700859335,BOX,False,,3,partial,True,0.006364852807993704,0.003308590893941865,0.0,0.0017581846887766912,0.0013656116753667834,1971.0,0.0032630178027621367,1.135319969162359,90.2080162354135,True
1941203632437030929,BOX,False,,3,partial,True,0.006364852807993704,0.003308590893941865,0.0,0.0017581846887766912,0.0013656116753667834,1971.0,0.0032630178027621367,1.135319969162359,90.2080162354135,True
1941165369101812213,BOX,False,,3,partial,True,0.006364852807993704,0.003308590893941865,0.0,0.0017581846887766912,0.0013656116753667834,1971.0,0.0032630178027621367,1.135319969162359,90.2080162354135,True
1940925836015845764,BOX,False,,3,partial,True,0.006364852807993704,0.003308590893941865,0.0,0.0017581846887766912,0.0013656116753667834,1971.0,0.0032630178027621367,1.135319969162359,90.2080162354135,True
1940878650695733432,BOX,False,,3,partial,True,0.006364852807993704,0.003308590893941865,0.0,0.0017581846887766912,0.0013656116753667834,1971.0,0.0032630178027621367,1.135319969162359,90.2080162354135,True
1940604306245472700,BOX,True,"jobs_report(ALL, 2025-07-03 12:30:00+00:00->2025-07-03 20:00:00+00:00)",4,partial,False,0.005772223970617496,0.002112678197836448,0.0,0.0017581846887766912,0.0013656116753667834,1971.0,0.0032630178027621367,0.2595858804184176,75.03805175038052,False
1940554062619201874,BOX,True,"jobs_report(ALL, 2025-07-03 12:30:00+00:00->2025-07-03 20:00:00+00:00)",4,partial,False,0.005772223970617496,0.002112678197836448,0.0,0.0017581846887766912,0.0013656116753667834,1971.0,0.0032630178027621367,0.2595858804184176,75.03805175038052,False
1940470102811648111,BOX,False,,4,partial,True,0.0029283277875360447,0.0004952967602411706,8.0,0.0006684660967236313,0.0005258114149754871,1318.0,0.0012066461305059878,-0.3293373470991187,46.0546282245827,False
1940277368167518249,BOX,False,,4,partial,True,-0.014724950446595608,0.0011321776197990704,0.0,0.0017581846887766912,0.0013656116753667834,1971.0,0.0032630178027621367,-0.4584078184667573,35.565702688990356,False
1940220908402061767,BOX,False,,4,partial,True,-0.014724950446595608,0.0011321776197990704,0.0,0.0017581846887766912,0.0013656116753667834,1971.0,0.0032630178027621367,-0.4584078184667573,35.565702688990356,False
1940106578709094717,BOX,False,,2,partial,True,0.00023917079492585813,0.0,8.0,0.0006684660967236313,0.0005258114149754871,1318.0,0.0012066461305059878,-1.2713038889709054,0.07587253414264036,False
1939809966669668639,BOX,False,,3,partial,True,-0.0052222926724883045,0.0014770509513155616,0.0,0.0017581846887766912,0.0013656116753667834,1971.0,0.0032630178027621367,-0.20586653038508995,52.917300862506345,False
1939774275701055719,BOX,False,,4,partial,True,0.0014960286480367735,0.0006138461757398877,12.0,0.0006555028553598318,0.00043303716082071324,7406.0,0.0011453263011522575,-0.09619654706075167,54.82041587901701,False
1939458849700024500,BOX,False,,2,partial,True,0.0041398126703018345,0.0,0.0,0.0017581846887766912,0.0013656116753667834,1971.0,0.0032630178027621367,-1.2874704577378986,0.0,False
1938771411142586593,BOX,False,,2,partial,True,0.0041398126703018345,0.0,0.0,0.0017581846887766912,0.0013656116753667834,1971.0,0.0032630178027621367,-1.2874704577378986,0.0,False
1938647740554092586,BOX,False,,4,partial,True,-0.0003281095423535163,6.922747949734886e-05,7.0,0.0006681341163889676,0.0005705509900078666,1250.0,0.001189888240982327,-1.049698707705969,0.88,False
1938294131731886271,BOX,False,,1,insufficient,False,0.0003271073893558185,,8.0,,,,,,,False
1938093614711607466,BOX,False,,5,complete,True,-0.005683147196179461,0.001996288954396297,0.0,0.0017581846887766912,0.0013656116753667834,1971.0,0.0032630178027621367,0.17435722754468574,71.63876204972095,False
1937906900211003753,BOX,False,,1,insufficient,False,3.294621530347541e-05,,5.0,,,,,,,False
1937728424975696041,BOX,False,,2,partial,True,-0.0014600644383115924,0.0,0.0,0.0017581846887766912,0.0013656116753667834,1971.0,0.0032630178027621367,-1.2874704577378986,0.0,False
1937688942985511318,BOX,False,,2,partial,True,-0.0014600644383115924,0.0,0.0,0.0017581846887766912,0.0013656116753667834,1971.0,0.0032630178027621367,-1.2874704577378986,0.0,False
1937557450078695654,BOX,False,,2,partial,True,0.0001894969268542157,0.0,6.0,0.000644298708764403,0.00048330042126132664,1228.0,0.0011389836365124227,-1.3331225888090477,0.7328990228013029,False
1937331467614589190,BOX,False,,3,partial,True,-0.0077778274736450825,0.0007277385195691988,0.0,0.0017581846887766912,0.0013656116753667834,1971.0,0.0032630178027621367,-0.7545674863468999,16.84424150177575,False
1936866200367280568,BOX,False,,4,partial,True,-0.005959820746757161,6.908544319390633e-05,0.0,0.0017581846887766912,0.0013656116753667834,1971.0,0.0032630178027621367,-1.2368810812408422,0.10147133434804667,False
1936519514205946288,BOX,False,,4,partial,True,-0.005959820746757161,6.908544319390633e-05,0.0,0.0017581846887766912,0.0013656116753667834,1971.0,0.0032630178027621367,-1.2368810812408422,0.10147133434804667,False
1936261663420039646,BOX,False,,4,partial,True,-0.005959820746757161,6.908544319390633e-05,0.0,0.0017581846887766912,0.0013656116753667834,1971.0,0.0032630178027621367,-1.2368810812408422,0.10147133434804667,False
1936085970128101679,BOX,False,,4,partial,True,-0.00033893670364060213,0.00037877101789977934,4.0,0.0006405765596762355,0.0004336418091671976,1560.0,0.0011404427505576464,-0.6037368543389523,28.589743589743588,False
1935898443794583950,BOX,False,,2,partial,True,0.006245657229534185,0.0,0.0,0.0017581846887766912,0.0013656116753667834,1971.0,0.0032630178027621367,-1.2874704577378986,0.0,False
1935872789254435213,BOX,False,,2,partial,True,0.006245657229534185,0.0,0.0,0.0017581846887766912,0.0013656116753667834,1971.0,0.0032630178027621367,-1.2874704577378986,0.0,False
1935733578324996227,BOX,False,,2,partial,True,0.006245657229534185,0.0,0.0,0.0017581846887766912,0.0013656116753667834,1971.0,0.0032630178027621367,-1.2874704577378986,0.0,False
1935544417634631719,BOX,False,,2,partial,True,0.006245657229534185,0.0,0.0,0.0017581846887766912,0.0013656116753667834,1971.0,0.0032630178027621367,-1.2874704577378986,0.0,False
1935151559270351077,BOX,False,,2,partial,True,-0.0025000546315613326,0.0,0.0,0.0017581846887766912,0.0013656116753667834,1971.0,0.0032630178027621367,-1.2874704577378986,0.0,False
1934840940478517594,BOX,False,,4,partial,True,0.0019731684884902734,0.00022938501908299747,0.0,0.0017581846887766912,0.0013656116753667834,1971.0,0.0032630178027621367,-1.1194980954472877,1.06544901065449,False
1934389321248989568,BOX,False,,5,complete,True,-0.014194187956153459,0.0012815263347585838,0.0,0.0017581846887766912,0.0013656116753667834,1971.0,0.0032630178027621367,-0.34904384798122345,43.42973110096398,False
1934059421833089444,BOX,False,,5,complete,True,-0.014194187956153459,0.0012815263347585838,0.0,0.0017581846887766912,0.0013656116753667834,1971.0,0.0032630178027621367,-0.34904384798122345,43.42973110096398,False
1933690879640023556,BOX,False,,5,complete,True,-0.014194187956153459,0.0012815263347585838,0.0,0.0017581846887766912,0.0013656116753667834,1971.0,0.0032630178027621367,-0.34904384798122345,43.42973110096398,False
1933386098149110065,BOX,False,,2,partial,True,-0.005888306377546448,0.0,0.0,0.0017581846887766912,0.0013656116753667834,1971.0,0.0032630178027621367,-1.2874704577378986,0.0,False
1933012259892310243,BOX,False,,3,partial,True,0.0022473612605957705,0.00041367049262541755,0.0,0.0017581846887766912,0.0013656116753667834,1971.0,0.0032630178027621367,-0.9845508942285197,4.160324708269913,False
1932617875358896598,BOX,True,"cpi(ALL, 2025-06-11 12:30:00+00:00->2025-06-11 20:00:00+00:00)",2,partial,False,-0.006320641295544549,0.0,0.0,0.0017581846887766912,0.0013656116753667834,1971.0,0.0032630178027621367,-1.2874704577378986,0.0,False
1932597370044494227,BOX,True,"cpi(ALL, 2025-06-11 12:30:00+00:00->2025-06-11 20:00:00+00:00)",2,partial,False,-0.006320641295544549,0.0,0.0,0.0017581846887766912,0.0013656116753667834,1971.0,0.0032630178027621367,-1.2874704577378986,0.0,False
1932515395497234434,BOX,False,,3,partial,True,0.0003150076265003854,0.00040903514086743087,11.0,0.0005922930022773065,0.00037423045557609527,2768.0,0.001087637501794158,-0.489692537524147,36.95809248554913,False
1932264269854220308,BOX,False,,1,insufficient,False,-0.001409755876551233,,0.0,,,,,,,False
1932244367819018742,BOX,False,,1,insufficient,False,-0.001409755876551233,,0.0,,,,,,,False
1931914258528477687,BOX,False,,2,partial,True,-0.0027596266407802217,0.0,0.0,0.0017581846887766912,0.0013656116753667834,1971.0,0.0032630178027621367,-1.2874704577378986,0.0,False
1931788373393612969,BOX,False,,2,partial,True,-0.0027596266407802217,0.0,0.0,0.0017581846887766912,0.0013656116753667834,1971.0,0.0032630178027621367,-1.2874704577378986,0.0,False
1931389329429127275,BOX,False,,2,partial,True,-0.0027596266407802217,0.0,0.0,0.0017581846887766912,0.0013656116753667834,1971.0,0.0032630178027621367,-1.2874704577378986,0.0,False
1931206440175472978,BOX,False,,2,partial,True,-0.0027596266407802217,0.0,0.0,0.0017581846887766912,0.0013656116753667834,1971.0,0.0032630178027621367,-1.2874704577378986,0.0,False
1931079784869802470,BOX,False,,2,partial,True,-0.0027596266407802217,0.0,0.0,0.0017581846887766912,0.0013656116753667834,1971.0,0.0032630178027621367,-1.2874704577378986,0.0,False
1930830928919846967,BOX,True,"jobs_report(ALL, 2025-06-06 12:30:00+00:00->2025-06-06 20:00:00+00:00)",2,partial,False,-0.014201280337953315,0.0,0.0,0.0017581846887766912,0.0013656116753667834,1971.0,0.0032630178027621367,-1.2874704577378986,0.0,False
1930821898335826254,BOX,True,"jobs_report(ALL, 2025-06-06 12:30:00+00:00->2025-06-06 20:00:00+00:00)",2,partial,False,-0.014201280337953315,0.0,0.0,0.0017581846887766912,0.0013656116753667834,1971.0,0.0032630178027621367,-1.2874704577378986,0.0,False
1930400246674403464,BOX,False,,4,partial,True,0.0026441016055713806,0.0008483529577777378,0.0,0.0017581846887766912,0.0013656116753667834,1971.0,0.0032630178027621367,-0.6662448391520861,21.511922881785893,False
1930355235505238264,BOX,False,,4,partial,True,0.0026441016055713806,0.0008483529577777378,0.0,0.0017581846887766912,0.0013656116753667834,1971.0,0.0032630178027621367,-0.6662448391520861,21.511922881785893,False
1930120330846081514,BOX,False,,1,insufficient,False,-0.001675011326757625,,0.0,,,,,,,False
1929714923522883873,BOX,False,,3,partial,True,-0.001647859505768623,0.00019719108666782503,0.0,0.0017581846887766912,0.0013656116753667834,1971.0,0.0032630178027621367,-1.143072829755652,0.91324200913242,False
1929705823636541489,BOX,False,,3,partial,True,-0.001647859505768623,0.00019719108666782503,0.0,0.0017581846887766912,0.0013656116753667834,1971.0,0.0032630178027621367,-1.143072829755652,0.91324200913242,False
1929323455545041199,BOX,False,,5,complete,True,0.006392114932380233,0.001417647563031984,0.0,0.0017581846887766912,0.0013656116753667834,1971.0,0.0032630178027621367,-0.24936600344548443,49.41653982749873,False
1928966652223230107,BOX,False,,5,complete,True,0.006392114932380233,0.001417647563031984,0.0,0.0017581846887766912,0.0013656116753667834,1971.0,0.0032630178027621367,-0.24936600344548443,49.41653982749873,False
1928842580092928449,BOX,False,,5,complete,True,0.006392114932380233,0.001417647563031984,0.0,0.0017581846887766912,0.0013656116753667834,1971.0,0.0032630178027621367,-0.24936600344548443,49.41653982749873,False
1928524649358364740,BOX,False,,5,complete,True,0.0010757491077915127,0.0004709937556085305,10.0,0.0005355339254825178,0.0003411724991485386,1693.0,0.000982805961567209,-0.1891716654626609,51.21086828115771,False
1927940046684111335,BOX,False,,4,partial,True,-0.00692208230247604,0.003087743235652796,0.0,0.0017581846887766912,0.0013656116753667834,1971.0,0.0032630178027621367,0.9735992821817407,88.43226788432268,False
1927740843705942104,BOX,True,"earnings(BOX, 2025-05-27 20:00:00+00:00->2025-05-28 20:00:00+00:00)",5,complete,False,-0.0005771617156230535,0.00213773140817386,2.0,0.0008900083077710569,0.0005870184378314879,2142.0,0.0015609803531372367,2.125526252654061,96.5452847805789,True
1927614666806894703,BOX,True,"earnings(BOX, 2025-05-27 20:00:00+00:00->2025-05-28 20:00:00+00:00)",5,complete,False,0.1377065115484719,0.00598393673243477,0.0,0.0017581846887766912,0.0013656116753667834,1971.0,0.0032630178027621367,3.0944023984879183,98.07204464738712,True
1927547141687288099,BOX,True,"earnings(BOX, 2025-05-27 20:00:00+00:00->2025-05-28 20:00:00+00:00)",5,complete,False,0.1377065115484719,0.00598393673243477,0.0,0.0017581846887766912,0.0013656116753667834,1971.0,0.0032630178027621367,3.0944023984879183,98.07204464738712,True
1927502700691718193,BOX,True,"earnings(BOX, 2025-05-27 20:00:00+00:00->2025-05-28 20:00:00+00:00)",5,complete,False,0.1377065115484719,0.00598393673243477,0.0,0.0017581846887766912,0.0013656116753667834,1971.0,0.0032630178027621367,3.0944023984879183,98.07204464738712,True
1927217835123585434,BOX,False,,2,partial,True,-0.006054390019535116,0.0,0.0,0.0017581846887766912,0.0013656116753667834,1971.0,0.0032630178027621367,-1.2874704577378986,0.0,False
1927069695317840231,BOX,False,,2,partial,True,-0.006054390019535116,0.0,0.0,0.0017581846887766912,0.0013656116753667834,1971.0,0.0032630178027621367,-1.2874704577378986,0.0,False
1927028752304730444,BOX,False,,2,partial,True,-0.006054390019535116,0.0,0.0,0.0017581846887766912,0.0013656116753667834,1971.0,0.0032630178027621367,-1.2874704577378986,0.0,False
1926676115768185111,BOX,False,,2,partial,True,-0.006054390019535116,0.0,0.0,0.0017581846887766912,0.0013656116753667834,1971.0,0.0032630178027621367,-1.2874704577378986,0.0,False
1926401273261072652,BOX,False,,2,partial,True,-0.006054390019535116,0.0,0.0,0.0017581846887766912,0.0013656116753667834,1971.0,0.0032630178027621367,-1.2874704577378986,0.0,False
1926357276870283521,BOX,False,,2,partial,True,-0.006054390019535116,0.0,0.0,0.0017581846887766912,0.0013656116753667834,1971.0,0.0032630178027621367,-1.2874704577378986,0.0,False
1926049497144021104,BOX,False,,2,partial,True,-0.006054390019535116,0.0,0.0,0.0017581846887766912,0.0013656116753667834,1971.0,0.0032630178027621367,-1.2874704577378986,0.0,False
1925766270932140129,BOX,False,,3,partial,True,0.005424897026037767,0.00112309349336992,0.0,0.0017581846887766912,0.0013656116753667834,1971.0,0.0032630178027621367,-0.4650598752651957,35.210553018772195,False
1925693924800082081,BOX,False,,3,partial,True,0.005424897026037767,0.00112309349336992,0.0,0.0017581846887766912,0.0013656116753667834,1971.0,0.0032630178027621367,-0.4650598752651957,35.210553018772195,False
1925364028324680130,BOX,False,,2,partial,True,-0.003268740117510993,0.0,0.0,0.0017581846887766912,0.0013656116753667834,1971.0,0.0032630178027621367,-1.2874704577378986,0.0,False
1925282282325385519,BOX,False,,2,partial,True,-0.003268740117510993,0.0,0.0,0.0017581846887766912,0.0013656116753667834,1971.0,0.0032630178027621367,-1.2874704577378986,0.0,False
1925232544032989319,BOX,False,,4,partial,True,-0.00045534761105903154,0.00025579468600127407,6.0,0.000644298708764403,0.00048330042126132664,1228.0,0.0011389836365124227,-0.8038561641415577,13.843648208469055,False
1925014604205457748,BOX,False,,2,partial,True,-0.002688359744042801,0.0,0.0,0.0017581846887766912,0.0013656116753667834,1971.0,0.0032630178027621367,-1.2874704577378986,0.0,False
1924659941769707862,BOX,False,,5,complete,True,0.013362944319949777,0.0016980208667180525,0.0,0.0017581846887766912,0.0013656116753667834,1971.0,0.0032630178027621367,-0.0440563178712422,62.049720953830544,False
1924486590006751413,BOX,False,,4,partial,True,-0.001457347922215524,0.0001472217945459696,3.0,0.000758629565148131,0.0004824263753766098,1776.0,0.0013826965166150963,-1.2673597502310303,1.8581081081081081,False
1924264216439189795,BOX,False,,3,partial,True,0.0033258085667795534,0.0021071145149518244,0.0,0.0017581846887766912,0.0013656116753667834,1971.0,0.0032630178027621367,0.25551174793626147,74.9873160832065,False
1924161646878138605,BOX,False,,3,partial,True,0.0033258085667795534,0.0021071145149518244,0.0,0.0017581846887766912,0.0013656116753667834,1971.0,0.0032630178027621367,0.25551174793626147,74.9873160832065,False
1923891313289855247,BOX,False,,3,partial,True,0.0033258085667795534,0.0021071145149518244,0.0,0.0017581846887766912,0.0013656116753667834,1971.0,0.0032630178027621367,0.25551174793626147,74.9873160832065,False
1923764144655958064,BOX,False,,3,partial,True,0.0033258085667795534,0.0021071145149518244,0.0,0.0017581846887766912,0.0013656116753667834,1971.0,0.0032630178027621367,0.25551174793626147,74.9873160832065,False
1923597311118287117,BOX,False,,3,partial,True,0.0033258085667795534,0.0021071145149518244,0.0,0.0017581846887766912,0.0013656116753667834,1971.0,0.0032630178027621367,0.25551174793626147,74.9873160832065,False
1923526875244265578,BOX,False,,3,partial,True,0.0033258085667795534,0.0021071145149518244,0.0,0.0017581846887766912,0.0013656116753667834,1971.0,0.0032630178027621367,0.25551174793626147,74.9873160832065,False
1923214187733581898,BOX,False,,2,partial,True,0.00021199235231228464,0.0,0.0,0.0017581846887766912,0.0013656116753667834,1971.0,0.0032630178027621367,-1.2874704577378986,0.0,False
1923104047306859006,BOX,False,,5,complete,True,-0.0011655106699972606,0.001024919571879249,12.0,0.0006555028553598318,0.00043303716082071324,7406.0,0.0011453263011522575,0.8530831760934341,85.9303267620848,False
1923051243552768178,BOX,False,,1,insufficient,False,0.0005306843866994537,,5.0,,,,,,,False
1922846144436240547,BOX,False,,1,insufficient,False,0.004681413898621201,,0.0,,,,,,,False
1922665725917028794,BOX,False,,1,insufficient,False,-0.0011828555345874125,,2.0,,,,,,,False
1922445108143653288,BOX,False,,1,insufficient,False,-0.0020857774883671354,,0.0,,,,,,,False
1922318628579368984,BOX,True,"cpi(ALL, 2025-05-13 12:30:00+00:00->2025-05-13 20:00:00+00:00)",2,partial,False,-0.0005192176690038686,0.0,4.0,0.0006405765596762355,0.0004336418091671976,1560.0,0.0011404427505576464,-1.4772020274208635,0.38461538461538464,False
1922066095344595222,BOX,True,"cpi(ALL, 2025-05-13 12:30:00+00:00->2025-05-13 20:00:00+00:00)",5,complete,False,0.00145560286020463,0.0,0.0,0.0017581846887766912,0.0013656116753667834,1971.0,0.0032630178027621367,-1.2874704577378986,0.0,False
1921783416653271270,BOX,False,,2,partial,True,-0.010336650608857134,0.0,0.0,0.0017581846887766912,0.0013656116753667834,1971.0,0.0032630178027621367,-1.2874704577378986,0.0,False
1921060440248852911,BOX,False,,2,partial,True,-0.010336650608857134,0.0,0.0,0.0017581846887766912,0.0013656116753667834,1971.0,0.0032630178027621367,-1.2874704577378986,0.0,False
1920150374402679220,BOX,False,,2,partial,True,0.0007711968580494943,0.0,5.0,0.0006354635698313305,0.000429445047786007,1327.0,0.001119594825776626,-1.4797319776009683,0.6782215523737753,False
1919836301995737225,BOX,False,,4,partial,True,-0.0012488626429503213,0.0008494431441087735,11.0,0.0005922930022773065,0.00037423045557609527,2768.0,0.001087637501794158,0.6871438120545444,79.84104046242774,False
1919573650547622130,BOX,False,,5,complete,True,-0.0029077585671953843,0.001038599182842275,0.0,0.0017581846887766912,0.0013656116753667834,1971.0,0.0032630178027621367,-0.5269327429711276,31.15169964485033,False
1919239614562172962,BOX,False,,2,partial,True,0.0014833810520749058,0.0,0.0,0.0017581846887766912,0.0013656116753667834,1971.0,0.0032630178027621367,-1.2874704577378986,0.0,False
1919051785114919287,BOX,False,,2,partial,True,0.0014833810520749058,0.0,0.0,0.0017581846887766912,0.0013656116753667834,1971.0,0.0032630178027621367,-1.2874704577378986,0.0,False
1918812279182913572,BOX,False,,2,partial,True,0.0014833810520749058,0.0,0.0,0.0017581846887766912,0.0013656116753667834,1971.0,0.0032630178027621367,-1.2874704577378986,0.0,False
1918519582261657909,BOX,False,,2,partial,True,0.0014833810520749058,0.0,0.0,0.0017581846887766912,0.0013656116753667834,1971.0,0.0032630178027621367,-1.2874704577378986,0.0,False
1918512966884049076,BOX,False,,2,partial,True,0.0014833810520749058,0.0,0.0,0.0017581846887766912,0.0013656116753667834,1971.0,0.0032630178027621367,-1.2874704577378986,0.0,False
1917970814441607623,BOX,False,,4,partial,True,0.00032618675807294384,0.0003923787727065763,4.0,0.0006405765596762355,0.0004336418091671976,1560.0,0.0011404427505576464,-0.5723566817653473,30.064102564102562,False
1917425486244073614,BOX,False,,5,complete,True,0.006978210613502567,0.0007057249809628467,0.0,0.0017581846887766912,0.0013656116753667834,1971.0,0.0032630178027621367,-0.7706873973021423,15.474378488077118,False
1917337015949091298,BOX,False,,5,complete,True,0.006978210613502567,0.0007057249809628467,0.0,0.0017581846887766912,0.0013656116753667834,1971.0,0.0032630178027621367,-0.7706873973021423,15.474378488077118,False
1917036667787218992,BOX,False,,1,insufficient,False,0.014576191860546261,,0.0,,,,,,,False
1916641632193253383,BOX,False,,2,partial,True,6.309447235675059e-05,0.0,0.0,0.0017581846887766912,0.0013656116753667834,1971.0,0.0032630178027621367,-1.2874704577378986,0.0,False
1915979893101498538,BOX,False,,2,partial,True,6.309447235675059e-05,0.0,0.0,0.0017581846887766912,0.0013656116753667834,1971.0,0.0032630178027621367,-1.2874704577378986,0.0,False
1915802258585038889,BOX,False,,2,partial,True,-0.0010451072615063062,0.0,5.0,0.0006354635698313305,0.000429445047786007,1327.0,0.001119594825776626,-1.4797319776009683,0.6782215523737753,False
1915617570318934436,BOX,False,,2,partial,True,-0.002158976921264766,0.0,0.0,0.0017581846887766912,0.0013656116753667834,1971.0,0.0032630178027621367,-1.2874704577378986,0.0,False
1915219359972184333,BOX,False,,1,insufficient,False,0.0017399022907629291,,0.0,,,,,,,False
1914797895393370161,BOX,False,,4,partial,True,0.004024130851541408,0.0032233478600454165,0.0,0.0017581846887766912,0.0013656116753667834,1971.0,0.0032630178027621367,1.0728988318551127,89.29477422628108,False
1914460738422497468,BOX,False,,1,insufficient,False,7.92882273994433e-05,,0.0,,,,,,,False
1914054995273761063,BOX,False,,2,partial,True,0.006031032433368555,0.0,0.0,0.0017581846887766912,0.0013656116753667834,1971.0,0.0032630178027621367,-1.2874704577378986,0.0,False
1914017555649581510,BOX,False,,2,partial,True,0.006031032433368555,0.0,0.0,0.0017581846887766912,0.0013656116753667834,1971.0,0.0032630178027621367,-1.2874704577378986,0.0,False
1913715060356350242,BOX,False,,2,partial,True,0.006031032433368555,0.0,0.0,0.0017581846887766912,0.0013656116753667834,1971.0,0.0032630178027621367,-1.2874704577378986,0.0,False
1913631341163483441,BOX,False,,2,partial,True,0.006031032433368555,0.0,0.0,0.0017581846887766912,0.0013656116753667834,1971.0,0.0032630178027621367,-1.2874704577378986,0.0,False
1913610656097645003,BOX,False,,2,partial,True,0.006031032433368555,0.0,0.0,0.0017581846887766912,0.0013656116753667834,1971.0,0.0032630178027621367,-1.2874704577378986,0.0,False
1913446249489117205,BOX,False,,2,partial,True,0.006031032433368555,0.0,0.0,0.0017581846887766912,0.0013656116753667834,1971.0,0.0032630178027621367,-1.2874704577378986,0.0,False
1913384293973516627,BOX,False,,2,partial,True,0.006031032433368555,0.0,0.0,0.0017581846887766912,0.0013656116753667834,1971.0,0.0032630178027621367,-1.2874704577378986,0.0,False
1913339312093241680,BOX,False,,2,partial,True,0.006031032433368555,0.0,0.0,0.0017581846887766912,0.0013656116753667834,1971.0,0.0032630178027621367,-1.2874704577378986,0.0,False
1913080949283438744,BOX,False,,2,partial,True,0.006031032433368555,0.0,0.0,0.0017581846887766912,0.0013656116753667834,1971.0,0.0032630178027621367,-1.2874704577378986,0.0,False
1912928672581038290,BOX,False,,2,partial,True,-0.001699171182056869,0.0,8.0,0.0006684660967236313,0.0005258114149754871,1318.0,0.0012066461305059878,-1.2713038889709054,0.07587253414264036,False
1912732082910220464,BOX,False,,2,partial,True,-0.002603635297723672,0.0,0.0,0.0017581846887766912,0.0013656116753667834,1971.0,0.0032630178027621367,-1.2874704577378986,0.0,False
1912723392962465870,BOX,False,,2,partial,True,-0.002603635297723672,0.0,0.0,0.0017581846887766912,0.0013656116753667834,1971.0,0.0032630178027621367,-1.2874704577378986,0.0,False
1912324567575720289,BOX,False,,2,partial,True,0.011772144106872662,0.0,0.0,0.0017581846887766912,0.0013656116753667834,1971.0,0.0032630178027621367,-1.2874704577378986,0.0,False
1911940996436574554,BOX,False,,3,partial,True,-0.0009803391840572662,0.00414836629974813,0.0,0.0017581846887766912,0.0013656116753667834,1971.0,0.0032630178027621367,1.750264481540457,94.41907661085743,True
1911841223360524487,BOX,False,,2,partial,True,-0.00291611413051307,0.0,9.0,0.0006141504376655027,0.000412204725296186,1423.0,0.0011014392407613976,-1.489916053786648,0.21082220660576245,False
1911833204476268571,BOX,False,,4,partial,True,0.0038840785847320536,0.0005950894445208101,7.0,0.0006681341163889676,0.0005705509900078666,1250.0,0.001189888240982327,-0.12802479208238765,55.52,False
1911468726140174634,BOX,False,,4,partial,True,-0.0063464817890157565,0.0029803814787306504,0.0,0.0017581846887766912,0.0013656116753667834,1971.0,0.0032630178027621367,0.8949812102519518,87.51902587519027,False
1911197897091326369,BOX,False,,4,partial,True,-0.0063464817890157565,0.0029803814787306504,0.0,0.0017581846887766912,0.0013656116753667834,1971.0,0.0032630178027621367,0.8949812102519518,87.51902587519027,False
1911060015105860058,BOX,False,,4,partial,True,-0.0063464817890157565,0.0029803814787306504,0.0,0.0017581846887766912,0.0013656116753667834,1971.0,0.0032630178027621367,0.8949812102519518,87.51902587519027,False
1910816866538258839,BOX,False,,4,partial,True,-0.0063464817890157565,0.0029803814787306504,0.0,0.0017581846887766912,0.0013656116753667834,1971.0,0.0032630178027621367,0.8949812102519518,87.51902587519027,False
1910528673515446683,BOX,False,,3,partial,True,-0.004231579550148079,0.004753586931179221,0.0,0.0017581846887766912,0.0013656116753667834,1971.0,0.0032630178027621367,2.1934509615246283,96.04261796042618,True
1910412772292391343,BOX,True,"cpi(ALL, 2025-04-10 12:30:00+00:00->2025-04-10 20:00:00+00:00)",4,partial,False,0.006999223612757399,0.001330806239271797,11.0,0.0005922930022773065,0.00037423045557609527,2768.0,0.001087637501794158,1.973418320156796,95.55635838150289,True
1910369279230230784,BOX,True,"cpi(ALL, 2025-04-10 12:30:00+00:00->2025-04-10 20:00:00+00:00)",3,partial,False,-0.002138580827074854,0.000600407146560844,6.0,0.000644298708764403,0.00048330042126132664,1228.0,0.0011389836365124227,-0.09081631273775835,56.67752442996743,False
1910094037710701015,BOX,True,"cpi(ALL, 2025-04-10 12:30:00+00:00->2025-04-10 20:00:00+00:00)",5,complete,False,0.009311979358878397,0.0015620443470458945,0.0,0.0017581846887766912,0.0013656116753667834,1971.0,0.0032630178027621367,-0.14362819626459056,57.179096905124304,False
1910015229141958998,BOX,False,,4,partial,True,0.0014879033626098437,0.002879466300349762,7.0,0.0006681341163889676,0.0005705509900078666,1250.0,0.001189888240982327,3.8757836244054285,99.03999999999999,True
1909942364874960913,BOX,False,,3,partial,True,-0.0060047839145411785,0.0007127072699049108,0.0,0.0017581846887766912,0.0013656116753667834,1971.0,0.0032630178027621367,-0.7655744584865096,16.0832064941654,False
1909809962043289828,BOX,False,,3,partial,True,-0.0060047839145411785,0.0007127072699049108,0.0,0.0017581846887766912,0.0013656116753667834,1971.0,0.0032630178027621367,-0.7655744584865096,16.0832064941654,False
1909731284621943192,BOX,False,,3,partial,True,-0.0060047839145411785,0.0007127072699049108,0.0,0.0017581846887766912,0.0013656116753667834,1971.0,0.0032630178027621367,-0.7655744584865096,16.0832064941654,False
1909699070169395584,BOX,False,,3,partial,True,-0.0060047839145411785,0.0007127072699049108,0.0,0.0017581846887766912,0.0013656116753667834,1971.0,0.0032630178027621367,-0.7655744584865096,16.0832064941654,False
1909459534235812088,BOX,False,,5,complete,True,-0.003578206027492259,0.002896395243542497,0.0,0.0017581846887766912,0.0013656116753667834,1971.0,0.0032630178027621367,0.8334803921913592,86.55504819888381,False
1909242876153700395,BOX,False,,3,partial,True,-0.0009849051573098677,0.004404260709041985,0.0,0.0017581846887766912,0.0013656116753667834,1971.0,0.0032630178027621367,1.937648943690084,95.02790461694572,True
1909229326240727326,BOX,False,,5,complete,True,0.00505843829493291,0.0020748646997766317,0.0,0.0017581846887766912,0.0013656116753667834,1971.0,0.0032630178027621367,0.2318960922144173,73.66818873668188,False
1909031237911507445,BOX,False,,5,complete,True,0.00505843829493291,0.0020748646997766317,0.0,0.0017581846887766912,0.0013656116753667834,1971.0,0.0032630178027621367,0.2318960922144173,73.66818873668188,False
1908995793328955659,BOX,False,,5,complete,True,0.00505843829493291,0.0020748646997766317,0.0,0.0017581846887766912,0.0013656116753667834,1971.0,0.0032630178027621367,0.2318960922144173,73.66818873668188,False
1908878922839638089,BOX,False,,5,complete,True,0.00505843829493291,0.0020748646997766317,0.0,0.0017581846887766912,0.0013656116753667834,1971.0,0.0032630178027621367,0.2318960922144173,73.66818873668188,False
1908624434984018340,BOX,False,,5,complete,True,0.00505843829493291,0.0020748646997766317,0.0,0.0017581846887766912,0.0013656116753667834,1971.0,0.0032630178027621367,0.2318960922144173,73.66818873668188,False
1908592499393998952,BOX,False,,5,complete,True,0.00505843829493291,0.0020748646997766317,0.0,0.0017581846887766912,0.0013656116753667834,1971.0,0.0032630178027621367,0.2318960922144173,73.66818873668188,False
1908572050261995522,BOX,False,,5,complete,True,0.00505843829493291,0.0020748646997766317,0.0,0.0017581846887766912,0.0013656116753667834,1971.0,0.0032630178027621367,0.2318960922144173,73.66818873668188,False
1908548840162283907,BOX,False,,5,complete,True,0.00505843829493291,0.0020748646997766317,0.0,0.0017581846887766912,0.0013656116753667834,1971.0,0.0032630178027621367,0.2318960922144173,73.66818873668188,False
1908521866358337954,BOX,False,,5,complete,True,0.00505843829493291,0.0020748646997766317,0.0,0.0017581846887766912,0.0013656116753667834,1971.0,0.0032630178027621367,0.2318960922144173,73.66818873668188,False
1908367300408881223,BOX,False,,5,complete,True,0.00505843829493291,0.0020748646997766317,0.0,0.0017581846887766912,0.0013656116753667834,1971.0,0.0032630178027621367,0.2318960922144173,73.66818873668188,False
1908138670202511767,BOX,True,"jobs_report(ALL, 2025-04-04 12:30:00+00:00->2025-04-04 20:00:00+00:00)",2,partial,False,0.012943013115273905,0.0,0.0,0.0017581846887766912,0.0013656116753667834,1971.0,0.0032630178027621367,-1.2874704577378986,0.0,False
1908018205572125052,BOX,True,"jobs_report(ALL, 2025-04-04 12:30:00+00:00->2025-04-04 20:00:00+00:00)",2,partial,False,0.012943013115273905,0.0,0.0,0.0017581846887766912,0.0013656116753667834,1971.0,0.0032630178027621367,-1.2874704577378986,0.0,False
1907986781418688749,BOX,True,"jobs_report(ALL, 2025-04-04 12:30:00+00:00->2025-04-04 20:00:00+00:00)",2,partial,False,0.012943013115273905,0.0,0.0,0.0017581846887766912,0.0013656116753667834,1971.0,0.0032630178027621367,-1.2874704577378986,0.0,False
1907503704913359245,BOX,False,,2,partial,True,-0.00011379137537126383,0.0,10.0,0.0005355339254825178,0.0003411724991485386,1693.0,0.000982805961567209,-1.5696866740990127,0.5906674542232723,False
1907468011013025899,BOX,False,,5,complete,True,0.0017552593461556132,0.00013254258100070724,5.0,0.0006354635698313305,0.000429445047786007,1327.0,0.001119594825776626,-1.1710950945258762,2.7882441597588548,False
1907270355124703698,BOX,False,,2,partial,True,0.005783929083085337,0.0,0.0,0.0017581846887766912,0.0013656116753667834,1971.0,0.0032630178027621367,-1.2874704577378986,0.0,False
1907213443087863895,BOX,False,,2,partial,True,0.005783929083085337,0.0,0.0,0.0017581846887766912,0.0013656116753667834,1971.0,0.0032630178027621367,-1.2874704577378986,0.0,False
1907100503437378006,BOX,False,,3,partial,True,-0.002807856215342852,7.95347025490667e-05,5.0,0.0006354635698313305,0.000429445047786007,1327.0,0.001119594825776626,-1.29452853199342,1.281085154483798,False
1906917074305474831,BOX,False,,3,partial,True,0.0011099796368168047,0.0018670893846488568,0.0,0.0017581846887766912,0.0013656116753667834,1971.0,0.0032630178027621367,0.07974792383267769,68.18873668188736,False
1906828000638927015,BOX,False,,3,partial,True,0.0011099796368168047,0.0018670893846488568,0.0,0.0017581846887766912,0.0013656116753667834,1971.0,0.0032630178027621367,0.07974792383267769,68.18873668188736,False
1906810008349896742,BOX,False,,3,partial,True,0.0011099796368168047,0.0018670893846488568,0.0,0.0017581846887766912,0.0013656116753667834,1971.0,0.0032630178027621367,0.07974792383267769,68.18873668188736,False
1906534143057687035,BOX,False,,3,partial,True,0.006166911857007573,0.00024566851784424415,0.0,0.0017581846887766912,0.0013656116753667834,1971.0,0.0032630178027621367,-1.1075741356167061,1.1669203450025367,False
1906418414622797826,BOX,False,,3,partial,True,0.006166911857007573,0.00024566851784424415,0.0,0.0017581846887766912,0.0013656116753667834,1971.0,0.0032630178027621367,-1.1075741356167061,1.1669203450025367,False
1906151582032654447,BOX,False,,3,partial,True,0.006166911857007573,0.00024566851784424415,0.0,0.0017581846887766912,0.0013656116753667834,1971.0,0.0032630178027621367,-1.1075741356167061,1.1669203450025367,False
1906011398188224919,BOX,False,,3,partial,True,0.006166911857007573,0.00024566851784424415,0.0,0.0017581846887766912,0.0013656116753667834,1971.0,0.0032630178027621367,-1.1075741356167061,1.1669203450025367,False
1905632579438739650,BOX,False,,3,partial,True,-0.0009609127586653887,0.0,2.0,0.0008900083077710569,0.0005870184378314879,2142.0,0.0015609803531372367,-1.5161505165985034,0.09337068160597572,False
1905450769891135857,BOX,False,,4,partial,True,0.008667834649600747,0.0029003808486060103,0.0,0.0017581846887766912,0.0013656116753667834,1971.0,0.0032630178027621367,0.8363989415384442,86.60578386605783,False
1905102845537640557,BOX,False,,2,partial,True,-0.0029658442633695437,0.0,0.0,0.0017581846887766912,0.0013656116753667834,1971.0,0.0032630178027621367,-1.2874704577378986,0.0,False
1905091603431145695,BOX,False,,2,partial,True,-0.0029658442633695437,0.0,0.0,0.0017581846887766912,0.0013656116753667834,1971.0,0.0032630178027621367,-1.2874704577378986,0.0,False
1905050908083339398,BOX,False,,2,partial,True,-0.0029658442633695437,0.0,0.0,0.0017581846887766912,0.0013656116753667834,1971.0,0.0032630178027621367,-1.2874704577378986,0.0,False
1905037721414013097,BOX,False,,2,partial,True,-0.0029658442633695437,0.0,0.0,0.0017581846887766912,0.0013656116753667834,1971.0,0.0032630178027621367,-1.2874704577378986,0.0,False
1904714535035875718,BOX,False,,4,partial,True,0.00310286445358654,0.0002293935324184259,0.0,0.0017581846887766912,0.0013656116753667834,1971.0,0.0032630178027621367,-1.1194918613650942,1.06544901065449,False
1904672062695973301,BOX,False,,4,partial,True,0.00310286445358654,0.0002293935324184259,0.0,0.0017581846887766912,0.0013656116753667834,1971.0,0.0032630178027621367,-1.1194918613650942,1.06544901065449,False
1904574306878964025,BOX,False,,1,insufficient,False,5.6391668778355e-05,,6.0,,,,,,,False
1904560650950734064,BOX,False,,3,partial,True,7.225173234315374e-05,0.00032476759479571626,4.0,0.0006405765596762355,0.0004336418091671976,1560.0,0.0011404427505576464,-0.7282714862919363,21.474358974358974,False
1904373436149035048,BOX,False,,4,partial,True,0.0048653908530653656,0.002756969110244055,0.0,0.0017581846887766912,0.0013656116753667834,1971.0,0.0032630178027621367,0.7313824562894901,85.59107052257737,False
1904192431832416735,BOX,False,,1,insufficient,False,-0.0012902049623551015,,3.0,,,,,,,False
1903950027149738295,BOX,False,,2,partial,True,-0.0018393842020452134,0.0,0.0,0.0017581846887766912,0.0013656116753667834,1971.0,0.0032630178027621367,-1.2874704577378986,0.0,False
1903819862000247058,BOX,False,,2,partial,True,-0.0018393842020452134,0.0,0.0,0.0017581846887766912,0.0013656116753667834,1971.0,0.0032630178027621367,-1.2874704577378986,0.0,False
1903815357888184627,BOX,False,,2,partial,True,-0.0018393842020452134,0.0,0.0,0.0017581846887766912,0.0013656116753667834,1971.0,0.0032630178027621367,-1.2874704577378986,0.0,False
1903588869301481477,BOX,False,,2,partial,True,-0.0018393842020452134,0.0,0.0,0.0017581846887766912,0.0013656116753667834,1971.0,0.0032630178027621367,-1.2874704577378986,0.0,False
1903544507880411531,BOX,False,,2,partial,True,-0.0018393842020452134,0.0,0.0,0.0017581846887766912,0.0013656116753667834,1971.0,0.0032630178027621367,-1.2874704577378986,0.0,False
1903459734885372261,BOX,False,,2,partial,True,-0.0018393842020452134,0.0,0.0,0.0017581846887766912,0.0013656116753667834,1971.0,0.0032630178027621367,-1.2874704577378986,0.0,False
1903314884525428772,BOX,False,,2,partial,True,-0.0018393842020452134,0.0,0.0,0.0017581846887766912,0.0013656116753667834,1971.0,0.0032630178027621367,-1.2874704577378986,0.0,False
1902883005959680383,BOX,False,,4,partial,True,0.0018068555632411165,0.0009535153576490703,0.0,0.0017581846887766912,0.0013656116753667834,1971.0,0.0032630178027621367,-0.5892372961087187,26.534753932014205,False
1902817611588501964,BOX,False,,4,partial,True,0.0018068555632411165,0.0009535153576490703,0.0,0.0017581846887766912,0.0013656116753667834,1971.0,0.0032630178027621367,-0.5892372961087187,26.534753932014205,False
1902499895547687077,BOX,False,,4,partial,True,0.0012581646551601544,0.0014094334413406791,0.0,0.0017581846887766912,0.0013656116753667834,1971.0,0.0032630178027621367,-0.25538097962024414,49.06139015728056,False
1902457371768566226,BOX,False,,4,partial,True,0.0012581646551601544,0.0014094334413406791,0.0,0.0017581846887766912,0.0013656116753667834,1971.0,0.0032630178027621367,-0.25538097962024414,49.06139015728056,False
1902398384360558940,BOX,False,,4,partial,True,8.264952578951323e-05,0.0002023767727437981,6.0,0.000644298708764403,0.00048330042126132664,1228.0,0.0011389836365124227,-0.9143835109170165,8.387622149837133,False
1902112777512128631,BOX,False,,4,partial,True,-0.00016627560679438602,0.0009491115372234203,0.0,0.0017581846887766912,0.0013656116753667834,1971.0,0.0032630178027621367,-0.5924620931026865,26.433282597666157,False
1901833521146286367,BOX,False,,1,insufficient,False,0.005062808215362646,,0.0,,,,,,,False
1901803318051262623,BOX,False,,1,insufficient,False,0.005062808215362646,,0.0,,,,,,,False
1901374781800505688,BOX,False,,2,partial,True,-0.0056629068434420615,0.0,0.0,0.0017581846887766912,0.0013656116753667834,1971.0,0.0032630178027621367,-1.2874704577378986,0.0,False
1901305619581460690,BOX,False,,2,partial,True,-0.0056629068434420615,0.0,0.0,0.0017581846887766912,0.0013656116753667834,1971.0,0.0032630178027621367,-1.2874704577378986,0.0,False
1901022128604147878,BOX,False,,2,partial,True,-0.0056629068434420615,0.0,0.0,0.0017581846887766912,0.0013656116753667834,1971.0,0.0032630178027621367,-1.2874704577378986,0.0,False
1900923776851996706,BOX,False,,2,partial,True,-0.0056629068434420615,0.0,0.0,0.0017581846887766912,0.0013656116753667834,1971.0,0.0032630178027621367,-1.2874704577378986,0.0,False
1900638059903021069,BOX,False,,2,partial,True,-0.0056629068434420615,0.0,0.0,0.0017581846887766912,0.0013656116753667834,1971.0,0.0032630178027621367,-1.2874704577378986,0.0,False
1900360028189843677,BOX,False,,3,partial,True,-0.001277990190205136,0.0001636368364947849,0.0,0.0017581846887766912,0.0013656116753667834,1971.0,0.0032630178027621367,-1.1676436874733325,0.5580923389142567,False
1900015612795162664,BOX,False,,1,insufficient,False,-0.003403764019807465,,0.0,,,,,,,False
1899844667811983614,BOX,True,"cpi(ALL, 2025-03-12 12:30:00+00:00->2025-03-12 20:00:00+00:00)",4,partial,False,0.0029091228013731207,0.000872124798936693,3.0,0.000758629565148131,0.0004824263753766098,1776.0,0.0013826965166150963,0.23525918063655016,68.80630630630631,False
1899522600172507617,BOX,False,,3,partial,True,0.0002129328455251489,0.0007927701042449442,9.0,0.0006141504376655027,0.000412204725296186,1423.0,0.0011014392407613976,0.4333275569587319,75.54462403373155,False
1899482127466705397,BOX,False,,3,partial,True,-0.0010425531673022848,4.9134739610323663e-08,3.0,0.000758629565148131,0.0004824263753766098,1776.0,0.0013826965166150963,-1.5724273570580156,0.3941441441441441,False
1898904236936814900,BOX,False,,2,partial,True,0.02535604636583233,0.0,0.0,0.0017581846887766912,0.0013656116753667834,1971.0,0.0032630178027621367,-1.2874704577378986,0.0,False
1898822422582948204,BOX,False,,2,partial,True,0.02535604636583233,0.0,0.0,0.0017581846887766912,0.0013656116753667834,1971.0,0.0032630178027621367,-1.2874704577378986,0.0,False
1898595782628114819,BOX,False,,2,partial,True,0.02535604636583233,0.0,0.0,0.0017581846887766912,0.0013656116753667834,1971.0,0.0032630178027621367,-1.2874704577378986,0.0,False
1898527920219701559,BOX,False,,2,partial,True,0.02535604636583233,0.0,0.0,0.0017581846887766912,0.0013656116753667834,1971.0,0.0032630178027621367,-1.2874704577378986,0.0,False
1898185082243805382,BOX,False,,2,partial,True,0.02535604636583233,0.0,0.0,0.0017581846887766912,0.0013656116753667834,1971.0,0.0032630178027621367,-1.2874704577378986,0.0,False
1897891141116477708,BOX,True,"jobs_report(ALL, 2025-03-07 13:30:00+00:00->2025-03-07 21:00:00+00:00)",1,insufficient,False,-0.0026334810667042463,,0.0,,,,,,,False
1897542826168344795,BOX,False,,2,partial,True,0.0010542234210744184,0.0,0.0,0.0017581846887766912,0.0013656116753667834,1971.0,0.0032630178027621367,-1.2874704577378986,0.0,False
1897408836094582903,BOX,False,,2,partial,True,0.0010542234210744184,0.0,0.0,0.0017581846887766912,0.0013656116753667834,1971.0,0.0032630178027621367,-1.2874704577378986,0.0,False
1897135250737938672,BOX,True,"earnings(BOX, 2025-03-04 21:00:00+00:00->2025-03-05 21:00:00+00:00)",5,complete,False,-0.044650602757938085,0.009377788246545065,0.0,0.0017581846887766912,0.0013656116753667834,1971.0,0.0032630178027621367,5.579626840640374,99.74632166412988,True
1896962302425067791,BOX,False,,3,partial,True,-0.0007789587578225232,0.00029855202490747246,4.0,0.0006405765596762355,0.0004336418091671976,1560.0,0.0011404427505576464,-0.788725919729963,19.67948717948718,False
1896690704245772759,BOX,False,,2,partial,True,0.010821832687143873,0.0,0.0,0.0017581846887766912,0.0013656116753667834,1971.0,0.0032630178027621367,-1.2874704577378986,0.0,False
1896381948895043916,BOX,False,,4,partial,True,-0.001977253069554985,0.0012976428708214758,0.0,0.0017581846887766912,0.0013656116753667834,1971.0,0.0032630178027621367,-0.33724215035838834,44.08929477422628,False
1896258239018553653,BOX,False,,4,partial,True,-0.001977253069554985,0.0012976428708214758,0.0,0.0017581846887766912,0.0013656116753667834,1971.0,0.0032630178027621367,-0.33724215035838834,44.08929477422628,False
1896005470131015847,BOX,False,,4,partial,True,-0.001977253069554985,0.0012976428708214758,0.0,0.0017581846887766912,0.0013656116753667834,1971.0,0.0032630178027621367,-0.33724215035838834,44.08929477422628,False
1895888843255300585,BOX,False,,4,partial,True,-0.001977253069554985,0.0012976428708214758,0.0,0.0017581846887766912,0.0013656116753667834,1971.0,0.0032630178027621367,-0.33724215035838834,44.08929477422628,False
1895885433671991429,BOX,False,,4,partial,True,-0.001977253069554985,0.0012976428708214758,0.0,0.0017581846887766912,0.0013656116753667834,1971.0,0.0032630178027621367,-0.33724215035838834,44.08929477422628,False
1895703228475723961,BOX,False,,4,partial,True,-0.001977253069554985,0.0012976428708214758,0.0,0.0017581846887766912,0.0013656116753667834,1971.0,0.0032630178027621367,-0.33724215035838834,44.08929477422628,False
1895362176409575936,BOX,False,,3,partial,True,-0.004181976507931617,0.002561145003630916,0.0,0.0017581846887766912,0.0013656116753667834,1971.0,0.0032630178027621367,0.5879858303339133,83.30796549974632,False
1895317985281343659,BOX,False,,3,partial,True,-0.004181976507931617,0.002561145003630916,0.0,0.0017581846887766912,0.0013656116753667834,1971.0,0.0032630178027621367,0.5879858303339133,83.30796549974632,False
1895287650581651494,BOX,False,,3,partial,True,-0.004181976507931617,0.002561145003630916,0.0,0.0017581846887766912,0.0013656116753667834,1971.0,0.0032630178027621367,0.5879858303339133,83.30796549974632,False
1895212556467479021,BOX,False,,4,partial,True,-0.001980523694623093,0.00043524317061981177,12.0,0.0006555028553598318,0.00043303716082071324,7406.0,0.0011453263011522575,-0.508639222376604,32.406157169862276,False
1894996900577001974,BOX,False,,2,partial,True,-0.002489615339911877,0.0,0.0,0.0017581846887766912,0.0013656116753667834,1971.0,0.0032630178027621367,-1.2874704577378986,0.0,False
1894961069837475912,BOX,False,,2,partial,True,-0.002489615339911877,0.0,0.0,0.0017581846887766912,0.0013656116753667834,1971.0,0.0032630178027621367,-1.2874704577378986,0.0,False
1894925785330524577,BOX,False,,2,partial,True,-0.002489615339911877,0.0,0.0,0.0017581846887766912,0.0013656116753667834,1971.0,0.0032630178027621367,-1.2874704577378986,0.0,False
1894863924526551502,BOX,False,,2,partial,True,-0.002489615339911877,0.0,0.0,0.0017581846887766912,0.0013656116753667834,1971.0,0.0032630178027621367,-1.2874704577378986,0.0,False
1894851352565817599,BOX,False,,5,complete,True,0.000357827909778341,0.0004103272297977447,12.0,0.0006555028553598318,0.00043303716082071324,7406.0,0.0011453263011522575,-0.5661768728979708,29.35457736970024,False
1894805462404735289,BOX,False,,3,partial,True,-0.0013581720290387622,0.00098626843298244,6.0,0.000644298708764403,0.00048330042126132664,1228.0,0.0011389836365124227,0.707571748697338,83.38762214983714,False
1894124000751882310,BOX,False,,5,complete,True,-0.00036161452787042414,0.0005431587398575697,12.0,0.0006555028553598318,0.00043303716082071324,7406.0,0.0011453263011522575,-0.25943296711381997,46.13826627059141,False
1894110480014479481,BOX,False,,1,insufficient,False,-0.00020577835149671042,,10.0,,,,,,,False
1894071278157328650,BOX,False,,3,partial,True,0.00019293745771431503,0.00022547914700044025,5.0,0.0006354635698313305,0.000429445047786007,1327.0,0.001119594825776626,-0.9546842487637347,10.92690278824416,False
1893891111745130625,BOX,False,,5,complete,True,0.0002668284789644204,0.0035669125260873596,0.0,0.0017581846887766912,0.0013656116753667834,1971.0,0.0032630178027621367,1.3244818200788087,91.73008625063419,True
1893513827422962049,BOX,False,,5,complete,True,0.0002668284789644204,0.0035669125260873596,0.0,0.0017581846887766912,0.0013656116753667834,1971.0,0.0032630178027621367,1.3244818200788087,91.73008625063419,True
1893489954581258505,BOX,False,,5,complete,True,0.0002668284789644204,0.0035669125260873596,0.0,0.0017581846887766912,0.0013656116753667834,1971.0,0.0032630178027621367,1.3244818200788087,91.73008625063419,True
1893354031323480353,BOX,False,,5,complete,True,0.0002668284789644204,0.0035669125260873596,0.0,0.0017581846887766912,0.0013656116753667834,1971.0,0.0032630178027621367,1.3244818200788087,91.73008625063419,True
1893336277602443779,BOX,False,,5,complete,True,0.0002668284789644204,0.0035669125260873596,0.0,0.0017581846887766912,0.0013656116753667834,1971.0,0.0032630178027621367,1.3244818200788087,91.73008625063419,True
1893170662593962485,BOX,False,,5,complete,True,0.0002668284789644204,0.0035669125260873596,0.0,0.0017581846887766912,0.0013656116753667834,1971.0,0.0032630178027621367,1.3244818200788087,91.73008625063419,True
1893046887692788115,BOX,False,,5,complete,True,0.0002668284789644204,0.0035669125260873596,0.0,0.0017581846887766912,0.0013656116753667834,1971.0,0.0032630178027621367,1.3244818200788087,91.73008625063419,True
1893020560470261861,BOX,False,,3,partial,True,0.0023359164254211917,0.00014826795740852106,10.0,0.0005355339254825178,0.0003411724991485386,1693.0,0.000982805961567209,-1.13510311950844,5.079740106320141,False
1892600851807498325,BOX,False,,3,partial,True,0.0024198473379949403,1.0492869240152913e-08,2.0,0.0008900083077710569,0.0005870184378314879,2142.0,0.0015609803531372367,-1.5161326417438756,0.09337068160597572,False
1892434097529565547,BOX,False,,1,insufficient,False,-0.0005414222777232469,,0.0,,,,,,,False
1892352586000584761,BOX,False,,1,insufficient,False,-0.0005414222777232469,,0.0,,,,,,,False
1892013405990683014,BOX,False,,4,partial,True,-0.008229751706914867,0.0010505808483794908,0.0,0.0017581846887766912,0.0013656116753667834,1971.0,0.0032630178027621367,-0.5181588977021219,31.861998985286654,False
1891902408940265497,BOX,False,,3,partial,True,0.000905186013713255,0.00042405824368563216,5.0,0.0006354635698313305,0.000429445047786007,1327.0,0.001119594825776626,-0.49227561765025146,34.51394122079879,False
1891889293184074047,BOX,False,,4,partial,True,0.0014885755775488896,0.00013348563611514537,3.0,0.000758629565148131,0.0004824263753766098,1776.0,0.0013826965166150963,-1.295832817069677,1.3513513513513513,False
1891709981998596565,BOX,False,,2,partial,True,-0.003448901691792128,0.0,0.0,0.0017581846887766912,0.0013656116753667834,1971.0,0.0032630178027621367,-1.2874704577378986,0.0,False
1891645445056712930,BOX,False,,2,partial,True,-0.003448901691792128,0.0,0.0,0.0017581846887766912,0.0013656116753667834,1971.0,0.0032630178027621367,-1.2874704577378986,0.0,False
1891587229048336741,BOX,False,,2,partial,True,-0.003448901691792128,0.0,0.0,0.0017581846887766912,0.0013656116753667834,1971.0,0.0032630178027621367,-1.2874704577378986,0.0,False
1891543665106940226,BOX,False,,2,partial,True,-0.003448901691792128,0.0,0.0,0.0017581846887766912,0.0013656116753667834,1971.0,0.0032630178027621367,-1.2874704577378986,0.0,False
1891358026470420716,BOX,False,,2,partial,True,-0.003448901691792128,0.0,0.0,0.0017581846887766912,0.0013656116753667834,1971.0,0.0032630178027621367,-1.2874704577378986,0.0,False
1891291958275883406,BOX,False,,2,partial,True,-0.003448901691792128,0.0,0.0,0.0017581846887766912,0.0013656116753667834,1971.0,0.0032630178027621367,-1.2874704577378986,0.0,False
1891283040707490045,BOX,False,,2,partial,True,-0.003448901691792128,0.0,0.0,0.0017581846887766912,0.0013656116753667834,1971.0,0.0032630178027621367,-1.2874704577378986,0.0,False
1891007199868072406,BOX,False,,2,partial,True,-0.003448901691792128,0.0,0.0,0.0017581846887766912,0.0013656116753667834,1971.0,0.0032630178027621367,-1.2874704577378986,0.0,False
1890962024319856775,BOX,False,,2,partial,True,-0.003448901691792128,0.0,0.0,0.0017581846887766912,0.0013656116753667834,1971.0,0.0032630178027621367,-1.2874704577378986,0.0,False
1890905974036176943,BOX,False,,2,partial,True,-0.003448901691792128,0.0,0.0,0.0017581846887766912,0.0013656116753667834,1971.0,0.0032630178027621367,-1.2874704577378986,0.0,False
1890804783214104816,BOX,False,,2,partial,True,-0.003448901691792128,0.0,0.0,0.0017581846887766912,0.0013656116753667834,1971.0,0.0032630178027621367,-1.2874704577378986,0.0,False
1890602936889204839,BOX,False,,2,partial,True,-0.003448901691792128,0.0,0.0,0.0017581846887766912,0.0013656116753667834,1971.0,0.0032630178027621367,-1.2874704577378986,0.0,False
1890500778839712173,BOX,False,,4,partial,True,2.391251879763079e-05,0.00029098913106447813,12.0,0.0006555028553598318,0.00043303716082071324,7406.0,0.0011453263011522575,-0.8417608401193777,14.731298946799892,False
1890462605627490502,BOX,False,,2,partial,True,-0.0009137501911871126,0.0,7.0,0.0006681341163889676,0.0005705509900078666,1250.0,0.001189888240982327,-1.171033138299796,0.4,False
1890293306321695066,BOX,False,,1,insufficient,False,0.0006460378495023456,,0.0,,,,,,,False
1890254251580125222,BOX,False,,1,insufficient,False,0.0006460378495023456,,0.0,,,,,,,False
1889940246969852413,BOX,False,,4,partial,True,-0.0005966537667911886,0.0020939340917365793,0.0,0.0017581846887766912,0.0013656116753667834,1971.0,0.0032630178027621367,0.24586008527622663,74.3784880771182,False
1889902458786423125,BOX,False,,4,partial,True,-0.0005966537667911886,0.0020939340917365793,0.0,0.0017581846887766912,0.0013656116753667834,1971.0,0.0032630178027621367,0.24586008527622663,74.3784880771182,False
1889748479041478712,BOX,True,"cpi(ALL, 2025-02-12 13:30:00+00:00->2025-02-12 21:00:00+00:00)",2,partial,False,0.00040227830373296136,0.0,8.0,0.0006684660967236313,0.0005258114149754871,1318.0,0.0012066461305059878,-1.2713038889709054,0.07587253414264036,False
1889525710617977174,BOX,True,"cpi(ALL, 2025-02-12 13:30:00+00:00->2025-02-12 21:00:00+00:00)",1,insufficient,False,-0.0032199441251741234,,0.0,,,,,,,False
1889486654043463741,BOX,True,"cpi(ALL, 2025-02-12 13:30:00+00:00->2025-02-12 21:00:00+00:00)",1,insufficient,False,-0.0032199441251741234,,0.0,,,,,,,False
1889396545038196936,BOX,False,,1,insufficient,False,0.0007269972270154135,,9.0,,,,,,,False
1889344109376311483,BOX,False,,1,insufficient,False,-0.0011458924349214694,,3.0,,,,,,,False
1889198176172921122,BOX,False,,3,partial,True,0.0052288296851316085,0.00043155114997728283,0.0,0.0017581846887766912,0.0013656116753667834,1971.0,0.0032630178027621367,-0.9714573789383383,4.819888381532217,False
1889189450045177893,BOX,False,,3,partial,True,0.0052288296851316085,0.00043155114997728283,0.0,0.0017581846887766912,0.0013656116753667834,1971.0,0.0032630178027621367,-0.9714573789383383,4.819888381532217,False
1889125076114735360,BOX,False,,3,partial,True,0.0052288296851316085,0.00043155114997728283,0.0,0.0017581846887766912,0.0013656116753667834,1971.0,0.0032630178027621367,-0.9714573789383383,4.819888381532217,False
1888802531343769729,BOX,False,,2,partial,True,0.001494347447671851,0.0,0.0,0.0017581846887766912,0.0013656116753667834,1971.0,0.0032630178027621367,-1.2874704577378986,0.0,False
1888683513593077782,BOX,False,,2,partial,True,0.001494347447671851,0.0,0.0,0.0017581846887766912,0.0013656116753667834,1971.0,0.0032630178027621367,-1.2874704577378986,0.0,False
1888366263510196449,BOX,False,,2,partial,True,0.001494347447671851,0.0,0.0,0.0017581846887766912,0.0013656116753667834,1971.0,0.0032630178027621367,-1.2874704577378986,0.0,False
1888347334330978448,BOX,False,,2,partial,True,0.001494347447671851,0.0,0.0,0.0017581846887766912,0.0013656116753667834,1971.0,0.0032630178027621367,-1.2874704577378986,0.0,False
1887931096605802524,BOX,True,"jobs_report(ALL, 2025-02-07 13:30:00+00:00->2025-02-07 21:00:00+00:00)",2,partial,False,0.00032749888133509764,0.0,8.0,0.0006684660967236313,0.0005258114149754871,1318.0,0.0012066461305059878,-1.2713038889709054,0.07587253414264036,False
1887654055599874081,BOX,True,"jobs_report(ALL, 2025-02-07 13:30:00+00:00->2025-02-07 21:00:00+00:00)",2,partial,False,2.3786455138008478e-05,0.0,0.0,0.0017581846887766912,0.0013656116753667834,1971.0,0.0032630178027621367,-1.2874704577378986,0.0,False
1887575416514158696,BOX,False,,3,partial,True,-0.0012973791675988666,0.0005822416960710175,8.0,0.0006684660967236313,0.0005258114149754871,1318.0,0.0012066461305059878,-0.16398350852963803,54.93171471927162,False
1887274386492899565,BOX,False,,1,insufficient,False,-0.0037200796545289183,,0.0,,,,,,,False
1887195521254891720,BOX,False,,3,partial,True,0.00016038374119409227,0.0005918911093187873,6.0,0.000644298708764403,0.00048330042126132664,1228.0,0.0011389836365124227,-0.10843689999036496,55.45602605863193,False
1886967543665189097,BOX,False,,2,partial,True,0.002434715753122596,0.0,0.0,0.0017581846887766912,0.0013656116753667834,1971.0,0.0032630178027621367,-1.2874704577378986,0.0,False
1886947986418360440,BOX,False,,2,partial,True,0.002434715753122596,0.0,0.0,0.0017581846887766912,0.0013656116753667834,1971.0,0.0032630178027621367,-1.2874704577378986,0.0,False
1886876005513748539,BOX,False,,5,complete,True,-0.0035481195671458465,0.0008935910797221116,12.0,0.0006555028553598318,0.00043303716082071324,7406.0,0.0011453263011522575,0.5498101454181055,79.26005941128814,False
1886660365351837805,BOX,False,,1,insufficient,False,0.004689611075272548,,0.0,,,,,,,False
1886605881154134195,BOX,False,,1,insufficient,False,0.004689611075272548,,0.0,,,,,,,False
1886277540152737976,BOX,False,,4,partial,True,0.004703197626926725,0.0004986269562781333,0.0,0.0017581846887766912,0.0013656116753667834,1971.0,0.0032630178027621367,-0.9223396044561928,6.747843734145103,False
1886099361853276163,BOX,False,,4,partial,True,0.004703197626926725,0.0004986269562781333,0.0,0.0017581846887766912,0.0013656116753667834,1971.0,0.0032630178027621367,-0.9223396044561928,6.747843734145103,False
1885932322106798562,BOX,False,,4,partial,True,0.004703197626926725,0.0004986269562781333,0.0,0.0017581846887766912,0.0013656116753667834,1971.0,0.0032630178027621367,-0.9223396044561928,6.747843734145103,False
1885829441353646239,BOX,False,,4,partial,True,0.004703197626926725,0.0004986269562781333,0.0,0.0017581846887766912,0.0013656116753667834,1971.0,0.0032630178027621367,-0.9223396044561928,6.747843734145103,False
1885791033805643860,BOX,False,,4,partial,True,0.004703197626926725,0.0004986269562781333,0.0,0.0017581846887766912,0.0013656116753667834,1971.0,0.0032630178027621367,-0.9223396044561928,6.747843734145103,False
1885547937180377237,BOX,False,,4,partial,True,0.004703197626926725,0.0004986269562781333,0.0,0.0017581846887766912,0.0013656116753667834,1971.0,0.0032630178027621367,-0.9223396044561928,6.747843734145103,False
1885197788155408542,BOX,False,,2,partial,True,-0.0020192124130087308,0.0,0.0,0.0017581846887766912,0.0013656116753667834,1971.0,0.0032630178027621367,-1.2874704577378986,0.0,False
1885146393406587192,BOX,False,,2,partial,True,-0.0020192124130087308,0.0,0.0,0.0017581846887766912,0.0013656116753667834,1971.0,0.0032630178027621367,-1.2874704577378986,0.0,False
1884786461784039792,BOX,False,,3,partial,True,-0.0033791423262236053,0.0058746040108099695,0.0,0.0017581846887766912,0.0013656116753667834,1971.0,0.0032630178027621367,3.0143410431282875,98.02130898021308,True
1884474153979502726,BOX,False,,4,partial,True,0.002729570447514318,0.0005483050401375555,0.0,0.0017581846887766912,0.0013656116753667834,1971.0,0.0032630178027621367,-0.8859617052660153,9.233891425672248,False
1884455057527275697,BOX,False,,4,partial,True,0.002729570447514318,0.0005483050401375555,0.0,0.0017581846887766912,0.0013656116753667834,1971.0,0.0032630178027621367,-0.8859617052660153,9.233891425672248,False
1884271546665165269,BOX,False,,3,partial,True,0.0010282894524862307,0.00037751235020078155,3.0,0.000758629565148131,0.0004824263753766098,1776.0,0.0013826965166150963,-0.7900007843680342,19.08783783783784,False
1884053695626875123,BOX,False,,1,insufficient,False,0.0027461410916362894,,0.0,,,,,,,False
1883911644776206370,BOX,False,,3,partial,True,-0.0015638195036521418,4.7600548835902146e-08,3.0,0.000758629565148131,0.0004824263753766098,1776.0,0.0013826965166150963,-1.572430537213274,0.3941441441441441,False
1883732583068127480,BOX,False,,1,insufficient,False,0.0303605520376381,,0.0,,,,,,,False
1883703145790062714,BOX,False,,1,insufficient,False,0.0303605520376381,,0.0,,,,,,,False
1883638050712080431,BOX,False,,1,insufficient,False,0.0303605520376381,,0.0,,,,,,,False
1883561338561315005,BOX,False,,1,insufficient,False,0.0303605520376381,,0.0,,,,,,,False
1883254205936529616,BOX,False,,1,insufficient,False,0.0303605520376381,,0.0,,,,,,,False
1883003257729216946,BOX,False,,1,insufficient,False,0.0303605520376381,,0.0,,,,,,,False
1882867955131900004,BOX,False,,3,partial,True,0.00039345562704506953,0.00031620553623135095,9.0,0.0006141504376655027,0.000412204725296186,1423.0,0.0011014392407613976,-0.7228080687820019,21.644413211524945,False
1882854375368151487,BOX,False,,3,partial,True,0.000702822622261845,0.0002366241637552502,7.0,0.0006681341163889676,0.0005705509900078666,1250.0,0.001189888240982327,-0.7563039240853265,11.84,False
1882615281639702554,BOX,False,,2,partial,True,-0.0010562103863733796,0.0,0.0,0.0017581846887766912,0.0013656116753667834,1971.0,0.0032630178027621367,-1.2874704577378986,0.0,False
1882523238586368057,BOX,False,,2,partial,True,0.0009465845382654603,0.0,11.0,0.0005922930022773065,0.00037423045557609527,2768.0,0.001087637501794158,-1.582695885521992,0.32514450867052025,False
1882240165865025711,BOX,False,,2,partial,True,-0.003290246523449447,0.0,0.0,0.0017581846887766912,0.0013656116753667834,1971.0,0.0032630178027621367,-1.2874704577378986,0.0,False
1882122449934053859,BOX,False,,3,partial,True,0.0002333439092625511,0.00015775359020264723,6.0,0.000644298708764403,0.00048330042126132664,1228.0,0.0011389836365124227,-1.006713623985597,5.211726384364821,False
1881921540494918086,BOX,False,,3,partial,True,-0.003769883782042127,0.0007059377683757972,0.0,0.0017581846887766912,0.0013656116753667834,1971.0,0.0032630178027621367,-0.7705315789119009,15.474378488077118,False
1881838470429319235,BOX,False,,3,partial,True,-0.003769883782042127,0.0007059377683757972,0.0,0.0017581846887766912,0.0013656116753667834,1971.0,0.0032630178027621367,-0.7705315789119009,15.474378488077118,False
1881805198651429331,BOX,False,,5,complete,True,-0.00017336051623306759,0.0003504150013594858,12.0,0.0006555028553598318,0.00043303716082071324,7406.0,0.0011453263011522575,-0.7045304227981924,21.982176613556575,False
1881531209387507872,BOX,False,,5,complete,True,0.008211972630638664,0.0016494445085497237,0.0,0.0017581846887766912,0.0013656116753667834,1971.0,0.0032630178027621367,-0.07962745353488677,60.17250126839168,False
1881403007214272738,BOX,False,,5,complete,True,0.008211972630638664,0.0016494445085497237,0.0,0.0017581846887766912,0.0013656116753667834,1971.0,0.0032630178027621367,-0.07962745353488677,60.17250126839168,False
1881395592204792285,BOX,False,,5,complete,True,0.008211972630638664,0.0016494445085497237,0.0,0.0017581846887766912,0.0013656116753667834,1971.0,0.0032630178027621367,-0.07962745353488677,60.17250126839168,False
1881199738529411369,BOX,False,,5,complete,True,0.008211972630638664,0.0016494445085497237,0.0,0.0017581846887766912,0.0013656116753667834,1971.0,0.0032630178027621367,-0.07962745353488677,60.17250126839168,False
1881186954517344698,BOX,False,,5,complete,True,0.008211972630638664,0.0016494445085497237,0.0,0.0017581846887766912,0.0013656116753667834,1971.0,0.0032630178027621367,-0.07962745353488677,60.17250126839168,False
1881037508026446321,BOX,False,,5,complete,True,0.008211972630638664,0.0016494445085497237,0.0,0.0017581846887766912,0.0013656116753667834,1971.0,0.0032630178027621367,-0.07962745353488677,60.17250126839168,False
1881023026537587155,BOX,False,,5,complete,True,0.008211972630638664,0.0016494445085497237,0.0,0.0017581846887766912,0.0013656116753667834,1971.0,0.0032630178027621367,-0.07962745353488677,60.17250126839168,False
1880822344295612457,BOX,False,,5,complete,True,0.008211972630638664,0.0016494445085497237,0.0,0.0017581846887766912,0.0013656116753667834,1971.0,0.0032630178027621367,-0.07962745353488677,60.17250126839168,False
1880735272129994886,BOX,False,,5,complete,True,0.008211972630638664,0.0016494445085497237,0.0,0.0017581846887766912,0.0013656116753667834,1971.0,0.0032630178027621367,-0.07962745353488677,60.17250126839168,False
1880464541815107793,BOX,False,,5,complete,True,0.008211972630638664,0.0016494445085497237,0.0,0.0017581846887766912,0.0013656116753667834,1971.0,0.0032630178027621367,-0.07962745353488677,60.17250126839168,False
2076411790561288265,CRM,False,,1,insufficient,False,,,,,,,,,,False
2076409729094455359,CRM,False,,1,insufficient,False,,,,,,,,,,False
2075857273415504357,CRM,False,,1,insufficient,False,,,,,,,,,,False
2074904379572764929,CRM,False,,4,partial,True,0.000584163356616596,0.0002529592569636392,7.0,0.0005232230735309239,0.0004596635019185384,6624.0,0.0009167983014404401,-0.5879601391871676,21.618357487922705,False
2074813788864328162,CRM,False,,5,complete,True,-0.016010252718105633,0.0019834403231966326,0.0,0.0013865662771967724,0.000912029354857973,13135.0,0.0025945361707887353,0.6544460908199706,80.55576703464027,False
2074791252931858578,CRM,False,,5,complete,True,-0.016010252718105633,0.0019834403231966326,0.0,0.0013865662771967724,0.000912029354857973,13135.0,0.0025945361707887353,0.6544460908199706,80.55576703464027,False
2073483292054032599,CRM,False,,5,complete,True,-0.017602647417740758,0.002645766101221832,0.0,0.0013865662771967724,0.000912029354857973,13135.0,0.0025945361707887353,1.380657121744892,90.5595736581652,True
2073423003514225056,CRM,False,,5,complete,True,-0.017602647417740758,0.002645766101221832,0.0,0.0013865662771967724,0.000912029354857973,13135.0,0.0025945361707887353,1.380657121744892,90.5595736581652,True
2070300449756840419,CRM,False,,5,complete,True,0.03763143132900759,0.0032144379559789606,0.0,0.0013865662771967724,0.000912029354857973,13135.0,0.0025945361707887353,2.0041807525667155,95.09706889988581,True
2069480886211346895,CRM,False,,4,partial,True,0.0004481625336122397,8.522122235712085e-05,9.0,0.0005013187904212589,0.00041913246753021285,7504.0,0.0008725280444793132,-0.9927590924082824,1.2393390191897655,False
2069036531071754525,CRM,False,,1,insufficient,False,,,,,,,,,,False
2067258671025770787,CRM,False,,5,complete,True,-0.003067974136588103,0.0005683556483724756,2.0,0.0007652616347011122,0.0004947667022517721,10573.0,0.0013826640984495764,-0.39797744155474113,40.64125602950913,False
2067248713991352352,CRM,False,,5,complete,True,0.004636766219039856,0.0006145215554123064,1.0,0.0009430353794862737,0.0005903905495575912,11921.0,0.001678603260306963,-0.5564347605498412,32.36305679053771,False
2067204120121885032,CRM,False,,5,complete,True,-0.02118754254976052,0.0012957244206396302,0.0,0.0013865662771967724,0.000912029354857973,13135.0,0.0025945361707887353,-0.09960409286528794,56.74914350970689,False
2067133050765361432,CRM,False,,5,complete,True,-0.02118754254976052,0.0012957244206396302,0.0,0.0013865662771967724,0.000912029354857973,13135.0,0.0025945361707887353,-0.09960409286528794,56.74914350970689,False
2066522147153916069,CRM,False,,5,complete,True,9.84375966492923e-05,0.0007239704396355669,1.0,0.0009430353794862737,0.0005903905495575912,11921.0,0.001678603260306963,-0.37105089167647254,42.488046304840196,False
2065433020283113524,CRM,False,,5,complete,True,0.0031903640090686913,0.0009886736550181552,0.0,0.0013865662771967724,0.000912029354857973,13135.0,0.0025945361707887353,-0.4362717275044064,39.566044918157594,False
2064054943435092125,CRM,False,,3,partial,True,-0.0006813474326828883,0.0006813924417294892,10.0,0.00047384495540406994,0.00033083220207464075,8009.0,0.0008634677691156327,0.627349710892392,81.07129479335747,False
2063971896316637593,CRM,False,,5,complete,True,-0.02421610835174215,0.004238035129346684,0.0,0.0013865662771967724,0.000912029354857973,13135.0,0.0025945361707887353,3.126509949445608,98.56109630757518,True
2063263077701697632,CRM,False,,5,complete,True,-0.02421610835174215,0.004238035129346684,0.0,0.0013865662771967724,0.000912029354857973,13135.0,0.0025945361707887353,3.126509949445608,98.56109630757518,True
2062905722023620624,CRM,True,"jobs_report(ALL, 2026-06-05 12:30:00+00:00->2026-06-05 20:00:00+00:00)",4,partial,False,-0.00016154962079184543,0.0012824283603070565,2.0,0.0007652616347011122,0.0004947667022517721,10573.0,0.0013826640984495764,1.045273910415203,87.66669819351178,False
2062291326662553763,CRM,False,,5,complete,True,0.005170204972797632,0.001879108682251318,0.0,0.0013865662771967724,0.000912029354857973,13135.0,0.0025945361707887353,0.5400510437860274,78.17282070803198,False
2062289097784173047,CRM,False,,5,complete,True,0.005170204972797632,0.001879108682251318,0.0,0.0013865662771967724,0.000912029354857973,13135.0,0.0025945361707887353,0.5400510437860274,78.17282070803198,False
2061506033420283936,CRM,False,,5,complete,True,0.0012668243479097008,0.0004800659161404267,8.0,0.0005039560975809109,0.00041221040224276404,7076.0,0.0009039156913496446,-0.057956279876737446,60.40135669869983,False
2061420773600854289,CRM,False,,1,insufficient,False,,,,,,,,,,False
2059881098386280734,CRM,True,"earnings(CRM, 2026-05-27 20:00:00+00:00->2026-05-28 20:00:00+00:00)",5,complete,False,-0.022479763188602453,0.007330654515418765,0.0,0.0013865662771967724,0.000912029354857973,13135.0,0.0025945361707887353,6.517430833295539,99.96193376475067,True
2059879170575122892,CRM,True,"earnings(CRM, 2026-05-27 20:00:00+00:00->2026-05-28 20:00:00+00:00)",5,complete,False,-0.022479763188602453,0.007330654515418765,0.0,0.0013865662771967724,0.000912029354857973,13135.0,0.0025945361707887353,6.517430833295539,99.96193376475067,True
2059800497494819131,CRM,True,"earnings(CRM, 2026-05-27 20:00:00+00:00->2026-05-28 20:00:00+00:00)",5,complete,False,-0.022479763188602453,0.007330654515418765,0.0,0.0013865662771967724,0.000912029354857973,13135.0,0.0025945361707887353,6.517430833295539,99.96193376475067,True
2059748159610556924,CRM,True,"earnings(CRM, 2026-05-27 20:00:00+00:00->2026-05-28 20:00:00+00:00)",5,complete,False,-0.022479763188602453,0.007330654515418765,0.0,0.0013865662771967724,0.000912029354857973,13135.0,0.0025945361707887353,6.517430833295539,99.96193376475067,True
2059730473870573749,CRM,True,"earnings(CRM, 2026-05-27 20:00:00+00:00->2026-05-28 20:00:00+00:00)",5,complete,False,-0.022479763188602453,0.007330654515418765,0.0,0.0013865662771967724,0.000912029354857973,13135.0,0.0025945361707887353,6.517430833295539,99.96193376475067,True
2059730190377636066,CRM,True,"earnings(CRM, 2026-05-27 20:00:00+00:00->2026-05-28 20:00:00+00:00)",5,complete,False,-0.022479763188602453,0.007330654515418765,0.0,0.0013865662771967724,0.000912029354857973,13135.0,0.0025945361707887353,6.517430833295539,99.96193376475067,True
2057859046976401897,CRM,False,,2,partial,True,-0.0006405793065032972,0.0,5.0,0.0005493466710007921,0.0003402920765585751,7507.0,0.000986237801408926,-1.6143387073728472,0.0,False
2057725709250928641,CRM,False,,5,complete,True,0.018671843267868082,0.003559500010562412,0.0,0.0013865662771967724,0.000912029354857973,13135.0,0.0025945361707887353,2.3825260906256926,96.66539779215836,True
2057698598977180129,CRM,False,,5,complete,True,0.018671843267868082,0.003559500010562412,0.0,0.0013865662771967724,0.000912029354857973,13135.0,0.0025945361707887353,2.3825260906256926,96.66539779215836,True
2057659936033878155,CRM,False,,5,complete,True,0.018671843267868082,0.003559500010562412,0.0,0.0013865662771967724,0.000912029354857973,13135.0,0.0025945361707887353,2.3825260906256926,96.66539779215836,True
2057618489825960180,CRM,False,,5,complete,True,0.018671843267868082,0.003559500010562412,0.0,0.0013865662771967724,0.000912029354857973,13135.0,0.0025945361707887353,2.3825260906256926,96.66539779215836,True
2057617107500900469,CRM,False,,5,complete,True,0.018671843267868082,0.003559500010562412,0.0,0.0013865662771967724,0.000912029354857973,13135.0,0.0025945361707887353,2.3825260906256926,96.66539779215836,True
2057522254431633867,CRM,False,,5,complete,True,-0.0004168374070683267,0.0005860114411932923,9.0,0.0005013187904212589,0.00041913246753021285,7504.0,0.0008725280444793132,0.20206654776971772,72.06823027718549,False
2057176703907320031,CRM,False,,5,complete,True,0.0027468978707674285,0.00033313533254031785,11.0,0.0004558716308987872,0.0003275982701254885,10137.0,0.0008132398672852102,-0.3746549037376005,40.75170168688961,False
2057176633048809978,CRM,False,,5,complete,True,0.0027468978707674285,0.00033313533254031785,11.0,0.0004558716308987872,0.0003275982701254885,10137.0,0.0008132398672852102,-0.3746549037376005,40.75170168688961,False
2057176156433154454,CRM,False,,5,complete,True,0.0003472216471709366,0.0006385361662150775,11.0,0.0004558716308987872,0.0003275982701254885,10137.0,0.0008132398672852102,0.5575869959457341,80.46759396271086,False
2057173169614815598,CRM,False,,5,complete,True,-0.0006944590274030604,0.00034663431793096727,10.0,0.00047384495540406994,0.00033083220207464075,8009.0,0.0008634677691156327,-0.38451709560123787,42.02771881633163,False
2055428789669343455,CRM,False,,5,complete,True,0.0015703279109430257,0.0033463703803877382,0.0,0.0013865662771967724,0.000912029354857973,13135.0,0.0025945361707887353,2.148838842469231,95.80510087552341,True
2055394139026632757,CRM,False,,5,complete,True,0.0015703279109430257,0.0033463703803877382,0.0,0.0013865662771967724,0.000912029354857973,13135.0,0.0025945361707887353,2.148838842469231,95.80510087552341,True
2050696874332758446,CRM,False,,5,complete,True,0.012877514499467946,0.003816450183166233,0.0,0.0013865662771967724,0.000912029354857973,13135.0,0.0025945361707887353,2.6642606326502043,97.60944042634183,True
2050386663155905002,CRM,False,,5,complete,True,0.012877514499467946,0.003816450183166233,0.0,0.0013865662771967724,0.000912029354857973,13135.0,0.0025945361707887353,2.6642606326502043,97.60944042634183,True
2050362890633592936,CRM,False,,5,complete,True,0.012877514499467946,0.003816450183166233,0.0,0.0013865662771967724,0.000912029354857973,13135.0,0.0025945361707887353,2.6642606326502043,97.60944042634183,True
2050320060703793175,CRM,False,,5,complete,True,0.012877514499467946,0.003816450183166233,0.0,0.0013865662771967724,0.000912029354857973,13135.0,0.0025945361707887353,2.6642606326502043,97.60944042634183,True
2047852518651359260,CRM,False,,5,complete,True,-0.001087636154729399,0.005208827803264921,0.0,0.0013865662771967724,0.000912029354857973,13135.0,0.0025945361707887353,4.190941339452144,99.5888846593072,True
2046999495393874233,CRM,False,,5,complete,True,0.0002259744661050611,0.0002861851797579817,7.0,0.0005232230735309239,0.0004596635019185384,6624.0,0.0009167983014404401,-0.5156769958536975,27.068236714975846,False
2046077126944948428,CRM,False,,5,complete,True,0.016263645464722143,0.004614882139238548,0.0,0.0013865662771967724,0.000912029354857973,13135.0,0.0025945361707887353,3.539706090430071,99.16254282451466,True
2044981547267395620,CRM,False,,5,complete,True,0.019734637809359468,0.0015864200500076524,0.0,0.0013865662771967724,0.000912029354857973,13135.0,0.0025945361707887353,0.2191308555435724,69.36429387133613,False
2042488444451242232,CRM,True,"cpi(ALL, 2026-04-10 12:30:00+00:00->2026-04-10 20:00:00+00:00)",5,complete,False,-0.016997698955945606,0.004248620646329683,0.0,0.0013865662771967724,0.000912029354857973,13135.0,0.0025945361707887353,3.1381165023779394,98.56870955462504,True
2039039355747221519,CRM,False,,5,complete,True,0.0008525127831258139,0.00019507324904886764,8.0,0.0005039560975809109,0.00041221040224276404,7076.0,0.0009039156913496446,-0.7493329786232132,12.902769926512153,False
2037674629108736429,CRM,False,,4,partial,True,0.013969845658931668,0.0019779447556910828,0.0,0.0013865662771967724,0.000912029354857973,13135.0,0.0025945361707887353,0.6484204432064619,80.46440807004187,False
2036475068117819522,CRM,False,,5,complete,True,0.002156339083048353,0.0006662815988065844,5.0,0.0005493466710007921,0.0003402920765585751,7507.0,0.000986237801408926,0.3436310624342854,72.90528839749567,False
2036252519308075219,CRM,False,,5,complete,True,-0.025105104510763754,0.003611146332186268,0.0,0.0013865662771967724,0.000912029354857973,13135.0,0.0025945361707887353,2.4391540065461177,96.86334221545489,True
2034018646188822664,CRM,False,,5,complete,True,0.003882861555079664,0.0017526619586864755,0.0,0.0013865662771967724,0.000912029354857973,13135.0,0.0025945361707887353,0.40140778313732434,74.41187666539778,False
2032161195533242422,CRM,False,,4,partial,True,-0.00011428104102828573,0.000617831321873699,9.0,0.0005013187904212589,0.00041913246753021285,7504.0,0.0008725280444793132,0.2779849820249046,74.97334754797441,False
2031447767802065216,CRM,False,,5,complete,True,0.0029398435048650917,0.0005019033325344573,11.0,0.0004558716308987872,0.0003275982701254885,10137.0,0.0008132398672852102,0.14051265172443475,67.41639538324948,False
2030820345062752546,CRM,False,,5,complete,True,0.0018538384911241934,0.0032741934937324507,0.0,0.0013865662771967724,0.000912029354857973,13135.0,0.0025945361707887353,2.0697000666493146,95.43205177007994,True
2027140612965687692,CRM,False,,5,complete,True,-0.033847636037967255,0.00279934482547356,0.0,0.0013865662771967724,0.000912029354857973,13135.0,0.0025945361707887353,1.5490494256040632,91.9147316330415,True
2027104931253997713,CRM,True,"earnings(CRM, 2026-02-25 21:00:00+00:00->2026-02-26 21:00:00+00:00)",5,complete,False,0.004435255004828664,0.0012787072870858313,10.0,0.00047384495540406994,0.00033083220207464075,8009.0,0.0008634677691156327,2.432841563289453,96.94094144087902,True
2027069956152586399,CRM,True,"earnings(CRM, 2026-02-25 21:00:00+00:00->2026-02-26 21:00:00+00:00)",5,complete,False,0.00415435632977057,0.00019103459743526283,5.0,0.0005493466710007921,0.0003402920765585751,7507.0,0.000986237801408926,-1.0529545007018475,8.27227920607433,False
2026803953342755116,CRM,True,"earnings(CRM, 2026-02-25 21:00:00+00:00->2026-02-26 21:00:00+00:00)",5,complete,False,0.00588608230661114,0.0034535467361739547,0.0,0.0013865662771967724,0.000912029354857973,13135.0,0.0025945361707887353,2.266352993976894,96.22382946326609,True
2026802311948013804,CRM,True,"earnings(CRM, 2026-02-25 21:00:00+00:00->2026-02-26 21:00:00+00:00)",5,complete,False,0.00588608230661114,0.0034535467361739547,0.0,0.0013865662771967724,0.000912029354857973,13135.0,0.0025945361707887353,2.266352993976894,96.22382946326609,True
2026802112588558597,CRM,True,"earnings(CRM, 2026-02-25 21:00:00+00:00->2026-02-26 21:00:00+00:00)",5,complete,False,0.00588608230661114,0.0034535467361739547,0.0,0.0013865662771967724,0.000912029354857973,13135.0,0.0025945361707887353,2.266352993976894,96.22382946326609,True
2026802020783632872,CRM,True,"earnings(CRM, 2026-02-25 21:00:00+00:00->2026-02-26 21:00:00+00:00)",5,complete,False,0.00588608230661114,0.0034535467361739547,0.0,0.0013865662771967724,0.000912029354857973,13135.0,0.0025945361707887353,2.266352993976894,96.22382946326609,True
2026801939565142521,CRM,True,"earnings(CRM, 2026-02-25 21:00:00+00:00->2026-02-26 21:00:00+00:00)",5,complete,False,0.00588608230661114,0.0034535467361739547,0.0,0.0013865662771967724,0.000912029354857973,13135.0,0.0025945361707887353,2.266352993976894,96.22382946326609,True
2026801866835964305,CRM,True,"earnings(CRM, 2026-02-25 21:00:00+00:00->2026-02-26 21:00:00+00:00)",5,complete,False,0.00588608230661114,0.0034535467361739547,0.0,0.0013865662771967724,0.000912029354857973,13135.0,0.0025945361707887353,2.266352993976894,96.22382946326609,True
2026801430250795079,CRM,True,"earnings(CRM, 2026-02-25 21:00:00+00:00->2026-02-26 21:00:00+00:00)",5,complete,False,0.00588608230661114,0.0034535467361739547,0.0,0.0013865662771967724,0.000912029354857973,13135.0,0.0025945361707887353,2.266352993976894,96.22382946326609,True
2026780435590820200,CRM,True,"earnings(CRM, 2026-02-25 21:00:00+00:00->2026-02-26 21:00:00+00:00)",5,complete,False,0.00588608230661114,0.0034535467361739547,0.0,0.0013865662771967724,0.000912029354857973,13135.0,0.0025945361707887353,2.266352993976894,96.22382946326609,True
2026407065602896040,CRM,False,,5,complete,True,-0.007875932429884824,0.0026858104798007944,0.0,0.0013865662771967724,0.000912029354857973,13135.0,0.0025945361707887353,1.4245640183438488,90.87171678720975,True
2025698591290052741,CRM,False,,5,complete,True,-0.026339700004126887,0.005223531621362876,0.0,0.0013865662771967724,0.000912029354857973,13135.0,0.0025945361707887353,4.207063428088475,99.5888846593072,True
2021866814637330630,CRM,False,,5,complete,True,0.004403388020292498,0.005431954783670298,0.0,0.0013865662771967724,0.000912029354857973,13135.0,0.0025945361707887353,4.435590241613988,99.65740388275599,True
2020688785659535730,CRM,False,,5,complete,True,-0.008950861147489664,0.003986768230824405,0.0,0.0013865662771967724,0.000912029354857973,13135.0,0.0025945361707887353,2.8510068670240907,98.08146174343358,True
2020685677198028887,CRM,False,,5,complete,True,-0.008950861147489664,0.003986768230824405,0.0,0.0013865662771967724,0.000912029354857973,13135.0,0.0025945361707887353,2.8510068670240907,98.08146174343358,True
2020637655520985358,CRM,False,,5,complete,True,-0.008950861147489664,0.003986768230824405,0.0,0.0013865662771967724,0.000912029354857973,13135.0,0.0025945361707887353,2.8510068670240907,98.08146174343358,True
2020630810022629880,CRM,False,,5,complete,True,-0.008950861147489664,0.003986768230824405,0.0,0.0013865662771967724,0.000912029354857973,13135.0,0.0025945361707887353,2.8510068670240907,98.08146174343358,True
2020599759464194554,CRM,False,,5,complete,True,-0.008950861147489664,0.003986768230824405,0.0,0.0013865662771967724,0.000912029354857973,13135.0,0.0025945361707887353,2.8510068670240907,98.08146174343358,True
2020277273899991313,CRM,False,,5,complete,True,-0.008950861147489664,0.003986768230824405,0.0,0.0013865662771967724,0.000912029354857973,13135.0,0.0025945361707887353,2.8510068670240907,98.08146174343358,True
2019878279990378668,CRM,False,,1,insufficient,False,0.0018413427779241376,,12.0,,,,,,,False
2019712015913353513,CRM,False,,5,complete,True,0.0063372936000190006,0.0026935024889671185,0.0,0.0013865662771967724,0.000912029354857973,13135.0,0.0025945361707887353,1.432997967454535,90.94023601065855,True
2018539238237798595,CRM,False,,5,complete,True,-0.03283854318200363,0.007466832296370418,0.0,0.0013865662771967724,0.000912029354857973,13135.0,0.0025945361707887353,6.666743769580205,99.96954701180053,True
2018132372747948543,CRM,False,,5,complete,True,0.010153672475220477,0.0043747141219151195,0.0,0.0013865662771967724,0.000912029354857973,13135.0,0.0025945361707887353,3.2763724421827196,98.75142748382186,True
2016661138919047286,CRM,False,,5,complete,True,-0.057102004992985234,0.006530813098398177,0.0,0.0013865662771967724,0.000912029354857973,13135.0,0.0025945361707887353,5.640439963692286,99.91625428245146,True
2016587742998909353,CRM,True,"fomc(ALL, 2026-01-28 19:00:00+00:00->2026-01-28 21:00:00+00:00)",5,complete,False,0.0015086517145075362,0.0005530848198348516,9.0,0.0005013187904212589,0.00041913246753021285,7504.0,0.0008725280444793132,0.1235075624626031,68.5767590618337,False
2015940617843704006,CRM,False,,5,complete,True,0.020017859039918706,0.0038708871473924797,0.0,0.0013865662771967724,0.000912029354857973,13135.0,0.0025945361707887353,2.7239483652174563,97.74647887323944,True
2015907779056431249,CRM,False,,5,complete,True,0.020017859039918706,0.0038708871473924797,0.0,0.0013865662771967724,0.000912029354857973,13135.0,0.0025945361707887353,2.7239483652174563,97.74647887323944,True
2015873970114043942,CRM,False,,5,complete,True,-0.0003616110525270777,0.0004233510774039356,10.0,0.00047384495540406994,0.00033083220207464075,8009.0,0.0008634677691156327,-0.1526268533821328,55.0630540641778,False
2015861664734941365,CRM,False,,3,partial,True,-0.0007982545556382004,0.000315860368908627,8.0,0.0005039560975809109,0.00041221040224276404,7076.0,0.0009039156913496446,-0.4563100000603774,33.97399660825325,False
2014915467258036259,CRM,False,,5,complete,True,0.0024615403301344596,0.003879322492698751,0.0,0.0013865662771967724,0.000912029354857973,13135.0,0.0025945361707887353,2.73319734965128,97.76170536733918,True
2014905156664799636,CRM,False,,5,complete,True,0.0024615403301344596,0.003879322492698751,0.0,0.0013865662771967724,0.000912029354857973,13135.0,0.0025945361707887353,2.73319734965128,97.76170536733918,True
2014724541764010192,CRM,False,,4,partial,True,-0.0017203115225760124,0.0007794577909832469,2.0,0.0007652616347011122,0.0004947667022517721,10573.0,0.0013826640984495764,0.028692626681475115,61.08956776695356,False
2014719731115475416,CRM,False,,4,partial,True,0.000956852781209605,0.0012286039989303087,1.0,0.0009430353794862737,0.0005903905495575912,11921.0,0.001678603260306963,0.4836944284728569,75.96678131029276,False
2014717452282638834,CRM,False,,5,complete,True,0.00048603203044772503,0.0011945124718155944,1.0,0.0009430353794862737,0.0005903905495575912,11921.0,0.001678603260306963,0.4259504026915148,74.21357268685513,False
2014249361308360788,CRM,False,,5,complete,True,0.001474751623140813,0.0025348652677481646,0.0,0.0013865662771967724,0.000912029354857973,13135.0,0.0025945361707887353,1.2590592445680793,89.43281309478492,False
2014231190270570557,CRM,False,,5,complete,True,0.001474751623140813,0.0025348652677481646,0.0,0.0013865662771967724,0.000912029354857973,13135.0,0.0025945361707887353,1.2590592445680793,89.43281309478492,False
2013932751208996894,CRM,False,,5,complete,True,0.0032575958976115427,0.004497973336382465,0.0,0.0013865662771967724,0.000912029354857973,13135.0,0.0025945361707887353,3.4115207395602094,99.00266463646746,True
2013862263522742517,CRM,False,,5,complete,True,0.0032575958976115427,0.004497973336382465,0.0,0.0013865662771967724,0.000912029354857973,13135.0,0.0025945361707887353,3.4115207395602094,99.00266463646746,True
2013538309075620062,CRM,False,,5,complete,True,0.013363941112283007,0.0018411861667765692,0.0,0.0013865662771967724,0.000912029354857973,13135.0,0.0025945361707887353,0.49847067658320393,77.19071183859916,False
2013004109818057026,CRM,False,,5,complete,True,0.013363941112283007,0.0018411861667765692,0.0,0.0013865662771967724,0.000912029354857973,13135.0,0.0025945361707887353,0.49847067658320393,77.19071183859916,False
2012319341233213774,CRM,False,,5,complete,True,0.013363941112283007,0.0018411861667765692,0.0,0.0013865662771967724,0.000912029354857973,13135.0,0.0025945361707887353,0.49847067658320393,77.19071183859916,False
2012280730043273547,CRM,False,,5,complete,True,0.013363941112283007,0.0018411861667765692,0.0,0.0013865662771967724,0.000912029354857973,13135.0,0.0025945361707887353,0.49847067658320393,77.19071183859916,False
2012277421580632080,CRM,False,,5,complete,True,0.013363941112283007,0.0018411861667765692,0.0,0.0013865662771967724,0.000912029354857973,13135.0,0.0025945361707887353,0.49847067658320393,77.19071183859916,False
2012276791935910151,CRM,False,,5,complete,True,0.013363941112283007,0.0018411861667765692,0.0,0.0013865662771967724,0.000912029354857973,13135.0,0.0025945361707887353,0.49847067658320393,77.19071183859916,False
2011577496064704801,CRM,False,,5,complete,True,-0.01255109840493518,0.002543532064634125,0.0,0.0013865662771967724,0.000912029354857973,13135.0,0.0025945361707887353,1.2685620054603646,89.5089455652836,False
2011254615489274088,CRM,False,,5,complete,True,0.003175157983134058,0.0019659239086818937,0.0,0.0013865662771967724,0.000912029354857973,13135.0,0.0025945361707887353,0.6352401141467015,80.2740768937952,False
2010857324987236485,CRM,True,"cpi(ALL, 2026-01-13 13:30:00+00:00->2026-01-13 21:00:00+00:00)",4,partial,False,0.0031935815240589083,0.0027936964414701803,0.0,0.0013865662771967724,0.000912029354857973,13135.0,0.0025945361707887353,1.5428562214343804,91.88427864484203,True
2007699154743759087,CRM,False,,5,complete,True,-0.008594897198324958,0.002600099427633941,0.0,0.0013865662771967724,0.000912029354857973,13135.0,0.0025945361707887353,1.3305856264090838,90.09516558812334,True
2004734227464814896,CRM,False,,5,complete,True,0.005963488902986924,0.001373805401461917,0.0,0.0013865662771967724,0.000912029354857973,13135.0,0.0025945361707887353,-0.01399173794887623,60.609059763989336,False
2004030074073526757,CRM,False,,4,partial,True,0.0020075773519572238,0.0008914570785962339,0.0,0.0013865662771967724,0.000912029354857973,13135.0,0.0025945361707887353,-0.542865419806186,33.528740007613244,False
2003547651028189685,CRM,False,,5,complete,True,-0.0008376484922325567,0.0001580000152493623,9.0,0.0005013187904212589,0.00041913246753021285,7504.0,0.0008725280444793132,-0.8191175863682015,7.009594882729211,False
2001447313319842258,CRM,True,"cpi(ALL, 2025-12-18 13:30:00+00:00->2025-12-18 21:00:00+00:00)",5,complete,False,-0.00881788775475889,0.0023281321105103215,0.0,0.0013865662771967724,0.000912029354857973,13135.0,0.0025945361707887353,1.0323854471330867,86.93566806242863,False
2000340341132816555,CRM,False,,5,complete,True,-0.010525310358220796,0.0019302412415360608,0.0,0.0013865662771967724,0.000912029354857973,13135.0,0.0025945361707887353,0.5961156419400041,79.3376475066616,False
2000299000973660249,CRM,False,,5,complete,True,-0.010525310358220796,0.0019302412415360608,0.0,0.0013865662771967724,0.000912029354857973,13135.0,0.0025945361707887353,0.5961156419400041,79.3376475066616,False
1999672264967745792,CRM,False,,5,complete,True,-0.010525310358220796,0.0019302412415360608,0.0,0.0013865662771967724,0.000912029354857973,13135.0,0.0025945361707887353,0.5961156419400041,79.3376475066616,False
1999630132210991306,CRM,False,,5,complete,True,-0.010525310358220796,0.0019302412415360608,0.0,0.0013865662771967724,0.000912029354857973,13135.0,0.0025945361707887353,0.5961156419400041,79.3376475066616,False
1997947021924422135,CRM,False,,5,complete,True,0.006974032684799791,0.0057996615254228305,0.0,0.0013865662771967724,0.000912029354857973,13135.0,0.0025945361707887353,4.83876448133985,99.771602588504,True
1996830500053532707,CRM,False,,5,complete,True,0.023274908188221533,0.0013021459096272622,0.0,0.0013865662771967724,0.000912029354857973,13135.0,0.0025945361707887353,-0.09256321314641967,57.1374191092501,False
1996733865638117827,CRM,False,,5,complete,True,0.023274908188221533,0.0013021459096272622,0.0,0.0013865662771967724,0.000912029354857973,13135.0,0.0025945361707887353,-0.09256321314641967,57.1374191092501,False
1996371808787071265,CRM,True,"earnings(CRM, 2025-12-03 21:00:00+00:00->2025-12-04 21:00:00+00:00)",5,complete,False,0.013166218022529819,0.010119669106080682,0.0,0.0013865662771967724,0.000912029354857973,13135.0,0.0025945361707887353,9.575462437000049,99.99238675295014,True
1996360435583594905,CRM,True,"earnings(CRM, 2025-12-03 21:00:00+00:00->2025-12-04 21:00:00+00:00)",5,complete,False,0.013166218022529819,0.010119669106080682,0.0,0.0013865662771967724,0.000912029354857973,13135.0,0.0025945361707887353,9.575462437000049,99.99238675295014,True
1996325436142567930,CRM,True,"earnings(CRM, 2025-12-03 21:00:00+00:00->2025-12-04 21:00:00+00:00)",3,partial,False,,0.001320950146256994,13.0,,,,,,,False
1996325288754679870,CRM,True,"earnings(CRM, 2025-12-03 21:00:00+00:00->2025-12-04 21:00:00+00:00)",3,partial,False,,0.001320950146256994,13.0,,,,,,,False
1996324866434503042,CRM,True,"earnings(CRM, 2025-12-03 21:00:00+00:00->2025-12-04 21:00:00+00:00)",3,partial,False,,0.001320950146256994,13.0,,,,,,,False
1996290400601198921,CRM,False,,4,partial,True,-0.0007626961085661632,0.0005119887520286991,8.0,0.0005039560975809109,0.00041221040224276404,7076.0,0.0009039156913496446,0.019486782487981778,64.00508762012437,False
1995762727004889133,CRM,False,,5,complete,True,-0.0028944298592079587,0.002234145488341253,0.0,0.0013865662771967724,0.000912029354857973,13135.0,0.0025945361707887353,0.9293332573450678,85.42063189950514,False
1995702688374554996,CRM,False,,5,complete,True,-0.0028944298592079587,0.002234145488341253,0.0,0.0013865662771967724,0.000912029354857973,13135.0,0.0025945361707887353,0.9293332573450678,85.42063189950514,False
1995616112609010075,CRM,False,,5,complete,True,-0.0028944298592079587,0.002234145488341253,0.0,0.0013865662771967724,0.000912029354857973,13135.0,0.0025945361707887353,0.9293332573450678,85.42063189950514,False
1995289421244244415,CRM,False,,5,complete,True,0.0016592823021247538,0.001150398347927701,0.0,0.0013865662771967724,0.000912029354857973,13135.0,0.0025945361707887353,-0.2589477279553672,49.12828321279025,False
1994973635912597602,CRM,False,,5,complete,True,0.0016592823021247538,0.001150398347927701,0.0,0.0013865662771967724,0.000912029354857973,13135.0,0.0025945361707887353,-0.2589477279553672,49.12828321279025,False
1994600555260645629,CRM,False,,5,complete,True,0.0016592823021247538,0.001150398347927701,0.0,0.0013865662771967724,0.000912029354857973,13135.0,0.0025945361707887353,-0.2589477279553672,49.12828321279025,False
1994595873901494465,CRM,False,,5,complete,True,0.0016592823021247538,0.001150398347927701,0.0,0.0013865662771967724,0.000912029354857973,13135.0,0.0025945361707887353,-0.2589477279553672,49.12828321279025,False
1994592263230664939,CRM,False,,5,complete,True,0.0016592823021247538,0.001150398347927701,0.0,0.0013865662771967724,0.000912029354857973,13135.0,0.0025945361707887353,-0.2589477279553672,49.12828321279025,False
1993749333695668729,CRM,False,,3,partial,True,-0.0007292998368546577,3.316172293121866e-05,8.0,0.0005039560975809109,0.00041221040224276404,7076.0,0.0009039156913496446,-1.1421215284432007,0.1554550593555681,False
1993021759101297087,CRM,False,,4,partial,True,-0.0004631773969430153,0.0004522331743451008,7.0,0.0005232230735309239,0.0004596635019185384,6624.0,0.0009167983014404401,-0.1544388425218149,52.88345410628019,False
1992726929204760661,CRM,False,,5,complete,True,-0.004627643533429815,0.0013892893859391547,0.0,0.0013865662771967724,0.000912029354857973,13135.0,0.0025945361707887353,0.0029857687451369306,61.37038446897601,False
1992140602897768820,CRM,False,,5,complete,True,-0.004627643533429815,0.0013892893859391547,0.0,0.0013865662771967724,0.000912029354857973,13135.0,0.0025945361707887353,0.0029857687451369306,61.37038446897601,False
1992126539887255796,CRM,False,,5,complete,True,-0.004627643533429815,0.0013892893859391547,0.0,0.0013865662771967724,0.000912029354857973,13135.0,0.0025945361707887353,0.0029857687451369306,61.37038446897601,False
1991179419285651927,CRM,False,,5,complete,True,-0.002293267847810476,0.001451448429126382,3.0,0.0006620742052560062,0.00041150829409634254,9332.0,0.0011972967880580704,1.9182462059575571,95.23146163737677,True
1991177800108093784,CRM,False,,5,complete,True,0.00040654226827463447,0.0007331858504362051,3.0,0.0006620742052560062,0.00041150829409634254,9332.0,0.0011972967880580704,0.17280731931869683,67.08101157308187,False
1991176047660794302,CRM,False,,5,complete,True,0.0006854496234345309,0.000655262896027511,3.0,0.0006620742052560062,0.00041150829409634254,9332.0,0.0011972967880580704,-0.01655205818743616,59.94427775396485,False
1991175476635906246,CRM,False,,5,complete,True,-0.0024639298392279407,0.0008957950281521392,3.0,0.0006620742052560062,0.00041150829409634254,9332.0,0.0011972967880580704,0.5679613904487041,78.65409344192027,False
1991125950008816107,CRM,False,,4,partial,True,-0.01214164107119342,0.0023787342455689957,0.0,0.0013865662771967724,0.000912029354857973,13135.0,0.0025945361707887353,1.0878684584957574,87.62086029691663,False
1991124641859973573,CRM,False,,4,partial,True,-0.01214164107119342,0.0023787342455689957,0.0,0.0013865662771967724,0.000912029354857973,13135.0,0.0025945361707887353,1.0878684584957574,87.62086029691663,False
1991122548885483888,CRM,False,,4,partial,True,-0.01214164107119342,0.0023787342455689957,0.0,0.0013865662771967724,0.000912029354857973,13135.0,0.0025945361707887353,1.0878684584957574,87.62086029691663,False
1991119357519241302,CRM,False,,4,partial,True,-0.01214164107119342,0.0023787342455689957,0.0,0.0013865662771967724,0.000912029354857973,13135.0,0.0025945361707887353,1.0878684584957574,87.62086029691663,False
1991117069392245062,CRM,False,,4,partial,True,-0.01214164107119342,0.0023787342455689957,0.0,0.0013865662771967724,0.000912029354857973,13135.0,0.0025945361707887353,1.0878684584957574,87.62086029691663,False
1990898584892444817,CRM,False,,4,partial,True,-0.01214164107119342,0.0023787342455689957,0.0,0.0013865662771967724,0.000912029354857973,13135.0,0.0025945361707887353,1.0878684584957574,87.62086029691663,False
1990818684735258784,CRM,False,,5,complete,True,0.0012013015066396626,0.0008099344260393659,3.0,0.0006620742052560062,0.00041150829409634254,9332.0,0.0011972967880580704,0.359312856884344,73.19974282040292,False
1990816753052426569,CRM,False,,5,complete,True,0.0018971782854493302,0.0008091752938056744,3.0,0.0006620742052560062,0.00041150829409634254,9332.0,0.0011972967880580704,0.35746810127532647,73.16759537076726,False
1990815573471539261,CRM,False,,5,complete,True,0.00149381527780168,0.0011561799528009469,3.0,0.0006620742052560062,0.00041150829409634254,9332.0,0.0011972967880580704,1.2007188059963145,88.83411915987999,False
1990612809563189305,CRM,False,,5,complete,True,0.0059741621145864565,0.002666026810794941,0.0,0.0013865662771967724,0.000912029354857973,13135.0,0.0025945361707887353,1.402872097025226,90.72706509326227,True
1990607939011555382,CRM,False,,5,complete,True,0.0059741621145864565,0.002666026810794941,0.0,0.0013865662771967724,0.000912029354857973,13135.0,0.0025945361707887353,1.402872097025226,90.72706509326227,True
1990571595841351924,CRM,False,,5,complete,True,0.0059741621145864565,0.002666026810794941,0.0,0.0013865662771967724,0.000912029354857973,13135.0,0.0025945361707887353,1.402872097025226,90.72706509326227,True
1990194141339484552,CRM,False,,3,partial,True,-0.0051464959784234265,0.0002367772498073073,0.0,0.0013865662771967724,0.000912029354857973,13135.0,0.0025945361707887353,-1.2606930043041404,1.545489151122954,False
1988726858872156165,CRM,False,,4,partial,True,-7.410374763738847e-05,0.0022191882762424677,0.0,0.0013865662771967724,0.000912029354857973,13135.0,0.0025945361707887353,0.9129333333523639,85.085649029311,False
1988660606149496961,CRM,False,,3,partial,True,-0.00020772061572893463,0.00022342077615311595,6.0,0.0005289582084046696,0.000377804852278072,6758.0,0.0009616332712160477,-0.8087175969531273,15.492749334122522,False
1988302701952987180,CRM,False,,2,partial,True,0.0002328228018704248,0.0,6.0,0.0005289582084046696,0.000377804852278072,6758.0,0.0009616332712160477,-1.4000831519637171,0.04439183190292986,False
1988301470094295286,CRM,False,,3,partial,True,-0.00015325441159141917,0.00010260830342412319,6.0,0.0005289582084046696,0.000377804852278072,6758.0,0.0009616332712160477,-1.128492401327721,2.175199763243563,False
1988057613670772882,CRM,False,,5,complete,True,0.00480665660283941,0.0014236637459196467,0.0,0.0013865662771967724,0.000912029354857973,13135.0,0.0025945361707887353,0.040675739794199285,62.87019413779977,False
1988056205751898311,CRM,False,,5,complete,True,0.00480665660283941,0.0014236637459196467,0.0,0.0013865662771967724,0.000912029354857973,13135.0,0.0025945361707887353,0.040675739794199285,62.87019413779977,False
1986850669811408940,CRM,False,,4,partial,True,0.0007963815541718322,0.00039597083591417766,6.0,0.0005289582084046696,0.000377804852278072,6758.0,0.0009616332712160477,-0.3520001706929124,43.148860609647826,False
1986849897870729556,CRM,False,,5,complete,True,0.000997116706468626,0.00025548610741993913,6.0,0.0005289582084046696,0.000377804852278072,6758.0,0.0009616332712160477,-0.7238448615356836,20.568215448357503,False
1986848329918259596,CRM,False,,5,complete,True,0.0017267804645333396,0.00014086072495785392,5.0,0.0005493466710007921,0.0003402920765585751,7507.0,0.000986237801408926,-1.2003980526787985,3.982949247369122,False
1986713271286817254,CRM,False,,5,complete,True,-0.004726601978231493,0.0020710118686518967,0.0,0.0013865662771967724,0.000912029354857973,13135.0,0.0025945361707887353,0.7504644316648235,82.34488009135896,False
1983358878843838869,CRM,False,,5,complete,True,-0.016819459613751975,0.0011600455989642837,0.0,0.0013865662771967724,0.000912029354857973,13135.0,0.0025945361707887353,-0.24836994228959205,49.71450323563,False
1983311070254239808,CRM,False,,5,complete,True,-0.016819459613751975,0.0011600455989642837,0.0,0.0013865662771967724,0.000912029354857973,13135.0,0.0025945361707887353,-0.24836994228959205,49.71450323563,False
1982860556433535426,CRM,False,,4,partial,True,0.0008320759741788919,0.00034108714923997455,7.0,0.0005232230735309239,0.0004596635019185384,6624.0,0.0009167983014404401,-0.396237516206426,36.065821256038646,False
1982641501491634468,CRM,False,,5,complete,True,-0.0029490227629727084,0.0010637589907519908,0.0,0.0013865662771967724,0.000912029354857973,13135.0,0.0025945361707887353,-0.3539439654275724,44.02740768937952,False
1981494342188752983,CRM,True,"cpi(ALL, 2025-10-24 12:30:00+00:00->2025-10-24 20:00:00+00:00)",5,complete,False,0.0006085704457117203,0.0014950988844206548,0.0,0.0013865662771967724,0.000912029354857973,13135.0,0.0025945361707887353,0.11900122144728974,65.94594594594595,False
1981469524902957367,CRM,True,"cpi(ALL, 2025-10-24 12:30:00+00:00->2025-10-24 20:00:00+00:00)",5,complete,False,0.0006085704457117203,0.0014950988844206548,0.0,0.0013865662771967724,0.000912029354857973,13135.0,0.0025945361707887353,0.11900122144728974,65.94594594594595,False
1981465733453533574,CRM,True,"cpi(ALL, 2025-10-24 12:30:00+00:00->2025-10-24 20:00:00+00:00)",5,complete,False,0.0006085704457117203,0.0014950988844206548,0.0,0.0013865662771967724,0.000912029354857973,13135.0,0.0025945361707887353,0.11900122144728974,65.94594594594595,False
1980730009280213487,CRM,False,,5,complete,True,-0.01088377796494655,0.0018657934582626196,0.0,0.0013865662771967724,0.000912029354857973,13135.0,0.0025945361707887353,0.5254514874035776,77.8226113437381,False
1980725088967376912,CRM,False,,2,partial,True,-0.0022908143749758025,0.0,12.0,0.0005326242347968597,0.0003293242610179841,13310.0,0.0009564640130862973,-1.617324618448847,0.0,False
1980725086417219920,CRM,False,,2,partial,True,-0.0022908143749758025,0.0,12.0,0.0005326242347968597,0.0003293242610179841,13310.0,0.0009564640130862973,-1.617324618448847,0.0,False
1980724919995625579,CRM,False,,3,partial,True,-0.001273383066537126,0.0002462717441495954,12.0,0.0005326242347968597,0.0003293242610179841,13310.0,0.0009564640130862973,-0.8695153213495765,16.46130728775357,False
1980032245311422578,CRM,False,,5,complete,True,0.010192148343749041,0.0013780792625738265,0.0,0.0013865662771967724,0.000912029354857973,13135.0,0.0025945361707887353,-0.00930563756280352,60.82223068138561,False
1980029896866103523,CRM,False,,5,complete,True,0.010192148343749041,0.0013780792625738265,0.0,0.0013865662771967724,0.000912029354857973,13135.0,0.0025945361707887353,-0.00930563756280352,60.82223068138561,False
1980028936995447178,CRM,False,,5,complete,True,0.010192148343749041,0.0013780792625738265,0.0,0.0013865662771967724,0.000912029354857973,13135.0,0.0025945361707887353,-0.00930563756280352,60.82223068138561,False
1979406842645352534,CRM,False,,5,complete,True,0.010192148343749041,0.0013780792625738265,0.0,0.0013865662771967724,0.000912029354857973,13135.0,0.0025945361707887353,-0.00930563756280352,60.82223068138561,False
1979402261077033236,CRM,False,,5,complete,True,0.010192148343749041,0.0013780792625738265,0.0,0.0013865662771967724,0.000912029354857973,13135.0,0.0025945361707887353,-0.00930563756280352,60.82223068138561,False
1979387296387600829,CRM,False,,5,complete,True,0.010192148343749041,0.0013780792625738265,0.0,0.0013865662771967724,0.000912029354857973,13135.0,0.0025945361707887353,-0.00930563756280352,60.82223068138561,False
1979381575826706929,CRM,False,,5,complete,True,0.010192148343749041,0.0013780792625738265,0.0,0.0013865662771967724,0.000912029354857973,13135.0,0.0025945361707887353,-0.00930563756280352,60.82223068138561,False
1979326518271848873,CRM,False,,5,complete,True,0.010192148343749041,0.0013780792625738265,0.0,0.0013865662771967724,0.000912029354857973,13135.0,0.0025945361707887353,-0.00930563756280352,60.82223068138561,False
1979276817396830411,CRM,False,,5,complete,True,0.010192148343749041,0.0013780792625738265,0.0,0.0013865662771967724,0.000912029354857973,13135.0,0.0025945361707887353,-0.00930563756280352,60.82223068138561,False
1978985290959118396,CRM,False,,5,complete,True,0.021160597419297877,0.0014154512621196273,0.0,0.0013865662771967724,0.000912029354857973,13135.0,0.0025945361707887353,0.03167111318182635,62.55043776170537,False
1978968562846044611,CRM,False,,5,complete,True,0.021160597419297877,0.0014154512621196273,0.0,0.0013865662771967724,0.000912029354857973,13135.0,0.0025945361707887353,0.03167111318182635,62.55043776170537,False
1978966673223807275,CRM,False,,5,complete,True,0.021160597419297877,0.0014154512621196273,0.0,0.0013865662771967724,0.000912029354857973,13135.0,0.0025945361707887353,0.03167111318182635,62.55043776170537,False
1978946283214700724,CRM,False,,5,complete,True,0.021160597419297877,0.0014154512621196273,0.0,0.0013865662771967724,0.000912029354857973,13135.0,0.0025945361707887353,0.03167111318182635,62.55043776170537,False
1978926937520378354,CRM,False,,5,complete,True,0.021160597419297877,0.0014154512621196273,0.0,0.0013865662771967724,0.000912029354857973,13135.0,0.0025945361707887353,0.03167111318182635,62.55043776170537,False
1978884550278463725,CRM,False,,5,complete,True,0.0010601225315441942,0.0005826805317818706,9.0,0.0005013187904212589,0.00041913246753021285,7504.0,0.0008725280444793132,0.1941193958083117,71.73507462686567,False
1978857927701340175,CRM,False,,5,complete,True,0.0014758838460890988,0.00047169481761709625,5.0,0.0005493466710007921,0.0003402920765585751,7507.0,0.000986237801408926,-0.22819177622059464,49.91341414679633,False
1978735637348876310,CRM,False,,5,complete,True,0.07055555121963697,0.0027424825932067,0.0,0.0013865662771967724,0.000912029354857973,13135.0,0.0025945361707887353,1.4867024934971302,91.34373810430148,True
1978689274674294956,CRM,False,,5,complete,True,0.07055555121963697,0.0027424825932067,0.0,0.0013865662771967724,0.000912029354857973,13135.0,0.0025945361707887353,1.4867024934971302,91.34373810430148,True
1978688092761387149,CRM,False,,5,complete,True,0.07055555121963697,0.0027424825932067,0.0,0.0013865662771967724,0.000912029354857973,13135.0,0.0025945361707887353,1.4867024934971302,91.34373810430148,True
1978672697740554254,CRM,False,,5,complete,True,0.07055555121963697,0.0027424825932067,0.0,0.0013865662771967724,0.000912029354857973,13135.0,0.0025945361707887353,1.4867024934971302,91.34373810430148,True
1978672398028120078,CRM,False,,5,complete,True,0.07055555121963697,0.0027424825932067,0.0,0.0013865662771967724,0.000912029354857973,13135.0,0.0025945361707887353,1.4867024934971302,91.34373810430148,True
1978671331156677010,CRM,False,,5,complete,True,0.07055555121963697,0.0027424825932067,0.0,0.0013865662771967724,0.000912029354857973,13135.0,0.0025945361707887353,1.4867024934971302,91.34373810430148,True
1978668875307762003,CRM,False,,5,complete,True,0.07055555121963697,0.0027424825932067,0.0,0.0013865662771967724,0.000912029354857973,13135.0,0.0025945361707887353,1.4867024934971302,91.34373810430148,True
1978646661875343729,CRM,False,,5,complete,True,0.07055555121963697,0.0027424825932067,0.0,0.0013865662771967724,0.000912029354857973,13135.0,0.0025945361707887353,1.4867024934971302,91.34373810430148,True
1978637049705238780,CRM,False,,5,complete,True,0.07055555121963697,0.0027424825932067,0.0,0.0013865662771967724,0.000912029354857973,13135.0,0.0025945361707887353,1.4867024934971302,91.34373810430148,True
1978523789013999782,CRM,False,,2,partial,True,3.840191481718769e-05,0.0,9.0,0.0005013187904212589,0.00041913246753021285,7504.0,0.0008725280444793132,-1.1960867488394267,0.0,False
1978511327535759408,CRM,False,,4,partial,True,0.0005265085995878049,0.00020533690571329793,7.0,0.0005232230735309239,0.0004596635019185384,6624.0,0.0009167983014404401,-0.6915627768809929,13.647342995169081,False
1978504636370948450,CRM,False,,4,partial,True,-0.0026305796844648954,0.0009394478688239186,6.0,0.0005289582084046696,0.000377804852278072,6758.0,0.0009616332712160477,1.086512409631839,89.34596034329684,False
1978503669541961752,CRM,False,,4,partial,True,-0.00023700106648272268,0.0007459645963328523,6.0,0.0005289582084046696,0.000377804852278072,6758.0,0.0009616332712160477,0.574387508841368,80.43799940810891,False
1978369525231010260,CRM,False,,5,complete,True,-0.015072479407172379,0.0032673709209318042,0.0,0.0013865662771967724,0.000912029354857973,13135.0,0.0025945361707887353,2.062219416202807,95.38637228778074,True
1978324567627043210,CRM,False,,5,complete,True,-0.015072479407172379,0.0032673709209318042,0.0,0.0013865662771967724,0.000912029354857973,13135.0,0.0025945361707887353,2.062219416202807,95.38637228778074,True
1978242512675385538,CRM,False,,5,complete,True,-0.015072479407172379,0.0032673709209318042,0.0,0.0013865662771967724,0.000912029354857973,13135.0,0.0025945361707887353,2.062219416202807,95.38637228778074,True
1978222543531049351,CRM,False,,5,complete,True,-0.015072479407172379,0.0032673709209318042,0.0,0.0013865662771967724,0.000912029354857973,13135.0,0.0025945361707887353,2.062219416202807,95.38637228778074,True
1978218864925114709,CRM,False,,5,complete,True,-0.015072479407172379,0.0032673709209318042,0.0,0.0013865662771967724,0.000912029354857973,13135.0,0.0025945361707887353,2.062219416202807,95.38637228778074,True
1978181780931793020,CRM,False,,5,complete,True,-0.00021389870743127037,0.00033836697733350985,12.0,0.0005326242347968597,0.0003293242610179841,13310.0,0.0009564640130862973,-0.589866221404021,31.05184072126221,False
1978181412659597562,CRM,False,,5,complete,True,-0.0006015321870025403,0.0004942520131795416,12.0,0.0005326242347968597,0.0003293242610179841,13310.0,0.0009564640130862973,-0.11651805275051574,54.01202103681443,False
1978176807162548656,CRM,False,,5,complete,True,0.0010023887913099827,0.0003958674847906317,11.0,0.0004558716308987872,0.0003275982701254885,10137.0,0.0008132398672852102,-0.18316380634479715,52.185064614777545,False
1978167190684676214,CRM,False,,5,complete,True,0.000921264256066201,0.000590378534002115,10.0,0.00047384495540406994,0.00033083220207464075,8009.0,0.0008634677691156327,0.35224375942627656,74.6660007491572,False
1978166670406438942,CRM,False,,5,complete,True,0.000921264256066201,0.000590378534002115,10.0,0.00047384495540406994,0.00033083220207464075,8009.0,0.0008634677691156327,0.35224375942627656,74.6660007491572,False
1978165496760434953,CRM,False,,4,partial,True,-0.0013448216724261108,0.0007661413287465057,9.0,0.0005013187904212589,0.00041913246753021285,7504.0,0.0008725280444793132,0.6318349420309638,84.99466950959487,False
1978132200643260503,CRM,False,,5,complete,True,-0.0003011823211340747,0.00045431333136550727,5.0,0.0005493466710007921,0.0003402920765585751,7507.0,0.000986237801408926,-0.27926991599796047,47.10270414280006,False
1978111272865460401,CRM,False,,5,complete,True,-0.0020553089573488448,0.0012618172256146545,2.0,0.0007652616347011122,0.0004947667022517721,10573.0,0.0013826640984495764,1.0036156205614253,87.1559633027523,False
1978109452210626821,CRM,False,,5,complete,True,0.0005952364536734311,0.0013335889778133751,2.0,0.0007652616347011122,0.0004947667022517721,10573.0,0.0013826640984495764,1.1486774282216305,88.94353542041048,False
1977840015465202147,CRM,False,,5,complete,True,0.0007740507962568088,0.0013511610375079126,0.0,0.0013865662771967724,0.000912029354857973,13135.0,0.0025945361707887353,-0.03882028522467162,59.56604491815759,False
1977828746087600536,CRM,False,,5,complete,True,0.0007740507962568088,0.0013511610375079126,0.0,0.0013865662771967724,0.000912029354857973,13135.0,0.0025945361707887353,-0.03882028522467162,59.56604491815759,False
1977826790824689987,CRM,False,,5,complete,True,0.0007740507962568088,0.0013511610375079126,0.0,0.0013865662771967724,0.000912029354857973,13135.0,0.0025945361707887353,-0.03882028522467162,59.56604491815759,False
1977785545515516274,CRM,False,,5,complete,True,0.001027272068513163,0.00034473534427224156,7.0,0.0005232230735309239,0.0004596635019185384,6624.0,0.0009167983014404401,-0.3883008516310568,36.57910628019324,False
1977640531460251947,CRM,False,,5,complete,True,-0.004323356630960173,0.0018777144305614187,0.0,0.0013865662771967724,0.000912029354857973,13135.0,0.0025945361707887353,0.5385223082442682,78.11952797868291,False
1977506464685285781,CRM,False,,5,complete,True,-0.004323356630960173,0.0018777144305614187,0.0,0.0013865662771967724,0.000912029354857973,13135.0,0.0025945361707887353,0.5385223082442682,78.11952797868291,False
1977152030801318259,CRM,False,,5,complete,True,-0.004323356630960173,0.0018777144305614187,0.0,0.0013865662771967724,0.000912029354857973,13135.0,0.0025945361707887353,0.5385223082442682,78.11952797868291,False
1977088765014442080,CRM,False,,5,complete,True,-0.004323356630960173,0.0018777144305614187,0.0,0.0013865662771967724,0.000912029354857973,13135.0,0.0025945361707887353,0.5385223082442682,78.11952797868291,False
1976797887679156634,CRM,False,,5,complete,True,-0.004323356630960173,0.0018777144305614187,0.0,0.0013865662771967724,0.000912029354857973,13135.0,0.0025945361707887353,0.5385223082442682,78.11952797868291,False
1976697025623474529,CRM,False,,4,partial,True,-0.0021574564278469266,0.0006408506585191753,7.0,0.0005232230735309239,0.0004596635019185384,6624.0,0.0009167983014404401,0.25589933613893345,74.16968599033817,False
1976073431969108078,CRM,False,,4,partial,True,-0.004128533573388937,0.002338921984017695,0.0,0.0013865662771967724,0.000912029354857973,13135.0,0.0025945361707887353,1.044216067989642,87.11838599162543,False
1976067092161106038,CRM,False,,4,partial,True,-0.004128533573388937,0.002338921984017695,0.0,0.0013865662771967724,0.000912029354857973,13135.0,0.0025945361707887353,1.044216067989642,87.11838599162543,False
1976018236257751502,CRM,False,,4,partial,True,-0.004128533573388937,0.002338921984017695,0.0,0.0013865662771967724,0.000912029354857973,13135.0,0.0025945361707887353,1.044216067989642,87.11838599162543,False
1974255523768799433,CRM,False,,5,complete,True,-0.008171530753059097,0.002638740202187465,0.0,0.0013865662771967724,0.000912029354857973,13135.0,0.0025945361707887353,1.3729535330424631,90.49105443471642,True
1974177682100473974,CRM,False,,5,complete,True,-0.0008475401467079591,0.00029079496582349175,9.0,0.0005013187904212589,0.00041913246753021285,7504.0,0.0008725280444793132,-0.5022846973375826,28.664712153518124,False
1973470117662204372,CRM,False,,5,complete,True,-0.0012679200019350967,0.000266741389412089,11.0,0.0004558716308987872,0.0003275982701254885,10137.0,0.0008132398672852102,-0.5773236879860529,28.36144816020519,False
1972829369187086727,CRM,False,,5,complete,True,-0.004633649011867913,0.0007103964950550014,0.0,0.0013865662771967724,0.000912029354857973,13135.0,0.0025945361707887353,-0.7413903714174511,22.3601065854587,False
1972821473132990918,CRM,False,,5,complete,True,-0.004633649011867913,0.0007103964950550014,0.0,0.0013865662771967724,0.000912029354857973,13135.0,0.0025945361707887353,-0.7413903714174511,22.3601065854587,False
1972465816437490105,CRM,False,,5,complete,True,0.0018113517289555237,0.000810448052528911,0.0,0.0013865662771967724,0.000912029354857973,13135.0,0.0025945361707887353,-0.6316882473125859,28.564902931100118,False
1971794606154305576,CRM,False,,5,complete,True,0.0018113517289555237,0.000810448052528911,0.0,0.0013865662771967724,0.000912029354857973,13135.0,0.0025945361707887353,-0.6316882473125859,28.564902931100118,False
1971682743399731498,CRM,False,,5,complete,True,0.0018113517289555237,0.000810448052528911,0.0,0.0013865662771967724,0.000912029354857973,13135.0,0.0025945361707887353,-0.6316882473125859,28.564902931100118,False
1971679922151453006,CRM,False,,5,complete,True,0.0018113517289555237,0.000810448052528911,0.0,0.0013865662771967724,0.000912029354857973,13135.0,0.0025945361707887353,-0.6316882473125859,28.564902931100118,False
1971273293736051176,CRM,False,,5,complete,True,0.0008254249893180354,0.00042780369462940113,9.0,0.0005013187904212589,0.00041913246753021285,7504.0,0.0008725280444793132,-0.17539823680340028,52.22547974413646,False
1971144771646390712,CRM,False,,4,partial,True,0.0003015655322711197,0.0009619394004611524,0.0,0.0013865662771967724,0.000912029354857973,13135.0,0.0025945361707887353,-0.4655846596097179,37.73886562618957,False
1971144583838048337,CRM,False,,4,partial,True,0.0003015655322711197,0.0009619394004611524,0.0,0.0013865662771967724,0.000912029354857973,13135.0,0.0025945361707887353,-0.4655846596097179,37.73886562618957,False
1970234088574591261,CRM,False,,5,complete,True,0.005924559822432229,0.0005986596736414154,0.0,0.0013865662771967724,0.000912029354857973,13135.0,0.0025945361707887353,-0.8639048725334666,15.919299581271412,False
1970199044288057550,CRM,False,,4,partial,True,0.00043044835232330936,0.0005210028847670914,10.0,0.00047384495540406994,0.00033083220207464075,8009.0,0.0008634677691156327,0.14254334695140086,68.11087526532651,False
1969627033706905984,CRM,False,,5,complete,True,-0.006080272645019313,0.0011712197524905384,0.0,0.0013865662771967724,0.000912029354857973,13135.0,0.0025945361707887353,-0.23611797532522297,50.3540159878188,False
1968846217363796412,CRM,False,,4,partial,True,0.007578086519491212,0.0004991213095918935,0.0,0.0013865662771967724,0.000912029354857973,13135.0,0.0025945361707887353,-0.9730443026618122,10.399695470118004,False
1968730082635301321,CRM,False,,5,complete,True,0.0004495749998131293,0.0002301288297623317,8.0,0.0005039560975809109,0.00041221040224276404,7076.0,0.0009039156913496446,-0.6642900478220185,18.40022611644997,False
1968706806244327891,CRM,False,,4,partial,True,-0.000546567444449142,0.0003150422710260972,5.0,0.0005493466710007921,0.0003402920765585751,7507.0,0.000986237801408926,-0.6885390995413425,24.68362861329426,False
1968171260686504274,CRM,False,,5,complete,True,0.003990628665130114,0.0018754259211982587,0.0,0.0013865662771967724,0.000912029354857973,13135.0,0.0025945361707887353,0.53601305856829,78.03578226113437,False
1968166893799477654,CRM,False,,5,complete,True,0.003990628665130114,0.0018754259211982587,0.0,0.0013865662771967724,0.000912029354857973,13135.0,0.0025945361707887353,0.53601305856829,78.03578226113437,False
1968155331865047432,CRM,False,,5,complete,True,0.003990628665130114,0.0018754259211982587,0.0,0.0013865662771967724,0.000912029354857973,13135.0,0.0025945361707887353,0.53601305856829,78.03578226113437,False
1968135798089543869,CRM,False,,5,complete,True,0.003990628665130114,0.0018754259211982587,0.0,0.0013865662771967724,0.000912029354857973,13135.0,0.0025945361707887353,0.53601305856829,78.03578226113437,False
1968058879515971714,CRM,False,,5,complete,True,0.003990628665130114,0.0018754259211982587,0.0,0.0013865662771967724,0.000912029354857973,13135.0,0.0025945361707887353,0.53601305856829,78.03578226113437,False
1967980944809406501,CRM,False,,4,partial,True,0.0002861571320761369,0.000735041057117752,4.0,0.0005819920651859631,0.00035308098108102304,8223.0,0.0010410077616197346,0.43346710848939235,74.40107016903806,False
1967423200327021038,CRM,False,,4,partial,True,-0.005310410888469397,0.002333317617686772,0.0,0.0013865662771967724,0.000912029354857973,13135.0,0.0025945361707887353,1.0380711272582162,87.0574800152265,False
1966604536593670604,CRM,False,,4,partial,True,-0.005310410888469397,0.002333317617686772,0.0,0.0013865662771967724,0.000912029354857973,13135.0,0.0025945361707887353,1.0380711272582162,87.0574800152265,False
1966589471203246224,CRM,False,,5,complete,True,-0.00233273001083778,0.00048245380938027654,12.0,0.0005326242347968597,0.0003293242610179841,13310.0,0.0009564640130862973,-0.15234354511720402,52.53944402704733,False
1964840098207596818,CRM,False,,5,complete,True,0.00240696083175429,0.0009348309597242235,0.0,0.0013865662771967724,0.000912029354857973,13135.0,0.0025945361707887353,-0.495307870373203,35.980205557670345,False
1963390750357438848,CRM,True,"earnings(CRM, 2025-09-03 20:00:00+00:00->2025-09-04 20:00:00+00:00)",5,complete,False,-0.08238083326821877,0.0012643982705071435,0.0,0.0013865662771967724,0.000912029354857973,13135.0,0.0025945361707887353,-0.13395183613213155,55.234107346783404,False
1963332633154523494,CRM,True,"earnings(CRM, 2025-09-03 20:00:00+00:00->2025-09-04 20:00:00+00:00)",5,complete,False,-0.08238083326821877,0.0012643982705071435,0.0,0.0013865662771967724,0.000912029354857973,13135.0,0.0025945361707887353,-0.13395183613213155,55.234107346783404,False
1963332098095550749,CRM,True,"earnings(CRM, 2025-09-03 20:00:00+00:00->2025-09-04 20:00:00+00:00)",5,complete,False,-0.08238083326821877,0.0012643982705071435,0.0,0.0013865662771967724,0.000912029354857973,13135.0,0.0025945361707887353,-0.13395183613213155,55.234107346783404,False
1963264973452546482,CRM,False,,5,complete,True,-0.0004525013155469715,0.0009078508011244013,4.0,0.0005819920651859631,0.00035308098108102304,8223.0,0.0010410077616197346,0.9229008454116138,84.56767603064574,False
1963103138485084465,CRM,False,,5,complete,True,0.005013719920459181,0.003926403340960162,0.0,0.0013865662771967724,0.000912029354857973,13135.0,0.0025945361707887353,2.7848194252025027,97.92919680243624,True
1961504387697893462,CRM,False,,4,partial,True,0.000236346215860328,0.0002236640221770185,11.0,0.0004558716308987872,0.0003275982701254885,10137.0,0.0008132398672852102,-0.7088181773146122,20.16375653546414,False
1961226167027208268,CRM,False,,5,complete,True,0.007806191117581074,0.0004331404299632656,0.0,0.0013865662771967724,0.000912029354857973,13135.0,0.0025945361707887353,-1.0453894297974435,7.179291968024362,False
1961221243417629085,CRM,False,,5,complete,True,0.007806191117581074,0.0004331404299632656,0.0,0.0013865662771967724,0.000912029354857973,13135.0,0.0025945361707887353,-1.0453894297974435,7.179291968024362,False
1961177427520131297,CRM,False,,5,complete,True,0.007806191117581074,0.0004331404299632656,0.0,0.0013865662771967724,0.000912029354857973,13135.0,0.0025945361707887353,-1.0453894297974435,7.179291968024362,False
1961172848652997063,CRM,False,,5,complete,True,0.007806191117581074,0.0004331404299632656,0.0,0.0013865662771967724,0.000912029354857973,13135.0,0.0025945361707887353,-1.0453894297974435,7.179291968024362,False
1960917609949618412,CRM,False,,4,partial,True,0.011382297041780953,0.000994970380374019,0.0,0.0013865662771967724,0.000912029354857973,13135.0,0.0025945361707887353,-0.4293676456101955,39.94670727065093,False
1960517443094503609,CRM,False,,4,partial,True,0.008871727764843906,0.0022136226914646257,0.0,0.0013865662771967724,0.000912029354857973,13135.0,0.0025945361707887353,0.9068309148850234,85.02474305291207,False
1959688404943421751,CRM,False,,5,complete,True,0.005965817535297235,0.0003863418809257857,0.0,0.0013865662771967724,0.000912029354857973,13135.0,0.0025945361707887353,-1.09670197668884,5.504377617053673,False
1958358881694056560,CRM,False,,3,partial,True,-0.004380626182393099,0.0018037225673737112,0.0,0.0013865662771967724,0.000912029354857973,13135.0,0.0025945361707887353,0.4573934906315609,75.97259231062048,False
1958330597895758181,CRM,False,,3,partial,True,-0.004380626182393099,0.0018037225673737112,0.0,0.0013865662771967724,0.000912029354857973,13135.0,0.0025945361707887353,0.4573934906315609,75.97259231062048,False
1957930074315059245,CRM,False,,4,partial,True,0.00415621889434703,0.0007678717032779481,0.0,0.0013865662771967724,0.000912029354857973,13135.0,0.0025945361707887353,-0.6783713381848014,25.877426722497145,False
1953652673770602999,CRM,False,,5,complete,True,0.0015061791508106381,0.002474983324194549,0.0,0.0013865662771967724,0.000912029354857973,13135.0,0.0025945361707887353,1.193401332095579,88.88465930719451,False
1952509357523964091,CRM,False,,5,complete,True,-0.0026916721194679694,0.0016700785424661367,0.0,0.0013865662771967724,0.000912029354857973,13135.0,0.0025945361707887353,0.31085870620196715,72.14312904453749,False
1950631959639814302,CRM,True,"fomc(ALL, 2025-07-30 18:00:00+00:00->2025-07-30 20:00:00+00:00)",5,complete,False,-0.0007685756221365025,0.0007418700508532936,10.0,0.00047384495540406994,0.00033083220207464075,8009.0,0.0008634677691156327,0.8101541922716253,84.70470720439506,False
1950258279344423332,CRM,False,,3,partial,True,0.00020609101344870595,0.0002977076532850731,9.0,0.0005013187904212589,0.00041913246753021285,7504.0,0.0008725280444793132,-0.4857918508102898,29.8773987206823,False
1950216480387203290,CRM,False,,4,partial,True,-0.0018738867459496822,0.00035438350121271304,3.0,0.0006620742052560062,0.00041150829409634254,9332.0,0.0011972967880580704,-0.7477144651943674,21.153021860265753,False
1950197188358807831,CRM,False,,5,complete,True,0.0001952928763602202,7.629514605793566e-05,1.0,0.0009430353794862737,0.0005903905495575912,11921.0,0.001678603260306963,-1.4680794502517518,0.08388558006878617,False
1949585855192133892,CRM,False,,3,partial,True,-0.005572658436350353,0.0037497927779996942,0.0,0.0013865662771967724,0.000912029354857973,13135.0,0.0025945361707887353,2.5911737250726308,97.39626950894557,True
1949585461275660422,CRM,False,,3,partial,True,-0.005572658436350353,0.0037497927779996942,0.0,0.0013865662771967724,0.000912029354857973,13135.0,0.0025945361707887353,2.5911737250726308,97.39626950894557,True
1949575404198494526,CRM,False,,3,partial,True,-0.005572658436350353,0.0037497927779996942,0.0,0.0013865662771967724,0.000912029354857973,13135.0,0.0025945361707887353,2.5911737250726308,97.39626950894557,True
1948141609167810902,CRM,False,,5,complete,True,0.0015879735948109985,0.0009749263770082691,0.0,0.0013865662771967724,0.000912029354857973,13135.0,0.0025945361707887353,-0.4513450120830885,38.66768176627332,False
1945959318064341461,CRM,False,,3,partial,True,-0.0010406426285936021,0.0006062751554045676,0.0,0.0013865662771967724,0.000912029354857973,13135.0,0.0025945361707887353,-0.8555548323482599,16.32280167491435,False
1945946105323147452,CRM,False,,3,partial,True,-0.0010406426285936021,0.0006062751554045676,0.0,0.0013865662771967724,0.000912029354857973,13135.0,0.0025945361707887353,-0.8555548323482599,16.32280167491435,False
1945945957050257850,CRM,False,,3,partial,True,-0.0010406426285936021,0.0006062751554045676,0.0,0.0013865662771967724,0.000912029354857973,13135.0,0.0025945361707887353,-0.8555548323482599,16.32280167491435,False
1945944660632813641,CRM,False,,3,partial,True,-0.0010406426285936021,0.0006062751554045676,0.0,0.0013865662771967724,0.000912029354857973,13135.0,0.0025945361707887353,-0.8555548323482599,16.32280167491435,False
1945860985908080797,CRM,False,,4,partial,True,-0.001966621114973366,0.00033580219282692224,3.0,0.0006620742052560062,0.00041150829409634254,9332.0,0.0011972967880580704,-0.7928686179839112,18.763394770681526,False
1945802355150393440,CRM,False,,4,partial,True,0.006082496452417319,0.0015211456306834727,0.0,0.0013865662771967724,0.000912029354857973,13135.0,0.0025945361707887353,0.14756033100234792,66.96612105062809,False
1943308190554145021,CRM,False,,5,complete,True,-0.0009559280736428644,0.0003649595369261471,0.0,0.0013865662771967724,0.000912029354857973,13135.0,0.0025945361707887353,-1.120146774694238,4.803958888465931,False
1943300268302450854,CRM,False,,4,partial,True,-0.01042544493649089,0.003690153549522622,0.0,0.0013865662771967724,0.000912029354857973,13135.0,0.0025945361707887353,2.5257819389865785,97.19832508564903,True
1943300171883757658,CRM,False,,4,partial,True,-0.01042544493649089,0.003690153549522622,0.0,0.0013865662771967724,0.000912029354857973,13135.0,0.0025945361707887353,2.5257819389865785,97.19832508564903,True
1943260093702701165,CRM,False,,4,partial,True,-0.01042544493649089,0.003690153549522622,0.0,0.0013865662771967724,0.000912029354857973,13135.0,0.0025945361707887353,2.5257819389865785,97.19832508564903,True
1943240168787312821,CRM,False,,4,partial,True,-0.01042544493649089,0.003690153549522622,0.0,0.0013865662771967724,0.000912029354857973,13135.0,0.0025945361707887353,2.5257819389865785,97.19832508564903,True
1943238479728579033,CRM,False,,4,partial,True,-0.01042544493649089,0.003690153549522622,0.0,0.0013865662771967724,0.000912029354857973,13135.0,0.0025945361707887353,2.5257819389865785,97.19832508564903,True
1943048586838855887,CRM,False,,4,partial,True,-0.01042544493649089,0.003690153549522622,0.0,0.0013865662771967724,0.000912029354857973,13135.0,0.0025945361707887353,2.5257819389865785,97.19832508564903,True
1942979082729226292,CRM,False,,4,partial,True,-0.00029694210964259504,0.00024389184926626797,5.0,0.0005493466710007921,0.0003402920765585751,7507.0,0.000986237801408926,-0.8976254305525848,14.506460636739044,False
1940481264047501608,CRM,False,,1,insufficient,False,-5.353910482186475e-05,,10.0,,,,,,,False
1940113836885086539,CRM,False,,2,partial,True,-0.0007572466338560124,0.0,9.0,0.0005013187904212589,0.00041913246753021285,7504.0,0.0008725280444793132,-1.1960867488394267,0.0,False
1940113755792449687,CRM,False,,2,partial,True,-0.0007572466338560124,0.0,9.0,0.0005013187904212589,0.00041913246753021285,7504.0,0.0008725280444793132,-1.1960867488394267,0.0,False
1939783216426021339,CRM,False,,5,complete,True,0.0006185746234402822,0.0009096186533238343,0.0,0.0013865662771967724,0.000912029354857973,13135.0,0.0025945361707887353,-0.5229520533878116,34.62504758279406,False
1939270643968544777,CRM,False,,5,complete,True,0.008299467455935128,0.0007243271804660978,0.0,0.0013865662771967724,0.000912029354857973,13135.0,0.0025945361707887353,-0.7261159887049936,23.25085649029311,False
1938609704361689542,CRM,False,,4,partial,True,0.0020252421966571177,0.00020465879763415513,2.0,0.0007652616347011122,0.0004947667022517721,10573.0,0.0013826640984495764,-1.1330650072358404,4.492575427976923,False
1938260608110973000,CRM,False,,4,partial,True,-0.00015882065590422378,0.0007151704281047381,4.0,0.0005819920651859631,0.00035308098108102304,8223.0,0.0010410077616197346,0.3771892853334231,72.79581661194212,False
1938111156805107750,CRM,False,,5,complete,True,-0.010327515198564563,0.001670565224385368,0.0,0.0013865662771967724,0.000912029354857973,13135.0,0.0025945361707887353,0.3113923314812842,72.15074229158736,False
1938110630273147262,CRM,False,,5,complete,True,-0.010327515198564563,0.001670565224385368,0.0,0.0013865662771967724,0.000912029354857973,13135.0,0.0025945361707887353,0.3113923314812842,72.15074229158736,False
1937898616733175880,CRM,False,,3,partial,True,-0.00032646415166792675,5.574377685002574e-05,4.0,0.0005819920651859631,0.00035308098108102304,8223.0,0.0010410077616197346,-1.4904464316506951,0.30402529490453606,False
1937802660796563940,CRM,False,,5,complete,True,0.0045683264770997045,0.002070332044559244,0.0,0.0013865662771967724,0.000912029354857973,13135.0,0.0025945361707887353,0.7497190345029542,82.3372668443091,False
1937755467981226208,CRM,False,,5,complete,True,0.0045683264770997045,0.002070332044559244,0.0,0.0013865662771967724,0.000912029354857973,13135.0,0.0025945361707887353,0.7497190345029542,82.3372668443091,False
1937750866112504269,CRM,False,,5,complete,True,0.0045683264770997045,0.002070332044559244,0.0,0.0013865662771967724,0.000912029354857973,13135.0,0.0025945361707887353,0.7497190345029542,82.3372668443091,False
1937749363092005062,CRM,False,,5,complete,True,0.0045683264770997045,0.002070332044559244,0.0,0.0013865662771967724,0.000912029354857973,13135.0,0.0025945361707887353,0.7497190345029542,82.3372668443091,False
1937608061981720662,CRM,False,,5,complete,True,0.0045683264770997045,0.002070332044559244,0.0,0.0013865662771967724,0.000912029354857973,13135.0,0.0025945361707887353,0.7497190345029542,82.3372668443091,False
2078250427741556805,HOOD,False,,0,insufficient,False,,,,,,,,,,False
2078219943863009404,HOOD,False,,0,insufficient,False,,,,,,,,,,False
2077814433762451646,HOOD,False,,5,complete,True,0.001483419005469444,0.001704785315224753,8.0,0.000962737656452858,0.0006683756602871268,11896.0,0.0016905943717101255,1.1102254358770631,90.2572293207801,True
2077266840477479424,HOOD,False,,1,insufficient,False,,,,,,,,,,False
2076666114801877310,HOOD,False,,5,complete,True,-0.0002488539454366112,0.0028633523801336407,0.0,0.0025720369238026656,0.0015405892338043758,15930.0,0.004476672358404592,0.1890935298902435,67.0182046453233,False
2076518587783926044,HOOD,False,,1,insufficient,False,,,,,,,,,,False
2076051101879820304,HOOD,False,,1,insufficient,False,,,,,,,,,,False
2075775949552165365,HOOD,False,,1,insufficient,False,,,,,,,,,,False
2075425431793377704,HOOD,False,,5,complete,True,0.020915492512290745,0.002849284820104518,0.0,0.0025720369238026656,0.0015405892338043758,15930.0,0.004476672358404592,0.17996224445708228,66.57878217200252,False
2075425266030293407,HOOD,False,,5,complete,True,0.020915492512290745,0.002849284820104518,0.0,0.0025720369238026656,0.0015405892338043758,15930.0,0.004476672358404592,0.17996224445708228,66.57878217200252,False
2075425035062509812,HOOD,False,,5,complete,True,0.020915492512290745,0.002849284820104518,0.0,0.0025720369238026656,0.0015405892338043758,15930.0,0.004476672358404592,0.17996224445708228,66.57878217200252,False
2075424842959175952,HOOD,False,,5,complete,True,0.020915492512290745,0.002849284820104518,0.0,0.0025720369238026656,0.0015405892338043758,15930.0,0.004476672358404592,0.17996224445708228,66.57878217200252,False
2075424700059333035,HOOD,False,,5,complete,True,0.020915492512290745,0.002849284820104518,0.0,0.0025720369238026656,0.0015405892338043758,15930.0,0.004476672358404592,0.17996224445708228,66.57878217200252,False
2075310357493796969,HOOD,False,,5,complete,True,0.020915492512290745,0.002849284820104518,0.0,0.0025720369238026656,0.0015405892338043758,15930.0,0.004476672358404592,0.17996224445708228,66.57878217200252,False
2075005637852020928,HOOD,False,,5,complete,True,-0.004245290183698458,0.0024736209099970002,0.0,0.0025720369238026656,0.0015405892338043758,15930.0,0.004476672358404592,-0.06388205995873024,56.82988072818581,False
2074953820690587714,HOOD,False,,5,complete,True,-0.004245290183698458,0.0024736209099970002,0.0,0.0025720369238026656,0.0015405892338043758,15930.0,0.004476672358404592,-0.06388205995873024,56.82988072818581,False
2074952874346578107,HOOD,False,,5,complete,True,-0.004245290183698458,0.0024736209099970002,0.0,0.0025720369238026656,0.0015405892338043758,15930.0,0.004476672358404592,-0.06388205995873024,56.82988072818581,False
2074952799121776709,HOOD,False,,5,complete,True,-0.004245290183698458,0.0024736209099970002,0.0,0.0025720369238026656,0.0015405892338043758,15930.0,0.004476672358404592,-0.06388205995873024,56.82988072818581,False
2074922515328348610,HOOD,False,,5,complete,True,0.0005817191960125756,0.0004149970793565022,9.0,0.0009436561615856093,0.0006362351482358615,12518.0,0.001637912970685605,-0.830917756893754,14.027799968046015,False
2074695821896065360,HOOD,False,,5,complete,True,-0.004846382472190047,0.0009090521326344258,0.0,0.0025720369238026656,0.0015405892338043758,15930.0,0.004476672358404592,-1.0794472366015546,7.645951035781544,False
2074646246476890610,HOOD,False,,5,complete,True,-0.004846382472190047,0.0009090521326344258,0.0,0.0025720369238026656,0.0015405892338043758,15930.0,0.004476672358404592,-1.0794472366015546,7.645951035781544,False
2074588631457841308,HOOD,False,,5,complete,True,-0.004846382472190047,0.0009090521326344258,0.0,0.0025720369238026656,0.0015405892338043758,15930.0,0.004476672358404592,-1.0794472366015546,7.645951035781544,False
2074588628270137489,HOOD,False,,5,complete,True,-0.004846382472190047,0.0009090521326344258,0.0,0.0025720369238026656,0.0015405892338043758,15930.0,0.004476672358404592,-1.0794472366015546,7.645951035781544,False
2074587444595560870,HOOD,False,,5,complete,True,-0.004846382472190047,0.0009090521326344258,0.0,0.0025720369238026656,0.0015405892338043758,15930.0,0.004476672358404592,-1.0794472366015546,7.645951035781544,False
2074329947280195668,HOOD,False,,1,insufficient,False,,,,,,,,,,False
2074329479451640156,HOOD,False,,1,insufficient,False,,,,,,,,,,False
2074205699123327371,HOOD,False,,5,complete,True,-0.0010316782892202392,0.0006024175967988863,10.0,0.0009119075814763101,0.0006297727062097742,12705.0,0.0016386923237703454,-0.4914312443612541,34.60055096418733,False
2073453889068695799,HOOD,False,,5,complete,True,-0.00873961846877136,0.0015172395787373455,0.0,0.0025720369238026656,0.0015405892338043758,15930.0,0.004476672358404592,-0.6846713724336324,24.726930320150657,False
2072378897912455230,HOOD,False,,5,complete,True,-0.00126725897652058,0.0004995262450228284,8.0,0.000962737656452858,0.0006683756602871268,11896.0,0.0016905943717101255,-0.6930405144182525,20.990248823133825,False
2072375933915525312,HOOD,False,,5,complete,True,4.7519148838159886e-05,0.000796115229832858,8.0,0.000962737656452858,0.0006683756602871268,11896.0,0.0016905943717101255,-0.24929457567084487,48.226294552790854,False
2072375574035583273,HOOD,False,,5,complete,True,0.0010125404162083518,0.0009095692631325867,8.0,0.000962737656452858,0.0006683756602871268,11896.0,0.0016905943717101255,-0.07954866773190197,57.128446536650976,False
2072357156012081527,HOOD,False,,5,complete,True,-0.001468607594982907,0.0008948620001092722,6.0,0.0010422288612434605,0.0007142284940285192,12178.0,0.0018231548186522582,-0.20633013435656056,50.05748070290687,False
2071692785460072819,HOOD,False,,5,complete,True,-0.0014413321293454961,0.007242839674930103,0.0,0.0025720369238026656,0.0015405892338043758,15930.0,0.004476672358404592,3.03182876307218,98.59384808537351,True
2071630137414619508,HOOD,False,,5,complete,True,0.0005822678675049264,0.0015445389267006015,5.0,0.0010699726595363769,0.0006494520571173385,12817.0,0.0018765969763952768,0.7307179367028831,82.10969805726769,False
2070587111884120130,HOOD,False,,5,complete,True,0.0008770665797698252,0.0007106578745252029,11.0,0.0009026986871935129,0.0005781188473452936,13546.0,0.0016020306622213424,-0.3321822382199721,44.69216004724642,False
2070563776420782115,HOOD,False,,5,complete,True,-0.0016146242934460542,0.0011396927912324718,8.0,0.000962737656452858,0.0006683756602871268,11896.0,0.0016905943717101255,0.2647540078039285,72.10827168796234,False
2070186628589449475,HOOD,False,,5,complete,True,0.000948136007793865,0.0014610293304124,6.0,0.0010422288612434605,0.0007142284940285192,12178.0,0.0018231548186522582,0.5863676297857375,81.32698308425029,False
2070186626928529892,HOOD,False,,5,complete,True,0.000948136007793865,0.0014610293304124,6.0,0.0010422288612434605,0.0007142284940285192,12178.0,0.0018231548186522582,0.5863676297857375,81.32698308425029,False
2070160108424663202,HOOD,False,,5,complete,True,0.0017412706172492687,0.001460246177785219,3.0,0.0012795769318537876,0.0007609027803991221,14342.0,0.002177230171672239,0.23744064364788298,68.60967786919538,False
2069216058926637078,HOOD,False,,1,insufficient,False,,,,,,,,,,False
2069083242704273719,HOOD,False,,5,complete,True,0.003928051959584122,0.0006116927749817039,4.0,0.001140432594974844,0.0006663876297675099,13524.0,0.0019763586470194043,-0.7934418293112786,19.949719018042,False
2068887258149871697,HOOD,False,,5,complete,True,0.007119358494738659,0.0037418764326888356,0.0,0.0025720369238026656,0.0015405892338043758,15930.0,0.004476672358404592,0.7593455044452923,82.68675455116133,False
2068041675264688273,HOOD,False,,5,complete,True,0.007119358494738659,0.0037418764326888356,0.0,0.0025720369238026656,0.0015405892338043758,15930.0,0.004476672358404592,0.7593455044452923,82.68675455116133,False
2067754876109774854,HOOD,False,,5,complete,True,0.007119358494738659,0.0037418764326888356,0.0,0.0025720369238026656,0.0015405892338043758,15930.0,0.004476672358404592,0.7593455044452923,82.68675455116133,False
2067754874813710593,HOOD,False,,5,complete,True,0.007119358494738659,0.0037418764326888356,0.0,0.0025720369238026656,0.0015405892338043758,15930.0,0.004476672358404592,0.7593455044452923,82.68675455116133,False
2067704868643738008,HOOD,False,,5,complete,True,0.007119358494738659,0.0037418764326888356,0.0,0.0025720369238026656,0.0015405892338043758,15930.0,0.004476672358404592,0.7593455044452923,82.68675455116133,False
2067634505914155336,HOOD,False,,5,complete,True,0.002743032877910112,0.0012825483030172353,4.0,0.001140432594974844,0.0006663876297675099,13524.0,0.0019763586470194043,0.21326282435940908,67.96066252587993,False
2067326045368484137,HOOD,True,"fomc(ALL, 2026-06-17 18:00:00+00:00->2026-06-17 20:00:00+00:00)",5,complete,False,-0.006092970575927614,0.0036941788495167688,11.0,0.0009026986871935129,0.0005781188473452936,13546.0,0.0016020306622213424,4.828557614306571,99.65303410600916,True
2066531788550295920,HOOD,False,,5,complete,True,-0.0012508676925797602,0.0010706330237389566,2.0,0.001484388826191449,0.0008821840161756652,15292.0,0.002544059939142174,-0.46901303454369436,35.96651844101491,False
2066505950039527712,HOOD,False,,5,complete,True,0.05710116017089706,0.005061282729069141,0.0,0.0025720369238026656,0.0015405892338043758,15930.0,0.004476672358404592,1.6157751531986626,93.4149403640929,True
2066498557150998570,HOOD,False,,5,complete,True,0.05710116017089706,0.005061282729069141,0.0,0.0025720369238026656,0.0015405892338043758,15930.0,0.004476672358404592,1.6157751531986626,93.4149403640929,True
2066071564852834685,HOOD,False,,1,insufficient,False,0.03275309704677465,,,,,,,,,False
2065929194102456363,HOOD,False,,1,insufficient,False,0.03275309704677465,,,,,,,,,False
2065442952806027320,HOOD,False,,5,complete,True,0.00609039400986644,0.0015317798805016334,2.0,0.001484388826191449,0.0008821840161756652,15292.0,0.002544059939142174,0.05372014618404486,61.37195919434999,False
2064409512455393388,HOOD,False,,5,complete,True,-0.0005942216745864481,0.0006633912787553953,9.0,0.0009436561615856093,0.0006362351482358615,12518.0,0.001637912970685605,-0.4405051868123384,36.81898066783831,False
2064405466126434309,HOOD,False,,5,complete,True,0.001480561360684307,0.0007804443908146915,8.0,0.000962737656452858,0.0006683756602871268,11896.0,0.0016905943717101255,-0.2727407302053089,47.03261600537996,False
2064405257749242032,HOOD,False,,5,complete,True,0.0015207364074022456,0.0009539663939553343,8.0,0.000962737656452858,0.0006683756602871268,11896.0,0.0016905943717101255,-0.013123252414301944,60.34801613987894,False
2063368679866208664,HOOD,False,,5,complete,True,0.004587207244484137,0.003993694779194379,0.0,0.0025720369238026656,0.0015405892338043758,15930.0,0.004476672358404592,0.9228013698895131,85.54927809165098,False
2062736952638550097,HOOD,True,"jobs_report(ALL, 2026-06-05 12:30:00+00:00->2026-06-05 20:00:00+00:00)",5,complete,False,-0.00914226584298694,0.0034668171739457745,0.0,0.0025720369238026656,0.0015405892338043758,15930.0,0.004476672358404592,0.5808039096401528,78.46829880728185,False
2062530235266957749,HOOD,False,,5,complete,True,-0.0027912543463551875,0.0013905715521258166,0.0,0.0025720369238026656,0.0015405892338043758,15930.0,0.004476672358404592,-0.7668918786088775,20.558694287507848,False
2062198005948923925,HOOD,False,,5,complete,True,-0.002168058706313869,0.0006223014968685107,4.0,0.001140432594974844,0.0006663876297675099,13524.0,0.0019763586470194043,-0.7775220831861772,20.837030464359657,False
2061905160088240305,HOOD,False,,5,complete,True,-0.033245461988125835,0.001586080637962572,0.0,0.0025720369238026656,0.0015405892338043758,15930.0,0.004476672358404592,-0.639986483227164,27.07470182046453,False
2061822671084798120,HOOD,False,,5,complete,True,-0.0016940696664863308,0.0012230854612846017,2.0,0.001484388826191449,0.0008821840161756652,15292.0,0.002544059939142174,-0.2962005206573762,44.89275438137588,False
2061554505674793217,HOOD,False,,5,complete,True,-0.023247319831863233,0.0010179952419826107,0.0,0.0025720369238026656,0.0015405892338043758,15930.0,0.004476672358404592,-1.0087320148164733,10.0,False
2060229087113904144,HOOD,False,,5,complete,True,0.02282545685904802,0.005081419553687048,0.0,0.0025720369238026656,0.0015405892338043758,15930.0,0.004476672358404592,1.6288460121765487,93.46516007532956,True
2060011382716977412,HOOD,False,,5,complete,True,0.0006168972155176089,0.0017314018603445769,2.0,0.001484388826191449,0.0008821840161756652,15292.0,0.002544059939142174,0.28000171123474693,70.370128171593,False
2060011381072773619,HOOD,False,,5,complete,True,0.0006168972155176089,0.0017314018603445769,2.0,0.001484388826191449,0.0008821840161756652,15292.0,0.002544059939142174,0.28000171123474693,70.370128171593,False
2059734714806857867,HOOD,False,,5,complete,True,-0.030521882776041287,0.00216512955002867,0.0,0.0025720369238026656,0.0015405892338043758,15930.0,0.004476672358404592,-0.2641245082371286,47.53923414940364,False
2059721027647905890,HOOD,False,,5,complete,True,-0.002595356063766263,0.0011350106216312021,12.0,0.0009468298047972358,0.0006206626757508514,14572.0,0.0016516397632604912,0.3031933837592426,71.94619818830634,False
2059659590745424213,HOOD,False,,5,complete,True,0.002949171074914103,0.000717764304984738,4.0,0.001140432594974844,0.0006663876297675099,13524.0,0.0019763586470194043,-0.6342679112119278,27.69151138716356,False
2059340250720469045,HOOD,False,,5,complete,True,0.0005807804698716446,0.00022045387869988107,9.0,0.0009436561615856093,0.0006362351482358615,12518.0,0.001637912970685605,-1.1366902392786806,2.6841348458220162,False
2057980041951363152,HOOD,False,,5,complete,True,0.017202575765691286,0.0035294918556290347,0.0,0.0025720369238026656,0.0015405892338043758,15930.0,0.004476672358404592,0.6214861890615723,79.48524795982424,False
2056909794972516732,HOOD,False,,5,complete,True,-0.001639134289556754,0.0029270374911131575,0.0,0.0025720369238026656,0.0015405892338043758,15930.0,0.004476672358404592,0.23043168128200087,68.48713119899561,False
2056494739155984524,HOOD,False,,5,complete,True,-0.019905628065287506,0.003457702044140513,0.0,0.0025720369238026656,0.0015405892338043758,15930.0,0.004476672358404592,0.5748872580076131,78.26741996233521,False
2056159037671256568,HOOD,False,,1,insufficient,False,,,,,,,,,,False
2055433428439568819,HOOD,False,,1,insufficient,False,,,,,,,,,,False
2055322366839001470,HOOD,False,,5,complete,True,0.0023555371128898273,0.0005306882397633562,5.0,0.0010699726595363769,0.0006494520571173385,12817.0,0.0018765969763952768,-0.8303683295217995,17.882499804946555,False
2055012020790112480,HOOD,False,,5,complete,True,-0.0012030100919550035,0.0008139506471283507,12.0,0.0009468298047972358,0.0006206626757508514,14572.0,0.0016516397632604912,-0.21409239327648236,49.30688992588526,False
2054985595030847868,HOOD,False,,5,complete,True,0.0034941219544171176,0.0010327876904822344,9.0,0.0009436561615856093,0.0006362351482358615,12518.0,0.001637912970685605,0.14009211711073644,66.73590030356287,False
2054797602219262039,HOOD,False,,5,complete,True,-0.009419324955539321,0.002206183148336679,0.0,0.0025720369238026656,0.0015405892338043758,15930.0,0.004476672358404592,-0.23747652355231433,48.60640301318268,False
2054334791823360303,HOOD,False,,5,complete,True,-0.02446017385907262,0.0036797548299617347,0.0,0.0025720369238026656,0.0015405892338043758,15930.0,0.004476672358404592,0.7190222298410058,81.8330194601381,False
2054279202325909795,HOOD,True,"cpi(ALL, 2026-05-12 12:30:00+00:00->2026-05-12 20:00:00+00:00)",5,complete,False,-0.0016822029288448004,0.0007378837622932915,11.0,0.0009026986871935129,0.0005781188473452936,13546.0,0.0016020306622213424,-0.285088309535396,47.135685811309614,False
2054279092816761193,HOOD,True,"cpi(ALL, 2026-05-12 12:30:00+00:00->2026-05-12 20:00:00+00:00)",5,complete,False,-0.004280815771924629,0.0007337261774560156,11.0,0.0009026986871935129,0.0005781188473452936,13546.0,0.0016020306622213424,-0.29227988416813355,46.76657315812786,False
2054279004484751510,HOOD,True,"cpi(ALL, 2026-05-12 12:30:00+00:00->2026-05-12 20:00:00+00:00)",5,complete,False,-0.004280815771924629,0.0007337261774560156,11.0,0.0009026986871935129,0.0005781188473452936,13546.0,0.0016020306622213424,-0.29227988416813355,46.76657315812786,False
2052887141894799538,HOOD,False,,5,complete,True,-0.025496144461998216,0.002847528384269051,0.0,0.0025720369238026656,0.0015405892338043758,15930.0,0.004476672358404592,0.17882213793359997,66.55994978028876,False
2052511267651453273,HOOD,True,"jobs_report(ALL, 2026-05-08 12:30:00+00:00->2026-05-08 20:00:00+00:00)",5,complete,False,-0.01547183146016995,0.0037945492378507802,0.0,0.0025720369238026656,0.0015405892338043758,15930.0,0.004476672358404592,0.793535542909908,83.36472065285625,False
2052067593578549739,HOOD,False,,5,complete,True,-0.0005514957674672694,0.0008653750180436946,6.0,0.0010422288612434605,0.0007142284940285192,12178.0,0.0018231548186522582,-0.24761521652859753,47.70898341271145,False
2051354924278264116,HOOD,False,,5,complete,True,0.0014476739907500757,0.0007690727623845581,8.0,0.000962737656452858,0.0006683756602871268,11896.0,0.0016905943717101255,-0.28975455806559974,45.78850033624748,False
2051354922969698316,HOOD,False,,5,complete,True,0.0014476739907500757,0.0007690727623845581,8.0,0.000962737656452858,0.0006683756602871268,11896.0,0.0016905943717101255,-0.28975455806559974,45.78850033624748,False
2050995457011384495,HOOD,False,,1,insufficient,False,0.019233769321136962,,,,,,,,,False
2050324219456839858,HOOD,False,,1,insufficient,False,0.019233769321136962,,,,,,,,,False
2050324217921749208,HOOD,False,,1,insufficient,False,0.019233769321136962,,,,,,,,,False
2050324216357282248,HOOD,False,,1,insufficient,False,0.019233769321136962,,,,,,,,,False
2050324214847345123,HOOD,False,,1,insufficient,False,0.019233769321136962,,,,,,,,,False
2050324213748449747,HOOD,False,,1,insufficient,False,0.019233769321136962,,,,,,,,,False
2050321017982292384,HOOD,False,,1,insufficient,False,0.019233769321136962,,,,,,,,,False
2049228409172333016,HOOD,True,"earnings(HOOD, 2026-04-28 20:00:00+00:00->2026-04-29 20:00:00+00:00)",5,complete,False,-0.11454337599504383,0.0016747696345302684,0.0,0.0025720369238026656,0.0015405892338043758,15930.0,0.004476672358404592,-0.5824182524349202,30.056497175141246,False
2049223735912337474,HOOD,True,"earnings(HOOD, 2026-04-28 20:00:00+00:00->2026-04-29 20:00:00+00:00)",5,complete,False,-0.11454337599504383,0.0016747696345302684,0.0,0.0025720369238026656,0.0015405892338043758,15930.0,0.004476672358404592,-0.5824182524349202,30.056497175141246,False
2048584630178332674,HOOD,False,,5,complete,True,0.0033665216915339524,0.00269557089651611,0.0,0.0025720369238026656,0.0015405892338043758,15930.0,0.004476672358404592,0.0801861846122253,62.8060263653484,False
2048582660684124263,HOOD,False,,5,complete,True,0.0033665216915339524,0.00269557089651611,0.0,0.0025720369238026656,0.0015405892338043758,15930.0,0.004476672358404592,0.0801861846122253,62.8060263653484,False
2047740014126325970,HOOD,False,,5,complete,True,-0.0006828269540833931,0.00016132770349239718,9.0,0.0009436561615856093,0.0006362351482358615,12518.0,0.001637912970685605,-1.2296215640749097,1.238216967566704,False
2047504081493868930,HOOD,False,,1,insufficient,False,,,,,,,,,,False
2047461655026762103,HOOD,False,,1,insufficient,False,,,,,,,,,,False
2047461630578160039,HOOD,False,,1,insufficient,False,,,,,,,,,,False
2047353335536357724,HOOD,False,,5,complete,True,-0.0012182003496835625,0.0009538481432769909,6.0,0.0010422288612434605,0.0007142284940285192,12178.0,0.0018231548186522582,-0.12374291799528868,54.68057152241747,False
2047353333468610723,HOOD,False,,5,complete,True,-0.0012182003496835625,0.0009538481432769909,6.0,0.0010422288612434605,0.0007142284940285192,12178.0,0.0018231548186522582,-0.12374291799528868,54.68057152241747,False
2047353331404964341,HOOD,False,,5,complete,True,-0.0012182003496835625,0.0009538481432769909,6.0,0.0010422288612434605,0.0007142284940285192,12178.0,0.0018231548186522582,-0.12374291799528868,54.68057152241747,False
2047353329383309382,HOOD,False,,5,complete,True,-0.0012182003496835625,0.0009538481432769909,6.0,0.0010422288612434605,0.0007142284940285192,12178.0,0.0018231548186522582,-0.12374291799528868,54.68057152241747,False
2047353327730754011,HOOD,False,,5,complete,True,-0.0012182003496835625,0.0009538481432769909,6.0,0.0010422288612434605,0.0007142284940285192,12178.0,0.0018231548186522582,-0.12374291799528868,54.68057152241747,False
2046951776780439823,HOOD,False,,5,complete,True,-0.000117165750780579,0.0017561132192591498,0.0,0.0025720369238026656,0.0015405892338043758,15930.0,0.004476672358404592,-0.5296179452900953,33.11362209667295,False
2046730273862390231,HOOD,False,,5,complete,True,0.017172268820732306,0.003656709978504298,0.0,0.0025720369238026656,0.0015405892338043758,15930.0,0.004476672358404592,0.7040637639814666,81.52542372881356,False
2046703249223495820,HOOD,False,,5,complete,True,0.017172268820732306,0.003656709978504298,0.0,0.0025720369238026656,0.0015405892338043758,15930.0,0.004476672358404592,0.7040637639814666,81.52542372881356,False
2046327074953244727,HOOD,False,,5,complete,True,-0.020291558446360325,0.0037144134632768225,0.0,0.0025720369238026656,0.0015405892338043758,15930.0,0.004476672358404592,0.7415192281028338,82.37288135593221,False
2046327072898052197,HOOD,False,,5,complete,True,-0.020291558446360325,0.0037144134632768225,0.0,0.0025720369238026656,0.0015405892338043758,15930.0,0.004476672358404592,0.7415192281028338,82.37288135593221,False
2046301753273151996,HOOD,False,,5,complete,True,-0.0007257878742542578,0.0004136272782726816,10.0,0.0009119075814763101,0.0006297727062097742,12705.0,0.0016386923237703454,-0.7912065707046596,16.41086186540732,False
2045965514686730330,HOOD,False,,1,insufficient,False,-0.006374011415948511,,,,,,,,,False
2045632406372397293,HOOD,False,,1,insufficient,False,-0.006374011415948511,,,,,,,,,False
2044970372987318726,HOOD,False,,1,insufficient,False,0.0063482378517194515,,,,,,,,,False
2044925534724079661,HOOD,False,,1,insufficient,False,0.0063482378517194515,,,,,,,,,False
2044923459399197175,HOOD,False,,1,insufficient,False,0.0063482378517194515,,,,,,,,,False
2042704969443549595,HOOD,False,,5,complete,True,-0.014044853161139792,0.0008235938779082412,0.0,0.0025720369238026656,0.0015405892338043758,15930.0,0.004476672358404592,-1.1349183854652602,5.994978028876334,False
2041940987912871982,HOOD,False,,5,complete,True,-0.0031565669522179984,0.00042869453996145237,9.0,0.0009436561615856093,0.0006362351482358615,12518.0,0.001637912970685605,-0.8093888290391233,15.066304521489055,False
2041623199344136421,HOOD,False,,5,complete,True,0.06677856102177304,0.002445098647390728,0.0,0.0025720369238026656,0.0015405892338043758,15930.0,0.004476672358404592,-0.08239592593963065,55.98870056497175,False
2041573811590721647,HOOD,False,,4,partial,True,0.0012813484036384715,0.0005981369066733318,8.0,0.000962737656452858,0.0006683756602871268,11896.0,0.0016905943717101255,-0.5455027336317091,29.875588433086754,False
2041221757705789598,HOOD,False,,5,complete,True,-0.0018090359006233125,0.0005522163636416654,10.0,0.0009119075814763101,0.0006297727062097742,12705.0,0.0016386923237703454,-0.5711445006872581,29.940968122786305,False
2041163324440903877,HOOD,False,,5,complete,True,-0.007005534784561895,0.001269131072273931,2.0,0.001484388826191449,0.0008821840161756652,15292.0,0.002544059939142174,-0.24400550222013398,47.44964687418258,False
2040910116707537261,HOOD,False,,5,complete,True,0.0038297696109761414,0.004010108831458019,0.0,0.0025720369238026656,0.0015405892338043758,15930.0,0.004476672358404592,0.9334557688061578,85.74387947269302,False
2040059243462537227,HOOD,False,,5,complete,True,0.0038297696109761414,0.004010108831458019,0.0,0.0025720369238026656,0.0015405892338043758,15930.0,0.004476672358404592,0.9334557688061578,85.74387947269302,False
2039801627838738926,HOOD,False,,5,complete,True,0.0038297696109761414,0.004010108831458019,0.0,0.0025720369238026656,0.0015405892338043758,15930.0,0.004476672358404592,0.9334557688061578,85.74387947269302,False
2039443986415534426,HOOD,False,,1,insufficient,False,,,,,,,,,,False
2039084177317126236,HOOD,False,,5,complete,True,0.005762755603097913,0.006603696907268259,0.0,0.0025720369238026656,0.0015405892338043758,15930.0,0.004476672358404592,2.6169597287848725,97.77150031387319,True
2039060932895113299,HOOD,False,,5,complete,True,-0.0013199460414748954,0.0010984118080757394,11.0,0.0009026986871935129,0.0005781188473452936,13546.0,0.0016020306622213424,0.3385344065168192,73.09906983611398,False
2037666308389806090,HOOD,False,,1,insufficient,False,,,,,,,,,,False
2037564090978361407,HOOD,False,,5,complete,True,0.0012850939406693351,0.00014235290875847648,5.0,0.0010699726595363769,0.0006494520571173385,12817.0,0.0018765969763952768,-1.4283113597256718,0.5383475072169774,False
2037321516904509538,HOOD,False,,5,complete,True,-0.028907819506651,0.002880639421540425,0.0,0.0025720369238026656,0.0015405892338043758,15930.0,0.004476672358404592,0.20031458805906835,67.35718769617075,False
2037321515528835517,HOOD,False,,5,complete,True,-0.028907819506651,0.002880639421540425,0.0,0.0025720369238026656,0.0015405892338043758,15930.0,0.004476672358404592,0.20031458805906835,67.35718769617075,False
2036915091120284091,HOOD,False,,5,complete,True,-0.00751325465353303,0.00161208087914227,0.0,0.0025720369238026656,0.0015405892338043758,15930.0,0.004476672358404592,-0.6231096671303177,27.991211550533585,False
2035873089045909973,HOOD,False,,5,complete,True,-0.00493684062560118,0.0031405318259904633,0.0,0.0025720369238026656,0.0015405892338043758,15930.0,0.004476672358404592,0.3690113430066883,73.01318267419963,False
2035871150841221156,HOOD,False,,5,complete,True,-0.00493684062560118,0.0031405318259904633,0.0,0.0025720369238026656,0.0015405892338043758,15930.0,0.004476672358404592,0.3690113430066883,73.01318267419963,False
2035478403995087152,HOOD,False,,5,complete,True,-0.00493684062560118,0.0031405318259904633,0.0,0.0025720369238026656,0.0015405892338043758,15930.0,0.004476672358404592,0.3690113430066883,73.01318267419963,False
2035098184801034642,HOOD,False,,5,complete,True,-0.00493684062560118,0.0031405318259904633,0.0,0.0025720369238026656,0.0015405892338043758,15930.0,0.004476672358404592,0.3690113430066883,73.01318267419963,False
2035098183270068713,HOOD,False,,5,complete,True,-0.00493684062560118,0.0031405318259904633,0.0,0.0025720369238026656,0.0015405892338043758,15930.0,0.004476672358404592,0.3690113430066883,73.01318267419963,False
2035098181378482478,HOOD,False,,5,complete,True,-0.00493684062560118,0.0031405318259904633,0.0,0.0025720369238026656,0.0015405892338043758,15930.0,0.004476672358404592,0.3690113430066883,73.01318267419963,False
2035098179876921595,HOOD,False,,5,complete,True,-0.00493684062560118,0.0031405318259904633,0.0,0.0025720369238026656,0.0015405892338043758,15930.0,0.004476672358404592,0.3690113430066883,73.01318267419963,False
2035098178484412802,HOOD,False,,5,complete,True,-0.00493684062560118,0.0031405318259904633,0.0,0.0025720369238026656,0.0015405892338043758,15930.0,0.004476672358404592,0.3690113430066883,73.01318267419963,False
2035098177079304309,HOOD,False,,5,complete,True,-0.00493684062560118,0.0031405318259904633,0.0,0.0025720369238026656,0.0015405892338043758,15930.0,0.004476672358404592,0.3690113430066883,73.01318267419963,False
2035098175661645961,HOOD,False,,5,complete,True,-0.00493684062560118,0.0031405318259904633,0.0,0.0025720369238026656,0.0015405892338043758,15930.0,0.004476672358404592,0.3690113430066883,73.01318267419963,False
2035098174294303207,HOOD,False,,5,complete,True,-0.00493684062560118,0.0031405318259904633,0.0,0.0025720369238026656,0.0015405892338043758,15930.0,0.004476672358404592,0.3690113430066883,73.01318267419963,False
2035098172700467279,HOOD,False,,5,complete,True,-0.00493684062560118,0.0031405318259904633,0.0,0.0025720369238026656,0.0015405892338043758,15930.0,0.004476672358404592,0.3690113430066883,73.01318267419963,False
2034359937325822181,HOOD,False,,1,insufficient,False,,,13.0,,,,,,,False
2034346503528210621,HOOD,True,"fomc(ALL, 2026-03-18 18:00:00+00:00->2026-03-18 20:00:00+00:00)",4,partial,False,-0.00010025879477881805,0.0012478889709675541,11.0,0.0009026986871935129,0.0005781188473452936,13546.0,0.0016020306622213424,0.5970922507701416,80.00147645061273,False
2034101337198367068,HOOD,False,,5,complete,True,-0.008045758086392296,0.002558380831911394,0.0,0.0025720369238026656,0.0015405892338043758,15930.0,0.004476672358404592,-0.008864200522516373,59.17137476459511,False
2034032880188592131,HOOD,False,,5,complete,True,-0.008045758086392296,0.002558380831911394,0.0,0.0025720369238026656,0.0015405892338043758,15930.0,0.004476672358404592,-0.008864200522516373,59.17137476459511,False
2033947181389144469,HOOD,False,,5,complete,True,0.0021701830444069703,0.0018843581940040364,6.0,0.0010422288612434605,0.0007142284940285192,12178.0,0.0018231548186522582,1.1790755196710894,90.75381836097881,True
2033784669079277621,HOOD,False,,5,complete,True,0.017163307010138684,0.002536229652758833,0.0,0.0025720369238026656,0.0015405892338043758,15930.0,0.004476672358404592,-0.023242581642225906,58.46202134337728,False
2033736673197232267,HOOD,False,,5,complete,True,0.017163307010138684,0.002536229652758833,0.0,0.0025720369238026656,0.0015405892338043758,15930.0,0.004476672358404592,-0.023242581642225906,58.46202134337728,False
2032584581699015050,HOOD,False,,1,insufficient,False,0.014781750355931544,,,,,,,,,False
2032521471634071802,HOOD,False,,5,complete,True,0.0008414088806664166,0.0017397877197629973,9.0,0.0009436561615856093,0.0006362351482358615,12518.0,0.001637912970685605,1.25131653035027,91.8357565106247,True
2032143283951190098,HOOD,False,,5,complete,True,0.0003712298796483271,0.0009478339538006339,7.0,0.0009981069972995246,0.0008063622595923577,12116.0,0.0017308144950874528,-0.06234548169988179,57.915153516011884,False
2031874122947707207,HOOD,False,,1,insufficient,False,,,,,,,,,,False
2031580721702416848,HOOD,True,"cpi(ALL, 2026-03-11 12:30:00+00:00->2026-03-11 20:00:00+00:00)",5,complete,False,0.012027276381990193,0.00415784646803504,0.0,0.0025720369238026656,0.0015405892338043758,15930.0,0.004476672358404592,1.0293526070647205,87.25047080979284,False
2031503194384413175,HOOD,True,"cpi(ALL, 2026-03-11 12:30:00+00:00->2026-03-11 20:00:00+00:00)",5,complete,False,0.012027276381990193,0.00415784646803504,0.0,0.0025720369238026656,0.0015405892338043758,15930.0,0.004476672358404592,1.0293526070647205,87.25047080979284,False
2031106624094613938,HOOD,False,,5,complete,True,0.004216673474531918,0.0029189581861818756,0.0,0.0025720369238026656,0.0015405892338043758,15930.0,0.004476672358404592,0.2251873859474615,68.27997489014437,False
2030835715089514970,HOOD,False,,5,complete,True,0.0060162440156191765,0.002371409332484209,0.0,0.0025720369238026656,0.0015405892338043758,15930.0,0.004476672358404592,-0.13022782901255317,53.86064030131826,False
2030824452767003070,HOOD,False,,5,complete,True,0.0060162440156191765,0.002371409332484209,0.0,0.0025720369238026656,0.0015405892338043758,15930.0,0.004476672358404592,-0.13022782901255317,53.86064030131826,False
2029946098337345800,HOOD,True,"jobs_report(ALL, 2026-03-06 13:30:00+00:00->2026-03-06 21:00:00+00:00)",5,complete,False,-0.007219257260985379,0.0025277418764057297,2.0,0.001484388826191449,0.0008821840161756652,15292.0,0.002544059939142174,1.182693214888766,89.76589066178394,False
2029913136019673545,HOOD,True,"jobs_report(ALL, 2026-03-06 13:30:00+00:00->2026-03-06 21:00:00+00:00)",5,complete,False,-0.030290089756747074,0.001355577856118074,0.0,0.0025720369238026656,0.0015405892338043758,15930.0,0.004476672358404592,-0.7896063668318857,19.591964846202135,False
2029905335129882817,HOOD,True,"jobs_report(ALL, 2026-03-06 13:30:00+00:00->2026-03-06 21:00:00+00:00)",5,complete,False,-0.030290089756747074,0.001355577856118074,0.0,0.0025720369238026656,0.0015405892338043758,15930.0,0.004476672358404592,-0.7896063668318857,19.591964846202135,False
2029698309233774624,HOOD,True,"jobs_report(ALL, 2026-03-06 13:30:00+00:00->2026-03-06 21:00:00+00:00)",5,complete,False,-0.030290089756747074,0.001355577856118074,0.0,0.0025720369238026656,0.0015405892338043758,15930.0,0.004476672358404592,-0.7896063668318857,19.591964846202135,False
2029694316218622104,HOOD,True,"jobs_report(ALL, 2026-03-06 13:30:00+00:00->2026-03-06 21:00:00+00:00)",5,complete,False,-0.030290089756747074,0.001355577856118074,0.0,0.0025720369238026656,0.0015405892338043758,15930.0,0.004476672358404592,-0.7896063668318857,19.591964846202135,False
2029412774808568237,HOOD,False,,5,complete,True,0.022417511366868426,0.004930868514687346,0.0,0.0025720369238026656,0.0015405892338043758,15930.0,0.004476672358404592,1.5311229879620236,92.78091650973008,True
2029412625746968714,HOOD,False,,5,complete,True,0.022417511366868426,0.004930868514687346,0.0,0.0025720369238026656,0.0015405892338043758,15930.0,0.004476672358404592,1.5311229879620236,92.78091650973008,True
2029353701425774882,HOOD,False,,5,complete,True,0.022417511366868426,0.004930868514687346,0.0,0.0025720369238026656,0.0015405892338043758,15930.0,0.004476672358404592,1.5311229879620236,92.78091650973008,True
2029301551089570222,HOOD,False,,5,complete,True,0.022417511366868426,0.004930868514687346,0.0,0.0025720369238026656,0.0015405892338043758,15930.0,0.004476672358404592,1.5311229879620236,92.78091650973008,True
2029300753496416329,HOOD,False,,5,complete,True,0.022417511366868426,0.004930868514687346,0.0,0.0025720369238026656,0.0015405892338043758,15930.0,0.004476672358404592,1.5311229879620236,92.78091650973008,True
2028981421902066103,HOOD,False,,5,complete,True,0.053723022675036036,0.003193087752054967,0.0,0.0025720369238026656,0.0015405892338043758,15930.0,0.004476672358404592,0.40312551498147275,73.91713747645952,False
2028980939380998628,HOOD,False,,5,complete,True,0.053723022675036036,0.003193087752054967,0.0,0.0025720369238026656,0.0015405892338043758,15930.0,0.004476672358404592,0.40312551498147275,73.91713747645952,False
2028980936683946018,HOOD,False,,5,complete,True,0.053723022675036036,0.003193087752054967,0.0,0.0025720369238026656,0.0015405892338043758,15930.0,0.004476672358404592,0.40312551498147275,73.91713747645952,False
2027893294211186945,HOOD,False,,5,complete,True,0.007373614852065891,0.006587486485818666,0.0,0.0025720369238026656,0.0015405892338043758,15930.0,0.004476672358404592,2.606437507095991,97.72755806654112,True
2027802817013158000,HOOD,False,,5,complete,True,0.007373614852065891,0.006587486485818666,0.0,0.0025720369238026656,0.0015405892338043758,15930.0,0.004476672358404592,2.606437507095991,97.72755806654112,True
2027802815046029745,HOOD,False,,5,complete,True,0.007373614852065891,0.006587486485818666,0.0,0.0025720369238026656,0.0015405892338043758,15930.0,0.004476672358404592,2.606437507095991,97.72755806654112,True
2027500955538010371,HOOD,False,,1,insufficient,False,,,14.0,,,,,,,False
2026793469768073459,HOOD,False,,5,complete,True,0.001255248236159856,0.005546923059182862,0.0,0.0025720369238026656,0.0015405892338043758,15930.0,0.004476672358404592,1.9310054037142181,95.43628374136848,True
2026452080311824868,HOOD,False,,5,complete,True,0.02624150905261291,0.0036663272213888947,0.0,0.0025720369238026656,0.0015405892338043758,15930.0,0.004476672358404592,0.710306338363768,81.66980539861896,False
2026436165440778404,HOOD,False,,5,complete,True,0.02624150905261291,0.0036663272213888947,0.0,0.0025720369238026656,0.0015405892338043758,15930.0,0.004476672358404592,0.710306338363768,81.66980539861896,False
2026028329783189595,HOOD,False,,5,complete,True,-0.00030238281888528284,0.0002544532859544913,11.0,0.0009026986871935129,0.0005781188473452936,13546.0,0.0016020306622213424,-1.121301276053786,4.5548501402628085,False
2026028297822588941,HOOD,False,,5,complete,True,-0.00030238281888528284,0.0002544532859544913,11.0,0.0009026986871935129,0.0005781188473452936,13546.0,0.0016020306622213424,-1.121301276053786,4.5548501402628085,False
2025254192940757164,HOOD,False,,5,complete,True,-0.023782523600835215,0.0025021280141575126,0.0,0.0025720369238026656,0.0015405892338043758,15930.0,0.004476672358404592,-0.045378033359689256,57.583176396735716,False
2025067088495390886,HOOD,False,,5,complete,True,-0.023782523600835215,0.0025021280141575126,0.0,0.0025720369238026656,0.0015405892338043758,15930.0,0.004476672358404592,-0.045378033359689256,57.583176396735716,False
2025066880566952094,HOOD,False,,5,complete,True,-0.023782523600835215,0.0025021280141575126,0.0,0.0025720369238026656,0.0015405892338043758,15930.0,0.004476672358404592,-0.045378033359689256,57.583176396735716,False
2024888735951982766,HOOD,False,,5,complete,True,-0.0006920557640813785,0.00046764096658620535,4.0,0.001140432594974844,0.0006663876297675099,13524.0,0.0019763586470194043,-1.009610020257073,10.632948831706596,False
2024627759805505961,HOOD,False,,5,complete,True,0.02146643298431361,0.006489944492635542,0.0,0.0025720369238026656,0.0015405892338043758,15930.0,0.004476672358404592,2.54312277592508,97.58945386064029,True
2024284301068816570,HOOD,False,,5,complete,True,-0.00775055739430186,0.0040641270972982335,0.0,0.0025720369238026656,0.0015405892338043758,15930.0,0.004476672358404592,0.9685191488784828,86.27746390458255,False
2023815960323649856,HOOD,False,,5,complete,True,0.001290021713383327,0.0006193840145766265,6.0,0.0010422288612434605,0.0007142284940285192,12178.0,0.0018231548186522582,-0.5920302119029569,27.27048776482181,False
2022459120050409852,HOOD,False,,5,complete,True,0.003836356547721964,0.009172714114035562,0.0,0.0025720369238026656,0.0015405892338043758,15930.0,0.004476672358404592,4.2845146813943344,99.50408035153798,True
2022379430308647250,HOOD,True,"cpi(ALL, 2026-02-13 13:30:00+00:00->2026-02-13 21:00:00+00:00)",5,complete,False,0.000875016445012422,0.0007014511025553225,8.0,0.000962737656452858,0.0006683756602871268,11896.0,0.0016905943717101255,-0.3909276914501789,39.33254875588433,False
2022040725937102909,HOOD,False,,5,complete,True,0.002955608529240261,0.00048093677498923804,11.0,0.0009026986871935129,0.0005781188473452936,13546.0,0.0016020306622213424,-0.7295418825056376,21.371622619223388,False
2021401110129541373,HOOD,True,"earnings(HOOD, 2026-02-10 21:00:00+00:00->2026-02-11 21:00:00+00:00); jobs_report(ALL, 2026-02-11 13:30:00+00:00->2026-02-11 21:00:00+00:00)",5,complete,False,-0.10945497556713046,0.006107462250241687,0.0,0.0025720369238026656,0.0015405892338043758,15930.0,0.004476672358404592,2.2948526764065065,96.89265536723164,True
2021343426181202354,HOOD,True,"earnings(HOOD, 2026-02-10 21:00:00+00:00->2026-02-11 21:00:00+00:00); jobs_report(ALL, 2026-02-11 13:30:00+00:00->2026-02-11 21:00:00+00:00)",5,complete,False,-0.10945497556713046,0.006107462250241687,0.0,0.0025720369238026656,0.0015405892338043758,15930.0,0.004476672358404592,2.2948526764065065,96.89265536723164,True
2021280624716239320,HOOD,False,,5,complete,True,0.0017215322570880431,0.0002103050464690613,6.0,0.0010422288612434605,0.0007142284940285192,12178.0,0.0018231548186522582,-1.1647866498325121,1.8886516669403843,False
2020983043297771958,HOOD,False,,5,complete,True,0.002788496826413578,0.0043757062644506056,0.0,0.0025720369238026656,0.0015405892338043758,15930.0,0.004476672358404592,1.1707658998718993,89.24042686754551,False
2019936302226108508,HOOD,False,,1,insufficient,False,,,,,,,,,,False
2019871947094651215,HOOD,False,,5,complete,True,0.002050063626973908,0.0008857485879953723,12.0,0.0009468298047972358,0.0006206626757508514,14572.0,0.0016516397632604912,-0.09841290476823024,55.071369750205875,False
2019832811017101801,HOOD,False,,5,complete,True,0.00033575271237284987,0.0014893833338527722,6.0,0.0010422288612434605,0.0007142284940285192,12178.0,0.0018231548186522582,0.6260664148068233,82.27130891772048,False
2019832751168659883,HOOD,False,,5,complete,True,0.00033575271237284987,0.0014893833338527722,6.0,0.0010422288612434605,0.0007142284940285192,12178.0,0.0018231548186522582,0.6260664148068233,82.27130891772048,False
2019574512124326012,HOOD,False,,5,complete,True,0.09474624545178267,0.006534362537225221,0.0,0.0025720369238026656,0.0015405892338043758,15930.0,0.004476672358404592,2.571954630396756,97.65222849968612,True
2019544061510873238,HOOD,False,,5,complete,True,0.09474624545178267,0.006534362537225221,0.0,0.0025720369238026656,0.0015405892338043758,15930.0,0.004476672358404592,2.571954630396756,97.65222849968612,True
2019532485626065317,HOOD,False,,5,complete,True,0.09474624545178267,0.006534362537225221,0.0,0.0025720369238026656,0.0015405892338043758,15930.0,0.004476672358404592,2.571954630396756,97.65222849968612,True
2019524439873142888,HOOD,False,,5,complete,True,0.09474624545178267,0.006534362537225221,0.0,0.0025720369238026656,0.0015405892338043758,15930.0,0.004476672358404592,2.571954630396756,97.65222849968612,True
2018782718096810200,HOOD,False,,5,complete,True,-0.0003343186634772177,0.0007733918549319449,11.0,0.0009026986871935129,0.0005781188473452936,13546.0,0.0016020306622213424,-0.22366825239367563,50.54628672670899,False
2018744803081740528,HOOD,False,,5,complete,True,0.0003474957767697351,0.0004329208560986272,6.0,0.0010422288612434605,0.0007142284940285192,12178.0,0.0018231548186522582,-0.8530995476085048,12.448677943833141,False
2018744402668372436,HOOD,False,,5,complete,True,-0.001459963593734015,0.0005819411884460686,6.0,0.0010422288612434605,0.0007142284940285192,12178.0,0.0018231548186522582,-0.644454368098919,24.158318278863526,False
2018484270533427312,HOOD,False,,5,complete,True,-0.00790574818956058,0.005855555705016189,0.0,0.0025720369238026656,0.0015405892338043758,15930.0,0.004476672358404592,2.131339560971166,96.29629629629629,True
2018452550689980471,HOOD,False,,5,complete,True,-0.00790574818956058,0.005855555705016189,0.0,0.0025720369238026656,0.0015405892338043758,15930.0,0.004476672358404592,2.131339560971166,96.29629629629629,True
2018448321120174340,HOOD,False,,5,complete,True,-0.00790574818956058,0.005855555705016189,0.0,0.0025720369238026656,0.0015405892338043758,15930.0,0.004476672358404592,2.131339560971166,96.29629629629629,True
2017408757526106212,HOOD,False,,5,complete,True,-0.05913076634044345,0.006261964780663586,0.0,0.0025720369238026656,0.0015405892338043758,15930.0,0.004476672358404592,2.3951406227530914,97.23791588198368,True
2017408525966970907,HOOD,False,,5,complete,True,-0.05913076634044345,0.006261964780663586,0.0,0.0025720369238026656,0.0015405892338043758,15930.0,0.004476672358404592,2.3951406227530914,97.23791588198368,True
2017400526032576883,HOOD,False,,5,complete,True,-0.05913076634044345,0.006261964780663586,0.0,0.0025720369238026656,0.0015405892338043758,15930.0,0.004476672358404592,2.3951406227530914,97.23791588198368,True
2017326986092478730,HOOD,False,,5,complete,True,-0.00282501403909885,0.0005045601385973858,11.0,0.0009026986871935129,0.0005781188473452936,13546.0,0.0016020306622213424,-0.6886794132804505,23.80038387715931,False
2017326503185522912,HOOD,False,,5,complete,True,-0.003609529881308693,0.000602732274042552,10.0,0.0009119075814763101,0.0006297727062097742,12705.0,0.0016386923237703454,-0.4909315764007933,34.63203463203463,False
2017073570036535450,HOOD,False,,5,complete,True,0.014866816053721532,0.005707979117622478,0.0,0.0025720369238026656,0.0015405892338043758,15930.0,0.004476672358404592,2.035547260106333,95.9322033898305,True
2017006454679507009,HOOD,False,,5,complete,True,0.014866816053721532,0.005707979117622478,0.0,0.0025720369238026656,0.0015405892338043758,15930.0,0.004476672358404592,2.035547260106333,95.9322033898305,True
2016963751719600320,HOOD,False,,5,complete,True,-0.0027768405065475843,0.00048098831199503653,10.0,0.0009119075814763101,0.0006297727062097742,12705.0,0.0016386923237703454,-0.6842457052080255,22.81778827233373,False
2016958191871885377,HOOD,False,,5,complete,True,0.00012157070626350741,0.0005391606637841691,10.0,0.0009119075814763101,0.0006297727062097742,12705.0,0.0016386923237703454,-0.591875313135563,28.51633215269579,False
2016643357502513467,HOOD,False,,5,complete,True,-0.0009617328931929015,0.0023396258671105814,0.0,0.0025720369238026656,0.0015405892338043758,15930.0,0.004476672358404592,-0.15085854917872019,52.730696798493405,False
2016640349561639234,HOOD,False,,5,complete,True,-0.0009617328931929015,0.0023396258671105814,0.0,0.0025720369238026656,0.0015405892338043758,15930.0,0.004476672358404592,-0.15085854917872019,52.730696798493405,False
2016500601798992083,HOOD,False,,5,complete,True,-0.0038537312877643393,0.0030393670709440604,0.0,0.0025720369238026656,0.0015405892338043758,15930.0,0.004476672358404592,0.3033450688132852,70.92906465787821,False
2016332563879502219,HOOD,False,,5,complete,True,-0.0038537312877643393,0.0030393670709440604,0.0,0.0025720369238026656,0.0015405892338043758,15930.0,0.004476672358404592,0.3033450688132852,70.92906465787821,False
2016196503644033521,HOOD,False,,5,complete,True,-0.001145153778372765,0.0009078342595987906,5.0,0.0010699726595363769,0.0006494520571173385,12817.0,0.0018765969763952768,-0.24965414792472077,47.62424904423812,False
2016165797907853662,HOOD,False,,5,complete,True,0.0004108475101600728,0.0005514262651844667,1.0,0.0018529386721850883,0.0011113794174769027,16050.0,0.003185634386364021,-1.1710783792949544,4.43613707165109,False
2015910475364728968,HOOD,False,,5,complete,True,0.0049031746378838115,0.0027873906852143846,0.0,0.0025720369238026656,0.0015405892338043758,15930.0,0.004476672358404592,0.13978661974673037,64.95919648462022,False
2015908355446079783,HOOD,False,,5,complete,True,0.0049031746378838115,0.0027873906852143846,0.0,0.0025720369238026656,0.0015405892338043758,15930.0,0.004476672358404592,0.13978661974673037,64.95919648462022,False
2015848539994325075,HOOD,False,,4,partial,True,-0.0010032504948424004,0.0004663096121829977,7.0,0.0009981069972995246,0.0008063622595923577,12116.0,0.0017308144950874528,-0.6595018290977156,16.606140640475402,False
2015543492643369300,HOOD,False,,5,complete,True,-0.005433055731209224,0.0008803921667169442,0.0,0.0025720369238026656,0.0015405892338043758,15930.0,0.004476672358404592,-1.0980504861171363,7.043314500941619,False
2014828363450614255,HOOD,False,,5,complete,True,-0.005433055731209224,0.0008803921667169442,0.0,0.0025720369238026656,0.0015405892338043758,15930.0,0.004476672358404592,-1.0980504861171363,7.043314500941619,False
2014776723917963326,HOOD,False,,5,complete,True,-0.0015423573164491389,0.0010790726769862454,9.0,0.0009436561615856093,0.0006362351482358615,12518.0,0.001637912970685605,0.21284035592204542,69.19635724556639,False
2014491376604549135,HOOD,False,,5,complete,True,0.004968231909772358,0.0013165814814567406,0.0,0.0025720369238026656,0.0015405892338043758,15930.0,0.004476672358404592,-0.8149190029360823,18.40552416823603,False
2014451475024625935,HOOD,False,,5,complete,True,0.004968231909772358,0.0013165814814567406,0.0,0.0025720369238026656,0.0015405892338043758,15930.0,0.004476672358404592,-0.8149190029360823,18.40552416823603,False
2012695273550589977,HOOD,False,,5,complete,True,-0.012681292414691403,0.005791335849646932,0.0,0.0025720369238026656,0.0015405892338043758,15930.0,0.004476672358404592,2.0896543057713286,96.17074701820465,True
2012297126211109141,HOOD,False,,5,complete,True,-0.012681292414691403,0.005791335849646932,0.0,0.0025720369238026656,0.0015405892338043758,15930.0,0.004476672358404592,2.0896543057713286,96.17074701820465,True
2011853930968596973,HOOD,False,,5,complete,True,0.0025909139122211045,0.0005312163729023103,6.0,0.0010422288612434605,0.0007142284940285192,12178.0,0.0018231548186522582,-0.7154747991904471,19.871900147807523,False
2011834003444404424,HOOD,False,,5,complete,True,0.0018694076458993791,0.0004942934070912762,3.0,0.0012795769318537876,0.0007609027803991221,14342.0,0.002177230171672239,-1.0320418652572156,9.25254497280714,False
2011622052457783432,HOOD,False,,5,complete,True,-0.023844148432994428,0.004393710876153429,0.0,0.0025720369238026656,0.0015405892338043758,15930.0,0.004476672358404592,1.1824527345632998,89.40991839296925,False
2011530170851869028,HOOD,False,,4,partial,True,0.004628489820692527,0.001941088291568321,11.0,0.0009026986871935129,0.0005781188473452936,13546.0,0.0016020306622213424,1.796152485156064,94.78074708401005,True
2010871340056690809,HOOD,True,"cpi(ALL, 2026-01-13 13:30:00+00:00->2026-01-13 21:00:00+00:00)",1,insufficient,False,0.0041015330376728,,,,,,,,,False
2010853052065227144,HOOD,True,"cpi(ALL, 2026-01-13 13:30:00+00:00->2026-01-13 21:00:00+00:00)",1,insufficient,False,0.0041015330376728,,,,,,,,,False
2010825179300069648,HOOD,True,"cpi(ALL, 2026-01-13 13:30:00+00:00->2026-01-13 21:00:00+00:00)",1,insufficient,False,0.0041015330376728,,,,,,,,,False
2010068175627661365,HOOD,False,,1,insufficient,False,-0.005676331679782987,,,,,,,,,False
2010035249967952039,HOOD,False,,1,insufficient,False,-0.005676331679782987,,,,,,,,,False
2009665993585664474,HOOD,True,"jobs_report(ALL, 2026-01-09 13:30:00+00:00->2026-01-09 21:00:00+00:00)",4,partial,False,-0.0004891913455855601,0.00036078378596465,4.0,0.001140432594974844,0.0006663876297675099,13524.0,0.0019763586470194043,-1.1699629077481506,5.501330967169476,False
2009424123278315669,HOOD,True,"jobs_report(ALL, 2026-01-09 13:30:00+00:00->2026-01-09 21:00:00+00:00)",5,complete,False,0.011700758191127258,0.0026571008726369084,0.0,0.0025720369238026656,0.0015405892338043758,15930.0,0.004476672358404592,0.055215204006186236,61.845574387947266,False
2009012760194240891,HOOD,False,,5,complete,True,-0.002831226322067004,0.0024756141027186024,0.0,0.0025720369238026656,0.0015405892338043758,15930.0,0.004476672358404592,-0.06258827399822464,56.8675455116133,False
2008943581193801844,HOOD,False,,5,complete,True,-0.00042438525097554525,0.00043510206659609136,4.0,0.001140432594974844,0.0006663876297675099,13524.0,0.0019763586470194043,-1.0584388077924392,8.917480035492458,False
2008703788627206288,HOOD,False,,5,complete,True,-0.027178535094648848,0.004325273118092495,0.0,0.0025720369238026656,0.0015405892338043758,15930.0,0.004476672358404592,1.1380296290662353,88.85750156936597,False
2008698877986349383,HOOD,False,,5,complete,True,-0.027178535094648848,0.004325273118092495,0.0,0.0025720369238026656,0.0015405892338043758,15930.0,0.004476672358404592,1.1380296290662353,88.85750156936597,False
2006541263303237740,HOOD,False,,1,insufficient,False,,,,,,,,,,False
2006161471382688067,HOOD,False,,5,complete,True,-0.0024149744188618483,0.0014221224334844068,0.0,0.0025720369238026656,0.0015405892338043758,15930.0,0.004476672358404592,-0.7464121292595474,21.487758945386066,False
2006160908205146195,HOOD,False,,5,complete,True,-0.0024149744188618483,0.0014221224334844068,0.0,0.0025720369238026656,0.0015405892338043758,15930.0,0.004476672358404592,-0.7464121292595474,21.487758945386066,False
2005742822847369513,HOOD,False,,5,complete,True,0.0029870831526800368,0.0006395602479853778,12.0,0.0009468298047972358,0.0006206626757508514,14572.0,0.0016516397632604912,-0.4950669160830983,33.69475706835026,False
2005736558578856430,HOOD,False,,5,complete,True,6.0988219886981554e-05,0.00034794992906236926,11.0,0.0009026986871935129,0.0005781188473452936,13546.0,0.0016020306622213424,-0.9595756316863483,10.32038978296176,False
2005085844722647075,HOOD,False,,5,complete,True,-0.00045055027436879946,0.0023921017235937576,0.0,0.0025720369238026656,0.0015405892338043758,15930.0,0.004476672358404592,-0.11679635055255504,54.557438794726934,False
2004993499289264254,HOOD,False,,5,complete,True,-0.00045055027436879946,0.0023921017235937576,0.0,0.0025720369238026656,0.0015405892338043758,15930.0,0.004476672358404592,-0.11679635055255504,54.557438794726934,False
2004756962890993834,HOOD,False,,5,complete,True,-0.00045055027436879946,0.0023921017235937576,0.0,0.0025720369238026656,0.0015405892338043758,15930.0,0.004476672358404592,-0.11679635055255504,54.557438794726934,False
2004631668884472086,HOOD,False,,4,partial,True,-0.0018054292324567456,0.0004466745120567272,9.0,0.0009436561615856093,0.0006362351482358615,12518.0,0.001637912970685605,-0.7811288812114541,16.616072855088674,False
2004406869939683671,HOOD,False,,5,complete,True,-0.001378111678711158,0.0038981049594303888,0.0,0.0025720369238026656,0.0015405892338043758,15930.0,0.004476672358404592,0.8607537989559307,84.5699937225361,False
2004406389360460070,HOOD,False,,5,complete,True,-0.001378111678711158,0.0038981049594303888,0.0,0.0025720369238026656,0.0015405892338043758,15930.0,0.004476672358404592,0.8607537989559307,84.5699937225361,False
2004405295775469665,HOOD,False,,5,complete,True,-0.001378111678711158,0.0038981049594303888,0.0,0.0025720369238026656,0.0015405892338043758,15930.0,0.004476672358404592,0.8607537989559307,84.5699937225361,False
2004280393839821311,HOOD,False,,5,complete,True,-0.001378111678711158,0.0038981049594303888,0.0,0.0025720369238026656,0.0015405892338043758,15930.0,0.004476672358404592,0.8607537989559307,84.5699937225361,False
2003644305072881910,HOOD,False,,5,complete,True,-0.0019505528997616484,0.0020235950559932482,0.0,0.0025720369238026656,0.0015405892338043758,15930.0,0.004476672358404592,-0.3559948724651795,43.013182674199626,False
2003594067750584680,HOOD,False,,5,complete,True,-0.0019505528997616484,0.0020235950559932482,0.0,0.0025720369238026656,0.0015405892338043758,15930.0,0.004476672358404592,-0.3559948724651795,43.013182674199626,False
2003533729080463698,HOOD,False,,4,partial,True,0.0016084728185644659,0.00061519309300375,8.0,0.000962737656452858,0.0006683756602871268,11896.0,0.0016905943717101255,-0.5199838714949714,31.28782784129119,False
2003274479678722528,HOOD,False,,5,complete,True,-0.018187096216866983,0.0021554306405815035,0.0,0.0025720369238026656,0.0015405892338043758,15930.0,0.004476672358404592,-0.27042009257223126,47.21908349026993,False
2003150133375172900,HOOD,False,,5,complete,True,-6.752050894232031e-05,0.0012951388328522437,5.0,0.0010699726595363769,0.0006494520571173385,12817.0,0.0018765969763952768,0.3467017631991045,71.95131466021691,False
2002469986930217207,HOOD,False,,5,complete,True,0.009689648712532417,0.001006493814005792,0.0,0.0025720369238026656,0.0015405892338043758,15930.0,0.004476672358404592,-1.0161976180573948,9.711236660389202,False
2002233659957592280,HOOD,False,,5,complete,True,0.009689648712532417,0.001006493814005792,0.0,0.0025720369238026656,0.0015405892338043758,15930.0,0.004476672358404592,-1.0161976180573948,9.711236660389202,False
2002165900158644347,HOOD,False,,5,complete,True,0.009689648712532417,0.001006493814005792,0.0,0.0025720369238026656,0.0015405892338043758,15930.0,0.004476672358404592,-1.0161976180573948,9.711236660389202,False
2002156180559573460,HOOD,False,,5,complete,True,0.009689648712532417,0.001006493814005792,0.0,0.0025720369238026656,0.0015405892338043758,15930.0,0.004476672358404592,-1.0161976180573948,9.711236660389202,False
2002114423843107255,HOOD,False,,5,complete,True,-0.004250906515983366,0.001072901119016317,12.0,0.0009468298047972358,0.0006206626757508514,14572.0,0.0016516397632604912,0.20312372427835362,68.27477353829262,False
2001849089571590259,HOOD,False,,1,insufficient,False,,,,,,,,,,False
2001830061591454199,HOOD,False,,1,insufficient,False,,,,,,,,,,False
2001820756393758881,HOOD,False,,1,insufficient,False,,,,,,,,,,False
2001782195934134614,HOOD,False,,1,insufficient,False,,,,,,,,,,False
2001781015078146176,HOOD,False,,1,insufficient,False,,,,,,,,,,False
2001487893685244103,HOOD,True,"cpi(ALL, 2025-12-18 13:30:00+00:00->2025-12-18 21:00:00+00:00)",5,complete,False,0.05766416720334311,0.003769955082769848,0.0,0.0025720369238026656,0.0015405892338043758,15930.0,0.004476672358404592,0.777571420520062,83.01318267419963,False
2001485557613105175,HOOD,True,"cpi(ALL, 2025-12-18 13:30:00+00:00->2025-12-18 21:00:00+00:00)",5,complete,False,0.05766416720334311,0.003769955082769848,0.0,0.0025720369238026656,0.0015405892338043758,15930.0,0.004476672358404592,0.777571420520062,83.01318267419963,False
2001108837214876066,HOOD,False,,5,complete,True,0.014953082247058713,0.00568527463074732,0.0,0.0025720369238026656,0.0015405892338043758,15930.0,0.004476672358404592,2.020809725676672,95.90709353421218,True
2001079324460638565,HOOD,False,,5,complete,True,0.014953082247058713,0.00568527463074732,0.0,0.0025720369238026656,0.0015405892338043758,15930.0,0.004476672358404592,2.020809725676672,95.90709353421218,True
2000654136061370651,HOOD,False,,5,complete,True,0.001078670299929918,0.0010128702723261854,10.0,0.0009119075814763101,0.0006297727062097742,12705.0,0.0016386923237703454,0.16031607888742813,68.7288469106651,False
1999277930938290615,HOOD,False,,5,complete,True,0.015367974097383552,0.001161433801270483,0.0,0.0025720369238026656,0.0015405892338043758,15930.0,0.004476672358404592,-0.9156257174722676,13.879472693032016,False
1999015482482110774,HOOD,False,,5,complete,True,-0.042291308029088426,0.007892233714034047,0.0,0.0025720369238026656,0.0015405892338043758,15930.0,0.004476672358404592,3.453351921130549,99.01443816698054,True
1998949881680113992,HOOD,False,,5,complete,True,-0.042291308029088426,0.007892233714034047,0.0,0.0025720369238026656,0.0015405892338043758,15930.0,0.004476672358404592,3.453351921130549,99.01443816698054,True
1998948292240224313,HOOD,False,,5,complete,True,-0.042291308029088426,0.007892233714034047,0.0,0.0025720369238026656,0.0015405892338043758,15930.0,0.004476672358404592,3.453351921130549,99.01443816698054,True
1998943350377034124,HOOD,False,,5,complete,True,-0.042291308029088426,0.007892233714034047,0.0,0.0025720369238026656,0.0015405892338043758,15930.0,0.004476672358404592,3.453351921130549,99.01443816698054,True
1998612691603304922,HOOD,False,,5,complete,True,-0.010867825563466549,0.000721598409145461,0.0,0.0025720369238026656,0.0015405892338043758,15930.0,0.004476672358404592,-1.2011238778345075,4.2310106716886375,False
1998470844457402627,HOOD,False,,4,partial,True,0.002132852994045642,0.00036103411018690397,9.0,0.0009436561615856093,0.0006362351482358615,12518.0,0.001637912970685605,-0.9157338336528352,9.84182776801406,False
1998442329636745505,HOOD,False,,5,complete,True,-0.005046287471251798,0.0008840729306415418,5.0,0.0010699726595363769,0.0006494520571173385,12817.0,0.0018765969763952768,-0.2862408808434154,45.9233830069439,False
1998167470356775347,HOOD,False,,5,complete,True,-0.014250335248784496,0.0014830812779051503,0.0,0.0025720369238026656,0.0015405892338043758,15930.0,0.004476672358404592,-0.7068436037349272,23.52793471437539,False
1998123852615045400,HOOD,False,,3,partial,True,-0.0038436815340263664,7.417018843236534e-05,11.0,0.0009026986871935129,0.0005781188473452936,13546.0,0.0016020306622213424,-1.4331456283871877,0.19193857965451055,False
1997881396447297603,HOOD,False,,5,complete,True,0.009418021947289246,0.002501136083833785,0.0,0.0025720369238026656,0.0015405892338043758,15930.0,0.004476672358404592,-0.04602189760459115,57.55806654111739,False
1997503730674196589,HOOD,False,,5,complete,True,0.009418021947289246,0.002501136083833785,0.0,0.0025720369238026656,0.0015405892338043758,15930.0,0.004476672358404592,-0.04602189760459115,57.55806654111739,False
1997096186981785964,HOOD,False,,5,complete,True,0.009418021947289246,0.002501136083833785,0.0,0.0025720369238026656,0.0015405892338043758,15930.0,0.004476672358404592,-0.04602189760459115,57.55806654111739,False
1996640861103555013,HOOD,False,,5,complete,True,0.002518385222906483,0.0006288846011317147,7.0,0.0009981069972995246,0.0008063622595923577,12116.0,0.0017308144950874528,-0.4578865042052733,31.17365467150875,False
1996635903943758100,HOOD,False,,5,complete,True,0.001818780393429975,0.0009500631339302995,6.0,0.0010422288612434605,0.0007142284940285192,12178.0,0.0018231548186522582,-0.12904235560991334,54.42601412382986,False
1996358156453310773,HOOD,False,,5,complete,True,0.0026958248149979713,0.006253600202153288,0.0,0.0025720369238026656,0.0015405892338043758,15930.0,0.004476672358404592,2.389711155685064,97.23163841807909,True
1996279106678497380,HOOD,False,,5,complete,True,-0.00039749459973303924,0.00039899317005298693,7.0,0.0009981069972995246,0.0008063622595923577,12116.0,0.0017308144950874528,-0.7429834669462446,11.852096401452625,False
1996270789385969821,HOOD,False,,5,complete,True,0.00044058000270918996,0.0012989442101771637,6.0,0.0010422288612434605,0.0007142284940285192,12178.0,0.0018231548186522582,0.3594302818776262,75.4639513877484,False
1995885002249338883,HOOD,False,,5,complete,True,-0.0015782993993648242,0.0017693039528202908,2.0,0.001484388826191449,0.0008821840161756652,15292.0,0.002544059939142174,0.3229656414134215,71.63876536751242,False
1995870549348659609,HOOD,False,,5,complete,True,0.004309202636732401,0.0015879360913101895,1.0,0.0018529386721850883,0.0011113794174769027,16050.0,0.003185634386364021,-0.23844474416893388,47.76323987538941,False
1995629083766702163,HOOD,False,,5,complete,True,0.01970067805634157,0.002216129782448284,0.0,0.0025720369238026656,0.0015405892338043758,15930.0,0.004476672358404592,-0.23102014057017278,48.94538606403013,False
1995629080897810492,HOOD,False,,5,complete,True,0.01970067805634157,0.002216129782448284,0.0,0.0025720369238026656,0.0015405892338043758,15930.0,0.004476672358404592,-0.23102014057017278,48.94538606403013,False
1995265513669472492,HOOD,False,,5,complete,True,-0.033155324063940395,0.003489283703858904,0.0,0.0025720369238026656,0.0015405892338043758,15930.0,0.004476672358404592,0.5953869856607803,78.8512241054614,False
1994963677666333024,HOOD,False,,5,complete,True,-0.033155324063940395,0.003489283703858904,0.0,0.0025720369238026656,0.0015405892338043758,15930.0,0.004476672358404592,0.5953869856607803,78.8512241054614,False
1994922834477351317,HOOD,False,,5,complete,True,-0.033155324063940395,0.003489283703858904,0.0,0.0025720369238026656,0.0015405892338043758,15930.0,0.004476672358404592,0.5953869856607803,78.8512241054614,False
1994922827208663383,HOOD,False,,5,complete,True,-0.033155324063940395,0.003489283703858904,0.0,0.0025720369238026656,0.0015405892338043758,15930.0,0.004476672358404592,0.5953869856607803,78.8512241054614,False
1993765804903682479,HOOD,False,,5,complete,True,0.0014790596294567138,0.0011305390767428667,10.0,0.0009119075814763101,0.0006297727062097742,12705.0,0.0016386923237703454,0.3471593689449785,74.96261314443132,False
1993536039651361023,HOOD,False,,5,complete,True,0.058896351414921,0.0043154860481376695,0.0,0.0025720369238026656,0.0015405892338043758,15930.0,0.004476672358404592,1.1316768195437015,88.78217200251099,False
1993466831252926864,HOOD,False,,5,complete,True,0.058896351414921,0.0043154860481376695,0.0,0.0025720369238026656,0.0015405892338043758,15930.0,0.004476672358404592,1.1316768195437015,88.78217200251099,False
1993465691421478944,HOOD,False,,5,complete,True,0.058896351414921,0.0043154860481376695,0.0,0.0025720369238026656,0.0015405892338043758,15930.0,0.004476672358404592,1.1316768195437015,88.78217200251099,False
1993408593752998351,HOOD,False,,5,complete,True,0.002714125666321676,0.0008272425098347537,10.0,0.0009119075814763101,0.0006297727062097742,12705.0,0.0016386923237703454,-0.134437505478929,55.23022432113341,False
1993032173956559022,HOOD,False,,5,complete,True,0.003933798074616579,0.0007452959050096358,9.0,0.0009436561615856093,0.0006362351482358615,12518.0,0.001637912970685605,-0.31177192446217783,44.863396708739415,False
1992968981947572531,HOOD,False,,5,complete,True,0.006159400665648018,0.0021581061197052435,0.0,0.0025720369238026656,0.0015405892338043758,15930.0,0.004476672358404592,-0.26868343294549024,47.29441305712492,False
1992401670345732602,HOOD,False,,5,complete,True,0.024916264055627302,0.0029612197992028057,0.0,0.0025720369238026656,0.0015405892338043758,15930.0,0.004476672358404592,0.2526194957490911,69.37853107344633,False
1992401666906509404,HOOD,False,,5,complete,True,0.024916264055627302,0.0029612197992028057,0.0,0.0025720369238026656,0.0015405892338043758,15930.0,0.004476672358404592,0.2526194957490911,69.37853107344633,False
1991995565950050466,HOOD,False,,5,complete,True,0.024916264055627302,0.0029612197992028057,0.0,0.0025720369238026656,0.0015405892338043758,15930.0,0.004476672358404592,0.2526194957490911,69.37853107344633,False
1991338259864224004,HOOD,True,"jobs_report(ALL, 2025-11-20 13:30:00+00:00->2025-11-20 21:00:00+00:00)",1,insufficient,False,0.013066039901111326,,,,,,,,,False
1991329300109488445,HOOD,True,"jobs_report(ALL, 2025-11-20 13:30:00+00:00->2025-11-20 21:00:00+00:00)",1,insufficient,False,0.013066039901111326,,,,,,,,,False
1991325899200033290,HOOD,True,"jobs_report(ALL, 2025-11-20 13:30:00+00:00->2025-11-20 21:00:00+00:00)",1,insufficient,False,0.013066039901111326,,,,,,,,,False
1991325596664885738,HOOD,True,"jobs_report(ALL, 2025-11-20 13:30:00+00:00->2025-11-20 21:00:00+00:00)",1,insufficient,False,0.013066039901111326,,,,,,,,,False
1990903812497027495,HOOD,False,,5,complete,True,0.015100258141790057,0.0026899776253047573,0.0,0.0025720369238026656,0.0015405892338043758,15930.0,0.004476672358404592,0.07655557945893561,62.649089767733834,False
1990822181304193403,HOOD,False,,5,complete,True,-0.00519929604547853,0.0009558655892801472,4.0,0.001140432594974844,0.0006663876297675099,13524.0,0.0019763586470194043,-0.27696643432455176,45.75569358178054,False
1990658075066577342,HOOD,False,,5,complete,True,-0.00835981328805746,0.010192061518268652,0.0,0.0025720369238026656,0.0015405892338043758,15930.0,0.004476672358404592,4.9461754160444675,99.67984934086628,True
1990520407238324427,HOOD,False,,5,complete,True,0.0018886588968549667,0.002602864815456967,12.0,0.0009468298047972358,0.0006206626757508514,14572.0,0.0016516397632604912,2.6681723831005786,98.14026900905847,True
1990502364269429223,HOOD,False,,5,complete,True,-0.002131945857211881,0.0016526648091271723,9.0,0.0009436561615856093,0.0006362351482358615,12518.0,0.001637912970685605,1.1143814508008338,90.30995366671992,True
1990211285284528272,HOOD,False,,1,insufficient,False,-0.0024564825646117283,,,,,,,,,False
1989882407558971803,HOOD,False,,1,insufficient,False,-0.0024564825646117283,,,,,,,,,False
1989462523910000662,HOOD,False,,1,insufficient,False,-0.0024564825646117283,,,,,,,,,False
1989462522454528327,HOOD,False,,1,insufficient,False,-0.0024564825646117283,,,,,,,,,False
1989447367402426722,HOOD,False,,1,insufficient,False,-0.0024564825646117283,,,,,,,,,False
1989195734193951031,HOOD,False,,5,complete,True,-0.03352938720064236,0.009707499779889356,0.0,0.0025720369238026656,0.0015405892338043758,15930.0,0.004476672358404592,4.631645281893974,99.59196484620213,True
1989195587296862319,HOOD,False,,5,complete,True,-0.03352938720064236,0.009707499779889356,0.0,0.0025720369238026656,0.0015405892338043758,15930.0,0.004476672358404592,4.631645281893974,99.59196484620213,True
1989060437326090735,HOOD,False,,5,complete,True,0.0061356964141479065,0.0013914426821344424,10.0,0.0009119075814763101,0.0006297727062097742,12705.0,0.0016386923237703454,0.7614415422099945,84.69106650924833,False
1989014619495755840,HOOD,False,,5,complete,True,0.002166897168981219,0.0014115048858566752,4.0,0.001140432594974844,0.0006663876297675099,13524.0,0.0019763586470194043,0.40677869572159264,74.24578527063,False
1988662096503111807,HOOD,False,,5,complete,True,0.0023954173432281234,0.001682694030212013,6.0,0.0010422288612434605,0.0007142284940285192,12178.0,0.0018231548186522582,0.8967230715706768,87.25570701264576,False
1988429787975860655,HOOD,False,,5,complete,True,-0.001223501881018274,0.002845934200792583,0.0,0.0025720369238026656,0.0015405892338043758,15930.0,0.004476672358404592,0.1777873497879429,66.53483992467044,False
1988312387146133915,HOOD,False,,4,partial,True,0.0022925544312890622,0.0010217636435225705,7.0,0.0009981069972995246,0.0008063622595923577,12116.0,0.0017308144950874528,0.02933749185509393,62.92505777484318,False
1988277941277782381,HOOD,False,,5,complete,True,0.00206418353642035,0.0014548212381056492,3.0,0.0012795769318537876,0.0007609027803991221,14342.0,0.002177230171672239,0.23031103416383797,68.35169432436201,False
1988055934946759023,HOOD,False,,5,complete,True,-0.014256644961895049,0.0037041183247553356,0.0,0.0025720369238026656,0.0015405892338043758,15930.0,0.004476672358404592,0.734836630110075,82.22222222222221,False
1988039525097173249,HOOD,False,,5,complete,True,-0.014256644961895049,0.0037041183247553356,0.0,0.0025720369238026656,0.0015405892338043758,15930.0,0.004476672358404592,0.734836630110075,82.22222222222221,False
1987636012739420357,HOOD,False,,5,complete,True,0.05023731865363823,0.004288978920913942,0.0,0.0025720369238026656,0.0015405892338043758,15930.0,0.004476672358404592,1.1144709825547787,88.51851851851852,False
1987635521838047459,HOOD,False,,5,complete,True,0.05023731865363823,0.004288978920913942,0.0,0.0025720369238026656,0.0015405892338043758,15930.0,0.004476672358404592,1.1144709825547787,88.51851851851852,False
1986889205415616817,HOOD,False,,5,complete,True,0.0017574972527295563,0.0016367812542736238,11.0,0.0009026986871935129,0.0005781188473452936,13546.0,0.0016020306622213424,1.2697779538774743,90.79433042964713,True
1986536542601683162,HOOD,True,"earnings(HOOD, 2025-11-05 21:00:00+00:00->2025-11-06 21:00:00+00:00)",5,complete,False,0.000880155115071446,0.002546682164194898,12.0,0.0009468298047972358,0.0006206626757508514,14572.0,0.0016516397632604912,2.5776519547630734,97.98929453746912,True
1986272024248148335,HOOD,True,"earnings(HOOD, 2025-11-05 21:00:00+00:00->2025-11-06 21:00:00+00:00)",5,complete,False,-0.030077276469316905,0.006050698602584963,0.0,0.0025720369238026656,0.0015405892338043758,15930.0,0.004476672358404592,2.2580072627094694,96.75455116133082,True
1986253069575987354,HOOD,True,"earnings(HOOD, 2025-11-05 21:00:00+00:00->2025-11-06 21:00:00+00:00)",5,complete,False,-0.030077276469316905,0.006050698602584963,0.0,0.0025720369238026656,0.0015405892338043758,15930.0,0.004476672358404592,2.2580072627094694,96.75455116133082,True
1986253067617255660,HOOD,True,"earnings(HOOD, 2025-11-05 21:00:00+00:00->2025-11-06 21:00:00+00:00)",5,complete,False,-0.030077276469316905,0.006050698602584963,0.0,0.0025720369238026656,0.0015405892338043758,15930.0,0.004476672358404592,2.2580072627094694,96.75455116133082,True
1986191795986780549,HOOD,True,"earnings(HOOD, 2025-11-05 21:00:00+00:00->2025-11-06 21:00:00+00:00)",5,complete,False,-0.030077276469316905,0.006050698602584963,0.0,0.0025720369238026656,0.0015405892338043758,15930.0,0.004476672358404592,2.2580072627094694,96.75455116133082,True
1986112854668550308,HOOD,False,,5,complete,True,0.001891129639111977,0.0011362420062407713,4.0,0.001140432594974844,0.0006663876297675099,13524.0,0.0019763586470194043,-0.0062885151927784605,59.10233658680863,False
1985813706211803476,HOOD,False,,2,partial,True,-0.00385092887114169,0.0,12.0,0.0009468298047972358,0.0006206626757508514,14572.0,0.0016516397632604912,-1.5255143281361347,0.034312379906670326,False
1985794602859970649,HOOD,False,,5,complete,True,-0.0012907050665160735,0.0008891004261590569,10.0,0.0009119075814763101,0.0006297727062097742,12705.0,0.0016386923237703454,-0.036214899585782084,60.22038567493113,False
1985771116691087613,HOOD,False,,5,complete,True,0.00048059295758573484,0.0012237252064969892,7.0,0.0009981069972995246,0.0008063622595923577,12116.0,0.0017308144950874528,0.2797975804466865,73.96005282271376,False
1985431247095808489,HOOD,False,,5,complete,True,-0.0007793661204177349,0.0005291847040922064,10.0,0.0009119075814763101,0.0006297727062097742,12705.0,0.0016386923237703454,-0.6077158848110203,27.469500196772923,False
1984385007042089328,HOOD,False,,5,complete,True,-0.00224538794089435,0.0036382767450590867,0.0,0.0025720369238026656,0.0015405892338043758,15930.0,0.004476672358404592,0.69209870993543,81.19271814187069,False
1983964742919319976,HOOD,False,,4,partial,True,0.0008352649370776399,0.0006047737931634125,10.0,0.0009119075814763101,0.0006297727062097742,12705.0,0.0016386923237703454,-0.48768990031554793,34.81306572215664,False
1983328781524935096,HOOD,False,,5,complete,True,-0.0007742986843668476,0.005080620675927948,0.0,0.0025720369238026656,0.0015405892338043758,15930.0,0.004476672358404592,1.6283274587934857,93.45888261142498,True
1982868325140230506,HOOD,False,,5,complete,True,-5.379722061160663e-05,0.0002965404091683863,8.0,0.000962737656452858,0.0006683756602871268,11896.0,0.0016905943717101255,-0.9967407355891457,6.2373907195696034,False
1982868323735089546,HOOD,False,,5,complete,True,-5.379722061160663e-05,0.0002965404091683863,8.0,0.000962737656452858,0.0006683756602871268,11896.0,0.0016905943717101255,-0.9967407355891457,6.2373907195696034,False
1982863923604033904,HOOD,False,,5,complete,True,0.0018584118976283648,0.0006049060551857069,8.0,0.000962737656452858,0.0006683756602871268,11896.0,0.0016905943717101255,-0.5353749732798926,30.38836583725622,False
1981791418910949698,HOOD,True,"cpi(ALL, 2025-10-24 12:30:00+00:00->2025-10-24 20:00:00+00:00)",4,partial,False,0.0010026362025440383,0.000316247664103428,10.0,0.0009119075814763101,0.0006297727062097742,12705.0,0.0016386923237703454,-0.9458331736187863,8.610783156237702,False
1981530430550819291,HOOD,True,"cpi(ALL, 2025-10-24 12:30:00+00:00->2025-10-24 20:00:00+00:00)",5,complete,False,0.032835938753194016,0.004579734674701309,0.0,0.0025720369238026656,0.0015405892338043758,15930.0,0.004476672358404592,1.3032012082421063,90.65285624607658,True
1981530428684325094,HOOD,True,"cpi(ALL, 2025-10-24 12:30:00+00:00->2025-10-24 20:00:00+00:00)",5,complete,False,0.032835938753194016,0.004579734674701309,0.0,0.0025720369238026656,0.0015405892338043758,15930.0,0.004476672358404592,1.3032012082421063,90.65285624607658,True
1981472545506525478,HOOD,True,"cpi(ALL, 2025-10-24 12:30:00+00:00->2025-10-24 20:00:00+00:00)",5,complete,False,0.032835938753194016,0.004579734674701309,0.0,0.0025720369238026656,0.0015405892338043758,15930.0,0.004476672358404592,1.3032012082421063,90.65285624607658,True
1981405533501608229,HOOD,False,,5,complete,True,-0.0009574472242416254,0.0005492236731844741,7.0,0.0009981069972995246,0.0008063622595923577,12116.0,0.0017308144950874528,-0.5566770006596979,23.951799273687683,False
1981385174949769533,HOOD,False,,5,complete,True,-0.002696028003140283,0.0017259015420329027,4.0,0.001140432594974844,0.0006663876297675099,13524.0,0.0019763586470194043,0.8785711512416847,84.66430050280982,False
1979347061863780699,HOOD,False,,5,complete,True,0.027066892958721,0.002193896119913325,0.0,0.0025720369238026656,0.0015405892338043758,15930.0,0.004476672358404592,-0.24545206184230495,48.32391713747646,False
1978900057761157370,HOOD,False,,5,complete,True,0.0018577224803515424,0.0011328384589577216,11.0,0.0009026986871935129,0.0005781188473452936,13546.0,0.0016020306622213424,0.39808384179309225,74.84128155913184,False
1977535866601185282,HOOD,False,,1,insufficient,False,,,,,,,,,,False
1976730288492265624,HOOD,False,,5,complete,True,-0.0028373517091253575,0.0014712269617876033,11.0,0.0009026986871935129,0.0005781188473452936,13546.0,0.0016020306622213424,0.9834107246369101,87.014616861066,False
1976726462456537300,HOOD,False,,5,complete,True,-0.006698565134408807,0.00039120711195707444,11.0,0.0009026986871935129,0.0005781188473452936,13546.0,0.0016020306622213424,-0.8847516000995196,13.406171563561198,False
1976071089974304833,HOOD,False,,5,complete,True,-0.012764427719541782,0.00258499183870575,0.0,0.0025720369238026656,0.0015405892338043758,15930.0,0.004476672358404592,0.008409064933611769,59.880728185812934,False
1974305906688225711,HOOD,False,,5,complete,True,0.009595428719047394,0.0027028318421574824,0.0,0.0025720369238026656,0.0015405892338043758,15930.0,0.004476672358404592,0.08489928105743537,62.981795354676706,False
1974191753021251830,HOOD,False,,5,complete,True,0.00026145557407941666,0.0003589299613634515,11.0,0.0009026986871935129,0.0005781188473452936,13546.0,0.0016020306622213424,-0.9405829412533997,10.992174811752548,False
1974174821388071306,HOOD,False,,5,complete,True,0.005716618989799915,0.001187819127031933,9.0,0.0009436561615856093,0.0006362351482358615,12518.0,0.001637912970685605,0.38376214536926057,75.29158012462055,False
1973651755562094734,HOOD,False,,5,complete,True,0.013948454698054835,0.0034139506359198205,0.0,0.0025720369238026656,0.0015405892338043758,15930.0,0.004476672358404592,0.5464881187298114,77.53295668549906,False
1973650654527901759,HOOD,False,,5,complete,True,0.013948454698054835,0.0034139506359198205,0.0,0.0025720369238026656,0.0015405892338043758,15930.0,0.004476672358404592,0.5464881187298114,77.53295668549906,False
1973646691569115458,HOOD,False,,5,complete,True,0.013948454698054835,0.0034139506359198205,0.0,0.0025720369238026656,0.0015405892338043758,15930.0,0.004476672358404592,0.5464881187298114,77.53295668549906,False
1973609608892784950,HOOD,False,,5,complete,True,0.013948454698054835,0.0034139506359198205,0.0,0.0025720369238026656,0.0015405892338043758,15930.0,0.004476672358404592,0.5464881187298114,77.53295668549906,False
1973549300694298754,HOOD,False,,5,complete,True,0.013948454698054835,0.0034139506359198205,0.0,0.0025720369238026656,0.0015405892338043758,15930.0,0.004476672358404592,0.5464881187298114,77.53295668549906,False
1973087653810626908,HOOD,False,,5,complete,True,-0.0018644372096910944,0.00037520229976899705,9.0,0.0009436561615856093,0.0006362351482358615,12518.0,0.001637912970685605,-0.8934650394477707,10.776481866112796,False
1973087649603743851,HOOD,False,,5,complete,True,-0.0018644372096910944,0.00037520229976899705,9.0,0.0009436561615856093,0.0006362351482358615,12518.0,0.001637912970685605,-0.8934650394477707,10.776481866112796,False
1973086952522952931,HOOD,False,,5,complete,True,-0.0010012543092764448,0.00017796962571561015,9.0,0.0009436561615856093,0.0006362351482358615,12518.0,0.001637912970685605,-1.2034646906777748,1.5178143473398307,False
1972796566248530329,HOOD,False,,5,complete,True,0.013851416013708207,0.0021371477498507503,0.0,0.0025720369238026656,0.0015405892338043758,15930.0,0.004476672358404592,-0.2822875588179903,46.760828625235405,False
1972796561890607591,HOOD,False,,5,complete,True,0.013851416013708207,0.0021371477498507503,0.0,0.0025720369238026656,0.0015405892338043758,15930.0,0.004476672358404592,-0.2822875588179903,46.760828625235405,False
1972651434144674024,HOOD,False,,5,complete,True,0.02604578823038395,0.0015788344126753365,0.0,0.0025720369238026656,0.0015405892338043758,15930.0,0.004476672358404592,-0.6446900246567906,26.84243565599498,False
1971999438622413017,HOOD,False,,5,complete,True,0.02604578823038395,0.0015788344126753365,0.0,0.0025720369238026656,0.0015405892338043758,15930.0,0.004476672358404592,-0.6446900246567906,26.84243565599498,False
1971656850316861892,HOOD,False,,5,complete,True,0.0013754796227140043,0.0003961470455003358,11.0,0.0009026986871935129,0.0005781188473452936,13546.0,0.0016020306622213424,-0.8762067592489827,13.841724494315667,False
1971644188371636393,HOOD,False,,5,complete,True,-0.0016496043667039162,0.00033883646039879197,10.0,0.0009119075814763101,0.0006297727062097742,12705.0,0.0016386923237703454,-0.9099650007484302,10.161353797717435,False
1971349964388475208,HOOD,False,,1,insufficient,False,,,,,,,,,,False
1971349963067249136,HOOD,False,,1,insufficient,False,,,,,,,,,,False
1971318059462951258,HOOD,False,,1,insufficient,False,,,,,,,,,,False
1971311763972087889,HOOD,False,,1,insufficient,False,,,,,,,,,,False
1970914244330913976,HOOD,False,,5,complete,True,-0.00011379423233015551,0.0007568276449639312,9.0,0.0009436561615856093,0.0006362351482358615,12518.0,0.001637912970685605,-0.2936469592095188,45.79006231027321,False
1970898727453016520,HOOD,False,,5,complete,True,-0.0009238397633796191,0.00020736522873988873,7.0,0.0009981069972995246,0.0008063622595923577,12116.0,0.0017308144950874528,-0.9806284447878072,1.8405414328161107,False
1970845165129757011,HOOD,False,,5,complete,True,-0.00268942134131811,0.0007718130052763193,0.0,0.0025720369238026656,0.0015405892338043758,15930.0,0.004476672358404592,-1.1685294684818879,5.128688010043942,False
1968756461023977880,HOOD,False,,5,complete,True,0.000744453452444227,0.0006531274091662473,11.0,0.0009026986871935129,0.0005781188473452936,13546.0,0.0016020306622213424,-0.4316954535789488,39.07426546582017,False
1968756357848240204,HOOD,False,,5,complete,True,0.00016243286031136783,0.0006333257829630763,11.0,0.0009026986871935129,0.0005781188473452936,13546.0,0.0016020306622213424,-0.46594727964222193,37.14011516314779,False
1968720181363896782,HOOD,False,,5,complete,True,-0.003480988021825726,0.0003669211258063574,6.0,0.0010422288612434605,0.0007142284940285192,12178.0,0.0018231548186522582,-0.9455065725929132,8.531778617178519,False
1968720089202454691,HOOD,False,,5,complete,True,-0.0033719365092141906,0.0005021007291848207,6.0,0.0010422288612434605,0.0007142284940285192,12178.0,0.0018231548186522582,-0.7562399660255958,17.498768270651997,False
1968719993740169305,HOOD,False,,5,complete,True,-0.0033719365092141906,0.0005021007291848207,6.0,0.0010422288612434605,0.0007142284940285192,12178.0,0.0018231548186522582,-0.7562399660255958,17.498768270651997,False
1968466396649574680,HOOD,False,,5,complete,True,0.01552907389892888,0.0038732943484898106,0.0,0.0025720369238026656,0.0015405892338043758,15930.0,0.004476672358404592,0.8446491745718501,84.33772755806655,False
1968466119234072707,HOOD,False,,5,complete,True,0.01552907389892888,0.0038732943484898106,0.0,0.0025720369238026656,0.0015405892338043758,15930.0,0.004476672358404592,0.8446491745718501,84.33772755806655,False
1967656323392405622,HOOD,False,,5,complete,True,-0.00434381451346233,0.0010510543505984286,9.0,0.0009436561615856093,0.0006362351482358615,12518.0,0.001637912970685605,0.16880266566631935,67.73446237418118,False
1967569281295716404,HOOD,False,,2,partial,True,,0.0,,,,,,,,False
1965945691450257873,HOOD,False,,1,insufficient,False,,,,,,,,,,False
1965944644589728222,HOOD,False,,1,insufficient,False,,,,,,,,,,False
1965943866089168959,HOOD,False,,1,insufficient,False,,,,,,,,,,False
1965569661304504803,HOOD,False,,2,partial,True,,0.0,,,,,,,,False
1965134557914824966,HOOD,False,,5,complete,True,-0.00012289259186015755,0.0005298596386901253,11.0,0.0009026986871935129,0.0005781188473452936,13546.0,0.0016020306622213424,-0.6449176500912477,26.457994980067916,False
1965127523920121893,HOOD,False,,5,complete,True,0.001581382596645864,0.000403352585110028,10.0,0.0009119075814763101,0.0006297727062097742,12705.0,0.0016386923237703454,-0.8075214936305686,15.545060999606456,False
1964123867502563519,HOOD,False,,2,partial,True,,0.0,,,,,,,,False
1964090320456421593,HOOD,False,,2,partial,True,,0.0,,,,,,,,False
1961900833928544628,HOOD,False,,5,complete,True,-0.04039373646916744,0.006157251634992586,0.0,0.0025720369238026656,0.0015405892338043758,15930.0,0.004476672358404592,2.3271710800785534,97.00564971751412,True
1961600363481710805,HOOD,False,,5,complete,True,-0.04039373646916744,0.006157251634992586,0.0,0.0025720369238026656,0.0015405892338043758,15930.0,0.004476672358404592,2.3271710800785534,97.00564971751412,True
1961287570299785320,HOOD,False,,1,insufficient,False,-0.00743641649764204,,,,,,,,,False
1960792131171483796,HOOD,False,,5,complete,True,-0.005014019372227563,0.001335477040634395,12.0,0.0009468298047972358,0.0006206626757508514,14572.0,0.0016516397632604912,0.6261810980771321,80.94976667581663,False
1960504650119176647,HOOD,False,,5,complete,True,-0.005354748163551193,0.0015932473221012473,0.0,0.0025720369238026656,0.0015405892338043758,15930.0,0.004476672358404592,-0.6353345721392372,27.30696798493409,False
1960082176273494030,HOOD,False,,5,complete,True,-0.00587673073273054,0.0034872556025482768,0.0,0.0025720369238026656,0.0015405892338043758,15930.0,0.004476672358404592,0.594070540455189,78.79472693032015,False
1958994577899364843,HOOD,False,,1,insufficient,False,-0.01039635376618775,,,,,,,,,False
1958994061970612720,HOOD,False,,1,insufficient,False,-0.01039635376618775,,,,,,,,,False
1958223023095599110,HOOD,False,,5,complete,True,-4.563264415735624e-05,0.001124673835879756,8.0,0.000962737656452858,0.0006683756602871268,11896.0,0.0016905943717101255,0.24228317853066633,71.26765299260256,False
1958199677649838125,HOOD,False,,5,complete,True,0.0049338665949518745,0.002260918316284954,5.0,0.0010699726595363769,0.0006494520571173385,12817.0,0.0018765969763952768,1.8337699352816206,95.1548724350472,True
1958042956751118410,HOOD,False,,1,insufficient,False,,,,,,,,,,False
1957538650717319442,HOOD,False,,1,insufficient,False,,,,,,,,,,False
1957521317085012138,HOOD,False,,5,complete,True,0.0008688450439118256,0.000584655477939228,11.0,0.0009026986871935129,0.0005781188473452936,13546.0,0.0016020306622213424,-0.5501346491551535,32.04636054923963,False
1956474493112930778,HOOD,False,,5,complete,True,-0.006269076144204466,0.005202814562322153,0.0,0.0025720369238026656,0.0015405892338043758,15930.0,0.004476672358404592,1.7076437903067574,94.030131826742,True
1956116274158952918,HOOD,False,,1,insufficient,False,,,,,,,,,,False
1956036819864445221,HOOD,False,,5,complete,True,-0.00023148356186553087,0.0011052263371241393,6.0,0.0010422288612434605,0.0007142284940285192,12178.0,0.0018231548186522582,0.08820353207325736,65.15027098045655,False
1955781532330942777,HOOD,False,,1,insufficient,False,-0.005405101262409118,,,,,,,,,False
1955761344390815995,HOOD,False,,1,insufficient,False,-0.005405101262409118,,,,,,,,,False
1954189762505371883,HOOD,False,,1,insufficient,False,,,,,,,,,,False
1953843512270614571,HOOD,False,,5,complete,True,-0.006848262310978015,0.0001319923384867967,4.0,0.001140432594974844,0.0006663876297675099,13524.0,0.0019763586470194043,-1.513293781938709,0.39929015084294583,False
1953229588064251976,HOOD,False,,2,partial,True,,0.0,,,,,,,,False
1952902953180012986,HOOD,False,,1,insufficient,False,-0.008517296305565636,,,,,,,,,False
1952902698942251181,HOOD,False,,1,insufficient,False,-0.008517296305565636,,,,,,,,,False
1951456743613145565,HOOD,False,,5,complete,True,-0.023552100342339455,0.010304365381633667,0.0,0.0025720369238026656,0.0015405892338043758,15930.0,0.004476672358404592,5.019072110958847,99.69868173258004,True
1951439420957339828,HOOD,False,,5,complete,True,-0.023552100342339455,0.010304365381633667,0.0,0.0025720369238026656,0.0015405892338043758,15930.0,0.004476672358404592,5.019072110958847,99.69868173258004,True
1951411721517584438,HOOD,False,,5,complete,True,-0.023552100342339455,0.010304365381633667,0.0,0.0025720369238026656,0.0015405892338043758,15930.0,0.004476672358404592,5.019072110958847,99.69868173258004,True
1951356948118446546,HOOD,True,"jobs_report(ALL, 2025-08-01 12:30:00+00:00->2025-08-01 20:00:00+00:00)",5,complete,False,-0.004752341680044014,0.0004483985382768412,10.0,0.0009119075814763101,0.0006297727062097742,12705.0,0.0016386923237703454,-0.7359941747698993,19.346713892168438,False
1950929498356031608,HOOD,True,"earnings(HOOD, 2025-07-30 20:00:00+00:00->2025-07-31 20:00:00+00:00)",5,complete,False,-0.0004078488609041697,0.0032809905192214715,2.0,0.001484388826191449,0.0008821840161756652,15292.0,0.002544059939142174,2.036538477333139,96.16793094428459,True
1950662709688909911,HOOD,True,"earnings(HOOD, 2025-07-30 20:00:00+00:00->2025-07-31 20:00:00+00:00)",5,complete,False,-0.049730319012514346,0.002717356439788005,0.0,0.0025720369238026656,0.0015405892338043758,15930.0,0.004476672358404592,0.09432723064439633,63.36472065285624,False
1950232690088911117,HOOD,False,,4,partial,True,-0.0003585281756164349,0.0007098383457689702,6.0,0.0010422288612434605,0.0007142284940285192,12178.0,0.0018231548186522582,-0.4653840028135562,34.71013302676958,False
1950215604117414101,HOOD,False,,5,complete,True,-0.004278971807865517,0.0021909404329937664,3.0,0.0012795769318537876,0.0007609027803991221,14342.0,0.002177230171672239,1.1977397436528414,90.23846046576489,True
1949989681795682807,HOOD,False,,1,insufficient,False,,,,,,,,,,False
1949979787344093495,HOOD,False,,1,insufficient,False,,,,,,,,,,False
1949952339369918977,HOOD,False,,1,insufficient,False,,,,,,,,,,False
1949881999272915212,HOOD,False,,5,complete,True,-5.790521484527744e-06,0.0004620937005567704,7.0,0.0009981069972995246,0.0008063622595923577,12116.0,0.0017308144950874528,-0.6647301388010474,16.251238032353914,False
1949225243840827830,HOOD,False,,1,insufficient,False,,,,,,,,,,False
1948773113543672143,HOOD,False,,5,complete,True,0.003246671057641537,0.0015022787396725993,4.0,0.001140432594974844,0.0006663876297675099,13524.0,0.0019763586470194043,0.5429964911323409,78.11298432416444,False
1948222848499130396,HOOD,False,,1,insufficient,False,0.0050182189827763235,,,,,,,,,False
1948194160709947756,HOOD,False,,1,insufficient,False,0.0050182189827763235,,,,,,,,,False
1947340483937636363,HOOD,False,,5,complete,True,0.003402327512339154,0.00023043415219732997,6.0,0.0010422288612434605,0.0007142284940285192,12178.0,0.0018231548186522582,-1.1366036441185663,2.438824109049105,False
1947326228412666186,HOOD,False,,5,complete,True,-0.0024874182454919236,0.001328860035150821,5.0,0.0010699726595363769,0.0006494520571173385,12817.0,0.0018765969763952768,0.398624306101274,73.56635718186783,False
1947034762356670583,HOOD,False,,1,insufficient,False,,,,,,,,,,False
1946656962097054166,HOOD,False,,1,insufficient,False,,,,,,,,,,False
1946360824739627490,HOOD,False,,1,insufficient,False,,,,,,,,,,False
1946022029804847599,HOOD,False,,1,insufficient,False,,,,,,,,,,False
1946022025996407186,HOOD,False,,1,insufficient,False,,,,,,,,,,False
1946020698411163934,HOOD,False,,1,insufficient,False,,,,,,,,,,False
1945942804062142674,HOOD,False,,1,insufficient,False,,,,,,,,,,False
1945942543906271350,HOOD,False,,1,insufficient,False,,,,,,,,,,False
1945596799395217450,HOOD,False,,5,complete,True,0.0012624079506073915,0.0018162462076675874,0.0,0.0025720369238026656,0.0015405892338043758,15930.0,0.004476672358404592,-0.49058548479448133,35.26679221594476,False
1944453260615594367,HOOD,False,,1,insufficient,False,,,,,,,,,,False
1944157554176626997,HOOD,False,,1,insufficient,False,,,,,,,,,,False
1944035267389927690,HOOD,False,,1,insufficient,False,,,,,,,,,,False
1943751870281134442,HOOD,False,,4,partial,True,-0.00010883252614513061,0.0007901925137323753,11.0,0.0009026986871935129,0.0005781188473452936,13546.0,0.0016020306622213424,-0.19460734410885047,52.00797283330873,False
1943634773034803437,HOOD,False,,5,complete,True,0.009301789369932756,0.003584843888627077,0.0,0.0025720369238026656,0.0015405892338043758,15930.0,0.004476672358404592,0.6574153204507062,80.41431261770245,False
1943460219641815546,HOOD,False,,5,complete,True,0.009301789369932756,0.003584843888627077,0.0,0.0025720369238026656,0.0015405892338043758,15930.0,0.004476672358404592,0.6574153204507062,80.41431261770245,False
1943457476738777431,HOOD,False,,5,complete,True,0.009301789369932756,0.003584843888627077,0.0,0.0025720369238026656,0.0015405892338043758,15930.0,0.004476672358404592,0.6574153204507062,80.41431261770245,False
1943405387132059932,HOOD,False,,5,complete,True,0.009301789369932756,0.003584843888627077,0.0,0.0025720369238026656,0.0015405892338043758,15930.0,0.004476672358404592,0.6574153204507062,80.41431261770245,False
1943404400711536825,HOOD,False,,5,complete,True,0.009301789369932756,0.003584843888627077,0.0,0.0025720369238026656,0.0015405892338043758,15930.0,0.004476672358404592,0.6574153204507062,80.41431261770245,False
1943402639657447761,HOOD,False,,5,complete,True,0.009301789369932756,0.003584843888627077,0.0,0.0025720369238026656,0.0015405892338043758,15930.0,0.004476672358404592,0.6574153204507062,80.41431261770245,False
1942940277888483479,HOOD,False,,5,complete,True,0.00014755666696131264,0.0014831873889158157,0.0,0.0025720369238026656,0.0015405892338043758,15930.0,0.004476672358404592,-0.7067747268348833,23.534212178279976,False
1942842602778415358,HOOD,False,,1,insufficient,False,,,,,,,,,,False
1942632139503116622,HOOD,False,,5,complete,True,0.003986373391808629,0.0013122675098045126,7.0,0.0009981069972995246,0.0008063622595923577,12116.0,0.0017308144950874528,0.3896022026921329,78.14460217893694,False
1942548421937881173,HOOD,False,,1,insufficient,False,,,,,,,,,,False
1942270088096240100,HOOD,False,,5,complete,True,0.0008816401453910494,0.0006621704067015794,7.0,0.0009981069972995246,0.0008063622595923577,12116.0,0.0017308144950874528,-0.41660753166668785,34.29349620336745,False
1942268851720269928,HOOD,False,,5,complete,True,0.0019066251289590053,0.0014853504824000501,7.0,0.0009981069972995246,0.0008063622595923577,12116.0,0.0017308144950874528,0.6042488711548119,84.31825685044569,False
1941263575143825909,HOOD,False,,5,complete,True,-0.01691772333636643,0.0031412014717446977,0.0,0.0025720369238026656,0.0015405892338043758,15930.0,0.004476672358404592,0.3694460115994194,73.01318267419963,False
1940753870453641305,HOOD,True,"jobs_report(ALL, 2025-07-03 12:30:00+00:00->2025-07-03 20:00:00+00:00)",5,complete,False,-0.03660798299373136,0.006345758141116595,0.0,0.0025720369238026656,0.0015405892338043758,15930.0,0.004476672358404592,2.449531084931051,97.3760200878845,True
1940556310082474118,HOOD,False,,2,partial,True,,0.0,,,,,,,,False
1940547859532612028,HOOD,False,,2,partial,True,,0.0,,,,,,,,False
1940344130044862860,HOOD,False,,1,insufficient,False,,,,,,,,,,False
1940308314144883074,HOOD,False,,1,insufficient,False,,,,,,,,,,False
1939713633392480417,HOOD,False,,5,complete,True,-0.008795492103160552,0.0017712969530718496,4.0,0.001140432594974844,0.0006663876297675099,13524.0,0.0019763586470194043,0.9466927804723841,85.66992014196984,False
1939702282838536251,HOOD,False,,5,complete,True,0.008943584891727974,0.0027585579126774592,3.0,0.0012795769318537876,0.0007609027803991221,14342.0,0.002177230171672239,1.9437187232354316,96.04657648863478,True
1939681717113192789,HOOD,False,,5,complete,True,0.006972530458623227,0.0013834895754858904,0.0,0.0025720369238026656,0.0015405892338043758,15930.0,0.004476672358404592,-0.7714888058653648,20.433145009416194,False
1939665834420457685,HOOD,False,,5,complete,True,0.0406430532774511,0.0036921274594522097,0.0,0.0025720369238026656,0.0015405892338043758,15930.0,0.004476672358404592,0.7270533319797127,82.07784055241683,False
1939350979066867790,HOOD,False,,1,insufficient,False,0.020324047442756177,,,,,,,,,False
1938640085865336863,HOOD,False,,5,complete,True,-0.002110977822304849,0.0008973093286822083,6.0,0.0010422288612434605,0.0007142284940285192,12178.0,0.0018231548186522582,-0.2029035998603909,50.25455739858762,False
1938554287166001640,HOOD,False,,1,insufficient,False,,,,,,,,,,False
1938222629099335931,HOOD,False,,5,complete,True,-0.0029354266087449066,0.003506337257275256,0.0,0.0025720369238026656,0.0015405892338043758,15930.0,0.004476672358404592,0.6064564862402694,79.1399874450722,False
1937932869361614881,HOOD,False,,5,complete,True,-0.0006475719121378232,0.0009211349417814721,8.0,0.000962737656452858,0.0006683756602871268,11896.0,0.0016905943717101255,-0.06224450880439567,58.00268997982515,False
1936227382668746861,HOOD,False,,5,complete,True,-0.01701971085038889,0.008221864622458669,0.0,0.0025720369238026656,0.0015405892338043758,15930.0,0.004476672358404592,3.6673160987268187,99.15254237288136,True
1936087172257567131,HOOD,False,,5,complete,True,0.00047805557186342273,0.0010954597629210582,4.0,0.001140432594974844,0.0006663876297675099,13524.0,0.0019763586470194043,-0.06748749533282297,56.00414078674948,False
1936081010258833804,HOOD,False,,4,partial,True,0.0006259067315427247,0.0007669513426942734,3.0,0.0012795769318537876,0.0007609027803991221,14342.0,0.002177230171672239,-0.6737070784399326,24.794310416957188,False
1935468274164388180,HOOD,False,,5,complete,True,-0.015283992543045466,0.0042163935507969034,0.0,0.0025720369238026656,0.0015405892338043758,15930.0,0.004476672358404592,1.0673556525730197,87.74639045825487,False
1935467911789039930,HOOD,False,,5,complete,True,-0.015283992543045466,0.0042163935507969034,0.0,0.0025720369238026656,0.0015405892338043758,15930.0,0.004476672358404592,1.0673556525730197,87.74639045825487,False
1935363704847221106,HOOD,False,,5,complete,True,0.0052197987159463555,0.0020229019521430893,4.0,0.001140432594974844,0.0006663876297675099,13524.0,0.0019763586470194043,1.3242583111516075,90.72020112392784,True
1935019324173074635,HOOD,False,,5,complete,True,-0.00047075923919071005,0.0016168845585231501,6.0,0.0010422288612434605,0.0007142284940285192,12178.0,0.0018231548186522582,0.804582429970574,85.5477089834127,False
1935016481944912360,HOOD,False,,5,complete,True,-0.004566131536751006,0.0012605603828058987,6.0,0.0010422288612434605,0.0007142284940285192,12178.0,0.0018231548186522582,0.30568861840132666,73.6081458367548,False
1935002200369242425,HOOD,False,,5,complete,True,0.0006246986481773797,0.000930010560956835,4.0,0.001140432594974844,0.0006663876297675099,13524.0,0.0019763586470194043,-0.3157652162472182,43.64093463472346,False
1934986518160097411,HOOD,False,,5,complete,True,0.0008371732881269356,0.0006940244702160505,2.0,0.001484388826191449,0.0008821840161756652,15292.0,0.002544059939142174,-0.8959177920743656,14.236201935652629,False
1934824203683025166,HOOD,False,,1,insufficient,False,,,,,,,,,,False
1933701899708215740,HOOD,False,,1,insufficient,False,,,,,,,,,,False
1933173593921446181,HOOD,False,,5,complete,True,0.000800213390237392,0.0008270026640673889,2.0,0.001484388826191449,0.0008821840161756652,15292.0,0.002544059939142174,-0.7451803139370842,21.239863981166625,False
1932631759365288400,HOOD,False,,1,insufficient,False,,,,,,,,,,False
1932542433167872300,HOOD,False,,1,insufficient,False,,,,,,,,,,False
1932472719267774814,HOOD,False,,5,complete,True,0.0037261373601928938,0.0009196773205928955,5.0,0.0010699726595363769,0.0006494520571173385,12817.0,0.0018765969763952768,-0.23141868178935812,48.54490130295701,False
1932454885930447172,HOOD,False,,5,complete,True,0.004215310190887833,0.0006964910638614107,3.0,0.0012795769318537876,0.0007609027803991221,14342.0,0.002177230171672239,-0.7663079739129439,19.760145028587367,False
1932271098252665037,HOOD,False,,1,insufficient,False,,,,,,,,,,False
1932200828041105445,HOOD,False,,1,insufficient,False,,,,,,,,,,False
1932190118867087736,HOOD,False,,1,insufficient,False,,,,,,,,,,False
1932164762265174206,HOOD,False,,4,partial,True,0.012302396100749902,0.0019450527105856676,12.0,0.0009468298047972358,0.0006206626757508514,14572.0,0.0016516397632604912,1.6083179233886167,94.37276969530608,True
1932075626317435304,HOOD,False,,5,complete,True,-0.008014407125646161,0.0017751089038158792,1.0,0.0018529386721850883,0.0011113794174769027,16050.0,0.003185634386364021,-0.07002988101570332,56.24922118380062,False
1931787946165981610,HOOD,False,,5,complete,True,-0.06529952846053755,0.012562031801611251,0.0,0.0025720369238026656,0.0015405892338043758,15930.0,0.004476672358404592,6.484528554791339,99.91211550533585,True
1931007953412542967,HOOD,True,"jobs_report(ALL, 2025-06-06 12:30:00+00:00->2025-06-06 20:00:00+00:00)",5,complete,False,0.0031555882077596298,0.002423097803214587,3.0,0.0012795769318537876,0.0007609027803991221,14342.0,0.002177230171672239,1.5028475395516099,93.34820806024264,True
1931007381728837651,HOOD,True,"jobs_report(ALL, 2025-06-06 12:30:00+00:00->2025-06-06 20:00:00+00:00)",5,complete,False,-0.0014300794927354366,0.0017978488531990326,3.0,0.0012795769318537876,0.0007609027803991221,14342.0,0.002177230171672239,0.6811276482304242,81.41123971552085,False
1930764343957975528,HOOD,False,,1,insufficient,False,,,,,,,,,,False
1930453164266070287,HOOD,False,,2,partial,True,,0.0,,,,,,,,False
1930123083509313708,HOOD,False,,1,insufficient,False,,,,,,,,,,False
1929989027803083177,HOOD,False,,5,complete,True,-0.003138816213394402,0.000523860615018062,12.0,0.0009468298047972358,0.0006206626757508514,14572.0,0.0016516397632604912,-0.6814799830962667,23.071644249245125,False
1929678870095212598,HOOD,False,,3,partial,True,,0.0006508050121301068,,,,,,,,False
1929659333220212873,HOOD,False,,3,partial,True,,0.0006508050121301068,,,,,,,,False
1928949333140922375,HOOD,False,,1,insufficient,False,,,,,,,,,,False
2077063479232795024,MSFT,False,,5,complete,True,0.0011537005428887692,0.00019899171235076624,5.0,0.0003672981086593502,0.00023972392578563954,13030.0,0.0006590627497659094,-0.7020842652939159,22.954719877206447,False
2076323181154230284,MSFT,False,,1,insufficient,False,,,,,,,,,,False
2075616733503853044,MSFT,False,,5,complete,True,0.000818677397617984,0.00018987053347060897,5.0,0.0003672981086593502,0.00023972392578563954,13030.0,0.0006590627497659094,-0.7401329450419415,20.93630084420568,False
2075318017068863653,MSFT,False,,1,insufficient,False,,,,,,,,,,False
2075318015063925053,MSFT,False,,1,insufficient,False,,,,,,,,,,False
2072708957077176563,MSFT,True,"jobs_report(ALL, 2026-07-02 12:30:00+00:00->2026-07-02 20:00:00+00:00)",5,complete,False,0.0014351577343562072,0.0005595786926640336,4.0,0.00039626488800730865,0.0002465407060130254,14095.0,0.0007098840687580993,0.6624212581272345,80.79460801702731,False
2070180315117875587,MSFT,False,,5,complete,True,-0.001253561332658082,0.0003784525563983967,5.0,0.0003672981086593502,0.00023972392578563954,13030.0,0.0006590627497659094,0.046530389916193765,62.686108979278586,False
2070180313654063255,MSFT,False,,5,complete,True,-0.001253561332658082,0.0003784525563983967,5.0,0.0003672981086593502,0.00023972392578563954,13030.0,0.0006590627497659094,0.046530389916193765,62.686108979278586,False
2067020073408368664,MSFT,False,,5,complete,True,-0.01599121646709678,0.0018372273514568435,0.0,0.0008486670250303662,0.0005312882802509403,17463.0,0.0015147755262304521,1.8606853626802315,94.85769913531466,True
2066911399494963335,MSFT,False,,5,complete,True,-0.0022420694306398703,0.00037786560005320603,4.0,0.00039626488800730865,0.0002465407060130254,14095.0,0.0007098840687580993,-0.07462981773537444,56.502305782192266,False
2066182223213293753,MSFT,False,,5,complete,True,-0.0015817192165461513,0.0019589300999537495,0.0,0.0008486670250303662,0.0005312882802509403,17463.0,0.0015147755262304521,2.0897563831051933,95.88844986542978,True
2064395257148834152,MSFT,False,,5,complete,True,0.00021151869574831395,0.0009345010416902807,7.0,0.00034457144347952085,0.00034031473635120287,12279.0,0.0005972476141522693,1.7334823773307186,97.89070771235443,True
2063633495302533158,MSFT,False,,5,complete,True,-0.018799788891605274,0.001986948089060519,0.0,0.0008486670250303662,0.0005312882802509403,17463.0,0.0015147755262304521,2.142492327315248,96.04306247494702,True
2062252757722296705,MSFT,False,,5,complete,True,-0.001128715057439944,0.0003129524324384222,11.0,0.00032114069229810077,0.00023686374001858572,14468.0,0.0005890836126658784,-0.03456949493002199,61.25241913187725,False
2062022060176801826,MSFT,False,,5,complete,True,-0.010706662126596878,0.0017455784215448188,0.0,0.0008486670250303662,0.0005312882802509403,17463.0,0.0015147755262304521,1.6881821599580922,93.80404283341923,True
2061993323901137339,MSFT,False,,5,complete,True,-0.010706662126596878,0.0017455784215448188,0.0,0.0008486670250303662,0.0005312882802509403,17463.0,0.0015147755262304521,1.6881821599580922,93.80404283341923,True
2061993322072469649,MSFT,False,,5,complete,True,-0.010706662126596878,0.0017455784215448188,0.0,0.0008486670250303662,0.0005312882802509403,17463.0,0.0015147755262304521,1.6881821599580922,93.80404283341923,True
2061942751860769094,MSFT,False,,5,complete,True,-0.010706662126596878,0.0017455784215448188,0.0,0.0008486670250303662,0.0005312882802509403,17463.0,0.0015147755262304521,1.6881821599580922,93.80404283341923,True
2061896520333684886,MSFT,False,,5,complete,True,-0.0002827619880056975,0.00022134193243387174,12.0,0.00043148119470917657,0.00034861103715447354,15165.0,0.0008031154948555479,-0.6027900435699336,25.453346521595783,False
2061896517854875837,MSFT,False,,5,complete,True,-0.0002827619880056975,0.00022134193243387174,12.0,0.00043148119470917657,0.00034861103715447354,15165.0,0.0008031154948555479,-0.6027900435699336,25.453346521595783,False
2061896515057258562,MSFT,False,,5,complete,True,-0.0002827619880056975,0.00022134193243387174,12.0,0.00043148119470917657,0.00034861103715447354,15165.0,0.0008031154948555479,-0.6027900435699336,25.453346521595783,False
2061896512934949105,MSFT,False,,5,complete,True,-0.0002827619880056975,0.00022134193243387174,12.0,0.00043148119470917657,0.00034861103715447354,15165.0,0.0008031154948555479,-0.6027900435699336,25.453346521595783,False
2061896510250668490,MSFT,False,,5,complete,True,-0.0002827619880056975,0.00022134193243387174,12.0,0.00043148119470917657,0.00034861103715447354,15165.0,0.0008031154948555479,-0.6027900435699336,25.453346521595783,False
2061896508287725888,MSFT,False,,5,complete,True,-0.0002827619880056975,0.00022134193243387174,12.0,0.00043148119470917657,0.00034861103715447354,15165.0,0.0008031154948555479,-0.6027900435699336,25.453346521595783,False
2061896505481658767,MSFT,False,,5,complete,True,-0.0002827619880056975,0.00022134193243387174,12.0,0.00043148119470917657,0.00034861103715447354,15165.0,0.0008031154948555479,-0.6027900435699336,25.453346521595783,False
2061896503304806521,MSFT,False,,5,complete,True,-0.0002827619880056975,0.00022134193243387174,12.0,0.00043148119470917657,0.00034861103715447354,15165.0,0.0008031154948555479,-0.6027900435699336,25.453346521595783,False
2061650162460839954,MSFT,False,,5,complete,True,-0.026066729279499934,0.0029886380078078555,0.0,0.0008486670250303662,0.0005312882802509403,17463.0,0.0015147755262304521,4.027890435992169,99.37582316898586,True
2061315017589600699,MSFT,False,,5,complete,True,0.02578171180430855,0.004090553079283485,0.0,0.0008486670250303662,0.0005312882802509403,17463.0,0.0015147755262304521,6.10193406246774,99.89692492698849,True
2060050593474093065,MSFT,False,,5,complete,True,0.001157073899488159,0.000380966163863169,7.0,0.00034457144347952085,0.00034031473635120287,12279.0,0.0005972476141522693,0.10694429742851047,68.53163938431467,False
2054351354156794163,MSFT,False,,5,complete,True,-0.008464255892711381,0.0016278437636264792,0.0,0.0008486670250303662,0.0005312882802509403,17463.0,0.0015147755262304521,1.4665799483250206,92.00595544866289,True
2053334532666081624,MSFT,False,,5,complete,True,-0.011548769884493493,0.003019677622966874,0.0,0.0008486670250303662,0.0005312882802509403,17463.0,0.0015147755262304521,4.08631373707526,99.3930023478211,True
2052465914210398325,MSFT,False,,5,complete,True,-0.0012427109829992178,0.00033275376935336186,11.0,0.00032114069229810077,0.00023686374001858572,14468.0,0.0005890836126658784,0.04902851341598282,64.9778822228366,False
2052465911832171001,MSFT,False,,5,complete,True,-0.0012427109829992178,0.00033275376935336186,11.0,0.00032114069229810077,0.00023686374001858572,14468.0,0.0005890836126658784,0.04902851341598282,64.9778822228366,False
2051787232043020719,MSFT,False,,5,complete,True,-0.01935834072155873,0.0028050105473245383,0.0,0.0008486670250303662,0.0005312882802509403,17463.0,0.0015147755262304521,3.6822636504801944,99.18685220179809,True
2051712534638637234,MSFT,False,,5,complete,True,-5.716116909360025e-06,0.0004788996746540063,7.0,0.00034457144347952085,0.00034031473635120287,12279.0,0.0005972476141522693,0.39471764465662007,81.10595325352227,False
2051712533174931707,MSFT,False,,5,complete,True,-5.716116909360025e-06,0.0004788996746540063,7.0,0.00034457144347952085,0.00034031473635120287,12279.0,0.0005972476141522693,0.39471764465662007,81.10595325352227,False
2050548824368873498,MSFT,False,,5,complete,True,0.0037714865391806907,0.0018392599200779468,0.0,0.0008486670250303662,0.0005312882802509403,17463.0,0.0015147755262304521,1.8645110985314783,94.8863311000401,True
2050251014691840015,MSFT,False,,5,complete,True,0.00011559093516055885,0.0006177887587968843,5.0,0.0003672981086593502,0.00023972392578563954,13030.0,0.0006590627497659094,1.0449130153221426,87.85111281657713,False
2049622817659142284,MSFT,True,"earnings(MSFT, 2026-04-29 20:00:00+00:00->2026-04-30 20:00:00+00:00)",5,complete,False,-0.03551062275290018,0.005879208182721431,0.0,0.0008486670250303662,0.0005312882802509403,17463.0,0.0015147755262304521,9.46857166756063,100.0,True
2049622816207814788,MSFT,True,"earnings(MSFT, 2026-04-29 20:00:00+00:00->2026-04-30 20:00:00+00:00)",5,complete,False,-0.03551062275290018,0.005879208182721431,0.0,0.0008486670250303662,0.0005312882802509403,17463.0,0.0015147755262304521,9.46857166756063,100.0,True
2049622814790152567,MSFT,True,"earnings(MSFT, 2026-04-29 20:00:00+00:00->2026-04-30 20:00:00+00:00)",5,complete,False,-0.03551062275290018,0.005879208182721431,0.0,0.0008486670250303662,0.0005312882802509403,17463.0,0.0015147755262304521,9.46857166756063,100.0,True
2049622812680409373,MSFT,True,"earnings(MSFT, 2026-04-29 20:00:00+00:00->2026-04-30 20:00:00+00:00)",5,complete,False,-0.03551062275290018,0.005879208182721431,0.0,0.0008486670250303662,0.0005312882802509403,17463.0,0.0015147755262304521,9.46857166756063,100.0,True
2048966332876828859,MSFT,False,,1,insufficient,False,-0.0046255482248257485,,,,,,,,,False
2048882284548534346,MSFT,False,,1,insufficient,False,-0.0046255482248257485,,,,,,,,,False
2048882283164389661,MSFT,False,,1,insufficient,False,-0.0046255482248257485,,,,,,,,,False
2048829906478682304,MSFT,False,,5,complete,True,0.0006395691860821007,0.00021753167699480576,9.0,0.00033253548162552474,0.00023910804800489707,12978.0,0.0005941845174873794,-0.480970028362925,34.581599630143316,False
2048194326946308453,MSFT,False,,5,complete,True,-0.01338799961518733,0.0017422042134804532,0.0,0.0008486670250303662,0.0005312882802509403,17463.0,0.0015147755262304521,1.6818311671171209,93.77541086869381,True
2048194324391936364,MSFT,False,,5,complete,True,-0.01338799961518733,0.0017422042134804532,0.0,0.0008486670250303662,0.0005312882802509403,17463.0,0.0015147755262304521,1.6818311671171209,93.77541086869381,True
2047743658527789565,MSFT,False,,5,complete,True,0.0004699761179329798,0.0002798009150547958,9.0,0.00033253548162552474,0.00023910804800489707,12978.0,0.0005941845174873794,-0.22054701634153656,50.52396363075975,False
2047743655587504507,MSFT,False,,5,complete,True,0.0004699761179329798,0.0002798009150547958,9.0,0.00033253548162552474,0.00023910804800489707,12978.0,0.0005941845174873794,-0.22054701634153656,50.52396363075975,False
2047743653045837988,MSFT,False,,5,complete,True,0.0004699761179329798,0.0002798009150547958,9.0,0.00033253548162552474,0.00023910804800489707,12978.0,0.0005941845174873794,-0.22054701634153656,50.52396363075975,False
2047743651053556126,MSFT,False,,5,complete,True,0.0004699761179329798,0.0002798009150547958,9.0,0.00033253548162552474,0.00023910804800489707,12978.0,0.0005941845174873794,-0.22054701634153656,50.52396363075975,False
2047160006488014873,MSFT,False,,5,complete,True,-0.023255075602548025,0.0014488664088663325,0.0,0.0008486670250303662,0.0005312882802509403,17463.0,0.0015147755262304521,1.1297056723187602,88.4441390368207,False
2047159807208214766,MSFT,False,,5,complete,True,-0.023255075602548025,0.0014488664088663325,0.0,0.0008486670250303662,0.0005312882802509403,17463.0,0.0015147755262304521,1.1297056723187602,88.4441390368207,False
2047118960941023552,MSFT,False,,5,complete,True,-0.023255075602548025,0.0014488664088663325,0.0,0.0008486670250303662,0.0005312882802509403,17463.0,0.0015147755262304521,1.1297056723187602,88.4441390368207,False
2047105085172511013,MSFT,False,,5,complete,True,-0.023255075602548025,0.0014488664088663325,0.0,0.0008486670250303662,0.0005312882802509403,17463.0,0.0015147755262304521,1.1297056723187602,88.4441390368207,False
2047033636923568440,MSFT,False,,5,complete,True,-0.0002502980665459731,0.00031358891349184885,11.0,0.00032114069229810077,0.00023686374001858572,14468.0,0.0005890836126658784,-0.03188237594179406,61.39065523914846,False
2046372864857890884,MSFT,False,,5,complete,True,0.00013079628949008715,0.0019943377798513602,0.0,0.0008486670250303662,0.0005312882802509403,17463.0,0.0015147755262304521,2.1564013312694685,96.08887361850769,True
2046372861829640492,MSFT,False,,5,complete,True,0.00013079628949008715,0.0019943377798513602,0.0,0.0008486670250303662,0.0005312882802509403,17463.0,0.0015147755262304521,2.1564013312694685,96.08887361850769,True
2045994527689978184,MSFT,False,,1,insufficient,False,,,,,,,,,,False
2044767391293509761,MSFT,False,,5,complete,True,0.011639927295086672,0.0013504290090079099,0.0,0.0008486670250303662,0.0005312882802509403,17463.0,0.0015147755262304521,0.9444250939255602,86.1364026799519,False
2044116976247996679,MSFT,False,,5,complete,True,-6.258099604838918e-05,0.00045420633148946703,9.0,0.00033253548162552474,0.00023910804800489707,12978.0,0.0005941845174873794,0.5088530096713867,79.1878563723224,False
2044116974331113806,MSFT,False,,5,complete,True,-6.258099604838918e-05,0.00045420633148946703,9.0,0.00033253548162552474,0.00023910804800489707,12978.0,0.0005941845174873794,0.5088530096713867,79.1878563723224,False
2044090233478885398,MSFT,False,,5,complete,True,-0.0005838937992926896,0.00036191398877194605,5.0,0.0003672981086593502,0.00023972392578563954,13030.0,0.0006590627497659094,-0.022459668428000807,59.923254029163466,False
2042748720358510752,MSFT,False,,5,complete,True,0.006914126420234701,0.0010332869913351255,0.0,0.0008486670250303662,0.0005312882802509403,17463.0,0.0015147755262304521,0.3474948971536862,72.8053599037966,False
2039711802259542302,MSFT,False,,5,complete,True,0.00041388334253067427,0.0006385022643434637,2.0,0.0004969423493055211,0.0003252540290960463,15843.0,0.0008710246459230017,0.4352287823501194,76.5764059837152,False
2038677639511359939,MSFT,False,,5,complete,True,-0.0002816118421115066,0.0003852503684705502,9.0,0.00033253548162552474,0.00023910804800489707,12978.0,0.0005941845174873794,0.22046471160161799,70.37293881954076,False
2038677637644922943,MSFT,False,,5,complete,True,-0.0002816118421115066,0.0003852503684705502,9.0,0.00033253548162552474,0.00023910804800489707,12978.0,0.0005941845174873794,0.22046471160161799,70.37293881954076,False
2038604622978494538,MSFT,False,,5,complete,True,0.0019277019333661105,0.002243409885901263,0.0,0.0008486670250303662,0.0005312882802509403,17463.0,0.0015147755262304521,2.6252091617984235,97.53765103361393,True
2038604621279793575,MSFT,False,,5,complete,True,0.0019277019333661105,0.002243409885901263,0.0,0.0008486670250303662,0.0005312882802509403,17463.0,0.0015147755262304521,2.6252091617984235,97.53765103361393,True
2038604619795042716,MSFT,False,,5,complete,True,0.0019277019333661105,0.002243409885901263,0.0,0.0008486670250303662,0.0005312882802509403,17463.0,0.0015147755262304521,2.6252091617984235,97.53765103361393,True
2034682749240713260,MSFT,False,,5,complete,True,-2.2696762707496987e-05,0.00029200899439208605,7.0,0.00034457144347952085,0.00034031473635120287,12279.0,0.0005972476141522693,-0.1544524625968317,50.63115888916035,False
2033187858522255605,MSFT,False,,1,insufficient,False,-0.004197396632662054,,,,,,,,,False
2033187856370557379,MSFT,False,,1,insufficient,False,-0.004197396632662054,,,,,,,,,False
2032515189086761005,MSFT,False,,5,complete,True,0.002164593692244088,0.000605657044446395,8.0,0.0003413375703345288,0.0002875097071616347,12593.0,0.0005874198608789228,0.9193410431991739,90.89970618597634,True
2032200335218131055,MSFT,False,,5,complete,True,-0.008119850568019227,0.0008805037589241999,0.0,0.0008486670250303662,0.0005312882802509403,17463.0,0.0015147755262304521,0.05992365176735387,62.65819160510794,False
2030992879548789074,MSFT,False,,5,complete,True,0.00630190783247031,0.0003129878459540708,0.0,0.0008486670250303662,0.0005312882802509403,17463.0,0.0015147755262304521,-1.0082646257946462,9.5630762182901,False
2030992877665583440,MSFT,False,,5,complete,True,0.00630190783247031,0.0003129878459540708,0.0,0.0008486670250303662,0.0005312882802509403,17463.0,0.0015147755262304521,-1.0082646257946462,9.5630762182901,False
2030696738550596063,MSFT,False,,5,complete,True,0.00630190783247031,0.0003129878459540708,0.0,0.0008486670250303662,0.0005312882802509403,17463.0,0.0015147755262304521,-1.0082646257946462,9.5630762182901,False
2029623352844054549,MSFT,False,,5,complete,True,0.0005178394752548554,0.000624350924875334,7.0,0.00034457144347952085,0.00034031473635120287,12279.0,0.0005972476141522693,0.8221197953270006,91.33479925075332,True
2029196698745225320,MSFT,False,,5,complete,True,-0.0020219979867426296,0.0014660871304622719,0.0,0.0008486670250303662,0.0005312882802509403,17463.0,0.0015147755262304521,1.1621188126722526,88.82780736414134,False
2029196696887148841,MSFT,False,,5,complete,True,-0.0020219979867426296,0.0014660871304622719,0.0,0.0008486670250303662,0.0005312882802509403,17463.0,0.0015147755262304521,1.1621188126722526,88.82780736414134,False
2029196695008100434,MSFT,False,,5,complete,True,-0.0020219979867426296,0.0014660871304622719,0.0,0.0008486670250303662,0.0005312882802509403,17463.0,0.0015147755262304521,1.1621188126722526,88.82780736414134,False
2029196693452014009,MSFT,False,,5,complete,True,-0.0020219979867426296,0.0014660871304622719,0.0,0.0008486670250303662,0.0005312882802509403,17463.0,0.0015147755262304521,1.1621188126722526,88.82780736414134,False
2028923616755368182,MSFT,False,,5,complete,True,0.0022820137013535025,0.00046713398169469277,11.0,0.00032114069229810077,0.00023686374001858572,14468.0,0.0005890836126658784,0.6163598083232854,82.39563173901023,False
2026305871001813206,MSFT,False,,5,complete,True,0.0023963904820547555,0.0015965431936414115,0.0,0.0008486670250303662,0.0005312882802509403,17463.0,0.0015147755262304521,1.4076654735500758,91.50203286949551,True
2026262832204145035,MSFT,False,,5,complete,True,-0.0016861719996567048,0.002490182433052769,0.0,0.0008486670250303662,0.0005312882802509403,17463.0,0.0015147755262304521,3.0896887227534466,98.49968504838802,True
2024581126719729758,MSFT,False,,5,complete,True,0.00014570786320322604,7.419045337722291e-05,11.0,0.00032114069229810077,0.00023686374001858572,14468.0,0.0005890836126658784,-1.0425835499409946,3.1794304672380425,False
2024163804699918549,MSFT,False,,5,complete,True,0.0013598297389952885,0.0003067032443813801,4.0,0.00039626488800730865,0.0002465407060130254,14095.0,0.0007098840687580993,-0.3632732503864768,42.880454061724016,False
2020709207193145816,MSFT,False,,5,complete,True,0.01137002332365955,0.0005537022681186038,0.0,0.0008486670250303662,0.0005312882802509403,17463.0,0.0015147755262304521,-0.5551877725826051,32.03916852774437,False
2016671264514134137,MSFT,True,"earnings(MSFT, 2026-01-28 21:00:00+00:00->2026-01-29 21:00:00+00:00)",5,complete,False,-0.10615579120651009,0.005813473401783169,0.0,0.0008486670250303662,0.0005312882802509403,17463.0,0.0015147755262304521,9.344844524723573,100.0,True
2016671263117459675,MSFT,True,"earnings(MSFT, 2026-01-28 21:00:00+00:00->2026-01-29 21:00:00+00:00)",5,complete,False,-0.10615579120651009,0.005813473401783169,0.0,0.0008486670250303662,0.0005312882802509403,17463.0,0.0015147755262304521,9.344844524723573,100.0,True
2016671261729206658,MSFT,True,"earnings(MSFT, 2026-01-28 21:00:00+00:00->2026-01-29 21:00:00+00:00)",5,complete,False,-0.10615579120651009,0.005813473401783169,0.0,0.0008486670250303662,0.0005312882802509403,17463.0,0.0015147755262304521,9.344844524723573,100.0,True
2016671260382769626,MSFT,True,"earnings(MSFT, 2026-01-28 21:00:00+00:00->2026-01-29 21:00:00+00:00)",5,complete,False,-0.10615579120651009,0.005813473401783169,0.0,0.0008486670250303662,0.0005312882802509403,17463.0,0.0015147755262304521,9.344844524723573,100.0,True
2016671258939937076,MSFT,True,"earnings(MSFT, 2026-01-28 21:00:00+00:00->2026-01-29 21:00:00+00:00)",5,complete,False,-0.10615579120651009,0.005813473401783169,0.0,0.0008486670250303662,0.0005312882802509403,17463.0,0.0015147755262304521,9.344844524723573,100.0,True
2015817415003893982,MSFT,False,,5,complete,True,-0.0006364734606243427,0.0005899705687749123,3.0,0.0004390781078854962,0.0003033006506069773,15242.0,0.0007722151319405735,0.49750127666209776,79.03818396535888,False
2015817413200408959,MSFT,False,,5,complete,True,-0.0006364734606243427,0.0005899705687749123,3.0,0.0004390781078854962,0.0003033006506069773,15242.0,0.0007722151319405735,0.49750127666209776,79.03818396535888,False
2014720111530410042,MSFT,False,,5,complete,True,-0.0010976838037060066,0.0004926794910613485,1.0,0.0005964449947949784,0.0004086326699172152,16789.0,0.0010514798662813749,-0.2539334501929367,46.143308118410864,False
2014720109756219822,MSFT,False,,5,complete,True,-0.0010976838037060066,0.0004926794910613485,1.0,0.0005964449947949784,0.0004086326699172152,16789.0,0.0010514798662813749,-0.2539334501929367,46.143308118410864,False
2014360953111060894,MSFT,False,,5,complete,True,-0.00018634457209398825,0.0002472528589698167,2.0,0.0004969423493055211,0.0003252540290960463,15843.0,0.0008710246459230017,-0.7676753183646867,18.63914662627028,False
2014337035310698974,MSFT,False,,5,complete,True,0.002436889193829783,0.002324352343894027,0.0,0.0008486670250303662,0.0005312882802509403,17463.0,0.0015147755262304521,2.777560457698519,97.9384985397698,True
2011069589141279228,MSFT,True,"cpi(ALL, 2026-01-13 13:30:00+00:00->2026-01-13 21:00:00+00:00)",5,complete,False,-0.006551547413103265,0.0008944241410869734,0.0,0.0008486670250303662,0.0005312882802509403,17463.0,0.0015147755262304521,0.08612483609650669,63.62595201282713,False
2005724537917431817,MSFT,False,,5,complete,True,0.00041941205096529544,0.0001738321192924048,10.0,0.0003251831601898955,0.00022891006675397082,13039.0,0.0005957159600949107,-0.6611812361234449,25.247334918321958,False
1999388548097810772,MSFT,False,,5,complete,True,-0.00352747494337069,0.0013634349115308644,0.0,0.0008486670250303662,0.0005312882802509403,17463.0,0.0015147755262304521,0.9689050288430245,86.40554314837084,False
1999384095881884119,MSFT,False,,5,complete,True,-0.00352747494337069,0.0013634349115308644,0.0,0.0008486670250303662,0.0005312882802509403,17463.0,0.0015147755262304521,0.9689050288430245,86.40554314837084,False
1999183536277098925,MSFT,False,,5,complete,True,0.0011231338951366299,0.0004717315639818375,7.0,0.00034457144347952085,0.00034031473635120287,12279.0,0.0005972476141522693,0.37365446429298355,80.50329831419496,False
1999183534053879967,MSFT,False,,5,complete,True,0.0011231338951366299,0.0004717315639818375,7.0,0.00034457144347952085,0.00034031473635120287,12279.0,0.0005972476141522693,0.37365446429298355,80.50329831419496,False
1999183482048905583,MSFT,False,,5,complete,True,0.0011231338951366299,0.0004717315639818375,7.0,0.00034457144347952085,0.00034031473635120287,12279.0,0.0005972476141522693,0.37365446429298355,80.50329831419496,False
1999183430140198938,MSFT,False,,5,complete,True,0.0011231338951366299,0.0004717315639818375,7.0,0.00034457144347952085,0.00034031473635120287,12279.0,0.0005972476141522693,0.37365446429298355,80.50329831419496,False
1999055307738321153,MSFT,False,,5,complete,True,0.0023715229507174085,0.002137275543769457,0.0,0.0008486670250303662,0.0005312882802509403,17463.0,0.0015147755262304521,2.4254412653907025,96.9821909179408,True
1998987907131125935,MSFT,False,,5,complete,True,0.0023715229507174085,0.002137275543769457,0.0,0.0008486670250303662,0.0005312882802509403,17463.0,0.0015147755262304521,2.4254412653907025,96.9821909179408,True
1998643116975546493,MSFT,False,,4,partial,True,-0.022036496690286844,0.0005240991709010283,,,,,,,,False
1998424250966053164,MSFT,False,,5,complete,True,-0.0003985195114860618,0.00013074772040583626,3.0,0.0004390781078854962,0.0003033006506069773,15242.0,0.0007722151319405735,-1.0165833369055322,5.058391287232647,False
1998424249611211263,MSFT,False,,5,complete,True,-0.0003985195114860618,0.00013074772040583626,3.0,0.0004390781078854962,0.0003033006506069773,15242.0,0.0007722151319405735,-1.0165833369055322,5.058391287232647,False
1998376337938039091,MSFT,False,,5,complete,True,-0.0023905312936181033,0.00046409427637890475,0.0,0.0008486670250303662,0.0005312882802509403,17463.0,0.0015147755262304521,-0.7238494861392736,22.991467674511824,False
1996597609587470504,MSFT,False,,5,complete,True,0.00016285727747789025,0.0005010441885121168,1.0,0.0005964449947949784,0.0004086326699172152,16789.0,0.0010514798662813749,-0.23346348274646964,47.316695455357674,False
1990797471451394095,MSFT,False,,5,complete,True,-0.0018501947037348199,0.0026425990555225863,1.0,0.0005964449947949784,0.0004086326699172152,16789.0,0.0010514798662813749,5.007318825345359,99.75579248317351,True
1990797469127749692,MSFT,False,,5,complete,True,-0.0018501947037348199,0.0026425990555225863,1.0,0.0005964449947949784,0.0004086326699172152,16789.0,0.0010514798662813749,5.007318825345359,99.75579248317351,True
1989755076353921404,MSFT,False,,1,insufficient,False,,,,,,,,,,False
1988653837461369307,MSFT,False,,5,complete,True,-0.00031911590044675364,0.0005128264030948005,5.0,0.0003672981086593502,0.00023972392578563954,13030.0,0.0006590627497659094,0.607066207340444,80.376055257099,False
1985807905145438659,MSFT,False,,5,complete,True,0.00025936323107367265,0.00033915463323277474,12.0,0.00043148119470917657,0.00034861103715447354,15165.0,0.0008031154948555479,-0.26484118870708867,49.752720079129574,False
1985807902385586516,MSFT,False,,5,complete,True,0.00025936323107367265,0.00033915463323277474,12.0,0.00043148119470917657,0.00034861103715447354,15165.0,0.0008031154948555479,-0.26484118870708867,49.752720079129574,False
1985517602475508037,MSFT,False,,1,insufficient,False,0.004216124717507208,,,,,,,,,False
1985052892416573932,MSFT,False,,2,partial,True,-0.009426013878230055,0.0,,,,,,,,False
1983949591394578915,MSFT,True,"earnings(MSFT, 2025-10-29 20:00:00+00:00->2025-10-30 20:00:00+00:00)",5,complete,False,0.0007833874370938299,0.00012241009081389082,8.0,0.0003413375703345288,0.0002875097071616347,12593.0,0.0005874198608789228,-0.761461175283238,10.450250138966092,False
1983949531286008023,MSFT,True,"earnings(MSFT, 2025-10-29 20:00:00+00:00->2025-10-30 20:00:00+00:00)",5,complete,False,0.0007833874370938299,0.00012241009081389082,8.0,0.0003413375703345288,0.0002875097071616347,12593.0,0.0005874198608789228,-0.761461175283238,10.450250138966092,False
1983670347972194551,MSFT,True,"earnings(MSFT, 2025-10-29 20:00:00+00:00->2025-10-30 20:00:00+00:00)",5,complete,False,-0.009553930562870017,0.0036894484384973674,0.0,0.0008486670250303662,0.0005312882802509403,17463.0,0.0015147755262304521,5.346967962713635,99.79384985397698,True
1983670346164400160,MSFT,True,"earnings(MSFT, 2025-10-29 20:00:00+00:00->2025-10-30 20:00:00+00:00)",5,complete,False,-0.009553930562870017,0.0036894484384973674,0.0,0.0008486670250303662,0.0005312882802509403,17463.0,0.0015147755262304521,5.346967962713635,99.79384985397698,True
1983670344692199680,MSFT,True,"earnings(MSFT, 2025-10-29 20:00:00+00:00->2025-10-30 20:00:00+00:00)",5,complete,False,-0.009553930562870017,0.0036894484384973674,0.0,0.0008486670250303662,0.0005312882802509403,17463.0,0.0015147755262304521,5.346967962713635,99.79384985397698,True
1983670343098315127,MSFT,True,"earnings(MSFT, 2025-10-29 20:00:00+00:00->2025-10-30 20:00:00+00:00)",5,complete,False,-0.009553930562870017,0.0036894484384973674,0.0,0.0008486670250303662,0.0005312882802509403,17463.0,0.0015147755262304521,5.346967962713635,99.79384985397698,True
1983670341810712849,MSFT,True,"earnings(MSFT, 2025-10-29 20:00:00+00:00->2025-10-30 20:00:00+00:00)",5,complete,False,-0.009553930562870017,0.0036894484384973674,0.0,0.0008486670250303662,0.0005312882802509403,17463.0,0.0015147755262304521,5.346967962713635,99.79384985397698,True
1983372241988726838,MSFT,False,,5,complete,True,-0.0027099046414122974,0.0013633656251040038,0.0,0.0008486670250303662,0.0005312882802509403,17463.0,0.0015147755262304521,0.968774616730738,86.40554314837084,False
1983372239052710047,MSFT,False,,5,complete,True,-0.0027099046414122974,0.0013633656251040038,0.0,0.0008486670250303662,0.0005312882802509403,17463.0,0.0015147755262304521,0.968774616730738,86.40554314837084,False
1983320065530572983,MSFT,False,,5,complete,True,-0.0027099046414122974,0.0013633656251040038,0.0,0.0008486670250303662,0.0005312882802509403,17463.0,0.0015147755262304521,0.968774616730738,86.40554314837084,False
1983320062623916277,MSFT,False,,5,complete,True,-0.0027099046414122974,0.0013633656251040038,0.0,0.0008486670250303662,0.0005312882802509403,17463.0,0.0015147755262304521,0.968774616730738,86.40554314837084,False
1983269885812846764,MSFT,False,,5,complete,True,-0.0027099046414122974,0.0013633656251040038,0.0,0.0008486670250303662,0.0005312882802509403,17463.0,0.0015147755262304521,0.968774616730738,86.40554314837084,False
1983259692580364424,MSFT,False,,5,complete,True,-0.001112042978500316,0.0005360461364119567,12.0,0.00043148119470917657,0.00034861103715447354,15165.0,0.0008031154948555479,0.2999473067642612,75.42367293109132,False
1982953924077465850,MSFT,False,,1,insufficient,False,,,,,,,,,,False
1982953921590202717,MSFT,False,,1,insufficient,False,,,,,,,,,,False
1981782892402639171,MSFT,True,"cpi(ALL, 2025-10-24 12:30:00+00:00->2025-10-24 20:00:00+00:00)",4,partial,False,-0.00022793798695763812,0.0005375690160485902,9.0,0.00033253548162552474,0.00023910804800489707,12978.0,0.0005941845174873794,0.8574932384495324,86.38465094775775,False
1981466897557196837,MSFT,True,"cpi(ALL, 2025-10-24 12:30:00+00:00->2025-10-24 20:00:00+00:00)",5,complete,False,-0.0016687787063887072,0.0003221169680100748,0.0,0.0008486670250303662,0.0005312882802509403,17463.0,0.0015147755262304521,-0.9910816341960135,10.364771230601843,False
1981422847332667690,MSFT,False,,4,partial,True,0.00027837517548590096,0.00020866144883281468,9.0,0.00033253548162552474,0.00023910804800489707,12978.0,0.0005941845174873794,-0.518067182708016,32.200647249190936,False
1981422845034188885,MSFT,False,,4,partial,True,0.00027837517548590096,0.00020866144883281468,9.0,0.00033253548162552474,0.00023910804800489707,12978.0,0.0005941845174873794,-0.518067182708016,32.200647249190936,False
1981408462287622378,MSFT,False,,4,partial,True,0.0008907470459492695,0.0005175426139021183,7.0,0.00034457144347952085,0.00034031473635120287,12279.0,0.0005972476141522693,0.5082682350966201,84.90919455981758,False
1980736083714535694,MSFT,False,,5,complete,True,0.005882237599246443,0.0011858013038338903,0.0,0.0008486670250303662,0.0005312882802509403,17463.0,0.0015147755262304521,0.6345599768251757,80.28975548302124,False
1978825646370423095,MSFT,False,,4,partial,True,-0.0010165124879406573,0.0005843258721900843,1.0,0.0005964449947949784,0.0004086326699172152,16789.0,0.0010514798662813749,-0.029657742753043524,58.580022633867415,False
1978825644231336390,MSFT,False,,4,partial,True,-0.0010165124879406573,0.0005843258721900843,1.0,0.0005964449947949784,0.0004086326699172152,16789.0,0.0010514798662813749,-0.029657742753043524,58.580022633867415,False
1978810259356430427,MSFT,False,,5,complete,True,-0.00462477612191825,0.0013942668028115758,0.0,0.0008486670250303662,0.0005312882802509403,17463.0,0.0015147755262304521,1.026937348445762,87.2015117677375,False
1978810256999268551,MSFT,False,,5,complete,True,-0.00462477612191825,0.0013942668028115758,0.0,0.0008486670250303662,0.0005312882802509403,17463.0,0.0015147755262304521,1.026937348445762,87.2015117677375,False
1978593398648119794,MSFT,False,,5,complete,True,-0.00462477612191825,0.0013942668028115758,0.0,0.0008486670250303662,0.0005312882802509403,17463.0,0.0015147755262304521,1.026937348445762,87.2015117677375,False
1978564974805962867,MSFT,False,,5,complete,True,-0.00462477612191825,0.0013942668028115758,0.0,0.0008486670250303662,0.0005312882802509403,17463.0,0.0015147755262304521,1.026937348445762,87.2015117677375,False
1978564972532715922,MSFT,False,,5,complete,True,-0.00462477612191825,0.0013942668028115758,0.0,0.0008486670250303662,0.0005312882802509403,17463.0,0.0015147755262304521,1.026937348445762,87.2015117677375,False
1978174753752949151,MSFT,False,,5,complete,True,-2.0179506634687705e-05,0.0002535986304292872,11.0,0.00032114069229810077,0.00023686374001858572,14468.0,0.0005890836126658784,-0.2851515468915329,46.99336466685099,False
1978174751207039375,MSFT,False,,5,complete,True,-2.0179506634687705e-05,0.0002535986304292872,11.0,0.00032114069229810077,0.00023686374001858572,14468.0,0.0005890836126658784,-0.2851515468915329,46.99336466685099,False
1977478846653059085,MSFT,False,,5,complete,True,-0.006125068787946386,0.0013397300017625353,0.0,0.0008486670250303662,0.0005312882802509403,17463.0,0.0015147755262304521,0.9242872372419513,85.82145106797229,False
1977478844123959743,MSFT,False,,5,complete,True,-0.006125068787946386,0.0013397300017625353,0.0,0.0008486670250303662,0.0005312882802509403,17463.0,0.0015147755262304521,0.9242872372419513,85.82145106797229,False
1977478841213018142,MSFT,False,,5,complete,True,-0.006125068787946386,0.0013397300017625353,0.0,0.0008486670250303662,0.0005312882802509403,17463.0,0.0015147755262304521,0.9242872372419513,85.82145106797229,False
1977478838683939105,MSFT,False,,5,complete,True,-0.006125068787946386,0.0013397300017625353,0.0,0.0008486670250303662,0.0005312882802509403,17463.0,0.0015147755262304521,0.9242872372419513,85.82145106797229,False
1977478835978502274,MSFT,False,,5,complete,True,-0.006125068787946386,0.0013397300017625353,0.0,0.0008486670250303662,0.0005312882802509403,17463.0,0.0015147755262304521,0.9242872372419513,85.82145106797229,False
1977478833042600040,MSFT,False,,5,complete,True,-0.006125068787946386,0.0013397300017625353,0.0,0.0008486670250303662,0.0005312882802509403,17463.0,0.0015147755262304521,0.9242872372419513,85.82145106797229,False
1977478830974783574,MSFT,False,,5,complete,True,-0.006125068787946386,0.0013397300017625353,0.0,0.0008486670250303662,0.0005312882802509403,17463.0,0.0015147755262304521,0.9242872372419513,85.82145106797229,False
1976322457436041438,MSFT,False,,5,complete,True,-0.000147164385489007,0.0003150151595137476,5.0,0.0003672981086593502,0.00023972392578563954,13030.0,0.0006590627497659094,-0.2180964998560629,49.91557943207982,False
1976322455288545343,MSFT,False,,5,complete,True,-0.000147164385489007,0.0003150151595137476,5.0,0.0003672981086593502,0.00023972392578563954,13030.0,0.0006590627497659094,-0.2180964998560629,49.91557943207982,False
1974612741974561031,MSFT,False,,5,complete,True,0.006728777323231627,0.001223783393844009,0.0,0.0008486670250303662,0.0005312882802509403,17463.0,0.0015147755262304521,0.7060505242774531,81.81870239935864,False
1974557470149464384,MSFT,False,,5,complete,True,0.006728777323231627,0.001223783393844009,0.0,0.0008486670250303662,0.0005312882802509403,17463.0,0.0015147755262304521,0.7060505242774531,81.81870239935864,False
1974557468333408630,MSFT,False,,5,complete,True,0.006728777323231627,0.001223783393844009,0.0,0.0008486670250303662,0.0005312882802509403,17463.0,0.0015147755262304521,0.7060505242774531,81.81870239935864,False
1974557465854554288,MSFT,False,,5,complete,True,0.006728777323231627,0.001223783393844009,0.0,0.0008486670250303662,0.0005312882802509403,17463.0,0.0015147755262304521,0.7060505242774531,81.81870239935864,False
1974557463895797857,MSFT,False,,5,complete,True,0.006728777323231627,0.001223783393844009,0.0,0.0008486670250303662,0.0005312882802509403,17463.0,0.0015147755262304521,0.7060505242774531,81.81870239935864,False
1974557461458956517,MSFT,False,,5,complete,True,0.006728777323231627,0.001223783393844009,0.0,0.0008486670250303662,0.0005312882802509403,17463.0,0.0015147755262304521,0.7060505242774531,81.81870239935864,False
1974557458996863461,MSFT,False,,5,complete,True,0.006728777323231627,0.001223783393844009,0.0,0.0008486670250303662,0.0005312882802509403,17463.0,0.0015147755262304521,0.7060505242774531,81.81870239935864,False
1974557455725277647,MSFT,False,,5,complete,True,0.006728777323231627,0.001223783393844009,0.0,0.0008486670250303662,0.0005312882802509403,17463.0,0.0015147755262304521,0.7060505242774531,81.81870239935864,False
1974281794565615825,MSFT,False,,5,complete,True,0.006728777323231627,0.001223783393844009,0.0,0.0008486670250303662,0.0005312882802509403,17463.0,0.0015147755262304521,0.7060505242774531,81.81870239935864,False
1973917771307364724,MSFT,False,,5,complete,True,-0.0013757075302818222,0.0006493118819534618,0.0,0.0008486670250303662,0.0005312882802509403,17463.0,0.0015147755262304521,-0.375229702004238,42.20924239821336,False
1973917769558274283,MSFT,False,,5,complete,True,-0.0013757075302818222,0.0006493118819534618,0.0,0.0008486670250303662,0.0005312882802509403,17463.0,0.0015147755262304521,-0.375229702004238,42.20924239821336,False
1973820578286145548,MSFT,False,,4,partial,True,-0.0004188672432162699,0.00019089495713817044,10.0,0.0003251831601898955,0.00022891006675397082,13039.0,0.0005957159600949107,-0.5866417539253792,29.986962190352024,False
1973820577044660242,MSFT,False,,4,partial,True,-0.0004188672432162699,0.00019089495713817044,10.0,0.0003251831601898955,0.00022891006675397082,13039.0,0.0005957159600949107,-0.5866417539253792,29.986962190352024,False
1973437432029913495,MSFT,False,,5,complete,True,0.0011866725764851926,0.00028422011312069224,7.0,0.00034457144347952085,0.00034031473635120287,12279.0,0.0005972476141522693,-0.17733975027324816,48.83133805684502,False
1973437429383405891,MSFT,False,,5,complete,True,0.0011866725764851926,0.00028422011312069224,7.0,0.00034457144347952085,0.00034031473635120287,12279.0,0.0005972476141522693,-0.17733975027324816,48.83133805684502,False
1973067365395972530,MSFT,False,,5,complete,True,0.00010233904825240892,0.00020186758882132516,6.0,0.0003552079198130546,0.00026342991575152103,12534.0,0.0006342324173254865,-0.5820915614472845,27.30173926918781,False
1972707360662757796,MSFT,False,,5,complete,True,0.00042570274644837536,0.0002167815172308309,6.0,0.0003552079198130546,0.00026342991575152103,12534.0,0.0006342324173254865,-0.5254771546630025,30.804212541886073,False
1972670683655319655,MSFT,False,,5,complete,True,-0.0010609866249309263,0.00026189909702730796,2.0,0.0004969423493055211,0.0003252540290960463,15843.0,0.0008710246459230017,-0.7226451673218345,20.949315154958025,False
1972670680782258419,MSFT,False,,5,complete,True,-0.0010609866249309263,0.00026189909702730796,2.0,0.0004969423493055211,0.0003252540290960463,15843.0,0.0008710246459230017,-0.7226451673218345,20.949315154958025,False
1972657812946796555,MSFT,False,,5,complete,True,0.003030442858645843,0.0007387857465454087,0.0,0.0008486670250303662,0.0005312882802509403,17463.0,0.0015147755262304521,-0.20682044488739332,50.747294279333445,False
1972657808911802612,MSFT,False,,5,complete,True,0.003030442858645843,0.0007387857465454087,0.0,0.0008486670250303662,0.0005312882802509403,17463.0,0.0015147755262304521,-0.20682044488739332,50.747294279333445,False
1972657804155727957,MSFT,False,,5,complete,True,0.003030442858645843,0.0007387857465454087,0.0,0.0008486670250303662,0.0005312882802509403,17463.0,0.0015147755262304521,-0.20682044488739332,50.747294279333445,False
1972657799067799617,MSFT,False,,5,complete,True,0.003030442858645843,0.0007387857465454087,0.0,0.0008486670250303662,0.0005312882802509403,17463.0,0.0015147755262304521,-0.20682044488739332,50.747294279333445,False
1972657794584351022,MSFT,False,,5,complete,True,0.003030442858645843,0.0007387857465454087,0.0,0.0008486670250303662,0.0005312882802509403,17463.0,0.0015147755262304521,-0.20682044488739332,50.747294279333445,False
1970884338993778855,MSFT,False,,5,complete,True,0.0008033220561656229,0.000407579518854005,5.0,0.0003672981086593502,0.00023972392578563954,13030.0,0.0006590627497659094,0.16803249847774612,67.68994627782041,False
1970862418948718884,MSFT,False,,3,partial,True,-0.0010054540250314936,0.00021561709431860976,2.0,0.0004969423493055211,0.0003252540290960463,15843.0,0.0008710246459230017,-0.8649401077944436,13.545414378589912,False
1970505474601820212,MSFT,False,,5,complete,True,0.0001664986560330206,0.0002691657887175273,3.0,0.0004390781078854962,0.0003033006506069773,15242.0,0.0007722151319405735,-0.5602108628119775,28.59860910641648,False
1970271483487469628,MSFT,False,,5,complete,True,-0.0054306239953453295,0.001787311418716686,,,,,,,,False
1970179227267076112,MSFT,False,,5,complete,True,0.00034465689584006753,6.21535123507874e-05,8.0,0.0003413375703345288,0.0002875097071616347,12593.0,0.0005874198608789228,-0.9710421979832049,1.8184705788930358,False
1970179225669062774,MSFT,False,,5,complete,True,0.00034465689584006753,6.21535123507874e-05,8.0,0.0003413375703345288,0.0002875097071616347,12593.0,0.0005874198608789228,-0.9710421979832049,1.8184705788930358,False
1968677247784460580,MSFT,False,,5,complete,True,-0.0006427630660754691,0.0004925709489204887,1.0,0.0005964449947949784,0.0004086326699172152,16789.0,0.0010514798662813749,-0.25419907296089045,46.12543927571624,False
1968677244861379012,MSFT,False,,5,complete,True,-0.0006427630660754691,0.0004925709489204887,1.0,0.0005964449947949784,0.0004086326699172152,16789.0,0.0010514798662813749,-0.25419907296089045,46.12543927571624,False
1968034919210418352,MSFT,False,,5,complete,True,5.901276301556457e-05,0.00036651121285867527,12.0,0.00043148119470917657,0.00034861103715447354,15165.0,0.0008031154948555479,-0.18636811496508174,54.52027695351137,False
1968034916832338396,MSFT,False,,5,complete,True,5.901276301556457e-05,0.00036651121285867527,12.0,0.00043148119470917657,0.00034861103715447354,15165.0,0.0008031154948555479,-0.18636811496508174,54.52027695351137,False
1965171270661947474,MSFT,False,,5,complete,True,0.006138512834354515,0.001300572375690622,0.0,0.0008486670250303662,0.0005312882802509403,17463.0,0.0015147755262304521,0.85058407546052,84.63036133539484,False
1963666556703154376,MSFT,False,,5,complete,True,-0.0004528324007063711,0.00021803279460182791,9.0,0.00033253548162552474,0.00023910804800489707,12978.0,0.0005941845174873794,-0.47887424944120555,34.72029588534443,False
1963666553427435854,MSFT,False,,5,complete,True,-0.0004528324007063711,0.00021803279460182791,9.0,0.00033253548162552474,0.00023910804800489707,12978.0,0.0005941845174873794,-0.47887424944120555,34.72029588534443,False
1963265500210700628,MSFT,False,,5,complete,True,-0.0010393516250825074,0.0001827397446342826,4.0,0.00039626488800730865,0.0002465407060130254,14095.0,0.0007098840687580993,-0.8660847404312412,15.991486342674706,False
1962869102697173132,MSFT,False,,5,complete,True,0.003642018327519536,0.0031302883172484954,0.0,0.0008486670250303662,0.0005312882802509403,17463.0,0.0015147755262304521,4.294507101004495,99.53616217144821,True
1962869100860100840,MSFT,False,,5,complete,True,0.003642018327519536,0.0031302883172484954,0.0,0.0008486670250303662,0.0005312882802509403,17463.0,0.0015147755262304521,4.294507101004495,99.53616217144821,True
1960789358996545694,MSFT,False,,5,complete,True,-9.876295716781947e-05,0.00017796014199268536,12.0,0.00043148119470917657,0.00034861103715447354,15165.0,0.0008031154948555479,-0.7272318592831962,17.19749423013518,False
1960789357042000311,MSFT,False,,5,complete,True,-9.876295716781947e-05,0.00017796014199268536,12.0,0.00043148119470917657,0.00034861103715447354,15165.0,0.0008031154948555479,-0.7272318592831962,17.19749423013518,False
1960789354579952116,MSFT,False,,5,complete,True,-9.876295716781947e-05,0.00017796014199268536,12.0,0.00043148119470917657,0.00034861103715447354,15165.0,0.0008031154948555479,-0.7272318592831962,17.19749423013518,False
1960789352994497023,MSFT,False,,5,complete,True,-9.876295716781947e-05,0.00017796014199268536,12.0,0.00043148119470917657,0.00034861103715447354,15165.0,0.0008031154948555479,-0.7272318592831962,17.19749423013518,False
1960789351509713245,MSFT,False,,5,complete,True,-9.876295716781947e-05,0.00017796014199268536,12.0,0.00043148119470917657,0.00034861103715447354,15165.0,0.0008031154948555479,-0.7272318592831962,17.19749423013518,False
1960789349886517650,MSFT,False,,5,complete,True,-9.876295716781947e-05,0.00017796014199268536,12.0,0.00043148119470917657,0.00034861103715447354,15165.0,0.0008031154948555479,-0.7272318592831962,17.19749423013518,False
1960789348133298359,MSFT,False,,5,complete,True,-9.876295716781947e-05,0.00017796014199268536,12.0,0.00043148119470917657,0.00034861103715447354,15165.0,0.0008031154948555479,-0.7272318592831962,17.19749423013518,False
1958163571772375401,MSFT,False,,5,complete,True,0.0015412783499836324,0.0009513070913370966,0.0,0.0008486670250303662,0.0005312882802509403,17463.0,0.0015147755262304521,0.19319090994864596,67.74895493328752,False
1957493298672857197,MSFT,False,,4,partial,True,-0.00010695726764753388,0.000188191333355396,7.0,0.00034457144347952085,0.00034031473635120287,12279.0,0.0005972476141522693,-0.4595161285132874,24.700708526752994,False
1957493248718680571,MSFT,False,,4,partial,True,-0.00010695726764753388,0.000188191333355396,7.0,0.00034457144347952085,0.00034031473635120287,12279.0,0.0005972476141522693,-0.4595161285132874,24.700708526752994,False
1957445998701125665,MSFT,False,,4,partial,True,-0.0010493155005351085,0.00018237436756305333,1.0,0.0005964449947949784,0.0004086326699172152,16789.0,0.0010514798662813749,-1.0133076910267882,6.015843707189231,False
1953511338917200071,MSFT,False,,3,partial,True,-0.0005185591297146575,0.00023041014203117882,8.0,0.0003413375703345288,0.0002875097071616347,12593.0,0.0005874198608789228,-0.38582150633608975,36.40911617565314,False
1952878078050615413,MSFT,False,,5,complete,True,0.001164539390650754,0.0007995354937751197,0.0,0.0008486670250303662,0.0005312882802509403,17463.0,0.0015147755262304521,-0.09247621880919431,56.158735612437724,False
1952530191676539031,MSFT,False,,5,complete,True,0.0009886092556317116,0.0004494356986126251,0.0,0.0008486670250303662,0.0005312882802509403,17463.0,0.0015147755262304521,-0.7514401150147234,21.611406974746608,False
1950689588185583920,MSFT,True,"earnings(MSFT, 2025-07-30 20:00:00+00:00->2025-07-31 20:00:00+00:00)",5,complete,False,0.05541066764674252,0.002479477518776853,0.0,0.0008486670250303662,0.0005312882802509403,17463.0,0.0015147755262304521,3.0695397477546758,98.48250586955277,True
1950689586856022192,MSFT,True,"earnings(MSFT, 2025-07-30 20:00:00+00:00->2025-07-31 20:00:00+00:00)",5,complete,False,0.05541066764674252,0.002479477518776853,0.0,0.0008486670250303662,0.0005312882802509403,17463.0,0.0015147755262304521,3.0695397477546758,98.48250586955277,True
1950689585375420499,MSFT,True,"earnings(MSFT, 2025-07-30 20:00:00+00:00->2025-07-31 20:00:00+00:00)",5,complete,False,0.05541066764674252,0.002479477518776853,0.0,0.0008486670250303662,0.0005312882802509403,17463.0,0.0015147755262304521,3.0695397477546758,98.48250586955277,True
1950689583773200501,MSFT,True,"earnings(MSFT, 2025-07-30 20:00:00+00:00->2025-07-31 20:00:00+00:00)",5,complete,False,0.05541066764674252,0.002479477518776853,0.0,0.0008486670250303662,0.0005312882802509403,17463.0,0.0015147755262304521,3.0695397477546758,98.48250586955277,True
1950689581827084714,MSFT,True,"earnings(MSFT, 2025-07-30 20:00:00+00:00->2025-07-31 20:00:00+00:00)",5,complete,False,0.05541066764674252,0.002479477518776853,0.0,0.0008486670250303662,0.0005312882802509403,17463.0,0.0015147755262304521,3.0695397477546758,98.48250586955277,True
1949885049287168245,MSFT,False,,5,complete,True,0.00019441583197465917,0.00014960296781108806,8.0,0.0003413375703345288,0.0002875097071616347,12593.0,0.0005874198608789228,-0.6668804487204659,15.762725323592472,False
1949884999345590406,MSFT,False,,5,complete,True,0.00019441583197465917,0.00014960296781108806,8.0,0.0003413375703345288,0.0002875097071616347,12593.0,0.0005874198608789228,-0.6668804487204659,15.762725323592472,False
1948101916711625074,MSFT,False,,5,complete,True,-0.0005044301383345662,0.0001415745863647158,11.0,0.00032114069229810077,0.00023686374001858572,14468.0,0.0005890836126658784,-0.7580987529762687,16.049212054188555,False
1948101877486452897,MSFT,False,,5,complete,True,-0.0005044301383345662,0.0001415745863647158,11.0,0.00032114069229810077,0.00023686374001858572,14468.0,0.0005890836126658784,-0.7580987529762687,16.049212054188555,False
1945887678869959063,MSFT,False,,5,complete,True,0.00046705527763379884,0.00023755149129033864,6.0,0.0003552079198130546,0.00026342991575152103,12534.0,0.0006342324173254865,-0.446632753106503,36.0140418062869,False
1944876160116253012,MSFT,True,"cpi(ALL, 2025-07-15 12:30:00+00:00->2025-07-15 20:00:00+00:00)",1,insufficient,False,,,,,,,,,,False
1943396620756009007,MSFT,False,,5,complete,True,0.00021381160597966353,0.00026755603012328517,12.0,0.00043148119470917657,0.00034861103715447354,15165.0,0.0008031154948555479,-0.47022367944493476,35.27200791295747,False
1940077885584507246,MSFT,False,,5,complete,True,-0.0014775108430071793,0.0002649669547635124,5.0,0.0003672981086593502,0.00023972392578563954,13030.0,0.0006590627497659094,-0.42687084136667286,38.825786646201074,False
1939784914704245001,MSFT,False,,1,insufficient,False,,,,,,,,,,False
1939736687539802155,MSFT,False,,4,partial,True,-0.000189350921816267,0.00020258658458540023,7.0,0.00034457144347952085,0.00034031473635120287,12279.0,0.0005972476141522693,-0.4172163110432957,28.43065396204903,False
1938292160966869134,MSFT,False,,5,complete,True,0.000745388240346756,0.00017979972837976814,8.0,0.0003413375703345288,0.0002875097071616347,12593.0,0.0005874198608789228,-0.5618517842388739,23.179544191217342,False
1938291958872740150,MSFT,False,,5,complete,True,0.000745388240346756,0.00017979972837976814,8.0,0.0003413375703345288,0.0002875097071616347,12593.0,0.0005874198608789228,-0.5618517842388739,23.179544191217342,False
1937999694250287111,MSFT,False,,5,complete,True,0.0007687132240932204,0.0008391449242621536,0.0,0.0008486670250303662,0.0005312882802509403,17463.0,0.0015147755262304521,-0.017922662934923277,59.34261008990437,False
1936963330654228852,MSFT,False,,5,complete,True,-0.007723229895666761,0.0005932796305065842,0.0,0.0008486670250303662,0.0005312882802509403,17463.0,0.0015147755262304521,-0.4806945758396109,36.10490751875394,False
1935797271662412045,MSFT,False,,1,insufficient,False,,,,,,,,,,False
1935797232672145634,MSFT,False,,1,insufficient,False,,,,,,,,,,False
1934564127588172047,MSFT,False,,5,complete,True,-0.003070512893607491,0.000863148223458518,0.0,0.0008486670250303662,0.0005312882802509403,17463.0,0.0015147755262304521,0.02725676241401732,61.38120597835424,False
1934538693559378025,MSFT,False,,5,complete,True,-0.003070512893607491,0.000863148223458518,0.0,0.0008486670250303662,0.0005312882802509403,17463.0,0.0015147755262304521,0.02725676241401732,61.38120597835424,False
1934538635615129625,MSFT,False,,5,complete,True,-0.003070512893607491,0.000863148223458518,0.0,0.0008486670250303662,0.0005312882802509403,17463.0,0.0015147755262304521,0.02725676241401732,61.38120597835424,False
1932073714889466326,MSFT,False,,5,complete,True,-0.00018982814347501265,0.00036744767300872863,0.0,0.0008486670250303662,0.0005312882802509403,17463.0,0.0015147755262304521,-0.905759396375817,14.104105823741625,False
1931800139292967389,MSFT,False,,5,complete,True,0.0008628478855550181,0.0012392642188779036,0.0,0.0008486670250303662,0.0005312882802509403,17463.0,0.0015147755262304521,0.7351888011966853,82.49441676687854,False
1931144813816188998,MSFT,False,,5,complete,True,0.0008628478855550181,0.0012392642188779036,0.0,0.0008486670250303662,0.0005312882802509403,17463.0,0.0015147755262304521,0.7351888011966853,82.49441676687854,False
1925221986743292209,MSFT,False,,5,complete,True,-0.0007022000436119891,0.0004925734526014358,5.0,0.0003672981086593502,0.00023972392578563954,13030.0,0.0006590627497659094,0.5225817303447068,78.18879508825786,False
1924694661849088333,MSFT,False,,5,complete,True,-0.0014713493939315647,0.00048641861956491,0.0,0.0008486670250303662,0.0005312882802509403,17463.0,0.0015147755262304521,-0.6818302208630644,25.201855351314208,False
1924694659739385946,MSFT,False,,5,complete,True,-0.0014713493939315647,0.00048641861956491,0.0,0.0008486670250303662,0.0005312882802509403,17463.0,0.0015147755262304521,-0.6818302208630644,25.201855351314208,False
1924610074603082016,MSFT,False,,5,complete,True,-0.0014713493939315647,0.00048641861956491,0.0,0.0008486670250303662,0.0005312882802509403,17463.0,0.0015147755262304521,-0.6818302208630644,25.201855351314208,False
1924592062751756475,MSFT,False,,5,complete,True,-0.0014713493939315647,0.00048641861956491,0.0,0.0008486670250303662,0.0005312882802509403,17463.0,0.0015147755262304521,-0.6818302208630644,25.201855351314208,False
1924573795911926093,MSFT,False,,5,complete,True,-0.0014713493939315647,0.00048641861956491,0.0,0.0008486670250303662,0.0005312882802509403,17463.0,0.0015147755262304521,-0.6818302208630644,25.201855351314208,False
1924573793961537785,MSFT,False,,5,complete,True,-0.0014713493939315647,0.00048641861956491,0.0,0.0008486670250303662,0.0005312882802509403,17463.0,0.0015147755262304521,-0.6818302208630644,25.201855351314208,False
1924551335804072433,MSFT,False,,5,complete,True,0.0004484613545854277,0.00019737054958459129,12.0,0.00043148119470917657,0.00034861103715447354,15165.0,0.0008031154948555479,-0.6715525906336929,20.83086053412463,False
1924551333698535722,MSFT,False,,5,complete,True,0.0004484613545854277,0.00019737054958459129,12.0,0.00043148119470917657,0.00034861103715447354,15165.0,0.0008031154948555479,-0.6715525906336929,20.83086053412463,False
1924535906574467160,MSFT,False,,5,complete,True,0.00028569181434479063,0.00023562624157627473,10.0,0.0003251831601898955,0.00022891006675397082,13039.0,0.0005957159600949107,-0.39123189243518613,41.659636475189814,False
1924535904741568522,MSFT,False,,5,complete,True,0.00028569181434479063,0.00023562624157627473,10.0,0.0003251831601898955,0.00022891006675397082,13039.0,0.0005957159600949107,-0.39123189243518613,41.659636475189814,False
1924535902321442846,MSFT,False,,5,complete,True,0.00028569181434479063,0.00023562624157627473,10.0,0.0003251831601898955,0.00022891006675397082,13039.0,0.0005957159600949107,-0.39123189243518613,41.659636475189814,False
1924535900463366247,MSFT,False,,5,complete,True,0.00028569181434479063,0.00023562624157627473,10.0,0.0003251831601898955,0.00022891006675397082,13039.0,0.0005957159600949107,-0.39123189243518613,41.659636475189814,False
1924535898055835938,MSFT,False,,5,complete,True,0.00028569181434479063,0.00023562624157627473,10.0,0.0003251831601898955,0.00022891006675397082,13039.0,0.0005957159600949107,-0.39123189243518613,41.659636475189814,False
1924535896139038767,MSFT,False,,5,complete,True,0.00028569181434479063,0.00023562624157627473,10.0,0.0003251831601898955,0.00022891006675397082,13039.0,0.0005957159600949107,-0.39123189243518613,41.659636475189814,False
1924535894163554561,MSFT,False,,5,complete,True,0.00028569181434479063,0.00023562624157627473,10.0,0.0003251831601898955,0.00022891006675397082,13039.0,0.0005957159600949107,-0.39123189243518613,41.659636475189814,False
1923862635520590191,MSFT,False,,5,complete,True,0.012913310348895757,0.0010922593428781234,0.0,0.0008486670250303662,0.0005312882802509403,17463.0,0.0015147755262304521,0.4584936782959011,75.972055202428,False
1920190278000132578,MSFT,True,"fomc(ALL, 2025-05-07 18:00:00+00:00->2025-05-07 20:00:00+00:00)",5,complete,False,0.0017194093518144715,0.0005575940737370668,10.0,0.0003251831601898955,0.00022891006675397082,13039.0,0.0005957159600949107,1.0152935466877615,87.89017562696526,False
1918157057011982666,MSFT,True,"jobs_report(ALL, 2025-05-02 12:30:00+00:00->2025-05-02 20:00:00+00:00)",1,insufficient,False,,,,,,,,,,False
1918071080662778220,MSFT,True,"jobs_report(ALL, 2025-05-02 12:30:00+00:00->2025-05-02 20:00:00+00:00)",1,insufficient,False,,,,,,,,,,False
1918036165237854318,MSFT,True,"jobs_report(ALL, 2025-05-02 12:30:00+00:00->2025-05-02 20:00:00+00:00)",1,insufficient,False,,,,,,,,,,False
1917712586394722805,MSFT,True,"earnings(MSFT, 2025-04-30 20:00:00+00:00->2025-05-01 20:00:00+00:00)",5,complete,False,0.09362653502508844,0.0007672168644490949,0.0,0.0008486670250303662,0.0005312882802509403,17463.0,0.0015147755262304521,-0.15330690250272497,53.18673767393919,False
1917712584876384589,MSFT,True,"earnings(MSFT, 2025-04-30 20:00:00+00:00->2025-05-01 20:00:00+00:00)",5,complete,False,0.09362653502508844,0.0007672168644490949,0.0,0.0008486670250303662,0.0005312882802509403,17463.0,0.0015147755262304521,-0.15330690250272497,53.18673767393919,False
1917712583194468796,MSFT,True,"earnings(MSFT, 2025-04-30 20:00:00+00:00->2025-05-01 20:00:00+00:00)",5,complete,False,0.09362653502508844,0.0007672168644490949,0.0,0.0008486670250303662,0.0005312882802509403,17463.0,0.0015147755262304521,-0.15330690250272497,53.18673767393919,False
1917712581202161891,MSFT,True,"earnings(MSFT, 2025-04-30 20:00:00+00:00->2025-05-01 20:00:00+00:00)",5,complete,False,0.09362653502508844,0.0007672168644490949,0.0,0.0008486670250303662,0.0005312882802509403,17463.0,0.0015147755262304521,-0.15330690250272497,53.18673767393919,False
1917712579113410676,MSFT,True,"earnings(MSFT, 2025-04-30 20:00:00+00:00->2025-05-01 20:00:00+00:00)",5,complete,False,0.09362653502508844,0.0007672168644490949,0.0,0.0008486670250303662,0.0005312882802509403,17463.0,0.0015147755262304521,-0.15330690250272497,53.18673767393919,False
1915098373176352852,MSFT,False,,5,complete,True,-0.00017331610137572007,0.000632469248698892,8.0,0.0003413375703345288,0.0002875097071616347,12593.0,0.0005874198608789228,1.0125977353546962,92.00349400460574,True
1915098370773037193,MSFT,False,,5,complete,True,-0.00017331610137572007,0.000632469248698892,8.0,0.0003413375703345288,0.0002875097071616347,12593.0,0.0005874198608789228,1.0125977353546962,92.00349400460574,True
1915098367912505644,MSFT,False,,5,complete,True,-0.00017331610137572007,0.000632469248698892,8.0,0.0003413375703345288,0.0002875097071616347,12593.0,0.0005874198608789228,1.0125977353546962,92.00349400460574,True
1915098365433672168,MSFT,False,,5,complete,True,-0.00017331610137572007,0.000632469248698892,8.0,0.0003413375703345288,0.0002875097071616347,12593.0,0.0005874198608789228,1.0125977353546962,92.00349400460574,True
1915098363080675335,MSFT,False,,5,complete,True,-0.00017331610137572007,0.000632469248698892,8.0,0.0003413375703345288,0.0002875097071616347,12593.0,0.0005874198608789228,1.0125977353546962,92.00349400460574,True
1915098359251247392,MSFT,False,,5,complete,True,-0.00017331610137572007,0.000632469248698892,8.0,0.0003413375703345288,0.0002875097071616347,12593.0,0.0005874198608789228,1.0125977353546962,92.00349400460574,True
1914726618897268831,MSFT,False,,5,complete,True,-0.00010118322688246195,0.00041852487762936185,7.0,0.00034457144347952085,0.00034031473635120287,12279.0,0.0005972476141522693,0.21730893861005618,74.27314927925727,False
1914726560336371714,MSFT,False,,5,complete,True,-0.00010118322688246195,0.00041852487762936185,7.0,0.00034457144347952085,0.00034031473635120287,12279.0,0.0005972476141522693,0.21730893861005618,74.27314927925727,False
1914679199337746825,MSFT,False,,5,complete,True,-0.0003836397244898482,0.0003026448977526879,0.0,0.0008486670250303662,0.0005312882802509403,17463.0,0.0015147755262304521,-1.027732301980723,8.75565481303327,False
1914462142721613833,MSFT,False,,5,complete,True,-0.007071002725860698,0.001086462883204592,0.0,0.0008486670250303662,0.0005312882802509403,17463.0,0.0015147755262304521,0.4475834815364439,75.68573555517379,False
1912632802425888886,MSFT,False,,5,complete,True,-0.0003322346578071844,0.00024576172925998025,0.0,0.0008486670250303662,0.0005312882802509403,17463.0,0.0015147755262304521,-1.1347987866128333,5.211017580026342,False
1912264311474631084,MSFT,False,,5,complete,True,-0.0052521770048979954,0.0018434318398997916,0.0,0.0008486670250303662,0.0005312882802509403,17463.0,0.0015147755262304521,1.8723635582542382,94.92068945771058,True
1911860160320143407,MSFT,False,,5,complete,True,0.00038014245769191213,0.0008583051919639319,11.0,0.00032114069229810077,0.00023686374001858572,14468.0,0.0005890836126658784,2.2678207294357597,97.02101188830522,True
1908725272733794709,MSFT,False,,2,partial,True,0.006173213094232799,0.0,,,,,,,,False
1908357692630204920,MSFT,False,,2,partial,True,0.006173213094232799,0.0,,,,,,,,False
1908270494379630788,MSFT,False,,2,partial,True,0.006173213094232799,0.0,,,,,,,,False
1908236714545701317,MSFT,True,"jobs_report(ALL, 2025-04-04 12:30:00+00:00->2025-04-04 20:00:00+00:00)",5,complete,False,-0.001631169464358262,0.0007454318277224673,11.0,0.00032114069229810077,0.00023686374001858572,14468.0,0.0005890836126658784,1.7912878323675638,94.9198230577827,True
1908205929608470587,MSFT,True,"jobs_report(ALL, 2025-04-04 12:30:00+00:00->2025-04-04 20:00:00+00:00)",5,complete,False,0.0016542901874644356,0.0005616129120060654,7.0,0.00034457144347952085,0.00034031473635120287,12279.0,0.0005972476141522693,0.6377668826616987,87.8736053424546,False
1908205881835319800,MSFT,True,"jobs_report(ALL, 2025-04-04 12:30:00+00:00->2025-04-04 20:00:00+00:00)",5,complete,False,0.0022798386383783287,0.0006024378464776429,7.0,0.00034457144347952085,0.00034031473635120287,12279.0,0.0005972476141522693,0.7577291708343932,90.20278524309798,True
1908044867739210013,MSFT,True,"jobs_report(ALL, 2025-04-04 12:30:00+00:00->2025-04-04 20:00:00+00:00)",5,complete,False,0.005619463578732331,0.001808463864385742,0.0,0.0008486670250303662,0.0005312882802509403,17463.0,0.0015147755262304521,1.8065462292938976,94.58855866689572,True
1908044816677744693,MSFT,True,"jobs_report(ALL, 2025-04-04 12:30:00+00:00->2025-04-04 20:00:00+00:00)",5,complete,False,0.005619463578732331,0.001808463864385742,0.0,0.0008486670250303662,0.0005312882802509403,17463.0,0.0015147755262304521,1.8065462292938976,94.58855866689572,True
1907939716894437536,MSFT,True,"jobs_report(ALL, 2025-04-04 12:30:00+00:00->2025-04-04 20:00:00+00:00)",5,complete,False,0.005619463578732331,0.001808463864385742,0.0,0.0008486670250303662,0.0005312882802509403,17463.0,0.0015147755262304521,1.8065462292938976,94.58855866689572,True
1905668970835059194,MSFT,False,,5,complete,True,-0.00045951587635173485,0.0006101408349293065,7.0,0.00034457144347952085,0.00034031473635120287,12279.0,0.0005972476141522693,0.7803640662087566,90.58555256942748,True
1905668917852602804,MSFT,False,,5,complete,True,-0.0009138288297145802,0.00038801270879322526,7.0,0.00034457144347952085,0.00034031473635120287,12279.0,0.0005972476141522693,0.12765026216459008,69.62293346363711,False
1905084696712843733,MSFT,False,,5,complete,True,0.002917256340240759,0.0006223645271951382,0.0,0.0008486670250303662,0.0005312882802509403,17463.0,0.0015147755262304521,-0.4259504797063092,39.23724445971482,False
1904767942975512933,MSFT,False,,5,complete,True,-0.0005945863517501371,0.001010075900942797,0.0,0.0008486670250303662,0.0005312882802509403,17463.0,0.0015147755262304521,0.30380658093228297,71.44820477581172,False
1904739853037887716,MSFT,False,,5,complete,True,-0.0005945863517501371,0.001010075900942797,0.0,0.0008486670250303662,0.0005312882802509403,17463.0,0.0015147755262304521,0.30380658093228297,71.44820477581172,False
1904208615889891725,MSFT,False,,5,complete,True,-0.0009056810792804626,0.0003587838420263299,5.0,0.0003672981086593502,0.00023972392578563954,13030.0,0.0006590627497659094,-0.03551696646514008,59.24021488871835,False
1902092328384528642,MSFT,False,,5,complete,True,0.0004692296039556787,0.0009159902199420769,0.0,0.0008486670250303662,0.0005312882802509403,17463.0,0.0015147755262304521,0.12671688312023804,65.20071007272519,False
1902061864303096237,MSFT,False,,5,complete,True,0.0008170827039903905,0.00032961800407503377,9.0,0.00033253548162552474,0.00023910804800489707,12978.0,0.0005941845174873794,-0.012201502939086437,61.30374479889043,False
1902060094222987448,MSFT,False,,5,complete,True,-0.0002465944456686575,0.00022103739922454938,9.0,0.00033253548162552474,0.00023910804800489707,12978.0,0.0005941845174873794,-0.4663083628146712,35.61411619664047,False
1902038061254639632,MSFT,False,,5,complete,True,-0.0009960817553958945,0.00034615455968968294,6.0,0.0003552079198130546,0.00026342991575152103,12534.0,0.0006342324173254865,-0.03436724374125839,59.294718366044364,False
1902038012093198486,MSFT,False,,5,complete,True,-0.0007249473791337557,0.00040944299554828795,6.0,0.0003552079198130546,0.00026342991575152103,12534.0,0.0006342324173254865,0.20588047329594217,69.75426838997926,False
1900209497077129468,MSFT,False,,5,complete,True,-0.0013295495901634036,0.0005076077294208835,4.0,0.00039626488800730865,0.0002465407060130254,14095.0,0.0007098840687580993,0.45162051822668303,75.43809861653068,False
1900209495479034021,MSFT,False,,5,complete,True,-0.0013295495901634036,0.0005076077294208835,4.0,0.00039626488800730865,0.0002465407060130254,14095.0,0.0007098840687580993,0.45162051822668303,75.43809861653068,False
1898774082143076453,MSFT,False,,5,complete,True,-0.004498353145503287,0.0009214644747182562,0.0,0.0008486670250303662,0.0005312882802509403,17463.0,0.0015147755262304521,0.13702062024313053,65.67027429422207,False
1897318306107031628,MSFT,False,,5,complete,True,1.209780221467227e-05,0.0012891512235790855,3.0,0.0004390781078854962,0.0003033006506069773,15242.0,0.0007722151319405735,2.802740824961599,98.7337619734943,True
1897308312162746426,MSFT,False,,5,complete,True,-3.554799394955843e-05,0.0004589866606357999,1.0,0.0005964449947949784,0.0004086326699172152,16789.0,0.0010514798662813749,-0.33638606082824,41.53314670319852,False
1896581951303405739,MSFT,False,,5,complete,True,0.0006465390885346256,0.0006852018715288385,1.0,0.0005964449947949784,0.0004086326699172152,16789.0,0.0010514798662813749,0.21720455379116257,69.37875990231699,False
1896581949298536757,MSFT,False,,5,complete,True,0.0006465390885346256,0.0006852018715288385,1.0,0.0005964449947949784,0.0004086326699172152,16789.0,0.0010514798662813749,0.21720455379116257,69.37875990231699,False
1895212584342822934,MSFT,False,,5,complete,True,-0.00035466476654044676,0.0006102811242729336,12.0,0.00043148119470917657,0.00034861103715447354,15165.0,0.0008031154948555479,0.512892337039027,81.0418727332674,False
1895212396383478194,MSFT,False,,5,complete,True,-0.00028590229202762885,0.0006102993659544118,12.0,0.00043148119470917657,0.00034861103715447354,15165.0,0.0008031154948555479,0.5129446637858422,81.0418727332674,False
1894876061302956372,MSFT,False,,5,complete,True,0.006857028750727245,0.00164796681778938,0.0,0.0008486670250303662,0.0005312882802509403,17463.0,0.0015147755262304521,1.5044559092880518,92.35526541831301,True
1893838508525011177,MSFT,False,,5,complete,True,-0.008808545784047217,0.0014260790402552276,0.0,0.0008486670250303662,0.0005312882802509403,17463.0,0.0015147755262304521,1.0868148925704435,87.986027601214,False
1893838447246270806,MSFT,False,,5,complete,True,-0.008808545784047217,0.0014260790402552276,0.0,0.0008486670250303662,0.0005312882802509403,17463.0,0.0015147755262304521,1.0868148925704435,87.986027601214,False
1892305489532506469,MSFT,False,,5,complete,True,0.001165668459705449,0.0002722666882367619,11.0,0.00032114069229810077,0.00023686374001858572,14468.0,0.0005890836126658784,-0.20633805772679226,51.997511750069116,False
1892244167079923825,MSFT,False,,5,complete,True,0.00017492226331583538,0.000700394713010444,3.0,0.0004390781078854962,0.0003033006506069773,15242.0,0.0007722151319405735,0.8615761443372794,86.71434194987533,False
1892244164814725387,MSFT,False,,5,complete,True,0.00017492226331583538,0.000700394713010444,3.0,0.0004390781078854962,0.0003033006506069773,15242.0,0.0007722151319405735,0.8615761443372794,86.71434194987533,False
1892242897216450621,MSFT,False,,5,complete,True,0.0002702808167385218,0.0008734630335739714,3.0,0.0004390781078854962,0.0003033006506069773,15242.0,0.0007722151319405735,1.432192528499912,93.16362682062721,True
1892242895094313420,MSFT,False,,5,complete,True,0.0002702808167385218,0.0008734630335739714,3.0,0.0004390781078854962,0.0003033006506069773,15242.0,0.0007722151319405735,1.432192528499912,93.16362682062721,True
1887602132582604976,MSFT,False,,5,complete,True,0.000772375360487354,0.0004759604433837682,12.0,0.00043148119470917657,0.00034861103715447354,15165.0,0.0008031154948555479,0.12758990374387483,69.29113089350479,False
1887587703665139765,MSFT,False,,3,partial,True,-0.00048401919232987645,0.00015062211843686057,10.0,0.0003251831601898955,0.00022891006675397082,13039.0,0.0005957159600949107,-0.762574771080953,18.76677659329703,False
1885442033617338795,MSFT,False,,5,complete,True,0.008444489723033244,0.0017774168873375361,0.0,0.0008486670250303662,0.0005312882802509403,17463.0,0.0015147755262304521,1.7481090715355116,94.17625837484968,True
1885351425016029321,MSFT,False,,5,complete,True,0.0006531056129798207,0.0009287594458404723,2.0,0.0004969423493055211,0.0003252540290960463,15843.0,0.0008710246459230017,1.327630276356814,91.87022659849777,True
1883753899255046301,MSFT,False,,5,complete,True,-0.026289076348741558,0.0007224782076678842,0.0,0.0008486670250303662,0.0005312882802509403,17463.0,0.0015147755262304521,-0.23751477691711925,49.30996965011739,False
1882918743409676719,MSFT,False,,5,complete,True,-0.026289076348741558,0.0007224782076678842,0.0,0.0008486670250303662,0.0005312882802509403,17463.0,0.0015147755262304521,-0.23751477691711925,49.30996965011739,False
1881422295413280932,MSFT,False,,5,complete,True,-0.0020762612617546417,0.001857718023103989,0.0,0.0008486670250303662,0.0005312882802509403,17463.0,0.0015147755262304521,1.8992532596371665,95.04667010250243,True
1879960414483804169,MSFT,False,,4,partial,True,-0.0006658375880637113,0.0004472788386336013,8.0,0.0003413375703345288,0.0002875097071616347,12593.0,0.0005874198608789228,0.3684789266593825,78.31334868577781,False
1879960413082947966,MSFT,False,,4,partial,True,-0.0006658375880637113,0.0004472788386336013,8.0,0.0003413375703345288,0.0002875097071616347,12593.0,0.0005874198608789228,0.3684789266593825,78.31334868577781,False
1879530496100868130,MSFT,True,"cpi(ALL, 2025-01-15 13:30:00+00:00->2025-01-15 21:00:00+00:00)",5,complete,False,-0.0008421168834202852,0.002312365066439625,0.0,0.0008486670250303662,0.0005312882802509403,17463.0,0.0015147755262304521,2.754997796521916,97.9041401820993,True
1879530451716776062,MSFT,True,"cpi(ALL, 2025-01-15 13:30:00+00:00->2025-01-15 21:00:00+00:00)",5,complete,False,-0.0008421168834202852,0.002312365066439625,0.0,0.0008486670250303662,0.0005312882802509403,17463.0,0.0015147755262304521,2.754997796521916,97.9041401820993,True
1879237790015402316,MSFT,False,,5,complete,True,0.00023925364750176925,0.0003725176934466447,8.0,0.0003413375703345288,0.0002875097071616347,12593.0,0.0005874198608789228,0.10844894045468464,67.7122210752005,False
1878578360445792407,MSFT,False,,5,complete,True,0.0021485851790822297,0.0006181201482925602,0.0,0.0008486670250303662,0.0005312882802509403,17463.0,0.0015147755262304521,-0.4339393231654069,38.83067056061387,False
1878578314115473577,MSFT,False,,5,complete,True,0.0021485851790822297,0.0006181201482925602,0.0,0.0008486670250303662,0.0005312882802509403,17463.0,0.0015147755262304521,-0.4339393231654069,38.83067056061387,False
1877174465865318721,MSFT,True,"jobs_report(ALL, 2025-01-10 13:30:00+00:00->2025-01-10 21:00:00+00:00)",1,insufficient,False,,,,,,,,,,False
1876877914324476183,MSFT,False,,5,complete,True,0.0044289111911346435,0.0012552692896135808,0.0,0.0008486670250303662,0.0005312882802509403,17463.0,0.0015147755262304521,0.7653138224527868,83.03269770371642,False
1876669948912861497,MSFT,False,,5,complete,True,0.0004999099504123805,0.0004163775132529946,4.0,0.00039626488800730865,0.0002465407060130254,14095.0,0.0007098840687580993,0.08157932850497851,63.07910606598084,False
1876583121195552929,MSFT,False,,5,complete,True,-0.004005628195539179,0.0009407594681069326,0.0,0.0008486670250303662,0.0005312882802509403,17463.0,0.0015147755262304521,0.17333799087958204,67.06178777987746,False
1876556891041792195,MSFT,False,,5,complete,True,-0.004005628195539179,0.0009407594681069326,0.0,0.0008486670250303662,0.0005312882802509403,17463.0,0.0015147755262304521,0.17333799087958204,67.06178777987746,False
1876279310300103067,MSFT,False,,5,complete,True,0.0017262963355586525,0.0019184027992842152,0.0,0.0008486670250303662,0.0005312882802509403,17463.0,0.0015147755262304521,2.0134751960810937,95.5964038252305,True
1875265482498220525,MSFT,False,,5,complete,True,-0.0005424947906181865,0.0002564311326290725,10.0,0.0003251831601898955,0.00022891006675397082,13039.0,0.0005957159600949107,-0.30034514661479134,47.02814633024005,False
1869445092832059804,MSFT,False,,3,partial,True,0.00011223880317667856,5.537527831744882e-05,7.0,0.00034457144347952085,0.00034031473635120287,12279.0,0.0005972476141522693,-0.8497903095904235,1.3600456063197328,False
1869445091213095140,MSFT,False,,3,partial,True,0.00011223880317667856,5.537527831744882e-05,7.0,0.00034457144347952085,0.00034031473635120287,12279.0,0.0005972476141522693,-0.8497903095904235,1.3600456063197328,False
1869081030839390572,MSFT,False,,5,complete,True,-3.585926039817444e-05,0.00021217006796208642,7.0,0.00034457144347952085,0.00034031473635120287,12279.0,0.0005972476141522693,-0.3890556634044697,30.98786546135679,False
1869080969728422079,MSFT,False,,5,complete,True,-3.585926039817444e-05,0.00021217006796208642,7.0,0.00034457144347952085,0.00034031473635120287,12279.0,0.0005972476141522693,-0.3890556634044697,30.98786546135679,False
1868532219519869209,MSFT,False,,1,insufficient,False,,,,,,,,,,False
1867622809851367866,MSFT,False,,5,complete,True,6.968329261980433e-05,5.071065506522264e-05,6.0,0.0003552079198130546,0.00026342991575152103,12534.0,0.0006342324173254865,-1.1558947808913531,0.6781554172650391,False
1867622807213158699,MSFT,False,,5,complete,True,6.968329261980433e-05,5.071065506522264e-05,6.0,0.0003552079198130546,0.00026342991575152103,12534.0,0.0006342324173254865,-1.1558947808913531,0.6781554172650391,False
1867383295128084989,MSFT,False,,5,complete,True,-0.003593399990622803,0.0011591529825254164,0.0,0.0008486670250303662,0.0005312882802509403,17463.0,0.0015147755262304521,0.5844020450599816,79.13875050105939,False
1867383293655888160,MSFT,False,,5,complete,True,-0.003593399990622803,0.0011591529825254164,0.0,0.0008486670250303662,0.0005312882802509403,17463.0,0.0015147755262304521,0.5844020450599816,79.13875050105939,False
1867273195331760371,MSFT,False,,4,partial,True,-0.0006161176783902045,0.00010647471226859608,7.0,0.00034457144347952085,0.00034031473635120287,12279.0,0.0005972476141522693,-0.699636853119432,7.036403615929636,False
1859033782067884050,MSFT,False,,5,complete,True,-0.001851577045764552,0.000513940712688906,0.0,0.0008486670250303662,0.0005312882802509403,17463.0,0.0015147755262304521,-0.6300276606579029,27.94479757200939,False
1858985696830386451,MSFT,False,,5,complete,True,-0.001851577045764552,0.000513940712688906,0.0,0.0008486670250303662,0.0005312882802509403,17463.0,0.0015147755262304521,-0.6300276606579029,27.94479757200939,False
1858945686009455050,MSFT,False,,5,complete,True,-6.248692735111305e-05,0.00017115993047107624,8.0,0.0003413375703345288,0.0002875097071616347,12593.0,0.0005874198608789228,-0.5919022406008038,21.043436829984913,False
1858945684604420311,MSFT,False,,5,complete,True,-6.248692735111305e-05,0.00017115993047107624,8.0,0.0003413375703345288,0.0002875097071616347,12593.0,0.0005874198608789228,-0.5919022406008038,21.043436829984913,False
1858945683048313066,MSFT,False,,5,complete,True,-6.248692735111305e-05,0.00017115993047107624,8.0,0.0003413375703345288,0.0002875097071616347,12593.0,0.0005874198608789228,-0.5919022406008038,21.043436829984913,False
1858945681223720965,MSFT,False,,5,complete,True,-6.248692735111305e-05,0.00017115993047107624,8.0,0.0003413375703345288,0.0002875097071616347,12593.0,0.0005874198608789228,-0.5919022406008038,21.043436829984913,False
1858945679567015967,MSFT,False,,5,complete,True,-6.248692735111305e-05,0.00017115993047107624,8.0,0.0003413375703345288,0.0002875097071616347,12593.0,0.0005874198608789228,-0.5919022406008038,21.043436829984913,False
1858945678338138244,MSFT,False,,5,complete,True,-6.248692735111305e-05,0.00017115993047107624,8.0,0.0003413375703345288,0.0002875097071616347,12593.0,0.0005874198608789228,-0.5919022406008038,21.043436829984913,False
1858657006405509524,MSFT,False,,5,complete,True,-0.002910395019672496,0.0010978346202872719,0.0,0.0008486670250303662,0.0005312882802509403,17463.0,0.0015147755262304521,0.4689875619677094,76.30991238618793,False
1857123978399318389,MSFT,False,,5,complete,True,0.0032106813106271836,0.001256206981948526,7.0,0.00034457144347952085,0.00034031473635120287,12279.0,0.0005972476141522693,2.6788012421777774,99.26704129000733,True
1856757431302590649,MSFT,True,"cpi(ALL, 2024-11-13 13:30:00+00:00->2024-11-13 21:00:00+00:00)",5,complete,False,2.7725040923076705e-06,0.0004910320096707934,6.0,0.0003552079198130546,0.00026342991575152103,12534.0,0.0006342324173254865,0.5155985775960776,79.8867081538216,False
1856440392956485655,MSFT,False,,5,complete,True,-0.001028304075163966,0.00040464810436424806,12.0,0.00043148119470917657,0.00034861103715447354,15165.0,0.0008031154948555479,-0.07697143086447507,60.61325420375866,False
1854216231991271547,MSFT,False,,4,partial,True,0.00042719426547010997,0.00024237552733002578,6.0,0.0003552079198130546,0.00026342991575152103,12534.0,0.0006342324173254865,-0.42832034532272883,37.33843944471039,False
1851306694997164398,MSFT,False,,4,partial,True,7.21650369628346e-05,0.00015309367202288342,6.0,0.0003552079198130546,0.00026342991575152103,12534.0,0.0006342324173254865,-0.7672410599744278,15.828945268868678,False
1851301277801857439,MSFT,False,,5,complete,True,0.0004575807940894183,0.000627073679996679,6.0,0.0003552079198130546,0.00026342991575152103,12534.0,0.0006342324173254865,1.0320231072011594,89.66810276049146,False
1849564114181554651,MSFT,False,,5,complete,True,0.0033541109048742523,0.000601917296760811,0.0,0.0008486670250303662,0.0005312882802509403,17463.0,0.0015147755262304521,-0.4644366108603212,37.03830956880261,False
1849367916707545417,MSFT,False,,5,complete,True,-0.0010572987239272358,0.0020357572253217595,0.0,0.0008486670250303662,0.0005312882802509403,17463.0,0.0015147755262304521,2.2343617286846644,96.36946687281682,True
1849022176118337890,MSFT,False,,5,complete,True,0.0014681721303613227,0.0010650622853360877,0.0,0.0008486670250303662,0.0005312882802509403,17463.0,0.0015147755262304521,0.40730290569088556,74.66071121800378,False
1848731073670484418,MSFT,False,,5,complete,True,0.00011008963391667681,0.00039582616472108616,1.0,0.0005964449947949784,0.0004086326699172152,16789.0,0.0010514798662813749,-0.4909515191590911,32.455774614330814,False
1848325890779787685,MSFT,False,,5,complete,True,-0.0034956259271344825,0.0017410948256161274,0.0,0.0008486670250303662,0.0005312882802509403,17463.0,0.0015147755262304521,1.6797430580705563,93.75823168985856,True
1848310867709862137,MSFT,False,,5,complete,True,-0.0034956259271344825,0.0017410948256161274,0.0,0.0008486670250303662,0.0005312882802509403,17463.0,0.0015147755262304521,1.6797430580705563,93.75823168985856,True
1846980279107571867,MSFT,False,,4,partial,True,0.00033678052998520336,0.00011373244743833377,9.0,0.00033253548162552474,0.00023910804800489707,12978.0,0.0005941845174873794,-0.9150801740588412,9.053783325627986,False
1846596104215056674,MSFT,False,,5,complete,True,-7.054510758552901e-05,0.0003569134575430067,6.0,0.0003552079198130546,0.00026342991575152103,12534.0,0.0006342324173254865,0.00647435096764349,61.29727142173289,False
1843676169071468585,MSFT,False,,4,partial,True,-0.00018705715466083017,0.00016081681075376514,4.0,0.00039626488800730865,0.0002465407060130254,14095.0,0.0007098840687580993,-0.9550069076264598,11.97587797091167,False
1841589429502411220,MSFT,False,,5,complete,True,0.0024164242956089543,0.0007854928580061078,0.0,0.0008486670250303662,0.0005312882802509403,17463.0,0.0015147755262304521,-0.11890751099275089,54.807306877397934,False
1841173011732562217,MSFT,False,,5,complete,True,0.0004908213171391784,0.00012450130177490016,8.0,0.0003413375703345288,0.0002875097071616347,12593.0,0.0005874198608789228,-0.754187643611371,10.807591519097912,False
1841142540806078913,MSFT,False,,4,partial,True,0.0009593090008057636,0.00030720122033437764,4.0,0.00039626488800730865,0.0002465407060130254,14095.0,0.0007098840687580993,-0.361253397514914,43.03653777935438,False
1838975273653702753,MSFT,False,,5,complete,True,-0.0002419716502123359,0.00029086894165384025,5.0,0.0003672981086593502,0.00023972392578563954,13030.0,0.0006590627497659094,-0.3188216059578996,44.64313123561013,False
1838660210250125760,MSFT,False,,5,complete,True,-0.0004427665920954116,0.00021139120027084001,11.0,0.00032114069229810077,0.00023686374001858572,14468.0,0.0005890836126658784,-0.4633444191105366,35.41609068288637,False
1838630817339445706,MSFT,False,,4,partial,True,5.594899808336606e-06,0.00023765772240360054,7.0,0.00034457144347952085,0.00034031473635120287,12279.0,0.0005972476141522693,-0.31416130321663754,37.40532616662595,False
1838600423407784446,MSFT,False,,5,complete,True,-0.0005756014658957476,0.00033984039318990967,3.0,0.0004390781078854962,0.0003033006506069773,15242.0,0.0007722151319405735,-0.32719255463840274,42.67156541136334,False
1838245008249671890,MSFT,False,,4,partial,True,-0.00041348935428842104,0.00032581765971295435,4.0,0.00039626488800730865,0.0002465407060130254,14095.0,0.0007098840687580993,-0.28574278638851786,46.86768357573607,False
1835711224174305419,MSFT,False,,5,complete,True,-0.00022474812707762304,0.000349314055355678,5.0,0.0003672981086593502,0.00023972392578563954,13030.0,0.0006590627497659094,-0.07501985145927194,57.34458940905603,False
1835703768677339207,MSFT,False,,5,complete,True,-0.000498029699848912,0.0005923383739663443,4.0,0.00039626488800730865,0.0002465407060130254,14095.0,0.0007098840687580993,0.7952986309233517,83.24228449804896,False
1835699037569441844,MSFT,False,,3,partial,True,-0.0005914591482342191,0.00016830627014563504,3.0,0.0004390781078854962,0.0003033006506069773,15242.0,0.0007722151319405735,-0.8927505997695085,10.024931111402703,False
1833555602997674312,MSFT,False,,4,partial,True,0.000491732650444221,0.0009372995975725311,7.0,0.00034457144347952085,0.00034031473635120287,12279.0,0.0005972476141522693,1.7417058116499493,97.89885169802102,True
1832212940461904246,MSFT,False,,5,complete,True,0.00441915309264318,0.0019321486571232023,0.0,0.0008486670250303662,0.0005312882802509403,17463.0,0.0015147755262304521,2.0393478877062403,95.71093168413216,True
1831026125289693263,MSFT,False,,4,partial,True,0.000713550460245238,1.5166762933729976e-05,8.0,0.0003413375703345288,0.0002875097071616347,12593.0,0.0005874198608789228,-1.1344688519244648,0.06352735646787898,False
1819048640545235018,MSFT,False,,4,partial,True,0.0009138823801136953,0.00042963687573940006,6.0,0.0003552079198130546,0.00026342991575152103,12534.0,0.0006342324173254865,0.28253797870303454,72.73017392691878,False
1816551955046744502,MSFT,False,,5,complete,True,-0.0004252029294949944,0.0007471784373348085,11.0,0.00032114069229810077,0.00023686374001858572,14468.0,0.0005890836126658784,1.7986617327045427,94.9543820846005,True
1816154169809723412,MSFT,False,,4,partial,True,0.0005754045379604555,0.00019507850042432373,6.0,0.0003552079198130546,0.00026342991575152103,12534.0,0.0006342324173254865,-0.6078634574661299,25.650231370671772,False
1814329337451344250,MSFT,False,,3,partial,True,-0.0016306086076838255,0.0001711397534021053,5.0,0.0003672981086593502,0.00023972392578563954,13030.0,0.0006590627497659094,-0.8182677411709381,16.6615502686109,False
1812296545725006290,MSFT,False,,5,complete,True,-0.0016752599919906963,0.0007518037177286786,0.0,0.0008486670250303662,0.0005312882802509403,17463.0,0.0015147755262304521,-0.18231779412852242,51.81240336711905,False
1807114709499523208,MSFT,False,,5,complete,True,-0.005011769588116888,0.0007549683543749681,0.0,0.0008486670250303662,0.0005312882802509403,17463.0,0.0015147755262304521,-0.17636126023924706,52.133081372043755,False
1806053061905023266,MSFT,False,,5,complete,True,0.0004586078048114395,0.0008479983755319171,12.0,0.00043148119470917657,0.00034861103715447354,15165.0,0.0008031154948555479,1.1947905729622008,91.2298054731289,True
1803112708591718871,MSFT,False,,3,partial,True,5.9262696607831344e-06,0.00037460888520879365,7.0,0.00034457144347952085,0.00034031473635120287,12279.0,0.0005972476141522693,0.08826371156103664,67.63580096099031,False
1803053504224968853,MSFT,False,,5,complete,True,0.00011206871255531325,0.0013188804055296313,0.0,0.0008486670250303662,0.0005312882802509403,17463.0,0.0015147755262304521,0.8850437662151552,85.26599095229915,False
1802747537721618694,MSFT,False,,4,partial,True,0.0005079824577385317,0.0002102196744298079,6.0,0.0003552079198130546,0.00026342991575152103,12534.0,0.0006342324173254865,-0.5503864091123432,29.280357427796392,False
1799927810422943838,MSFT,False,,5,complete,True,0.004219943000079218,0.00023431739969426014,0.0,0.0008486670250303662,0.0005312882802509403,17463.0,0.0015147755262304521,-1.1563395018725688,4.638378285517952,False
1797726803483865237,MSFT,False,,5,complete,True,-0.004727697633489791,0.0009701055385900794,0.0,0.0008486670250303662,0.0005312882802509403,17463.0,0.0015147755262304521,0.22857367285112112,68.83696959285346,False
1796600812388639221,MSFT,False,,4,partial,True,0.0002301254748087178,0.0004603440675893532,8.0,0.0003413375703345288,0.0002875097071616347,12593.0,0.0005874198608789228,0.41392166695756216,79.86182799968236,False
1793066495435813188,MSFT,False,,5,complete,True,0.007812122633517715,0.000598368010917832,0.0,0.0008486670250303662,0.0005312882802509403,17463.0,0.0015147755262304521,-0.47111713812755657,36.63746206264673,False
1793054879608651886,MSFT,False,,5,complete,True,0.007812122633517715,0.000598368010917832,0.0,0.0008486670250303662,0.0005312882802509403,17463.0,0.0015147755262304521,-0.47111713812755657,36.63746206264673,False
1792995324480348390,MSFT,False,,4,partial,True,-0.0003708349583131376,0.00019793175445101987,11.0,0.00032114069229810077,0.00023686374001858572,14468.0,0.0005890836126658784,-0.5201679997006431,31.897981752833843,False
1792970481336983820,MSFT,False,,5,complete,True,-0.00047900279584900396,0.00023710960840992278,7.0,0.00034457144347952085,0.00034031473635120287,12279.0,0.0005972476141522693,-0.31577191226505713,37.2098705106279,False
1792932914268713025,MSFT,False,,5,complete,True,0.0008365037852224866,0.00024405386662353865,2.0,0.0004969423493055211,0.0003252540290960463,15843.0,0.0008710246459230017,-0.7775106841406889,18.190999179448337,False
1792617851385426024,MSFT,False,,5,complete,True,-0.0003003581450335968,0.0007909966180390881,9.0,0.00033253548162552474,0.00023910804800489707,12978.0,0.0005941845174873794,1.9173806161646796,96.03174603174604,True
1790063618916000046,MSFT,False,,3,partial,True,3.762176693167252e-05,0.0002649481579632962,6.0,0.0003552079198130546,0.00026342991575152103,12534.0,0.0006342324173254865,-0.34263292227939485,42.452529120791446,False
1788338535499808903,MSFT,False,,5,complete,True,-0.0006325499426819148,0.0006371338993281338,0.0,0.0008486670250303662,0.0005312882802509403,17463.0,0.0015147755262304521,-0.3981513117554941,40.90362480673424,False
1788209533850108264,MSFT,False,,5,complete,True,0.0011554404972906607,0.00023388105047006432,1.0,0.0005964449947949784,0.0004086326699172152,16789.0,0.0010514798662813749,-0.8872612764866935,11.263327178509739,False
1785892561300885522,MSFT,False,,5,complete,True,-0.001967719254708067,0.0012938872322474913,0.0,0.0008486670250303662,0.0005312882802509403,17463.0,0.0015147755262304521,0.8380011827229406,84.40703201053657,False
1785714562601529831,MSFT,False,,5,complete,True,0.0010916592281089432,0.0003067653541735296,6.0,0.0003552079198130546,0.00026342991575152103,12534.0,0.0006342324173254865,-0.18389166432114046,51.36428913355673,False
1785524632298365097,MSFT,False,,5,complete,True,0.004415427206723721,0.0017197106610254988,0.0,0.0008486670250303662,0.0005312882802509403,17463.0,0.0015147755262304521,1.639493413225147,93.46618564965928,True
1785196931876368513,MSFT,False,,5,complete,True,-0.002264735346904967,0.0014049949366265748,0.0,0.0008486670250303662,0.0005312882802509403,17463.0,0.0015147755262304521,1.047130027663026,87.5279161656073,False
1785174185842769981,MSFT,False,,5,complete,True,-0.002264735346904967,0.0014049949366265748,0.0,0.0008486670250303662,0.0005312882802509403,17463.0,0.0015147755262304521,1.047130027663026,87.5279161656073,False
1785164742170194234,MSFT,False,,5,complete,True,-0.002264735346904967,0.0014049949366265748,0.0,0.0008486670250303662,0.0005312882802509403,17463.0,0.0015147755262304521,1.047130027663026,87.5279161656073,False
1784982781338210563,MSFT,False,,3,partial,True,-0.0005114783340800511,6.853959133845677e-05,5.0,0.0003672981086593502,0.00023972392578563954,13030.0,0.0006590627497659094,-1.2462607407324142,1.719109746738296,False
1784976536120267130,MSFT,False,,5,complete,True,5.910686859955661e-07,0.0002812397394681065,5.0,0.0003672981086593502,0.00023972392578563954,13030.0,0.0006590627497659094,-0.35898948721621066,42.432847275518036,False
1782779420950011950,MSFT,False,,5,complete,True,-0.0002556314416407579,0.00022097651643354787,2.0,0.0004969423493055211,0.0003252540290960463,15843.0,0.0008710246459230017,-0.8484624576025824,14.410149592880137,False
1777751428947378575,MSFT,False,,5,complete,True,8.45129341995321e-05,8.952489827495952e-05,8.0,0.0003413375703345288,0.0002875097071616347,12593.0,0.0005874198608789228,-0.8758405917682738,4.95513380449456,False
1775988939079450886,MSFT,True,"jobs_report(ALL, 2024-04-05 12:30:00+00:00->2024-04-05 20:00:00+00:00)",5,complete,False,-0.0003201138789483693,0.0012427496278490514,0.0,0.0008486670250303662,0.0005312882802509403,17463.0,0.0015147755262304521,0.7417490983097735,82.59749183989005,False
1775539553715265614,MSFT,False,,5,complete,True,-0.0006515741697660227,0.00032818585264837914,3.0,0.0004390781078854962,0.0003033006506069773,15242.0,0.0007722151319405735,-0.3656182570502077,40.49337357302191,False
1775212618581676406,MSFT,False,,3,partial,True,0.0003306013221087145,0.00023702411790837985,7.0,0.00034457144347952085,0.00034031473635120287,12279.0,0.0005972476141522693,-0.31602312237267555,37.17729456796156,False
1774581166039015641,MSFT,False,,5,complete,True,0.011830485922360356,0.0006763253666028665,0.0,0.0008486670250303662,0.0005312882802509403,17463.0,0.0015147755262304521,-0.3243844534761779,44.923552654183126,False
1773063169138671984,MSFT,False,,4,partial,True,0.00028466671221338835,0.00013088076563768158,11.0,0.00032114069229810077,0.00023686374001858572,14468.0,0.0005890836126658784,-0.8032463164074428,13.3674315731269,False
1770882661483184130,MSFT,False,,3,partial,True,-1.4132023796631366e-05,0.00017477669419463382,10.0,0.0003251831601898955,0.00022891006675397082,13039.0,0.0005957159600949107,-0.6570548343639092,25.462075312523968,False
1770496554589372568,MSFT,False,,4,partial,True,-0.0002070620713281457,9.212069925536449e-05,7.0,0.00034457144347952085,0.00034031473635120287,12279.0,0.0005972476141522693,-0.7418154938892467,4.731655672286017,False
1770132249029357569,MSFT,False,,5,complete,True,-0.0005610740377344214,0.00043246500590606854,6.0,0.0003552079198130546,0.00026342991575152103,12534.0,0.0006342324173254865,0.29327377595901555,73.11313228019786,False
1769850474528952779,MSFT,False,,5,complete,True,0.0017649210297943085,0.002432466095709637,0.0,0.0008486670250303662,0.0005312882802509403,17463.0,0.0015147755262304521,2.98105403328529,98.33361965298059,True
1767946880913412533,MSFT,False,,3,partial,True,0.0002891029505289744,6.627772785172681e-05,5.0,0.0003672981086593502,0.00023972392578563954,13030.0,0.0006590627497659094,-1.2556960254221556,1.5502686108979278,False
1767246756419608682,MSFT,False,,4,partial,True,0.0009902729508151076,0.00048015290068051115,8.0,0.0003413375703345288,0.0002875097071616347,12593.0,0.0005874198608789228,0.48281962969668346,82.10116731517509,False
1765796164660867353,MSFT,False,,5,complete,True,0.00028876223177642935,0.0001725344465097511,6.0,0.0003552079198130546,0.00026342991575152103,12534.0,0.0006342324173254865,-0.693442401111381,20.19307483644487,False
1763294026810495267,MSFT,False,,5,complete,True,-9.465691457477554e-05,0.000200688486200659,11.0,0.00032114069229810077,0.00023686374001858572,14468.0,0.0005890836126658784,-0.5085295287830479,32.69283936964335,False
1763250537309565236,MSFT,False,,5,complete,True,0.0006055601688514933,0.0002295684219605038,5.0,0.0003672981086593502,0.00023972392578563954,13030.0,0.0006590627497659094,-0.5745345870149143,30.590943975441288,False
1762525817836638357,MSFT,False,,4,partial,True,-0.0006450907415167517,0.00010088048643278667,5.0,0.0003672981086593502,0.00023972392578563954,13030.0,0.0006590627497659094,-1.1113518242012832,4.5970836531082115,False
1762165185513722057,MSFT,False,,4,partial,True,-0.00039561047095415525,0.00019095675056443354,5.0,0.0003672981086593502,0.00023972392578563954,13030.0,0.0006590627497659094,-0.7356018282989433,21.2279355333845,False
1759806782632079789,MSFT,False,,5,complete,True,-0.001275488873746733,0.0014406124970425603,0.0,0.0008486670250303662,0.0005312882802509403,17463.0,0.0015147755262304521,1.114170016572931,88.27807364141327,False
1757476882646450454,MSFT,True,"cpi(ALL, 2024-02-13 13:30:00+00:00->2024-02-13 21:00:00+00:00)",5,complete,False,0.000485223303052007,0.00029322929298243903,8.0,0.0003413375703345288,0.0002875097071616347,12593.0,0.0005874198608789228,-0.16732748896385546,52.084491384102286,False
1755464663385711093,MSFT,False,,5,complete,True,-1.167434018656266e-05,0.0007279442805475814,0.0,0.0008486670250303662,0.0005312882802509403,17463.0,0.0015147755262304521,-0.22722643990144972,49.80243944339461,False
1755258763962118367,MSFT,False,,5,complete,True,0.0003085556683709578,0.00039352103281003846,2.0,0.0004969423493055211,0.0003252540290960463,15843.0,0.0008710246459230017,-0.3179709004156341,44.15199141576721,False
1755104278925255077,MSFT,False,,4,partial,True,0.003531408153133242,0.0006414880409499793,0.0,0.0008486670250303662,0.0005312882802509403,17463.0,0.0015147755262304521,-0.38995587100572093,41.40182099295654,False
1753147910865535215,MSFT,False,,5,complete,True,-0.0008305205813688987,0.0005405529630044121,11.0,0.00032114069229810077,0.00023686374001858572,14468.0,0.0005890836126658784,0.926322748636389,87.59330937240807,False
1747153222035485180,MSFT,False,,3,partial,True,0.014282432909435427,0.0017044763202216373,,,,,,,,False
1747000699664429075,MSFT,False,,3,partial,True,0.014282432909435427,0.0017044763202216373,,,,,,,,False
1746944456493072495,MSFT,False,,3,partial,True,0.014282432909435427,0.0017044763202216373,,,,,,,,False
1745496546949644397,MSFT,True,"cpi(ALL, 2024-01-11 13:30:00+00:00->2024-01-11 21:00:00+00:00)",2,partial,False,-0.0004788562263505769,0.0,5.0,0.0003672981086593502,0.00023972392578563954,13030.0,0.0006590627497659094,-1.5321712568139199,0.0,False
1744856756482879957,MSFT,False,,5,complete,True,0.005765410266937554,0.0007695069841240517,0.0,0.0008486670250303662,0.0005312882802509403,17463.0,0.0015147755262304521,-0.14899639959858585,53.37570864112695,False
1744772206369079649,MSFT,False,,4,partial,True,-0.00042002968554422093,0.0005838438283299151,5.0,0.0003672981086593502,0.00023972392578563954,13030.0,0.0006590627497659094,0.9033129211483024,85.6945510360706,False
2075218665826636038,QCOM,False,,5,complete,True,0.003862148729032455,0.0010950189943510161,1.0,0.0010679330962987635,0.0008592874368406169,12796.0,0.0020260299531439556,0.03152134767830498,66.4426383244764,False
2074493890124816461,QCOM,False,,5,complete,True,-0.0019219525121098036,0.0016303242873239722,1.0,0.0010679330962987635,0.0008592874368406169,12796.0,0.0020260299531439556,0.6544855270932148,84.65926852141294,False
2073465899575820371,QCOM,False,,5,complete,True,0.035851986036021355,0.0032496186390208307,0.0,0.0014818076249964866,0.0011271118396065408,13473.0,0.0028247990165708504,1.5684433007477434,92.8449491575744,True
2072748263208616222,QCOM,True,"jobs_report(ALL, 2026-07-02 12:30:00+00:00->2026-07-02 20:00:00+00:00)",5,complete,False,0.004290317955367051,0.0005996978357508253,9.0,0.0005637521713313231,0.00044621437914990213,8743.0,0.0010503218755720791,0.0805569387700671,67.27667848564566,False
2072372393038028973,QCOM,False,,4,partial,True,-0.0018949324079140517,0.001177687220930332,8.0,0.0006098227467429089,0.0005979917292182644,8006.0,0.0011381810130260254,0.9496192780622137,90.93180114913815,True
2071730234622418994,QCOM,False,,5,complete,True,0.012120297301548622,0.007476530897257958,0.0,0.0014818076249964866,0.0011271118396065408,13473.0,0.0028247990165708504,5.318658771567999,99.74764343501819,True
2070304246935765210,QCOM,False,,5,complete,True,-0.0020372053807876656,0.006129614978508447,0.0,0.0014818076249964866,0.0011271118396065408,13473.0,0.0028247990165708504,4.123643448847495,99.15386328211979,True
2070303126280605811,QCOM,False,,5,complete,True,-0.0020372053807876656,0.006129614978508447,0.0,0.0014818076249964866,0.0011271118396065408,13473.0,0.0028247990165708504,4.123643448847495,99.15386328211979,True
2069822102660640873,QCOM,False,,5,complete,True,-0.002598398305710403,0.0009761116005701376,6.0,0.0006252066477600942,0.0005032070433828898,7977.0,0.001201959464987756,0.6973371247966419,84.66842171242321,False
2069598972579029422,QCOM,False,,5,complete,True,-0.026607131294919206,0.007631103238844602,0.0,0.0014818076249964866,0.0011271118396065408,13473.0,0.0028247990165708504,5.455798970219982,99.76248793884065,True
2069088587619193173,QCOM,False,,5,complete,True,0.0006682602964043216,0.0012450721890852217,5.0,0.0006479031572102463,0.0004989804057091034,9074.0,0.0012288216516511577,1.1967785208445927,90.34604364117259,True
2068806527004348577,QCOM,False,,5,complete,True,-0.0428047155397685,0.009699395854633024,0.0,0.0014818076249964866,0.0011271118396065408,13473.0,0.0028247990165708504,7.29083657971793,99.95546648853262,True
2068795171823608227,QCOM,False,,5,complete,True,-0.0428047155397685,0.009699395854633024,0.0,0.0014818076249964866,0.0011271118396065408,13473.0,0.0028247990165708504,7.29083657971793,99.95546648853262,True
2068792523753996518,QCOM,False,,5,complete,True,-0.0428047155397685,0.009699395854633024,0.0,0.0014818076249964866,0.0011271118396065408,13473.0,0.0028247990165708504,7.29083657971793,99.95546648853262,True
2063266602922213430,QCOM,False,,5,complete,True,-0.00020166862746973102,0.004851152255444124,0.0,0.0014818076249964866,0.0011271118396065408,13473.0,0.0028247990165708504,2.989361403233799,97.7881689304535,True
2063224212806914340,QCOM,False,,5,complete,True,-0.00020166862746973102,0.004851152255444124,0.0,0.0014818076249964866,0.0011271118396065408,13473.0,0.0028247990165708504,2.989361403233799,97.7881689304535,True
2062536245969096917,QCOM,False,,5,complete,True,0.0016853627110777758,0.002287542039850287,1.0,0.0010679330962987635,0.0008592874368406169,12796.0,0.0020260299531439556,1.4193259336313795,92.41169115348546,True
2062097720219992176,QCOM,False,,5,complete,True,0.005609049195813176,0.004167750651634645,0.0,0.0014818076249964866,0.0011271118396065408,13473.0,0.0028247990165708504,2.383031507836688,96.33340755585245,True
2061860614755213809,QCOM,False,,5,complete,True,-0.006252297146152275,0.0027218813404769177,7.0,0.000618593666984751,0.0006196605199818069,7910.0,0.0011477260578386735,3.3942579939640476,99.26675094816689,True
2061327347777998985,QCOM,False,,5,complete,True,-0.07219800722789071,0.005794425851316719,0.0,0.0014818076249964866,0.0011271118396065408,13473.0,0.0028247990165708504,3.826255811336085,98.92377347287167,True
2061085542478192968,QCOM,False,,5,complete,True,-0.07219800722789071,0.005794425851316719,0.0,0.0014818076249964866,0.0011271118396065408,13473.0,0.0028247990165708504,3.826255811336085,98.92377347287167,True
2058972842700767608,QCOM,False,,5,complete,True,-0.0017619602531422363,0.013667199770608743,0.0,0.0014818076249964866,0.0011271118396065408,13473.0,0.0028247990165708504,10.811165065807497,100.0,True
2056409938260619586,QCOM,False,,4,partial,True,-0.006834246088979756,0.0015521895864024455,5.0,0.0006479031572102463,0.0004989804057091034,9074.0,0.0012288216516511577,1.8122684154443172,94.65505840864007,True
2055290775772987547,QCOM,False,,5,complete,True,0.007990539967178911,0.0027420235491174678,1.0,0.0010679330962987635,0.0008592874368406169,12796.0,0.0020260299531439556,1.9482310354424737,95.26414504532667,True
2052526042959732745,QCOM,False,,1,insufficient,False,,,,,,,,,,False
2051372902747181454,QCOM,False,,5,complete,True,-5.9905110002533846e-05,0.0002993668464016799,10.0,0.0005817301471356084,0.0005830052677807245,9542.0,0.0010656943288935782,-0.4843237554418271,27.40515615175016,False
2050352176929857700,QCOM,False,,5,complete,True,-0.017040047342968268,0.0065742985187462405,0.0,0.0014818076249964866,0.0011271118396065408,13473.0,0.0028247990165708504,4.518177091926806,99.39137534327915,True
2050300588026695793,QCOM,False,,5,complete,True,-0.0014061655366899295,0.0017786784115688614,12.0,0.000712516280793828,0.0005551563323906925,13034.0,0.0013486191299038916,1.9204718897536046,95.48104956268222,True
2050299817256186348,QCOM,False,,5,complete,True,0.00035187988541651727,0.0004684939945692879,12.0,0.000712516280793828,0.0005551563323906925,13034.0,0.0013486191299038916,-0.4395559808778493,38.921282798833815,False
2049610712646140247,QCOM,True,"earnings(QCOM, 2026-04-29 20:00:00+00:00->2026-04-30 20:00:00+00:00)",5,complete,False,0.06520561977520467,0.007873748360890599,0.0,0.0014818076249964866,0.0011271118396065408,13473.0,0.0028247990165708504,5.671079400714529,99.82186595413049,True
2046595385943281813,QCOM,False,,2,partial,True,0.0009323433777763679,0.0,1.0,0.0010679330962987635,0.0008592874368406169,12796.0,0.0020260299531439556,-1.2428124170246038,0.0,False
2046376034099171359,QCOM,False,,4,partial,True,-0.008130568793739301,0.005263761167311346,0.0,0.0014818076249964866,0.0011271118396065408,13473.0,0.0028247990165708504,3.355437685434204,98.52297186966526,True
2044814755072987637,QCOM,False,,5,complete,True,-0.0012573877521694365,0.0006754746936816534,5.0,0.0006479031572102463,0.0004989804057091034,9074.0,0.0012288216516511577,0.05525574983696019,66.36543971787525,False
2044199903879147601,QCOM,False,,4,partial,True,0.0009123090657165989,0.0007968562994111692,0.0,0.0014818076249964866,0.0011271118396065408,13473.0,0.0028247990165708504,-0.6077048448221646,27.26935352185853,False
2044199902117539946,QCOM,False,,4,partial,True,0.0009123090657165989,0.0007968562994111692,0.0,0.0014818076249964866,0.0011271118396065408,13473.0,0.0028247990165708504,-0.6077048448221646,27.26935352185853,False
2044199900121067796,QCOM,False,,4,partial,True,0.0009123090657165989,0.0007968562994111692,0.0,0.0014818076249964866,0.0011271118396065408,13473.0,0.0028247990165708504,-0.6077048448221646,27.26935352185853,False
2044199898183283189,QCOM,False,,4,partial,True,0.0009123090657165989,0.0007968562994111692,0.0,0.0014818076249964866,0.0011271118396065408,13473.0,0.0028247990165708504,-0.6077048448221646,27.26935352185853,False
2044199895838666911,QCOM,False,,4,partial,True,0.0009123090657165989,0.0007968562994111692,0.0,0.0014818076249964866,0.0011271118396065408,13473.0,0.0028247990165708504,-0.6077048448221646,27.26935352185853,False
2044199893817000037,QCOM,False,,4,partial,True,0.0009123090657165989,0.0007968562994111692,0.0,0.0014818076249964866,0.0011271118396065408,13473.0,0.0028247990165708504,-0.6077048448221646,27.26935352185853,False
2044199891787030970,QCOM,False,,4,partial,True,0.0009123090657165989,0.0007968562994111692,0.0,0.0014818076249964866,0.0011271118396065408,13473.0,0.0028247990165708504,-0.6077048448221646,27.26935352185853,False
2044199889006145875,QCOM,False,,4,partial,True,0.0009123090657165989,0.0007968562994111692,0.0,0.0014818076249964866,0.0011271118396065408,13473.0,0.0028247990165708504,-0.6077048448221646,27.26935352185853,False
2040791818640777610,QCOM,False,,5,complete,True,-0.01576630703987203,0.006527007744963374,0.0,0.0014818076249964866,0.0011271118396065408,13473.0,0.0028247990165708504,4.476219610760274,99.38395309136791,True
2032151165237149718,QCOM,False,,5,complete,True,-0.0027674445536913783,0.0004547114663492749,8.0,0.0006098227467429089,0.0005979917292182644,8006.0,0.0011381810130260254,-0.25938699954329814,48.66350237322008,False
2029602337698820337,QCOM,False,,4,partial,True,0.0010965202875488078,0.000634842594776237,4.0,0.0007037083740756284,0.0005599709146623897,10201.0,0.0013175508634914374,-0.12298099329125163,58.092343887854135,False
2029166475148161359,QCOM,False,,5,complete,True,-0.0017681675443812495,0.004147437309583514,0.0,0.0014818076249964866,0.0011271118396065408,13473.0,0.0028247990165708504,2.365009035409974,96.25918503674015,True
2028795945761005667,QCOM,False,,5,complete,True,0.003645285471774229,0.001992704572311228,0.0,0.0014818076249964866,0.0011271118396065408,13473.0,0.0028247990165708504,0.45327972731888655,78.92822682401841,False
2028790035038801927,QCOM,False,,5,complete,True,0.003645285471774229,0.001992704572311228,0.0,0.0014818076249964866,0.0011271118396065408,13473.0,0.0028247990165708504,0.45327972731888655,78.92822682401841,False
2028727071665684576,QCOM,False,,5,complete,True,0.003645285471774229,0.001992704572311228,0.0,0.0014818076249964866,0.0011271118396065408,13473.0,0.0028247990165708504,0.45327972731888655,78.92822682401841,False
2028724190526779433,QCOM,False,,5,complete,True,0.003645285471774229,0.001992704572311228,0.0,0.0014818076249964866,0.0011271118396065408,13473.0,0.0028247990165708504,0.45327972731888655,78.92822682401841,False
2028372759554769028,QCOM,False,,5,complete,True,-0.027087433059742927,0.001984917316060532,0.0,0.0014818076249964866,0.0011271118396065408,13473.0,0.0028247990165708504,0.4463706913412196,78.74267052623766,False
2025927884402008127,QCOM,False,,5,complete,True,0.006370652028266033,0.0038663989902392557,0.0,0.0014818076249964866,0.0011271118396065408,13473.0,0.0028247990165708504,2.1156652618210425,95.5540711051733,True
2024912138905813077,QCOM,False,,5,complete,True,0.0017671477165939198,0.0005930372502680882,7.0,0.000618593666984751,0.0006196605199818069,7910.0,0.0011477260578386735,-0.04124260928776481,62.89506953223767,False
2024904942968795511,QCOM,False,,4,partial,True,2.1561295802996483e-05,0.00038191076769088537,6.0,0.0006252066477600942,0.0005032070433828898,7977.0,0.001201959464987756,-0.4834906094191634,34.43650495173624,False
2024896700658422030,QCOM,False,,5,complete,True,-0.0010685057604302717,0.0005744468575042068,5.0,0.0006479031572102463,0.0004989804057091034,9074.0,0.0012288216516511577,-0.14721279406082163,57.791492175446336,False
2023866218936185307,QCOM,False,,5,complete,True,0.004171613982432598,0.0011071138152833077,0.0,0.0014818076249964866,0.0011271118396065408,13473.0,0.0028247990165708504,-0.33243711630602624,46.33711868180806,False
2023829504163279172,QCOM,False,,5,complete,True,0.00016511142954844793,0.0002058101685275592,8.0,0.0006098227467429089,0.0005979917292182644,8006.0,0.0011381810130260254,-0.6756156623495488,11.041718710966775,False
2023629431256789487,QCOM,False,,5,complete,True,0.01786595076656705,0.002984861752870377,0.0,0.0014818076249964866,0.0011271118396065408,13473.0,0.0028247990165708504,1.3335447956953284,91.10814221034661,True
2022363914403799365,QCOM,True,"cpi(ALL, 2026-02-13 13:30:00+00:00->2026-02-13 21:00:00+00:00)",5,complete,False,-3.753655695581948e-05,0.00033782063364000463,6.0,0.0006252066477600942,0.0005032070433828898,7977.0,0.001201959464987756,-0.571108886290802,27.566754418954492,False
2021996917224522025,QCOM,False,,5,complete,True,0.000204089114925754,0.000995061747240467,5.0,0.0006479031572102463,0.0004989804057091034,9074.0,0.0012288216516511577,0.6957359167979192,84.3949746528543,False
2019184192098087294,QCOM,True,"earnings(QCOM, 2026-02-04 21:00:00+00:00->2026-02-05 21:00:00+00:00)",5,complete,False,-0.08771822056292555,0.009810224626599279,0.0,0.0014818076249964866,0.0011271118396065408,13473.0,0.0028247990165708504,7.389166459745581,99.97031099235508,True
2019083838035579015,QCOM,False,,5,complete,True,-0.0009886691658718139,0.0011634393012864735,3.0,0.0007854842526263514,0.0006418401051542587,11254.0,0.0014741032630907745,0.5888616894222978,83.69468633374801,False
2016554821831229685,QCOM,False,,3,partial,True,0.0007767835408006851,1.635081628004187e-05,4.0,0.0007037083740756284,0.0005599709146623897,10201.0,0.0013175508634914374,-1.227487963745401,0.009802960494069209,False
2015169527714111668,QCOM,False,,5,complete,True,-0.008414428230382742,0.0010307592100416534,0.0,0.0014818076249964866,0.0011271118396065408,13473.0,0.0028247990165708504,-0.4001807088747182,41.56461070288726,False
2014285028465725840,QCOM,False,,5,complete,True,0.006981356709983233,0.0011391406027330493,0.0,0.0014818076249964866,0.0011271118396065408,13473.0,0.0028247990165708504,-0.3040222010116206,48.28174868255029,False
2014092626048299406,QCOM,False,,5,complete,True,0.006981356709983233,0.0011391406027330493,0.0,0.0014818076249964866,0.0011271118396065408,13473.0,0.0028247990165708504,-0.3040222010116206,48.28174868255029,False
2013963243291648146,QCOM,False,,5,complete,True,0.005184406183235346,0.0020885737903186723,0.0,0.0014818076249964866,0.0011271118396065408,13473.0,0.0028247990165708504,0.5383371410010203,80.85801232093817,False
2013565255062790594,QCOM,False,,5,complete,True,-0.009382475156532677,0.002458426363066354,0.0,0.0014818076249964866,0.0011271118396065408,13473.0,0.0028247990165708504,0.8664789985799382,86.22430045275736,False
2013298662441447662,QCOM,False,,5,complete,True,-0.009382475156532677,0.002458426363066354,0.0,0.0014818076249964866,0.0011271118396065408,13473.0,0.0028247990165708504,0.8664789985799382,86.22430045275736,False
2011932198384123975,QCOM,False,,5,complete,True,-0.005764894629719519,0.0009881643488456212,0.0,0.0014818076249964866,0.0011271118396065408,13473.0,0.0028247990165708504,-0.4379718665036732,39.20433459511616,False
2011544223888355359,QCOM,False,,5,complete,True,-0.00413523061001464,0.0015946600078973483,0.0,0.0014818076249964866,0.0011271118396065408,13473.0,0.0028247990165708504,0.10012527500399332,68.84880872856824,False
2009732158533873832,QCOM,False,,5,complete,True,-0.017933579352703566,0.0017197915784766852,0.0,0.0014818076249964866,0.0011271118396065408,13473.0,0.0028247990165708504,0.21114493266548912,72.74549098196393,False
2009717059043701190,QCOM,True,"jobs_report(ALL, 2026-01-09 13:30:00+00:00->2026-01-09 21:00:00+00:00)",4,partial,False,0.0005358972343261215,0.00028750760934783575,11.0,0.0005944248177357017,0.0004917944789091306,11599.0,0.0011227888886908024,-0.6240761569114227,23.260625916027244,False
2009701959603740714,QCOM,True,"jobs_report(ALL, 2026-01-09 13:30:00+00:00->2026-01-09 21:00:00+00:00)",5,complete,False,0.0009731511169996931,0.0004329809523193718,9.0,0.0005637521713313231,0.00044621437914990213,8743.0,0.0010503218755720791,-0.2930681419569846,47.26066567539746,False
2009686985800401396,QCOM,True,"jobs_report(ALL, 2026-01-09 13:30:00+00:00->2026-01-09 21:00:00+00:00)",5,complete,False,0.0013710675208491452,0.0005833382111114352,7.0,0.000618593666984751,0.0006196605199818069,7910.0,0.0011477260578386735,-0.05689479115815052,62.02275600505689,False
2009659614741315957,QCOM,True,"jobs_report(ALL, 2026-01-09 13:30:00+00:00->2026-01-09 21:00:00+00:00)",5,complete,False,0.0017042806716307535,0.0007844010498261158,3.0,0.0007854842526263514,0.0006418401051542587,11254.0,0.0014741032630907745,-0.0016876520982983512,65.51448373911498,False
2009433304307835185,QCOM,True,"jobs_report(ALL, 2026-01-09 13:30:00+00:00->2026-01-09 21:00:00+00:00)",5,complete,False,-0.02862796590488903,0.003511802873526954,0.0,0.0014818076249964866,0.0011271118396065408,13473.0,0.0028247990165708504,1.8010592890578727,94.08446522674978,True
2009363709639143799,QCOM,False,,4,partial,True,0.0006364529981048861,0.0002803584995664668,12.0,0.000712516280793828,0.0005551563323906925,13034.0,0.0013486191299038916,-0.7784433969551289,15.375172625441156,False
2007167802986377628,QCOM,False,,2,partial,True,-0.00014888385067202137,0.0,9.0,0.0005637521713313231,0.00044621437914990213,8743.0,0.0010503218755720791,-1.263411036653158,0.0,False
2006427268210721072,QCOM,False,,2,partial,True,0.00023057794299941037,0.0,7.0,0.000618593666984751,0.0006196605199818069,7910.0,0.0011477260578386735,-0.9982783266600763,0.0,False
2004034924093841794,QCOM,False,,3,partial,True,-0.0026309800079545864,0.0021759315000711155,0.0,0.0014818076249964866,0.0011271118396065408,13473.0,0.0028247990165708504,0.615842945378817,82.37215171082907,False
2001678489028542736,QCOM,True,"cpi(ALL, 2025-12-18 13:30:00+00:00->2025-12-18 21:00:00+00:00)",5,complete,False,0.0007526736573415516,0.0004290084206928397,2.0,0.0008889461894634423,0.0007120135135925324,12015.0,0.0016775972218307225,-0.6459677520022654,21.49812734082397,False
2000951552060624945,QCOM,True,"jobs_report(ALL, 2025-12-16 13:30:00+00:00->2025-12-16 21:00:00+00:00)",5,complete,False,0.0009283876323880058,0.0018803859855919505,2.0,0.0008889461894634423,0.0007120135135925324,12015.0,0.0016775972218307225,1.3924451954936978,92.15980024968789,True
2000683801174008242,QCOM,True,"jobs_report(ALL, 2025-12-16 13:30:00+00:00->2025-12-16 21:00:00+00:00)",5,complete,False,-0.009062951986100964,0.001014396162289861,0.0,0.0014818076249964866,0.0011271118396065408,13473.0,0.0028247990165708504,-0.41469838775697054,40.70362948118459,False
1999335048311636437,QCOM,False,,5,complete,True,-0.0006462355642644635,0.0005137436449947142,0.0,0.0014818076249964866,0.0011271118396065408,13473.0,0.0028247990165708504,-0.8588890170293216,10.220440881763528,False
1999246017506738190,QCOM,False,,5,complete,True,-0.0006462355642644635,0.0005137436449947142,0.0,0.0014818076249964866,0.0011271118396065408,13473.0,0.0028247990165708504,-0.8588890170293216,10.220440881763528,False
1994452989067633088,QCOM,False,,4,partial,True,-0.0019099783042444418,7.042362961918226e-05,5.0,0.0006479031572102463,0.0004989804057091034,9074.0,0.0012288216516511577,-1.1573190469681975,0.40775843068106676,False
1994108974199648351,QCOM,False,,5,complete,True,-0.0049444404781678886,0.000318067441687595,0.0,0.0014818076249964866,0.0011271118396065408,13473.0,0.0028247990165708504,-1.0324975236841956,3.117345802716544,False
1993755895608533022,QCOM,False,,2,partial,True,-7.793045056780912e-05,0.0,8.0,0.0006098227467429089,0.0005979917292182644,8006.0,0.0011381810130260254,-1.01978458387729,0.0,False
1992432939746066501,QCOM,False,,5,complete,True,-4.498310820966189e-05,0.00215326827739803,0.0,0.0014818076249964866,0.0011271118396065408,13473.0,0.0028247990165708504,0.5957356038740053,82.09010613820233,False
1991610881923510385,QCOM,True,"jobs_report(ALL, 2025-11-20 13:30:00+00:00->2025-11-20 21:00:00+00:00)",5,complete,False,0.001139681239477941,0.001472068476674153,12.0,0.000712516280793828,0.0005551563323906925,13034.0,0.0013486191299038916,1.3681771269894991,92.14362436704005,True
1991255252952313941,QCOM,True,"jobs_report(ALL, 2025-11-20 13:30:00+00:00->2025-11-20 21:00:00+00:00)",5,complete,False,-0.0014526768662133094,0.0008624866177883028,0.0,0.0014818076249964866,0.0011271118396065408,13473.0,0.0028247990165708504,-0.5494760905221084,31.18088027907667,False
1991248962049720567,QCOM,False,,4,partial,True,-0.0018604423130736958,0.0002846781003056691,12.0,0.000712516280793828,0.0005551563323906925,13034.0,0.0013486191299038916,-0.7706625242762554,15.904557311646464,False
1991237285522657661,QCOM,False,,4,partial,True,0.0010611797574771042,0.0002979902488646045,11.0,0.0005944248177357017,0.0004917944789091306,11599.0,0.0011227888886908024,-0.6027610751723582,24.967669626691958,False
1991234095993467215,QCOM,False,,3,partial,True,-0.0003419794073618032,0.0008412884286821409,10.0,0.0005817301471356084,0.0005830052677807245,9542.0,0.0010656943288935782,0.44520743789257766,82.60322783483547,False
1989388907155525675,QCOM,False,,2,partial,True,0.001807353135837353,0.0,6.0,0.0006252066477600942,0.0005032070433828898,7977.0,0.001201959464987756,-1.2424441509344593,0.0,False
1989115297010483685,QCOM,False,,5,complete,True,-0.004145514154442087,0.001206433836957622,0.0,0.0014818076249964866,0.0011271118396065408,13473.0,0.0028247990165708504,-0.24431806885729618,52.08936391301121,False
1988345057460826558,QCOM,False,,5,complete,True,-0.0013340366168218543,0.0002436585854915899,12.0,0.000712516280793828,0.0005551563323906925,13034.0,0.0013486191299038916,-0.8445507471439208,11.339573423354304,False
1988003557229105372,QCOM,False,,5,complete,True,0.007871173900460993,0.0022506695584146607,0.0,0.0014818076249964866,0.0011271118396065408,13473.0,0.0028247990165708504,0.6821522997101807,83.46322274177986,False
1986474076429566218,QCOM,True,"earnings(QCOM, 2025-11-05 21:00:00+00:00->2025-11-06 21:00:00+00:00)",5,complete,False,-0.0023693975955700886,0.0010274677603359424,4.0,0.0007037083740756284,0.0005599709146623897,10201.0,0.0013175508634914374,0.5781717903250579,82.94284874031958,False
1986199005538492846,QCOM,True,"earnings(QCOM, 2025-11-05 21:00:00+00:00->2025-11-06 21:00:00+00:00)",5,complete,False,-0.023318884154301167,0.0022192599592690374,0.0,0.0014818076249964866,0.0011271118396065408,13473.0,0.0028247990165708504,0.6542849683222077,83.0030431232836,False
1982816909792772100,QCOM,False,,5,complete,True,0.019833906381411026,0.004736708684391492,2.0,0.0008889461894634423,0.0007120135135925324,12015.0,0.0016775972218307225,5.404058239728901,99.6421140241365,True
1982815909661286838,QCOM,False,,5,complete,True,0.009372906584132812,0.0066664231935112455,1.0,0.0010679330962987635,0.0008592874368406169,12796.0,0.0020260299531439556,6.515270510408855,99.78118161925602,True
1981824663627215012,QCOM,False,,5,complete,True,0.0006773153597010584,0.002494359049331883,0.0,0.0014818076249964866,0.0011271118396065408,13473.0,0.0028247990165708504,0.8983593187068856,86.66221331551994,False
1981028639048454568,QCOM,False,,4,partial,True,0.0009477673593728531,0.0006034844285117476,5.0,0.0006479031572102463,0.0004989804057091034,9074.0,0.0012288216516511577,-0.08901898389251371,60.403350231430466,False
1980708424192282692,QCOM,False,,4,partial,True,-0.0014505928028597515,0.0002888231874286184,10.0,0.0005817301471356084,0.0005830052677807245,9542.0,0.0010656943288935782,-0.5024087703735053,25.843638650178157,False
1980298516963684402,QCOM,False,,4,partial,True,0.00028823074058093034,0.00012963277829208767,4.0,0.0007037083740756284,0.0005599709146623897,10201.0,0.0013175508634914374,-1.0251882388028222,1.823350651896873,False
1977888354298720580,QCOM,False,,5,complete,True,-0.0007877374485388833,0.0030332575101738165,0.0,0.0014818076249964866,0.0011271118396065408,13473.0,0.0028247990165708504,1.376482644099382,91.57574408075409,True
1976669390549704916,QCOM,False,,5,complete,True,-0.0017083459618031371,0.0013131249010004922,3.0,0.0007854842526263514,0.0006418401051542587,11254.0,0.0014741032630907745,0.8220749126409429,87.28452105917896,False
1976620269545603178,QCOM,False,,5,complete,True,-0.01767549343185526,0.0020124761797054567,0.0,0.0014818076249964866,0.0011271118396065408,13473.0,0.0028247990165708504,0.4708215600806919,79.39582869442589,False
1975637104337297839,QCOM,False,,3,partial,True,-0.0002580711517529144,0.00090410653844053,11.0,0.0005944248177357017,0.0004917944789091306,11599.0,0.0011227888886908024,0.6296974325367498,83.42960600051728,False
1973825561148440738,QCOM,False,,3,partial,True,-0.0004610282947368205,0.00017754061912444996,11.0,0.0005944248177357017,0.0004917944789091306,11599.0,0.0011227888886908024,-0.8476797046114865,8.000689714630571,False
1973772758476902904,QCOM,False,,2,partial,True,-0.0010354233319809225,0.0,4.0,0.0007037083740756284,0.0005599709146623897,10201.0,0.0013175508634914374,-1.256687366521347,0.0,False
1973495442056089733,QCOM,False,,4,partial,True,0.006946764993557508,0.0018726358701017074,0.0,0.0014818076249964866,0.0011271118396065408,13473.0,0.0028247990165708504,0.34675196495287774,76.47888369331255,False
1973052624208286097,QCOM,False,,4,partial,True,-0.0013120394736504393,0.0005652744503490731,4.0,0.0007037083740756284,0.0005599709146623897,10201.0,0.0013175508634914374,-0.2472162751703239,50.69110871483188,False
1972765940048879698,QCOM,False,,3,partial,True,0.0031723868225659313,0.0015114262412789792,0.0,0.0014818076249964866,0.0011271118396065408,13473.0,0.0028247990165708504,0.026278329480446297,65.94670823127737,False
1971649823242952983,QCOM,False,,2,partial,True,0.00012770403249162676,0.0,10.0,0.0005817301471356084,0.0005830052677807245,9542.0,0.0010656943288935782,-0.9978128488444539,0.0,False
1971647347932426282,QCOM,False,,3,partial,True,0.0005507778967847043,0.0005905210051482257,10.0,0.0005817301471356084,0.0005830052677807245,9542.0,0.0010656943288935782,0.015078522439566762,65.71997484804024,False
1971647343444611160,QCOM,False,,3,partial,True,0.0005507778967847043,0.0005905210051482257,10.0,0.0005817301471356084,0.0005830052677807245,9542.0,0.0010656943288935782,0.015078522439566762,65.71997484804024,False
1971643760418386259,QCOM,False,,4,partial,True,-0.0004367884036744485,0.000661244300357531,10.0,0.0005817301471356084,0.0005830052677807245,9542.0,0.0010656943288935782,0.13638668056054146,71.77740515615176,False
1971066415919907096,QCOM,False,,5,complete,True,-0.012062282092655141,0.0020752582137904354,0.0,0.0014818076249964866,0.0011271118396065408,13473.0,0.0028247990165708504,0.5265232499031456,80.65761151933498,False
1970617421141811378,QCOM,False,,4,partial,True,-0.0035695354797677936,0.0023433937680221273,0.0,0.0014818076249964866,0.0011271118396065408,13473.0,0.0028247990165708504,0.7644193883425167,84.93282862020337,False
1970357541290025173,QCOM,False,,4,partial,True,0.0007187646922446334,0.0018214265446001314,0.0,0.0014818076249964866,0.0011271118396065408,13473.0,0.0028247990165708504,0.3013178530022372,75.52883544867512,False
1969102878947024946,QCOM,False,,4,partial,True,0.0009694608983905617,0.0001463512437087264,9.0,0.0005637521713313231,0.00044621437914990213,8743.0,0.0010503218755720791,-0.9354268869994756,5.44435548438751,False
1968730445320741064,QCOM,False,,5,complete,True,1.8075925530935955e-05,0.0004938274680912449,8.0,0.0006098227467429089,0.0005979917292182644,8006.0,0.0011381810130260254,-0.1939747206927109,53.24756432675494,False
1968389189940244497,QCOM,True,"fomc(ALL, 2025-09-17 18:00:00+00:00->2025-09-17 20:00:00+00:00)",5,complete,False,0.0012494934722053763,0.001531169727397408,10.0,0.0005817301471356084,0.0005830052677807245,9542.0,0.0010656943288935782,1.6285265892638476,95.703206874869,True
1968027029686849929,QCOM,False,,5,complete,True,0.0008439501319370546,0.0006499578070977816,11.0,0.0005944248177357017,0.0004917944789091306,11599.0,0.0011227888886908024,0.11291909881798559,69.02319165445297,False
1966625789660852720,QCOM,False,,4,partial,True,-0.006481187103722474,0.0003038478960640538,0.0,0.0014818076249964866,0.0011271118396065408,13473.0,0.0028247990165708504,-1.0451134373174913,2.738810955243821,False
1966540183857139984,QCOM,False,,3,partial,True,0.0005009770073738373,0.00041893157591665897,6.0,0.0006252066477600942,0.0005032070433828898,7977.0,0.001201959464987756,-0.40992087562351676,40.00250720822364,False
1966534842822340741,QCOM,False,,4,partial,True,-0.0003462127692812622,0.00042477614797811064,5.0,0.0006479031572102463,0.0004989804057091034,9074.0,0.0012288216516511577,-0.44716587400871743,37.74520608331496,False
1966246772805980662,QCOM,False,,3,partial,True,-0.0057621237736534825,0.0004211548964256906,0.0,0.0014818076249964866,0.0011271118396065408,13473.0,0.0028247990165708504,-0.9410359214583844,6.10109107103095,False
1965820822976868522,QCOM,False,,5,complete,True,0.00021085300490053527,0.00026139155099309797,6.0,0.0006252066477600942,0.0005032070433828898,7977.0,0.001201959464987756,-0.7229928546333355,16.409677823743262,False
1965483038797897789,QCOM,False,,2,partial,True,-0.0003898697729148859,0.0,10.0,0.0005817301471356084,0.0005830052677807245,9542.0,0.0010656943288935782,-0.9978128488444539,0.0,False
1964416419258658967,QCOM,False,,3,partial,True,-0.004862484670559608,6.269149523063788e-05,0.0,0.0014818076249964866,0.0011271118396065408,13473.0,0.0028247990165708504,-1.2590730395141998,0.02968900764491947,False
1964150875557130270,QCOM,False,,3,partial,True,-0.004862484670559608,6.269149523063788e-05,0.0,0.0014818076249964866,0.0011271118396065408,13473.0,0.0028247990165708504,-1.2590730395141998,0.02968900764491947,False
1962534722355241285,QCOM,False,,5,complete,True,-0.0176999868569645,0.006756972857900486,0.0,0.0014818076249964866,0.0011271118396065408,13473.0,0.0028247990165708504,4.68025004044451,99.53239812959251,True
1961046699407032321,QCOM,False,,5,complete,True,0.0029891982324379285,0.0006004403098268423,0.0,0.0014818076249964866,0.0011271118396065408,13473.0,0.0028247990165708504,-0.78196970717415,15.0597491278854,False
1960927979753889887,QCOM,False,,5,complete,True,0.0029891982324379285,0.0006004403098268423,0.0,0.0014818076249964866,0.0011271118396065408,13473.0,0.0028247990165708504,-0.78196970717415,15.0597491278854,False
1960491295354638519,QCOM,False,,5,complete,True,-0.00413366342683652,0.0028708023655235103,0.0,0.0014818076249964866,0.0011271118396065408,13473.0,0.0028247990165708504,1.2323486381013464,90.35849476731241,True
1959018525785563219,QCOM,False,,4,partial,True,-0.003916561256543827,0.003322342619192452,0.0,0.0014818076249964866,0.0011271118396065408,13473.0,0.0028247990165708504,1.6329657177928951,93.17152824166853,True
1958651099889770597,QCOM,False,,3,partial,True,0.0026664402531080267,0.0005320513555346906,0.0,0.0014818076249964866,0.0011271118396065408,13473.0,0.0028247990165708504,-0.8426459878137228,11.22244488977956,False
1958004814819762675,QCOM,False,,5,complete,True,-0.006872069365260303,0.0006747790595200267,0.0,0.0014818076249964866,0.0011271118396065408,13473.0,0.0028247990165708504,-0.7160146288217346,19.68381206858161,False
1957955147491078402,QCOM,False,,5,complete,True,-0.006872069365260303,0.0006747790595200267,0.0,0.0014818076249964866,0.0011271118396065408,13473.0,0.0028247990165708504,-0.7160146288217346,19.68381206858161,False
1956353250044915839,QCOM,False,,5,complete,True,-0.0007102325621568539,0.0013804355346970039,0.0,0.0014818076249964866,0.0011271118396065408,13473.0,0.0028247990165708504,-0.08993969075408727,60.58042009945817,False
1956133244480713057,QCOM,False,,5,complete,True,-0.001341986138044704,0.0035778308002674137,0.0,0.0014818076249964866,0.0011271118396065408,13473.0,0.0028247990165708504,1.8596408108024307,94.44815557040006,True
1956034935988609253,QCOM,False,,4,partial,True,0.00022440208085638957,0.00010455165637344538,6.0,0.0006252066477600942,0.0005032070433828898,7977.0,0.001201959464987756,-1.0346734971880804,1.4792528519493544,False
1953829804899217765,QCOM,False,,3,partial,True,-2.847152845031342e-05,6.77546941898477e-05,2.0,0.0008889461894634423,0.0007120135135925324,12015.0,0.0016775972218307225,-1.1533369516123286,0.16645859342488556,False
1950990432294588819,QCOM,True,"earnings(QCOM, 2025-07-30 20:00:00+00:00->2025-07-31 20:00:00+00:00)",5,complete,False,-0.001749706629285197,0.0004581111139505603,10.0,0.0005817301471356084,0.0005830052677807245,9542.0,0.0010656943288935782,-0.21203759213980683,51.320477887235384,False
1950648173091045465,QCOM,True,"earnings(QCOM, 2025-07-30 20:00:00+00:00->2025-07-31 20:00:00+00:00)",1,insufficient,False,,,13.0,,,,,,,False
1950618766653673578,QCOM,True,"fomc(ALL, 2025-07-30 18:00:00+00:00->2025-07-30 20:00:00+00:00)",5,complete,False,0.0013486684807657578,0.00022404259933489194,9.0,0.0005637521713313231,0.00044621437914990213,8743.0,0.0010503218755720791,-0.7613147129942857,14.571657325860688,False
1948155014440165500,QCOM,False,,4,partial,True,-0.017835902666517134,0.0024040599221551544,0.0,0.0014818076249964866,0.0011271118396065408,13473.0,0.0028247990165708504,0.8182438199572222,85.57856453648037,False
1947384892159103285,QCOM,False,,4,partial,True,0.00022229698580089607,0.0004987466922821115,12.0,0.000712516280793828,0.0005551563323906925,13034.0,0.0013486191299038916,-0.3850619655028553,42.588614393125674,False
1942286735335108853,QCOM,False,,3,partial,True,-7.110018973521814e-05,0.000141952902567688,9.0,0.0005637521713313231,0.00044621437914990213,8743.0,0.0010503218755720791,-0.9452839004588308,4.998284341759121,False
1941157742053617838,QCOM,False,,5,complete,True,-0.012313716125662677,0.001371215912518897,0.0,0.0014818076249964866,0.0011271118396065408,13473.0,0.0028247990165708504,-0.09811955530180172,60.23157425963037,False
1940423466991378686,QCOM,False,,5,complete,True,-0.00044448648780082145,0.00030287073200312755,2.0,0.0008889461894634423,0.0007120135135925324,12015.0,0.0016775972218307225,-0.8231240647431183,9.62962962962963,False
1939723127573139704,QCOM,False,,1,insufficient,False,-0.0006652820146688665,,6.0,,,,,,,False
1938658515658400015,QCOM,False,,2,partial,True,-5.7129932138133555e-05,0.0,9.0,0.0005637521713313231,0.00044621437914990213,8743.0,0.0010503218755720791,-1.263411036653158,0.0,False
1938315325155819623,QCOM,False,,5,complete,True,-0.00053547060218051,0.00021378041112769157,11.0,0.0005944248177357017,0.0004917944789091306,11599.0,0.0011227888886908024,-0.7739908090313112,12.182084662470903,False
1933476195670372428,QCOM,False,,5,complete,True,-0.0038788993820382256,0.0010234667192924876,0.0,0.0014818076249964866,0.0011271118396065408,13473.0,0.0028247990165708504,-0.4066507773212634,41.223187114970685,False
1933467685909897393,QCOM,False,,5,complete,True,-0.0038788993820382256,0.0010234667192924876,0.0,0.0014818076249964866,0.0011271118396065408,13473.0,0.0028247990165708504,-0.4066507773212634,41.223187114970685,False
1933462599129313699,QCOM,False,,5,complete,True,-0.0038788993820382256,0.0010234667192924876,0.0,0.0014818076249964866,0.0011271118396065408,13473.0,0.0028247990165708504,-0.4066507773212634,41.223187114970685,False
1933450447391744487,QCOM,False,,5,complete,True,-0.0038788993820382256,0.0010234667192924876,0.0,0.0014818076249964866,0.0011271118396065408,13473.0,0.0028247990165708504,-0.4066507773212634,41.223187114970685,False
1933285382009074004,QCOM,False,,5,complete,True,-0.0038788993820382256,0.0010234667192924876,0.0,0.0014818076249964866,0.0011271118396065408,13473.0,0.0028247990165708504,-0.4066507773212634,41.223187114970685,False
1933190506051457217,QCOM,False,,2,partial,True,-0.0007025501979756044,0.0,4.0,0.0007037083740756284,0.0005599709146623897,10201.0,0.0013175508634914374,-1.256687366521347,0.0,False
1933184769669685481,QCOM,False,,5,complete,True,-0.0002766914729889214,0.00043205386929094007,3.0,0.0007854842526263514,0.0006418401051542587,11254.0,0.0014741032630907745,-0.550651759678477,28.212191220899236,False
1933163630402667006,QCOM,False,,5,complete,True,0.00048819318503490194,0.0011220434524548766,1.0,0.0010679330962987635,0.0008592874368406169,12796.0,0.0020260299531439556,0.06297119431311972,67.85714285714286,False
1932801241882714327,QCOM,True,"cpi(ALL, 2025-06-11 12:30:00+00:00->2025-06-11 20:00:00+00:00)",5,complete,False,0.0002510559961088621,0.0006358107539428913,1.0,0.0010679330962987635,0.0008592874368406169,12796.0,0.0020260299531439556,-0.5028845108508476,32.377305407939986,False
1932438854444671145,QCOM,False,,4,partial,True,-0.0013316496981218284,0.000955562250027198,1.0,0.0010679330962987635,0.0008592874368406169,12796.0,0.0020260299531439556,-0.13077212752548176,58.330728352610194,False
1932102760566342093,QCOM,False,,4,partial,True,0.000443204506773931,0.00039652610071136033,4.0,0.0007037083740756284,0.0005599709146623897,10201.0,0.0013175508634914374,-0.5485682654597701,28.71287128712871,False
1928120473965183425,QCOM,False,,3,partial,True,-0.00041714282138705094,0.00032124782620623904,5.0,0.0006479031572102463,0.0004989804057091034,9074.0,0.0012288216516511577,-0.6546456078566769,22.724267136874587,False
1927762122873721085,QCOM,False,,2,partial,True,-0.0007408206263240791,0.0,5.0,0.0006479031572102463,0.0004989804057091034,9074.0,0.0012288216516511577,-1.2984541072098976,0.0,False
1927584545055846712,QCOM,False,,5,complete,True,-0.002514087332739945,0.000712225459243342,0.0,0.0014818076249964866,0.0011271118396065408,13473.0,0.0028247990165708504,-0.6827913066921514,21.999554664885327,False
1926987939461890415,QCOM,False,,1,insufficient,False,,,,,,,,,,False
1925337587247652928,QCOM,False,,5,complete,True,-0.007956430164551165,0.0028841856278285513,0.0,0.0014818076249964866,0.0011271118396065408,13473.0,0.0028247990165708504,1.244222581604338,90.41787278260223,True
1924844361214525781,QCOM,False,,4,partial,True,0.0002723225738565649,0.0001669735439541113,3.0,0.0007854842526263514,0.0006418401051542587,11254.0,0.0014741032630907745,-0.9636523235387235,3.1277767904744977,False
1924380659352748150,QCOM,False,,4,partial,True,-0.00474779155880134,0.0010219470556457695,0.0,0.0014818076249964866,0.0011271118396065408,13473.0,0.0028247990165708504,-0.4079990584707619,41.14154234394715,False
1924066283366293971,QCOM,False,,4,partial,True,-0.00474779155880134,0.0010219470556457695,0.0,0.0014818076249964866,0.0011271118396065408,13473.0,0.0028247990165708504,-0.4079990584707619,41.14154234394715,False
1923753884280930798,QCOM,False,,4,partial,True,-0.00474779155880134,0.0010219470556457695,0.0,0.0014818076249964866,0.0011271118396065408,13473.0,0.0028247990165708504,-0.4079990584707619,41.14154234394715,False
1923735464999334355,QCOM,False,,4,partial,True,-0.00474779155880134,0.0010219470556457695,0.0,0.0014818076249964866,0.0011271118396065408,13473.0,0.0028247990165708504,-0.4079990584707619,41.14154234394715,False
1923352925159526475,QCOM,False,,4,partial,True,-0.0021188489963148704,0.0023466020317021675,0.0,0.0014818076249964866,0.0011271118396065408,13473.0,0.0028247990165708504,0.7672658349570427,84.95509537593706,False
1923276482920817054,QCOM,False,,4,partial,True,-0.0021188489963148704,0.0023466020317021675,0.0,0.0014818076249964866,0.0011271118396065408,13473.0,0.0028247990165708504,0.7672658349570427,84.95509537593706,False
1923254002663465304,QCOM,False,,4,partial,True,-0.0021188489963148704,0.0023466020317021675,0.0,0.0014818076249964866,0.0011271118396065408,13473.0,0.0028247990165708504,0.7672658349570427,84.95509537593706,False
1922361643964752062,QCOM,True,"cpi(ALL, 2025-05-13 12:30:00+00:00->2025-05-13 20:00:00+00:00)",5,complete,False,-0.0004944518344300874,0.00024715228960099986,10.0,0.0005817301471356084,0.0005830052677807245,9542.0,0.0010656943288935782,-0.573884793199583,19.29364913016139,False
1922359625116205140,QCOM,True,"cpi(ALL, 2025-05-13 12:30:00+00:00->2025-05-13 20:00:00+00:00)",5,complete,False,-0.0014959491256814061,0.0003526565169967654,10.0,0.0005817301471356084,0.0005830052677807245,9542.0,0.0010656943288935782,-0.39291862835277236,35.63194298889122,False
1919437406706794713,QCOM,False,,5,complete,True,0.00014349092889442971,0.0002453700360024186,7.0,0.000618593666984751,0.0006196605199818069,7910.0,0.0011477260578386735,-0.6023033886252591,15.663716814159292,False
1918055843695858135,QCOM,True,"jobs_report(ALL, 2025-05-02 12:30:00+00:00->2025-05-02 20:00:00+00:00)",5,complete,False,0.014009191323531622,0.0016924633193053915,0.0,0.0014818076249964866,0.0011271118396065408,13473.0,0.0028247990165708504,0.1868986616114706,71.88450976026127,False
1914369229165617330,QCOM,False,,4,partial,True,-0.00012198670223950714,0.0010648838549824904,7.0,0.000618593666984751,0.0006196605199818069,7910.0,0.0011477260578386735,0.7202172376753038,88.25537294563843,False
1913956066703946093,QCOM,False,,4,partial,True,-0.0009372783288944531,0.000649742708695136,0.0,0.0014818076249964866,0.0011271118396065408,13473.0,0.0028247990165708504,-0.7382274651571514,17.984116380909967,False
1912904433249505623,QCOM,False,,5,complete,True,0.002671272669778846,0.0006747931183997873,5.0,0.0006479031572102463,0.0004989804057091034,9074.0,0.0012288216516511577,0.05388981387220525,66.25523473661009,False
1912904429600424137,QCOM,False,,5,complete,True,0.002671272669778846,0.0006747931183997873,5.0,0.0006479031572102463,0.0004989804057091034,9074.0,0.0012288216516511577,0.05388981387220525,66.25523473661009,False
1912648075971293600,QCOM,False,,4,partial,True,0.0033139644436497306,0.0030710039577447755,0.0,0.0014818076249964866,0.0011271118396065408,13473.0,0.0028247990165708504,1.4099721757009096,91.76872263044608,True
1908268297063457153,QCOM,False,,5,complete,True,0.00349713259789175,0.007159731510084555,0.0,0.0014818076249964866,0.0011271118396065408,13473.0,0.0028247990165708504,5.037586941744976,99.64373190826097,True
1900800251105058991,QCOM,False,,5,complete,True,0.0008618599471799104,0.0006365975399879131,0.0,0.0014818076249964866,0.0011271118396065408,13473.0,0.0028247990165708504,-0.7498901664484552,17.279002449343132,False
1899959924555485502,QCOM,False,,3,partial,True,0.002609131992497682,0.0010470086794547306,0.0,0.0014818076249964866,0.0011271118396065408,13473.0,0.0028247990165708504,-0.38576379935245664,42.603725970459436,False
1899948377347154182,QCOM,False,,3,partial,True,0.002609131992497682,0.0010470086794547306,0.0,0.0014818076249964866,0.0011271118396065408,13473.0,0.0028247990165708504,-0.38576379935245664,42.603725970459436,False
1899238812942999776,QCOM,False,,5,complete,True,-0.022818029549082075,0.0007161801288774198,0.0,0.0014818076249964866,0.0011271118396065408,13473.0,0.0028247990165708504,-0.6792826312483211,22.25191122986714,False
1898135403930230974,QCOM,False,,5,complete,True,-0.022818029549082075,0.0007161801288774198,0.0,0.0014818076249964866,0.0011271118396065408,13473.0,0.0028247990165708504,-0.6792826312483211,22.25191122986714,False
1898085262376538545,QCOM,True,"jobs_report(ALL, 2025-03-07 13:30:00+00:00->2025-03-07 21:00:00+00:00)",5,complete,False,-0.00012001058377886231,0.000547848303583642,8.0,0.0006098227467429089,0.0005979917292182644,8006.0,0.0011381810130260254,-0.10363762595894781,59.51786160379715,False
1897711997778903443,QCOM,False,,5,complete,True,0.0009095560197189823,0.00016890044417085733,7.0,0.000618593666984751,0.0006196605199818069,7910.0,0.0011477260578386735,-0.7257090105193349,6.257901390644753,False
1897693955824792048,QCOM,False,,5,complete,True,-0.0021774695965095514,0.0008025714600578302,5.0,0.0006479031572102463,0.0004989804057091034,9074.0,0.0012288216516511577,0.3099686903091598,75.22592021159356,False
1897411815929475272,QCOM,False,,5,complete,True,-0.010201540710790158,0.0008823264498082939,0.0,0.0014818076249964866,0.0011271118396065408,13473.0,0.0028247990165708504,-0.5318737272757805,32.45750760780821,False
1897361721838198914,QCOM,False,,2,partial,True,-0.0007940910194299544,0.0,9.0,0.0005637521713313231,0.00044621437914990213,8743.0,0.0010503218755720791,-1.263411036653158,0.0,False
1897351862925599227,QCOM,False,,3,partial,True,0.00019802615395658751,0.00028941906038193466,7.0,0.000618593666984751,0.0006196605199818069,7910.0,0.0011477260578386735,-0.5312176522275146,22.465233881163087,False
1896630503308247134,QCOM,False,,4,partial,True,-0.003285908831133555,0.0014080007634250152,8.0,0.0006098227467429089,0.0005979917292182644,8006.0,0.0011381810130260254,1.3347643080708476,94.45415938046466,True
1890472994436243707,QCOM,False,,4,partial,True,0.00025541301461662336,0.00019173118822224977,8.0,0.0006098227467429089,0.0005979917292182644,8006.0,0.0011381810130260254,-0.6991594333038971,9.280539595303521,False
1888004670809047367,QCOM,False,,4,partial,True,0.007643518955860573,0.0038781681222663637,0.0,0.0014818076249964866,0.0011271118396065408,13473.0,0.0028247990165708504,2.1261071111686785,95.56149335708454,True
1885540822747406372,QCOM,False,,5,complete,True,-0.009013251905432895,0.00143000575471758,0.0,0.0014818076249964866,0.0011271118396065408,13473.0,0.0028247990165708504,-0.04595983154341627,62.628961626957626,False
1885417368865955954,QCOM,False,,5,complete,True,-0.001828194151993645,0.0009163146121988973,11.0,0.0005944248177357017,0.0004917944789091306,11599.0,0.0011227888886908024,0.6545209600099465,83.90378480903526,False
1884650574316204399,QCOM,False,,3,partial,True,0.0008399580116031924,7.314150688131349e-05,5.0,0.0006479031572102463,0.0004989804057091034,9074.0,0.0012288216516511577,-1.1518721852657448,0.451840423187128,False
1882454494589624601,QCOM,False,,4,partial,True,0.00040826695768858556,0.0004534508148165655,2.0,0.0008889461894634423,0.0007120135135925324,12015.0,0.0016775972218307225,-0.611639198320188,23.878485226799835,False
1882444244796768710,QCOM,False,,5,complete,True,0.002507117087420241,0.0007480580849669966,1.0,0.0010679330962987635,0.0008592874368406169,12796.0,0.0020260299531439556,-0.37225612480483444,42.458580806502034,False
1882439604768215166,QCOM,False,,4,partial,True,-0.002105231802863816,0.0009777980011616229,0.0,0.0014818076249964866,0.0011271118396065408,13473.0,0.0028247990165708504,-0.4471691327551013,38.62539894604023,False
1882377738725544305,QCOM,False,,5,complete,True,-0.0018058008706802742,0.001060483159343565,0.0,0.0014818076249964866,0.0011271118396065408,13473.0,0.0028247990165708504,-0.3738089254745121,43.37564016922734,False
1882373967127933007,QCOM,False,,5,complete,True,-0.0018058008706802742,0.001060483159343565,0.0,0.0014818076249964866,0.0011271118396065408,13473.0,0.0028247990165708504,-0.3738089254745121,43.37564016922734,False
1882183346824036392,QCOM,False,,5,complete,True,-0.0018058008706802742,0.001060483159343565,0.0,0.0014818076249964866,0.0011271118396065408,13473.0,0.0028247990165708504,-0.3738089254745121,43.37564016922734,False
1882182667632095735,QCOM,False,,5,complete,True,-0.0018058008706802742,0.001060483159343565,0.0,0.0014818076249964866,0.0011271118396065408,13473.0,0.0028247990165708504,-0.3738089254745121,43.37564016922734,False
1881836421520007604,QCOM,False,,5,complete,True,0.011490416168287387,0.0014260939447511727,0.0,0.0014818076249964866,0.0011271118396065408,13473.0,0.0028247990165708504,-0.049430480887116504,62.465672084910565,False
1881835414656549313,QCOM,False,,5,complete,True,0.011490416168287387,0.0014260939447511727,0.0,0.0014818076249964866,0.0011271118396065408,13473.0,0.0028247990165708504,-0.049430480887116504,62.465672084910565,False
1881833898839290354,QCOM,False,,5,complete,True,0.011490416168287387,0.0014260939447511727,0.0,0.0014818076249964866,0.0011271118396065408,13473.0,0.0028247990165708504,-0.049430480887116504,62.465672084910565,False
1881388865614942516,QCOM,False,,4,partial,True,0.008047072730072102,0.0029749103145843654,0.0,0.0014818076249964866,0.0011271118396065408,13473.0,0.0028247990165708504,1.3247156467712204,91.04134194314555,True
1879749726842814640,QCOM,False,,5,complete,True,-0.005888078388183948,0.0016483651185279988,0.0,0.0014818076249964866,0.0011271118396065408,13473.0,0.0028247990165708504,0.1477737059258069,70.59303792770727,False
1877874836069900596,QCOM,False,,4,partial,True,-0.0038767074564518555,0.0016697992406354964,0.0,0.0014818076249964866,0.0011271118396065408,13473.0,0.0028247990165708504,0.16679056064625766,71.21650708825058,False
1877438270612603226,QCOM,True,"jobs_report(ALL, 2025-01-10 13:30:00+00:00->2025-01-10 21:00:00+00:00)",5,complete,False,-0.0016669961196390526,0.0022998947991176764,0.0,0.0014818076249964866,0.0011271118396065408,13473.0,0.0028247990165708504,0.7258260851973418,84.2945149558376,False
1877097533719326850,QCOM,False,,1,insufficient,False,0.0026310772785310688,,12.0,,,,,,,False
1873809865522708537,QCOM,False,,4,partial,True,-0.0007401686297227039,0.0004629995975203772,9.0,0.0005637521713313231,0.00044621437914990213,8743.0,0.0010503218755720791,-0.22579409924640473,51.561248999199364,False
1873809864147034411,QCOM,False,,4,partial,True,-0.0007401686297227039,0.0004629995975203772,9.0,0.0005637521713313231,0.00044621437914990213,8743.0,0.0010503218755720791,-0.22579409924640473,51.561248999199364,False
1872711206152356057,QCOM,False,,3,partial,True,-7.75968793946813e-05,0.00014379063946989845,8.0,0.0006098227467429089,0.0005979917292182644,8006.0,0.0011381810130260254,-0.7793286838301918,4.746440169872596,False
1871934174573081021,QCOM,False,,2,partial,True,-0.004090955431980903,0.0,0.0,0.0014818076249964866,0.0011271118396065408,13473.0,0.0028247990165708504,-1.314694401146354,0.0,False
1866218763487424550,QCOM,False,,4,partial,True,-0.000170187416288492,0.0005390960634181583,12.0,0.000712516280793828,0.0005551563323906925,13034.0,0.0013486191299038916,-0.31238086869848564,47.00015344483658,False
1866188916732416116,QCOM,False,,5,complete,True,0.001210280649911688,0.0004372471287334523,8.0,0.0006098227467429089,0.0005979917292182644,8006.0,0.0011381810130260254,-0.28859198142265147,46.215338496127906,False
1862143157749915990,QCOM,False,,5,complete,True,0.015127309055632532,0.00170464845081371,0.0,0.0014818076249964866,0.0011271118396065408,13473.0,0.0028247990165708504,0.19770959543377173,72.25562235582275,False
1861433482452341200,QCOM,False,,5,complete,True,0.001973073935530145,0.0005627963103898738,2.0,0.0008889461894634423,0.0007120135135925324,12015.0,0.0016775972218307225,-0.45806697885261755,36.04660840615897,False
1860710468337430668,QCOM,False,,5,complete,True,0.0009057114260300203,0.001307770330103764,0.0,0.0014818076249964866,0.0011271118396065408,13473.0,0.0028247990165708504,-0.154409960730673,57.29236250278335,False
1860020035810693614,QCOM,False,,5,complete,True,0.0008991650610148394,0.00029481716142429245,7.0,0.000618593666984751,0.0006196605199818069,7910.0,0.0011477260578386735,-0.5225062677382845,23.147914032869785,False
1860020033709285498,QCOM,False,,5,complete,True,0.0008991650610148394,0.00029481716142429245,7.0,0.000618593666984751,0.0006196605199818069,7910.0,0.0011477260578386735,-0.5225062677382845,23.147914032869785,False
1860020031314362618,QCOM,False,,5,complete,True,0.0008991650610148394,0.00029481716142429245,7.0,0.000618593666984751,0.0006196605199818069,7910.0,0.0011477260578386735,-0.5225062677382845,23.147914032869785,False
1858850089256841612,QCOM,False,,5,complete,True,-0.0026637653637631153,0.00143926853766327,0.0,0.0014818076249964866,0.0011271118396065408,13473.0,0.0028247990165708504,-0.03774167375268303,63.00749647443035,False
1858598139357524192,QCOM,False,,5,complete,True,-0.0006410041066590155,0.0003419226159567893,10.0,0.0005817301471356084,0.0005830052677807245,9542.0,0.0010656943288935782,-0.41132995605970013,34.15426535317543,False
1858598137079676978,QCOM,False,,5,complete,True,-0.0006410041066590155,0.0003419226159567893,10.0,0.0005817301471356084,0.0005830052677807245,9542.0,0.0010656943288935782,-0.41132995605970013,34.15426535317543,False
1856830227424710803,QCOM,False,,5,complete,True,0.020649409078318248,0.0018460954099030378,0.0,0.0014818076249964866,0.0011271118396065408,13473.0,0.0028247990165708504,0.3232046475829045,76.04097083055,False
1856041040291217654,QCOM,False,,4,partial,True,0.0011478384145215959,2.834016672990871e-05,7.0,0.000618593666984751,0.0006196605199818069,7910.0,0.0011477260578386735,-0.9525433382010072,0.03792667509481669,False
1856029758083178814,QCOM,False,,4,partial,True,-0.0007607371560515164,0.00028208702360145443,6.0,0.0006252066477600942,0.0005032070433828898,7977.0,0.001201959464987756,-0.6818657025385877,19.355647486523754,False
1854199310499340631,QCOM,False,,5,complete,True,0.0007040844166263938,0.0007377739511110061,3.0,0.0007854842526263514,0.0006418401051542587,11254.0,0.0014741032630907745,-0.0743336247333418,61.52479118535632,False
1853929697023082972,QCOM,False,,5,complete,True,0.0037952511499581565,0.0033394046926396703,0.0,0.0014818076249964866,0.0011271118396065408,13473.0,0.0028247990165708504,1.6481035886302509,93.26059526460328,True
1852076606682206528,QCOM,False,,5,complete,True,-0.00020074107681222753,0.0011251288415415135,12.0,0.000712516280793828,0.0005551563323906925,13034.0,0.0013486191299038916,0.7432367004999026,84.27957649225104,False
1852076605046427698,QCOM,False,,5,complete,True,-0.00020074107681222753,0.0011251288415415135,12.0,0.000712516280793828,0.0005551563323906925,13034.0,0.0013486191299038916,0.7432367004999026,84.27957649225104,False
1852076603377095034,QCOM,False,,5,complete,True,-0.00020074107681222753,0.0011251288415415135,12.0,0.000712516280793828,0.0005551563323906925,13034.0,0.0013486191299038916,0.7432367004999026,84.27957649225104,False
1852076601888194991,QCOM,False,,5,complete,True,-0.00020074107681222753,0.0011251288415415135,12.0,0.000712516280793828,0.0005551563323906925,13034.0,0.0013486191299038916,0.7432367004999026,84.27957649225104,False
1852076598234878458,QCOM,False,,5,complete,True,-0.00020074107681222753,0.0011251288415415135,12.0,0.000712516280793828,0.0005551563323906925,13034.0,0.0013486191299038916,0.7432367004999026,84.27957649225104,False
1852009552897806493,QCOM,False,,5,complete,True,0.0011374872256205704,0.00030827113865906306,3.0,0.0007854842526263514,0.0006418401051542587,11254.0,0.0014741032630907745,-0.7435077835352712,13.852852319175405,False
1851712928451563792,QCOM,False,,5,complete,True,-0.002603471177239469,0.00034617932412199845,12.0,0.000712516280793828,0.0005551563323906925,13034.0,0.0013486191299038916,-0.6598807134096043,23.09344790547798,False
1851683234486038754,QCOM,False,,5,complete,True,-0.0005371720677485037,0.0003872217960121762,8.0,0.0006098227467429089,0.0005979917292182644,8006.0,0.0011381810130260254,-0.37224754098477564,38.40869347989008,False
1851326586471268821,QCOM,False,,4,partial,True,0.00019691360090923204,6.735639746344207e-05,9.0,0.0005637521713313231,0.00044621437914990213,8743.0,0.0010503218755720791,-1.1124602815659619,0.6061992451103739,False
1851326584101515385,QCOM,False,,4,partial,True,0.00019691360090923204,6.735639746344207e-05,9.0,0.0005637521713313231,0.00044621437914990213,8743.0,0.0010503218755720791,-1.1124602815659619,0.6061992451103739,False
1850943664597651734,QCOM,False,,4,partial,True,-0.0004129143121858192,8.525527352214533e-05,6.0,0.0006252066477600942,0.0005032070433828898,7977.0,0.001201959464987756,-1.07302030315005,0.8273787138021812,False
1849888407725752802,QCOM,False,,4,partial,True,-0.0019854014598540415,0.0015193313689860486,10.0,0.0005817301471356084,0.0005830052677807245,9542.0,0.0010656943288935782,1.608220840644417,95.62984699224482,True
1849864484078354956,QCOM,False,,3,partial,True,-0.0008827728334699358,0.00011622501214558767,7.0,0.000618593666984751,0.0006196605199818069,7910.0,0.0011477260578386735,-0.8107159301578755,2.0101137800252844,False
1849210440993354015,QCOM,False,,5,complete,True,-0.0029041363024031597,0.0030791343217475976,0.0,0.0014818076249964866,0.0011271118396065408,13473.0,0.0028247990165708504,1.417185624905436,91.83552289764715,True
1849204814418468972,QCOM,False,,5,complete,True,-0.0029041363024031597,0.0030791343217475976,0.0,0.0014818076249964866,0.0011271118396065408,13473.0,0.0028247990165708504,1.417185624905436,91.83552289764715,True
1849096439940644909,QCOM,False,,5,complete,True,-0.0001316805631021989,0.0013007472826102738,2.0,0.0008889461894634423,0.0007120135135925324,12015.0,0.0016775972218307225,0.5783613446731505,82.8381190178943,False
1848909732331069866,QCOM,False,,5,complete,True,-0.012381406927634453,0.0027411004115000907,0.0,0.0014818076249964866,0.0011271118396065408,13473.0,0.0028247990165708504,1.11727402929527,89.25257923253915,False
1848866393338613839,QCOM,False,,5,complete,True,-0.012381406927634453,0.0027411004115000907,0.0,0.0014818076249964866,0.0011271118396065408,13473.0,0.0028247990165708504,1.11727402929527,89.25257923253915,False
1848809969422110771,QCOM,False,,5,complete,True,-0.0012927123483160718,0.0006631852124620366,12.0,0.000712516280793828,0.0005551563323906925,13034.0,0.0013486191299038916,-0.08885977778431348,59.030228632806505,False
1848799996260585558,QCOM,False,,5,complete,True,0.0012962779333115515,0.00028100860561683323,10.0,0.0005817301471356084,0.0005830052677807245,9542.0,0.0010656943288935782,-0.515812734700504,24.669880528191154,False
1848463245092467026,QCOM,False,,4,partial,True,0.0039678847222265334,0.0006643653508773635,0.0,0.0014818076249964866,0.0011271118396065408,13473.0,0.0028247990165708504,-0.725253914823999,18.97869813701477,False
1848457143927615530,QCOM,False,,4,partial,True,0.0039678847222265334,0.0006643653508773635,0.0,0.0014818076249964866,0.0011271118396065408,13473.0,0.0028247990165708504,-0.725253914823999,18.97869813701477,False
1848441369389633687,QCOM,False,,5,complete,True,0.0001214465302594725,0.0006037330630178379,11.0,0.0005944248177357017,0.0004917944789091306,11599.0,0.0011227888886908024,0.018927104067502247,65.12630399172342,False
1848204446683066580,QCOM,False,,5,complete,True,-0.008716182727017907,0.0014529420734469027,0.0,0.0014818076249964866,0.0011271118396065408,13473.0,0.0028247990165708504,-0.025610192826703376,63.65323239070734,False
1848185252239303044,QCOM,False,,5,complete,True,-0.008716182727017907,0.0014529420734469027,0.0,0.0014818076249964866,0.0011271118396065408,13473.0,0.0028247990165708504,-0.025610192826703376,63.65323239070734,False
1845135794580734347,QCOM,False,,5,complete,True,0.008221180577803189,0.0007896132295092599,0.0,0.0014818076249964866,0.0011271118396065408,13473.0,0.0028247990165708504,-0.6141310659365109,26.73495138424998,False
1843321386946724169,QCOM,False,,5,complete,True,0.000618101100727908,0.00018434687298168667,5.0,0.0006479031572102463,0.0004989804057091034,9074.0,0.0012288216516511577,-0.9290069889012929,6.656380868415253,False
1841611740699902131,QCOM,False,,4,partial,True,-0.004624501729361019,0.002352710322670363,0.0,0.0014818076249964866,0.0011271118396065408,13473.0,0.0028247990165708504,0.7726852536460771,85.03674014696058,False
1836084806117134699,QCOM,False,,4,partial,True,0.001128084263996576,0.001298133971278402,6.0,0.0006252066477600942,0.0005032070433828898,7977.0,0.001201959464987756,1.3372772348225619,91.5757803685596,True
1835819956727857551,QCOM,False,,5,complete,True,0.010238143476759332,0.0018526218850342733,0.0,0.0014818076249964866,0.0011271118396065408,13473.0,0.0028247990165708504,0.32899508904744795,76.15972686112966,False
1835803853062836666,QCOM,False,,5,complete,True,0.010238143476759332,0.0018526218850342733,0.0,0.0014818076249964866,0.0011271118396065408,13473.0,0.0028247990165708504,0.32899508904744795,76.15972686112966,False
1834003482476744904,QCOM,False,,5,complete,True,-0.011705224133409131,0.0027815488937445467,0.0,0.0014818076249964866,0.0011271118396065408,13473.0,0.0028247990165708504,1.1531608692902933,89.6385363319231,False
1833918398453219353,QCOM,True,"cpi(ALL, 2024-09-11 12:30:00+00:00->2024-09-11 20:00:00+00:00)",5,complete,False,0.0003296388536341288,0.0002031589170668356,7.0,0.000618593666984751,0.0006196605199818069,7910.0,0.0011477260578386735,-0.6704231373819208,10.101137800252845,False
1831633680315355438,QCOM,False,,5,complete,True,-0.014314799248338339,0.0014851476829966708,0.0,0.0014818076249964866,0.0011271118396065408,13473.0,0.0028247990165708504,0.002963377619518365,64.94470422326134,False
1831581873325146143,QCOM,False,,5,complete,True,-0.014314799248338339,0.0014851476829966708,0.0,0.0014818076249964866,0.0011271118396065408,13473.0,0.0028247990165708504,0.002963377619518365,64.94470422326134,False
1831262426106343438,QCOM,False,,5,complete,True,0.0105385505850627,0.0013499502683588236,0.0,0.0014818076249964866,0.0011271118396065408,13473.0,0.0028247990165708504,-0.11698693244469204,59.37059303792771,False
1830903867766145359,QCOM,False,,5,complete,True,-0.017237249778711328,0.0020985877473182475,0.0,0.0014818076249964866,0.0011271118396065408,13473.0,0.0028247990165708504,0.5472217579908223,81.0881021301863,False
1830610380424712509,QCOM,False,,5,complete,True,-0.017237249778711328,0.0020985877473182475,0.0,0.0014818076249964866,0.0011271118396065408,13473.0,0.0028247990165708504,0.5472217579908223,81.0881021301863,False
1830493776919368008,QCOM,False,,5,complete,True,-0.017237249778711328,0.0020985877473182475,0.0,0.0014818076249964866,0.0011271118396065408,13473.0,0.0028247990165708504,0.5472217579908223,81.0881021301863,False
1828801208938827794,QCOM,False,,5,complete,True,-0.002925636970408929,0.0008283535395137136,1.0,0.0010679330962987635,0.0008592874368406169,12796.0,0.0020260299531439556,-0.2788118928701244,49.17161613004063,False
1828460988112478638,QCOM,False,,5,complete,True,-0.0003333681334662941,0.00032952956543022376,4.0,0.0007037083740756284,0.0005599709146623897,10201.0,0.0013175508634914374,-0.6682111496290831,19.488285462209586,False
1828101623337656606,QCOM,False,,5,complete,True,1.8664989031025314e-05,0.0006084055726721597,5.0,0.0006479031572102463,0.0004989804057091034,9074.0,0.0012288216516511577,-0.07915658427900861,60.81110866211152,False
1826647244575240290,QCOM,False,,5,complete,True,-0.0010235532303889405,0.0019340585846687021,4.0,0.0007037083740756284,0.0005599709146623897,10201.0,0.0013175508634914374,2.1971680642285865,96.31408685422997,True
1824233907681890717,QCOM,False,,5,complete,True,-0.006145091537645864,0.0021008954073472256,0.0,0.0014818076249964866,0.0011271118396065408,13473.0,0.0028247990165708504,0.5492691679708147,81.11036888592,False
1824149760523243790,QCOM,False,,5,complete,True,-0.0010259287227463165,0.0004627520158283281,9.0,0.0005637521713313231,0.00044621437914990213,8743.0,0.0010503218755720791,-0.22634894844808398,51.51549811277594,False
1823796801176297492,QCOM,True,"cpi(ALL, 2024-08-14 12:30:00+00:00->2024-08-14 20:00:00+00:00)",5,complete,False,0.00042784211332447253,0.00042225995665661674,11.0,0.0005944248177357017,0.0004917944789091306,11599.0,0.0011227888886908024,-0.3500748147091258,44.22795068540392,False
1823465802227450310,QCOM,True,"cpi(ALL, 2024-08-14 12:30:00+00:00->2024-08-14 20:00:00+00:00)",5,complete,False,0.002629611321194547,0.0014929839392637304,0.0,0.0014818076249964866,0.0011271118396065408,13473.0,0.0028247990165708504,0.009915887558368074,65.3083945669116,False
1823434481363247279,QCOM,False,,5,complete,True,-0.0018071978211499085,0.0005006916656537598,11.0,0.0005944248177357017,0.0004917944789091306,11599.0,0.0011227888886908024,-0.1905941528458295,54.76334166738512,False
1823058215476899951,QCOM,False,,5,complete,True,-0.0005893325612408296,0.0008706913547486344,9.0,0.0005637521713313231,0.00044621437914990213,8743.0,0.0010503218755720791,0.687873806312722,84.37607228640054,False
1820579508682145835,QCOM,False,,5,complete,True,-0.00423651129728575,0.004383085926068722,0.0,0.0014818076249964866,0.0011271118396065408,13473.0,0.0028247990165708504,2.5740820024435473,96.83069843390484,True
1819149489342763078,QCOM,True,"jobs_report(ALL, 2024-08-02 12:30:00+00:00->2024-08-02 20:00:00+00:00)",5,complete,False,-0.01466198662513818,0.003357140627271987,0.0,0.0014818076249964866,0.0011271118396065408,13473.0,0.0028247990165708504,1.6638393248802652,93.34966228753804,True
1819070403123597550,QCOM,True,"earnings(QCOM, 2024-07-31 20:00:00+00:00->2024-08-01 20:00:00+00:00)",5,complete,False,0.0012080369164944038,0.00043505881116931975,9.0,0.0005637521713313231,0.00044621437914990213,8743.0,0.0010503218755720791,-0.28841150392145887,47.5122955507263,False
1818776067135643649,QCOM,True,"earnings(QCOM, 2024-07-31 20:00:00+00:00->2024-08-01 20:00:00+00:00)",1,insufficient,False,,,,,,,,,,False
1818687573868659132,QCOM,False,,5,complete,True,-0.00016778077993662155,0.0008619867305131291,6.0,0.0006252066477600942,0.0005032070433828898,7977.0,0.001201959464987756,0.47054206785589275,80.48138397893945,False
1818411073638482059,QCOM,False,,5,complete,True,0.030259976882645923,0.0028253395437650357,0.0,0.0014818076249964866,0.0011271118396065408,13473.0,0.0028247990165708504,1.1920129587473391,90.00222667557337,True
1816885049075335568,QCOM,False,,5,complete,True,0.0004140432638342073,0.0006560238037209403,7.0,0.000618593666984751,0.0006196605199818069,7910.0,0.0011477260578386735,0.06040426254247767,68.96333754740834,False
1816523129126314396,QCOM,False,,5,complete,True,-0.0033466933311518954,0.001044001844194313,7.0,0.000618593666984751,0.0006196605199818069,7910.0,0.0011477260578386735,0.68651812321697,87.76232616940581,False
1812979205832839255,QCOM,False,,5,complete,True,0.002760604602521699,0.0019364758072029753,0.0,0.0014818076249964866,0.0011271118396065408,13473.0,0.0028247990165708504,0.40339225108770665,77.83715579306761,False
1812942714905755768,QCOM,False,,5,complete,True,0.002760604602521699,0.0019364758072029753,0.0,0.0014818076249964866,0.0011271118396065408,13473.0,0.0028247990165708504,0.40339225108770665,77.83715579306761,False
1812912531117166937,QCOM,False,,3,partial,True,-0.0008555538563949083,0.00038713001294965466,9.0,0.0005637521713313231,0.00044621437914990213,8743.0,0.0010503218755720791,-0.39582354723341096,40.63822486560677,False
1812517278237536480,QCOM,False,,5,complete,True,0.008154435823868544,0.0011027626731831934,0.0,0.0014818076249964866,0.0011271118396065408,13473.0,0.0028247990165708504,-0.3362975513997018,46.0996066206487,False
1811883285670154734,QCOM,False,,5,complete,True,0.008154435823868544,0.0011027626731831934,0.0,0.0014818076249964866,0.0011271118396065408,13473.0,0.0028247990165708504,-0.3362975513997018,46.0996066206487,False
1811868188067484089,QCOM,False,,5,complete,True,0.008154435823868544,0.0011027626731831934,0.0,0.0014818076249964866,0.0011271118396065408,13473.0,0.0028247990165708504,-0.3362975513997018,46.0996066206487,False
1811837999665016915,QCOM,False,,5,complete,True,-0.00020041949124660619,0.0004626432604419507,11.0,0.0005944248177357017,0.0004917944789091306,11599.0,0.0011227888886908024,-0.26796062775259505,49.98706785067678,False
1811817809875243201,QCOM,False,,5,complete,True,0.0015701738426154854,0.00037274331335822807,8.0,0.0006098227467429089,0.0005979917292182644,8006.0,0.0011381810130260254,-0.39645938530723035,35.985510866849864,False
1808876670549401695,QCOM,True,"jobs_report(ALL, 2024-07-05 12:30:00+00:00->2024-07-05 20:00:00+00:00)",1,insufficient,False,,,,,,,,,,False
1808514534174560631,QCOM,False,,4,partial,True,0.0005918121808097254,0.0004998305367134447,2.0,0.0008889461894634423,0.0007120135135925324,12015.0,0.0016775972218307225,-0.5465003757957869,29.171868497711195,False
1808152901422141556,QCOM,False,,4,partial,True,0.001371163031291811,0.00025556640551979503,2.0,0.0008889461894634423,0.0007120135135925324,12015.0,0.0016775972218307225,-0.8895614645680936,5.784436121514773,False
1807791281374192093,QCOM,False,,5,complete,True,0.0012793497770826612,0.0006008256694386035,3.0,0.0007854842526263514,0.0006418401051542587,11254.0,0.0014741032630907745,-0.2877018461527382,48.21396836680291,False
1806826769837945235,QCOM,False,,5,complete,True,-0.00653524252999127,0.003771590460223838,0.0,0.0014818076249964866,0.0011271118396065408,13473.0,0.0028247990165708504,2.0315489153469306,95.19780301343428,True
2078234040646218181,SHOP,False,,0,insufficient,False,,,,,,,,,,False
2078200377309090285,SHOP,False,,5,complete,True,-0.0007542187894564734,0.0005121067208938968,12.0,0.0007531404192537044,0.0005247453531482001,13977.0,0.0013601480883835085,-0.45933460280063526,37.161050296916365,False
2078100488017334434,SHOP,False,,5,complete,True,-0.00012449307983042335,0.004501710284908693,0.0,0.001956404422052712,0.0012669592846193747,13214.0,0.0035413770555928386,2.008987892314671,95.36098077796277,True
2077862721563828422,SHOP,False,,5,complete,True,-0.00012449307983042335,0.004501710284908693,0.0,0.001956404422052712,0.0012669592846193747,13214.0,0.0035413770555928386,2.008987892314671,95.36098077796277,True
2077843264409944092,SHOP,False,,5,complete,True,-0.003672654910671258,0.001181409683092867,12.0,0.0007531404192537044,0.0005247453531482001,13977.0,0.0013601480883835085,0.816146843930621,85.05401731415898,False
2077427804631650737,SHOP,False,,5,complete,True,0.00226211616273575,0.00020423954213720695,5.0,0.0008181500233495069,0.0005492553232463302,8563.0,0.001464601369074058,-1.1177142127341262,3.8888240102767724,False
2077397393801150864,SHOP,False,,5,complete,True,0.011866237328741036,0.0017672427883334747,1.0,0.0013480429906689876,0.0008843186529225319,12633.0,0.0023517281288991587,0.4740370411492494,77.52711153328585,False
2077043524172755148,SHOP,False,,4,partial,True,0.0018312651220813159,0.0009311731867386119,2.0,0.0011084674189586563,0.0007197895446773839,11430.0,0.0019736405213455466,-0.24631398654103723,48.110236220472444,False
2076874033522495636,SHOP,False,,5,complete,True,-0.015073187963501211,0.00426174027723236,0.0,0.001956404422052712,0.0012669592846193747,13214.0,0.0035413770555928386,1.8195816417827722,94.40744664749509,True
2076112365402169373,SHOP,False,,1,insufficient,False,,,,,,,,,,False
2076097329610850724,SHOP,False,,1,insufficient,False,,,,,,,,,,False
2074493694137258222,SHOP,False,,5,complete,True,-0.0015524470684582514,0.0011397698534855467,1.0,0.0013480429906689876,0.0008843186529225319,12633.0,0.0023517281288991587,-0.23551819979724672,48.618697063247055,False
2073776496859082949,SHOP,False,,5,complete,True,-0.01907302051070714,0.0046144895969051575,0.0,0.001956404422052712,0.0012669592846193747,13214.0,0.0035413770555928386,2.0980036273628153,95.81504464961405,True
2072368961795039694,SHOP,False,,5,complete,True,0.00026537401000514826,0.0008147646550349477,7.0,0.0007725996208141653,0.0006857338724755586,7692.0,0.0013729571805540628,0.061488918534187274,66.30265210608425,False
2072311562220576905,SHOP,False,,5,complete,True,0.04507839054708196,0.009013685648338026,0.0,0.001956404422052712,0.0012669592846193747,13214.0,0.0035413770555928386,5.570251003295257,99.84864537611624,True
2072311376295379123,SHOP,False,,5,complete,True,0.04507839054708196,0.009013685648338026,0.0,0.001956404422052712,0.0012669592846193747,13214.0,0.0035413770555928386,5.570251003295257,99.84864537611624,True
2072013455394062434,SHOP,False,,3,partial,True,-0.0003688163500392694,0.0009595245944455932,8.0,0.0007313093538145486,0.0006001731303157612,8061.0,0.0013092336311229308,0.38024901333216427,78.06723731546954,False
2070576615852024289,SHOP,False,,4,partial,True,-0.0019651692985412916,0.0010536620963250936,10.0,0.0007073274803966571,0.0005678251241307677,9434.0,0.0012981700527886124,0.6099318279701148,84.12126351494594,False
2070196046106349977,SHOP,False,,3,partial,True,0.0017083682463949756,0.0012936060129451477,7.0,0.0007725996208141653,0.0006857338724755586,7692.0,0.0013729571805540628,0.7597792861684144,88.20852834113364,False
2069956584495591537,SHOP,False,,5,complete,True,-0.02264581555884282,0.005917347574321442,0.0,0.001956404422052712,0.0012669592846193747,13214.0,0.0035413770555928386,3.126338154946071,98.6151051914636,True
2068471946237358379,SHOP,False,,5,complete,True,-0.01584258662713789,0.006226661149544305,0.0,0.001956404422052712,0.0012669592846193747,13214.0,0.0035413770555928386,3.370476683293324,98.84213712728925,True
2068462305398899059,SHOP,False,,5,complete,True,-0.01584258662713789,0.006226661149544305,0.0,0.001956404422052712,0.0012669592846193747,13214.0,0.0035413770555928386,3.370476683293324,98.84213712728925,True
2068372053766369290,SHOP,False,,5,complete,True,-0.01584258662713789,0.006226661149544305,0.0,0.001956404422052712,0.0012669592846193747,13214.0,0.0035413770555928386,3.370476683293324,98.84213712728925,True
2067687737868640720,SHOP,False,,5,complete,True,-0.003052934134713303,0.0011287965928459566,11.0,0.0006620298463545799,0.00045257303986548847,11363.0,0.0012019704020551666,1.0313622451529743,88.10173369708704,False
2067584164564512814,SHOP,False,,4,partial,True,-0.018868378064635483,0.005179955933272653,0.0,0.001956404422052712,0.0012669592846193747,13214.0,0.0035413770555928386,2.5443213135206424,97.50264870591796,True
2067277805507985796,SHOP,False,,4,partial,True,0.0008548361872653398,0.000667776392407554,5.0,0.0008181500233495069,0.0005492553232463302,8563.0,0.001464601369074058,-0.27377728458448336,47.60014013780217,False
2067277793717805137,SHOP,False,,4,partial,True,0.0008548361872653398,0.000667776392407554,5.0,0.0008181500233495069,0.0005492553232463302,8563.0,0.001464601369074058,-0.27377728458448336,47.60014013780217,False
2067277722691465501,SHOP,False,,4,partial,True,0.0008548361872653398,0.000667776392407554,5.0,0.0008181500233495069,0.0005492553232463302,8563.0,0.001464601369074058,-0.27377728458448336,47.60014013780217,False
2067277638444753239,SHOP,False,,4,partial,True,0.0008548361872653398,0.000667776392407554,5.0,0.0008181500233495069,0.0005492553232463302,8563.0,0.001464601369074058,-0.27377728458448336,47.60014013780217,False
2067277565929394645,SHOP,False,,3,partial,True,-0.001836069073233082,0.0002653115923938465,5.0,0.0008181500233495069,0.0005492553232463302,8563.0,0.001464601369074058,-1.006523573933071,7.252131262408035,False
2067277489584701912,SHOP,False,,3,partial,True,-0.001836069073233082,0.0002653115923938465,5.0,0.0008181500233495069,0.0005492553232463302,8563.0,0.001464601369074058,-1.006523573933071,7.252131262408035,False
2067277372035150322,SHOP,False,,3,partial,True,-0.001836069073233082,0.0002653115923938465,5.0,0.0008181500233495069,0.0005492553232463302,8563.0,0.001464601369074058,-1.006523573933071,7.252131262408035,False
2067277302640361942,SHOP,False,,4,partial,True,-0.001904202942874078,0.0002733668376166455,5.0,0.0008181500233495069,0.0005492553232463302,8563.0,0.001464601369074058,-0.991857816712569,7.74261357001051,False
2067277220515922315,SHOP,False,,4,partial,True,-0.001904202942874078,0.0002733668376166455,5.0,0.0008181500233495069,0.0005492553232463302,8563.0,0.001464601369074058,-0.991857816712569,7.74261357001051,False
2067277141990056114,SHOP,False,,4,partial,True,-0.001904202942874078,0.0002733668376166455,5.0,0.0008181500233495069,0.0005492553232463302,8563.0,0.001464601369074058,-0.991857816712569,7.74261357001051,False
2067003017480581157,SHOP,False,,5,complete,True,-0.011250898244852148,0.0021733060219360227,0.0,0.001956404422052712,0.0012669592846193747,13214.0,0.0035413770555928386,0.1711985558781972,67.3225367034963,False
2066904645767930043,SHOP,False,,4,partial,True,-0.0024364945717180175,0.0002612391968844745,3.0,0.0009646729960833994,0.0006512077165471398,10476.0,0.0016937601331100593,-1.0801988080373195,4.371897670866743,False
2066904633910640931,SHOP,False,,4,partial,True,-0.0014703893656408118,0.00039946975012146837,3.0,0.0009646729960833994,0.0006512077165471398,10476.0,0.0016937601331100593,-0.8679308177715935,12.571592210767468,False
2066572580207636791,SHOP,False,,5,complete,True,-0.0004889364791149653,0.0001671996143412858,7.0,0.0007725996208141653,0.0006857338724755586,7692.0,0.0013729571805540628,-0.8828497916944559,3.1981279251170043,False
2066546446036333001,SHOP,False,,5,complete,True,0.0035989652014269957,0.00034839227309400113,4.0,0.0008667123280176605,0.0005639130599780623,9339.0,0.0015765339667023614,-0.919148875438039,11.949887568262128,False
2066493350039937093,SHOP,False,,4,partial,True,0.018367547509995585,0.006089994384462405,0.0,0.001956404422052712,0.0012669592846193747,13214.0,0.0035413770555928386,3.262606788229603,98.7437566217648,True
2066449672026145193,SHOP,False,,4,partial,True,0.018367547509995585,0.006089994384462405,0.0,0.001956404422052712,0.0012669592846193747,13214.0,0.0035413770555928386,3.262606788229603,98.7437566217648,True
2066257376991158384,SHOP,False,,4,partial,True,0.018367547509995585,0.006089994384462405,0.0,0.001956404422052712,0.0012669592846193747,13214.0,0.0035413770555928386,3.262606788229603,98.7437566217648,True
2066251482832208367,SHOP,False,,4,partial,True,0.018367547509995585,0.006089994384462405,0.0,0.001956404422052712,0.0012669592846193747,13214.0,0.0035413770555928386,3.262606788229603,98.7437566217648,True
2066197628975824924,SHOP,False,,4,partial,True,0.018367547509995585,0.006089994384462405,0.0,0.001956404422052712,0.0012669592846193747,13214.0,0.0035413770555928386,3.262606788229603,98.7437566217648,True
2066044269534622087,SHOP,False,,4,partial,True,0.018367547509995585,0.006089994384462405,0.0,0.001956404422052712,0.0012669592846193747,13214.0,0.0035413770555928386,3.262606788229603,98.7437566217648,True
2066037598208905245,SHOP,False,,4,partial,True,0.018367547509995585,0.006089994384462405,0.0,0.001956404422052712,0.0012669592846193747,13214.0,0.0035413770555928386,3.262606788229603,98.7437566217648,True
2065729598977941955,SHOP,False,,4,partial,True,0.018367547509995585,0.006089994384462405,0.0,0.001956404422052712,0.0012669592846193747,13214.0,0.0035413770555928386,3.262606788229603,98.7437566217648,True
2065713528162373705,SHOP,False,,4,partial,True,0.018367547509995585,0.006089994384462405,0.0,0.001956404422052712,0.0012669592846193747,13214.0,0.0035413770555928386,3.262606788229603,98.7437566217648,True
2065520628057174414,SHOP,False,,5,complete,True,0.0006363583235355907,0.0008093157523999938,12.0,0.0007531404192537044,0.0005247453531482001,13977.0,0.0013601480883835085,0.10705255951151646,65.73656721757173,False
2065384054652821981,SHOP,False,,1,insufficient,False,,,,,,,,,,False
2065351060143698307,SHOP,False,,1,insufficient,False,,,,,,,,,,False
2065342900427264484,SHOP,False,,1,insufficient,False,,,,,,,,,,False
2065111629742723104,SHOP,False,,3,partial,True,0.0010088672266765908,0.0007713180996180569,6.0,0.0007662519333638978,0.000543877040068622,7954.0,0.001384572287266489,0.009314911056954811,62.13226049786271,False
2064785896507875795,SHOP,True,"cpi(ALL, 2026-06-10 12:30:00+00:00->2026-06-10 20:00:00+00:00)",5,complete,False,0.002034785067873357,0.000944197834502889,11.0,0.0006620298463545799,0.00045257303986548847,11363.0,0.0012019704020551666,0.6234750267761723,81.50136407638828,False
2064784637340070013,SHOP,True,"cpi(ALL, 2026-06-10 12:30:00+00:00->2026-06-10 20:00:00+00:00)",5,complete,False,-0.003196647259270602,0.00079200407967701,11.0,0.0006620298463545799,0.00045257303986548847,11363.0,0.0012019704020551666,0.287189518317442,72.9120830766523,False
2064651007158579416,SHOP,True,"cpi(ALL, 2026-06-10 12:30:00+00:00->2026-06-10 20:00:00+00:00)",5,complete,False,-0.028167952282086572,0.006189765797913019,0.0,0.001956404422052712,0.0012669592846193747,13214.0,0.0035413770555928386,3.3413555015164613,98.78916300892993,True
2064436578177397150,SHOP,False,,3,partial,True,3.7073801618436875e-05,0.00011337134460287501,12.0,0.0007531404192537044,0.0005247453531482001,13977.0,0.0013601480883835085,-1.219199123560688,1.2806753952922658,False
2063340695297913005,SHOP,False,,1,insufficient,False,,,,,,,,,,False
2063319636758683668,SHOP,False,,1,insufficient,False,,,,,,,,,,False
2063209546068205938,SHOP,False,,1,insufficient,False,,,,,,,,,,False
2062935998648942960,SHOP,True,"jobs_report(ALL, 2026-06-05 12:30:00+00:00->2026-06-05 20:00:00+00:00)",5,complete,False,-0.0012697307355915566,0.00027866279161305825,6.0,0.0007662519333638978,0.000543877040068622,7954.0,0.001384572287266489,-0.8965062060522346,10.246416897158662,False
2062578615695364133,SHOP,False,,5,complete,True,0.0003041104028974617,0.000671757706449935,6.0,0.0007662519333638978,0.000543877040068622,7954.0,0.001384572287266489,-0.173741893759737,53.21850641186824,False
2062316429211295774,SHOP,False,,5,complete,True,0.015569042484365414,0.0031942336033829897,0.0,0.001956404422052712,0.0012669592846193747,13214.0,0.0035413770555928386,0.9770078615447786,86.64295444225822,False
2061957236167950646,SHOP,False,,5,complete,True,-0.026857936013943484,0.001855754234424534,0.0,0.001956404422052712,0.0012669592846193747,13214.0,0.0035413770555928386,-0.07944232214093257,56.916906311487814,False
2061916071326613512,SHOP,False,,5,complete,True,-0.026857936013943484,0.001855754234424534,0.0,0.001956404422052712,0.0012669592846193747,13214.0,0.0035413770555928386,-0.07944232214093257,56.916906311487814,False
2061581929049112803,SHOP,False,,5,complete,True,-0.031181694198343157,0.0030039332220200957,0.0,0.001956404422052712,0.0012669592846193747,13214.0,0.0035413770555928386,0.8268054172570248,84.40290600877857,False
2059805480403587181,SHOP,False,,1,insufficient,False,0.007436899853069168,,,,,,,,,False
2059362089072787900,SHOP,False,,5,complete,True,0.0019532131065103098,0.0005943715458790297,12.0,0.0007531404192537044,0.0005247453531482001,13977.0,0.0013601480883835085,-0.3025636576334478,46.52643628818774,False
2059026399030071806,SHOP,False,,5,complete,True,-0.005549176401761224,0.005628484740459289,0.0,0.001956404422052712,0.0012669592846193747,13214.0,0.0035413770555928386,2.898341219788889,98.20644770697746,True
2059004281638797476,SHOP,False,,5,complete,True,-0.005549176401761224,0.005628484740459289,0.0,0.001956404422052712,0.0012669592846193747,13214.0,0.0035413770555928386,2.898341219788889,98.20644770697746,True
2059002125682720919,SHOP,False,,5,complete,True,-0.005549176401761224,0.005628484740459289,0.0,0.001956404422052712,0.0012669592846193747,13214.0,0.0035413770555928386,2.898341219788889,98.20644770697746,True
2058641165830758433,SHOP,False,,5,complete,True,-0.005549176401761224,0.005628484740459289,0.0,0.001956404422052712,0.0012669592846193747,13214.0,0.0035413770555928386,2.898341219788889,98.20644770697746,True
2058599175982289095,SHOP,False,,5,complete,True,-0.005549176401761224,0.005628484740459289,0.0,0.001956404422052712,0.0012669592846193747,13214.0,0.0035413770555928386,2.898341219788889,98.20644770697746,True
2058308828848914713,SHOP,False,,5,complete,True,-0.005549176401761224,0.005628484740459289,0.0,0.001956404422052712,0.0012669592846193747,13214.0,0.0035413770555928386,2.898341219788889,98.20644770697746,True
2057978005000003819,SHOP,False,,5,complete,True,-0.005549176401761224,0.005628484740459289,0.0,0.001956404422052712,0.0012669592846193747,13214.0,0.0035413770555928386,2.898341219788889,98.20644770697746,True
2057813615005053062,SHOP,False,,5,complete,True,0.010509595025730345,0.005052384030437429,0.0,0.001956404422052712,0.0012669592846193747,13214.0,0.0035413770555928386,2.443629914527856,97.31345542606327,True
2057813294556106753,SHOP,False,,5,complete,True,0.010509595025730345,0.005052384030437429,0.0,0.001956404422052712,0.0012669592846193747,13214.0,0.0035413770555928386,2.443629914527856,97.31345542606327,True
2057809101669671312,SHOP,False,,5,complete,True,0.010509595025730345,0.005052384030437429,0.0,0.001956404422052712,0.0012669592846193747,13214.0,0.0035413770555928386,2.443629914527856,97.31345542606327,True
2057500244569473477,SHOP,False,,5,complete,True,0.0013632039501382254,0.0005239428792286808,6.0,0.0007662519333638978,0.000543877040068622,7954.0,0.001384572287266489,-0.44552175635993835,37.327131003268796,False
2057484512024580379,SHOP,False,,5,complete,True,-0.0020662843631851224,0.0003257898030077121,4.0,0.0008667123280176605,0.0005639130599780623,9339.0,0.0015765339667023614,-0.9592303555285484,10.53646000642467,False
2057474133324095668,SHOP,False,,5,complete,True,0.0009304646618224499,0.0010175483997444984,2.0,0.0011084674189586563,0.0007197895446773839,11430.0,0.0019736405213455466,-0.12631333684474205,54.14698162729658,False
2057470953471234071,SHOP,False,,5,complete,True,-0.00272743655557095,0.0005637240081623947,2.0,0.0011084674189586563,0.0007197895446773839,11430.0,0.0019736405213455466,-0.7568092851924105,19.95625546806649,False
2057196657536553338,SHOP,False,,4,partial,True,-0.021785238930201123,0.002260432285313758,0.0,0.001956404422052712,0.0012669592846193747,13214.0,0.0035413770555928386,0.2399665616345228,69.94097169668534,False
2057134907344777468,SHOP,False,,3,partial,True,-0.0034946085496898593,0.0011051667026737988,5.0,0.0008181500233495069,0.0005492553232463302,8563.0,0.001464601369074058,0.5225560266360323,79.04939857526567,False
2057108476560642402,SHOP,False,,5,complete,True,-0.0007028191932602068,0.0006676772351903643,2.0,0.0011084674189586563,0.0007197895446773839,11430.0,0.0019736405213455466,-0.6123875888831618,28.03149606299213,False
2057107846358049006,SHOP,False,,4,partial,True,-0.000283602292579066,0.0011947248574850583,2.0,0.0011084674189586563,0.0007197895446773839,11430.0,0.0019736405213455466,0.11983702620335136,65.41557305336832,False
2057094727380402683,SHOP,False,,5,complete,True,-0.0008492414014655836,0.004915511940120507,0.0,0.001956404422052712,0.0012669592846193747,13214.0,0.0035413770555928386,2.335597958032868,96.93506886635387,True
2056895988195807428,SHOP,False,,5,complete,True,-0.013317605309794756,0.00576189547555336,0.0,0.001956404422052712,0.0012669592846193747,13214.0,0.0035413770555928386,3.003641158558548,98.44861510519146,True
2056560793034830011,SHOP,False,,5,complete,True,0.009322084772348638,0.0017286930609580458,0.0,0.001956404422052712,0.0012669592846193747,13214.0,0.0035413770555928386,-0.1797306068624582,52.11139700317845,False
2056514143872548929,SHOP,False,,5,complete,True,0.009322084772348638,0.0017286930609580458,0.0,0.001956404422052712,0.0012669592846193747,13214.0,0.0035413770555928386,-0.1797306068624582,52.11139700317845,False
2056331541895143469,SHOP,False,,5,complete,True,-0.003940155637353171,0.008039695463379926,0.0,0.001956404422052712,0.0012669592846193747,13214.0,0.0035413770555928386,4.801488978515029,99.71999394581505,True
2056198717225464307,SHOP,False,,5,complete,True,-0.003940155637353171,0.008039695463379926,0.0,0.001956404422052712,0.0012669592846193747,13214.0,0.0035413770555928386,4.801488978515029,99.71999394581505,True
2056115497226096716,SHOP,False,,5,complete,True,-0.003940155637353171,0.008039695463379926,0.0,0.001956404422052712,0.0012669592846193747,13214.0,0.0035413770555928386,4.801488978515029,99.71999394581505,True
2055697492117708843,SHOP,False,,5,complete,True,-0.003940155637353171,0.008039695463379926,0.0,0.001956404422052712,0.0012669592846193747,13214.0,0.0035413770555928386,4.801488978515029,99.71999394581505,True
2055657385318895695,SHOP,False,,5,complete,True,-0.003940155637353171,0.008039695463379926,0.0,0.001956404422052712,0.0012669592846193747,13214.0,0.0035413770555928386,4.801488978515029,99.71999394581505,True
2055656117120778446,SHOP,False,,5,complete,True,-0.003940155637353171,0.008039695463379926,0.0,0.001956404422052712,0.0012669592846193747,13214.0,0.0035413770555928386,4.801488978515029,99.71999394581505,True
2055300379739373975,SHOP,False,,5,complete,True,0.00046410171253663535,0.0017072588874680397,2.0,0.0011084674189586563,0.0007197895446773839,11430.0,0.0019736405213455466,0.8318979803711474,84.93438320209974,False
2055285042193072457,SHOP,False,,5,complete,True,-0.006950511410131699,0.001756148962068028,0.0,0.001956404422052712,0.0012669592846193747,13214.0,0.0035413770555928386,-0.15805990169987624,53.1481761767822,False
2055097431847481660,SHOP,False,,5,complete,True,0.021557339035982226,0.0051381602835595935,0.0,0.001956404422052712,0.0012669592846193747,13214.0,0.0035413770555928386,2.5113323688714733,97.44210685636446,True
2055051110604247413,SHOP,False,,5,complete,True,0.021557339035982226,0.0051381602835595935,0.0,0.001956404422052712,0.0012669592846193747,13214.0,0.0035413770555928386,2.5113323688714733,97.44210685636446,True
2054291305790849334,SHOP,False,,5,complete,True,-0.02183498591043076,0.004623900191010212,0.0,0.001956404422052712,0.0012669592846193747,13214.0,0.0035413770555928386,2.105431327857454,95.8453155743908,True
2053962576610935274,SHOP,True,"cpi(ALL, 2026-05-12 12:30:00+00:00->2026-05-12 20:00:00+00:00)",5,complete,False,0.007924490641967985,0.004351570199014245,0.0,0.001956404422052712,0.0012669592846193747,13214.0,0.0035413770555928386,1.890483621721987,94.74799455123353,True
2053473802193883353,SHOP,False,,5,complete,True,-0.02631672969473231,0.0031359629814565384,0.0,0.001956404422052712,0.0012669592846193747,13214.0,0.0035413770555928386,0.931015363890083,86.01483275314061,False
2053121182044451016,SHOP,False,,5,complete,True,-0.02631672969473231,0.0031359629814565384,0.0,0.001956404422052712,0.0012669592846193747,13214.0,0.0035413770555928386,0.931015363890083,86.01483275314061,False
2052714349471338867,SHOP,True,"jobs_report(ALL, 2026-05-08 12:30:00+00:00->2026-05-08 20:00:00+00:00)",5,complete,False,-0.027107493180275832,0.0036672553036191436,0.0,0.001956404422052712,0.0012669592846193747,13214.0,0.0035413770555928386,1.3503597963532132,91.00953534130468,True
2052439738062123152,SHOP,False,,5,complete,True,-0.007778655343704033,0.0012687312816677412,7.0,0.0007725996208141653,0.0006857338724755586,7692.0,0.0013729571805540628,0.7235046725379012,87.597503900156,False
2052369354851832005,SHOP,False,,5,complete,True,0.021584927917212005,0.0036346343052351977,0.0,0.001956404422052712,0.0012669592846193747,13214.0,0.0035413770555928386,1.324612324607311,90.81277433025579,True
2052138354620203174,SHOP,False,,1,insufficient,False,,,,,,,,,,False
2052006315686310398,SHOP,False,,5,complete,True,0.00020566830901125321,0.006788309533628413,0.0,0.001956404422052712,0.0012669592846193747,13214.0,0.0035413770555928386,3.813780892751674,99.2432268805812,True
2050932144730460321,SHOP,False,,5,complete,True,-0.01064869820741765,0.005018290640715088,0.0,0.001956404422052712,0.0012669592846193747,13214.0,0.0035413770555928386,2.4167202970395696,97.22264265173301,True
2050355012899881227,SHOP,False,,5,complete,True,-0.01064869820741765,0.005018290640715088,0.0,0.001956404422052712,0.0012669592846193747,13214.0,0.0035413770555928386,2.4167202970395696,97.22264265173301,True
2049928302538723382,SHOP,False,,4,partial,True,0.0018685083148817228,0.00040577420832607066,11.0,0.0006620298463545799,0.00045257303986548847,11363.0,0.0012019704020551666,-0.5662194064955179,30.91613130335299,False
2049924686331429219,SHOP,False,,4,partial,True,-0.0005519618182789898,0.0009054083434106391,10.0,0.0007073274803966571,0.0005678251241307677,9434.0,0.0012981700527886124,0.348841315039038,77.19949120203519,False
2049817934604763199,SHOP,False,,4,partial,True,-0.002036692483532443,0.005347906719690567,0.0,0.001956404422052712,0.0012669592846193747,13214.0,0.0035413770555928386,2.676883415915567,97.77508702890873,True
2049685958602162410,SHOP,False,,4,partial,True,-0.002036692483532443,0.005347906719690567,0.0,0.001956404422052712,0.0012669592846193747,13214.0,0.0035413770555928386,2.676883415915567,97.77508702890873,True
2048729178661421061,SHOP,False,,4,partial,True,-0.010035846253399261,0.0075823124490535035,0.0,0.001956404422052712,0.0012669592846193747,13214.0,0.0035413770555928386,4.440480523169259,99.57620705312547,True
2048503798143017382,SHOP,False,,4,partial,True,-0.010035846253399261,0.0075823124490535035,0.0,0.001956404422052712,0.0012669592846193747,13214.0,0.0035413770555928386,4.440480523169259,99.57620705312547,True
2048198394091393284,SHOP,False,,4,partial,True,-0.010035846253399261,0.0075823124490535035,0.0,0.001956404422052712,0.0012669592846193747,13214.0,0.0035413770555928386,4.440480523169259,99.57620705312547,True
2048094614054142251,SHOP,False,,4,partial,True,-0.010035846253399261,0.0075823124490535035,0.0,0.001956404422052712,0.0012669592846193747,13214.0,0.0035413770555928386,4.440480523169259,99.57620705312547,True
2047490547808395363,SHOP,False,,4,partial,True,-0.012782302403027024,0.0013681387065879456,0.0,0.001956404422052712,0.0012669592846193747,13214.0,0.0035413770555928386,-0.4643130387899526,37.346753443317695,False
2047299355887988847,SHOP,False,,5,complete,True,-0.03725314229610055,0.005527596230300878,0.0,0.001956404422052712,0.0012669592846193747,13214.0,0.0035413770555928386,2.818710791737115,98.0475253518995,True
2047133338150842676,SHOP,False,,5,complete,True,-0.03725314229610055,0.005527596230300878,0.0,0.001956404422052712,0.0012669592846193747,13214.0,0.0035413770555928386,2.818710791737115,98.0475253518995,True
2046773191402496111,SHOP,False,,4,partial,True,-0.001441312164970121,0.003041960579039577,0.0,0.001956404422052712,0.0012669592846193747,13214.0,0.0035413770555928386,0.8568200810912344,84.87210534281823,False
2046047262732616170,SHOP,False,,5,complete,True,0.004335247177117751,0.005614898591759259,0.0,0.001956404422052712,0.0012669592846193747,13214.0,0.0035413770555928386,2.887617790184668,98.1761767822007,True
2044919594867978721,SHOP,False,,5,complete,True,0.029710115988385244,0.0032225346323874193,0.0,0.001956404422052712,0.0012669592846193747,13214.0,0.0035413770555928386,0.9993456188413218,87.00620553957923,False
2044550039058403765,SHOP,False,,4,partial,True,0.014783835490458141,0.0014655200906032871,0.0,0.001956404422052712,0.0012669592846193747,13214.0,0.0035413770555928386,-0.38745075505476745,41.67549568639322,False
2044548316084535628,SHOP,False,,4,partial,True,0.014783835490458141,0.0014655200906032871,0.0,0.001956404422052712,0.0012669592846193747,13214.0,0.0035413770555928386,-0.38745075505476745,41.67549568639322,False
2044459356557873387,SHOP,False,,3,partial,True,0.00010012048876473223,0.001013036399140077,6.0,0.0007662519333638978,0.000543877040068622,7954.0,0.001384572287266489,0.45375047592566503,76.85441287402564,False
2044446135906119717,SHOP,False,,4,partial,True,0.002920723573349271,0.00019086371759912063,5.0,0.0008181500233495069,0.0005492553232463302,8563.0,0.001464601369074058,-1.1420668661759346,3.094709797968002,False
2043352615941988855,SHOP,False,,5,complete,True,0.005107586870976788,0.00814258968855214,0.0,0.001956404422052712,0.0012669592846193747,13214.0,0.0035413770555928386,4.88270250007119,99.76540033298016,True
2043158266725675260,SHOP,False,,5,complete,True,0.005107586870976788,0.00814258968855214,0.0,0.001956404422052712,0.0012669592846193747,13214.0,0.0035413770555928386,4.88270250007119,99.76540033298016,True
2043133889774825738,SHOP,False,,5,complete,True,0.005107586870976788,0.00814258968855214,0.0,0.001956404422052712,0.0012669592846193747,13214.0,0.0035413770555928386,4.88270250007119,99.76540033298016,True
2043117930842304920,SHOP,False,,5,complete,True,0.005107586870976788,0.00814258968855214,0.0,0.001956404422052712,0.0012669592846193747,13214.0,0.0035413770555928386,4.88270250007119,99.76540033298016,True
2043107157063725255,SHOP,False,,5,complete,True,0.005107586870976788,0.00814258968855214,0.0,0.001956404422052712,0.0012669592846193747,13214.0,0.0035413770555928386,4.88270250007119,99.76540033298016,True
2043097760937680953,SHOP,False,,5,complete,True,0.005107586870976788,0.00814258968855214,0.0,0.001956404422052712,0.0012669592846193747,13214.0,0.0035413770555928386,4.88270250007119,99.76540033298016,True
2043067264505630979,SHOP,False,,5,complete,True,0.005107586870976788,0.00814258968855214,0.0,0.001956404422052712,0.0012669592846193747,13214.0,0.0035413770555928386,4.88270250007119,99.76540033298016,True
2042798214718308530,SHOP,False,,5,complete,True,0.005107586870976788,0.00814258968855214,0.0,0.001956404422052712,0.0012669592846193747,13214.0,0.0035413770555928386,4.88270250007119,99.76540033298016,True
2042412534217441570,SHOP,True,"cpi(ALL, 2026-04-10 12:30:00+00:00->2026-04-10 20:00:00+00:00)",5,complete,False,0.00492019677803901,0.0021187627397733664,0.0,0.001956404422052712,0.0012669592846193747,13214.0,0.0035413770555928386,0.12814801524536037,65.6122294536098,False
2042255953836298385,SHOP,False,,5,complete,True,-0.0017866670844134402,0.0014350975789226002,2.0,0.0011084674189586563,0.0007197895446773839,11430.0,0.0019736405213455466,0.45378564106587904,76.48293963254594,False
2042255729805897733,SHOP,False,,5,complete,True,-0.0017866670844134402,0.0014350975789226002,2.0,0.0011084674189586563,0.0007197895446773839,11430.0,0.0019736405213455466,0.45378564106587904,76.48293963254594,False
2042227945763160561,SHOP,False,,5,complete,True,-0.015401586511703869,0.007030414119080935,0.0,0.001956404422052712,0.0012669592846193747,13214.0,0.0035413770555928386,4.004871947051225,99.37944604207658,True
2041847569140035630,SHOP,False,,5,complete,True,0.04895579714117693,0.0014357053407438143,0.0,0.001956404422052712,0.0012669592846193747,13214.0,0.0035413770555928386,-0.41098327912355,40.3057363402452,False
2041719844920283326,SHOP,False,,5,complete,True,0.04895579714117693,0.0014357053407438143,0.0,0.001956404422052712,0.0012669592846193747,13214.0,0.0035413770555928386,-0.41098327912355,40.3057363402452,False
2041588565499359718,SHOP,False,,4,partial,True,0.000587752740215719,0.0002549708421566538,10.0,0.0007073274803966571,0.0005678251241307677,9434.0,0.0012981700527886124,-0.7966478040796017,12.020351918592326,False
2041456620467589157,SHOP,False,,5,complete,True,-0.01243616988251195,0.0044290255229574,0.0,0.001956404422052712,0.0012669592846193747,13214.0,0.0035413770555928386,1.9516184386679194,95.05070379900106,True
2041337455849132296,SHOP,False,,5,complete,True,-0.01243616988251195,0.0044290255229574,0.0,0.001956404422052712,0.0012669592846193747,13214.0,0.0035413770555928386,1.9516184386679194,95.05070379900106,True
2041324561958862895,SHOP,False,,5,complete,True,-0.01243616988251195,0.0044290255229574,0.0,0.001956404422052712,0.0012669592846193747,13214.0,0.0035413770555928386,1.9516184386679194,95.05070379900106,True
2040948112185827465,SHOP,False,,5,complete,True,0.007175651638778424,0.0012017238382132484,0.0,0.001956404422052712,0.0012669592846193747,13214.0,0.0035413770555928386,-0.5956628543640909,29.824428636294837,False
2040934209628336302,SHOP,False,,5,complete,True,0.007175651638778424,0.0012017238382132484,0.0,0.001956404422052712,0.0012669592846193747,13214.0,0.0035413770555928386,-0.5956628543640909,29.824428636294837,False
2040934208495821140,SHOP,False,,5,complete,True,0.007175651638778424,0.0012017238382132484,0.0,0.001956404422052712,0.0012669592846193747,13214.0,0.0035413770555928386,-0.5956628543640909,29.824428636294837,False
2040852493253443616,SHOP,False,,5,complete,True,0.007175651638778424,0.0012017238382132484,0.0,0.001956404422052712,0.0012669592846193747,13214.0,0.0035413770555928386,-0.5956628543640909,29.824428636294837,False
2040259593779958081,SHOP,False,,5,complete,True,0.007175651638778424,0.0012017238382132484,0.0,0.001956404422052712,0.0012669592846193747,13214.0,0.0035413770555928386,-0.5956628543640909,29.824428636294837,False
2039846200812208537,SHOP,False,,5,complete,True,0.007175651638778424,0.0012017238382132484,0.0,0.001956404422052712,0.0012669592846193747,13214.0,0.0035413770555928386,-0.5956628543640909,29.824428636294837,False
2039740336541475090,SHOP,False,,5,complete,True,-0.00022229145457264288,0.0015782973536397895,5.0,0.0008181500233495069,0.0005492553232463302,8563.0,0.001464601369074058,1.3839598782538727,91.96543267546421,True
2039518836873974027,SHOP,False,,5,complete,True,-0.030587529437874905,0.0019616072376067977,0.0,0.001956404422052712,0.0012669592846193747,13214.0,0.0035413770555928386,0.0041065372954339615,60.54184955350386,False
2039481815795376334,SHOP,False,,5,complete,True,-0.030587529437874905,0.0019616072376067977,0.0,0.001956404422052712,0.0012669592846193747,13214.0,0.0035413770555928386,0.0041065372954339615,60.54184955350386,False
2039474710249865385,SHOP,False,,5,complete,True,-0.030587529437874905,0.0019616072376067977,0.0,0.001956404422052712,0.0012669592846193747,13214.0,0.0035413770555928386,0.0041065372954339615,60.54184955350386,False
2039335171913076791,SHOP,False,,5,complete,True,-0.004508491590227037,0.005089503690533303,0.0,0.001956404422052712,0.0012669592846193747,13214.0,0.0035413770555928386,2.4729281410348163,97.37399727561677,True
2039170032668729631,SHOP,False,,5,complete,True,0.0016880259285068089,0.0017971810716535517,0.0,0.001956404422052712,0.0012669592846193747,13214.0,0.0035413770555928386,-0.12567361266624663,54.58604510367792,False
2038812115033534561,SHOP,False,,5,complete,True,-0.0057546928605707315,0.004098302804786938,0.0,0.001956404422052712,0.0012669592846193747,13214.0,0.0035413770555928386,1.690581859051378,93.7641894959891,True
2038450129825378779,SHOP,False,,5,complete,True,-0.002751634884730292,0.004262384568257314,0.0,0.001956404422052712,0.0012669592846193747,13214.0,0.0035413770555928386,1.820090175113539,94.40744664749509,True
2037975214437417159,SHOP,False,,5,complete,True,-0.002751634884730292,0.004262384568257314,0.0,0.001956404422052712,0.0012669592846193747,13214.0,0.0035413770555928386,1.820090175113539,94.40744664749509,True
2037974787176214855,SHOP,False,,5,complete,True,-0.002751634884730292,0.004262384568257314,0.0,0.001956404422052712,0.0012669592846193747,13214.0,0.0035413770555928386,1.820090175113539,94.40744664749509,True
2037642603835896236,SHOP,False,,5,complete,True,-0.002751634884730292,0.004262384568257314,0.0,0.001956404422052712,0.0012669592846193747,13214.0,0.0035413770555928386,1.820090175113539,94.40744664749509,True
2037236594164252944,SHOP,False,,5,complete,True,-0.0013918732718817273,0.0007419847223116318,10.0,0.0007073274803966571,0.0005678251241307677,9434.0,0.0012981700527886124,0.06103506245523806,67.19313122747509,False
2036936395650949614,SHOP,False,,5,complete,True,0.0009142944966264999,0.001238843405161228,0.0,0.001956404422052712,0.0012669592846193747,13214.0,0.0035413770555928386,-0.5663647013779584,31.602845466929015,False
2036935885267120476,SHOP,False,,5,complete,True,0.0009142944966264999,0.001238843405161228,0.0,0.001956404422052712,0.0012669592846193747,13214.0,0.0035413770555928386,-0.5663647013779584,31.602845466929015,False
2036748608129671263,SHOP,False,,5,complete,True,0.01969827807382951,0.004194514487352009,0.0,0.001956404422052712,0.0012669592846193747,13214.0,0.0035413770555928386,1.7665209075536157,94.18798244286363,True
2036507410399920520,SHOP,False,,5,complete,True,-0.0022048447376291636,0.0005369299913390843,9.0,0.0007277034799852111,0.0005731848708367451,8781.0,0.0013187627768687933,-0.3328306421759395,43.51440610408837,False
2035964924309217615,SHOP,False,,5,complete,True,0.02187091951549225,0.003812133332758622,0.0,0.001956404422052712,0.0012669592846193747,13214.0,0.0035413770555928386,1.4647107710832366,92.0009081277433,True
2035451316445512143,SHOP,False,,5,complete,True,0.02187091951549225,0.003812133332758622,0.0,0.001956404422052712,0.0012669592846193747,13214.0,0.0035413770555928386,1.4647107710832366,92.0009081277433,True
2034796296842743898,SHOP,False,,5,complete,True,-0.017972363764366395,0.0035292727707056325,0.0,0.001956404422052712,0.0012669592846193747,13214.0,0.0035413770555928386,1.2414513771257047,89.88951112456486,False
2034792767357063497,SHOP,False,,5,complete,True,-0.017972363764366395,0.0035292727707056325,0.0,0.001956404422052712,0.0012669592846193747,13214.0,0.0035413770555928386,1.2414513771257047,89.88951112456486,False
2034787423880691951,SHOP,False,,5,complete,True,-0.017972363764366395,0.0035292727707056325,0.0,0.001956404422052712,0.0012669592846193747,13214.0,0.0035413770555928386,1.2414513771257047,89.88951112456486,False
2034760343772094905,SHOP,False,,5,complete,True,-0.017972363764366395,0.0035292727707056325,0.0,0.001956404422052712,0.0012669592846193747,13214.0,0.0035413770555928386,1.2414513771257047,89.88951112456486,False
2034649088684069280,SHOP,False,,4,partial,True,-0.00024474978363286937,0.0009322426487515901,3.0,0.0009646729960833994,0.0006512077165471398,10476.0,0.0016937601331100593,-0.049800311801836195,58.54333715158457,False
2034486015725834283,SHOP,False,,5,complete,True,-0.008015762012212324,0.0025946495421648366,0.0,0.001956404422052712,0.0012669592846193747,13214.0,0.0035413770555928386,0.5037613503924626,77.72059936431059,False
2034079258121806180,SHOP,False,,5,complete,True,0.007393343945589104,0.003806542289127891,0.0,0.001956404422052712,0.0012669592846193747,13214.0,0.0035413770555928386,1.4602978087263516,91.95550174057817,True
2034072777347539078,SHOP,False,,5,complete,True,0.007393343945589104,0.003806542289127891,0.0,0.001956404422052712,0.0012669592846193747,13214.0,0.0035413770555928386,1.4602978087263516,91.95550174057817,True
2033380989276217383,SHOP,False,,5,complete,True,0.016990755071037755,0.001489152891710548,0.0,0.001956404422052712,0.0012669592846193747,13214.0,0.0035413770555928386,-0.3687975896419889,42.65173301044347,False
2032931369752330539,SHOP,False,,5,complete,True,0.016990755071037755,0.001489152891710548,0.0,0.001956404422052712,0.0012669592846193747,13214.0,0.0035413770555928386,-0.3687975896419889,42.65173301044347,False
2032493789965676876,SHOP,False,,3,partial,True,-3.109050497451804e-05,0.0007302825056747508,5.0,0.0008181500233495069,0.0005492553232463302,8563.0,0.001464601369074058,-0.1599757234129695,53.217330374868624,False
2032217673593921697,SHOP,False,,4,partial,True,-0.002994409277324861,0.0019846311778049233,0.0,0.001956404422052712,0.0012669592846193747,13214.0,0.0035413770555928386,0.022279134061274405,61.44997729680641,False
2032212536716578932,SHOP,False,,4,partial,True,-0.002994409277324861,0.0019846311778049233,0.0,0.001956404422052712,0.0012669592846193747,13214.0,0.0035413770555928386,0.022279134061274405,61.44997729680641,False
2032212535160496637,SHOP,False,,4,partial,True,-0.002994409277324861,0.0019846311778049233,0.0,0.001956404422052712,0.0012669592846193747,13214.0,0.0035413770555928386,0.022279134061274405,61.44997729680641,False
2032212531846971413,SHOP,False,,4,partial,True,-0.002994409277324861,0.0019846311778049233,0.0,0.001956404422052712,0.0012669592846193747,13214.0,0.0035413770555928386,0.022279134061274405,61.44997729680641,False
2031933672337674517,SHOP,False,,5,complete,True,0.009176010121853984,0.0025339918886195063,0.0,0.001956404422052712,0.0012669592846193747,13214.0,0.0035413770555928386,0.45588478933663257,76.59300741637657,False
2031889821988200552,SHOP,False,,5,complete,True,0.009176010121853984,0.0025339918886195063,0.0,0.001956404422052712,0.0012669592846193747,13214.0,0.0035413770555928386,0.45588478933663257,76.59300741637657,False
2031536615529570583,SHOP,True,"cpi(ALL, 2026-03-11 12:30:00+00:00->2026-03-11 20:00:00+00:00)",5,complete,False,0.03221415529977811,0.003034652307476726,0.0,0.001956404422052712,0.0012669592846193747,13214.0,0.0035413770555928386,0.8510517255871769,84.78886029968216,False
2031479029249806840,SHOP,True,"cpi(ALL, 2026-03-11 12:30:00+00:00->2026-03-11 20:00:00+00:00)",5,complete,False,0.03221415529977811,0.003034652307476726,0.0,0.001956404422052712,0.0012669592846193747,13214.0,0.0035413770555928386,0.8510517255871769,84.78886029968216,False
2031479027316179341,SHOP,True,"cpi(ALL, 2026-03-11 12:30:00+00:00->2026-03-11 20:00:00+00:00)",5,complete,False,0.03221415529977811,0.003034652307476726,0.0,0.001956404422052712,0.0012669592846193747,13214.0,0.0035413770555928386,0.8510517255871769,84.78886029968216,False
2031123236184825905,SHOP,False,,5,complete,True,-0.0005655053856374881,0.0025696010380785524,0.0,0.001956404422052712,0.0012669592846193747,13214.0,0.0035413770555928386,0.4839907828688114,77.27410322385349,False
2031058192650674194,SHOP,False,,3,partial,True,-0.0009672277195098555,0.0001528465719333738,7.0,0.0007725996208141653,0.0006857338724755586,7692.0,0.0013729571805540628,-0.9037807140012339,2.49609984399376,False
2030816002854838685,SHOP,False,,5,complete,True,0.014881580030808306,0.008157373470829989,0.0,0.001956404422052712,0.0012669592846193747,13214.0,0.0035413770555928386,4.894371211494928,99.78053579536855,True
2030771823151853938,SHOP,False,,5,complete,True,0.014881580030808306,0.008157373470829989,0.0,0.001956404422052712,0.0012669592846193747,13214.0,0.0035413770555928386,4.894371211494928,99.78053579536855,True
2030753154011128122,SHOP,False,,5,complete,True,0.014881580030808306,0.008157373470829989,0.0,0.001956404422052712,0.0012669592846193747,13214.0,0.0035413770555928386,4.894371211494928,99.78053579536855,True
2030461622574006467,SHOP,False,,5,complete,True,0.014881580030808306,0.008157373470829989,0.0,0.001956404422052712,0.0012669592846193747,13214.0,0.0035413770555928386,4.894371211494928,99.78053579536855,True
2030461620690821586,SHOP,False,,5,complete,True,0.014881580030808306,0.008157373470829989,0.0,0.001956404422052712,0.0012669592846193747,13214.0,0.0035413770555928386,4.894371211494928,99.78053579536855,True
2030449390188380186,SHOP,False,,5,complete,True,0.014881580030808306,0.008157373470829989,0.0,0.001956404422052712,0.0012669592846193747,13214.0,0.0035413770555928386,4.894371211494928,99.78053579536855,True
2028580097700057404,SHOP,False,,5,complete,True,-0.0231884577444611,0.0031562173589789787,0.0,0.001956404422052712,0.0012669592846193747,13214.0,0.0035413770555928386,0.9470019688017991,86.28727107613138,False
2028246696497451365,SHOP,False,,5,complete,True,-0.0072240693178741155,0.00641430623643629,0.0,0.001956404422052712,0.0012669592846193747,13214.0,0.0035413770555928386,3.5185833266321893,99.04646586953231,True
2027938039549349902,SHOP,False,,5,complete,True,-0.0072240693178741155,0.00641430623643629,0.0,0.001956404422052712,0.0012669592846193747,13214.0,0.0035413770555928386,3.5185833266321893,99.04646586953231,True
2027879000215806060,SHOP,False,,5,complete,True,-0.0072240693178741155,0.00641430623643629,0.0,0.001956404422052712,0.0012669592846193747,13214.0,0.0035413770555928386,3.5185833266321893,99.04646586953231,True
2027869518584852940,SHOP,False,,5,complete,True,-0.0072240693178741155,0.00641430623643629,0.0,0.001956404422052712,0.0012669592846193747,13214.0,0.0035413770555928386,3.5185833266321893,99.04646586953231,True
2027865126527721935,SHOP,False,,5,complete,True,-0.0072240693178741155,0.00641430623643629,0.0,0.001956404422052712,0.0012669592846193747,13214.0,0.0035413770555928386,3.5185833266321893,99.04646586953231,True
2027859447096246305,SHOP,False,,5,complete,True,-0.0072240693178741155,0.00641430623643629,0.0,0.001956404422052712,0.0012669592846193747,13214.0,0.0035413770555928386,3.5185833266321893,99.04646586953231,True
2027720729182032171,SHOP,False,,5,complete,True,-0.0072240693178741155,0.00641430623643629,0.0,0.001956404422052712,0.0012669592846193747,13214.0,0.0035413770555928386,3.5185833266321893,99.04646586953231,True
2027487301232689590,SHOP,False,,5,complete,True,0.00527951585245745,0.0010266409465266167,12.0,0.0007531404192537044,0.0005247453531482001,13977.0,0.0013601480883835085,0.5212061919787397,79.25162767403592,False
2026863715736281537,SHOP,False,,5,complete,True,0.020249429449792355,0.003955541099474568,0.0,0.001956404422052712,0.0012669592846193747,13214.0,0.0035413770555928386,1.5779012804049544,93.03768730134706,True
2026474911326159072,SHOP,False,,5,complete,True,0.02845915848212055,0.004144011543722652,0.0,0.001956404422052712,0.0012669592846193747,13214.0,0.0035413770555928386,1.726659371162942,93.93067958226123,True
2026148694404538383,SHOP,False,,5,complete,True,0.006539388823758485,0.0021755486389857187,0.0,0.001956404422052712,0.0012669592846193747,13214.0,0.0035413770555928386,0.17296863410953497,67.42848494021493,False
2026148524140695973,SHOP,False,,5,complete,True,0.006539388823758485,0.0021755486389857187,0.0,0.001956404422052712,0.0012669592846193747,13214.0,0.0035413770555928386,0.17296863410953497,67.42848494021493,False
2025716819445645472,SHOP,False,,5,complete,True,-0.02322732867297772,0.0024635107735661694,0.0,0.001956404422052712,0.0012669592846193747,13214.0,0.0035413770555928386,0.4002546551176698,75.14757075828666,False
2025716075946447194,SHOP,False,,5,complete,True,-0.02322732867297772,0.0024635107735661694,0.0,0.001956404422052712,0.0012669592846193747,13214.0,0.0035413770555928386,0.4002546551176698,75.14757075828666,False
2025587630063173999,SHOP,False,,5,complete,True,-0.02322732867297772,0.0024635107735661694,0.0,0.001956404422052712,0.0012669592846193747,13214.0,0.0035413770555928386,0.4002546551176698,75.14757075828666,False
2025297895700734259,SHOP,False,,5,complete,True,-0.02322732867297772,0.0024635107735661694,0.0,0.001956404422052712,0.0012669592846193747,13214.0,0.0035413770555928386,0.4002546551176698,75.14757075828666,False
2025213233867473129,SHOP,False,,5,complete,True,-0.02322732867297772,0.0024635107735661694,0.0,0.001956404422052712,0.0012669592846193747,13214.0,0.0035413770555928386,0.4002546551176698,75.14757075828666,False
2023534200117506427,SHOP,False,,5,complete,True,0.02367696832047428,0.008036895854295423,0.0,0.001956404422052712,0.0012669592846193747,13214.0,0.0035413770555928386,4.799279271290425,99.71999394581505,True
2023517423761322157,SHOP,False,,5,complete,True,0.02367696832047428,0.008036895854295423,0.0,0.001956404422052712,0.0012669592846193747,13214.0,0.0035413770555928386,4.799279271290425,99.71999394581505,True
2023466837623881848,SHOP,False,,5,complete,True,0.02367696832047428,0.008036895854295423,0.0,0.001956404422052712,0.0012669592846193747,13214.0,0.0035413770555928386,4.799279271290425,99.71999394581505,True
2023409268033302664,SHOP,False,,5,complete,True,0.02367696832047428,0.008036895854295423,0.0,0.001956404422052712,0.0012669592846193747,13214.0,0.0035413770555928386,4.799279271290425,99.71999394581505,True
2023185534412292246,SHOP,False,,5,complete,True,0.02367696832047428,0.008036895854295423,0.0,0.001956404422052712,0.0012669592846193747,13214.0,0.0035413770555928386,4.799279271290425,99.71999394581505,True
2022436595266109815,SHOP,False,,5,complete,True,0.02367696832047428,0.008036895854295423,0.0,0.001956404422052712,0.0012669592846193747,13214.0,0.0035413770555928386,4.799279271290425,99.71999394581505,True
2022128803582230859,SHOP,True,"cpi(ALL, 2026-02-13 13:30:00+00:00->2026-02-13 21:00:00+00:00)",5,complete,False,-0.005247192397281442,0.00948710213858887,0.0,0.001956404422052712,0.0012669592846193747,13214.0,0.0035413770555928386,5.94391454244606,99.90161949447555,True
2021597510968484177,SHOP,True,"earnings(SHOP, 2026-02-11 14:30:00+00:00->2026-02-11 21:00:00+00:00); jobs_report(ALL, 2026-02-11 13:30:00+00:00->2026-02-11 21:00:00+00:00)",5,complete,False,-0.013817416736125132,0.004153625359536752,0.0,0.001956404422052712,0.0012669592846193747,13214.0,0.0035413770555928386,1.7342474727939965,94.01392462539731,True
2021449943626711124,SHOP,True,"jobs_report(ALL, 2026-02-11 13:30:00+00:00->2026-02-11 21:00:00+00:00)",2,partial,False,,0.0,,,,,,,,False
2021111214739193886,SHOP,False,,5,complete,True,0.046619512586075995,0.004567195628164511,0.0,0.001956404422052712,0.0012669592846193747,13214.0,0.0035413770555928386,2.0606749070836514,95.63341910095353,True
2021064443229241718,SHOP,False,,5,complete,True,0.046619512586075995,0.004567195628164511,0.0,0.001956404422052712,0.0012669592846193747,13214.0,0.0035413770555928386,2.0606749070836514,95.63341910095353,True
2020722667721052490,SHOP,False,,5,complete,True,0.002246914961926638,0.00682645937217122,0.0,0.001956404422052712,0.0012669592846193747,13214.0,0.0035413770555928386,3.8438922301923784,99.27349780535796,True
2019562419132199202,SHOP,False,,5,complete,True,0.023948015899257102,0.002483225972341022,0.0,0.001956404422052712,0.0012669592846193747,13214.0,0.0035413770555928386,0.415815690909578,75.57136370516119,False
2019249827159372168,SHOP,False,,5,complete,True,-0.008618393725786988,0.0033158436119803286,0.0,0.001956404422052712,0.0012669592846193747,13214.0,0.0035413770555928386,1.072993589005526,88.04298471318299,False
2018881718715896301,SHOP,False,,5,complete,True,-0.046767809080522915,0.0062150003865431925,0.0,0.001956404422052712,0.0012669592846193747,13214.0,0.0035413770555928386,3.361272943960363,98.81186620251249,True
2018881321313997151,SHOP,False,,5,complete,True,-0.046767809080522915,0.0062150003865431925,0.0,0.001956404422052712,0.0012669592846193747,13214.0,0.0035413770555928386,3.361272943960363,98.81186620251249,True
2018511810484424911,SHOP,False,,5,complete,True,-0.02471163921336239,0.002047395484035173,0.0,0.001956404422052712,0.0012669592846193747,13214.0,0.0035413770555928386,0.0718184578518615,63.493264719237175,False
2018506396321419760,SHOP,False,,5,complete,True,-0.02471163921336239,0.002047395484035173,0.0,0.001956404422052712,0.0012669592846193747,13214.0,0.0035413770555928386,0.0718184578518615,63.493264719237175,False
2018149325654704487,SHOP,False,,5,complete,True,0.020307565473002942,0.0025982151585083385,0.0,0.001956404422052712,0.0012669592846193747,13214.0,0.0035413770555928386,0.5065756605181215,77.83411533222339,False
2017795986966335853,SHOP,False,,5,complete,True,0.020307565473002942,0.0025982151585083385,0.0,0.001956404422052712,0.0012669592846193747,13214.0,0.0035413770555928386,0.5065756605181215,77.83411533222339,False
2017751113328447896,SHOP,False,,5,complete,True,0.020307565473002942,0.0025982151585083385,0.0,0.001956404422052712,0.0012669592846193747,13214.0,0.0035413770555928386,0.5065756605181215,77.83411533222339,False
2017750533361070425,SHOP,False,,5,complete,True,0.020307565473002942,0.0025982151585083385,0.0,0.001956404422052712,0.0012669592846193747,13214.0,0.0035413770555928386,0.5065756605181215,77.83411533222339,False
2017630013734912382,SHOP,False,,5,complete,True,0.020307565473002942,0.0025982151585083385,0.0,0.001956404422052712,0.0012669592846193747,13214.0,0.0035413770555928386,0.5065756605181215,77.83411533222339,False
2017616594860409319,SHOP,False,,5,complete,True,0.020307565473002942,0.0025982151585083385,0.0,0.001956404422052712,0.0012669592846193747,13214.0,0.0035413770555928386,0.5065756605181215,77.83411533222339,False
2017284898285916640,SHOP,False,,4,partial,True,-0.0011833117398667437,0.0006670218227149104,5.0,0.0008181500233495069,0.0005492553232463302,8563.0,0.001464601369074058,-0.2751510895540625,47.530071236716104,False
2016893290398831071,SHOP,False,,5,complete,True,0.003702825038220947,0.0014320853724970955,1.0,0.0013480429906689876,0.0008843186529225319,12633.0,0.0023517281288991587,0.0950363102150579,64.62439642206918,False
2016777076045730041,SHOP,False,,5,complete,True,0.029864043416757413,0.004108960840289604,0.0,0.001956404422052712,0.0012669592846193747,13214.0,0.0035413770555928386,1.6989941542466944,93.80959588315423,True
2016777002758656232,SHOP,False,,5,complete,True,0.029864043416757413,0.004108960840289604,0.0,0.001956404422052712,0.0012669592846193747,13214.0,0.0035413770555928386,1.6989941542466944,93.80959588315423,True
2016752446446411843,SHOP,False,,5,complete,True,0.029864043416757413,0.004108960840289604,0.0,0.001956404422052712,0.0012669592846193747,13214.0,0.0035413770555928386,1.6989941542466944,93.80959588315423,True
2016581330382000331,SHOP,False,,5,complete,True,0.0006223621322430928,0.00026528360310422113,8.0,0.0007313093538145486,0.0006001731303157612,8061.0,0.0013092336311229308,-0.7764855292091192,11.747922094033,False
2016200173286764613,SHOP,False,,3,partial,True,0.0005123550802395016,0.00025753554640539633,5.0,0.0008181500233495069,0.0005492553232463302,8563.0,0.001464601369074058,-1.0206810079338748,6.691580053719491,False
2016130736990941190,SHOP,False,,5,complete,True,-0.007243211566873242,0.004215428549544617,0.0,0.001956404422052712,0.0012669592846193747,13214.0,0.0035413770555928386,1.78302819586706,94.2636597548055,True
2016126697100214712,SHOP,False,,5,complete,True,-0.007243211566873242,0.004215428549544617,0.0,0.001956404422052712,0.0012669592846193747,13214.0,0.0035413770555928386,1.78302819586706,94.2636597548055,True
2015182208932130939,SHOP,False,,5,complete,True,-0.00200156727706724,0.0013629782825237424,0.0,0.001956404422052712,0.0012669592846193747,13214.0,0.0035413770555928386,-0.4683861168492475,37.081882851521115,False
2015118038408774050,SHOP,False,,5,complete,True,-0.00200156727706724,0.0013629782825237424,0.0,0.001956404422052712,0.0012669592846193747,13214.0,0.0035413770555928386,-0.4683861168492475,37.081882851521115,False
2014419936060305785,SHOP,False,,5,complete,True,5.875024460955114e-05,0.00032783347442233554,9.0,0.0007277034799852111,0.0005731848708367451,8781.0,0.0013187627768687933,-0.6976283323374158,18.4375355882018,False
2014115897036714205,SHOP,False,,5,complete,True,0.015652831425033487,0.004348977149665499,0.0,0.001956404422052712,0.0012669592846193747,13214.0,0.0035413770555928386,1.888436950309397,94.74799455123353,True
2013449759365755101,SHOP,False,,5,complete,True,-0.01816114176395711,0.003875063786312278,0.0,0.001956404422052712,0.0012669592846193747,13214.0,0.0035413770555928386,1.5143812335184692,92.45497199939459,True
2013217570912919575,SHOP,False,,5,complete,True,-0.01816114176395711,0.003875063786312278,0.0,0.001956404422052712,0.0012669592846193747,13214.0,0.0035413770555928386,1.5143812335184692,92.45497199939459,True
2013013617113751908,SHOP,False,,5,complete,True,-0.01816114176395711,0.003875063786312278,0.0,0.001956404422052712,0.0012669592846193747,13214.0,0.0035413770555928386,1.5143812335184692,92.45497199939459,True
2012909122589491534,SHOP,False,,5,complete,True,-0.01816114176395711,0.003875063786312278,0.0,0.001956404422052712,0.0012669592846193747,13214.0,0.0035413770555928386,1.5143812335184692,92.45497199939459,True
2012356776931348520,SHOP,False,,5,complete,True,-0.01816114176395711,0.003875063786312278,0.0,0.001956404422052712,0.0012669592846193747,13214.0,0.0035413770555928386,1.5143812335184692,92.45497199939459,True
2012278162500239584,SHOP,False,,5,complete,True,-0.01816114176395711,0.003875063786312278,0.0,0.001956404422052712,0.0012669592846193747,13214.0,0.0035413770555928386,1.5143812335184692,92.45497199939459,True
2012163185722200142,SHOP,False,,3,partial,True,-0.0014082093451504019,0.0009200538396587632,,,,,,,,False
2012163184107348179,SHOP,False,,3,partial,True,-0.0014082093451504019,0.0009200538396587632,,,,,,,,False
2011611021329514838,SHOP,False,,5,complete,True,0.004022634949380377,0.002250302177577084,0.0,0.001956404422052712,0.0012669592846193747,13214.0,0.0035413770555928386,0.23197095525659786,69.63826244891781,False
2011164667083964719,SHOP,True,"cpi(ALL, 2026-01-13 13:30:00+00:00->2026-01-13 21:00:00+00:00)",5,complete,False,0.0018642295941092568,0.0002926966715259303,11.0,0.0006620298463545799,0.00045257303986548847,11363.0,0.0012019704020551666,-0.8160741853699924,15.805685118366627,False
2011056240076493155,SHOP,True,"cpi(ALL, 2026-01-13 13:30:00+00:00->2026-01-13 21:00:00+00:00)",4,partial,False,0.007457374858981902,0.0022972308681579743,0.0,0.001956404422052712,0.0012669592846193747,13214.0,0.0035413770555928386,0.2690113646451195,70.84153170879371,False
2010879581650145708,SHOP,True,"cpi(ALL, 2026-01-13 13:30:00+00:00->2026-01-13 21:00:00+00:00)",4,partial,False,0.007457374858981902,0.0022972308681579743,0.0,0.001956404422052712,0.0012669592846193747,13214.0,0.0035413770555928386,0.2690113646451195,70.84153170879371,False
2010879270428819751,SHOP,True,"cpi(ALL, 2026-01-13 13:30:00+00:00->2026-01-13 21:00:00+00:00)",4,partial,False,0.007457374858981902,0.0022972308681579743,0.0,0.001956404422052712,0.0012669592846193747,13214.0,0.0035413770555928386,0.2690113646451195,70.84153170879371,False
2010816894106767492,SHOP,False,,5,complete,True,-0.0016398112322123515,0.0006568362695659746,12.0,0.0007531404192537044,0.0005247453531482001,13977.0,0.0013601480883835085,-0.18352549309861393,52.65793804106747,False
2010813254663102569,SHOP,False,,5,complete,True,0.0014663142244885075,0.0005438573149519183,12.0,0.0007531404192537044,0.0005247453531482001,13977.0,0.0013601480883835085,-0.3988279325318384,40.466480646776844,False
2010722385692086572,SHOP,False,,4,partial,True,-0.0017410331580233196,0.002642792609384678,0.0,0.001956404422052712,0.0012669592846193747,13214.0,0.0035413770555928386,0.5417602567537706,78.78008173149689,False
2010533947097407510,SHOP,False,,5,complete,True,-0.0037516096128275,0.003809642217982089,0.0,0.001956404422052712,0.0012669592846193747,13214.0,0.0035413770555928386,1.4627445557464263,91.97063720296656,True
2010454606866977064,SHOP,False,,5,complete,True,-0.0037516096128275,0.003809642217982089,0.0,0.001956404422052712,0.0012669592846193747,13214.0,0.0035413770555928386,1.4627445557464263,91.97063720296656,True
2010443433408913729,SHOP,False,,5,complete,True,-0.0037516096128275,0.003809642217982089,0.0,0.001956404422052712,0.0012669592846193747,13214.0,0.0035413770555928386,1.4627445557464263,91.97063720296656,True
2010438500609663110,SHOP,False,,5,complete,True,-0.0037516096128275,0.003809642217982089,0.0,0.001956404422052712,0.0012669592846193747,13214.0,0.0035413770555928386,1.4627445557464263,91.97063720296656,True
2010372720035504396,SHOP,False,,5,complete,True,-0.0037516096128275,0.003809642217982089,0.0,0.001956404422052712,0.0012669592846193747,13214.0,0.0035413770555928386,1.4627445557464263,91.97063720296656,True
2010372707666502108,SHOP,False,,5,complete,True,-0.0037516096128275,0.003809642217982089,0.0,0.001956404422052712,0.0012669592846193747,13214.0,0.0035413770555928386,1.4627445557464263,91.97063720296656,True
2010372642843599064,SHOP,False,,5,complete,True,-0.0037516096128275,0.003809642217982089,0.0,0.001956404422052712,0.0012669592846193747,13214.0,0.0035413770555928386,1.4627445557464263,91.97063720296656,True
2010352444967116956,SHOP,False,,5,complete,True,-0.0037516096128275,0.003809642217982089,0.0,0.001956404422052712,0.0012669592846193747,13214.0,0.0035413770555928386,1.4627445557464263,91.97063720296656,True
2010197268734095498,SHOP,False,,5,complete,True,-0.0037516096128275,0.003809642217982089,0.0,0.001956404422052712,0.0012669592846193747,13214.0,0.0035413770555928386,1.4627445557464263,91.97063720296656,True
2009788652218695727,SHOP,False,,5,complete,True,-0.0037516096128275,0.003809642217982089,0.0,0.001956404422052712,0.0012669592846193747,13214.0,0.0035413770555928386,1.4627445557464263,91.97063720296656,True
2009311882553765914,SHOP,False,,5,complete,True,0.0020686112754182417,0.0009639446182771153,5.0,0.0008181500233495069,0.0005492553232463302,8563.0,0.001464601369074058,0.26544047687312505,71.89069251430573,False
2009283382358798785,SHOP,False,,5,complete,True,0.004462811295142255,0.00027383220562073653,1.0,0.0013480429906689876,0.0008843186529225319,12633.0,0.0023517281288991587,-1.2147327001394306,1.654397213646798,False
2009089394318487675,SHOP,False,,5,complete,True,0.00041725999435671124,0.0010330479145901324,0.0,0.001956404422052712,0.0012669592846193747,13214.0,0.0035413770555928386,-0.7287973012802682,22.105342818223097,False
2008701814028333342,SHOP,False,,5,complete,True,-0.010840191693803347,0.0035865671638692295,0.0,0.001956404422052712,0.0012669592846193747,13214.0,0.0035413770555928386,1.2866733458654578,90.46465869532314,True
2008545543061131483,SHOP,False,,5,complete,True,-0.01559189298083763,0.0025466739264962293,0.0,0.001956404422052712,0.0012669592846193747,13214.0,0.0035413770555928386,0.46589461209153904,76.8276070833964,False
2006439720038052227,SHOP,False,,4,partial,True,0.0009513441714694704,0.00015277015316241538,8.0,0.0007313093538145486,0.0006001731303157612,8061.0,0.0013092336311229308,-0.9639538516956833,2.766406153082744,False
2006435495757361476,SHOP,False,,3,partial,True,0.0002162225155188935,0.00046244439164766504,8.0,0.0007313093538145486,0.0006001731303157612,8061.0,0.0013092336311229308,-0.44797900570028715,34.42500930405657,False
2005106175361372554,SHOP,False,,5,complete,True,-0.002939816161370512,0.0015289688758657613,0.0,0.001956404422052712,0.0012669592846193747,13214.0,0.0035413770555928386,-0.3373711778870326,44.18798244286363,False
2005106172316319758,SHOP,False,,5,complete,True,-0.002939816161370512,0.0015289688758657613,0.0,0.001956404422052712,0.0012669592846193747,13214.0,0.0035413770555928386,-0.3373711778870326,44.18798244286363,False
2004689887451308440,SHOP,False,,5,complete,True,-0.002939816161370512,0.0015289688758657613,0.0,0.001956404422052712,0.0012669592846193747,13214.0,0.0035413770555928386,-0.3373711778870326,44.18798244286363,False
2004590911209312586,SHOP,False,,3,partial,True,0.0003401236589262169,2.942084913160059e-05,4.0,0.0008667123280176605,0.0005639130599780623,9339.0,0.0015765339667023614,-1.4847882383121838,0.021415569118749332,False
2004201578459512842,SHOP,False,,3,partial,True,-0.0030478314285928843,0.0023641309312281145,0.0,0.001956404422052712,0.0012669592846193747,13214.0,0.0035413770555928386,0.3218150055215811,72.71076131375813,False
2003950726897348942,SHOP,False,,3,partial,True,-0.0030478314285928843,0.0023641309312281145,0.0,0.001956404422052712,0.0012669592846193747,13214.0,0.0035413770555928386,0.3218150055215811,72.71076131375813,False
2003852823013011795,SHOP,False,,2,partial,True,-0.0006320724826283097,0.0,2.0,0.0011084674189586563,0.0007197895446773839,11430.0,0.0019736405213455466,-1.539988218994597,0.0,False
2003852375896084650,SHOP,False,,2,partial,True,-0.0009642992058173094,0.0,2.0,0.0011084674189586563,0.0007197895446773839,11430.0,0.0019736405213455466,-1.539988218994597,0.0,False
2003586628145807568,SHOP,False,,5,complete,True,0.00021943835397641998,0.000701568921185777,0.0,0.001956404422052712,0.0012669592846193747,13214.0,0.0035413770555928386,-0.9904308023946625,9.323444831239595,False
2003230394288848992,SHOP,False,,4,partial,True,-0.0020089980080405523,0.0016720680245736969,0.0,0.001956404422052712,0.0012669592846193747,13214.0,0.0035413770555928386,-0.22442425808848038,50.01513546238837,False
2002463266698854809,SHOP,False,,5,complete,True,0.0020782315228320414,0.0049596817863949445,0.0,0.001956404422052712,0.0012669592846193747,13214.0,0.0035413770555928386,2.370460835483352,97.09399122143182,True
2002386197037924766,SHOP,False,,5,complete,True,0.0020782315228320414,0.0049596817863949445,0.0,0.001956404422052712,0.0012669592846193747,13214.0,0.0035413770555928386,2.370460835483352,97.09399122143182,True
2001471963722826117,SHOP,True,"cpi(ALL, 2025-12-18 13:30:00+00:00->2025-12-18 21:00:00+00:00)",5,complete,False,0.037244337784292814,0.006291546392043679,0.0,0.001956404422052712,0.0012669592846193747,13214.0,0.0035413770555928386,3.421690043728081,98.94051763281368,True
2001419398167359612,SHOP,True,"cpi(ALL, 2025-12-18 13:30:00+00:00->2025-12-18 21:00:00+00:00)",5,complete,False,0.037244337784292814,0.006291546392043679,0.0,0.001956404422052712,0.0012669592846193747,13214.0,0.0035413770555928386,3.421690043728081,98.94051763281368,True
2001271539170230505,SHOP,False,,5,complete,True,0.02960588714356205,0.0043931169542718316,0.0,0.001956404422052712,0.0012669592846193747,13214.0,0.0035413770555928386,1.923276116131204,94.92962009989405,True
